D,0.0,0.0,0.0,-0.21511437874375364,-0.15003961994952772,-0.13322801786882627,-0.3503339395444256,-0.3615667472122625,-0.2401416973484516,-0.3092230858610781,-0.45549886394087186,-0.3517145718051181,-0.1899352960136205,-0.5187212790532232,-0.4605081667508882,-0.25537153031305315,-1.0443662546944006,-0.17279442871106804,-0.2461436456617161,-1.5322012417426507,-0.3335578492670172,-0.22901350482710991,-1.833035629292831,-0.441149881952613,-0.20766287553044335,-2.104049706498471,-0.5170441581461548,-0.041203841947368064,-0.9780322252543187,-0.20434091556235617,-0.04659650641363138,-1.1805259574038438,-0.46476849173450663,-0.10821170887813428,-0.8802736196330319,-0.5510088855677525,-0.16222239223008178,-0.6442364449200302,-0.552344882445541,0.1458350660960906,-0.8523476723150234,-0.2489456231833709,0.13400154551138846,-0.8752917624740143,-0.4817405961767398,0.017543567529570887,-0.5347589169267427,-0.4750641588753334,-0.08182617982114271,-0.32029938511271133,-0.4102618436891607,0.2975028537952179,-0.6809567682218994,-0.30537149115328927,0.26133674927820366,-0.5968119937049199,-0.4511436646588378,0.13841936118160514,-0.343399547123286,-0.42955063285701905,0.04403649148303692,-0.19710172253019168,-0.37405344697460186
D,0.0,0.0,0.0,-0.20320595317881682,-0.14440355434635882,-0.1410230451221905,-0.3359218852091267,-0.32133594622718203,-0.2568699214533533,-0.3333775664319502,-0.44158138862538865,-0.37535492490759004,-0.251698190867657,-0.549103266834065,-0.49069083582609324,-0.2743424528464257,-1.043024896172423,-0.1772326835240067,-0.2763088158869178,-1.5321847394393335,-0.32525751914835704,-0.2674229653580229,-1.8377477481980926,-0.42496098619465594,-0.254906939819393,-2.10802831061329,-0.4948720938199831,-0.06345713173904263,-0.977222227402003,-0.202509038570928,-0.07632233886858604,-1.2105878374401333,-0.4352673982882773,-0.1413631568951949,-0.9419354026058909,-0.5093305651020472,-0.20006638377738092,-0.7181925366609281,-0.5098058461264191,0.12393494544000278,-0.8392961557590599,-0.24064359522331166,0.11192703931987454,-0.9489096207511767,-0.45502021229858913,0.005594348823951809,-0.624244080281861,-0.43424456440711956,-0.08523314657701957,-0.40307596335930157,-0.3650989197489579,0.27925004138780973,-0.6460881800570004,-0.29040810176205384,0.2430225060611928,-0.6730850617163596,-0.4252388811049793,0.13462865902705662,-0.44566604700988,-0.3891419604910136,0.049562769337471474,-0.2942812689941544,-0.32550019488097626
D,0.0,0.0,0.0,-0.207866915300114,-0.1542477901568066,-0.1285760986770117,-0.33914241455846583,-0.32601231961539745,-0.2378943520566947,-0.3562914427496566,-0.4578683460805695,-0.3538040355219029,-0.29940723601455116,-0.5957593543590454,-0.4667141638700123,-0.29015390439140415,-1.037809540742971,-0.1599510875830644,-0.3040165693811742,-1.5268291171562538,-0.3088062385304098,-0.29788439423732566,-1.8381531769673445,-0.41013478328304587,-0.2871345486014348,-2.110137303798801,-0.47970965811716837,-0.08343729300110049,-0.9780819354438485,-0.19077197303341992,-0.11509664918830957,-1.2379990605222015,-0.420209047512436,-0.1897861036443106,-0.9741024938424486,-0.49696520405549105,-0.24724293925689167,-0.7512348959328458,-0.4996284768308462,0.1039264369128619,-0.8436916422492813,-0.23443869584470617,0.06561142186469429,-0.9916251568912413,-0.4459304506683579,-0.04480107922625689,-0.6839336703845048,-0.4331112701689649,-0.12440987647565227,-0.4693516393553113,-0.36905897303192237,0.26505060035619804,-0.6530893779060398,-0.28832417020535284,0.20876403387482587,-0.7364904702309781,-0.42028452043728337,0.09399999211113434,-0.5399692856361894,-0.38874986460955135,0.014710638404116181,-0.39651478192666834,-0.32865890873582754
D,0.0,0.0,0.0,-0.22492838181115565,-0.1764879582716385,-0.1053885427620726,-0.36098275371476823,-0.39094272287800785,-0.18930235609661253,-0.3707335501302235,-0.5699732172842729,-0.2838815512715113,-0.2985890873101972,-0.7065428651552256,-0.3746277230560409,-0.3209351200286734,-1.022387982044145,-0.10218661476319443,-0.36528538648772524,-1.4842291143535637,-0.23600024922395846,-0.3809474001118053,-1.7753456915501813,-0.3293257425577033,-0.38423606660540316,-2.0228999329807373,-0.39344229994137114,-0.14290873016076586,-0.9796306108873492,-0.14107076612933078,-0.18122495590962603,-1.2957644078310466,-0.35028505199674104,-0.25222209481629265,-1.076308619884416,-0.42513717908055343,-0.2921209058654523,-0.8676485246384693,-0.4257978036624303,0.031763547114168726,-0.8596058265906081,-0.19415563542786046,0.0038086492009615446,-1.0742941351543365,-0.3805964577484058,-0.09286353240369534,-0.8306089460883779,-0.3776550253967834,-0.14917071156638376,-0.6397421211752701,-0.32378139892412855,0.19340779213439305,-0.6724875839105424,-0.2577367030767656,0.15676626931200757,-0.8027396660175038,-0.3705291610826764,0.055919657567416084,-0.6570122709740632,-0.3476186837733997,-0.003690980700372784,-0.5373456471800666,-0.29781649948635464
D,0.0,0.0,0.0,-0.23557982477244532,-0.19163445210691077,-0.11321061757660211,-0.3570194518981225,-0.43280571812444374,-0.2066036438395515,-0.31210913266284224,-0.6173666291675098,-0.3079929354655628,-0.20728425457257457,-0.7409573513661023,-0.408756479275803,-0.3163785174371905,-1.0256504492709244,-0.13059159171495177,-0.3564409057396227,-1.4830068872784854,-0.27631633237678016,-0.36693909326214463,-1.7944947096378598,-0.3848530796692573,-0.3703112511264501,-2.056710269975209,-0.4617435981320833,-0.11811714596675929,-0.9766573843926223,-0.1794120769068483,-0.10634165787316317,-1.3290194108365765,-0.39711183189150306,-0.1696745364366134,-1.1406870536934481,-0.4825040966980668,-0.21640227325201683,-0.9306848740935594,-0.4923613199847417,0.07158928759331629,-0.8409359387920962,-0.24154640243603712,0.08713036368492424,-1.080664119950528,-0.42600768180848064,-0.003975308051416992,-0.8659341005098248,-0.4243939504366506,-0.06454948919728205,-0.6891860230093667,-0.37841241866043007,0.24180464401122473,-0.6356019635541483,-0.31598572990315976,0.23309341193816382,-0.7681037962677622,-0.4272669101347293,0.1318483028488686,-0.6110694037873873,-0.3994535496051391,0.06524379145229818,-0.4805940057350558,-0.35204032697830545
D,0.0,0.0,0.0,-0.1879966126637205,-0.12065085588768018,-0.1981933815785803,-0.267332048243599,-0.3488682051347953,-0.32582184203519526,-0.11393086885227421,-0.5173196790580608,-0.44099151368733536,0.05400539678191122,-0.6494349369409204,-0.5458682663084682,-0.2673654671596475,-0.9814859294696245,-0.1916938308548015,-0.25944668362291434,-1.4184359003408717,-0.33828715127721637,-0.236077007009301,-1.7127965680577462,-0.4437869471032362,-0.22122701174983014,-1.9665967402114,-0.5185660830160016,-0.06677977744142517,-0.9809681504946945,-0.18232374787693456,0.05669326306178111,-1.131519724621428,-0.4009801005548627,0.04770164663036491,-0.8832671996437245,-0.474321312626307,-0.005592527066412959,-0.7075275100003193,-0.4778616826011432,0.11192723345611393,-0.9032004048356009,-0.19435474510021405,0.20877525216447607,-0.9588260834863092,-0.3786920132346086,0.17271067192887424,-0.7177761918123265,-0.35983236394281054,0.11148271902790559,-0.5981298314204868,-0.3023784456492411,0.2586264206129819,-0.7703197252409396,-0.2271336942619162,0.3406638612449047,-0.8355285994042676,-0.3334794867343448,0.29424134504867566,-0.6567701747897309,-0.3015536839390714,0.23424774980329088,-0.5620851740002215,-0.2500238308526166
D,0.0,0.0,0.0,-0.18197259886167802,-0.1409582303648968,-0.20888585085393682,-0.2687796339712337,-0.3673487940900966,-0.34751217664356904,-0.12569011539678554,-0.5361935334528048,-0.4682734534472312,0.04208418341997092,-0.6821688412878961,-0.5771685693897721,-0.22958228251650942,-0.9958384724966556,-0.23652349233050826,-0.20575606524472198,-1.4278296342101957,-0.4095790638963707,-0.1707149343395436,-1.7215120779563293,-0.535004775473324,-0.13299801488086677,-1.9811369740497649,-0.6252942875528751,-0.0210509546991152,-0.9735610886429051,-0.22745475151488365,0.11942492051620307,-1.112234648951076,-0.45266364418055344,0.05910717023577052,-0.8560202310747639,-0.5186319149778059,-0.032980746608664895,-0.704842452890976,-0.5259418477358639,0.15560343360287787,-0.8564990410286906,-0.24131185254592533,0.2805086009741496,-0.8925793313417157,-0.4223234166421736,0.18824717808369199,-0.6636330986333405,-0.3904840666277286,0.08582522445490133,-0.5735968073667492,-0.3376073952768592,0.2909135416715427,-0.6737408685187366,-0.27861132521659143,0.37756688212254275,-0.6522496839360242,-0.3923448511955174,0.28457973682805005,-0.4810467638420432,-0.3658892978603174,0.18919061720893762,-0.41620242433690197,-0.32484675027162657
D,0.0,0.0,0.0,-0.21546246198706576,-0.16452362528946024,-0.1706936535350436,-0.32677477825814916,-0.4177523926705241,-0.2895127606180028,-0.20286018213984414,-0.5814060271484837,-0.4007500887159026,-0.053256323256048926,-0.6914114371637422,-0.5074314586176635,-0.247360916162249,-1.0307062536168734,-0.1972169997239863,-0.23750471815064217,-1.479369027278798,-0.3586810302126709,-0.21571953381832087,-1.7881775779276945,-0.4785405848649506,-0.18966162364668224,-2.049115726857361,-0.5685192992093635,-0.03234795653904591,-0.9757049353037694,-0.2166875375549211,0.025405737069442057,-1.258801289393101,-0.4463862588826208,-0.04673160550741293,-1.0269411646426776,-0.5251985888937054,-0.10905605760937874,-0.8432692079954298,-0.5355588503653106,0.14659302506263056,-0.828482350926588,-0.2553371940288285,0.19537011166388085,-1.0024734730852924,-0.44852424850162664,0.09023903957436234,-0.7848789149309541,-0.43666763696825933,0.012776150006950183,-0.6553846867175069,-0.391491716047976,0.2901971900788842,-0.6130930637429417,-0.31182200881213173,0.297944545723722,-0.6825694461942822,-0.4428613080661483,0.18846949303004026,-0.5242309051635341,-0.42705419050021215,0.10450513951449569,-0.4291915558173284,-0.39130464562305334
D,0.0,0.0,0.0,-0.22362762071340075,-0.170922735011307,-0.12413344771187884,-0.35072911588841277,-0.3987489607161372,-0.22365310243771963,-0.29151350700038864,-0.5738660996817029,-0.32902383459846096,-0.16337590339471475,-0.6628142174855473,-0.4334535482521344,-0.27209786094728355,-1.0386478470780467,-0.15366899155271213,-0.2801952495404759,-1.509721421512998,-0.29555301064544304,-0.2768003692919948,-1.8194143641021658,-0.39938537550718584,-0.26397637166716376,-2.08571225102066,-0.4770754875684362,-0.06950704442049473,-0.9784605825138502,-0.1943801925160702,-0.06259368498782186,-1.2986429621505673,-0.40726975493277495,-0.13607446835749612,-1.1063776316680547,-0.4901496127353472,-0.18815096734171938,-0.9075531555185374,-0.5044247923186805,0.11865984264102997,-0.8359511201931086,-0.24802272484013416,0.12932030612287632,-1.0618438738168627,-0.4305797624432526,0.022741540849096555,-0.8502614005475404,-0.4336799344065185,-0.05010532812221928,-0.669818451985442,-0.3951202172426814,0.2850041104577754,-0.6293279713039679,-0.3143957402543743,0.24912968519818096,-0.7485436774948664,-0.4309030211981881,0.1366672568130242,-0.6024943991432496,-0.4153464700009424,0.06475147034309914,-0.47782486227571735,-0.378406833072917
D,0.0,0.0,0.0,-0.21982546202322956,-0.16792694347096468,-0.1039759569281828,-0.3698303367277962,-0.3939980731237349,-0.1923015110724853,-0.37286968785067115,-0.5625863962073329,-0.29066571922060463,-0.30389890292715244,-0.6479555510735521,-0.3858899667500273,-0.2657136737881649,-1.05377922130962,-0.12593136007991126,-0.2854540335815218,-1.5335840908276364,-0.2522376415013109,-0.2849524668864394,-1.828981505327512,-0.34147018983135663,-0.27903044835426033,-2.086341992605596,-0.40888735291811895,-0.07509441359783879,-0.9835477024540101,-0.1643007791942403,-0.12512680900516449,-1.2799153937022607,-0.37221269112184135,-0.20986699387140065,-1.0442236381702181,-0.44533313579471545,-0.2660332996232665,-0.8234965183716042,-0.4516891078645517,0.10456615073990352,-0.8481582219672452,-0.21408503151988292,0.042913456352790744,-1.0411002455690228,-0.3984077884856537,-0.07620393992332423,-0.7757307842186596,-0.38899282395010376,-0.15622930844995725,-0.5717455762568379,-0.33654948863346124,0.27178857628622477,-0.659961412686591,-0.2742640244986753,0.20202744384318214,-0.7833398907252069,-0.3905355494515726,0.07206556765975392,-0.631446094389561,-0.36987321999628237,-0.021090387796163575,-0.5069256804128095,-0.3254702066703618
D,0.0,0.0,0.0,-0.22150695844253004,-0.16025696703774328,-0.10820025316771764,-0.37302797659920306,-0.36812631291511205,-0.20046499362959597,-0.4096110002482605,-0.5323317125677809,-0.3026113431136061,-0.361585532361038,-0.6529105476063053,-0.40025185956130843,-0.26721621278762425,-1.035693789502976,-0.12124167910917556,-0.2883661940169228,-1.5084734813216196,-0.2490382383985785,-0.2893178675189818,-1.7991468772424117,-0.33724562780287104,-0.28653071243673,-2.049347559430094,-0.4016289992067213,-0.07952359120759099,-0.9846386310840644,-0.1554437667400908,-0.14769919349654556,-1.2744763922522304,-0.36416998312876075,-0.24082746585047513,-1.0482928385724954,-0.437061537038057,-0.3025425022913394,-0.8269270624626885,-0.44115846698836636,0.09499446025707865,-0.8652995082075043,-0.20218915088222297,0.006036240066368009,-1.0301308273273913,-0.3862928597119441,-0.11849570028840138,-0.7647843625963023,-0.376523576310518,-0.20047935748588344,-0.5568694022536724,-0.32265058430009647,0.25489830458082435,-0.6880799678514392,-0.25992785756873665,0.16211425455742676,-0.7747585773270238,-0.37361640511997235,0.030540553314263533,-0.6154933355169347,-0.353346393678438,-0.0607787161002834,-0.486298484264539,-0.3084842055159837
D,0.0,0.0,0.0,-0.2154530023829193,-0.14455049019239818,-0.12572320608278284,-0.37968984355638224,-0.3267403096557095,-0.2274794118985453,-0.45816125419773457,-0.48738469608915397,-0.33669908518763914,-0.4208251323562094,-0.643995759753864,-0.44029585139399424,-0.2751850872916383,-1.016550601330448,-0.13320519521432367,-0.3111751452021142,-1.4873428794743977,-0.2747383150132729,-0.32207600558684,-1.779676228111903,-0.37268424640879005,-0.32731020683138395,-2.0284806091521026,-0.44247659336811507,-0.09373978592501389,-0.9829068598890645,-0.15845175075634732,-0.20730491134616966,-1.252727056894514,-0.3826883210242604,-0.3056461466612602,-1.0034123135680597,-0.46098032471492106,-0.3636627857413762,-0.7731450830876863,-0.4665037626085755,0.07397442395687504,-0.8748995045166608,-0.19907788069356763,-0.04881086314917292,-1.0253746014835121,-0.4022994787760299,-0.18198886154660748,-0.741324016671649,-0.39842946197952883,-0.26583368326687234,-0.5222785595487112,-0.344532736840956,0.2186187535288794,-0.7018623443543268,-0.25160981275604594,0.09549263471388442,-0.756978151480437,-0.3862541621194731,-0.04945158249813506,-0.5799612278179175,-0.3784070653191962,-0.14920616280889823,-0.43994357803522344,-0.3383802541909673
D,0.0,0.0,0.0,-0.2349932412057846,-0.1130384426407924,-0.11035090046253244,-0.392416442764533,-0.20325399890812101,-0.21738842085647003,-0.4707131614545786,-0.24463688614421067,-0.3326641616742725,-0.47959027589716097,-0.248758055009,-0.45247643634007295,-0.3689860250590849,-0.9164002205004249,-0.16794755969109515,-0.4467016445032097,-1.3039716618895045,-0.31122578288572533,-0.47711480937543765,-1.5767596346482484,-0.41264244393184146,-0.5100546783516045,-1.8139312863931496,-0.48445956546260777,-0.16119485691628171,-0.9661285306017412,-0.20152389550884567,-0.3010889089688837,-0.9137313931029596,-0.41201724885003577,-0.36965028371423647,-0.5998863593997943,-0.4854591557942236,-0.41287142087417833,-0.34505319439468995,-0.49428589678048096,0.021183487066305236,-0.8655912447265863,-0.24438650937834924,-0.13378946011434975,-0.6469037540896825,-0.4344495503209755,-0.24576634951408113,-0.34915098102949993,-0.43732475131347565,-0.3363269461664089,-0.1231525787111501,-0.3942414930640097,0.14856275966276,-0.6724605314570757,-0.2976682322189027,0.025272327456601424,-0.46170937632263,-0.42019960607662404,-0.08958769256144922,-0.253296037538638,-0.4042440044016835,-0.19161940791789087,-0.0956349472053174,-0.3595335716848634
D,0.0,0.0,0.0,-0.22380246337269602,-0.1368512638334639,-0.1188824472877907,-0.3954029572366115,-0.35262881776672744,-0.21728705552249855,-0.4234908042219037,-0.5185071926687972,-0.32546619876559296,-0.28883919772210004,-0.6168107840915287,-0.42715475940092135,-0.2605869131275001,-1.0643287337434377,-0.11618473266961302,-0.24338691624651898,-1.5310083125106468,-0.25662540614851087,-0.21664400513170198,-1.8129436757730564,-0.35817669568401,-0.17976770933670583,-2.063175999118758,-0.4351993382784793,-0.08849332775142091,-0.984879917135461,-0.14893112423777383,-0.16393566516518782,-1.2448719335014278,-0.36917885537810236,-0.25820489160801274,-0.9326567013137685,-0.4432118540353798,-0.294417682756031,-0.709059397650128,-0.4505935645487685,0.07512895429831637,-0.8510637776277659,-0.19832726637986142,0.036137101158269604,-1.1086436735309535,-0.4050312061473066,-0.09869244321217124,-0.7982974529322631,-0.3944818584971492,-0.16967703859810998,-0.5725640095579385,-0.3363095090733049,0.22028973963792844,-0.6572858954517375,-0.25871028359640097,0.16506194106527805,-0.8213581124405362,-0.4003937280582953,0.01839886435018701,-0.6327430843020998,-0.38843404573073076,-0.07636101913144712,-0.47697419197818325,-0.34537712004914684
D,0.0,0.0,0.0,-0.21641758548394552,-0.12969388671310364,-0.13521410299799455,-0.3441191813419337,-0.3720826189561219,-0.23432422765733613,-0.24556811409911886,-0.5219092631931794,-0.3359436989340983,-0.08752443827231153,-0.6014048542784738,-0.4338803260481826,-0.22733759078608337,-1.058346319797771,-0.13433686048347832,-0.20168312906592079,-1.5058562634171315,-0.25762765872981497,-0.16516112428682014,-1.7842859195451313,-0.35022080990609133,-0.12747602945200387,-2.025990200052477,-0.4238318152465667,-0.03847394006252405,-0.9868466542489026,-0.15701412972663317,-0.024923388679298223,-1.2546659809880651,-0.3662330246128173,-0.08735197130276423,-0.9992116014153636,-0.44846618369333846,-0.14497165656475156,-0.7882528503948854,-0.4643123299126078,0.1338732371561855,-0.8554376557388845,-0.19406947852016598,0.18573545672418393,-1.1146975657221516,-0.39082470111269374,0.07217084242543162,-0.8295635747496186,-0.39690774600119594,-0.019690333019560958,-0.6065297994856254,-0.35537987150115363,0.2829804902283948,-0.6654465977808953,-0.24258111037413188,0.2817891512724947,-0.7924912474112851,-0.38871898986134884,0.1660610535355541,-0.5945354863854946,-0.3908197894148233,0.0764360015577956,-0.4390087238458001,-0.36006401173672364
D,0.0,0.0,0.0,-0.21585201041599547,-0.12806919239663367,-0.14415758240212986,-0.34031104665005313,-0.3600483787032147,-0.25029438365933154,-0.2287020341258802,-0.5000559624400172,-0.35669986927337805,-0.07142172407747785,-0.5860190694347569,-0.45750637268369354,-0.2334366274626598,-1.048226714899015,-0.14979079524116043,-0.20089902370694948,-1.503110572224544,-0.2813303338658893,-0.15873628791014768,-1.7828015154822743,-0.38079598932219183,-0.11694355653765161,-2.0288581158814014,-0.4588097498506687,-0.04039842091480171,-0.9848581266644484,-0.16858955463071776,-0.017189109492547747,-1.2299986002898358,-0.3833597593850982,-0.06867742007618671,-0.9577192428308392,-0.4646985165929273,-0.12715087068139355,-0.7478587955840247,-0.48055550563695076,0.13521759425740082,-0.8616462352865534,-0.2022613682763584,0.19699516346745286,-1.1000766682250545,-0.4025209976852466,0.09518436979980932,-0.7926857722778752,-0.39826254987245696,0.002364683642794427,-0.5651602267960585,-0.34981998192279207,0.28391505591419663,-0.6824319793484898,-0.24891543779213798,0.29784582701033024,-0.7903125179111279,-0.3985641975471875,0.18830235895879271,-0.5786026756689276,-0.39455116509831595,0.09405073477550997,-0.4226591895151213,-0.3580448980683436
D,0.0,0.0,0.0,-0.22831992005947577,-0.1487478201864966,-0.11118972858322757,-0.3649331586423873,-0.4032875524137697,-0.1933614799462638,-0.2876168587555592,-0.582982879735234,-0.28015642626700443,-0.14691476810490386,-0.6814138280084159,-0.36670434939909796,-0.29801495505778064,-1.007567269860723,-0.11933433847840752,-0.4247461931305839,-1.4226024929786265,-0.23467237299078164,-0.500669141675129,-1.681463481324728,-0.3180944562709658,-0.5639540738018282,-1.909215374123612,-0.38620515229497904,-0.10037537404130545,-0.983172569839255,-0.1526318518584609,-0.11962971705475742,-1.2773467421580582,-0.34098156108431854,-0.15886544364036378,-1.0187900464661006,-0.4080898671054484,-0.2002445235613656,-0.8018180106406104,-0.417632328086629,0.08240751513334965,-0.8710128297173286,-0.19886398920424433,0.09809210617100031,-1.1476500455608425,-0.38206077432860347,0.005849800953432161,-0.8666907152271204,-0.38044370994545645,-0.06811949433065632,-0.6445062191977099,-0.33798490612507115,0.2429060103238095,-0.6931915417108432,-0.25436410987046004,0.2265926622504451,-0.859153141548129,-0.3888543546141411,0.12020267995078324,-0.6668873945549791,-0.38098740774225176,0.036440654780087144,-0.5021376005131457,-0.3480415315627603
D,0.0,0.0,0.0,-0.22078083169728244,-0.14093594374208526,-0.12038599070563492,-0.3677903380653696,-0.3747991513982169,-0.21279172602325305,-0.3042737969288605,-0.5370191144887376,-0.30935506343786706,-0.17159966265892185,-0.6317665629858639,-0.4044855354258834,-0.2763944187152788,-1.0266890208016992,-0.13840879694155445,-0.31947718788359125,-1.4788000894907403,-0.2656170246079333,-0.3379939956625968,-1.7663781196803663,-0.3599628484454063,-0.3508436295155987,-2.0248611384402673,-0.4359794552835292,-0.0827996635400109,-0.9820772623253321,-0.16931764982198985,-0.10384537381410597,-1.2661281897462162,-0.37251135747861897,-0.1523011240349775,-1.0081852739872352,-0.44945387429279826,-0.1918970438990369,-0.8029743967085387,-0.4658116618102481,0.09821502752582612,-0.8667264634351416,-0.212899278248684,0.11926609065424149,-1.1366357920842727,-0.4041612595111587,0.016469662172744395,-0.8496977491571835,-0.4028106273090569,-0.06413104881248122,-0.6297765858637436,-0.3601594320203199,0.2577780478459154,-0.689178709055486,-0.2669128703460667,0.23779177449889705,-0.8426613150960434,-0.40542362314551855,0.12417315926676042,-0.6470221977987608,-0.39871732637458385,0.037475975439041936,-0.49006280582007267,-0.3654267744928676
D,0.0,0.0,0.0,-0.2171329033230756,-0.13791911475591762,-0.12311455936015077,-0.3598040651390059,-0.36741818682328176,-0.2183276012317611,-0.30051119052715575,-0.5211948926931701,-0.3180447478369946,-0.17555329538108638,-0.6170754643834805,-0.4156273557792003,-0.27083345731835895,-1.0359158206018888,-0.13844785032049034,-0.3082845783472784,-1.491091577476292,-0.2660380309957651,-0.3204023090680857,-1.778193223867188,-0.3608226566079448,-0.3267950331183702,-2.0349940056133424,-0.43649923111192085,-0.0774991589296894,-0.9825620938041832,-0.16901364496492657,-0.09596824308945087,-1.2550986055630582,-0.37725954345829,-0.14784184516572624,-0.9967209175876204,-0.458835663597948,-0.19142310475850705,-0.7942623630233678,-0.4768582452530405,0.10286941838365035,-0.8638380852835498,-0.21220258040544124,0.12907609299518133,-1.1214370197306813,-0.40751697432002204,0.021874978685294505,-0.8318723214771359,-0.40913144635052634,-0.06424984552902252,-0.6138247632393111,-0.36683717717446784,0.2617342807361731,-0.6865607286230335,-0.2657808579856948,0.24470373633101242,-0.8305643242214997,-0.40499352779549525,0.13221254265831928,-0.6324477546474414,-0.39802349079720317,0.04643390257508262,-0.4777855462106843,-0.36335976829554056
D,0.0,0.0,0.0,-0.2259437119925901,-0.12110722785660319,-0.11499379121262392,-0.4164830143034469,-0.3962492056287912,-0.20731938292401678,-0.3543963394192671,-0.616438428252802,-0.30465051488527123,-0.1707358383144222,-0.6820488718854321,-0.3974669440184274,-0.28951768314897874,-1.0294657054157963,-0.15029532826343167,-0.3321938660881833,-1.4952623483077974,-0.2938842331844342,-0.37724265135630114,-1.7711044474142623,-0.3879807307312278,-0.4147428373830894,-2.0162108059378236,-0.4612880612507445,-0.10074876916334673,-0.978202322272379,-0.1815761609160063,-0.1618599513525885,-1.2320656243378705,-0.3736139209347591,-0.21005407954967042,-0.8849269595204698,-0.40205437800639143,-0.20439850455850855,-0.743403535619086,-0.38719059059985533,0.07767620737208414,-0.8747777177905247,-0.22929994229694095,0.04533769581392311,-1.1322778016374886,-0.40427653872847474,-0.03491274704104069,-0.7898579344721788,-0.3371382651887722,-0.04447476857563883,-0.6307772085791994,-0.2545379624791146,0.2408547187059929,-0.7172652994924353,-0.29123564407735325,0.20249429089913074,-0.9104990115410885,-0.3990586654520897,0.10443746980355412,-0.685347733508759,-0.3423132550543595,0.08021642705096504,-0.5616944674804856,-0.27786242584522
D,0.0,0.0,0.0,-0.22516303570676444,-0.12504428048599175,-0.1184323676303602,-0.4114114665074366,-0.3883775287874412,-0.21614273893305117,-0.3659099279550261,-0.5958853750603572,-0.31881072225792684,-0.1933127853261852,-0.6811399652009462,-0.41713959599583117,-0.28391574039327194,-1.0314026863436512,-0.1512962437510036,-0.3240796375578845,-1.4909371498014732,-0.29644591659726627,-0.3679891774274954,-1.7690798284543263,-0.3921572694865619,-0.39973666056220203,-2.015099141600341,-0.46594247647013337,-0.0954343560654342,-0.978378808800426,-0.1834862124864849,-0.154635662120881,-1.230688259318538,-0.38010996020092136,-0.20987953558200953,-0.8861641952295901,-0.4128182053810083,-0.20530147818544353,-0.7374369795252123,-0.39899028600533354,0.08247898087380513,-0.870399252898628,-0.23250328447596166,0.04460545284981306,-1.1214674538122444,-0.40929906950516,-0.036644118993477595,-0.7902153327136244,-0.34469868512144797,-0.04219288004942674,-0.6352733795186319,-0.2633115503832747,0.24715589654465958,-0.7067960315400854,-0.29592278104918734,0.20659076030703158,-0.9001753921690315,-0.4030682467064958,0.10795095979859871,-0.683074446900969,-0.3460157814215385,0.08642010475301755,-0.5632076249434477,-0.28132807280471683
D,0.0,0.0,0.0,-0.2207200301369847,-0.14166672832465396,-0.11337966101183088,-0.3947606563358813,-0.41923711740624353,-0.20431458184680248,-0.3566189548675088,-0.6355287373233129,-0.3024593840322868,-0.18971010786928355,-0.7110435508309751,-0.3960673407264734,-0.2527921754712881,-1.0515469354451374,-0.12889977461113525,-0.2727475355191079,-1.5096717912421145,-0.2713715710444948,-0.2986290177582455,-1.792460604854088,-0.3667553966898653,-0.311437262900823,-2.0373701154133985,-0.43863733965222773,-0.07193347544022202,-0.9843197171076448,-0.16105983243570401,-0.12356811615524946,-1.2390083328691788,-0.3599706723770108,-0.19321273768826427,-0.9000757303481979,-0.3962366254800548,-0.19690841696478456,-0.740700999270563,-0.38048733612650565,0.09772068820126198,-0.8677733239202637,-0.21062602771078087,0.06587339135897607,-1.1100443039556438,-0.38836664635310836,-0.029628581230983848,-0.787658024566398,-0.3307659655098653,-0.044033543849473,-0.6273732998425338,-0.2501688036592524,0.25101751871734057,-0.6964680912616683,-0.27413196967662384,0.21831006926868082,-0.8834143894321811,-0.3797042567118539,0.11077475566710838,-0.6720581600861357,-0.32599331946547333,0.08332948261187319,-0.548223247776366,-0.2614466920769476
D,0.0,0.0,0.0,-0.21083586875648777,-0.1689286456146334,-0.10711780434173866,-0.35951191714861036,-0.4490961903761721,-0.20266037010680402,-0.324616183223152,-0.6347089999119868,-0.30932700381571976,-0.16885934040469555,-0.6963264901869356,-0.4131750294012135,-0.1686552376828722,-1.0861667260662669,-0.12399163940836166,-0.14989573037154622,-1.5454987800862336,-0.27245382851998035,-0.1470066675585717,-1.8384337351082927,-0.37076298845590416,-0.13207397413708125,-2.083077088992121,-0.44261976277740345,0.003030813274724388,-0.9864634436103721,-0.16395331223021992,-0.04343866642164556,-1.2372545509064847,-0.3714263503379183,-0.1573860759737586,-0.8988959744208715,-0.4077056932502867,-0.17996566851376108,-0.7406383125383156,-0.38890343090451285,0.1634777572097176,-0.8380731390288021,-0.22233402210875813,0.13888315494129627,-1.0830636918284358,-0.4097138621731939,0.002985058378843105,-0.7742479750275815,-0.35280545344646796,-0.02714880204438236,-0.6198610876210999,-0.26905162118536663,0.3031497355275554,-0.6376653493365515,-0.293945817091893,0.2678536462631358,-0.8260884963497802,-0.40643756491051825,0.13251425286558596,-0.6355301208620916,-0.35316271731792337,0.09216718195780119,-0.521095556242066,-0.2860805168465947
D,0.0,0.0,0.0,-0.20687956035535782,-0.18047045324198885,-0.11076139026958844,-0.3590343972736025,-0.4517898167738358,-0.2204230689790172,-0.3732782689243927,-0.6188177150091332,-0.34278575958966906,-0.23237183634736183,-0.638306568330388,-0.46169641452102733,-0.1238700244551048,-1.1021157184973185,-0.13521000336620215,-0.10979827978215084,-1.5459185937385191,-0.29957920842502495,-0.1139416071676246,-1.8540448242770446,-0.4030176877639959,-0.09145416452389425,-2.0984098731762453,-0.47689598635377617,0.04394420476237572,-0.983023622582975,-0.17813889050863385,-0.05069795119987195,-1.2046698876826234,-0.3889321021671893,-0.18952845333320387,-0.8475251407497411,-0.4105755086236517,-0.19717551172822526,-0.6899835827754133,-0.38033335017342984,0.19487167434289301,-0.8017412378530305,-0.24188277099314254,0.10460470725742455,-1.001584197402235,-0.4351293595717388,-0.046658482776841134,-0.6836319515993193,-0.35662106381906555,-0.05648220856510532,-0.5358995500197268,-0.25673881733989523,0.3081957473590784,-0.566022187409462,-0.32013896420421456,0.21465774329214082,-0.7184754887608592,-0.43455207336992363,0.05791729382771855,-0.5303005320865058,-0.3684714182639973,0.025911250123061374,-0.4277499011824866,-0.29071992445483674
D,0.0,0.0,0.0,-0.20039407212366206,-0.166157935813517,-0.11723124739636967,-0.3635112730805048,-0.4307960854375675,-0.22591923096434274,-0.3803617159573739,-0.5963564330919398,-0.34449943824853524,-0.24072954690624665,-0.6200274625354658,-0.45773554133124267,-0.13348937700544375,-1.0934535338661635,-0.14727548450351655,-0.13090612299231452,-1.5488980495641251,-0.3091328998718055,-0.14194434586668314,-1.8537157284368755,-0.4093906744854898,-0.12626918000820678,-2.103183301592689,-0.48205674994078357,0.04012470464694332,-0.9818588692073384,-0.18531910056948317,-0.06609938263464102,-1.1919485706245792,-0.39859824857566234,-0.19532685754280688,-0.8327217386442965,-0.42216394371488797,-0.19517436392829185,-0.6689813647141561,-0.39329978077878747,0.19486125453603867,-0.8047370283129449,-0.24338695824617274,0.09582284505799282,-0.9854811509507917,-0.4398577463336829,-0.05290147655923149,-0.6625222144109302,-0.36340164108261735,-0.061981039772332665,-0.5144726415034707,-0.26466144190366225,0.3105817750581534,-0.5742093245231609,-0.31612803680248047,0.2099016733386243,-0.7048368573169207,-0.43389942892020567,0.050591533338561936,-0.5115212504422513,-0.370380533686846,0.012636258488527322,-0.41041757791063394,-0.29383772434337313
D,0.0,0.0,0.0,-0.2249883056464907,-0.14153194287179888,-0.12872418399440394,-0.4125302090165018,-0.3636763552183883,-0.23541619758053514,-0.46819865051143533,-0.5456068064739991,-0.3528324066968916,-0.33839641213089466,-0.6478796199003483,-0.4651351269434641,-0.25365103747770557,-1.055559553063137,-0.12436958080859688,-0.2769746925174328,-1.5292770567535556,-0.2697346208301903,-0.2953112334639901,-1.811177709032103,-0.36504611411317023,-0.29655188571111035,-2.0537705469448233,-0.4343730341191869,-0.0823694637950437,-0.984510146478315,-0.15477416746784292,-0.1758197889554264,-1.231518565710689,-0.38547502233928355,-0.27859636661356374,-0.8949400853727694,-0.44593554006429414,-0.30307891793167074,-0.6699914649843145,-0.43716564018670856,0.07799931450576426,-0.8654548060894784,-0.20513461082452517,0.006546549560577995,-1.0899315405681738,-0.4236916276462086,-0.12257952141801878,-0.7677312677619038,-0.40027705433089933,-0.171025896528431,-0.5453465752737641,-0.3268815008314588,0.22778492361168262,-0.6949396132915086,-0.267599532261929,0.17020681882569139,-0.8860399614653995,-0.4081823089382875,0.03675939190785924,-0.6891982624363243,-0.38201752555516155,-0.035031456738298966,-0.5240503381432009,-0.3261590339618064
D,0.0,0.0,0.0,-0.23507958066583262,-0.15571573058037833,-0.12668720871725686,-0.42861464345862005,-0.38696702534462557,-0.23145661021608083,-0.48689279714664113,-0.5861055650189644,-0.3494682538636708,-0.3458955805936315,-0.6698452354131852,-0.4617102351333028,-0.25832826071906567,-1.0465255721083664,-0.09851997362493091,-0.29669618804072334,-1.5100190695082065,-0.2374929861288814,-0.32088486226606794,-1.790757525296242,-0.33365448539907794,-0.32860104552542546,-2.0289629949546413,-0.4055452386214664,-0.09773987698156032,-0.9865475372871632,-0.13103767824661308,-0.19315002794232872,-1.2490297194424997,-0.3621789914652489,-0.29192769582661293,-0.9380000522248663,-0.43464329281302105,-0.3205452254640931,-0.714500792449854,-0.43385755123905817,0.058958063713211245,-0.8827166847538839,-0.18436008602930382,0.001039488026031718,-1.1480035753157847,-0.39840400891773187,-0.13119908727580004,-0.8578109759309909,-0.3899500013003053,-0.1898325761563932,-0.6317119353888319,-0.32735144898653823,0.2088768453549482,-0.7275217588885888,-0.25091195450084863,0.15716486174483194,-0.9514181455176279,-0.3891924744013347,0.020148460050696836,-0.7826472938919452,-0.3757615996486611,-0.06212765363095408,-0.6111568021655018,-0.330227303984272
D,0.0,0.0,0.0,-0.23429872790697967,-0.1616452748285171,-0.12931933517281813,-0.4285227537915385,-0.38907419259105,-0.23742345878174795,-0.49242058305275266,-0.58539879950622,-0.358467513677462,-0.3527920244711873,-0.6667024989077844,-0.4738224773504922,-0.2599025025017711,-1.0436247024744563,-0.10263204922695376,-0.29837415731363914,-1.505547581597553,-0.24301036656759786,-0.32357648377942766,-1.7865237879212035,-0.33945872831239815,-0.3325785515559324,-2.0246948747663875,-0.41110502384785863,-0.09743490309969413,-0.9862138188348681,-0.13374880633896855,-0.19849593235567906,-1.249564213815456,-0.36420792099448973,-0.29182913792269394,-0.9336756412071753,-0.4342168266039953,-0.3137981280901324,-0.7111187959245087,-0.4317207632043204,0.06176409338775533,-0.8836671569710267,-0.18599856851048802,0.0011612642090410002,-1.1556642082598856,-0.4006306540332728,-0.12869590753554744,-0.862260743245284,-0.38999483913997957,-0.183440254865341,-0.63285034847358,-0.32531290840428473,0.21440751161711064,-0.7290378270082978,-0.251619195734308,0.1636552607789903,-0.9620768820644082,-0.39046357364988915,0.026786156538130306,-0.7954585919860809,-0.3760697523496148,-0.05460412557405554,-0.6216203597286478,-0.32939383136584843
D,0.0,0.0,0.0,-0.22687172483327017,-0.1434886652201119,-0.12169232373843873,-0.42267319647298784,-0.38115918435741725,-0.22336524279939346,-0.4757069045102585,-0.5783032486132067,-0.33578686346634096,-0.3363671060819541,-0.6475617920064618,-0.44491226275499735,-0.2568955009490165,-1.0593961200169806,-0.12001392050554456,-0.28707762414484483,-1.5336993458966897,-0.2575525479750499,-0.30688985484041703,-1.818599860153211,-0.3474720006772512,-0.31214346870256426,-2.0619535448076602,-0.4145974616021919,-0.07957774749851923,-0.9851300397560696,-0.1522701115559666,-0.1887837283381886,-1.2138144162529876,-0.3787398086410292,-0.2881815047468942,-0.8743000807230007,-0.4367832467938159,-0.3106336477064332,-0.6459462618788943,-0.4270136543560459,0.08300614590680705,-0.860435721607309,-0.20272388318125084,-0.01439940328505242,-1.0622838422120198,-0.42104111550702134,-0.14367084017818166,-0.7277887408716102,-0.39569943618445996,-0.1892942947783437,-0.5054783217364076,-0.3208410706927497,0.23004516494708938,-0.6857416341403324,-0.2637578418685999,0.14005745078988008,-0.8604601993365145,-0.4022363978933186,0.006070910077126081,-0.6470455935224187,-0.3714121133857212,-0.05891291200513188,-0.48109742036229886,-0.3127390235571089
D,0.0,0.0,0.0,-0.22338312031096993,-0.14329904245392483,-0.12283589345362413,-0.41698950137802593,-0.3770910777269541,-0.22606864093226028,-0.4740596368693326,-0.5747524529277874,-0.33915421354676056,-0.33459437556718874,-0.6456146334287108,-0.4485236867444595,-0.24661351373541326,-1.0586461107472593,-0.12450500168006219,-0.2749045329123768,-1.53038798967998,-0.26324136404201737,-0.2969321078035971,-1.814163552782318,-0.3507987664338191,-0.3040410099246417,-2.058501300086508,-0.4155633582727318,-0.0662210369001732,-0.9854752632541895,-0.15637544495844616,-0.18989402895920848,-1.211299518605233,-0.3839566606093797,-0.28834657656006774,-0.8697157219014049,-0.43859989271772254,-0.30601374487367805,-0.6411970837716028,-0.4244536526069176,0.09767851861493057,-0.8581920839870154,-0.20609398257913536,-0.019937523468365866,-1.029839938050578,-0.4258465422260659,-0.14067803658406736,-0.6904429463928452,-0.39557074800992553,-0.17636670359438786,-0.47542479369658436,-0.31581640628443497,0.24282778471866479,-0.6802589240807803,-0.26660290309646895,0.13931331265893304,-0.8290677282340381,-0.40417259425200475,0.0060967769705405584,-0.6073915409720149,-0.3697517352052834,-0.0563757604949814,-0.4448450210248753,-0.307754010193413
D,0.0,0.0,0.0,-0.2052429579942603,-0.16570005700877788,-0.10780064909094471,-0.33645991164092287,-0.45262573495121555,-0.1854605635447892,-0.2587158871385124,-0.6438781184974913,-0.27160619478530124,-0.10330949595796156,-0.7235570351042517,-0.3545248855699758,-0.21328107538380858,-1.0567998276343598,-0.10379282457092723,-0.26128970192641926,-1.5099039579365428,-0.22011521057706693,-0.2887713439363658,-1.7842340160680383,-0.303158753187569,-0.31068710897789587,-2.020906174379427,-0.36876889802133506,-0.032564144491769205,-0.9902990897068096,-0.13508252817956717,-0.05146315084008374,-1.2724607306820777,-0.33092226406531594,-0.1128220349891468,-1.0111166565946201,-0.39563950050723157,-0.1544183315068833,-0.8026637494448468,-0.39932946323279056,0.1348859791069133,-0.871339572979356,-0.18071203658509535,0.1259870687503037,-1.1010412401621708,-0.3649942153030959,0.03140460338713455,-0.8109942416783668,-0.3498336684613398,-0.02820819748052486,-0.6009595627228552,-0.293079837478901,0.28280494529817607,-0.7040929964450735,-0.23709301744400357,0.2746228313063174,-0.8997987188954425,-0.3583315592346134,0.1684843896509614,-0.7120379044156989,-0.33359127992639614,0.09523074882170329,-0.549111624281577,-0.2864764331243705
D,0.0,0.0,0.0,-0.19943002207154642,-0.18464952584131983,-0.10081543009319556,-0.3040710132822618,-0.5033270580750945,-0.15877920718910646,-0.20506393264229947,-0.7394751835962705,-0.2265498648313177,-0.05381217565718057,-0.841271958664009,-0.29131061143044945,-0.22408500672148,-1.0319298532450654,-0.05788024196282619,-0.27450585596856414,-1.4515603991415433,-0.1444834785789956,-0.30734420930942313,-1.6984585788213287,-0.2041380086126352,-0.32789719213653823,-1.913330172919912,-0.2524566245206149,-0.04923992404075492,-0.9953342343431265,-0.08297705601576097,-0.034003187068743536,-1.304771093096404,-0.24477864657254716,-0.08404825296626635,-1.0914389802062,-0.29945207128560203,-0.1236592256172292,-0.8886055157878457,-0.2978903933025448,0.11237039089798946,-0.8972004477039331,-0.12307894891095078,0.13148631004423808,-1.1522477306911323,-0.2801709068540898,0.05516991781489028,-0.9006483782558526,-0.2729468269178568,0.008627304184487825,-0.6927784703958213,-0.22426073370286592,0.253931291629182,-0.7468168733087831,-0.17428906151180812,0.27522353590719734,-0.9857741923433799,-0.2770861704362425,0.18661533657272775,-0.8290221787143545,-0.2603082721161908,0.12366660876616264,-0.6572560584503878,-0.22232985094525853
D,0.0,0.0,0.0,-0.20298242628352145,-0.18898305689188905,-0.10395986949988663,-0.2942831930976362,-0.5105037043955291,-0.16638383363071027,-0.16519407805511344,-0.7283177437851284,-0.2363954329053823,0.0006169571614210497,-0.8093186609070868,-0.304935668090844,-0.22593656759195976,-1.0332967137382711,-0.0661548293843129,-0.273729070728852,-1.4469214692728192,-0.15993982724311992,-0.30026563956679103,-1.695095637085591,-0.22739452815578548,-0.31583408109057803,-1.9060993401934798,-0.2798197218578558,-0.039327591500806246,-0.9948319359013502,-0.0936096141297336,-0.002210670525548338,-1.2848155119283862,-0.2552191803406118,-0.039868031152417424,-1.088606645351037,-0.3143803234474224,-0.07799005501077119,-0.9133976665870303,-0.3176810211019724,0.13180354128035449,-0.8897357846309558,-0.13646476936441723,0.17455626402536223,-1.1233987679895048,-0.2865200757987408,0.10432745599629951,-0.8995767145366736,-0.279832459336789,0.04964504207294301,-0.7297080280311655,-0.23690263931650402,0.27964315167471426,-0.7278495603776476,-0.19093036823727733,0.3135820948151808,-0.9417074777648975,-0.27983403415236624,0.23364686465793527,-0.7871272861552763,-0.25362058041638463,0.17336607399384008,-0.6411261339929829,-0.21355849956218245
D,0.0,0.0,0.0,-0.18932280624169864,-0.18407387168156478,-0.13473892525126005,-0.25839561052925214,-0.48726163604078826,-0.21870775826746794,-0.09813958075872263,-0.6851863390570672,-0.3028641573029569,0.08223662204650461,-0.7600874456408022,-0.37932274320375214,-0.20511469090274537,-1.0090664449429787,-0.1022951783722924,-0.23670548805832345,-1.4060725295207583,-0.2169395296511561,-0.25646964133332556,-1.6516408869507428,-0.2966905269815579,-0.2560779681744886,-1.8711653790660874,-0.357256695920362,-0.014745423114132185,-0.9927994101741437,-0.11887768358719608,0.06003552465807348,-1.2138746537415663,-0.2900561878931286,0.018584677123598528,-1.0027722487099398,-0.34509680845995067,-0.011413372989566767,-0.8705243637129964,-0.3479282754329894,0.15551618461159733,-0.8983134457745503,-0.15477230025715863,0.22932951970037424,-1.064855101249479,-0.29872658461786217,0.1625141926565332,-0.8696391995150821,-0.2773504220373294,0.12399669425430207,-0.7734199314033838,-0.23255021191043673,0.30673373487863725,-0.7449297800990977,-0.20812221263921546,0.375998861828867,-0.9011708600230458,-0.28566587031844737,0.29705297995888413,-0.7665561378369466,-0.2523338202854511,0.23961569676323993,-0.677573481287515,-0.21229631720263717
D,0.0,0.0,0.0,-0.18224891687500464,-0.16428327115088778,-0.15343923811714735,-0.23495431113475587,-0.47170546143052494,-0.24586395939165218,-0.0446853476816741,-0.6527691852543398,-0.33598290869406605,0.16671286542046407,-0.7246806792454479,-0.4160431841224352,-0.2154391276088446,-1.0073823442042653,-0.11399759955176979,-0.24381374074401885,-1.428927504475118,-0.24115019555011794,-0.2591100420258817,-1.678816346409271,-0.32432190306914316,-0.2712096171327501,-1.9029952859678536,-0.3854378818358904,-0.01887161649116446,-0.9917984113623397,-0.12641112811042216,0.10701421433433976,-1.2100232403333204,-0.3221724106253232,0.08671731138355596,-0.9540895019551973,-0.3815514663219922,0.04027288047357383,-0.8144836800382701,-0.3777527046382265,0.1560475009027635,-0.8994458554046645,-0.16025618975435152,0.25802404410698093,-1.0520302791889862,-0.33794997133576976,0.2008246641480615,-0.8053129356020656,-0.31869101329862565,0.14846645285132165,-0.7042004884031683,-0.2608924724303569,0.30470874004326853,-0.7552015455370339,-0.2106208556259078,0.3879768753563333,-0.8975868905725637,-0.3097667764889637,0.3264209756168676,-0.7274265652603678,-0.2737698841076548,0.27076684301284426,-0.6317724246055033,-0.22338150279086813
D,0.0,0.0,0.0,-0.1723180956565235,-0.1801167479640223,-0.18951649234324142,-0.21372237177725048,-0.46552023169514906,-0.2894467031809835,-0.019970652252737944,-0.6717189718397942,-0.37328329654270753,0.17624708598998626,-0.7965427266319901,-0.44156331948373423,-0.19183591512506576,-0.996030789340256,-0.1583935463229109,-0.2194113214610537,-1.418892719824755,-0.2924063753621801,-0.2302976429934102,-1.696164326512419,-0.37583039446931943,-0.24711403296479104,-1.930869824454665,-0.4342906658380915,0.009906106334481411,-0.9888774842893784,-0.14840212304007022,0.1636001132313776,-1.2440112239154506,-0.3373303323512433,0.13485249613202285,-1.005116330843483,-0.382627210456703,0.04976006150610748,-0.8541671686572061,-0.3677935638792242,0.17770867385341396,-0.8976576236206315,-0.16330970304504897,0.29878211526633885,-1.0191878761042443,-0.3453780816080698,0.2297296128699195,-0.7704275244076065,-0.3276715716551882,0.13284138582574193,-0.676139194070551,-0.26838738418121433,0.309625886430127,-0.7498952418835609,-0.19664636009761083,0.4243786954518832,-0.8518888212800381,-0.3069700389862474,0.361980482605041,-0.6908021202668224,-0.28170379012661956,0.26506008333097025,-0.6102769315028962,-0.23578939114886166
D,0.0,0.0,0.0,-0.16301257184642556,-0.17383865646882654,-0.17486816641902414,-0.19675266397965963,-0.45186448913624205,-0.268360767455896,-0.003455973748486262,-0.6509093438038418,-0.348714153416019,0.1796328433134315,-0.7674440917011839,-0.41627603604327434,-0.18231570929467875,-1.000123942554983,-0.14050013888166293,-0.20989669810054842,-1.4043349756287435,-0.268081885400366,-0.22342161916673622,-1.677520126755329,-0.3524348418742341,-0.2378005306652829,-1.909649082514214,-0.41423400633710356,0.012109045113081257,-0.9904743486729983,-0.1371639006708727,0.16420073991429024,-1.2145622624059025,-0.3217450007576842,0.1409764245990589,-0.9950104752104525,-0.3744454449678076,0.06865324049881144,-0.8621236909266081,-0.3692328062026684,0.1753276874438886,-0.8948919890005783,-0.15720392255903215,0.2997114883659295,-0.9999645813803943,-0.33364492726046885,0.22839719101213452,-0.7724057537888864,-0.32151525363327393,0.13717511106382949,-0.6985554156739663,-0.2716161230015664,0.3039252863207298,-0.7374719983748709,-0.19470372774846104,0.41439246053085377,-0.8335678170042089,-0.30419876444851396,0.3405168787815968,-0.6761112488675237,-0.2833920637629147,0.2395258557957694,-0.6098130505543887,-0.24414843003075581
D,0.0,0.0,0.0,-0.18259357414502736,-0.15721936695463107,-0.16384622988803035,-0.2368025247516416,-0.44726142634181487,-0.23546698488360157,-0.044364455546903846,-0.6308856445871392,-0.2918419026177916,0.13667971167384554,-0.7199849241052789,-0.33591376005147555,-0.21853325085050357,-1.0023542342958673,-0.1303095808046941,-0.2369909732877,-1.4260737096255918,-0.24358231464252694,-0.24725894820372138,-1.7046623151739935,-0.316921504576899,-0.2590325704588686,-1.9343151765765538,-0.36706597492511306,-0.015551591923261996,-0.9925556162205907,-0.12079526769545122,0.14026993860566242,-1.2597853450981198,-0.29482472268695487,0.1293836830994269,-1.0053263570874102,-0.3459567171813467,0.06706950449295976,-0.8004693881964714,-0.33293757891130965,0.153751419831324,-0.9162491338117867,-0.13069043697234256,0.30120781159858456,-1.1111146248428874,-0.2967435055046516,0.24186487353395966,-0.8548816091341149,-0.284811475315753,0.15332229357692884,-0.7011252487044672,-0.22829418453612094,0.2852175651241604,-0.7769337893822255,-0.15537830903624103,0.41000049248464826,-0.9198686514336651,-0.2560640525636568,0.3730236430310903,-0.7508855434205342,-0.22902069510836204,0.3049665482232252,-0.6328542965691651,-0.17976571993646256
D,0.0,0.0,0.0,-0.16014579171315155,-0.15647663716417623,-0.16633964745716653,-0.2018952780649678,-0.4441318313376456,-0.24588873002362455,-0.021742088612299534,-0.6392542589177036,-0.3107601585517015,0.16057402904285129,-0.7396884764991409,-0.36550084714201775,-0.19156322826721453,-1.0108306040029031,-0.13777885283856803,-0.2176481031830732,-1.4318019776449864,-0.2553588697734824,-0.22214878306720415,-1.7043311984719771,-0.32822477462712313,-0.23443525600054496,-1.9352158983184344,-0.3785264883584472,0.0015604020219936782,-0.9911001437624931,-0.13310924152550566,0.17081376634090228,-1.2796066445210543,-0.30445149915482145,0.16929791668362978,-1.020190342992982,-0.34402821123155175,0.09899767113336845,-0.8386207447610987,-0.3255952495089159,0.1649888119677998,-0.8937101001577228,-0.14930311277816816,0.308175478735656,-1.0561986334173714,-0.31756530950103407,0.2499829620314742,-0.7801304400511208,-0.2947440735104588,0.15279768109496228,-0.6579878154451131,-0.2331239429026374,0.2887228470416471,-0.7326632814204506,-0.1805735376667425,0.4144007908930077,-0.8497324609414721,-0.27932552478485617,0.3608417201198259,-0.6589011389218967,-0.24385649618305147,0.2703526596009033,-0.5630317566297888,-0.19248966906833873
D,0.0,0.0,0.0,-0.14372619213931992,-0.16463096908436262,-0.2416473222360849,-0.16592530414337223,-0.42849356420816964,-0.33101271674509636,0.02463880701608167,-0.5882189178219422,-0.38668517370942335,0.21339609418222835,-0.682211464553306,-0.4219598562631667,-0.16068385726025747,-1.015548363597976,-0.1729523261263156,-0.17568135237414273,-1.4389889763199741,-0.2827614692553463,-0.18204138740027662,-1.7207272182538895,-0.3564808579774388,-0.182513991801308,-1.9488821377744534,-0.40522556274063565,0.026031669620739824,-0.9929913835214665,-0.11528427659000355,0.19488384286969013,-1.213687075776041,-0.28466402068152136,0.1824278484942992,-0.9835056030868927,-0.3399582802993005,0.11568117313383953,-0.7927189398742364,-0.33013605379329886,0.17372901357681853,-0.9208772334376171,-0.08594966905815396,0.3299605549249319,-1.086238690480568,-0.2517019581028827,0.2853161031132842,-0.8542545825847112,-0.2662202469238147,0.1954761008705202,-0.7222935992743037,-0.22368687526249656,0.2864478039795689,-0.8063505263146206,-0.07774975504881411,0.4348408507533509,-0.9569217421197456,-0.1807131118796971,0.4179279874369042,-0.8236646025387637,-0.18047954149652842,0.34471783223343744,-0.7196184216069627,-0.1482742720010153
D,0.0,0.0,0.0,-0.15627436449187215,-0.18485606905304364,-0.15392009675258161,-0.19188486635913007,-0.45853611793763516,-0.24425371928545675,0.009390583962444686,-0.6297820283693086,-0.32666370418884677,0.20786424076274343,-0.7221422721221297,-0.4006744080096042,-0.13714081961875432,-1.0171727845814391,-0.12796027212289376,-0.14477441530939003,-1.4234492230121598,-0.23602819954774296,-0.14649425795177387,-1.68390905796246,-0.30533118026470335,-0.1504521247670222,-1.9038774553390396,-0.35794431309888086,0.06207558092627705,-0.989764713066332,-0.12850071992555823,0.18409542786867888,-1.203954347988866,-0.2967589609505312,0.16469426561992997,-0.9711917295099934,-0.3461321084690437,0.1079972029906426,-0.8037353486547644,-0.34054591233481346,0.2251828839509031,-0.8731181502640463,-0.14728554964971197,0.3258093810009779,-0.9943331189543134,-0.3077756370520038,0.2636183109359427,-0.7657995303854929,-0.2949012573698491,0.19237214947967982,-0.6374362229998983,-0.24553809273924465,0.34871405147959766,-0.6967145691866925,-0.1812510172174823,0.43237208732072974,-0.7716010023266188,-0.28444799182377656,0.3635810831256983,-0.6183972306380445,-0.2663985927985624,0.2833534461619776,-0.5192393367004235,-0.22796388339954576
D,0.0,0.0,0.0,-0.18611705297767078,-0.19504569466228183,-0.1609019096186887,-0.25125449035994774,-0.48171252601562053,-0.2666725035906923,-0.062290353158546134,-0.6275409485016804,-0.36760649033942067,0.12762598554545412,-0.7000547019777114,-0.45920408596442536,-0.1597247483959172,-1.0220419603091928,-0.14152435588779738,-0.17240749773156627,-1.4218642916209572,-0.27612685968878814,-0.1777874968048747,-1.6784639021953196,-0.3675722173167858,-0.166303957069299,-1.9100080291667634,-0.43741518492036685,0.034358878287552866,-0.9873329086641128,-0.1548973690921954,0.09944611780839485,-1.1839118883491213,-0.36099895882094474,0.02557079061495967,-0.9300455513298913,-0.42111550657225627,-0.03566765770241355,-0.7805526849590806,-0.4217319016914626,0.19963395229350947,-0.8757254068946967,-0.19089404997560483,0.2653722061483405,-1.0040266402244877,-0.36472842191845933,0.1716019086035724,-0.7663761165055573,-0.3371608815428694,0.10814540719507038,-0.6667939451830663,-0.28210237416738704,0.3446604206691277,-0.7089819588937311,-0.2463917670016337,0.3932386221404606,-0.8196010820811006,-0.3476943185657426,0.2987186454995727,-0.6599713634297619,-0.3174779755190899,0.22684482820880045,-0.5832020429765654,-0.2758139019871524
D,0.0,0.0,0.0,-0.19845603332914744,-0.16987833924057824,-0.14148794370759576,-0.28125984849021096,-0.454218817967737,-0.23469709095301777,-0.12119036088233616,-0.6355332554881805,-0.3266901033020543,0.04700011207824113,-0.738963179647431,-0.4108761297692561,-0.23666183585066677,-1.0031091388482418,-0.12679345880959522,-0.27026761236858765,-1.4002781881218238,-0.2508534085345685,-0.2904057891073582,-1.6457882589694681,-0.3331353555988134,-0.29431129263042305,-1.8649841095958242,-0.39419708407308957,-0.03807229056943816,-0.9891701563413398,-0.14174943560538703,0.018460165797850855,-1.1544287589001572,-0.3224177673229058,-0.028187571420788895,-0.9094962481126301,-0.373341768710092,-0.06065124430405453,-0.7794124664333781,-0.37231063061499725,0.136855701276594,-0.8930318814536191,-0.17635769070640475,0.18377009049980808,-0.9997123939615197,-0.3324412747490405,0.10887546387609826,-0.7625635556004065,-0.3018905603713945,0.06781793531402652,-0.6743684980623388,-0.24853633463917116,0.29067597415801827,-0.7387071267811138,-0.22806000820003902,0.33079705955758204,-0.844935781289631,-0.31446676332562973,0.24853268474886872,-0.6756400227536075,-0.2751457734021345,0.19399918866691737,-0.5965159680657112,-0.22813894388758563
D,0.0,0.0,0.0,-0.1757168213216072,-0.19263736594844766,-0.15396355301838843,-0.21965929021575506,-0.45692092867559436,-0.2503442854836476,-0.02502467614350503,-0.6437304164089868,-0.34114008165810444,0.16523616019870002,-0.7448710162457817,-0.423611415945796,-0.20410573926520964,-1.0016991391980565,-0.13086836088710024,-0.2261249483045565,-1.4172680388265861,-0.23776379527051916,-0.2328748793695322,-1.6742151575812634,-0.31161788155683856,-0.2334938456776812,-1.8883008349210098,-0.36664967745487814,-0.01210859895403587,-0.9913415187941552,-0.13074928277534825,0.08564292517607332,-1.2169671550677612,-0.30392419149063465,0.09295763948027795,-1.0001712895359052,-0.36514854305587485,0.06336841605157197,-0.8104447584566615,-0.3672505357061398,0.153672590240016,-0.8986254454961458,-0.14723050712853628,0.24239247406951697,-1.0783518139178354,-0.3030261024198937,0.21816379988643092,-0.8587137830312053,-0.2958297019263387,0.17778424404508728,-0.6890220060921123,-0.2494609180279865,0.2895155643635332,-0.7464641489805555,-0.1794186953012367,0.3566476342128319,-0.8918087262732999,-0.2774121618849263,0.3194503929922604,-0.7575233272455777,-0.2590103076538306,0.26755298415663403,-0.6284940621744107,-0.2189508411141669
D,0.0,0.0,0.0,-0.15589469990117236,-0.17338786240890017,-0.1757216248071246,-0.19306436011125874,-0.44069175964790697,-0.2810246483282255,0.005144788179226985,-0.6311903459072227,-0.3753175569781822,0.1955391776543377,-0.7464866781578392,-0.45948210165150855,-0.18261800884912982,-1.003513280058998,-0.15665050706290554,-0.19221696968943686,-1.4260864086575267,-0.2771686717079577,-0.19539161351611736,-1.689942793143261,-0.3545696121870453,-0.1956082583952471,-1.9103272430475555,-0.4115064385719338,0.01627734146772251,-0.9889334059081769,-0.14746445956092658,0.14216586210016552,-1.186703699602941,-0.3346501565594537,0.1369502661615064,-0.9252102602382021,-0.38511829114922874,0.09070972899717594,-0.7356425369626404,-0.37640034961920016,0.18529239297705816,-0.8916471903764268,-0.15837495904422463,0.28754090839746627,-1.015738844181438,-0.32833013227550567,0.24761665364361787,-0.7671874897351264,-0.30714525179811686,0.18918163869025695,-0.6179892082103848,-0.24945405412795046,0.31590047145024147,-0.7352412929925249,-0.18719008319829206,0.4080181043253402,-0.8311871502596859,-0.2949284666865011,0.35586368006632485,-0.6649155636191879,-0.2725474579775398,0.285660569008102,-0.5497687144162615,-0.22878927007595692
D,0.0,0.0,0.0,-0.20779876573096176,-0.12447919447305213,-0.14460103941639,-0.37983211107556564,-0.3638882676617287,-0.26002028731338206,-0.32525133795086514,-0.5404122412749724,-0.37843027958597447,-0.14880105328857343,-0.5888508740818227,-0.4934761889023156,-0.23662069186560872,-1.0556046267950205,-0.18480534759436373,-0.24553222814361791,-1.5609658121863135,-0.3360929202988484,-0.24236950265923646,-1.8644080094657638,-0.43401800096293036,-0.2281856131132599,-2.135123087995924,-0.5078065982546973,-0.037701498355329086,-0.9775726400001803,-0.20719635746035908,-0.07480833653005006,-1.208809426182989,-0.4449028887331361,-0.1460830357964,-0.8722193215740676,-0.5041285864233388,-0.17742990793600996,-0.648645328194766,-0.4953678067982597,0.14215295841229444,-0.8475533664635624,-0.24502520255079405,0.11751725116811887,-1.020170860318915,-0.4670350487288478,0.01181876382764884,-0.668596263063718,-0.4331494742408111,-0.04805678030992291,-0.4538467092693062,-0.35399614433754345,0.30465028847970077,-0.6718070418960274,-0.2957546821843646,0.27317405844365983,-0.8074118735576429,-0.4406573539913162,0.16016524102577906,-0.5794264112194577,-0.40665510533093885,0.08688538710281152,-0.4260214610564144,-0.34520801291844294
D,0.0,0.0,0.0,-0.2101715446823197,-0.1255760094806557,-0.13199286536169275,-0.3767964979253622,-0.3706178712824705,-0.23548911439307263,-0.3204163437505965,-0.5529735820164613,-0.344296080889821,-0.15382094721001346,-0.6131227473501647,-0.45094780028619114,-0.24467017032052712,-1.0576068582034002,-0.16336366359404458,-0.2552329702821765,-1.555993676178494,-0.30460560251052415,-0.2520391453113869,-1.8589578503175679,-0.3970235369721616,-0.24067980285036483,-2.1287398415876857,-0.46678508948888153,-0.047180364736602365,-0.9809012614532108,-0.18869745218953307,-0.0799434378174473,-1.2284539544970419,-0.4149060064542911,-0.14706819756970949,-0.8998316920082468,-0.4731938969261061,-0.1797015613807687,-0.6718812592012473,-0.4643811089158281,0.133488062299438,-0.8522517801930749,-0.22821537471238548,0.11383285516395619,-1.0390894777935307,-0.44075812711332296,0.012570316709267514,-0.6886173698521086,-0.4087474475365404,-0.046470791239430265,-0.46674838805473523,-0.3314065411620849,0.29676502791497833,-0.6770181715610566,-0.27934477537929014,0.2671100866316055,-0.8247838222535484,-0.4166853093104379,0.15918346864399102,-0.6000584722249754,-0.3813397459319738,0.089245718842556,-0.4413944785745689,-0.3195689755080332
D,0.0,0.0,0.0,-0.21979262825982457,-0.14207399316370997,-0.1172361455957307,-0.36917666739882815,-0.39926349504290387,-0.2057830308304154,-0.30607595058515474,-0.5960511064786072,-0.3030073759148199,-0.15492319767567939,-0.6820788054299574,-0.3968688390104118,-0.262458473465311,-1.0491717945439456,-0.12050841279370325,-0.29456376934984396,-1.5249553640672113,-0.24018532335747494,-0.3016716641875514,-1.814710762111094,-0.3245264188525719,-0.30375882034142504,-2.0631865718096583,-0.3901459008013765,-0.08259417274778977,-0.9853813728275185,-0.1490025258600108,-0.1196567362062908,-1.2553253072875123,-0.35142955627562816,-0.17301920235867582,-1.0068882975653561,-0.4200766319017113,-0.2098970040247594,-0.8038007437418463,-0.42652354142704524,0.08753991988058357,-0.8769764124126371,-0.19119428045740958,0.06457837641938399,-1.0948209992799378,-0.37968460660214376,-0.01619882712509089,-0.8039722461585725,-0.3651665955418672,-0.06963911059710585,-0.5894368516768762,-0.30829865477028623,0.24315564822760657,-0.7220245223174293,-0.2452023396346086,0.2185053819837113,-0.9140998385792286,-0.3671642780806775,0.12486506245113203,-0.7218695397786133,-0.34111892444977115,0.06098008617035008,-0.5536458840838366,-0.2922963000747498
D,0.0,0.0,0.0,-0.2300062052807604,-0.16069138817442236,-0.12247294272062142,-0.3587796021537943,-0.4173505495148852,-0.20841029553459064,-0.2900250944378187,-0.6364984476249718,-0.3034316329323351,-0.14638054270968845,-0.7832748387543497,-0.39283644259195755,-0.2923743737202804,-1.024218155420898,-0.08881008761818364,-0.34166766657327746,-1.467700411085658,-0.2023581746421999,-0.36754171720243106,-1.7491015833738084,-0.280614871774841,-0.38609839672670776,-1.9904150514333785,-0.33929160522904717,-0.11519120487558752,-0.9866303721555559,-0.11528874645644965,-0.152830382194265,-1.2804401246809884,-0.3041014973130574,-0.1935737603343965,-1.0787577532383656,-0.3730801116538269,-0.22427542570684883,-0.9009585410076933,-0.37908347957617866,0.05645579654382354,-0.8935612235976281,-0.15861155644316655,0.03899986343298223,-1.1326002192745914,-0.3380038986704786,-0.024159773427901828,-0.8576906869677304,-0.32484399447793755,-0.06540133125836377,-0.6523412927151282,-0.2678355119949962,0.2180051227819237,-0.7464166226283544,-0.21507066504820502,0.19717157248588443,-0.9591274726626946,-0.32551837011445267,0.11575494053617238,-0.7840420948661425,-0.29655547977534197,0.05721300226296408,-0.6175945727181631,-0.2466363786662317
D,0.0,0.0,0.0,-0.23554295683273205,-0.14817630614966512,-0.1108232669062767,-0.3754207388315452,-0.4085404669874257,-0.19081647109044417,-0.3209473203030743,-0.620473589147348,-0.28070136399138446,-0.19737657226499924,-0.7622078698073876,-0.3667750717449636,-0.3212757621093281,-1.0155913425097534,-0.08898754495211053,-0.3868949539225617,-1.452821755081033,-0.21103252482983664,-0.422406904814563,-1.732901126984687,-0.29936925709525103,-0.45030207999870014,-1.9756669780060836,-0.3653467850222932,-0.14424630667029292,-0.9817975514039426,-0.12355796643358295,-0.19660191977358035,-1.2781334364536772,-0.3165556866458063,-0.22995040436987987,-1.053021954139182,-0.3888077697780911,-0.24869328754203598,-0.8751339839168353,-0.3979893909878432,0.03231908061441401,-0.8914954944607165,-0.17386131271884508,-0.00428375820393322,-1.154515219193776,-0.3532983901356054,-0.05944095957061302,-0.8761787588848359,-0.33699336231459925,-0.08590459865082375,-0.6774581295104183,-0.2801181424391749,0.20329078521670146,-0.746970249601217,-0.236358371871659,0.16129657301847922,-0.972348011645765,-0.34654863411329667,0.08386387420012938,-0.7901812561855811,-0.3131868694370815,0.043386416661207024,-0.6294997486556198,-0.2613150468195715
D,0.0,0.0,0.0,-0.22497261426550508,-0.15612459234004766,-0.10539991739307263,-0.3595877574058083,-0.4197993871790935,-0.18319502695763157,-0.2966429568389798,-0.6265381271274805,-0.270809889230717,-0.1764644045460167,-0.7469427379800028,-0.355293789283711,-0.30517587148149466,-1.0241567121210966,-0.09701624915871743,-0.366919195820807,-1.4671932817765652,-0.21319820295729125,-0.39638822603263507,-1.7454269073782058,-0.2981683193801821,-0.4186747799587514,-1.986172791750416,-0.36216193841989486,-0.12604083749392542,-0.9832642196892919,-0.13154916025059998,-0.17109994850690047,-1.2854242334662453,-0.31968811633089234,-0.21052101349368724,-1.0689042534896087,-0.38971623671263994,-0.23565513203171531,-0.8795561030104069,-0.3988892336648925,0.05175467444555181,-0.8864160933429447,-0.1798365421417866,0.017640300030951673,-1.1485046120724078,-0.3531839567743043,-0.039892513069247654,-0.8842571658722252,-0.339856906367054,-0.06991691048675326,-0.6827809964149841,-0.2865531963442413,0.22240250583333396,-0.7372115310333459,-0.23935042363600997,0.1892005528885038,-0.9720063214847671,-0.34563058184340034,0.11144914409364835,-0.8053183810819388,-0.3137638014799101,0.06969426327366632,-0.6483309455075175,-0.26365416358692495
D,0.0,0.0,0.0,-0.19962358422392734,-0.14979621143998434,-0.15561746487851122,-0.29486184687464567,-0.3914082463987515,-0.25784847496198254,-0.1758824364089139,-0.5963681133909121,-0.3563238762589452,-0.018053649991541514,-0.7381668094890871,-0.4471456559924958,-0.2810180341835078,-1.009585309217988,-0.14588491004185566,-0.3332760708788091,-1.4563927294267447,-0.2607956755778196,-0.358756795317979,-1.7229571194931952,-0.3387111527430938,-0.3768415865152404,-1.9545502448858887,-0.39630083196074295,-0.08692376695664715,-0.9851699852341107,-0.14793363015855632,-0.06864532283110084,-1.2360402387834681,-0.32855798539606873,-0.06903469101917521,-1.009529213801062,-0.387097445609032,-0.08659791857891543,-0.8172640283856588,-0.38860238046624895,0.09208516401328766,-0.8981589816548177,-0.16675411945137922,0.12034467392179758,-1.088172719766615,-0.3391522338936468,0.09671179851077728,-0.8137758008787257,-0.31934062674841385,0.06747350607016939,-0.6134454556481612,-0.26053687875313214,0.24992075612462533,-0.7600481467532241,-0.20087321585785065,0.2822550206199856,-0.945755942916502,-0.31313135905427025,0.23058186113939766,-0.7576411996541691,-0.285212597868613,0.17733411155502382,-0.5922950086692654,-0.2349908299635531
D,0.0,0.0,0.0,-0.2012003993822755,-0.1697102363410446,-0.14449937434139798,-0.28843365581378777,-0.41829523790602346,-0.24020335803068443,-0.16730083241474134,-0.6176602914792225,-0.3348396320633209,-0.007091462934556044,-0.7469886145847057,-0.4228885123179965,-0.26351297286194886,-1.0224460967000946,-0.12976179044411004,-0.31009860915792625,-1.4690107240785724,-0.2374652033218908,-0.33265191743847317,-1.7350929145462453,-0.3101557224572435,-0.34786261235817734,-1.9619161929701818,-0.36435800798225587,-0.07246540634509734,-0.9879993293343896,-0.13640414259851694,-0.05116744015447168,-1.2466779127662644,-0.3112843873474571,-0.05960916978904756,-1.0275396323659451,-0.36847872016016336,-0.08311828483477707,-0.8293721050294325,-0.3696974147899224,0.10420364450127267,-0.8935212544427192,-0.15910634720321956,0.13810628678014908,-1.0919997982663152,-0.3252010425095162,0.10610664715987943,-0.8299617447241269,-0.3080596415015302,0.07072149979326486,-0.626900576959012,-0.2526627256580122,0.2589772986735889,-0.7489525084078897,-0.19631127161524026,0.28989299355608067,-0.9321075958958978,-0.30253381957133213,0.23646314935746707,-0.7523296103032324,-0.27553860847077044,0.18472841677072163,-0.586739676098583,-0.22757487390712547
D,0.0,0.0,0.0,-0.20580114487812518,-0.1717246581596869,-0.1480616824006333,-0.2985189387066132,-0.42218281052204015,-0.2449167603280506,-0.17925258031383212,-0.6185171954457016,-0.3408422556533726,-0.01574868548189127,-0.7461655248347578,-0.42993680883431273,-0.27659655826294355,-1.0242826915038001,-0.12953053496987796,-0.32602233277359277,-1.473016549891831,-0.24102245177958556,-0.35005179470758624,-1.741621015525006,-0.3175435052438668,-0.3658433171437593,-1.97097493188211,-0.37487368079309175,-0.08457049484262621,-0.9869174855706473,-0.13726510145329848,-0.06742826322482451,-1.260429162299879,-0.317711748933872,-0.07761414596252089,-1.041268888998276,-0.3767637061944189,-0.09885527397384472,-0.8424065029465656,-0.37852410842068207,0.09367841770180203,-0.8917209427644439,-0.16228302093379865,0.12268689953927112,-1.1038443668225808,-0.3302196222296294,0.0875637011553391,-0.8457186065855984,-0.31306057658991765,0.05217458254796707,-0.6465149734922906,-0.25837537602578403,0.25218156374041417,-0.7476139105498212,-0.20285883848296227,0.2793681298991551,-0.9359727581883641,-0.3098771648878123,0.21858766531852225,-0.7579794187769697,-0.28334024080022624,0.16221547513455767,-0.5954951262336583,-0.2367823693374705
D,0.0,0.0,0.0,-0.21348583796958234,-0.161803184732253,-0.1505525902919326,-0.3189929684627537,-0.4132683989268802,-0.2549395551981003,-0.19198217606406964,-0.5995708680530993,-0.3596222509377137,-0.02213029722197491,-0.7240887280384471,-0.4601346970209496,-0.2839277709780487,-1.014218785890828,-0.1361112423978044,-0.3354707764519032,-1.4612534696718316,-0.25722859036158036,-0.3550985103803022,-1.7337154683576197,-0.34225696256865484,-0.37007557598776075,-1.9674597582278168,-0.40645316505822976,-0.0888212117440608,-0.9843102966735684,-0.15245993639874114,-0.07107987414086206,-1.2491452663104419,-0.3478985647194702,-0.09105934456496989,-1.0098637437198523,-0.4135977602855747,-0.1224321463125792,-0.8103374479237138,-0.4185676085396748,0.09200903310338371,-0.8908513973601945,-0.1872335903892351,0.11870583312768304,-1.101373227252545,-0.3615780785815982,0.07759286158640369,-0.8429721043496785,-0.3453561170196845,0.0354801628028567,-0.6556843543015513,-0.29342327026308607,0.25878196140625587,-0.7447687403165084,-0.23824534028313116,0.2758646305478475,-0.9312757609643392,-0.34474950241893787,0.21209564134368558,-0.7483974884972378,-0.3148258340969527,0.1560663206138498,-0.5971355115542393,-0.2687701534939877
D,0.0,0.0,0.0,-0.2237432626742148,-0.15153258237001907,-0.1297008090026593,-0.3541862825788888,-0.40929008655743576,-0.22201769267044413,-0.25052234686046637,-0.5984080132671359,-0.31811844481374885,-0.09256458470105398,-0.7094754242086565,-0.41161395937138895,-0.3064752769419679,-1.0169482568411023,-0.11470770660462103,-0.3581934627407857,-1.4499085709208657,-0.23197069204623133,-0.38264038105255155,-1.7187804993700821,-0.31284341114587166,-0.4015516503469788,-1.95236554390475,-0.37343481817513297,-0.11317264074707073,-0.9838088915567582,-0.1389676878997308,-0.12353905525397468,-1.22913306259465,-0.33103210678538086,-0.15680968337524004,-0.9703870047932907,-0.3912176614745681,-0.18388918569702906,-0.7741377586627214,-0.3898486916205289,0.06624628122303787,-0.8891585466575443,-0.18037515954020658,0.06988479494822297,-1.0929609537024378,-0.3527278701313639,0.014228514691151063,-0.820797824201804,-0.32951159325338897,-0.02836617121448105,-0.6456967587093676,-0.27117395029250974,0.23449425426473008,-0.7399106075719295,-0.23562022284764128,0.2300893079303446,-0.919510827176446,-0.33816222244020167,0.15729139914518545,-0.7261190076186645,-0.2999120328782676,0.10279324650190662,-0.5875196876718035,-0.2467785322325503
D,0.0,0.0,0.0,-0.22056076593020604,-0.13343562256922928,-0.1278567838476438,-0.36779421802440726,-0.37860353783718587,-0.2204528254459001,-0.3020965686216446,-0.5895380614221603,-0.3178872821544323,-0.15167290180438964,-0.7077479726267152,-0.41049754654191595,-0.3095559905777716,-1.0186874527020553,-0.1259909451544325,-0.36792286961787274,-1.4878806760579142,-0.24354497835993086,-0.3935859533073501,-1.7713392491327584,-0.3245411770479563,-0.4107035111360671,-2.0203906323501983,-0.38752566778299896,-0.12341028013840613,-0.9811418751035546,-0.14876331427620496,-0.14520454966124044,-1.2614663703734317,-0.34346284720338,-0.17855699039935352,-1.0147639023465678,-0.4065680700242502,-0.2024654990905126,-0.8123563718969968,-0.41060739603901647,0.055103179906039454,-0.8926903488987251,-0.1865848894095984,0.037332666753703614,-1.1211598476265583,-0.36501681084989407,-0.01969166718205916,-0.8417421629183273,-0.34538383961049846,-0.05654614652219508,-0.6404351746594235,-0.2887110887144994,0.2239085088187929,-0.7557468693136982,-0.23760580556218144,0.20122014304589442,-0.9616335957038056,-0.34781014509169966,0.12402638550811775,-0.7750155162646472,-0.3163676256122724,0.07164040483491971,-0.6144339764805871,-0.2671348211485152
D,0.0,0.0,0.0,-0.22564757886342682,-0.13309712792357573,-0.11329145782387529,-0.38902124636402424,-0.3759424464478757,-0.20012078417400853,-0.34798065079828483,-0.5840586152484998,-0.2968675048639506,-0.19665756005293852,-0.6901511172450423,-0.38994804900867935,-0.3142572635741466,-1.02560886949583,-0.1092470809958277,-0.3794499810742429,-1.491248830955085,-0.2259930229234903,-0.4118097469923727,-1.7755567463172088,-0.30700606382898654,-0.4346885222019552,-2.0163700228921533,-0.3698336358935289,-0.13812226896700353,-0.9805882015435801,-0.13917261874713033,-0.1976754167547468,-1.2558150987436765,-0.3370404494007244,-0.23801692423566692,-1.0034265907562947,-0.4016447083715926,-0.25669123641303987,-0.7888166992079576,-0.4047574806769714,0.033388421014822575,-0.8896223070690732,-0.18370167627427222,-0.007389557587327015,-1.1151850105487082,-0.36887166088524764,-0.07345262571510999,-0.8258109202425958,-0.35460679227097835,-0.11005659275862417,-0.6030845231633105,-0.29744832352879796,0.1971041816653594,-0.7514469099992381,-0.24002013787839122,0.15957587201973628,-0.9562887895029992,-0.3596470780632316,0.07295330793565302,-0.7668635624078701,-0.33553099577180157,0.01577602299038648,-0.5867852099568235,-0.28830829213872716
D,0.0,0.0,0.0,-0.24175809858460265,-0.15036457620273067,-0.10661178429855117,-0.39105407452283275,-0.39037450286322134,-0.1928466453125848,-0.33619035950351095,-0.587571201333595,-0.29120611100953464,-0.18953341176747499,-0.6995503400463361,-0.3872419399333158,-0.31794276022475976,-1.028912937763874,-0.09305201575955271,-0.38263772585824596,-1.4693915904139487,-0.20984592422037582,-0.4185838834961629,-1.7531647783265785,-0.29520155868981357,-0.453262547057854,-1.991874524817187,-0.3607133295084826,-0.1368212107952913,-0.9818235994389622,-0.13153849573881665,-0.18572815228900966,-1.2500166296767101,-0.3276530014433245,-0.23219880481504226,-1.0273773322658273,-0.40244094677914904,-0.26571444161944807,-0.8261681487558996,-0.4123829402286014,0.03754008538150721,-0.8810344273904102,-0.18431546805100296,0.0016712634684501618,-1.1131424375008516,-0.36590427640510403,-0.06412285217720222,-0.845539466025709,-0.35700457946014286,-0.10542269286757487,-0.6354958509408332,-0.3037902837715173,0.20529857700514337,-0.7291239912288778,-0.24839945208333863,0.1570524073263191,-0.9271399783866484,-0.36097869038484065,0.07410492881830331,-0.7517408453276141,-0.332917358529048,0.021177384170266662,-0.5867668670681322,-0.2836237384110302
D,0.0,0.0,0.0,-0.22197396816941978,-0.17096289830567843,-0.13380216171760634,-0.32185212562455284,-0.4514181837436863,-0.2298077748819746,-0.18195865103226455,-0.6352755077429295,-0.3302473800616643,-0.008560347210774264,-0.7371007683283334,-0.4279907675037696,-0.26035487257842943,-1.0287164690481205,-0.11843974543097116,-0.29792930948566154,-1.45780013544297,-0.24451659453009342,-0.3174414011442043,-1.7296365363423982,-0.33217426886290885,-0.3319287580782253,-1.9665452087585091,-0.39710364124198877,-0.06612654495906851,-0.9868546992939712,-0.14746213932118912,-0.046515908446522654,-1.246713899679402,-0.34705683172183815,-0.08766554423435041,-0.9927292781013061,-0.41387466462041994,-0.11647580611312659,-0.8082918449721941,-0.4142557626281953,0.1117109097429635,-0.877728065177461,-0.19425640276330736,0.13265084895491452,-1.0893701949892516,-0.36951847824931694,0.0690572015360242,-0.8302366047894931,-0.3508996072546228,0.02747485276747766,-0.6773952207580913,-0.2942844041964959,0.2749460385146375,-0.7162787460357023,-0.25568422169488475,0.2775018877408976,-0.8982144453818849,-0.3543917641976171,0.20306304223348146,-0.7171443825630672,-0.3123974168714555,0.15388663329480226,-0.5932745539107972,-0.2569523023509108
D,0.0,0.0,0.0,-0.19628472524247412,-0.1779530476747859,-0.14358267049002574,-0.288707631630381,-0.4453000055632903,-0.2450743783701793,-0.16852943327230596,-0.6308634300036637,-0.34814597009413023,0.00030754785623985715,-0.7387605144502476,-0.4458885364208816,-0.18769078963229344,-1.0540666845542424,-0.13403819391888636,-0.19901912070965017,-1.490777848467704,-0.2560063356576617,-0.20062668969733868,-1.7650782744847617,-0.33709021895768176,-0.1978526037890882,-2.0060187786545844,-0.3976936754770335,0.0037385424015243915,-0.9883062033926948,-0.15243645114023519,0.027309358191037747,-1.2539099655991441,-0.35385324857849443,-0.0233746983159691,-1.0019595028739519,-0.4180125282027932,-0.0694175201974432,-0.7976732271605416,-0.41640862049910754,0.1763172496568145,-0.8567667754633244,-0.1874004664084602,0.20926434846720565,-1.0715016128516661,-0.3733430327259554,0.13321385514667633,-0.7928568876479157,-0.352521708567369,0.07610992285796696,-0.6005443902381048,-0.28893910770456344,0.32957498979442745,-0.6737936298618407,-0.236242671548161,0.3527484766765005,-0.870934140443417,-0.3488311873545777,0.2667709158720551,-0.6983401513070715,-0.31530860367965075,0.19787658785241127,-0.5554853394495718,-0.2615248457675308
D,0.0,0.0,0.0,-0.19341866992264756,-0.19361174488132712,-0.13848942351469268,-0.27355969433839217,-0.4589885485063242,-0.23384938721284004,-0.16073164666780504,-0.6403634588193262,-0.3313234324192386,-0.0034341711366442295,-0.749684223181756,-0.421933022062616,-0.17313466436160957,-1.0570643895258898,-0.12344058032959236,-0.18439645988398062,-1.50926569144342,-0.24109164151845705,-0.1804933624059079,-1.7784090324560198,-0.321497408678822,-0.171928943808985,-2.0127106420786114,-0.38110381350596073,0.015628987215594085,-0.9901537268597496,-0.13910906492519923,0.042837009548342825,-1.2563169065134057,-0.3262059480751077,-0.0010924807237581056,-1.0299030077163476,-0.38949895011381286,-0.04753761795475896,-0.8392268845952267,-0.3933085564530255,0.18806530428378598,-0.8615552997568204,-0.1714941590723243,0.21887683226536145,-1.0696230857228297,-0.35013881299194194,0.14450074459190962,-0.8040410217772344,-0.33266093345916653,0.08208984195297156,-0.6105225579423204,-0.27480451992984195,0.336983662756169,-0.684221517659489,-0.21732184773273286,0.3695345461054355,-0.886799377896167,-0.3313322300404516,0.27648712249317015,-0.7177722309634411,-0.3009263643122389,0.19272305383103927,-0.56430474073884,-0.24966472642881363
D,0.0,0.0,0.0,0.23614121226073823,-0.09690525713778092,-0.10830698573514977,0.4463735757673293,-0.3045009625571386,-0.19845132096406093,0.5557552810182357,-0.5115510220290522,-0.2959542849288069,0.5145889052107885,-0.7191129241395993,-0.39098859829637855,0.4151712297588284,-0.9534995176359142,-0.10144060980063624,0.4949277403944011,-1.398185324465946,-0.20289289285074835,0.5636874544678114,-1.6547426000625938,-0.2574186547828449,0.5935955625968108,-1.8756579443391046,-0.2971625640211649,0.24628031292770408,-0.9597170560855928,-0.13523749377534075,0.38422669704588364,-1.329975292555957,-0.3028470066324541,0.4371234516693847,-0.9847978499056275,-0.3425676918624354,0.4104322076743694,-0.7908193281400067,-0.32766818977950524,0.07706069675792061,-0.8962402441995955,-0.17982520904884544,0.16355201214702494,-1.1834578776780296,-0.3467158497673286,0.24170690183006752,-0.871602929610077,-0.30743047673709684,0.22143626840109346,-0.701591710581727,-0.23770848778185694,-0.11371395244389361,-0.783865432537952,-0.23356669953030307,-0.02979194078789987,-1.0298374794703826,-0.343919067424367,0.06147938950418392,-0.8286913949194037,-0.2971648343926522,0.05531381733521429,-0.6816843365907185,-0.23712635822592965
D,0.0,0.0,0.0,0.2262750728129631,-0.08380570549410367,-0.1214135560012036,0.42148548373488987,-0.2563795551742796,-0.22516479158533764,0.521612708829076,-0.4206470027145227,-0.332519350189834,0.4786660327709548,-0.6259116515555119,-0.4334055627869978,0.42052351639915647,-0.9607191917350588,-0.13399249526250911,0.46604910263186083,-1.4399888644364547,-0.2511800507918879,0.4889225481704104,-1.73291015292479,-0.3179086332443142,0.4709752744018398,-1.9782134836423895,-0.36420929723411855,0.23693576007191638,-0.9579618840604065,-0.1617729096189454,0.3385661469222312,-1.2877089116180973,-0.33445586335361055,0.3836080039278338,-0.9523448529666101,-0.36684158618825,0.36422448342821395,-0.7825329081765499,-0.3492087108772096,0.05379482754764078,-0.8892922550789549,-0.20218979228019546,0.1286996854022976,-1.1399730508845316,-0.359945635292599,0.1883594105774742,-0.8435471518078693,-0.29976901070374723,0.16271767512733185,-0.7088088961938599,-0.2224345723643018,-0.13911965735156584,-0.7762283379701038,-0.25594150497031243,-0.0557508150269224,-0.9736480940235218,-0.3497533532092026,0.014186879219872746,-0.7769712990691742,-0.2852317215052136,-0.00420964465982362,-0.6688953607381999,-0.21666013452854216
D,0.0,0.0,0.0,0.22629606917422418,-0.0939951446864262,-0.13511265512119766,0.41636236682523037,-0.2713245526714402,-0.25440425717619364,0.5177901448344618,-0.4324206900397441,-0.37665761093245886,0.4580876431357091,-0.6276727726823399,-0.4920160732158833,0.3889746911512432,-0.9858926603519534,-0.14740660889830193,0.4040267138278117,-1.4676151455993485,-0.27661863034932016,0.4130537687427541,-1.7646253911471796,-0.3499798007081026,0.3766357009326528,-2.0058415344070273,-0.4005815077394831,0.19862498640995857,-0.9642322979820037,-0.17551122557257737,0.3011934522866287,-1.2873800448110178,-0.3672525194538196,0.35725029656455776,-0.9357724758292594,-0.40488966774023083,0.33421743781039265,-0.7933832600939003,-0.3869659020680351,0.017085032143470805,-0.8835942526808748,-0.21805389644948078,0.09028056081293967,-1.138111019275421,-0.3935557586903113,0.16494292654205622,-0.8346708470122369,-0.33259085681734607,0.1408195665926893,-0.7242198647278766,-0.25107972707148873,-0.17192747374522288,-0.7586777001635521,-0.2748820880593973,-0.09126516941326845,-0.9560034807004135,-0.3809911209786459,-0.007242540070675569,-0.7551751581891325,-0.3157088496580455,-0.02211204242008103,-0.6582232355445296,-0.2446665345949925
D,0.0,0.0,0.0,0.22708216172073734,-0.09794642636499785,-0.14052356082252454,0.4120695077975597,-0.27491972041116697,-0.2573288168816993,0.5050912256369691,-0.4456096906625127,-0.37580143388181664,0.44979567372158846,-0.6477114190104469,-0.48606420462319744,0.3835605890103346,-0.9918124275864991,-0.1374066190457022,0.38966111822651783,-1.4612711184181257,-0.2627904285179926,0.3922877829415607,-1.7569838820468935,-0.3335509742186152,0.3513763351401928,-1.9947482058901493,-0.38173189634341487,0.1940984214149757,-0.9680644825028476,-0.15867249453105717,0.28426040825363036,-1.2876584815938135,-0.3406102475683938,0.3439104110098005,-0.9430102405423081,-0.37424640078507865,0.32795662720754926,-0.8078312831580905,-0.35486109328331733,0.014215764250128564,-0.8878922385745499,-0.19614634253600433,0.07924573508778657,-1.1397693528150266,-0.3658289278990116,0.15206078504093626,-0.842018858159151,-0.30541685467240864,0.12923333665979994,-0.7370418120382273,-0.22501458250685444,-0.17300669006502745,-0.7644904199350759,-0.24866084890562387,-0.09871035164396132,-0.9665504470705282,-0.3521926953763352,-0.018631615649173736,-0.7689081901015665,-0.2885240260823358,-0.03457235183279566,-0.6754376085977428,-0.2187687386361329
D,0.0,0.0,0.0,0.22606229897751573,-0.10336009146508783,-0.13254070025871362,0.41188995043318327,-0.2890051532021611,-0.244413318621863,0.5033602440785684,-0.47449381898712834,-0.3591898194646122,0.44583809399783103,-0.6750925825762154,-0.4673069544729231,0.37534274636053927,-0.9923167276269073,-0.13417840162116143,0.3820224123640061,-1.4661292531363976,-0.25653422851539875,0.38296270469370197,-1.7581304621269416,-0.32459992862100023,0.3413120604878356,-1.9922288808886077,-0.370761810232129,0.18809718160379343,-0.9693265226673309,-0.15819463558025654,0.2701218752790142,-1.3114482899758326,-0.3357649576994178,0.33485625535699104,-0.9760247159690455,-0.36947234221769654,0.3270249580493322,-0.8309462598286337,-0.3513859617245308,0.009783691219569868,-0.8876272705689188,-0.1968780531126861,0.0638041819314642,-1.158773897102745,-0.3602108972033923,0.14199500261408746,-0.8708752708166277,-0.30085872921003265,0.12800714798590448,-0.750641282754225,-0.22280015510455778,-0.17868556964282858,-0.762337246701914,-0.2500195193535731,-0.11862045204672123,-0.981133650404507,-0.3487223751088438,-0.033612863353597075,-0.7947040534174904,-0.28663592927389636,-0.03922254593963306,-0.69450561345478,-0.2193181889760075
D,0.0,0.0,0.0,0.22483194111472615,-0.10723956476652052,-0.1254222456679992,0.4085051878173932,-0.30471829064500533,-0.23018292287036,0.4953829166877536,-0.4992621712004667,-0.3384867811180331,0.44158935886062983,-0.7058369189680498,-0.44169661144117606,0.36543197858242604,-0.9927299241652231,-0.13483514169311173,0.37827254332573834,-1.4742888031346104,-0.25447889400426965,0.3777366816321519,-1.7588229267278537,-0.32253029548183143,0.3371617377402555,-1.9914890386183963,-0.36871867937458547,0.17785365114349938,-0.9709494628942523,-0.1600787908509099,0.2586846694235038,-1.3288988447691414,-0.33467413619946706,0.3310191197167292,-1.0079287216123765,-0.37205383116258045,0.327883764266171,-0.8503908344587103,-0.3581451768725943,-0.001059913405551099,-0.8863546943173962,-0.19816283441574695,0.04722240618474968,-1.1759266186424484,-0.3568856942446377,0.13073896237354182,-0.8988922227190944,-0.3024241586657848,0.12294813812367798,-0.7641335838535562,-0.22892623051278652,-0.18987543375437355,-0.7565398954507638,-0.2498065700251494,-0.13413180137945863,-0.9953462893245117,-0.34612271291662655,-0.045368239070128824,-0.8199613136800198,-0.2867192515941308,-0.045198746366853476,-0.7105396276938425,-0.22184720099316887
D,0.0,0.0,0.0,0.22789162315100453,-0.11583632511607404,-0.11101739996739271,0.4223634318681074,-0.32465305691762814,-0.20646940850304726,0.5136290851862693,-0.5129915451789392,-0.30673178568963183,0.44953639132436396,-0.7062327597637427,-0.4030422199433646,0.3523220476081837,-0.9956207933478292,-0.12924121736843422,0.3656173222045392,-1.4796599437760802,-0.24630051192761473,0.36641370137465445,-1.7570328317896595,-0.3186321003705481,0.32626382794642195,-1.9984553955457223,-0.3702044746236039,0.17220389540029,-0.9718448632028902,-0.16082095720123527,0.2638446766037581,-1.3266173187544872,-0.33944518205141316,0.34813327875865346,-1.0002800754561938,-0.38927128073216516,0.34256476525712953,-0.8203851714186751,-0.3855896987024646,-0.003858945605155876,-0.8832469982287573,-0.20225846494221758,0.04560662638480713,-1.1899897114045024,-0.36165151790069444,0.14469865642394591,-0.9140263162709985,-0.3191662721082822,0.14333938073622862,-0.7622956153997633,-0.2545363361640013,-0.18900236500267686,-0.7484817937084047,-0.2548165392274755,-0.13083912071236997,-0.9977323717025864,-0.3513087890563937,-0.032679656685665665,-0.8224361616391741,-0.29713071565094734,-0.026864423934729723,-0.6980328926746017,-0.23671721577291027
D,0.0,0.0,0.0,0.2248884848845307,-0.10284510016440213,-0.13662316553037532,0.42185386801155106,-0.2885108451949009,-0.2580333641773414,0.5237134406514992,-0.46313568983758874,-0.3826610871188704,0.44725744955135316,-0.6446405264394155,-0.5009900095161289,0.3547915117216114,-0.9962769608870227,-0.14267772141776539,0.35644852838477914,-1.4640071485195585,-0.2682639226395492,0.3627904741432539,-1.7669188777496159,-0.33561884489051286,0.3185563441923203,-2.0080422522142682,-0.3817674268423079,0.17092397373017465,-0.9706537795572772,-0.16916333951379406,0.273293407926214,-1.2835727941054484,-0.3542429174042569,0.3384553711434501,-0.9183267828949626,-0.38159451204420464,0.31182048129239603,-0.7806457291913284,-0.3549083622056866,-0.00414167341057474,-0.8838581647707818,-0.21093577118076134,0.06485927883523383,-1.122417003732318,-0.3851504524384158,0.1465716393599921,-0.8183402201422324,-0.3193370031655219,0.1171292383258296,-0.7216276177614684,-0.23334284746641112,-0.18877928000847358,-0.7504654514907138,-0.2666475132368089,-0.11538699984636994,-0.9273990326111277,-0.37084126868050754,-0.0280318330403655,-0.7301575468285033,-0.3023401931463265,-0.04728328104888847,-0.6408301227849598,-0.22862796383771317
D,0.0,0.0,0.0,0.2311868622856183,-0.0907454325749927,-0.17449897025451722,0.4270798217253169,-0.26418039050293013,-0.31321513540805096,0.5195641263651586,-0.4265977646833247,-0.448050698696201,0.43368561837402786,-0.6153122631430326,-0.5721986726106917,0.36274457556887896,-0.996669414340344,-0.169185115367626,0.3635274750742883,-1.4505110838185808,-0.3121884497684933,0.37020772727810947,-1.753728508734303,-0.3854521579085639,0.3262340400631778,-1.996577973615262,-0.4338229906096383,0.17194243263802098,-0.9678342354416829,-0.1836646197979697,0.2786104548689017,-1.2684127558856328,-0.38605794642639846,0.33618613461466385,-0.8888798314459777,-0.4143435724182936,0.30368372416827294,-0.7828162517550834,-0.38304508991394715,-0.005950272607952287,-0.8785106807339448,-0.2191300691620677,0.0697733906075475,-1.0738185009257226,-0.4179111359478072,0.13974637988135163,-0.7503967010181714,-0.35418630715985217,0.1013204850690587,-0.7024659702447017,-0.26384197598359693,-0.1878539918413001,-0.7463863436053569,-0.2713918447778466,-0.1073091016313182,-0.8680582763676971,-0.3929868105873843,-0.029485844287675287,-0.6574892997318303,-0.3285063629669903,-0.06188215228516133,-0.6061722200074222,-0.25503471766375035
D,0.0,0.0,0.0,0.22972104926564832,-0.0944887973194151,-0.16555484617804225,0.4196314718665116,-0.27219324537925405,-0.29779689796135944,0.5132341285224292,-0.4362988374437239,-0.4269646206435287,0.43604481132781525,-0.6229785252147425,-0.5462635205235153,0.3619022337949407,-0.9992949378561643,-0.16437171331385317,0.3642802697060255,-1.4595092128306566,-0.3037174637929306,0.3706642332043819,-1.7615546578682308,-0.3763263766833201,0.32253867735686326,-2.0059900748184165,-0.42460674813735916,0.17137740109958488,-0.96842046996165,-0.1810844547486309,0.2788380544865636,-1.285612927059798,-0.37820390114816566,0.34208649188080614,-0.9064425565792417,-0.40610382420634455,0.3111924835158373,-0.7858361500520639,-0.37620811749384114,-0.007392986180752409,-0.8766662893530902,-0.21750510486377664,0.07108128087636692,-1.0855914257235502,-0.4114934203751459,0.14475147737181096,-0.7642676672813888,-0.34920567906355116,0.1077321216677897,-0.7020793987673762,-0.26051025419461943,-0.18968642848317002,-0.74221027931706,-0.269689439369662,-0.10845892225341987,-0.8859436850637813,-0.38850287658854143,-0.026895818279420797,-0.6771140215959447,-0.324039257991403,-0.05658566154564255,-0.6138745020002988,-0.2510715348515938
D,0.0,0.0,0.0,0.22293407655556471,-0.08557488696640435,-0.16332792171985688,0.416948604095168,-0.26201395469786765,-0.2949123802053068,0.4969580978731171,-0.43101811532612355,-0.4227008091790906,0.40290092397875477,-0.6153279419417167,-0.5411314593226068,0.36099532910474363,-0.9945927034604061,-0.165991397955477,0.36232779760175343,-1.4574482888885607,-0.30571743351141295,0.36716197687136,-1.7522975240413665,-0.37954425933722125,0.32007406065995186,-1.9923862335676867,-0.4290310939910341,0.1698087014083028,-0.9681174687632654,-0.18415637811771154,0.27496468551768705,-1.2785515513329093,-0.3815038908086212,0.33182433701658237,-0.9086197196994056,-0.4137695396969045,0.2979888062606409,-0.8017212273945774,-0.3880054856605619,-0.010780075942703238,-0.876958953206847,-0.22087441860775156,0.061313969375464586,-1.0766828308725642,-0.412215389073549,0.1316299346233165,-0.7658211152945316,-0.3523457084479634,0.0957614134301967,-0.7172461149278253,-0.26740310513649257,-0.1962603071344093,-0.7395310598160386,-0.27310540830725066,-0.12167430430038996,-0.8747727597129096,-0.3883312829405266,-0.042754054719784426,-0.6706336033401575,-0.3227821736575822,-0.0726015545221176,-0.6177953715582883,-0.2503630694647945
D,0.0,0.0,0.0,0.229075264647612,-0.09309015484093504,-0.14807830251483317,0.42145397276361146,-0.2747279078643221,-0.2713606412120284,0.503691042224715,-0.4491158490069843,-0.3939799103840173,0.408577934119841,-0.6270981034659846,-0.5085954002959523,0.36372146714343084,-1.0006729555974876,-0.1520788481174448,0.365544096321185,-1.459543371576867,-0.28811167089736484,0.3669956459297061,-1.753021357902864,-0.3651053374042133,0.31521449370446214,-1.9912984742486564,-0.4173250265746771,0.17280173278738942,-0.9694492787009659,-0.17409094511735163,0.27410671119323277,-1.2858233480583021,-0.36433764174485656,0.33727855976442717,-0.9255891840484295,-0.39962760958505494,0.30814119742427976,-0.8030128597524246,-0.3791433837504665,-0.006082044060747895,-0.8760017405701727,-0.21298353044327542,0.06749449674401257,-1.0984449339376527,-0.3951935031387253,0.14153709505535378,-0.7959634999604955,-0.33870310285484867,0.10889450921611092,-0.7220952412053101,-0.25833576753234017,-0.18943592808955317,-0.7368803107892467,-0.26643199667817485,-0.11264844178834187,-0.8969644721652598,-0.37625839690287805,-0.031173115865184443,-0.6973574566071803,-0.3130496195784157,-0.055881459862788696,-0.6264081693927986,-0.243486856646177
D,0.0,0.0,0.0,0.22272901336845294,-0.07874872024519206,-0.14802173677662142,0.4266247150765274,-0.27068204007632607,-0.2717759391196665,0.490883800360395,-0.469440486866399,-0.3940129229011757,0.36082275785359,-0.6367726288558822,-0.5102127591167704,0.3639077425688926,-0.9945061000714267,-0.16155530104009483,0.36326371942883473,-1.4719704320163929,-0.2999951605153357,0.35949738606732173,-1.7624243620739126,-0.3752477777372031,0.3094417313552284,-1.9977206835732582,-0.4261806767392386,0.17193570543307138,-0.9674399204980261,-0.18573667764877522,0.27096786488445784,-1.2832134494952807,-0.38608349870046077,0.3240007031889992,-0.9237473156314157,-0.4263137832899932,0.2961498022964162,-0.8045934186581165,-0.4075771067324082,-0.010740762345062565,-0.874290893451997,-0.224996087865135,0.04855656116329077,-1.094096876843708,-0.41232639780891617,0.12091882404219234,-0.794186308379917,-0.3558642311789215,0.09918664908871662,-0.7207307244885911,-0.2753305293132254,-0.20308403010817838,-0.7360432919652272,-0.2783620879438738,-0.14367473008136705,-0.8893445864012149,-0.38807690215150714,-0.06217834647478095,-0.6919802156341591,-0.32331056956538184,-0.07711791194416942,-0.6254876732838277,-0.2530476608009659
D,0.0,0.0,0.0,0.22553071125468088,-0.09051112744263048,-0.1351525159072114,0.4207734696930512,-0.2794219127419268,-0.25273899378572756,0.4908205540706115,-0.4671322585923247,-0.37181203466412815,0.37903380119777264,-0.6386611322475415,-0.48390723901082705,0.3603366745462011,-1.0008606831004918,-0.14402331813049024,0.358479317501286,-1.4658022964957882,-0.27682939571212034,0.3543343518639405,-1.7485558363811569,-0.3514999594561468,0.2963669246367364,-1.9799446168838002,-0.4022182125776787,0.16702365074543282,-0.9711871244765222,-0.1699960862569835,0.2603684173887543,-1.2881184423934928,-0.3525202702688259,0.3196377632199413,-0.9260553678331654,-0.38404234257499914,0.294034785636327,-0.8062399705583687,-0.36353530571461967,-0.012943797940686452,-0.8781107946587642,-0.21120044907324706,0.05039086054455961,-1.1019364303200412,-0.3820704608470282,0.12273759554036995,-0.8012151844095736,-0.3206167103478186,0.0968037131222527,-0.722745581035537,-0.2406157940498229,-0.19845697583007052,-0.7386892232207797,-0.2667797920550879,-0.13333620895267573,-0.8939922197106053,-0.3672660758388761,-0.051097326059313566,-0.6951292018224278,-0.30125830713775903,-0.0668929516771895,-0.6242179766545373,-0.23206772752634386
D,0.0,0.0,0.0,0.22226343478362529,-0.08536101884166894,-0.14851241229158724,0.4204082272332069,-0.27277263048817296,-0.27567440549507943,0.48269435406941646,-0.46217413568199817,-0.4024199385920043,0.34949132209992,-0.6136482003219209,-0.5219727838951439,0.35620684027590815,-1.0019561066226992,-0.16000207924150042,0.3439719256568199,-1.474523040044045,-0.3011226963366465,0.3331818694640348,-1.760473375454056,-0.37743043842134205,0.2801632024162354,-1.9966653199764879,-0.4285782404393632,0.16090867349939458,-0.9696449245293026,-0.1841117028524491,0.2526399843524515,-1.2673319560791299,-0.38689556502540046,0.3048854938100349,-0.901544965553494,-0.42618009832509135,0.2787192132644474,-0.7921405587143813,-0.4060973112919191,-0.02268123483215635,-0.8780730634587445,-0.22402594792459207,0.030752821251825643,-1.0907229430148442,-0.4119089391997118,0.10405923784526944,-0.7880192040558381,-0.35476450902975654,0.08584532892869792,-0.7188237108267553,-0.27357265494496563,-0.21264168353924245,-0.7442321081771792,-0.27861649613722533,-0.1594037109494704,-0.8861662575592196,-0.3874246117044428,-0.0759631678759818,-0.685518823780434,-0.32305194662213516,-0.08393565700092054,-0.6183934457182162,-0.25287504246541376
D,0.0,0.0,0.0,0.22103944426803018,-0.08619498467622919,-0.15114168315583168,0.4121727060389875,-0.2731287077334305,-0.27436146394713296,0.47256386386365123,-0.46210868795170207,-0.3968359951494052,0.35379040834659964,-0.6362083412060815,-0.5100840089079548,0.355114681422163,-1.0027966524921295,-0.14592782692136752,0.3411167521146588,-1.4604432844292625,-0.2827475938835903,0.3273835544057252,-1.7409879213858481,-0.3556145973405195,0.2657357826036457,-1.9700853182101838,-0.403454992458787,0.1595501177721584,-0.973484024810625,-0.16392868375423764,0.24429744378111123,-1.2600557342302066,-0.3496315955537259,0.2967764236518422,-0.8913040540350218,-0.37711825794690196,0.27357882526092575,-0.7908620315535627,-0.3512748812770557,-0.02228678391330649,-0.8841939439354942,-0.2005443114732616,0.034672704453306516,-1.0742087393057993,-0.3776569166305641,0.10063749576683477,-0.7686339265308316,-0.3153917248037515,0.07579516620821904,-0.7142301068260699,-0.23267709338210388,-0.20781664219221432,-0.74982445121269,-0.2531254412051278,-0.14872466206852825,-0.8755808177247515,-0.3573835752157263,-0.07035070008854559,-0.6716048749930262,-0.2924867827664593,-0.08608500788760368,-0.6150745913417537,-0.22256724028085986
D,0.0,0.0,0.0,0.22422108528550072,-0.08173982320697717,-0.1541595012973934,0.41450268531711953,-0.26574052673971665,-0.2824661364385258,0.4813157263843994,-0.45072142323198844,-0.40998863241353606,0.35435459153857046,-0.6081494118230831,-0.5270613107048966,0.35695210288133117,-1.0012114098526852,-0.15074962159611208,0.33706367154114253,-1.4557225071547664,-0.2903439509026482,0.3199711007641857,-1.7321483532736828,-0.3627085507235772,0.2599536183055545,-1.9639869728767005,-0.41092829816416465,0.1604731538152498,-0.9724608666828387,-0.16902138821773208,0.2445360100139127,-1.2367157808675122,-0.3582951893590724,0.2926249333135303,-0.8607028165082279,-0.3841466841584707,0.26725398844956527,-0.7820351563960033,-0.3574176369526226,-0.02204181555041687,-0.8868095141519907,-0.20644904091702676,0.030009957349612794,-1.0512931894833022,-0.384251361713051,0.09237139006904134,-0.7437757686224553,-0.3191354773265098,0.06691057391511424,-0.7109035505413843,-0.2357119963740927,-0.2063343879544811,-0.758079532333904,-0.2606807702557781,-0.15341381871414136,-0.8628709157740521,-0.36426494147991656,-0.07789968014455124,-0.6580390444467449,-0.29875366598175257,-0.09388387888265225,-0.6131165335649119,-0.2290771936672284
D,0.0,0.0,0.0,0.22315866486616096,-0.08867454448167593,-0.1553785927333842,0.4119768909822493,-0.27300267670714123,-0.2840612174965741,0.47986335039532974,-0.4556440708360368,-0.411576736272987,0.35805594597557094,-0.6122615753427487,-0.5290229083810063,0.35173993252401353,-1.0058497089675495,-0.15203838979933287,0.33625876484819167,-1.4622777257944697,-0.28990957879249507,0.32098204658502794,-1.7407687550491557,-0.3622249433946734,0.26088012946010836,-1.9710989792711837,-0.41020166480637477,0.15745271506146008,-0.9728365475241916,-0.16969883417686177,0.24226585672907872,-1.248094865041386,-0.3579336366786569,0.29653518158662956,-0.8764321348379066,-0.38512093356759997,0.27315902753850096,-0.7906883160643046,-0.358970252432057,-0.023316487453606552,-0.884179781252312,-0.20615918745551995,0.028676008864407767,-1.0641444588898132,-0.3831852092074611,0.09950147424765901,-0.7591049610553907,-0.31954956846411436,0.07684229348227678,-0.7173234891256198,-0.23654271117708991,-0.206040440666351,-0.7532096579794938,-0.2593078305898888,-0.15260449983514457,-0.8752017853051504,-0.3618903842753892,-0.07250660212604948,-0.6709856812084505,-0.2956985170310145,-0.08682207937460729,-0.6162280644243009,-0.22526953007993417
D,0.0,0.0,0.0,0.22077813965968388,-0.09417889107173856,-0.15341071487376098,0.41133103938790205,-0.2741056670579355,-0.2818960556462474,0.4773539376458031,-0.45195685975584604,-0.41054590838815375,0.36064813214281277,-0.6144754942565246,-0.5299065389345491,0.3497909818706406,-1.0031388831149026,-0.1481135543541136,0.33219226786763484,-1.4554927283323686,-0.285481475292709,0.3165950526959894,-1.7341270515187797,-0.3596085490588938,0.25680755561288454,-1.962959560729891,-0.40895501169285675,0.1545286014513183,-0.9738579763103723,-0.16649790782519133,0.24103390245829684,-1.2465160720717925,-0.3540913284583115,0.2967454140666766,-0.8828603303067669,-0.38383791334385664,0.27445098835880455,-0.7886724223767841,-0.3602164863561277,-0.026601803261055264,-0.8848218625232066,-0.20356219103607756,0.027096755669005202,-1.0726846922587339,-0.37914646636924104,0.09767743207052207,-0.7739659265803513,-0.3176461317680288,0.07636206657876961,-0.7203543681474047,-0.23669364662804623,-0.20970287889754857,-0.7493170042257987,-0.2571801161020413,-0.1549830998466047,-0.8770946587067239,-0.3593573564471289,-0.07402974652939252,-0.6801881638510479,-0.2949725410785127,-0.08588703697006617,-0.6224059429318111,-0.22603250640443107
D,0.0,0.0,0.0,0.2191069833635914,-0.09653151527529566,-0.15042164047097228,0.4065115014356105,-0.27811296464107405,-0.2767447759330757,0.474901338218192,-0.4518274544105133,-0.4028173080080316,0.37563804307437676,-0.6282131751694487,-0.5202821943506111,0.3460900680366029,-1.0009081276704883,-0.15141077843368778,0.32963444526975855,-1.4529848579095617,-0.2897399875377091,0.3194868926131064,-1.7323935197319955,-0.36732418991114735,0.26199499953426747,-1.960351870273468,-0.4194275379427856,0.15167213424351006,-0.9733962307642293,-0.17174207879261788,0.24332775571648155,-1.2580804578202829,-0.3644593489979997,0.3046085925596923,-0.8967948184871574,-0.4002176431079053,0.2792295787467738,-0.7838006001325508,-0.380338811337887,-0.02992677175472872,-0.8844723891597774,-0.20985920036373187,0.027833196603012242,-1.0865906510575423,-0.3900027054084691,0.10209932650968566,-0.7908513706056027,-0.33327231214283176,0.07715807132615816,-0.7242439414492726,-0.2547032596683225,-0.21523026813950627,-0.7463618609996282,-0.26342042135451726,-0.15632951495419736,-0.8905265446160006,-0.37154628399808926,-0.07395642727344282,-0.6942016873567292,-0.3097480960474165,-0.08856164699948729,-0.6286333550920266,-0.24179656722881385
D,0.0,0.0,0.0,0.2234038743419466,-0.09015355721182053,-0.137221590040647,0.41685676326077997,-0.2746006772747663,-0.2513036779959376,0.48231372183363297,-0.45711791967191595,-0.36611484889578405,0.39046113180703235,-0.6478117038552388,-0.47406675253105435,0.3625832140582052,-0.9917707770574695,-0.14120144170106372,0.36678868499248735,-1.451042921754374,-0.272886323029896,0.36551922220317734,-1.731259025689145,-0.3496692680105904,0.32035049795825377,-1.9644981411450642,-0.40269306143915035,0.16680189377699947,-0.971928417781662,-0.16592853564363735,0.25990163445117626,-1.2707215864052324,-0.35546291596754903,0.3114310354088533,-0.9225940657126953,-0.39827835287902025,0.28254183822506546,-0.7981891642440176,-0.38480804092665744,-0.016615557723182878,-0.8870047285169168,-0.2057643362044247,0.04234305086676736,-1.1068411120651482,-0.38317922393153714,0.10678750406280606,-0.8153842246813549,-0.3329370312714997,0.07774224448106631,-0.7383450578532768,-0.2592434291131052,-0.20870287001139098,-0.7521700041353139,-0.2590806853320517,-0.14881291339532887,-0.9120705808421617,-0.3659921934133403,-0.07247841794464858,-0.7216241917248774,-0.3066528992293288,-0.08854757338372186,-0.657195553178749,-0.24071822176470914
D,0.0,0.0,0.0,0.22829032631864057,-0.0946701273902271,-0.12447708287981268,0.44118982526562445,-0.2835691728284499,-0.22965368873604278,0.500981875672009,-0.4740318420143409,-0.33723306130071434,0.4037018892531204,-0.658868588423149,-0.4398293747574703,0.3881769614392615,-0.9834034946477876,-0.13303276192000998,0.4078781421794299,-1.446251485698375,-0.2580040174689927,0.4052379374168992,-1.720695280829852,-0.331938832504731,0.36289644680803346,-1.9523845811736622,-0.383221926542594,0.18978738217036964,-0.9685940210241567,-0.16064361800324833,0.287733337827575,-1.2791091982012133,-0.3451946612164163,0.33274034229651384,-0.9484003831671313,-0.392883170865766,0.30525944716999653,-0.8185914069472394,-0.38507673082790783,0.002148880888847294,-0.8876613192153922,-0.2007191574076447,0.060099788885954665,-1.1270788343391092,-0.3681261831017362,0.12197990279753992,-0.8518979274811989,-0.3228805050288591,0.09968120278771074,-0.7677918929547073,-0.25578792896415914,-0.19699997130631605,-0.7607300251608416,-0.25314485961471744,-0.13526591984820924,-0.9421010621131495,-0.35083251452579844,-0.05986923685809345,-0.7614953420507053,-0.29260462300969176,-0.0697192606065909,-0.6922423480520719,-0.22968150041226007
D,0.0,0.0,0.0,0.2341975893699323,-0.0836189758971324,-0.12011368092237604,0.45636080220574143,-0.27471429558733,-0.21189671760767367,0.5351505901238081,-0.46633078906443853,-0.30456383144933,0.4474491730047297,-0.6544937903052037,-0.39364829853664546,0.4133492563345674,-0.95920213194973,-0.12780655062447305,0.47521547446577733,-1.4231889406059042,-0.24314112843604602,0.4970766582468089,-1.6915822468226138,-0.31208577235464907,0.47993233153123066,-1.9312094673981401,-0.3621660956598309,0.22224157113244258,-0.9625012505319084,-0.1555635779515753,0.3333697760058202,-1.2941127809049635,-0.3364740437429302,0.3788541639358684,-0.9755678219037447,-0.38963523434477526,0.3496724669306478,-0.8187809404637869,-0.3868219827588735,0.03506755051928693,-0.8908174667469146,-0.19410098874009862,0.10003451838870615,-1.1376075728103792,-0.3600363640161158,0.1563870198332169,-0.874573349299637,-0.32886486089688266,0.13244856021169826,-0.7808612520776692,-0.271625475650214,-0.16578506922445987,-0.7738222820355701,-0.24338354128105055,-0.09874394943335625,-0.9676872160708949,-0.344210363576082,-0.027121082065014415,-0.79168432909606,-0.2962828108157849,-0.03640341629727544,-0.7134457826833799,-0.24083717323744078
D,0.0,0.0,0.0,0.22712800474662936,-0.08293025433644996,-0.10460237687697589,0.4407440207177798,-0.280146258376032,-0.1901019176318633,0.49885908986875793,-0.45882970358401937,-0.2781469019435317,0.45422654514389466,-0.637461715410222,-0.36413983324381477,0.41431424087899754,-0.9625721216710657,-0.1270515215013013,0.4712003365104477,-1.413273541718674,-0.24105102763495342,0.5003072367940818,-1.6848940063010847,-0.3149123361585839,0.5017264362884516,-1.9211806422046505,-0.36953956295358936,0.21835253936102833,-0.9628657313278867,-0.15878208963546397,0.3351980690299659,-1.2277561766726552,-0.3327527089319271,0.3794501618051456,-0.9143077081982725,-0.38579034700170084,0.35086043839061254,-0.7611747646138342,-0.3885164131584897,0.025659829867242044,-0.8838648322842618,-0.1995860135426306,0.11221562070110072,-1.1027560006284018,-0.3585472606597483,0.17632862339170569,-0.8422076699267604,-0.32785629621638823,0.1585197503339655,-0.7439662922891882,-0.27632805990351106,-0.18195993254911372,-0.7455677055230463,-0.2494334250309294,-0.10039834893246614,-0.9173221179055815,-0.3447271885119713,-0.021161993553133668,-0.7414308074886479,-0.2958332330307259,-0.02358272246667707,-0.6637203952553287,-0.2427564545451028
D,0.0,0.0,0.0,0.22553910272928573,-0.07545080043557714,-0.10486167124038577,0.4467132305658979,-0.27589496366966537,-0.194417271286972,0.5347436200083554,-0.4475475526585097,-0.2855676250005861,0.5120465292151626,-0.6705216567627414,-0.37593804847834145,0.41849915411379807,-0.9484289082482473,-0.13935673373239557,0.48133792184625074,-1.4072525919733367,-0.25877070542227415,0.5286351208795269,-1.6837655431690586,-0.33598775690322513,0.5406039897483095,-1.933276514404358,-0.3947405006433105,0.23810805020379808,-0.9556571042218501,-0.17327450931528696,0.37497269123278953,-1.242988081493186,-0.34158101769200194,0.4158343586790973,-0.9237922035188006,-0.39053073639346847,0.36991874200667746,-0.783944040183207,-0.3967333222414047,0.05038155634780488,-0.8776022429509411,-0.21654168217591305,0.1611105938808749,-1.1237925369882702,-0.37914085772785716,0.2175922139964848,-0.857646774265155,-0.3411738817478354,0.17978570453808612,-0.7757173570139974,-0.28917108145501946,-0.16194686259526136,-0.7429588271416019,-0.26816151707826436,-0.06203377474124552,-0.921104567721944,-0.3725531976492004,0.013902642939712457,-0.7453459045364536,-0.3215334089088827,-0.006784366208984382,-0.679875304164684,-0.2700509568382768
D,0.0,0.0,0.0,0.23503752867308755,-0.07719993163479266,-0.10892947368035188,0.43788711641550954,-0.2911050917166135,-0.2109088811425919,0.5536545975333552,-0.475235294051951,-0.3187776540247866,0.5343302715598935,-0.6943029094479818,-0.42333056253211965,0.4127776456939875,-0.9429953567531186,-0.13870477808440304,0.4652622793723914,-1.3879857178386197,-0.26736038670124923,0.5086392789165769,-1.65989331403059,-0.3406999704746335,0.5054008501388682,-1.9034861665938179,-0.3953551735517832,0.23821925967970145,-0.9549546422613596,-0.17695540551543942,0.3952777553895387,-1.247637904110796,-0.36399033635018585,0.46401813306493184,-0.8802987149643879,-0.4052783619835925,0.43306090353509685,-0.7472862369999721,-0.3967812457508427,0.06216331297236674,-0.890765370020545,-0.22708592616818105,0.17415176439071667,-1.1441686625675191,-0.4172065561597495,0.2581820518581008,-0.8132609960061778,-0.37269828201219163,0.22441705009882965,-0.7120345210777748,-0.30416525178337306,-0.1306561925513285,-0.769689251943884,-0.2852546962828796,-0.01919318156379885,-0.9435702228496108,-0.4111347487135938,0.06736151253357131,-0.7335663624432119,-0.36185424782418746,0.03465947072630443,-0.6453406864268573,-0.3048912913934474
D,0.0,0.0,0.0,0.22206916564597268,-0.08841218465991169,-0.11650445075527988,0.4282155493370527,-0.31367435783628317,-0.20032184273252684,0.48317964734186925,-0.5232468924097932,-0.2820315859486945,0.45513046300946747,-0.7377881564825965,-0.36282156144401334,0.3696953396139532,-0.9766532247084552,-0.14097190431757683,0.4161115031713821,-1.4372300048635263,-0.25967826076382017,0.43149847306012107,-1.7048132240683418,-0.3417212282308953,0.4114449510408962,-1.9433649368194736,-0.40288487574941617,0.17923490943587117,-0.969092894344487,-0.16951049929293438,0.2585178981405916,-1.334712524569403,-0.344535132141586,0.3444745845881207,-1.0984908941389657,-0.4149843769709218,0.3481294567147456,-0.9351433897952975,-0.4350471424238876,-0.009074779461540155,-0.8715338252980392,-0.20744777777429313,0.04441675663381958,-1.1518048089029045,-0.37484717661375566,0.14137134810632365,-0.9284429137328141,-0.36505776610043517,0.15187373138098587,-0.8010456720615613,-0.32852596553847635,-0.21133695560015647,-0.7167961649114656,-0.25431135730477494,-0.15775390643985301,-0.9330871096514615,-0.3665564921479229,-0.06474481784787563,-0.7845057603908603,-0.3385832820848737,-0.05006378834065559,-0.6926160792630871,-0.30046268573734664
D,0.0,0.0,0.0,0.22426078950682304,-0.09182335883914236,-0.13659729342655244,0.4148686170624306,-0.3215805316843396,-0.22330384123363106,0.43841052732963093,-0.5443154144282284,-0.30479525479083386,0.3960675743479945,-0.7594800242018558,-0.38278177627615745,0.35048230941756986,-0.9860500672610754,-0.15072298241140897,0.3767799689110378,-1.4473268832471482,-0.2715116534467783,0.3775813098840253,-1.7206106664662675,-0.34999889307899557,0.3582565164677833,-1.958599218584441,-0.40609953899724593,0.1478869967199426,-0.9745006805072818,-0.16875384408066205,0.1867237230610884,-1.3493192834140764,-0.35215543599387517,0.2640281750198905,-1.1204699771083355,-0.4200922359706985,0.2914465122633059,-0.9414489642082539,-0.43092419462734366,-0.04400045720675138,-0.8792781004390117,-0.19831480873703092,-0.03069051953685539,-1.159162030213939,-0.36998557254590503,0.06657272090439215,-0.9341061377177504,-0.35917295763654944,0.10576081366917268,-0.7886788259244748,-0.3153888804866882,-0.2431904306528524,-0.7266269636889457,-0.23938272386437984,-0.23122921701877946,-0.9507433198826735,-0.3517772582367879,-0.14095563722604804,-0.8009700528843993,-0.3251865034840008,-0.10415597242117475,-0.699387368668547,-0.2835948676451519
D,0.0,0.0,0.0,0.21719143411819689,-0.10415087877485732,-0.13471798629217815,0.39877886513520405,-0.3434331109652625,-0.21508951161297296,0.3936319841012773,-0.5736157912875441,-0.2902179291783397,0.3305134105191075,-0.784386109777257,-0.3600652593408059,0.3321607051371556,-0.989345890640818,-0.1314847219914503,0.34752782800392046,-1.4444866687708457,-0.25002590916776624,0.33918078419687947,-1.7168505676582841,-0.32358940846055834,0.3111259038686766,-1.9481365160886417,-0.37529146842379113,0.1273046423934505,-0.9809610994777265,-0.14665895586879663,0.14723083285115113,-1.3523288799603845,-0.32837191136288596,0.20818654100447712,-1.1084739911308652,-0.3915009670954667,0.2328277827428857,-0.9335968785625451,-0.39556098560298586,-0.05922699539191951,-0.891216702394574,-0.17514353177278005,-0.06707194129063213,-1.159464978015388,-0.3451877196820173,0.017636145475394056,-0.9307638523816646,-0.33046622178585633,0.055867596849127205,-0.8005415135840692,-0.2817316266638997,-0.24890327830058165,-0.7464120372989335,-0.2155052551852287,-0.2567432299337245,-0.9554615409355827,-0.3244977840657021,-0.16869641856145062,-0.8082415096355475,-0.2973037176740193,-0.12381446378015673,-0.7240481806603406,-0.25418465152957154
D,0.0,0.0,0.0,0.2278517088824056,-0.10371623701298384,-0.15907606717382716,0.4077345238869639,-0.3216142566090628,-0.26510879996168546,0.4321543291199529,-0.544108122670179,-0.3669093053366529,0.3623134546308273,-0.7670831742142097,-0.46343097205444045,0.33433309163922004,-0.9936069686947334,-0.15564955990967405,0.37127290873407875,-1.446576388883135,-0.282325591478616,0.3860637532767257,-1.7319939687748458,-0.35336355209937426,0.3725196708223739,-1.964743935832037,-0.40303903139529573,0.13357014437370618,-0.976794357469038,-0.1674269982668157,0.18331472247781402,-1.315948731926774,-0.3688696409117326,0.2230554878077916,-1.0188737415299653,-0.4253679114662311,0.21879821356870363,-0.8695604063453443,-0.41857116652006626,-0.049689322925886265,-0.891154082257675,-0.19509153853214634,-0.03317041147039225,-1.134079475363905,-0.38405285092348956,0.03217259603818822,-0.8694737643164266,-0.3562751598679833,0.036621652288943665,-0.7605857380952148,-0.2944171370259934,-0.23809611439799303,-0.7580642879754197,-0.23714596527310472,-0.22261201428236757,-0.9383121690494807,-0.35830498211157163,-0.14374986672169945,-0.7651395763038072,-0.3245262564787823,-0.12448764904206071,-0.6890406650207677,-0.2747862730277231
D,0.0,0.0,0.0,0.2275386412885948,-0.0978219181162335,-0.1823656999315297,0.4039163697366142,-0.30717936790178074,-0.30605745966273873,0.4248052836280059,-0.5254532317814946,-0.42216587480317924,0.3438262749466926,-0.7463910090785697,-0.5312892189338543,0.3355865571770399,-0.9920876488855741,-0.17608100141809616,0.3890689940708509,-1.4140875184626698,-0.32123281692944355,0.4172825570652685,-1.6990779939704699,-0.4010459974397674,0.4160537974245984,-1.9289471788063262,-0.4556334980561791,0.12841006790146758,-0.9745942816542152,-0.18351250809807168,0.18359648634845566,-1.2761651641798963,-0.40993860358379425,0.21894388343592291,-0.959290425881713,-0.47013043123815074,0.21399897512029964,-0.8261359869863406,-0.45925362426064237,-0.05687200960325524,-0.8837377556516907,-0.20984626797395037,-0.02982196133817754,-1.0675355992758673,-0.42775172359199953,0.02729966569065139,-0.7798331844734251,-0.39627175669291975,0.025815666082677175,-0.7011822594773661,-0.324614570791794,-0.2401312605841714,-0.7422024497619747,-0.2520527120694285,-0.2085869272959068,-0.8533586941370568,-0.39708090487288533,-0.1296961071860164,-0.653911676969101,-0.3632750505939146,-0.11453211213905848,-0.5992772047019831,-0.3077957914318002
D,0.0,0.0,0.0,0.2228384414722752,-0.09815577607411188,-0.16915013006575455,0.40267403263439416,-0.3113006858349824,-0.2840350671275413,0.4268020645223073,-0.5338711385810438,-0.3926051600227997,0.34716136049618757,-0.7567017083984938,-0.49480749537030727,0.3289723159428219,-0.9905206384024038,-0.16627931111633645,0.3837222599746806,-1.420164840266156,-0.30406064511843045,0.41211179430767203,-1.7038673867965448,-0.3780930594282009,0.41089403755747256,-1.9384583264102533,-0.42940787791239726,0.12425947583576884,-0.9764205073248889,-0.17652924839931386,0.18355300952517367,-1.2782566443627106,-0.39388312905804285,0.21829637915074,-0.9588561431999661,-0.44887923853426775,0.21076156065961174,-0.8253615714308223,-0.4364929840638655,-0.06028865184417471,-0.8872125705267243,-0.20375866823059263,-0.029138986364783247,-1.0715615570883283,-0.4138077560129832,0.02632986297865011,-0.7790513337328353,-0.3764933218160539,0.022732164261369946,-0.6983880195037502,-0.3026506202619404,-0.24485287529592503,-0.7452694808697999,-0.24569514428670297,-0.2094386526994336,-0.8603514295910648,-0.38429750951017483,-0.12977174898635832,-0.6586702339781891,-0.345227755030915,-0.11691768911893657,-0.6028134412879965,-0.28703827967443946
D,0.0,0.0,0.0,0.22432346851298707,-0.09567506554994834,-0.17748814312151365,0.4054457463479476,-0.30626068965081116,-0.2982628836328376,0.4257333215329235,-0.52798874052217,-0.41176679410701594,0.34561996763614233,-0.7513772204186328,-0.5186589658419939,0.32925232841277746,-0.9891710249931762,-0.17402294202381208,0.38179941609643364,-1.4122668080520795,-0.31699131338202,0.41204757085222565,-1.6975649332456266,-0.39278446608124185,0.4124378045250277,-1.9284030513925092,-0.44427777032164123,0.11962996903040687,-0.9760849388650014,-0.18151270652681717,0.191437540626727,-1.260089637717908,-0.4052057704926107,0.2220897737857452,-0.9280840852023121,-0.45799561027158486,0.20573832585728313,-0.7995524238220869,-0.44155660615601255,-0.06697845922745008,-0.8902675560334796,-0.20779258609273765,-0.022894725648997385,-1.0541612401378528,-0.4258259711924375,0.028693086475780265,-0.7577373487816083,-0.3899523094157723,0.017694269451378516,-0.6889984968822632,-0.31497804905549287,-0.2532825380724241,-0.7535304279842564,-0.24907296708469642,-0.20694739320491562,-0.854472122850122,-0.39373195015361506,-0.12780281845315156,-0.648225296470312,-0.35656946716909876,-0.11883988077044015,-0.598848652053781,-0.29846169630829256
D,0.0,0.0,0.0,0.2239109814952007,-0.09437238689679335,-0.1715270562138978,0.40629767110799186,-0.30697953337956035,-0.2884452706947459,0.42507439866922275,-0.5351834256569468,-0.398999528018463,0.34547395677049336,-0.760318100501409,-0.503295071920981,0.329350404998581,-0.9864955810239998,-0.1681016574486673,0.3782892120450129,-1.4118503555834787,-0.31101514811689446,0.4093464505832686,-1.6986200377164231,-0.38785297131229357,0.4103091488641812,-1.9324242827678009,-0.44017696191849875,0.12060027699438008,-0.9766567012286894,-0.17775618451680691,0.18921590395521926,-1.2619283045579786,-0.40091033023409456,0.21962182941786965,-0.9271937897740788,-0.45373701824973556,0.2019592054674802,-0.7936899964730058,-0.4377362997778798,-0.06554218098495343,-0.8910813281252915,-0.20559200744040426,-0.024940063846741703,-1.0641450201840812,-0.4219357029746557,0.02654679271260355,-0.7642753119562584,-0.3830116126350186,0.014536791025591196,-0.6866996373789507,-0.30628934024902016,-0.2528903610059619,-0.7513794305188016,-0.24813621507567485,-0.20958491286052666,-0.8575722394264979,-0.3913951395295143,-0.12966098742523885,-0.6516642795900913,-0.35224508642536945,-0.1204720111912131,-0.5996104458953184,-0.29267161129016894
D,0.0,0.0,0.0,0.2277425723829307,-0.09987419000631512,-0.1672984106826172,0.4113120688567292,-0.3194191200845822,-0.27929609735382027,0.432123902586624,-0.5474918640898571,-0.385198822987209,0.34587006232345185,-0.766654240687533,-0.48526879315149707,0.32591624817208253,-0.9896878973338432,-0.16364553157745998,0.3774672258576102,-1.421672786527427,-0.3016340563768728,0.40992288301426016,-1.7062698219769068,-0.3771232173760518,0.41187938097308296,-1.9404521631274474,-0.42968879728763637,0.12045871965449557,-0.9770098284841887,-0.17590193831932535,0.18423659484500293,-1.2852654501906018,-0.3948105680703064,0.2201020502493511,-0.9629082056045275,-0.45072266136012334,0.2078915072611997,-0.8215497170644374,-0.43850654835537106,-0.06484257793822461,-0.8883391935711725,-0.20538744337902773,-0.028013628172907923,-1.0829057989910613,-0.41761160879268056,0.027378409258419445,-0.789794222845623,-0.3831756033401666,0.018329621012737867,-0.7027087909550318,-0.3107413890523599,-0.2529615928650638,-0.7478726187531796,-0.2491908094362735,-0.213693449872508,-0.8655620920690833,-0.38969320420145015,-0.13401234770941894,-0.6688542300546091,-0.3534248410537191,-0.12304711822004462,-0.6141742066602681,-0.2972961096714236
D,0.0,0.0,0.0,0.22616251250899225,-0.09978716984717412,-0.16688088933409698,0.40825663951136537,-0.3206497009883102,-0.2785133589909672,0.4291991028348136,-0.5461034826763564,-0.38411490206644205,0.344468025970175,-0.7653542723745997,-0.4841735252835586,0.32440455451130246,-0.990886854517863,-0.1644225754331293,0.3766744582675909,-1.4218189757724424,-0.3033286398822296,0.4087190301705068,-1.7041081182212887,-0.3807260387958524,0.4119313910701205,-1.9383690931293585,-0.43469988407720744,0.119641334991814,-0.9768485415890467,-0.17734959192715705,0.18020611069021347,-1.2861999610928594,-0.3982607078084185,0.21782433581221236,-0.9731863318444853,-0.458568435475348,0.2085278935196324,-0.8294531183385816,-0.44965780186797666,-0.06556813132867435,-0.8865564716385207,-0.2071861094078455,-0.03219377216422032,-1.0815061948274436,-0.42096810610237545,0.026012432551751927,-0.7933106861263758,-0.3906528551504182,0.02094423810847563,-0.7009709875302249,-0.320739014783376,-0.25221209722731797,-0.7438557097425629,-0.25113342499584473,-0.21590910612963238,-0.8669801195101715,-0.39340025195260064,-0.13542378832656787,-0.672037732099362,-0.3596320088310632,-0.12234137461351506,-0.6126583944802712,-0.30495753758038724
D,0.0,0.0,0.0,0.20955056430580382,-0.09948440188823338,-0.14303232570070698,0.3946676223813355,-0.32514791793955217,-0.2423237909705635,0.41306332327256445,-0.5531891366964748,-0.3387696935775779,0.3258835445940385,-0.7676919213754778,-0.43058917131026947,0.3158284192217729,-0.9893130618302987,-0.1421643084940066,0.3634099876206259,-1.418423536724262,-0.26934725506659424,0.3952753954138739,-1.691564183966762,-0.3387119135753514,0.39699404313967457,-1.9209733896456995,-0.38705943288517847,0.11802727494318815,-0.9800207261530798,-0.16009040783218556,0.17327326989877959,-1.2904991972051725,-0.35832825360176224,0.20653218850560345,-0.966436161739036,-0.4073015765831204,0.19345131116264044,-0.8237936691907926,-0.3956050483816476,-0.06325675027947467,-0.8921028620965684,-0.19245729277241702,-0.03798704389539995,-1.1127620562529235,-0.3852468267970946,0.01839851086094209,-0.8221435144767497,-0.34571222135269936,0.009516430761841983,-0.7195843032299103,-0.27434510817711416,-0.2540869451101102,-0.7472025588838151,-0.23703513526525122,-0.22853741257543508,-0.898752421258577,-0.36252833874841034,-0.14758253638601904,-0.7097552633374813,-0.32027444365515734,-0.13427077319829284,-0.6419652123362084,-0.2623238528506664
D,0.0,0.0,0.0,0.2163152160233633,-0.1019705321665057,-0.14957942718999542,0.3969489206086709,-0.328624732190791,-0.25120326043595664,0.4151415795329334,-0.5528964223789044,-0.3493097866452827,0.32905089878430227,-0.7672023167109624,-0.4420915109649648,0.32140095114029665,-0.9911764855450986,-0.14537749357860322,0.36945439221456683,-1.4194376574563754,-0.2756929576476424,0.4010983143347352,-1.6939902225661834,-0.3489006070709009,0.40383787318572323,-1.9206848873658129,-0.39969214511843715,0.12225507963581088,-0.9791352911247047,-0.16231998391258404,0.1762672512550839,-1.293311993413636,-0.3685196493260525,0.21284647256465228,-0.9827867108235541,-0.4252934833874699,0.20331748577192418,-0.8359440174062394,-0.4171936574933026,-0.05991336265713882,-0.891730206878688,-0.19458919499077432,-0.03347559643069874,-1.107961335695483,-0.39269714793143246,0.026670146309125814,-0.8260011437928647,-0.3612077755240317,0.022540634120080432,-0.7219025854640291,-0.29385667139300975,-0.24736842259363445,-0.7488432376268298,-0.23965191200264327,-0.2211835027379878,-0.8997373204877274,-0.368304577875595,-0.14162215264680222,-0.71522005002132,-0.3312148103904028,-0.1265692562186966,-0.6472043762778866,-0.276489096255032
D,0.0,0.0,0.0,0.21657550277117538,-0.10473263510764001,-0.14843505015005126,0.3972036260089973,-0.33517420976352796,-0.23824478294581253,0.4067933296536186,-0.5660454366947164,-0.3265081956882662,0.33331416957170357,-0.7938802056802886,-0.4117699694449139,0.33375395735349844,-0.9778282315453446,-0.11044846787257465,0.3788542817516192,-1.3967792759890425,-0.22297596278728626,0.40873398789709914,-1.6626750853623005,-0.2914875742487348,0.4189742279585529,-1.8909053721013014,-0.3385239551373875,0.1469160306367329,-0.9819006081547278,-0.1195277191588726,0.2021248335118809,-1.316142351320776,-0.3094967382881417,0.23062680977457772,-1.0255848741455065,-0.3755195149673645,0.22481403855003323,-0.8368011631819757,-0.37355768283531676,-0.03082848275341039,-0.9248740546148525,-0.14437340611004493,-0.00171662859993312,-1.1958837512648437,-0.3314759044963353,0.05343928324132486,-0.9139097665894637,-0.3201809018840404,0.055863882794891746,-0.7360915086520684,-0.26263429201093796,-0.21597634288726253,-0.824482212288584,-0.18124077217038156,-0.20421531085135833,-1.0705573979617387,-0.3064725711004007,-0.13450353018339903,-0.8810264555194179,-0.2811151939776119,-0.11783761200467949,-0.7381889759960246,-0.2309743482247673
D,0.0,0.0,0.0,0.23085215948724455,-0.10273050106612483,-0.15958811416351573,0.409446976988573,-0.3306477835815287,-0.25034302300395794,0.41951333180554645,-0.5665428691536522,-0.3410677955917803,0.3429852881213606,-0.8067030882103522,-0.429027971980434,0.347224152717455,-0.9692479651009366,-0.10554470666821783,0.3957501450327517,-1.3957113442951659,-0.21929153312179206,0.424413705388929,-1.659451451658363,-0.29397879903941854,0.44012028243955764,-1.8896075439761384,-0.34536599868819046,0.16360613998526302,-0.9802493755972589,-0.11110442205558874,0.2268966486349109,-1.322952594231629,-0.3141343917939987,0.2542150083995714,-1.0506777833758907,-0.39851300955168906,0.25153838378916404,-0.8331879653311282,-0.4060582515780694,-0.015438284136264323,-0.9373666410316198,-0.1344481019762371,0.02220433255495653,-1.2253616887599974,-0.33294463801879276,0.07578060624390721,-0.9494914259500541,-0.34730852461613737,0.08300431707526612,-0.7240100282759456,-0.30137713960387597,-0.19741840248394069,-0.8582515204590968,-0.1707877088296089,-0.18316175132691098,-1.134691292771333,-0.3104603374879243,-0.11293847437967089,-0.9585127460079,-0.30801508340973693,-0.08874926461100349,-0.7762549946966213,-0.2699119731034241
D,0.0,0.0,0.0,0.23420260044698935,-0.10066577317886362,-0.17196612721561097,0.4153706351708752,-0.3290258226781182,-0.26827685113595745,0.41973984107345697,-0.5641206284155666,-0.36305392885613313,0.34117974812014956,-0.8046536935986935,-0.45530336486212025,0.34978288857975254,-0.9684479685945843,-0.11413698283921062,0.3976089804675583,-1.3917377748241329,-0.23412774634675634,0.4240447491676294,-1.6549507500226717,-0.31608408701801843,0.44031373434785603,-1.8841994912709423,-0.37374121426126544,0.16526387226350434,-0.9791036028472163,-0.1185073306427614,0.2308192942733502,-1.320465235296072,-0.3355558116212193,0.2622822380702534,-1.0561234763499032,-0.43534709361439955,0.26218573279861546,-0.8393850507640456,-0.4527981219746316,-0.015034092481014125,-0.9366953918647188,-0.14181805310501952,0.025395760432904268,-1.2171043415942304,-0.3546702968981898,0.08152294533425185,-0.94739927875317,-0.3871666025130299,0.08990637233561102,-0.7224466617454641,-0.3520422557372637,-0.19861756982900458,-0.8590650990953121,-0.17843414709924715,-0.18194558144525078,-1.1313900926724674,-0.33045848281357265,-0.1122927845224734,-0.9545416057987671,-0.3415590192514412,-0.08920319557479237,-0.7717683511075627,-0.3131595322388041
D,0.0,0.0,0.0,0.22950452780350036,-0.10416102017795932,-0.15940712512048266,0.41011530995454293,-0.3327731980800848,-0.24747761201959662,0.41097658820442234,-0.5725197335544253,-0.3346552980710827,0.3383961196417216,-0.8117125652167234,-0.41853263941691005,0.3449296617013055,-0.9676759634721488,-0.09899779047887772,0.3853247869902389,-1.38429409295446,-0.20775557492651803,0.40879040076998985,-1.6431780891657848,-0.279662955293364,0.423769264255327,-1.8694069433876603,-0.3295522157125551,0.16437043288963557,-0.9811736285296431,-0.10139364610096453,0.23296826051927003,-1.3111008029806168,-0.29652072270836305,0.25966567517422723,-1.0440987268566668,-0.37795131696545714,0.25611792098887065,-0.8294213118510501,-0.38473229759804556,-0.01124491213746101,-0.9406399027278592,-0.12170440352825511,0.02817756572376094,-1.224880344904321,-0.3145942703146948,0.08035780766791513,-0.9499830435966363,-0.32799429823509285,0.08735556252830555,-0.7239406192837335,-0.28233485548221265,-0.19285790051576496,-0.8627543278852973,-0.15515043978548626,-0.1749153600692497,-1.137830843961907,-0.2929925483183777,-0.10496969772942698,-0.9629572618809975,-0.29153226797801157,-0.08009177847196534,-0.7798411969082546,-0.254139630121319
D,0.0,0.0,0.0,0.22578143322813138,-0.10678496773247975,-0.15471287039694806,0.40334277152684883,-0.3371618478336116,-0.24019766997021688,0.4068325955855221,-0.575995541704398,-0.3243407790551042,0.33520738010168477,-0.8070381508309487,-0.40473627592982614,0.3404404997820713,-0.9681087830992209,-0.09447112622293825,0.3814061572981802,-1.3770487123947577,-0.19898369183298076,0.40451143423848424,-1.6299908738323288,-0.2670509343581703,0.4174267620639095,-1.8509077283181827,-0.3139884675673509,0.16144817890599672,-0.982131119231222,-0.09671065176889475,0.22852955710309134,-1.311675068851664,-0.28498595832886475,0.2600738673291938,-1.046377318457074,-0.3612081216356385,0.259183688559513,-0.8356414073864833,-0.3648422678035336,-0.012283196987033318,-0.9400333990903763,-0.11614669062044627,0.025205914104450777,-1.2173858557086796,-0.3028530354505376,0.08172914862161976,-0.9441663224677425,-0.31147908132546576,0.09132818529250025,-0.7232047858568734,-0.2633873753444157,-0.19294122591890353,-0.8583588619548862,-0.14838607777287782,-0.1754226000977361,-1.128177473556431,-0.28114248737375414,-0.10330461120417148,-0.9520317619626493,-0.27548653277776924,-0.07665674604206273,-0.7708375475305979,-0.23535445090010423
D,0.0,0.0,0.0,0.2260761662244885,-0.10723854825963794,-0.15855312688302595,0.408376729939061,-0.33741439668085177,-0.24875839641471073,0.4136214489505922,-0.5742053168709755,-0.33845541365888276,0.339072633795562,-0.8082636573144925,-0.4246048656315546,0.34172012514139305,-0.9717357714827655,-0.09520376776380761,0.37360633585831976,-1.37660402689925,-0.20104664279209794,0.39093465252163695,-1.6304097251844845,-0.2686673990014217,0.3968684366723295,-1.8448070730934834,-0.3153828754075837,0.16275704657103018,-0.9817111966291086,-0.09875864622664329,0.2356627153236296,-1.314946858997371,-0.2887146267084927,0.26548463268312594,-1.043425941402454,-0.3655997453097907,0.258545691012218,-0.8409896081285709,-0.3694100340779566,-0.008657773799540358,-0.9382025836441371,-0.12073567131795371,0.03254822865638713,-1.2180561282301727,-0.31064976056292726,0.0905359157439083,-0.947051312995214,-0.3244281612861007,0.0958260229746801,-0.733617797271265,-0.2800371769417879,-0.1863971116864398,-0.8581075834791926,-0.15589836587676026,-0.16302624166161564,-1.1271921636177888,-0.2923927266412104,-0.0874235143774672,-0.9546855882549993,-0.29270638129181925,-0.0627590220630854,-0.7797415146118676,-0.2578040305404342
D,0.0,0.0,0.0,0.22654058146267342,-0.10267505144095422,-0.1619822412380815,0.409966133709852,-0.33658374069784086,-0.2535865948490764,0.41592110598436305,-0.5774235120714049,-0.3434089481704271,0.33906977776708,-0.8080188116841993,-0.42905954379223626,0.3412455429908057,-0.9725289001122471,-0.09991367377503502,0.37329342945265487,-1.3870664815829112,-0.20711898237037732,0.392489320032197,-1.6379933065232744,-0.2749230217479687,0.3994946052232069,-1.850168336650536,-0.3212624027703341,0.1626687051970163,-0.9814941295978514,-0.1010354685963424,0.2327635743053572,-1.3164102907955502,-0.2915462659917005,0.26776600715277554,-1.0429927949199107,-0.367891047039092,0.264678269759966,-0.844473120142178,-0.3714664004546744,-0.00852972532221089,-0.9389893445930346,-0.12045639696953267,0.031109346315046842,-1.223056503149537,-0.31152863308346057,0.09070202257479454,-0.9482907116645743,-0.32349019207377705,0.09581243746068782,-0.7368353577266991,-0.27774461120539623,-0.1874391895154531,-0.8589895354567928,-0.15323194025504414,-0.16454321062053376,-1.1306055585877532,-0.29118727643374076,-0.09017815355158873,-0.9522780150342293,-0.290274660547135,-0.06800372347884627,-0.776482271013768,-0.254068417414153
D,0.0,0.0,0.0,0.22578416360614056,-0.1104923057109627,-0.15555080258193388,0.4086225606521387,-0.3453382388683186,-0.24468473587711823,0.41448883580537055,-0.5859504126848794,-0.3328732058900437,0.3376000565593341,-0.8170282240835833,-0.4173038672799457,0.3398826193365947,-0.9734055107930911,-0.09246311694357191,0.3673779648040883,-1.3763190935220917,-0.1936850385283778,0.38371572458031994,-1.6229216507076047,-0.258330095293668,0.3870620887584305,-1.8327974081952885,-0.3037931434175818,0.16143522238238378,-0.9822559925344925,-0.0954559275499922,0.23205525124454707,-1.323991119814213,-0.27618470404635614,0.26897090110867045,-1.045142163008558,-0.349726067349742,0.2640183756152481,-0.8498035444046204,-0.35394031256744535,-0.008083394803558892,-0.938385023767327,-0.11577967042306479,0.030206911314348845,-1.230682075706918,-0.2978998145431265,0.09402891850356397,-0.9557279198556219,-0.3074820614632351,0.09785535476282274,-0.7456905412169578,-0.2631907374682484,-0.18538974409459286,-0.8550808314154503,-0.14910801438237184,-0.15794149430594606,-1.1309266498712158,-0.28135038715321914,-0.078330397842201,-0.9523099188260644,-0.2784304550647166,-0.05638860287137829,-0.7749683938543037,-0.2429479950725969
D,0.0,0.0,0.0,0.2290839388439418,-0.10798647950032472,-0.16596876369314095,0.41389740418712573,-0.34296861549569757,-0.2609459690581863,0.4195249341058018,-0.5876332405774228,-0.35374566827833115,0.3359792947317897,-0.8204216215869701,-0.4423608285948582,0.3451489839025496,-0.9736662457788127,-0.09875268103131175,0.37230518589013145,-1.3795834875057242,-0.2049530210042493,0.39065184465179476,-1.630524774160212,-0.2728109695782879,0.3956113373092375,-1.8397337531430087,-0.31966352628123607,0.1651789941990375,-0.9812667695563819,-0.09915355182633095,0.23494773013888814,-1.328507582562748,-0.28868801001505856,0.27097782487236666,-1.050322024322168,-0.36624811655245026,0.26617180816859454,-0.8513053986880327,-0.3702568978939744,-0.005406064234955557,-0.9374358220652561,-0.11823250929960734,0.0362554354795335,-1.2300734839952432,-0.3087910701363454,0.09717423360428226,-0.9574433560286921,-0.32295324870745656,0.09936023846543897,-0.7457606781629386,-0.2789541763527746,-0.1840016984971818,-0.8555184134285022,-0.1510677986166598,-0.15441360132940252,-1.129912281887886,-0.2899587662519635,-0.07921061888307301,-0.9522540604322033,-0.2914294404774868,-0.060782701238517534,-0.7757184327921983,-0.2575042678614699
D,0.0,0.0,0.0,0.22387638528102727,-0.10606418487703131,-0.1425244065352056,0.41608132172081724,-0.3514662088803414,-0.234856313084326,0.44182600062123567,-0.5974622153336675,-0.3272549731556323,0.3543633540496502,-0.8344991678125766,-0.41789435004241315,0.3344708648760377,-0.9803256064335355,-0.10169760182723832,0.3500906451275571,-1.3778614761038535,-0.21289215297806846,0.3971348045972303,-1.5877670653790101,-0.28723721871904667,0.42882740665962193,-1.7530288418455473,-0.3362205241908324,0.1646705741541586,-0.9795926171016477,-0.11524715409798428,0.23708191818330587,-1.39883302130744,-0.29632518646695616,0.28845197181683174,-1.1146239021519864,-0.3718184943805271,0.28093339176525567,-0.8872274999953148,-0.3780644966474535,0.002364567498415308,-0.9198421407489401,-0.14431918180293934,0.04785595965980488,-1.2847028110153564,-0.31648036842841915,0.12700176405122138,-1.0265689653880772,-0.3237990807589733,0.12922623678781972,-0.7999889566924167,-0.2816962230943096,-0.17674906343332994,-0.8172069534588143,-0.18578096088163115,-0.13679848558335325,-1.1335283545843633,-0.30989086806883237,-0.05084351974010509,-0.9785073964186514,-0.3063415993102203,-0.038139257741411414,-0.802539430785892,-0.2742718353146454
D,0.0,0.0,0.0,0.22279323385689917,-0.10710439418918304,-0.13664639424478367,0.4183488124990719,-0.3560154150506653,-0.2225664483071941,0.4415147920547325,-0.6018219466800062,-0.3088246180552814,0.35531533093443124,-0.8345707350663265,-0.3931071115607008,0.3304479362972555,-0.9779928100746331,-0.08948653602324722,0.3442966946788713,-1.366512372681726,-0.193453961290877,0.39372260906901096,-1.5699753178716156,-0.2617410553203831,0.4286483550904475,-1.7320197272356865,-0.3066160899852125,0.1632599307135823,-0.9812166841110994,-0.10276192799580577,0.23955432763245788,-1.3998226703671552,-0.2729414930807036,0.2887563652445075,-1.112007217206227,-0.34130957444387383,0.2781222788251909,-0.8878655162440876,-0.3433364220891054,0.0027358008658437383,-0.9254777836026049,-0.13122617580552562,0.05172316377397034,-1.2887860845904908,-0.2970069148462301,0.12470517723248355,-1.0228839180992741,-0.2989420444495995,0.11950322048987481,-0.7980242131922596,-0.2534447195192244,-0.17610517869129846,-0.8252272395489364,-0.17150939059599565,-0.1335069611732512,-1.1394923597840774,-0.2918180044653516,-0.0517667525463405,-0.9759114461939581,-0.28344892990030024,-0.0456726789292225,-0.7967121911439178,-0.24773427250393504
D,0.0,0.0,0.0,0.2189591382138506,-0.10598761654251626,-0.13606349332577947,0.4162857766054265,-0.3492397553169935,-0.2225654389756047,0.43405787800610834,-0.5918677006176333,-0.309270093330332,0.34888944758865037,-0.8207435584729821,-0.3925279439463562,0.3255605490363357,-0.9770821369938095,-0.08729358669318893,0.33445971964987137,-1.3621471151883384,-0.1892393177199539,0.37643473557127116,-1.5754379672186154,-0.2520788650885137,0.40105591534305535,-1.7453542653061453,-0.2926938085339019,0.1586095931725403,-0.9823900790177481,-0.09875590919607787,0.23720996529506766,-1.3798255029233433,-0.26516959101095106,0.2890534534352494,-1.0740940400190824,-0.3239090143550736,0.2765964283891835,-0.8590278279378789,-0.31821545571198195,0.0012486287893928869,-0.9284975869228634,-0.12553532980350798,0.04477251999292838,-1.2755600412538208,-0.2908520629314186,0.11819651198604156,-0.9922823726457408,-0.2815167005494791,0.10948089923637362,-0.7739331592443731,-0.22689298490548945,-0.17507175890834775,-0.8267610640971684,-0.16404866116300162,-0.13979890251444071,-1.1313336214893686,-0.2835813637554145,-0.056430741844850425,-0.9583164288952348,-0.26771527739374146,-0.05089305018892977,-0.7821059582582688,-0.2248614842451178
D,0.0,0.0,0.0,0.22403219407156566,-0.09428499221217955,-0.15789399225535627,0.421369958686018,-0.3303736132350927,-0.255879000711643,0.44302033806260305,-0.5676858150263837,-0.35156248813607094,0.3579920479148895,-0.7985843049115983,-0.4440760044667379,0.3425399048084717,-0.9757150001619067,-0.1105929656925173,0.36236074655224365,-1.385299790565133,-0.21713052936203994,0.3794016730699651,-1.6350108955299893,-0.2835208302362861,0.37052378519451723,-1.84418171190188,-0.3301025792560334,0.16667982307955698,-0.9791866736054391,-0.11580714490774292,0.24310051176708614,-1.3597477587264895,-0.29994692807828005,0.2909560341314272,-1.0466056336544118,-0.36824270868234366,0.2761060804079367,-0.8399539255629085,-0.3673840874935683,0.0012149520204086577,-0.9274941536229784,-0.13714838571601615,0.04645426230679257,-1.2567710651443402,-0.32040687444717203,0.11625815968181305,-0.9600850562346568,-0.316972025097086,0.10483588494037782,-0.7447734880685072,-0.26416262914507893,-0.1769815759015996,-0.830644843352319,-0.17156808157908066,-0.1376128525258729,-1.11252416381002,-0.3058852081244147,-0.05570889833301236,-0.9220179369540163,-0.29546866864804816,-0.05125379068430369,-0.7466424019596589,-0.25540490569997804
D,0.0,0.0,0.0,0.227785301344872,-0.08981340826093437,-0.172234031664194,0.42514606218697526,-0.32219661672687383,-0.2807311018682051,0.45782636011317646,-0.5617083519657334,-0.3853089804259075,0.3680404013124142,-0.7912414731786203,-0.48569030831088533,0.34896523225296483,-0.9796415783235455,-0.13254581915781566,0.36915271716055076,-1.405419223178946,-0.24910299750711823,0.38061752338727256,-1.6654533512479381,-0.31784071943854597,0.3649781934541921,-1.878746685586479,-0.3646229630792799,0.16950936214600743,-0.9762160327447411,-0.1351622490082645,0.2473741674446859,-1.3451816279156361,-0.3291233972716033,0.30002517306845283,-1.0265781945421895,-0.3943982748320842,0.2931495734642618,-0.827450742328203,-0.3905195987115318,0.0029329258025006934,-0.9212041284617037,-0.1557839623181719,0.04971011457612701,-1.2330241139901088,-0.34893651565764494,0.12079980490160173,-0.9346462761586835,-0.3421259553435716,0.1119593631349098,-0.7309801047221257,-0.2862032559144205,-0.17544824892182398,-0.8245945279635049,-0.19089214355170872,-0.12925203287443046,-1.0937399161339232,-0.33000021758364234,-0.04876077989776263,-0.8960557663391668,-0.31731706584175745,-0.04529749131122154,-0.7257982838612356,-0.2758334258098782
D,0.0,0.0,0.0,0.23553743844516875,-0.09771330231844305,-0.12392202450189062,0.42861473159605723,-0.33217333065590665,-0.1994996811729394,0.44682772295086165,-0.5556431839112022,-0.27452519753789106,0.37394837829126953,-0.7564995112360263,-0.3464555493602277,0.3269115833075628,-0.9854193132847616,-0.10923915916354295,0.3498650064743936,-1.4243699547819686,-0.205803211700776,0.35649349590304746,-1.677535924130887,-0.2724909631435441,0.34813074125752663,-1.9012978226168424,-0.32027575404108233,0.15218923423972605,-0.9810667540447056,-0.11977671347015265,0.21279712936557632,-1.320425778669858,-0.2773799150016103,0.27918562077785597,-1.0872422149174161,-0.3414046036632798,0.29081970132846824,-0.883993287307624,-0.35245089385522416,-0.017655786814212423,-0.9127957548618202,-0.14132187862518233,0.016094430133403465,-1.2439834328642494,-0.2846672944829673,0.10961611874642362,-1.0212663853893376,-0.27919961701473556,0.1358482676130416,-0.8198133879522106,-0.24106022725955845,-0.19754541251811025,-0.7984067685366204,-0.17441309760642243,-0.1611217730768217,-1.0828933555747078,-0.2720930391837787,-0.0633212765108801,-0.9505421076049789,-0.2559860756481092,-0.026848305104953046,-0.800574908382483,-0.2214112749115606
D,0.0,0.0,0.0,0.21943443509839686,-0.0885348401733983,-0.11363704045942603,0.4200026870620296,-0.31531396865566114,-0.18806436053682754,0.48297001398554174,-0.527562080514303,-0.2636460948876945,0.42352463153051867,-0.7420854352077617,-0.3377071762859861,0.32267645088566754,-0.9837822406498915,-0.09827139958763836,0.3521849347575719,-1.4069677723008591,-0.18722765165825386,0.3728182668092682,-1.6549893772814728,-0.24883373036765172,0.36933412363882745,-1.87454858137016,-0.2941774065292577,0.1586926904808931,-0.9806365796907331,-0.1147542093362851,0.25024076353662694,-1.3158397136678843,-0.26627899853353904,0.32315551439492046,-1.053200989106984,-0.3261852541672999,0.3098089384434802,-0.8398726989799288,-0.33388232729849543,-0.003967777424882557,-0.9046428760463077,-0.14088241095714124,0.061098015674926495,-1.200616415870448,-0.283296840257442,0.15867576637032899,-0.9673112515277382,-0.2755112861467461,0.1618108034352647,-0.7759865287398041,-0.23564195752607026,-0.18346711767368698,-0.7797701174869414,-0.17662662660317374,-0.12744608810068844,-1.0541289739139743,-0.27463286921832414,-0.020295096907721456,-0.9153438552689804,-0.2529288555478466,0.006185082976089537,-0.7616855317794705,-0.2145705596964602
D,0.0,0.0,0.0,0.2224176987323022,-0.09460193281866708,-0.1143043258041274,0.4287512500157358,-0.324401023937552,-0.1950248553143362,0.5057044082444211,-0.5383265473089076,-0.27726882853917423,0.46733499024586667,-0.779152380016294,-0.35681652704246375,0.35352389723037353,-0.9651825800125887,-0.12013700460004258,0.3826485170373057,-1.4355359208946563,-0.22121090275462116,0.4072588968722782,-1.6997893691310917,-0.2808154685060902,0.3948910819488249,-1.9412722653971004,-0.3242838032628913,0.19749419386749442,-0.9696611411962882,-0.14406010774166628,0.3066736562125917,-1.3478373346002894,-0.31063283065990493,0.38580646405134944,-1.0383008922583514,-0.36232481423314244,0.365441111513283,-0.8293451995398153,-0.36121986336839806,0.036478317469760525,-0.911038147562748,-0.17745889979972576,0.11527342433012622,-1.2506533054200566,-0.3379690512052989,0.21039394708864395,-0.9602646457790566,-0.30993328938309167,0.19635509241433674,-0.7656545704632599,-0.2520939659873189,-0.14905113198081354,-0.8073221556087405,-0.22034254217636387,-0.08397414495343776,-1.1093176490249888,-0.331523166626977,0.019821063890587843,-0.9272799802856054,-0.296663992488783,0.026074956667747798,-0.7600320425370944,-0.2463994255418418
D,0.0,0.0,0.0,0.2386366312679633,-0.08088258408754842,-0.12071776362619341,0.44660769409139883,-0.30480676660844214,-0.20371753678454213,0.5174178115380283,-0.520598510109917,-0.2868683854901574,0.4487849125489526,-0.7430074198434027,-0.36867262903346626,0.3790520792321681,-0.9709503582571346,-0.1308423225409908,0.41449760291571097,-1.4406711795369112,-0.23433595973295512,0.4313946505218853,-1.708422858682173,-0.3021986883705205,0.4219813300884549,-1.9459567561597704,-0.3510319741589501,0.20804155838307814,-0.9666964475010843,-0.14905263625418927,0.29978809355374203,-1.348617212467156,-0.31245611041927424,0.35969175898418637,-1.0864101236112564,-0.3705606120992012,0.34913396731713603,-0.8742510646525194,-0.3773186422021948,0.03151253314665971,-0.9033285742805498,-0.17686970372681396,0.09140385549175145,-1.2704137141426313,-0.32152668754964087,0.18225977979249028,-1.030492893004789,-0.30084546629647874,0.18844099333978012,-0.8263250274495805,-0.2546167782959361,-0.16234745640781256,-0.7995127921045058,-0.21624308029702227,-0.10771339768480331,-1.1069077891879124,-0.3124392500191792,-0.018561837149141912,-0.9639547555731794,-0.2833327595902308,-0.005034451844222982,-0.8092111487357689,-0.24214245222525402
D,0.0,0.0,0.0,0.2268148384139965,-0.09027453785516855,-0.11261502646040453,0.41668314057756767,-0.31984117353045544,-0.18476365273028256,0.44822139553757157,-0.5341199639058372,-0.25859678214372045,0.39100714581845286,-0.732372727855162,-0.33129974235317416,0.3594799362720716,-0.9711202120489725,-0.11133748165330924,0.39545534486410167,-1.4220845933380906,-0.20593753999945266,0.40547936799107714,-1.6857249648757475,-0.27445343521874904,0.39940823777752615,-1.916627723282061,-0.324701969300211,0.18136308546259453,-0.9749875960861497,-0.1284780864958631,0.26051414716513605,-1.3103347928620004,-0.2840291572742819,0.31856685547340724,-1.0871025157406422,-0.3516567809505743,0.31839894036518884,-0.8839915072781492,-0.36778274354876167,0.00467915988555598,-0.9108748029779502,-0.1542775044442781,0.05470011500937168,-1.2423873796401783,-0.29392528940419976,0.14063752848397304,-1.0252817080120264,-0.29108072307905625,0.15801568728552057,-0.8207586240866298,-0.2577201300035301,-0.18250014253687147,-0.7959094219741897,-0.1906670850207145,-0.13767425498882888,-1.0850805845188436,-0.2882427653862206,-0.03983410522523452,-0.9554039536274339,-0.27278138919195744,-0.0008432987142230826,-0.8007026350633323,-0.2400296590291581
D,0.0,0.0,0.0,0.2255537019535432,-0.09271223709918626,-0.13517787258284958,0.4002829622041219,-0.3187423184948009,-0.22311509158281284,0.42231823046066674,-0.5459598439284149,-0.31165341938345936,0.37367036667022074,-0.7626390150072865,-0.3941671545089192,0.3553721754980534,-0.9841059082414054,-0.09585028435811539,0.3645203043069842,-1.4093196362748857,-0.19473648120260503,0.36646062605277274,-1.6605021171621517,-0.25080899715040106,0.3438086748198478,-1.8668539329998923,-0.28898763115253406,0.17573893813959607,-0.9788231961838941,-0.10498083746052508,0.24332789990886086,-1.33144863694353,-0.26435348463838737,0.2834188191193495,-1.0219639347702214,-0.30474226184731473,0.2800718366161507,-0.8374462975412309,-0.2911294352993357,0.0068059903089851366,-0.919477580655628,-0.12982482748746782,0.0422971046733135,-1.2332419635903564,-0.2859994136084042,0.10032439870651193,-0.9467015418915685,-0.2501252289031483,0.09401303575835841,-0.7546461848960225,-0.18343517350943347,-0.17325129967814507,-0.8113150361823095,-0.16787074111358488,-0.1422669378590143,-1.080764287984275,-0.27443059565585787,-0.06484645668089127,-0.8971256928815217,-0.2385958675431531,-0.05013198756722911,-0.7421817687584962,-0.18541061645647824
D,0.0,0.0,0.0,0.2300051491457172,-0.10043376019501397,-0.15808519006949576,0.42970954911498715,-0.32861295963951315,-0.25723146306411226,0.4474439035955552,-0.5728609682982095,-0.3543579957100898,0.3628780077789087,-0.7941912247061356,-0.4465293586095076,0.3477635924008445,-0.9813972575254474,-0.10756191930217945,0.36570278259163985,-1.4068887222570943,-0.21313201023839123,0.3660651359589355,-1.6604954134509584,-0.27605198337301606,0.3433483285439949,-1.8644201570209609,-0.3194643203313108,0.17149756877917274,-0.978933455447161,-0.11080556713953574,0.24304572846980663,-1.3306115185162477,-0.2846764516337338,0.29331356647071577,-1.033090159652534,-0.3443900147954497,0.2926819896975147,-0.8546923133971539,-0.3431391928106467,0.006570557249021462,-0.9272608862766043,-0.13148525862762986,0.046695387743432584,-1.2351201729029333,-0.3039574286873881,0.11498374776125682,-0.9561876547423537,-0.2946245388841147,0.11036804111688693,-0.7657245835159338,-0.2443800304405821,-0.17280063516617064,-0.832191010219015,-0.1665123062775978,-0.134178686285891,-1.096636171339947,-0.28999919918780853,-0.0532802533692714,-0.9121846265700531,-0.2761229918307741,-0.04222653022955657,-0.7546375996757224,-0.23824093664644444
D,0.0,0.0,0.0,0.21960719294500095,-0.09792161991654824,-0.13580370391006275,0.4148284754447433,-0.3354499066345052,-0.2207131262780736,0.4490793623987323,-0.5770113085482608,-0.30620479615274343,0.37563075223693065,-0.8015189437752681,-0.3886969440525164,0.3397934948406123,-0.9754546214396116,-0.09922577844698523,0.3785726609893324,-1.4022687962029121,-0.19378055654126658,0.39803095012277334,-1.650390583842632,-0.2507594331220306,0.38922089921299413,-1.8658094250866801,-0.29148463360699456,0.16805603182458073,-0.9796973312001868,-0.1093174707290972,0.25133131502519285,-1.3539930242099727,-0.27186883251474075,0.30709699556363995,-1.0505102075407622,-0.3276098939087426,0.29696048158498173,-0.8526676024262982,-0.3245939697053899,0.004244353143773133,-0.928365119287362,-0.13243231118047866,0.05366341418607339,-1.261872799810149,-0.29086668992106607,0.1261300396800916,-0.9800844111503352,-0.27361189322428403,0.11607177602447125,-0.7779386703392506,-0.2188345338599892,-0.17576741785952651,-0.8346356434945309,-0.16774017006153544,-0.13718052754495916,-1.130751552529891,-0.27929436468382335,-0.048842233539841975,-0.9555181077955855,-0.2555604981258494,-0.037868984685275095,-0.7852861102029105,-0.21048384015754237
D,0.0,0.0,0.0,0.2196640286856479,-0.09819411306418323,-0.13283206146774906,0.40910767396604486,-0.3350016352997624,-0.21640166020426282,0.448764271164341,-0.5671043491708753,-0.30094100600430146,0.38598583469538655,-0.7946368632930771,-0.38272529242086833,0.3501929293176042,-0.969065404496772,-0.09736969953287207,0.3932423379196615,-1.3849228639116524,-0.19144545076594308,0.41755242912503665,-1.6266487202376716,-0.2493128423633193,0.4160320260610274,-1.8368960146701878,-0.2912913601369168,0.17590548990943583,-0.9782799760888795,-0.10966105508913629,0.26005448008952736,-1.3389311707007538,-0.27134774515885834,0.3109427802117317,-1.0401040399709234,-0.32818779393767733,0.2982054087475948,-0.8466916881708643,-0.3276479859181543,0.008210875811185502,-0.9272518228596046,-0.135260448342529,0.05920469010792077,-1.2514075999683587,-0.2934982296796047,0.1341910541356738,-0.974822857229635,-0.2817560941321005,0.1261102916616021,-0.7770171199660326,-0.23250552696295101,-0.172775152819123,-0.8314287194356488,-0.17264020261878485,-0.13030201393950352,-1.1208674611402984,-0.2855206400892089,-0.03970741881845476,-0.9460745526451467,-0.2663834281160266,-0.025867455447681657,-0.7795384716963607,-0.22578322826875286
D,0.0,0.0,0.0,0.21958793877395505,-0.09291429736454104,-0.1411046606441629,0.4182612536545938,-0.3225732262145181,-0.23535904892850024,0.4527615196320086,-0.5525613154797916,-0.3303554009890975,0.37979115881363407,-0.7842419809395184,-0.42277216355357117,0.35628467654817064,-0.9726045883895335,-0.1164171785496486,0.3967491401638971,-1.421401255127994,-0.2181131766141027,0.41650100426818243,-1.6813857355272175,-0.2770928980403479,0.405866236791509,-1.9015813646370467,-0.3185965618901192,0.1788296441299103,-0.9755205068077302,-0.12798319881124606,0.2594519272103028,-1.3518648112044958,-0.30085514516365314,0.31145429685714415,-1.0367816638278458,-0.3594748085109023,0.3000080730732226,-0.840034298134516,-0.35740038881881014,0.009277944857762444,-0.9256050589775984,-0.15274396761387132,0.05464722209945572,-1.2635746827580951,-0.31840511144448763,0.13111282864291876,-0.9728620948368742,-0.30362993263281224,0.12371903482449115,-0.7644518018662568,-0.25012890967224144,-0.17518984647641117,-0.8313064467599134,-0.19019097192365128,-0.13753120794269957,-1.1285631816225874,-0.3082394224394617,-0.04750720275087116,-0.9499465090085454,-0.28923183904746613,-0.0346121009030956,-0.7796302519463704,-0.24727352703903846
D,0.0,0.0,0.0,0.22057236872145422,-0.08728924021347935,-0.14861375241196098,0.41353703341968084,-0.31431243355536204,-0.24558353110329018,0.4574564538175687,-0.5464144449823762,-0.3431043909819327,0.39051365657655135,-0.7827539167973041,-0.4382435496302899,0.36162646045361296,-0.972540673228387,-0.11839422217552223,0.39891576275617624,-1.4156076412015275,-0.2220924233426443,0.41312296274504245,-1.6768954634054274,-0.2834268758032007,0.39738565877569965,-1.8962870885891443,-0.32676664712960585,0.1837346665343804,-0.9746802254044772,-0.1274363783186639,0.2640307131317441,-1.3396297245875282,-0.2981056562826273,0.3157431655612265,-1.0336632900743061,-0.3563445221149831,0.30771884744066647,-0.8484132320977229,-0.35602714274061026,0.0156176087427084,-0.9253947183775353,-0.1509832191692114,0.06327014870378478,-1.244942820637931,-0.3191474537123186,0.13575682985841944,-0.9515119674641089,-0.3035232991369036,0.12743327367127338,-0.7521014654465636,-0.25037065441476414,-0.16767667910367953,-0.8333867432190496,-0.18777983846339352,-0.12855304745294388,-1.115270747498483,-0.3070596696713118,-0.04228458309410615,-0.9219789158474557,-0.28466727993046365,-0.030534376996966758,-0.7497427213866992,-0.24116855396650064
D,0.0,0.0,0.0,0.21713159420510564,-0.08154956358589292,-0.14967256532001313,0.41495071132540473,-0.3034356225638151,-0.2491153488418556,0.4622161752092477,-0.5299977308790107,-0.3480683470639171,0.39257468008977003,-0.7609207331619638,-0.44416235584676167,0.360361868106565,-0.9751760989789275,-0.12878402355319066,0.3920261454478044,-1.42878611790285,-0.2363673950497486,0.4043653743407613,-1.6944490251655655,-0.2961144491827427,0.38379488962574226,-1.9147550753517673,-0.336855966650056,0.18085437328186316,-0.9739015369789893,-0.13714040956183124,0.2671547920411587,-1.3334056895834474,-0.310002538513857,0.3196399856153738,-1.0058586897485349,-0.361584460951983,0.3096547134160529,-0.8210686084160811,-0.35547129317220105,0.011646808150216998,-0.9213353141213798,-0.15991091400237845,0.06173000001790781,-1.2306715115063933,-0.33117685319979406,0.13213834830941862,-0.9250034139395614,-0.30807815526771,0.11972568273873091,-0.7343179854816121,-0.2486353810301357,-0.1734983830831961,-0.8265596804072214,-0.19567021964420073,-0.1334211252597471,-1.1060502162108683,-0.31486090373876807,-0.04262078072078672,-0.9094086997821138,-0.2864950534481501,-0.0293903541794355,-0.7446591143955642,-0.2381642598614291
D,0.0,0.0,0.0,-0.286280836759022,-0.13497728034682469,-0.11017743145039449,-0.4796556313137799,-0.3882185671948955,-0.19306505675576094,-0.5522899657609102,-0.5990531070952488,-0.2916335070464235,-0.48197453340203966,-0.6893571764866759,-0.3883917016644946,-0.40623259017050983,-0.9954778779862932,-0.09135639442273653,-0.4946500750429813,-1.4209652093376266,-0.22279863482636394,-0.5413517617941972,-1.6844584968536027,-0.321366432606974,-0.5692685146023624,-1.9348096387220308,-0.3971707795271575,-0.23328183481058795,-0.9635205456568986,-0.13117828953160723,-0.29001177060081024,-1.2046696348509291,-0.3581781431312099,-0.3749552919539723,-0.9018680740309006,-0.45047138941756837,-0.41077453468841296,-0.661745086553915,-0.46830712885112125,-0.06559102230266055,-0.8662229921613717,-0.18826931548699777,-0.12565492854639118,-1.0473151747649616,-0.3971481196326084,-0.25561950803200895,-0.7585555116357309,-0.4255188118204525,-0.31491274058468594,-0.5276286449235751,-0.3914219286885818,0.0927833703144012,-0.7184645821832978,-0.25575731798013157,0.054281955349766334,-0.945899452371058,-0.38267162058732285,-0.07548141376331033,-0.8100236063628969,-0.38892438714368655,-0.15802203718873212,-0.6450954027789036,-0.36516157264859217
D,0.0,0.0,0.0,-0.28093198034672523,-0.1407905522065988,-0.11098832275895688,-0.4686075028146468,-0.3972539164846787,-0.19393804389658562,-0.5374954665887854,-0.6056179741097318,-0.29266290420362284,-0.47151127815570437,-0.6948297430293595,-0.3897276916909205,-0.3933977905576656,-1.0000138852940297,-0.09176672336515473,-0.4825146819971405,-1.428292499403036,-0.22309236787950948,-0.5280070034166229,-1.693417009529484,-0.3211914361134662,-0.5549972626638009,-1.9453018202333072,-0.3963698900549071,-0.21981348097745868,-0.9666522933532762,-0.13139778284059508,-0.2745458677441811,-1.2130343294010528,-0.3585226255404106,-0.3616631805315921,-0.9082313657563934,-0.4505158183772556,-0.40007783264018054,-0.6677348324912592,-0.4678523238170927,-0.05185960155737307,-0.8675968666749843,-0.18840815287529453,-0.10959993818481825,-1.0545836930620984,-0.3978217479272323,-0.2427983848941672,-0.7639646743146495,-0.4263010830029889,-0.3047145225764769,-0.5331845008825475,-0.3918905644985237,0.10640557076258929,-0.7181688879900555,-0.2557833959463253,0.07135072570242579,-0.9521002810456235,-0.3827988048104295,-0.059846235269831044,-0.8147045785748429,-0.3887522772954051,-0.1436220967022134,-0.6480019853188826,-0.3646167157480122
D,0.0,0.0,0.0,-0.28213300958731524,-0.13729392800102552,-0.11245004013791617,-0.46873574738973783,-0.38936227773256216,-0.19589556111548145,-0.5366306773622733,-0.5952144144490726,-0.2943422313588068,-0.47867013598647545,-0.6899718949215864,-0.39031183583985,-0.392222249779949,-0.9998101530376919,-0.09240672728691275,-0.481366197063932,-1.4254606971043915,-0.22463431960641975,-0.5251681231725173,-1.6896149160314236,-0.32394820294720394,-0.5501045408337072,-1.9401819414859784,-0.3999477490022604,-0.21911317837545843,-0.9668929174082788,-0.13079564720552417,-0.2767454206324439,-1.2060787476843529,-0.35953149702748155,-0.3638849777295497,-0.9028111244392751,-0.453883166625206,-0.40175628523615814,-0.663553359436223,-0.4729666265588186,-0.05206260953201686,-0.8685429951974232,-0.18665008471850827,-0.11268986547973789,-1.0480037956288206,-0.39734202386510936,-0.2465748270493741,-0.7573953720897808,-0.4271382109131527,-0.30901178417165337,-0.5263670352888198,-0.39373127038449357,0.10468280266916787,-0.7193861598661131,-0.2529491344224018,0.06768878866537423,-0.9405101703442975,-0.38171020805538425,-0.06492377522938805,-0.8043927270488417,-0.3895469179801752,-0.1498761826010917,-0.6427879629923865,-0.36655106782106417
D,0.0,0.0,0.0,-0.29004732940019773,-0.13442651105067052,-0.11684689091613322,-0.47884042423811146,-0.3879309205545917,-0.203097648633677,-0.5461069743983279,-0.5914900207313386,-0.30419810092139066,-0.5011200041018199,-0.6896497749937529,-0.4032778235373976,-0.4006741522513463,-0.9996932514013438,-0.10160612425174127,-0.49156815204108245,-1.4346370651229468,-0.24113645203173018,-0.5356033286082819,-1.701899484621427,-0.34708178028368997,-0.5582063100063824,-1.9570155723338212,-0.4279207479287004,-0.22517395059448364,-0.9640178228119275,-0.14130226210016622,-0.2829385518520785,-1.2123535006015722,-0.3810938106439646,-0.37590958891213583,-0.9007071880499319,-0.4842928148827284,-0.4172679213182612,-0.659019410340855,-0.5089668681857686,-0.05651048159950616,-0.8662800651584355,-0.1987401460492101,-0.11515081060753385,-1.055159642653861,-0.41809333838079354,-0.25550320056030323,-0.7605016005914259,-0.45499799561132565,-0.32197008894896256,-0.525245031822457,-0.42594793800682285,0.10242744327468951,-0.7194036851511969,-0.2667635860083872,0.06629440757031682,-0.9462457578174593,-0.4017832724014929,-0.06925613577966441,-0.8061598410390954,-0.414205525047259,-0.15614334801970248,-0.6393146880869254,-0.3945749913475673
D,0.0,0.0,0.0,-0.2829228912080739,-0.13209565947476629,-0.1112880478403874,-0.47013034579400553,-0.38736816029735266,-0.19182128402293402,-0.5380465235313729,-0.5938898526479649,-0.28802968140108687,-0.5071761268398719,-0.7047758593581959,-0.3817137336412128,-0.39535147524127734,-0.9965873599880034,-0.08980568598954607,-0.48485914377706635,-1.4314796136560601,-0.22411321175562088,-0.5299501071951326,-1.6975632059001051,-0.32382237514603246,-0.5552712855739135,-1.9533475630238126,-0.39882158799458084,-0.2223152867750041,-0.9663979883468136,-0.12903813926657376,-0.28125899572496793,-1.2223472850009813,-0.36169605596695337,-0.37631588257347715,-0.9135706963586402,-0.4578126037769075,-0.4181063636948437,-0.6704491034510985,-0.4761209822841266,-0.055767686518739736,-0.8725264910908439,-0.1858995470618856,-0.11814914612188904,-1.059722345533974,-0.39965876184213556,-0.257832265667475,-0.7624232523500798,-0.43043807928742084,-0.32318577852425345,-0.5274241761000821,-0.3962382905683317,0.10325335441641338,-0.7286098027619536,-0.2529383884781183,0.06548788117756375,-0.9555777134789701,-0.38279016043405073,-0.06830985758369708,-0.8131601019375464,-0.38963466760887355,-0.15410668877117942,-0.6455660721327201,-0.3650433919654377
D,0.0,0.0,0.0,-0.28504455714224436,-0.13003202008132725,-0.1228823059890304,-0.4673551256152925,-0.38764225001558617,-0.20967541868039277,-0.5344160584967883,-0.5940414604832301,-0.3100614480562315,-0.5175544950035867,-0.7090841013901693,-0.4070429524003945,-0.39401656872473606,-0.9934138951965781,-0.10490412977392037,-0.4894872791178815,-1.4394897485772797,-0.24747068625733218,-0.5352914127792546,-1.7089274652881592,-0.35402173161838385,-0.5616084060030428,-1.9701440674036363,-0.43358564757489365,-0.2219359593890197,-0.9649560132863916,-0.1400154361222675,-0.29002797846945716,-1.2327133558938355,-0.3832939566136499,-0.3882600756998248,-0.9199893334722739,-0.48652399152381903,-0.4336686843065614,-0.6774598324793215,-0.5084785778431725,-0.056075637506532175,-0.8766917305164806,-0.19345535345896736,-0.12392689164277758,-1.0802193756381324,-0.41617969049067455,-0.26632878774180374,-0.7785215859205924,-0.4515551610503051,-0.33241062604701893,-0.5423202428503151,-0.4186406677885491,0.10218418940713098,-0.7388267108734009,-0.2579125446628401,0.06679587278652756,-0.9761881473932413,-0.3965403713024154,-0.06917922707767213,-0.8294211415542565,-0.40920810586863043,-0.15564251032054383,-0.6577542786362587,-0.3874071256400594
D,0.0,0.0,0.0,-0.28904985869185057,-0.12458388297045388,-0.10975916662536117,-0.4688858300433637,-0.3793458189807108,-0.1869551734874615,-0.5216922003396345,-0.5809125969216555,-0.27924113488042057,-0.5388907134648362,-0.7089399245994652,-0.3689359017011708,-0.3973872725963378,-0.9963775289949848,-0.09353542493839284,-0.48773280332626084,-1.4303318710961923,-0.22955083783698688,-0.5299928192940679,-1.6993276919660314,-0.33228272177938145,-0.5539844267837352,-1.9561291843344275,-0.4088066953074596,-0.22244662529213194,-0.9657740994400327,-0.13340872440337506,-0.2870813775984704,-1.2223933475398157,-0.3688626698792331,-0.3845628649102098,-0.9164177346447878,-0.4718311676303771,-0.42776714918179115,-0.6732047394327251,-0.4959925356562574,-0.05669619196554982,-0.8729940282737962,-0.19060276214970884,-0.12138488857539778,-1.0654262374871337,-0.4071467841348863,-0.2641147118754836,-0.7702400927748995,-0.44495912872718957,-0.33095947967920414,-0.5353753430194677,-0.4165885559512857,0.10225191328695708,-0.7317318788169416,-0.2574205122406075,0.06775185827669773,-0.9643722765258603,-0.39326523819462295,-0.06478735150725722,-0.8238240386172531,-0.40676801979661864,-0.1500127902585834,-0.6586502261565629,-0.3868477188937244
D,0.0,0.0,0.0,-0.28389775195567624,-0.13321553504517086,-0.10524461440451363,-0.4642001603684008,-0.3893529936513808,-0.18006135956413696,-0.5187343029548453,-0.59253889036426,-0.27033864305889166,-0.5121228244188115,-0.7093866979408152,-0.3582634810465138,-0.3936917164671539,-0.997146383394762,-0.08432496582766492,-0.47841268017490735,-1.4198339672389528,-0.2164248963334413,-0.5181072200487062,-1.684543797906361,-0.3163238332355194,-0.5415592571199204,-1.9370616159504903,-0.3906394848171475,-0.2209994652967588,-0.9674874490121521,-0.12299297680154365,-0.28454594553348334,-1.2093900776702065,-0.3513887188496202,-0.37244454511526803,-0.8987275924494085,-0.4485279751925946,-0.40946810523506844,-0.6541196791958952,-0.4687440521619445,-0.055891942605092976,-0.8759007191323637,-0.17872858348797002,-0.12035793652935804,-1.0622489360380172,-0.388714125590174,-0.2553813127301004,-0.7673196586658129,-0.42115601024952176,-0.3183969075531732,-0.5316974548289983,-0.38928558307593775,0.10242634009933439,-0.7360530746674835,-0.24381677247820102,0.06631437716519903,-0.9640130642647872,-0.37276174458927697,-0.06157359201174841,-0.8249604285034053,-0.3813492299722378,-0.14421683381817424,-0.6616684235751904,-0.3579940501020006
D,0.0,0.0,0.0,-0.2856402708798649,-0.12963691016989684,-0.09766864194449242,-0.4741430605898175,-0.3949082266206403,-0.1707014951403877,-0.5391988500023831,-0.6069923917751239,-0.2614280068072337,-0.4980734712347814,-0.6762517372595247,-0.3519224989460562,-0.39980360745314103,-1.00015255979043,-0.07631649463121952,-0.47856449341787616,-1.4191040990135038,-0.20176687410425065,-0.5189824333243112,-1.6728671027441215,-0.29604876149587867,-0.5417261723311891,-1.9168906311244607,-0.3691448517988035,-0.22464991280393215,-0.9669416082414553,-0.1206496702383131,-0.28285039144570895,-1.188110417392893,-0.3474544039791922,-0.3747453783181338,-0.8776448076924186,-0.44418015332973615,-0.41744345733159555,-0.6393695503573381,-0.4652603300366841,-0.05678512048558198,-0.871913952374642,-0.1810663002021783,-0.12140515638570065,-1.0359555721310576,-0.3930307022031066,-0.26026663691473484,-0.7411163139951842,-0.42819131441657815,-0.32977965147804633,-0.5078515014024512,-0.39873098991644057,0.10264277278968022,-0.7284119611766717,-0.2497999309335526,0.06433177558317471,-0.9431111278396985,-0.3792214415843247,-0.06289263595083201,-0.7970496252441968,-0.38751213859791267,-0.14619218060584974,-0.6284898853450809,-0.365164877635298
D,0.0,0.0,0.0,-0.287608544315638,-0.12990396380578306,-0.10439331256190763,-0.47969754311017443,-0.3866596197688549,-0.18416601447185843,-0.5530121820743086,-0.589585382879382,-0.28125411878110884,-0.4948607224933303,-0.675341343862738,-0.37784675317410427,-0.40463580528409937,-0.9964250005339413,-0.07993901167487374,-0.48872805883169834,-1.4175164310985793,-0.21046367647124378,-0.5282032327845857,-1.676551775933261,-0.30993440594379984,-0.5508614590129599,-1.9246375113679735,-0.38695856947573415,-0.2286588057624977,-0.9656138078944672,-0.12371388180319742,-0.2884839118736328,-1.1960587416456954,-0.3538052656034804,-0.3844206569425907,-0.8843379543160689,-0.4516514379755374,-0.43235060639262146,-0.6394299412945313,-0.4728048913722008,-0.058314606179297485,-0.8704031015505701,-0.18454757873003727,-0.12424764942453324,-1.0425862760146756,-0.3982046547891422,-0.26793592507819813,-0.7471132414424693,-0.43136017071594224,-0.3418083654134057,-0.510754546523342,-0.39995526869666354,0.10248079027196813,-0.7231382064145857,-0.2545752561489495,0.051980251626429975,-0.9299542765233684,-0.38716810861529155,-0.08277568716502637,-0.7779181312415923,-0.39437828525790997,-0.17056698074791837,-0.6044021484601633,-0.37010125933128035
D,0.0,0.0,0.0,-0.2978790764082602,-0.1223732703295067,-0.11120283870541013,-0.49061033724900377,-0.36985371343066087,-0.19430650223572835,-0.563043578455154,-0.572575213636833,-0.2938890534605126,-0.5216606809700298,-0.6744171461074107,-0.3921382627901596,-0.4163040778969415,-0.9917178305048703,-0.08475439314043517,-0.49959766825918117,-1.4054374346918563,-0.2198003670766473,-0.5389036156162071,-1.664323380837194,-0.3241021228677713,-0.5623252037702863,-1.911984570796369,-0.4045814822228633,-0.24148047285383453,-0.9619452177627082,-0.1278615628472623,-0.30011358827021417,-1.1893958985706437,-0.3639219059870556,-0.3907331923163219,-0.8798159819082838,-0.468830374598694,-0.4338983096600515,-0.6376984643862867,-0.4948366488918768,-0.07152865719945305,-0.8676793584303459,-0.1890747213085083,-0.13165096163813012,-1.036252933771786,-0.4095175466024028,-0.2744837080804622,-0.7402354650294822,-0.45041392064431146,-0.34626509527212446,-0.503559775341655,-0.42352403213605216,0.08887452894140059,-0.7204040508665563,-0.25993774694586746,0.0413149201577288,-0.9208978369435141,-0.39954205588925734,-0.0912173189748486,-0.7653373070510737,-0.41389325323624787,-0.1749537330698353,-0.5902711686148667,-0.39414486852321207
D,0.0,0.0,0.0,-0.29892596677253325,-0.11720211746432663,-0.11572231762509895,-0.49509477165889393,-0.36994469276021585,-0.20054463002733217,-0.5715786233259181,-0.5852847427990687,-0.3012827436223243,-0.5153686172246817,-0.6815708937063167,-0.4003389284611853,-0.4212698638643862,-0.9832323103368406,-0.08360099092194825,-0.5072041294163468,-1.3949807877825957,-0.2178831899358072,-0.5509999567425337,-1.6548272325315911,-0.32155884467117446,-0.5781475523428552,-1.9023024429030435,-0.40165393523273707,-0.24801484221239117,-0.960762165584281,-0.1241962125999239,-0.31084261605714086,-1.1996391136448517,-0.35970850621088357,-0.40292911764855044,-0.8980736903734605,-0.4639321531110739,-0.4471717110597231,-0.6593163129883006,-0.48815444732577185,-0.07921689567641489,-0.8734645056308047,-0.183286425462091,-0.14125940053818473,-1.0472593997085984,-0.40194531357128227,-0.2827945113259083,-0.7540990491055237,-0.4434415706595502,-0.35311626297422427,-0.5175564959413542,-0.4159882518484071,0.08110957676988999,-0.7318004413581309,-0.2527898277091796,0.03126039378170661,-0.930094091727849,-0.3895547722587259,-0.1008538950588583,-0.7793616623278895,-0.40526225703584834,-0.1832147536855125,-0.6070316894625237,-0.3864227182590558
D,0.0,0.0,0.0,-0.29075227396911585,-0.12959553760142173,-0.10664806798295237,-0.4772800969497325,-0.4008658867455404,-0.17852931949002124,-0.5470578661924973,-0.6193068262584501,-0.26675596805695106,-0.5255241394406458,-0.7261590108005397,-0.35301571485807903,-0.4045207347720959,-0.9911788150163159,-0.07023550837008881,-0.4870571005955097,-1.409593263190908,-0.20248983778483903,-0.5245894943944764,-1.6699653258761356,-0.3050559066387043,-0.5475175436054927,-1.9258932739312906,-0.3824078866761261,-0.22950450597087704,-0.9669161480154047,-0.11135907886703891,-0.28364086537451455,-1.2422425314393424,-0.3427248202606963,-0.38126430988009624,-0.9354139258126792,-0.44496196735428595,-0.43346536427252763,-0.6922341381561463,-0.46637403977495273,-0.06115481316762784,-0.8794890960519339,-0.17003854494131113,-0.11795555411290329,-1.0823132599693377,-0.38585868307386645,-0.26174696899178396,-0.7781088687186045,-0.4225401943225244,-0.33589434337898766,-0.5389661845930978,-0.389809263374833,0.09868162482271975,-0.7384516197185957,-0.2380698615947215,0.0586430911258706,-0.9708248622373102,-0.36977058037380045,-0.07179098156631074,-0.8156871331781077,-0.3775660746327121,-0.15462975396659476,-0.6386028414222253,-0.35216040299795653
D,0.0,0.0,0.0,-0.31520753741258783,-0.11698888187484893,-0.07939615831569499,-0.5194975223323433,-0.39847106762650847,-0.14429207467079577,-0.6194313591046762,-0.6020537590979825,-0.23200944748658126,-0.6560856450570905,-0.6933325544317238,-0.3192552761848868,-0.44515449587950545,-0.9661177581221516,-0.06780347020916562,-0.5449175397694684,-1.406207014700315,-0.20113558845445342,-0.5997936928866364,-1.6611022397369393,-0.29628257286900195,-0.6355735289785707,-1.9112499317495044,-0.3674425363732291,-0.28038785066149957,-0.951875886344008,-0.12375358660755577,-0.39217730748569235,-1.2286505402434904,-0.35924872056800683,-0.516463494052912,-0.9188509188380359,-0.45090467846632865,-0.5566119429770757,-0.6700807217262881,-0.463622444987923,-0.1255151922693832,-0.8744758006339886,-0.19712519823799668,-0.24501905691457332,-1.0664728193559718,-0.40921048728809756,-0.41904864016810844,-0.7827388100586872,-0.4519305267015994,-0.49290692514713697,-0.5500170831060914,-0.426262744430149,0.02695763824114384,-0.7471993446450634,-0.2787873330522728,-0.047219080309201765,-0.950274990959012,-0.4098401420982256,-0.20496600472456514,-0.8196674070776757,-0.43414339954580233,-0.29457638754380017,-0.6448281031327063,-0.42321820069113963
D,0.0,0.0,0.0,-0.3098686720943763,-0.1198047263299737,-0.05967163967816598,-0.5234521588499376,-0.39739280621116224,-0.11797390930538977,-0.6335853357513687,-0.5953400313429712,-0.20416252844863175,-0.6685762538657737,-0.6711094438251572,-0.29190881244851413,-0.42588018308751296,-0.9634724374810714,-0.048500369436799196,-0.5460804238040948,-1.3818686270261082,-0.17284619264545886,-0.6203721624198574,-1.6277132405067436,-0.2579089918273431,-0.6701042946826913,-1.8609972611448762,-0.32245475593735357,-0.27120060161601156,-0.9554998601869439,-0.11606140989081604,-0.4208248741651105,-1.22295895166892,-0.34063713382118993,-0.5437897008310264,-0.9037587678914858,-0.418884472525412,-0.5723532364296215,-0.6549134277588382,-0.4224925528213936,-0.12197147847561875,-0.8808472800852756,-0.20039432930550324,-0.2779295775382815,-1.0695129955066183,-0.4082820469574869,-0.4454944605258808,-0.7693770674690417,-0.4387460224924729,-0.5028693517186175,-0.535166367937401,-0.40427571494063114,0.028298683300949538,-0.7577953453600513,-0.29189643361466694,-0.07547645688607639,-0.9607228156257247,-0.422775349865894,-0.2389122232075784,-0.8198634873962776,-0.44086952475671554,-0.3213396842397205,-0.6408766209615202,-0.4247970841250927
D,0.0,0.0,0.0,-0.29087031621972564,-0.12608003653616534,-0.03185328084817481,-0.4999668361970941,-0.40531736557847814,-0.07677177780480543,-0.6155919003062058,-0.5787715569364743,-0.1532889547259449,-0.7388702775645333,-0.6797037728903393,-0.23504711670893916,-0.4080295816398241,-0.9688668584935045,-0.03780381723813147,-0.537904792690768,-1.391096313398224,-0.1632617818471816,-0.6131871834338908,-1.643652718758639,-0.25065674258029236,-0.6656847384342313,-1.879861393423475,-0.3157885484864559,-0.25221229912507087,-0.9605533982757738,-0.11715854740866573,-0.4154714280848372,-1.2211842198414942,-0.33619700731194413,-0.5497781661389709,-0.9097952880927495,-0.4166624372131952,-0.5902791039685206,-0.6595318260899063,-0.42587999995724646,-0.10398463349894844,-0.8853837572352956,-0.21037343364107478,-0.2724666117797086,-1.0711456036342573,-0.41124993288642697,-0.4520447959154422,-0.775964685687663,-0.43533947426568426,-0.5227088416956901,-0.5472555745775274,-0.4018808474765109,0.04073949374802407,-0.7610936832403586,-0.3079278259140038,-0.0834449079065554,-0.9651794307183745,-0.43796496213313985,-0.2515825359049959,-0.8134005155294073,-0.44745835897116115,-0.33846423534292347,-0.6328433369517706,-0.4264762372240729
D,0.0,0.0,0.0,-0.2863359549820506,-0.19917744877610416,-0.0029846631213341973,-0.45727126346729735,-0.5371402485567617,-0.02665220282291294,-0.5892283668564532,-0.7527390603827874,-0.08338183620606543,-0.7404375973290979,-0.8923884573414195,-0.14301668875185192,-0.2463332552333934,-0.9886637510350212,0.04269897391105117,-0.37304203547522413,-1.3432857476976798,-0.032574887145467954,-0.44748838278196923,-1.555780834617896,-0.0925912613579094,-0.5084827904414235,-1.7473468744564777,-0.14392078085228155,-0.13187826563360266,-0.9907054772303461,-0.03332837288655315,-0.3781868262936485,-1.2342267204591313,-0.17444262973415295,-0.5636756900992602,-1.0694529061088995,-0.2411090969699634,-0.6508845098476954,-0.906403618140192,-0.2632674418936848,-0.047373171525364056,-0.92162194609281,-0.12213415858712463,-0.2905492189534521,-1.1658042643706734,-0.2606232737539145,-0.49182676291642974,-1.000325796312515,-0.28674059127041546,-0.5839352765414019,-0.831751922910691,-0.27675799157243264,0.0028648346213942582,-0.8006112735802381,-0.21464856450089473,-0.1877500679736827,-1.0077051158775334,-0.3172426151639243,-0.3806046495204904,-0.9627860831280517,-0.3427716538001056,-0.4970342805922876,-0.8610687393400617,-0.34440681091685493
D,0.0,0.0,0.0,-0.28919725897057863,-0.19330911393820543,-0.007207695958551856,-0.4626788468434198,-0.5270111901893269,-0.03363124286543795,-0.5977141244589586,-0.7391999803285468,-0.09180700722231412,-0.7514520396510594,-0.8799719492749856,-0.15292881743723866,-0.251676402125135,-0.9866934450143425,0.03487722858171383,-0.38275670619276037,-1.3398173782538638,-0.043644006883424256,-0.45582446588344694,-1.5566888933347363,-0.10674909878774728,-0.5171099585050624,-1.7496584610557127,-0.16017267003978508,-0.13505380801373068,-0.9900403815395696,-0.03975565195005382,-0.3843443213874919,-1.2305396207495412,-0.18334176681363387,-0.5669668613698597,-1.0702222143893505,-0.252584865648728,-0.6555977559218571,-0.9111823390066655,-0.2771629059181951,-0.049937690068425494,-0.9214033867000123,-0.1272316960924315,-0.2951111222381482,-1.1614836256112986,-0.2682801295813192,-0.49781688111848543,-0.9996329954409974,-0.29774736208883995,-0.5948308478251813,-0.834345709623288,-0.29040562499080846,-0.001825844126882463,-0.8004636097465401,-0.21847053588960352,-0.19747272110604955,-1.0006920276944988,-0.32345735639462125,-0.39058959882704086,-0.9571265282964043,-0.351734610723288,-0.5093550535178486,-0.8604099811462999,-0.355551606126391
D,0.0,0.0,0.0,-0.297056790770988,-0.20076200861558205,0.0030026934586732295,-0.47069569335890005,-0.5302861194457097,-0.022988709023143074,-0.6106470546804569,-0.7333524078757108,-0.08360067384614872,-0.7674489746029115,-0.869105579181299,-0.14787898973405164,-0.24431226535664946,-0.9907219004068614,0.03908583181744626,-0.3797117902647732,-1.3482460420449933,-0.04040445414672786,-0.4532904032177755,-1.5646789814453768,-0.10372824987824701,-0.5158004619155048,-1.7587074604976782,-0.1576287460330629,-0.1297302949172966,-0.9906208201746708,-0.04290036383451644,-0.39647954910100425,-1.2326554199269728,-0.18798463848939986,-0.579957375672807,-1.0589052215514891,-0.25510397929767986,-0.6622647774532348,-0.8920591256311078,-0.27825966940996943,-0.04977394944171652,-0.9176345750185619,-0.1371754399608445,-0.3107442908294541,-1.1622812653987356,-0.27883879730942834,-0.510821991649714,-0.9890824381834192,-0.3028112445970863,-0.5994928779412672,-0.8187154704518677,-0.2915812912875542,-0.00854826921062761,-0.7927598948720798,-0.2347892721010167,-0.2058531188209681,-1.00134594358786,-0.3402136188116476,-0.3996524199532098,-0.9564655140040295,-0.36562568652060756,-0.5175583439322445,-0.8568002706489177,-0.3676047151490649
D,0.0,0.0,0.0,-0.3137206850108563,-0.20638356295313134,0.021253317535304128,-0.49039759994691096,-0.5372444259897318,-0.0006756274763330563,-0.6313604310090012,-0.7435800064418592,-0.0613705192930518,-0.7896424054696608,-0.8727418153768213,-0.1276110218554053,-0.26546485750401544,-0.9852050456824651,0.05758385208002644,-0.4156142658404834,-1.3311023414361705,-0.016933473189011037,-0.5004860878529721,-1.5409276798303926,-0.0811497933485072,-0.572171677040827,-1.7296748668887632,-0.13689067382097128,-0.1567758050907068,-0.9870021841462494,-0.035327544900460334,-0.4233366417262878,-1.2406200418620075,-0.17636176914584273,-0.620308016091129,-1.0668695248632247,-0.24826603624304308,-0.7175337950682199,-0.8936509587112261,-0.2758016264526836,-0.08100194643012897,-0.9146672941509377,-0.1388049784684395,-0.33716100551521105,-1.1778336695664735,-0.27363088607822755,-0.5435374847007847,-1.0056267456153065,-0.30095695381395093,-0.6398779263891573,-0.8286487037300547,-0.29441178648864,-0.0437603082275472,-0.7888541024308835,-0.24413489661099702,-0.23957863235238633,-1.0088057533768051,-0.3436464102363636,-0.4329573336615588,-0.9729262033851727,-0.3684659937465952,-0.5517681543228505,-0.8768164519383954,-0.37232374004771235
D,0.0,0.0,0.0,-0.30336368530912095,-0.1915792881262108,0.005529299377910103,-0.4827695001254577,-0.513572328973187,-0.022991179208155164,-0.6216751338567461,-0.720319974641346,-0.0851495514258098,-0.7781897911664556,-0.8499391880008852,-0.15177393778963347,-0.26636382265473263,-0.9806917629085717,0.03050751495937886,-0.44027730582894703,-1.3128088160323377,-0.05247397024456765,-0.5402762357547477,-1.5136970504742748,-0.12014173933963933,-0.6208112838986674,-1.6977115534676694,-0.17704894663675594,-0.1499537428695749,-0.9873370496714133,-0.05176316591510371,-0.427470573585138,-1.214342050165805,-0.19574273103952192,-0.6171922044260929,-1.037057806061201,-0.26545596247939796,-0.7074885838198106,-0.8703876801268995,-0.29313306668229294,-0.07024415727624655,-0.9137538543917981,-0.14530637605963456,-0.33814107701751245,-1.1470222669182961,-0.28505035145001595,-0.544431672615273,-0.9685974636266407,-0.31114239227993945,-0.6427907404774658,-0.7940381922952142,-0.3041047342296277,-0.03446442770568064,-0.7827401651394308,-0.241477261727831,-0.23590954613540568,-0.9868178866430664,-0.3466512773643433,-0.4321190487105813,-0.9453840118446494,-0.37409983987083795,-0.5555910785773515,-0.8532866232496417,-0.3793164286336553
D,0.0,0.0,0.0,-0.2886166999537844,-0.16338409057525227,0.001969559276232777,-0.47364004552356787,-0.49043002492125926,-0.018656922955293996,-0.6103144763933487,-0.7021740329801042,-0.07394275935460923,-0.7681176062630293,-0.8384457888065502,-0.13315236071990832,-0.3145141663779147,-0.9615564711156739,0.05127267914023356,-0.4675086772779233,-1.295337585001896,-0.024531916699084527,-0.5622341906292859,-1.498041598719006,-0.08679159534249488,-0.6369617422650479,-1.6830373031495272,-0.1402707675480122,-0.19467520202334965,-0.9804352350517163,-0.029125857691299824,-0.42642482007419324,-1.2206268059020944,-0.17171948213026048,-0.6056157510792884,-1.0511053089682518,-0.24353062521324667,-0.6952630772630252,-0.8814199779031491,-0.26951093119248487,-0.09709580813327125,-0.920542253481251,-0.12251017826683465,-0.32774675798857184,-1.1504439406101334,-0.26555972426110297,-0.529151906520917,-0.9667006749848395,-0.29971434368355726,-0.6270597737552418,-0.7855383671931153,-0.29513872878344555,-0.031231803760941784,-0.8045676814119374,-0.2186454316519279,-0.21710477891232982,-1.004565144546207,-0.32655060249045703,-0.40969240401991763,-0.9432769563444208,-0.35796428763135224,-0.5276704219646163,-0.8330973625395321,-0.3645680375797825
D,0.0,0.0,0.0,-0.2963638030001075,-0.12989365708543293,-0.031797158731081146,-0.49503879516575966,-0.4783426726383041,-0.06251454735196528,-0.6081901291157294,-0.7336817749989433,-0.12288167765781034,-0.7466205359293698,-0.8919934116771361,-0.1833260338631385,-0.397758161665602,-0.9487932451535909,9.30702328508574e-05,-0.5101366069395569,-1.404806631411451,-0.0903980355649364,-0.595150187414495,-1.64497710985144,-0.15065838993288228,-0.651553933435383,-1.8699161401795166,-0.19704477188062167,-0.2727267947369312,-0.9597091103034979,-0.06766475473234483,-0.43186759559808907,-1.3315139005119228,-0.24574836259423738,-0.5986801441496797,-1.1023512566564726,-0.3102478656239083,-0.6592510123002997,-0.875980223370852,-0.31154842713203496,-0.14839030798103506,-0.9109843083294301,-0.14846073963293838,-0.29889850364690435,-1.2531153547554805,-0.30338354912015036,-0.4790405752807615,-1.0071479233911238,-0.31650765220933635,-0.5427456005652551,-0.7827227848726768,-0.28405543120753923,-0.015315573518082173,-0.82385845332764,-0.23627545685447415,-0.13509777417060018,-1.132873163002675,-0.33617907230341204,-0.313464504683667,-1.041242244975197,-0.3455100119225413,-0.40772180493831817,-0.8864510658417575,-0.32959768055102767
D,0.0,0.0,0.0,-0.29030584755696454,-0.12659071028214433,-0.03784362588096585,-0.4937388423171463,-0.4728271758622207,-0.07171508156162483,-0.6135373094434016,-0.7315991591905725,-0.13356145862595792,-0.7531965617407504,-0.8988754973698911,-0.19532830379804828,-0.4002099796495371,-0.940459636618862,-0.00939283294841011,-0.5093576885649852,-1.387068902413624,-0.10588755532439248,-0.5913100064525411,-1.626190590992457,-0.1708044025075454,-0.6450380435649551,-1.8565429401557658,-0.22039740598289964,-0.27520123197947205,-0.9584884125508903,-0.07459386652168615,-0.4281815005561666,-1.3309435022093534,-0.2587905768438139,-0.5885165100978296,-1.0994991447327598,-0.3268059369249839,-0.6446644730474249,-0.8704067392530017,-0.3298635816225095,-0.14994315169334899,-0.912188231122472,-0.1530420597533007,-0.2920811643283465,-1.2485317896907218,-0.31415723333544404,-0.4751157236886499,-1.00156397782627,-0.33242409621141433,-0.5441811439410847,-0.7755283959314703,-0.30232110988251587,-0.014762604342979976,-0.8246721972817459,-0.23830437165061097,-0.123573871309154,-1.131664337423911,-0.3418457917113067,-0.3000091132663142,-1.0394428287654718,-0.35460820154113076,-0.3973572203878014,-0.8832573651329803,-0.34111028905437274
D,0.0,0.0,0.0,-0.26237003492443495,-0.12141325741770256,-0.06006873419086542,-0.4435148508189206,-0.45401484552474275,-0.09928770327488633,-0.5273092516116548,-0.686147941396334,-0.1597693385718865,-0.6316154094243754,-0.8558412602690078,-0.21994242940543546,-0.37825417555709195,-0.9557218096986215,-0.03173605050815129,-0.49265284020119204,-1.384845588921679,-0.13461954815005772,-0.5638159536169516,-1.6247127265553225,-0.20516395147309002,-0.5999345520101425,-1.8592614640973777,-0.258166556135486,-0.22774025944279444,-0.9701589014856433,-0.08322307430694059,-0.3399793220254232,-1.3403948257364962,-0.2743404046139263,-0.4649203757332614,-1.0765771071623045,-0.3463152165831402,-0.4996875145127547,-0.8310614791568521,-0.3511362499724011,-0.08491757236725886,-0.9151470622500093,-0.1497098303093948,-0.19712288680970447,-1.2210869223367475,-0.3184861794413384,-0.3596447258934615,-0.9753435641126214,-0.3452615982520714,-0.4184225507722592,-0.7515332895396657,-0.3193733929448306,0.0612414391121667,-0.8148835690479043,-0.22318371514182622,-0.008868230291430008,-1.1179155108739036,-0.3262058224617628,-0.15316272675329962,-1.0267531380215171,-0.3402878266374568,-0.23388186313562653,-0.8755005281115582,-0.3293788449146013
D,0.0,0.0,0.0,-0.25410079471896274,-0.11215176790627318,-0.09196224211585562,-0.4139886151524054,-0.4308773785971839,-0.1457813021678829,-0.47005417140373035,-0.681132872833394,-0.21478202198757856,-0.567628034514426,-0.8831473889566015,-0.28111232351212345,-0.4031626370971737,-0.9376981684504271,-0.05608656479180768,-0.5238646103005639,-1.3844932235713587,-0.16276147638434718,-0.5901560060991059,-1.6351870084954117,-0.2401047333464092,-0.6242961343550093,-1.8816866854186756,-0.2985241921274309,-0.2460964013888237,-0.9649596228736624,-0.09104662238101033,-0.33331936072762397,-1.359239021659135,-0.275826326311065,-0.42357159063068844,-1.1197631015576877,-0.3563396218278378,-0.4528131342944171,-0.9052438606710682,-0.37291445143261526,-0.09084189923390011,-0.930835481334262,-0.1421606910950071,-0.1702477786288441,-1.272783566187845,-0.3027253385277422,-0.2947458188871724,-1.037175724103283,-0.3332727705691768,-0.33815696943649975,-0.823863409574955,-0.3148570988541544,0.07534864881200137,-0.8532085132075348,-0.20345729020941145,0.027460368789635342,-1.1794747609746308,-0.3021285954285424,-0.09355030366516635,-1.0951319571629783,-0.3189680547078228,-0.16188347196433703,-0.947025639415397,-0.3123949676684861
D,0.0,0.0,0.0,-0.24994218577557054,-0.1373951229359117,-0.10719550597416114,-0.39052718681339765,-0.44475679195775786,-0.16589838397605516,-0.43326400502597506,-0.6920468498968849,-0.23575185690300593,-0.48450613975867285,-0.9158587340411951,-0.3032001135155233,-0.4017230718569917,-0.9375479481537895,-0.05640762658740194,-0.496132280928371,-1.3767945821404954,-0.15707537265067062,-0.5438320015130083,-1.6333925981449313,-0.24018976432847206,-0.5691114360098969,-1.8753182232629295,-0.30518368791235523,-0.24004797228697375,-0.9673896631717263,-0.08083446411900272,-0.30940559529731543,-1.3574092931320103,-0.251348396851726,-0.3747525266994118,-1.14656030757583,-0.34530755284318065,-0.40322295757274773,-0.9407449552558451,-0.3787744692706091,-0.08117554826224085,-0.939915195553261,-0.12194333670889519,-0.13831071020881028,-1.283508120699028,-0.2734697541786969,-0.23436014844968456,-1.0705623703957516,-0.3232627623755579,-0.27039346998147945,-0.8514729595991676,-0.32328289131713,0.089422543365519,-0.8676959080160827,-0.17405064025884368,0.05575800686067675,-1.1941452652366429,-0.26934788161973683,-0.04011250745511199,-1.1185728315159085,-0.29785850048405876,-0.09762145266393041,-0.9627108025307397,-0.3036212137688984
D,0.0,0.0,0.0,-0.2168664946402531,-0.16653260091025185,-0.13710003439623583,-0.31352051646341483,-0.4279506873018348,-0.21385674527278845,-0.30518414959406,-0.6820694471324471,-0.2931388676931013,-0.25203123965417423,-0.8892617901627624,-0.3657327863869103,-0.3451383148314684,-0.9612666995832957,-0.06766208087259966,-0.38948337620665086,-1.383735143646838,-0.15681642555617,-0.3947717057982818,-1.6319424171599137,-0.23476748301573475,-0.3870044631394261,-1.8611320280486592,-0.2989458888618794,-0.16702876751111592,-0.983359827158145,-0.07144817111179755,-0.1980675677064641,-1.3126988424910648,-0.22364360747561882,-0.2009030405200257,-1.0943369911300207,-0.3044494571157702,-0.20286219918778253,-0.9023585039224418,-0.33341163963461634,0.0034254420553850406,-0.9394803505286601,-0.09353627599406622,-0.01557343261308052,-1.2355879975029882,-0.235073730124788,-0.0539450211302094,-1.0345221737449235,-0.2668945618407076,-0.06611851942360436,-0.8274447526636198,-0.2570375876492947,0.17440242306536138,-0.8495647593578083,-0.12956734976666506,0.1756298114229439,-1.1447523450482235,-0.22247229156660686,0.11668801686291587,-1.0700315474675155,-0.24019814508687698,0.07629281464696157,-0.9200034115233752,-0.23679433660840912
D,0.0,0.0,0.0,-0.1928084254640208,-0.16127759836388572,-0.1425077201919295,-0.28919092957976494,-0.4196393447618502,-0.22123788644141815,-0.24922429500312046,-0.6486060166896295,-0.30000138613717986,-0.20112148545596284,-0.8651039026523204,-0.36973820533267227,-0.3128747619186623,-0.9758277618918253,-0.08471792639973674,-0.33535390005858556,-1.3773804792087658,-0.1836947274126293,-0.3289541463817661,-1.6182429368352473,-0.2584832220155663,-0.3091912653512095,-1.8425341490356286,-0.31525497215743853,-0.13543094462660765,-0.9868824057121113,-0.08787250157711857,-0.13738552411339702,-1.3114116124782684,-0.2581859178256665,-0.13664823518316838,-1.0909689225301047,-0.3375128365158205,-0.1343441737752528,-0.8846030641963831,-0.35487651343754145,0.03404741854137359,-0.9331316038292071,-0.10960332897392487,0.037775672379400084,-1.201190669515599,-0.26824012274539727,0.013449425803585912,-0.9945090982193875,-0.2954636488194589,0.004663332383125658,-0.7964616600297725,-0.2722102199488963,0.19462203294888353,-0.8331151845535318,-0.14484628757940413,0.2151666921726343,-1.1095563221909839,-0.24501890503924834,0.1702011796873657,-1.0281814401130493,-0.2558547541483691,0.13276426892476278,-0.8857496007443723,-0.24075160414870256
D,0.0,0.0,0.0,-0.1771725589193733,-0.16661754806958504,-0.14825150524306735,-0.267691436616578,-0.42416754053263506,-0.23212380387252257,-0.19267251640737215,-0.6582422935151765,-0.3114291483628943,-0.07624523073510146,-0.8453786920757984,-0.38191532295404274,-0.28906899759646726,-0.9714607082606695,-0.1072973936315046,-0.2798724680724104,-1.3663149771188403,-0.2029072953466275,-0.25053028403548194,-1.6013739495554007,-0.27206420075706866,-0.21886365264579652,-1.8212025689530225,-0.32691268442843374,-0.1038673290604575,-0.9893262832396806,-0.10220119003713117,-0.08194483000463242,-1.27828469438064,-0.26065169520325515,-0.06374549710869731,-1.0258224782911072,-0.31820206912514404,-0.058780564966479314,-0.8202056174115122,-0.3238935409563787,0.06972569285449252,-0.9362563761882831,-0.11503841220787403,0.09830283179801673,-1.1856702699699102,-0.2618584865535702,0.0867818549212029,-0.967116126162842,-0.26406408677582965,0.07342141225554563,-0.7695191815680402,-0.22769584891381076,0.22443854237032115,-0.828539705819302,-0.1424657018329177,0.2554904196567382,-1.0740962640908027,-0.23836029705262635,0.2245616530750069,-0.9765748654994764,-0.23648965387753132,0.19464788362346608,-0.8354826699114817,-0.21246869355551326
D,0.0,0.0,0.0,-0.166417029038638,-0.1680239541937342,-0.17115157552613203,-0.24000972580653876,-0.4291111116908344,-0.26337366049929456,-0.12970417363272002,-0.6689044829965086,-0.3441945835262026,0.003852704453663234,-0.8440853377896244,-0.4151269730443,-0.2627668068541677,-0.9742048784989881,-0.1410697250932011,-0.2196296073294943,-1.3788556244194854,-0.246815198835841,-0.17345617237251987,-1.6179493749167724,-0.3240499096530401,-0.12703547512884308,-1.8433237047121769,-0.3848422727850292,-0.06726429265405362,-0.9899246343177843,-0.12459828772720256,-0.017806800561137565,-1.293248190214756,-0.2982543555053572,0.030095792151938652,-1.0394036639628226,-0.3697723846306753,0.047892802916657005,-0.8160417666756214,-0.3818585176542469,0.10839374478738138,-0.9341517445548353,-0.12545768325768508,0.15770019430697246,-1.191583671777471,-0.28538470661444165,0.18422327018283732,-0.9816514172181436,-0.30316449782652977,0.1814144377359311,-0.7703926452440131,-0.27331130032621503,0.2576375129474393,-0.8230732180266025,-0.14146536398188211,0.30655097206791637,-1.0720857804744823,-0.2482081994573981,0.31094295445004355,-0.9980993940362948,-0.25825226835681886,0.29088450071248745,-0.863463820238749,-0.24036466701166417
D,0.0,0.0,0.0,-0.15207975957738307,-0.17040694028348344,-0.18368727056454454,-0.205430829359148,-0.4177491884339443,-0.2835563971599179,-0.08180327525668897,-0.6436851181348037,-0.36666262810981426,0.056988945382069105,-0.8173673334146297,-0.43912144696369254,-0.24343108315283957,-0.9745560703639983,-0.1690460950798331,-0.17977433967860063,-1.3797181686906828,-0.28879655489012285,-0.12136075751242385,-1.623055887616155,-0.37941245423663633,-0.06471168686811993,-1.8517292709384992,-0.45051825173507365,-0.03888381231128893,-0.9884528651677227,-0.14645471136791802,0.027450819854881712,-1.2994027862915272,-0.32988739982962634,0.08158788615541361,-1.0365848022642827,-0.40811381192296514,0.099477051121958,-0.8095400818942236,-0.4257238974625882,0.14235540485716838,-0.9254053775585832,-0.14110132237126632,0.20873404124833078,-1.1901495596843972,-0.30968175258150593,0.2472044454458815,-0.9846758841061781,-0.3317873256688669,0.25142248201252415,-0.7722451984570609,-0.304944893174644,0.2967433597362565,-0.8046784835370766,-0.1512593774495976,0.3617077813965987,-1.0514259508964485,-0.2714922010074428,0.38777681068644365,-0.9918063055637217,-0.29081832466484625,0.38366241564971576,-0.8720383851954069,-0.27820315291400627
D,0.0,0.0,0.0,-0.15698386152319183,-0.1570312499270152,-0.18933980346738893,-0.205947337418638,-0.39973392188362833,-0.2875370912932174,-0.06361715506772685,-0.6201603418242103,-0.3659755620117501,0.0751719288074832,-0.7983710983962696,-0.4325660802640598,-0.23731579515199192,-0.9760325937502637,-0.1749137737444129,-0.16088718511061778,-1.384806890284533,-0.29688325072618577,-0.09718561944858056,-1.6309224158490003,-0.3859305597064365,-0.03533901361870427,-1.8661705957066739,-0.45443331111959057,-0.028046826802859772,-0.9884924860030464,-0.14864716822666837,0.055160102050399215,-1.3005452732686802,-0.33572709958500907,0.11547428537163738,-1.0271198105808066,-0.41142111532274006,0.13124958882691237,-0.7879024076366401,-0.4238137012332173,0.15680082381342408,-0.928549561208012,-0.14024795312642907,0.23255711087555417,-1.1875782787255849,-0.31367597950932935,0.2815496121683422,-0.9615228568545966,-0.33277613482567087,0.28291350966588347,-0.7457505705245171,-0.3001052919642698,0.30928930287892176,-0.8109733039492844,-0.14763515739415847,0.38244663216886404,-1.0527313176934312,-0.2713000470781885,0.42124351837905466,-0.9733758813609162,-0.2882425861551378,0.41552284950500257,-0.8479460327897992,-0.27120595518106577
D,0.0,0.0,0.0,-0.1278615670609003,-0.15899520029414674,-0.2459271379552088,-0.15072776746075892,-0.40321841474018183,-0.3669119619934416,-0.011873260239167488,-0.6209046001217721,-0.4575667479062093,0.13783115407012342,-0.7979312102161041,-0.5351748417643603,-0.20553519249115812,-0.9737943129296066,-0.22837587002915105,-0.1073714732824988,-1.3968205355078493,-0.366175432578386,-0.028955409231839226,-1.6529574655219597,-0.46516503899319933,0.05194282410033488,-1.8894041657325868,-0.539073629389027,0.004447358854292184,-0.9837492026845075,-0.17949297261123262,0.11485222421443235,-1.3219818134628398,-0.39417612635162286,0.1893182117683831,-1.0576835132753992,-0.49403014344590396,0.2119501652076007,-0.8024456915824041,-0.5170717260300718,0.18917154226133231,-0.9245522987085903,-0.15121645910256432,0.29370902126709764,-1.2035245194330568,-0.3528277498463349,0.3588954351745415,-0.9861969773605463,-0.40092171153127293,0.36222580270034355,-0.7549367412267255,-0.3811019716439556,0.3334173660117267,-0.809000970046294,-0.14160346990826272,0.42330910684442435,-1.0333006168367198,-0.2889719298888325,0.4748437412216241,-0.9446908705279444,-0.3269124373674336,0.46764966250801704,-0.7955482852807861,-0.3206985670303641
D,0.0,0.0,0.0,-0.1005782627216871,-0.15670938574441245,-0.25253136804139126,-0.10555638120736897,-0.3983890579416772,-0.3721331793592125,0.0328560068114177,-0.6170504697912287,-0.4597875564858866,0.19095359760715253,-0.7844619303247427,-0.5338932419571533,-0.17157486195628865,-0.978324386450912,-0.22357136249941972,-0.05675376712443323,-1.4066883567860167,-0.3459282677658189,0.03198545811365948,-1.6560284934041958,-0.4318301687670477,0.12021461281814064,-1.8810360505096777,-0.49806321443332613,0.03432947647900707,-0.9854095422866228,-0.16670189265615976,0.1559259222597099,-1.3150325354925554,-0.3673663638883098,0.23851426124745168,-1.0539355916790678,-0.4650355405163815,0.2629278573172427,-0.7961223976066533,-0.48951418499226595,0.21604931060707966,-0.9244755332191202,-0.13037777223199618,0.3315670871433801,-1.2078814632147548,-0.3233822247101538,0.4145738599597063,-1.0055351777700179,-0.38049081856286904,0.4250623180589431,-0.7758582450509242,-0.37003319682173946,0.35683484653983183,-0.8038491620939534,-0.11225751462899057,0.44976690618211523,-1.0344819081270724,-0.25679040768921807,0.514557394397111,-0.9482866634682773,-0.30224302885834453,0.5112912437583277,-0.7895840276731245,-0.30351185206816317
D,0.0,0.0,0.0,-0.07796328801255577,-0.16150008128571286,-0.2709088460328774,-0.06261726563190445,-0.40849895152156607,-0.39221196221645055,0.08543513525618049,-0.6232998646048028,-0.47961267176638,0.2475035313405973,-0.784666242676887,-0.5533707043753427,-0.1281537688552222,-0.9910197928143294,-0.2231641022920155,0.004747834617896946,-1.4185933808232631,-0.34153543669029984,0.10254518727996857,-1.6617049595621938,-0.42856199043625937,0.202331032611246,-1.8805432376241653,-0.49632926629789814,0.07012840151916948,-0.9854708048856121,-0.15469098234373616,0.20817894925107147,-1.3073868749993816,-0.3607735855075466,0.2983966393218543,-1.0617850358362266,-0.47613970033606334,0.3285081867592932,-0.8060820559368365,-0.5126093076543937,0.2430121388773138,-0.9236204292125161,-0.10775311198996096,0.37893683596883343,-1.2067415525180814,-0.3065873886940354,0.46847839589324825,-1.0113218187115454,-0.3867573888577216,0.4810815227341741,-0.7706839017063091,-0.39079452541410964,0.3754983182424843,-0.8100879747725025,-0.08015470528181218,0.4803938191889043,-1.0362970612600548,-0.23340220126032044,0.5480881521811488,-0.9360400567682227,-0.2971555444689614,0.5460573252370128,-0.7531556845064113,-0.3105764804168245
D,0.0,0.0,0.0,-0.05360567035485402,-0.1704394948506432,-0.2803399619705526,-0.01602218985004765,-0.421829478279308,-0.4006295286070885,0.15645295552563784,-0.631407769942926,-0.4855753027508572,0.3324278336636735,-0.7904365002806875,-0.5565376742248581,-0.07386118305145518,-0.9915958543901205,-0.22122349815640308,0.08321197828016877,-1.4203668668825806,-0.34639505568744916,0.19907212303159513,-1.6611134433315444,-0.44215593964207167,0.3105629457612293,-1.8789574024082327,-0.5162405222498914,0.1260476911699344,-0.9809092312715907,-0.14808463646477923,0.2866444393333695,-1.301786893522935,-0.3605641406024531,0.3919867982111524,-1.0569916309209082,-0.4870953413686377,0.42002896072466706,-0.8088213272832592,-0.5327646156620884,0.29579232007510964,-0.9152385133557817,-0.09810724365080753,0.4555712144284532,-1.1802254712737739,-0.3075086434486823,0.5541114459925314,-0.9666243611817679,-0.39797483400022216,0.5557459144402749,-0.718389930370373,-0.40782184034269114,0.42341407003636045,-0.7975682474633079,-0.06819801615023514,0.5544234076541836,-1.008984386751308,-0.23177340570312757,0.6263623244588138,-0.8896375205481464,-0.30326536849847374,0.6118382940881611,-0.6951051057487793,-0.3216983296054935
D,0.0,0.0,0.0,-0.04361007736654417,-0.17188049763709545,-0.3126358768085031,0.008592921112634168,-0.42100369809482746,-0.43967957807220387,0.18535922988566816,-0.6339921370976738,-0.5257137638698431,0.3678949870129389,-0.778452364467238,-0.5960419743652059,-0.060963505960800086,-1.0057551356567909,-0.22705244859609522,0.10831209631566835,-1.4291516810535263,-0.34676968733246544,0.22041369664844368,-1.667076287735729,-0.4405946183021305,0.3312694369060182,-1.8793926711976354,-0.5141352636108136,0.13246598699247789,-0.9816859709271967,-0.13691390278140442,0.29657035274018667,-1.2906141860454547,-0.35863404050056363,0.40355637138659334,-1.0509268132798102,-0.49891611271900504,0.443403994854958,-0.8002544494018915,-0.5492947050448868,0.29730008410941455,-0.9081691887981421,-0.07252560302765773,0.46283313142576515,-1.16841884938093,-0.2920562551507826,0.5656403730792348,-0.9689470749773363,-0.40451384048975964,0.5800027425461056,-0.727692816299794,-0.42504021694211996,0.41955605035084564,-0.7968501763888209,-0.029832283243238628,0.5569134450555919,-1.0043618990715713,-0.2011278827852667,0.6333517954892695,-0.8930621637584971,-0.2881582591696151,0.631623697086982,-0.7059479408120676,-0.31575800853083497
D,0.0,0.0,0.0,-0.018600909691249567,-0.1879705631093062,-0.32372556567429644,0.051084161476306414,-0.4373075868613006,-0.45268343551438966,0.23224134410915512,-0.645937678441416,-0.5395549096924992,0.4175652930687992,-0.7906955029757473,-0.6099607276146739,-0.03300933619556431,-1.0205237483751486,-0.22852837708557075,0.1584590373848105,-1.4499681671297306,-0.35285431498514214,0.28278957891983897,-1.6856176301915666,-0.4526964526905096,0.40016386853319064,-1.89377719847876,-0.5297640089246466,0.16073831317420886,-0.9779109111240445,-0.1336167825628615,0.33596537835415574,-1.2905915775745118,-0.3572716619522471,0.4541054589138828,-1.0587337639227452,-0.5066765389883858,0.496206816391102,-0.8136260524413422,-0.5668199406869718,0.3250801616889486,-0.8942214221500439,-0.06667175255635013,0.4998049543659246,-1.1546130446028553,-0.2929695701321719,0.6080408688509502,-0.9507513668799586,-0.41780200714830196,0.6181958536850366,-0.7045100498537658,-0.4475078777248085,0.4470793587300988,-0.7810299322145621,-0.02250522802499874,0.6010195310486736,-0.9834482908486435,-0.19972547388610642,0.6810516697711106,-0.8695351413687542,-0.2961894361125202,0.6738017376564831,-0.6742808332361185,-0.3321608743893496
D,0.0,0.0,0.0,-0.0008355960458888622,-0.17902306442825858,-0.3190828900675158,0.08155650656111417,-0.4298530167479175,-0.4437220597419824,0.2692409605574527,-0.6395564194344328,-0.5264654531046034,0.46388125519531354,-0.771672002777407,-0.5930250830841104,-0.025354713667031337,-1.0107367879869762,-0.21869085953886291,0.18204016188252045,-1.4217521728652212,-0.34095529030933874,0.314875032353642,-1.6555521671451483,-0.43777446612112675,0.4401126295339075,-1.8604181905346975,-0.5116015516576093,0.16186418945802172,-0.9790452871051015,-0.12357309564944476,0.3564127608030294,-1.2780676346107864,-0.35101900609701875,0.48046268318099045,-1.044220675483316,-0.5010474235734762,0.5316064565547494,-0.7896103681367359,-0.5568106940236349,0.3227679635437978,-0.8981878948517134,-0.055616123555383215,0.5164431148046266,-1.1440591157515596,-0.2844998596584939,0.6262406243546146,-0.9398901578676621,-0.4103677589768256,0.6434042273296376,-0.6923009376286543,-0.43663359856620604,0.43750403169317714,-0.7866377139274647,-0.009507124294041377,0.6008307506317437,-0.967478065795396,-0.1876485334141595,0.687142054006224,-0.8599419609346686,-0.2857022503756956,0.6918952748179946,-0.6750947826105551,-0.3196833269753488
D,0.0,0.0,0.0,0.03796548226993942,-0.19732244493095144,-0.3202765793851367,0.15628402765951177,-0.46428822793184077,-0.4184816281016574,0.36646811514562944,-0.6707297529119707,-0.4666554138710938,0.5781266616666879,-0.7727618067198452,-0.49513076414470825,0.029089321983725377,-1.0181721365172112,-0.20472134618405588,0.24802810987457488,-1.4227908803442235,-0.3177486356709254,0.38541809407572564,-1.6561293764473246,-0.4069516093589651,0.5103411803365274,-1.861210790478304,-0.4732501260808612,0.20668092879915673,-0.9732780072712449,-0.10006455033043682,0.4162909585296374,-1.2847502067911585,-0.3051852090879247,0.5436087222432413,-1.0564099446266844,-0.4442084691098359,0.5983829735852522,-0.8096090590019804,-0.49495296925240695,0.3591233082598926,-0.8879885588631607,-0.02475999814889149,0.5653187171643875,-1.124104011414466,-0.23964641593391825,0.6861121674547936,-0.9275521974683927,-0.37023396755562205,0.7103235966719396,-0.7001756235740998,-0.4017700668886801,0.46877249479303773,-0.7652576636474796,0.02832607071376452,0.6493101429969471,-0.9406040206274586,-0.13616502411099837,0.7446366524532017,-0.8401504658319525,-0.23550229667173408,0.7449636352394025,-0.6633728000380856,-0.27405008717939144
D,0.0,0.0,0.0,0.04822602292523595,-0.20351152111402562,-0.35511817304873544,0.17922148744262104,-0.4703775932795437,-0.4523185620996395,0.3969497510595639,-0.6654169446459245,-0.48814498761996156,0.6128903328639385,-0.7593992477716174,-0.5007666306904174,0.054701640820355966,-1.0314018739460642,-0.2171995033186031,0.28611121538268075,-1.4318818843419507,-0.32517266375887804,0.4256942778276865,-1.6638954360476788,-0.4111944842771871,0.5573832814096328,-1.85929715753369,-0.4745664950533818,0.2258761351446553,-0.9700191401371017,-0.08968187854740445,0.4447845468201756,-1.280990255205774,-0.29333410806779775,0.5671723670593559,-1.0528220462015967,-0.4342813731692837,0.6246546307026614,-0.7949711735547866,-0.4835397831495985,0.37392263747495474,-0.8762942062866492,0.004451771872896118,0.586653539888234,-1.108141567279471,-0.21241735747151225,0.7067554295043617,-0.9110117372082319,-0.3557720235724226,0.7375071779567716,-0.6920797225715402,-0.39395660316034103,0.47998593844577503,-0.7504697302352444,0.0741343370596244,0.6639044151615341,-0.9202561764457157,-0.09335789829377013,0.7644481798287996,-0.824153163425171,-0.2042848238269584,0.7702790812228777,-0.6581129598121538,-0.25090669412914657
D,0.0,0.0,0.0,0.07865201770000671,-0.21421104264291077,-0.36718657897791857,0.23658448337302618,-0.48119468283788974,-0.44891612721948776,0.47319641922639943,-0.6594702633300523,-0.4587700792766098,0.6888855960219754,-0.7459465686817592,-0.4424470990644413,0.09309400687923561,-1.036892585939233,-0.21926198943481073,0.3462141444989265,-1.4250423786850144,-0.31858462921761954,0.49592641144825195,-1.6515668510219275,-0.39752458788054407,0.6347509585413604,-1.8381808743549417,-0.4535925580207845,0.25135656382197086,-0.9652447543846537,-0.07157123693580407,0.5079800348372827,-1.2732263587086075,-0.25638036821425053,0.6480349822543819,-1.0486559737679677,-0.38916084245238447,0.7152227780108825,-0.7892313574989253,-0.43430260138218635,0.3887456438704235,-0.8658590028379144,0.041421683785391926,0.6262959253472273,-1.083907935308628,-0.1592266190832022,0.7567408508789635,-0.8835708139534262,-0.30847539803413726,0.7938374206472841,-0.6702658685383576,-0.3531837467960496,0.48250611759182077,-0.7389222066170406,0.12928934719836568,0.6756372936086827,-0.8834610040320378,-0.032988326211581875,0.7862370526244392,-0.7801510361831512,-0.15432153475395413,0.7969101139295083,-0.6156109569422487,-0.20921961165602915
D,0.0,0.0,0.0,-0.14977639177721344,-0.1634400630420146,-0.1892720420535571,-0.19331571453071578,-0.4101961217612056,-0.2911506226871836,-0.0371663696512671,-0.6326818741140751,-0.37512279623898254,0.10417910704525062,-0.8109032194711069,-0.4488720023851583,-0.22198605949585298,-0.9765012453688278,-0.17414611107652123,-0.13282452967337952,-1.3930041202745904,-0.28999556971972784,-0.060322647553317635,-1.6421647951035667,-0.37726257357690307,0.009770179165679311,-1.877482825135101,-0.446726150227592,-0.011913188619180618,-0.988492627820372,-0.15079920650222087,0.0756477041089347,-1.3308936065701398,-0.33374529151519244,0.13437469903529584,-1.0661210346630414,-0.41457360960627304,0.14454207794704496,-0.8272944847568603,-0.4330050018230654,0.1739931151189672,-0.9278290115438594,-0.1438384075110902,0.25600723021667243,-1.2084867695308363,-0.31129207663426123,0.2957664575044407,-0.9768436159734794,-0.3319913041659301,0.2801220835059048,-0.7502015966306568,-0.30417947529900147,0.3286707959980757,-0.8068145543202887,-0.15275981560174265,0.4073499908748576,-1.0686942659591485,-0.2712702107496922,0.4318502058000808,-0.961624167820935,-0.28488520557502406,0.40150321061271016,-0.8059936748450778,-0.26855988712946366
D,0.0,0.0,0.0,-0.16029226636125138,-0.15359155618668302,-0.16261682232743185,-0.21746733404695975,-0.39121753529271275,-0.2601490617511443,-0.10146840953267318,-0.6114727702416578,-0.34582683541065207,0.03591483771508008,-0.801631473449763,-0.42262878076479726,-0.25911107114329535,-0.9710623494926226,-0.14070950653347547,-0.19771924167072621,-1.3592261562540409,-0.2572838832024215,-0.13782669198820954,-1.606064677416647,-0.35114716310799593,-0.07871308603387131,-1.8314164619391065,-0.4261462125538549,-0.05443037498668731,-0.9897885454423495,-0.13174205702783953,0.013819747518319658,-1.3054986247349478,-0.29860249352238666,0.04962394831231489,-1.034110742594408,-0.3685285224291307,0.04135219385834175,-0.8058482352366237,-0.3857380581265401,0.1324593062220664,-0.9307323510794931,-0.14001392361382728,0.19517519052318605,-1.1883764364529446,-0.2863151794931067,0.21629607777698856,-0.9743669547179447,-0.29028205508540234,0.1950490046294082,-0.7670761242798512,-0.25945046061143606,0.2895771900042996,-0.8057009685240987,-0.16395679990205742,0.3470216735437849,-1.0551139659875433,-0.26526639312470035,0.348021891114133,-0.958466336027113,-0.26526379539969513,0.31014638774620606,-0.814430221597693,-0.24374478342800912
D,0.0,0.0,0.0,-0.17444972513018345,-0.14110762382795106,-0.15910730792561473,-0.2612847795208816,-0.38084904404804876,-0.2532677216259338,-0.18155814723808167,-0.605317498206365,-0.34060276810929585,-0.07700472625783644,-0.8015465809597815,-0.4178147267249048,-0.29352849062086944,-0.9686212117483042,-0.11944062953446126,-0.26118204393275074,-1.3579786704402226,-0.23043904838942952,-0.22695025243730538,-1.5955591209465512,-0.3115235332714265,-0.1844112612856008,-1.822541588328992,-0.37403465297729827,-0.09733580561867651,-0.988319880181636,-0.11725849812410126,-0.06412784764151783,-1.3072994983455344,-0.2966579321622245,-0.05319560694338997,-1.0465712521820703,-0.3649109622343693,-0.05448273709754341,-0.8205466473938237,-0.3722929178456659,0.08697624244181511,-0.9376167853714259,-0.13401307647749597,0.11863113185668739,-1.196362528214217,-0.29941645608610035,0.11279398926934527,-0.9595889923700931,-0.3020538987811077,0.09980967858086696,-0.7483333622012833,-0.2600445095862176,0.2529488138999458,-0.8314589280348289,-0.1658924248067934,0.28380031101563497,-1.0914084384402614,-0.27466723275769384,0.2636515139411642,-0.9783264959938981,-0.2705829611059118,0.23576379177792364,-0.8243249687950238,-0.24110221357485825
D,0.0,0.0,0.0,-0.1983729507232173,-0.1801369854101597,-0.12787008350355175,-0.2959261064213062,-0.41210191543281915,-0.2086277870167088,-0.2525605807464041,-0.6356792416165433,-0.290848433855196,-0.1423183830081203,-0.8214882721025012,-0.36538337003851185,-0.32049985652910273,-0.9743094337121248,-0.07572746221469746,-0.3136088413113043,-1.3749887174721465,-0.17581581245040032,-0.290650352050109,-1.6033259751533395,-0.2603264534319029,-0.25844202210409084,-1.823318554516765,-0.3280436129327009,-0.13478699640943323,-0.9873994961470659,-0.08291381433418432,-0.13516422502950903,-1.3056672255754618,-0.23162067402441558,-0.13096311358890775,-1.0228654360116645,-0.2932073668151781,-0.13277902795682595,-0.8180235590851331,-0.3080472354489608,0.04073237817944879,-0.9365276655636414,-0.10811162376651601,0.0475050078196703,-1.2216280845380678,-0.24384907290924437,0.022183393373136774,-0.9720241334282688,-0.23726654456497767,0.00866823212089129,-0.7584382060145771,-0.20006188819168916,0.20694773563275243,-0.8291546698562459,-0.1473277152403024,0.2242850598181978,-1.1228787472050425,-0.23132211233399178,0.18304130180727846,-1.0090838355478988,-0.21556366262891602,0.15262939417282206,-0.8503132970312284,-0.18567741347383104
D,0.0,0.0,0.0,-0.223858052739474,-0.1700466517273205,-0.115669385259969,-0.32837820514596744,-0.4040516467485169,-0.19249447264675099,-0.30117753041179035,-0.6350629671568652,-0.27303901852066575,-0.21465223229382807,-0.8354484599589989,-0.34670467767325447,-0.3534259103448706,-0.9601508118125914,-0.06805573261390689,-0.3654297068342381,-1.359554046994589,-0.17048228831996523,-0.35312808336794915,-1.5972803102154516,-0.26135105698515276,-0.3298687664049851,-1.8183898107845293,-0.333388046176423,-0.1736011767583942,-0.9815962084376677,-0.07957081757086205,-0.19354702596566636,-1.3126692627574745,-0.21812818594254568,-0.1884525871209702,-1.0365375832578536,-0.2775517462213822,-0.18924679239276068,-0.8363202599987228,-0.29512022153924167,-0.0027834270247340392,-0.9389540322472729,-0.10874973097502154,-0.009842553982512435,-1.2318898286775035,-0.23085854189728366,-0.04303599816514581,-0.9901483214909617,-0.22438656413592525,-0.05326538488779757,-0.7761958684829462,-0.19297913684177342,0.16718734158394558,-0.8367791246465947,-0.15184606477773333,0.17237791806391234,-1.1417963123341264,-0.22706372626707383,0.1182455828093866,-1.0350729820131077,-0.21338021344217048,0.08647708666288591,-0.873438373371966,-0.18880975529135494
D,0.0,0.0,0.0,-0.21450804293416342,-0.13956266335194764,-0.14230886952565908,-0.33101442308614154,-0.3831297668926948,-0.23068347787299268,-0.33317524172805263,-0.6163750042121154,-0.32248878578242873,-0.29434195259552387,-0.8368076715001913,-0.4062438337279189,-0.3699983550593854,-0.9534087697540852,-0.07878995824456668,-0.3946462988000681,-1.3540036202013748,-0.1804418959794503,-0.39492889570802603,-1.598463112675418,-0.2586488558820071,-0.3780602955067514,-1.8275121540238675,-0.31797006688744556,-0.19760348100211658,-0.9765484445265934,-0.08547514134844736,-0.22168509827394564,-1.3185147720306611,-0.2539325067470961,-0.23439912749970995,-1.0647985318415878,-0.32683732357352147,-0.23511496415634095,-0.8519356672994443,-0.3392700301258827,-0.027505627102518186,-0.9397838044031698,-0.11189641254243018,-0.04498755886956131,-1.2247568766428305,-0.2673792031442377,-0.08649900587329895,-0.986544673028329,-0.28578164549329593,-0.09638904816212455,-0.7691943791286064,-0.25670872758592744,0.14428497661248377,-0.8559640890540174,-0.15221137099679946,0.13453510012469944,-1.1485818607151164,-0.248108493829916,0.07177621666251079,-1.0506245129791187,-0.2526947648540122,0.03414042484837305,-0.8895628226349319,-0.23378937150750542
D,0.0,0.0,0.0,-0.22947587746965942,-0.15106328605152708,-0.11092857802654471,-0.34076639398366326,-0.40275067619817634,-0.18800578161238818,-0.3601211058487351,-0.638532765324852,-0.27500416954881196,-0.31074242880789205,-0.8437279665620717,-0.3576744588009108,-0.38137779478578293,-0.9540711876994505,-0.05459307627459507,-0.4134591338159605,-1.3597251132907648,-0.15632357012702905,-0.4166133760011958,-1.6085419243001802,-0.23942752151510574,-0.40051858749697905,-1.8351962280164615,-0.30175153887987266,-0.21296603467087108,-0.9745089895700353,-0.07055279812845217,-0.24350278081974414,-1.330198162138507,-0.21665757828461776,-0.2586339388193839,-1.0711082601823763,-0.2776060535868095,-0.2671026373280629,-0.8729084709571563,-0.28852661928993556,-0.04311791965291055,-0.9401927209468427,-0.10408556210499281,-0.06386211170603838,-1.2450831966993747,-0.23416748602554555,-0.11031523835297413,-1.0002906509943772,-0.23522479493781243,-0.12162710139284601,-0.7818899902761721,-0.20178607779711932,0.13044863866528814,-0.8509996553033465,-0.15049068655799572,0.11407146551438821,-1.1541248008803358,-0.2245964504692885,0.04717414499027783,-1.0493183358511387,-0.21340019397082474,0.01639194578835217,-0.8857826824521935,-0.1876086426918422
D,0.0,0.0,0.0,-0.23566199689826334,-0.14044778355520543,-0.10794886854074423,-0.35225934735761355,-0.403025013380225,-0.18312133629681795,-0.3851658136239648,-0.64132122661595,-0.26971453933403994,-0.34814955505632644,-0.8500238099650685,-0.35317365283434793,-0.3904012884069456,-0.9489673792532833,-0.05389971482152815,-0.4264773946949462,-1.3523881714565773,-0.1628006650160364,-0.4323379329458034,-1.6019910725267905,-0.2520811970280047,-0.4137695702732616,-1.833996164018219,-0.31792454813231147,-0.22577747051307298,-0.9714824494859482,-0.07243192769421969,-0.2663173823209853,-1.341393162996753,-0.22249104760843522,-0.28969049422318943,-1.081359231186595,-0.2878813875158956,-0.30002989634113886,-0.8891327526111812,-0.30131781929980844,-0.05923896956919185,-0.9430807019846786,-0.1084471790815268,-0.08640536436213117,-1.262820554186508,-0.2403138445206856,-0.13870186764152348,-1.0092225031374116,-0.2436070588796348,-0.14973651080760633,-0.786834297219019,-0.21060789854219508,0.11443036906412611,-0.8569328921832884,-0.1572785489120766,0.09092457323487729,-1.1657138191345753,-0.23159301939232319,0.022551721681462994,-1.059268777932449,-0.22210581673138663,-0.005963105483540521,-0.8948299220011161,-0.1971401780699186
D,0.0,0.0,0.0,-0.2828200499123541,-0.1576950727825589,-0.054784596918778676,-0.4037760185068999,-0.4070204393902554,-0.10354965795909402,-0.46338909797985445,-0.6688725368603105,-0.16825540329008026,-0.3847311006395689,-0.85586379740958,-0.23127102415424533,-0.42836279170815267,-0.9477197802169033,-0.005132203477348508,-0.4787441711057726,-1.3802161393512937,-0.11732992312663743,-0.49247887672768165,-1.6335843441461584,-0.23830073268558186,-0.4902557268416037,-1.8693902744280824,-0.3321562497016746,-0.26897845390566616,-0.9624126716620492,-0.03758245280492024,-0.33209736788204547,-1.3361064186043619,-0.15262367686721776,-0.3414920970588333,-1.074346751546609,-0.22446890070442663,-0.3586841537470393,-0.8940688876307478,-0.26198152481717174,-0.11107186858452621,-0.9361054452649387,-0.08423413836418234,-0.14644975065762275,-1.2681194556585889,-0.16969922090954823,-0.20757659077867957,-1.0123965435809954,-0.1693870556213743,-0.22923621190444846,-0.7903948543768613,-0.1541283468708586,0.062458008175531494,-0.8418133823885958,-0.14177092704652558,0.021216181969816086,-1.1496911469587485,-0.1819420862092786,-0.060003215200953884,-1.0256601659819224,-0.16298600148168504,-0.09632808370683967,-0.8552442868240576,-0.14263984557643955
D,0.0,0.0,0.0,-0.247763641030452,-0.11151658205319011,-0.0952159038498939,-0.40093131469764026,-0.38968895584915336,-0.15458953204944392,-0.4320783676519294,-0.6280224142770914,-0.22798334108308427,-0.45326431430117353,-0.8080349353132903,-0.2980343828575109,-0.4039832076785015,-0.9565761697876138,-0.05248043977819327,-0.46094264647489946,-1.3950623542176166,-0.15220650333259828,-0.4814544132655809,-1.6429693926823605,-0.226113046492745,-0.48219188578479655,-1.8832666189296658,-0.2810624664992818,-0.24590470168029127,-0.965566270609025,-0.08492734985683888,-0.31201473340189906,-1.3399530955192356,-0.2617259935567526,-0.3804778958284983,-1.0946818855585156,-0.3373727846685531,-0.3980500858553255,-0.8726652185356137,-0.34939411652524405,-0.08947463042426643,-0.921771140115407,-0.13376115184734585,-0.14272466721596608,-1.245747197432898,-0.29364264217471264,-0.24267508064786428,-0.9925936494904546,-0.3200969257928858,-0.2763173902370933,-0.7705772650240733,-0.29514142791958403,0.07909096084240644,-0.8378330634374126,-0.19232490241923236,0.04473660882083129,-1.1515932897463823,-0.28699410490072375,-0.06040549812373651,-1.0461563350723888,-0.29507550395133136,-0.12260946850218848,-0.8810602553242785,-0.2792046043958565
D,0.0,0.0,0.0,-0.21388558979275338,0.0322324327211255,-0.11979090941613811,-0.48346921155943845,-0.18779905806508146,-0.21513370451110897,-0.6480420064695027,-0.3577438638213707,-0.3207489607122324,-0.6458491951710966,-0.5448885159662303,-0.42867775323651064,-0.41513985857201263,-0.9263465062325814,-0.1530293074177169,-0.5852440379049402,-1.4222365627440943,-0.3271328650947891,-0.6909750789175804,-1.7562795352963994,-0.4510145482324062,-0.7644091657265114,-2.0199161513521253,-0.5374544012400818,-0.22942258338516477,-0.9548297077321217,-0.1888531372920988,-0.4999060132921548,-1.1783600643288628,-0.45172396285252303,-0.6478000968652858,-0.8377296506088421,-0.5413024826817792,-0.6805808702774286,-0.5608519763381121,-0.5428044453707264,-0.0332838939187852,-0.8975767264101124,-0.2425583217148411,-0.28404158087828135,-1.0943075061767826,-0.4949820783535311,-0.48099919685437664,-0.7618656222663686,-0.5113051402932314,-0.5592876520737617,-0.5133053421524709,-0.4525832842220614,0.159614015667395,-0.769082653399466,-0.30404724866160043,-0.009497709293825422,-1.001735538817231,-0.49074075593856564,-0.18799427690982176,-0.8321918324199092,-0.5007020180777054,-0.2834180570351936,-0.6515853571768608,-0.45882518619636775
D,0.0,0.0,0.0,-0.21209365010564715,0.01539493172289591,-0.1556154727206298,-0.4652200887623151,-0.19102439017927578,-0.2713091504789953,-0.6094413923732316,-0.35312517736087695,-0.3900426743506505,-0.5877764328112807,-0.5529238472452848,-0.5096849519329089,-0.41328180384877333,-0.9277618787079879,-0.19205459880763695,-0.5769759429682595,-1.4191105174145073,-0.3957259940762346,-0.6683048662844981,-1.7683882269834494,-0.5463654371315936,-0.7287929591351533,-2.0537428111550664,-0.649029732897497,-0.2179516041676629,-0.9518530129993137,-0.21557583325797638,-0.46775542689578287,-1.1856743374040313,-0.49032493969421487,-0.5933296691592226,-0.8245518562886766,-0.5808199106307591,-0.6170927710359317,-0.5357237432043767,-0.5814297978941885,-0.010444985843268377,-0.8907509663676926,-0.2621103037512811,-0.2467739960622051,-1.096329513177414,-0.5282326998854369,-0.4187114180636035,-0.7399344942489082,-0.5386853217449683,-0.4806405039951068,-0.4816246012389571,-0.47228387982674375,0.19524489317989877,-0.7612547938578705,-0.3193315371471674,0.03831454749546367,-1.0023165075529255,-0.5152904204394317,-0.12547935685425313,-0.808574960722769,-0.5162786293843468,-0.21272766537312685,-0.6110732406771295,-0.46538155369428
D,0.0,0.0,0.0,-0.2669356966368458,-0.07885441606559926,-0.0916906602580806,-0.48327399942256416,-0.2609623027252111,-0.1860988022916388,-0.5809647415081143,-0.4155311440472403,-0.29716613393462626,-0.5604413145808764,-0.5527510005610194,-0.40908582789464043,-0.464280905467599,-0.9429067283793188,-0.14084982048933883,-0.5999158569763259,-1.395422366790507,-0.28204674959825216,-0.6693151255375858,-1.6811564640558228,-0.3838364918793628,-0.7185715238670396,-1.9345241347602946,-0.4601845389673176,-0.2908255086949172,-0.9382478401166822,-0.1873806660483509,-0.45604154179168543,-1.1058855976389252,-0.41436842238072386,-0.566539920185759,-0.8112869467518725,-0.5009384843116349,-0.5941805824119658,-0.5693484257029775,-0.5216697771250043,-0.11971743309877463,-0.8651090121526894,-0.24599938876272776,-0.28056741406636326,-0.9938209874287347,-0.4479727438522407,-0.43295916421330916,-0.7232652976997025,-0.46859051380962213,-0.49776048569442644,-0.4944148003001645,-0.43916851621103664,0.05021119177299436,-0.7418248552138847,-0.3130296774195846,-0.059217458975875416,-0.9245595241067487,-0.44796471003839644,-0.20343122088960963,-0.7933606853740591,-0.4559378360185805,-0.28805637610320556,-0.632401270834106,-0.43316146713329773
D,0.0,0.0,0.0,-0.21793487860525376,0.005205391574796283,-0.16393822263301205,-0.46125311555604853,-0.19068766982909258,-0.30000600104058983,-0.5962911670706449,-0.3351617876739357,-0.44073242416484726,-0.5406810619711655,-0.5036174937385691,-0.5831066907064095,-0.3893128371132295,-0.9447319831920993,-0.24028686667293891,-0.527387712140038,-1.4559141007715146,-0.4625543304817625,-0.5995994066842609,-1.8079716701679394,-0.6245794764858916,-0.6471860860270435,-2.0943025435930376,-0.7368672336774672,-0.1826038526957325,-0.9449031496082422,-0.2716870825804918,-0.3955645524254152,-1.1621730328830377,-0.5848544602837432,-0.5012925982838222,-0.7944930770777672,-0.6924058080770108,-0.5268519543556391,-0.5066988343227217,-0.7061347522806712,0.03564091994519924,-0.8593126945716107,-0.32372376521775675,-0.16895712703772942,-1.0567645436805748,-0.6135184938931233,-0.3215613045557776,-0.7091828380288535,-0.6199738575547572,-0.3850412687684384,-0.4497942832011618,-0.5542793846965505,0.23890379986349736,-0.721944053558182,-0.3875884872048093,0.11083784651128478,-0.9555894899822099,-0.5949773059767447,-0.05778074372354916,-0.777187151634339,-0.5955664238560953,-0.16221744940210414,-0.610487454256284,-0.5480123127200132
D,0.0,0.0,0.0,-0.2561956643923333,-0.0724156002606767,-0.10987708238276672,-0.46922830350704964,-0.2512387116898733,-0.21809731896601897,-0.5397135833675668,-0.4161212980156028,-0.33863509607251846,-0.43995586780112506,-0.5414058588179602,-0.4599759556942898,-0.4270143370577612,-0.9656697694835488,-0.17533269624251366,-0.4938922003344865,-1.4369885559344324,-0.3407294092986194,-0.5156083403018575,-1.734379047968474,-0.46078879124311123,-0.5277823959688003,-2.006301993210582,-0.5475150353640724,-0.24246594667584634,-0.9464950927313506,-0.21297254315535075,-0.371799825145739,-1.0645587202869584,-0.45415949474427575,-0.4574781324109658,-0.7462663779230058,-0.5377527098333033,-0.47388933143882306,-0.5198788213047238,-0.5533158914604069,-0.06484979974760935,-0.8567440605180692,-0.2638814454109394,-0.18034444280064588,-0.9577417945028098,-0.4771338824362897,-0.30463710235820896,-0.6679935667648655,-0.4812636360314278,-0.35778014087542487,-0.45212424897582065,-0.4353445453349676,0.11059954231606994,-0.7189331999425299,-0.32471723347246334,0.03080710213415456,-0.8681902206920142,-0.462992409376122,-0.10034885579628407,-0.7331009884604935,-0.4576505487714254,-0.18010015590940792,-0.6010178184968777,-0.4204478328222866
D,0.0,0.0,0.0,-0.24513518570719833,-0.12719206245683323,-0.1421710766081876,-0.40710595700261193,-0.3411606430433877,-0.25239377391604206,-0.3895918606794179,-0.5121147740079258,-0.3697856010852637,-0.2306001869110517,-0.6148038633720111,-0.48322670715752836,-0.2989235061529279,-1.0353818072399494,-0.1562499748097837,-0.24697675917617704,-1.5097708275850303,-0.30661378252170807,-0.18773947925736173,-1.7988436085056492,-0.41205021172096595,-0.1315492874472544,-2.060093533360435,-0.4876866464909582,-0.10074178360280985,-0.9785766475565364,-0.1795517693968369,-0.10165285739706197,-1.161216139407907,-0.4252774324923142,-0.1765493395663387,-0.8521650892259092,-0.5095329222943903,-0.21662382093483484,-0.6084665861360862,-0.5163702425071711,0.07953177476306086,-0.8587431086234283,-0.2205506278188029,0.0715174890170337,-1.0043521545766505,-0.4444478279494618,-0.0331921694289735,-0.7368769288112461,-0.45023368769249034,-0.09641397494567858,-0.5196953075942161,-0.3950473976340452,0.24150643123456939,-0.6883907636847311,-0.2737313691636215,0.2691991339012235,-0.8961702587521229,-0.41699614495698006,0.17111758587310175,-0.7751887890392634,-0.40696330209522297,0.09449580800511485,-0.6336108907970694,-0.36096545350119696
D,0.0,0.0,0.0,-0.3102542699677827,-0.11690747813466884,-0.12114156050364772,-0.5051089982772405,-0.30832370245850116,-0.21880638701714053,-0.5275139676115985,-0.4942280446704141,-0.3285321070582783,-0.37269178992206214,-0.6064611683349066,-0.4350020488839135,-0.4313585018824651,-1.0217799938290903,-0.11425515209949488,-0.3786821014124442,-1.4981654126001227,-0.2615180005888684,-0.3216379611432016,-1.7786777832558642,-0.37503046360931575,-0.2645518340000986,-2.0447141432878353,-0.45867325394048447,-0.2376689093226352,-0.9594928808012387,-0.15128417376952866,-0.22510406109045739,-1.1991876567876414,-0.3934350092333728,-0.2974339095098093,-0.8730901095586484,-0.4902843632989371,-0.34152675656969783,-0.6255168557905925,-0.507386521673699,-0.05725103611477869,-0.846778013005084,-0.20614530735613945,-0.04880642610959243,-1.0310684847529854,-0.4246024595932784,-0.1549290784802206,-0.7498600159253466,-0.4481318208358537,-0.22595401905669854,-0.5246757101845176,-0.40571402905945114,0.10817973296035772,-0.6813273554107505,-0.27201435650285377,0.13493503963963993,-0.9113389086130832,-0.4078364033814752,0.042105100057915394,-0.7778801771796753,-0.4042038136902825,-0.03252656822906325,-0.619926524519618,-0.36527110508769445
D,0.0,0.0,0.0,-0.2721079912612298,-0.09710881034548073,-0.0806780319168319,-0.46944338752685155,-0.2965178044234178,-0.1650217169087579,-0.533407489668875,-0.48015386689447753,-0.26610969727394534,-0.5121683570879727,-0.6391978723778946,-0.3665410812592076,-0.4349003164640619,-0.966807392300298,-0.11270681864418987,-0.5200985391337283,-1.389560162348344,-0.24350582435765827,-0.5481136892737408,-1.6570495465311699,-0.3446853269037153,-0.569848736679906,-1.89803164287466,-0.41941058584076374,-0.2737032164346896,-0.9484306990252374,-0.1598929593815975,-0.4009247212091813,-1.156763236260174,-0.3683969332021486,-0.5058107067523087,-0.9130204035248948,-0.45889474088089494,-0.5436299899622317,-0.6844867856285283,-0.4840976418595093,-0.11414505782109384,-0.8668482551110189,-0.21858372018230118,-0.23597498552564297,-1.036250364773196,-0.40330410905066794,-0.38277941772625623,-0.8050873680475433,-0.43207520908469277,-0.4531597833823367,-0.5915938081925898,-0.4098674972114394,0.04685879971039386,-0.7326384166324068,-0.28466115110049717,-0.03159876822038028,-0.9434107100149879,-0.40708465905701396,-0.16264168515765112,-0.8440676377054923,-0.4179437249202216,-0.24589077600427361,-0.6975182633262945,-0.39818889102849264
D,0.0,0.0,0.0,-0.2808473797739368,-0.10580929641851448,-0.06431370969021032,-0.4905389925563687,-0.33563858188279955,-0.13078702230702607,-0.5907590146594028,-0.5140291689993294,-0.2199253859475569,-0.6254040861319993,-0.6567839571356509,-0.3106761188256695,-0.4334741776171302,-0.9621981106007275,-0.08148278372821616,-0.530601312152992,-1.4014929377608427,-0.20646627176098278,-0.5824425517887482,-1.6722562855469412,-0.2961904025028073,-0.6201369308600155,-1.9137644291489972,-0.36009992456723694,-0.2843260360754435,-0.9493076146544867,-0.13406624470251396,-0.43804132964505826,-1.168658928152505,-0.3412760302450293,-0.5713935962220159,-0.9110583077606226,-0.4231884157941654,-0.6162163106016332,-0.6674409796961885,-0.4377437668857762,-0.13923312528695136,-0.871861853327648,-0.19880370553119533,-0.28987732127364446,-1.0453168656562204,-0.3812442730182015,-0.4613940284900158,-0.8043842930197357,-0.407222664965376,-0.5381181399437075,-0.5818350126225986,-0.3799209973792362,0.0065255268624653555,-0.7441298257806322,-0.27043973022656925,-0.09636792561091412,-0.9560931877763656,-0.38804934244177863,-0.249144386240672,-0.8546301330849212,-0.39777484317559614,-0.33913530093440886,-0.6973706699058879,-0.3757572826090562
D,0.0,0.0,0.0,-0.2906422822450118,-0.09069611294257195,-0.0640759080601416,-0.504238412072737,-0.30381802914474626,-0.12983533003059855,-0.6171034904046314,-0.45992164356148,-0.2173592451719867,-0.7137247401557051,-0.5776202135707762,-0.30780057261186144,-0.46715377392626134,-0.9435345944937414,-0.08617128520408643,-0.5689691680806429,-1.3651641584272205,-0.21149167122108048,-0.6232651379057005,-1.6370349133789766,-0.3063130664050639,-0.6630946115504153,-1.8758570620532604,-0.3754785655574159,-0.30755659702990334,-0.9412750008449035,-0.13932089724019353,-0.4867555476393613,-1.0945153008720365,-0.34907826441590806,-0.6294086037404223,-0.8155764976427813,-0.43624352010833595,-0.6792907505145871,-0.5616701232225013,-0.4573047823784524,-0.15711612459020732,-0.8561827159186624,-0.20442723692234294,-0.3283722205167658,-0.9859904247453335,-0.3917546218869874,-0.5067673030255885,-0.729522372760756,-0.4236048402585949,-0.5906111632059967,-0.495943697437001,-0.40226984704041735,-0.013438337851406558,-0.7112095599676402,-0.27636305571183056,-0.12466572494157283,-0.8840486531068328,-0.40820664545049024,-0.2920670095423929,-0.774444501343348,-0.42961861269053997,-0.39878892009966954,-0.6127659707403765,-0.41526493225958166
D,0.0,0.0,0.0,-0.31879708797117834,-0.08644083894481738,-0.05448278205492928,-0.5228260594098395,-0.2642103185132414,-0.13087720820587542,-0.6450043063987067,-0.378724045014497,-0.2243626171290487,-0.7335502190001542,-0.4148982766434206,-0.3251120863997676,-0.44731690401918206,-0.935869646285667,-0.13139153523455577,-0.55921230841188,-1.2956002628485848,-0.2546337596694371,-0.6016455209371563,-1.5392852657565201,-0.35326451899172295,-0.6373846238875319,-1.7589780992109445,-0.42846612592544625,-0.27535355719333854,-0.943238482660625,-0.18569217368822086,-0.5248161876011024,-0.8803173965516033,-0.36242891601586297,-0.6683262174415647,-0.6057749290763516,-0.4396543951849717,-0.7219558270726106,-0.3859141458132809,-0.4724422810161653,-0.13231363273469277,-0.823912146688488,-0.2457875620476648,-0.38374620654020336,-0.7474897449530168,-0.40737197664484637,-0.5496964879693269,-0.5278264953180971,-0.4270841609403551,-0.6289413709844168,-0.3351261236786171,-0.4118021536156726,-0.02405102892773391,-0.6366551978378695,-0.3115048391279563,-0.2002497925793312,-0.6653373271772323,-0.4250402579938467,-0.35071895371109035,-0.5500910929784493,-0.42976939332818315,-0.44365713901462367,-0.4060468594805769,-0.40943136487187676
D,0.0,0.0,0.0,0.1492033141376222,-0.20002614981134326,-0.19504553316221365,0.17732698433887448,-0.40666279924525445,-0.30648566278350114,0.07162095689584304,-0.5815520096983743,-0.4078435494490987,-0.08376440265379165,-0.7190565984995929,-0.5034179405355526,0.16073804951017165,-1.0621441846187853,-0.15209055032329333,0.17076207436887597,-1.5023076326878169,-0.26754227890263765,0.1655116844903789,-1.800645433866221,-0.3600703240360584,0.14638699121924612,-2.0326187540245884,-0.4331228181534809,-0.04265338017682187,-0.9903865140924824,-0.13158739249347812,-0.1032248769946379,-1.2666138870471937,-0.3106912529057832,-0.10938542777069987,-0.9352139608147518,-0.3844642737773462,-0.07986242080635765,-0.7504014764220163,-0.40205341460016336,-0.2172047347884183,-0.8544711451703954,-0.13188520523907052,-0.2909642419795929,-1.0658887327812845,-0.29281156103870826,-0.2718365472052418,-0.8312421106413034,-0.30977212899399953,-0.2267406626629387,-0.638364241305653,-0.2884120489112614,-0.3324740217666125,-0.653177116137837,-0.15016045926760802,-0.40552806504698646,-0.8081022636364128,-0.2506504273896901,-0.3593257876893386,-0.6994422037540765,-0.24810136274405267,-0.28221827655578413,-0.5749731572618133,-0.22819710854488187
D,0.0,0.0,0.0,0.15389838540548165,-0.17252428138517004,-0.20002011018721041,0.17670961860481005,-0.41665545150071565,-0.30604810767890445,0.011819391879091534,-0.5410946785931756,-0.3995146483942324,-0.16775500226010198,-0.6231192840437062,-0.48963423903718994,0.12402201843848536,-1.0489478539911794,-0.17073622832715246,0.12148486194098285,-1.4821182662362422,-0.2925400319873127,0.101952662373761,-1.7701087576274497,-0.38667642944146724,0.08177724154369281,-2.0051812908787996,-0.4602881674983201,-0.08539215577018475,-0.9850862290677016,-0.14937637374798057,-0.1661940507100569,-1.1934538677971718,-0.34294738863593227,-0.178359837893085,-0.8632866232443902,-0.4267935334000005,-0.13856136718648465,-0.6581437815584745,-0.44706342567659685,-0.2585122617555052,-0.8558542256931154,-0.14761447590558302,-0.3520366199617449,-1.000332343330911,-0.31947474801795234,-0.32987686958276735,-0.7506861007628504,-0.3430243445076215,-0.27460365673831744,-0.5606329402123326,-0.3212950266392734,-0.37682323715989263,-0.6738703536723972,-0.16353310240824545,-0.4811786716055156,-0.7862277503188062,-0.27846966074388413,-0.43348735563296076,-0.657269987736186,-0.2822615010525168,-0.3526150899264882,-0.5373930716593643,-0.25984671532044734
D,0.0,0.0,0.0,0.13823329490277236,-0.17996611047995534,-0.19913604934479565,0.1579817425838264,-0.431956284122426,-0.2948863258007685,-0.03816490437385558,-0.5182801437668872,-0.37188100918913247,-0.2327960531699524,-0.5483273580913189,-0.4440546411244578,0.06452628328300582,-1.0352469600591734,-0.18260383857317447,0.04919337269482899,-1.4731182225583952,-0.31719190944930914,0.019261319548207416,-1.7547930795925262,-0.41672494907965973,-0.010237823494052167,-1.9927983383800194,-0.48926940105018824,-0.1422947986961888,-0.9772653662741806,-0.15717695169776882,-0.23700850725325084,-1.12475049854338,-0.3636338735967016,-0.25571901855150203,-0.8003283753394865,-0.44464207261000105,-0.2098773626714179,-0.5856637692837534,-0.4559448633020189,-0.30617606230542094,-0.855962537021973,-0.15164557890568178,-0.41351761889103367,-0.9312008951501125,-0.3344983302079671,-0.3927968438549151,-0.6569504672588776,-0.35278781766194717,-0.32304456821862604,-0.4790544428126417,-0.319067644703999,-0.4187110804272261,-0.6798926174812756,-0.1632903863052703,-0.5356903868368214,-0.7160491609615327,-0.28566112825410644,-0.48696112567909283,-0.5638399701642905,-0.285138732336385,-0.3925838816949538,-0.4565687666839086,-0.25122955220317617
D,0.0,0.0,0.0,0.14100514596064645,-0.1963982431460096,-0.20866184819540462,0.1534218589050334,-0.45000079422010814,-0.3082625691203753,-0.04819787714288659,-0.5337356426471076,-0.38577201463190713,-0.25277124937111756,-0.563185412701561,-0.4579954156028111,0.040044343708125964,-1.0552501358401507,-0.19250052580139182,0.0035435163231797833,-1.4976726879411477,-0.32765574813350495,-0.042203699295388676,-1.7859509465963903,-0.43305456051861796,-0.08708306270837307,-2.0331921415264547,-0.5121640970958228,-0.16407489244698953,-0.9731140973810937,-0.1616427639787447,-0.2683614244084669,-1.1654729609475787,-0.3594925169985151,-0.27519516573206637,-0.8271781369791527,-0.43837631892659623,-0.22546838995454266,-0.6144849581747862,-0.4536238918279579,-0.32845128732317697,-0.8382681555715435,-0.1512888013947833,-0.4454722967559639,-0.9593204919695476,-0.32652176748300193,-0.4152424427629067,-0.6770269990152099,-0.34061996041624026,-0.3386845914167856,-0.4913878852191417,-0.3089854219787228,-0.43524913686479444,-0.6532176146757617,-0.158894430245995,-0.561085327492983,-0.7342444839485291,-0.27203971379814434,-0.5061347842114555,-0.5832324483095407,-0.26460822273133017,-0.4073956407276735,-0.46782635407331086,-0.2311647742980319
D,0.0,0.0,0.0,0.14267054282086983,-0.17848319682009806,-0.1925425707576069,0.17249988132809937,-0.42530742357258117,-0.2958113264619249,-0.018063022749264853,-0.5130424528901265,-0.38382927443899967,-0.20886981086763093,-0.5534384449012859,-0.465696876246223,0.052427064312180915,-1.0373230256488355,-0.17276806616659818,0.008102989001661556,-1.4524217692600128,-0.30241253387458805,-0.039937303580076994,-1.7316781152614185,-0.39122936166939404,-0.08601330120507178,-1.9580016947285244,-0.4541144614165584,-0.15031656587948264,-0.9770432397140021,-0.1509683336046548,-0.23899561996230181,-1.0977042357320044,-0.3546956184517197,-0.21799707231237,-0.7951480980676905,-0.42478347922659837,-0.16032138431596124,-0.5951145494899348,-0.4249557533606712,-0.30728208755314995,-0.8487902257033837,-0.14846089764176632,-0.3972243333015985,-0.8719747119908617,-0.32695679781111264,-0.3398206970916833,-0.6333890441805722,-0.3282400260654866,-0.265961018145087,-0.4925900352696919,-0.2822493929209837,-0.4202223855901387,-0.6768153992570756,-0.16409233722838987,-0.512188250809667,-0.6842393226821711,-0.2818810591195496,-0.44267770216383623,-0.5474328383876751,-0.2714149431892317,-0.35393243361454646,-0.47217247270123275,-0.22924914538489444
D,0.0,0.0,0.0,0.17015451448888516,-0.1740679373796564,-0.1797196929053972,0.25174223849396216,-0.4305547487914612,-0.2850449105559398,0.12765594254973528,-0.5793123009752706,-0.3821960155605713,-0.004043162617533804,-0.7158687757514856,-0.47287244930391953,0.11548550902762354,-1.076186693149936,-0.15779290775605437,0.07649100787078161,-1.5170028555259054,-0.2745936460734019,0.04176280492764272,-1.804559742978008,-0.3516821574177785,0.00013857729783184268,-2.0290562205052716,-0.4062278029373098,-0.07723195192096251,-0.9859148266762768,-0.14834817202232511,-0.13874432269572,-1.226391724429589,-0.34270773473022853,-0.08129017501463803,-0.9441263980218652,-0.4103955805362524,-0.022868548621410047,-0.7407062201618264,-0.41087474422683096,-0.2336071766065682,-0.8448851813126899,-0.15621383252059048,-0.2977331675117542,-0.9860694057300092,-0.3347670463911842,-0.2048050618519183,-0.7484288976500553,-0.3324374312813311,-0.13307604057451822,-0.5812187062468773,-0.2845953187377854,-0.36045801120256044,-0.661309272502171,-0.17987655979187683,-0.41373729553984845,-0.7918277513852328,-0.2968271184708426,-0.323156610865304,-0.6483658391247573,-0.27989550890180837,-0.2452352238142981,-0.5399942087546613,-0.23661776649560395
D,0.0,0.0,0.0,0.17897083048986068,-0.17936644218633302,-0.12275613567784643,0.26667461503205514,-0.452513209449931,-0.20991372802655917,0.256216982373859,-0.6531669954774736,-0.30245734253123724,0.15590185594591524,-0.7542852178894672,-0.3930631805590894,0.1824684746284203,-1.067437952945635,-0.1398225613705739,0.1769595923555709,-1.534960661679304,-0.25499347942955325,0.15536578725645636,-1.8177034507037435,-0.33138188960883397,0.12307467156620784,-2.058414511078275,-0.3878794429743442,0.0054983877503545445,-0.9866848284586373,-0.16255096745850608,-0.0010482861914294875,-1.2160881998528903,-0.3638141778276937,0.09852914950882107,-0.9594028861620392,-0.43436071665546916,0.17396409521759795,-0.7518727497789857,-0.4399538731241105,-0.1572068339173575,-0.8457419072789848,-0.1955451366519509,-0.15363556911341741,-1.0340434283195397,-0.37453642616041266,-0.01604909304239387,-0.7861565526799219,-0.36475126448278894,0.07745296818084113,-0.5864125039458213,-0.31307650073136795,-0.2989667907750809,-0.6590852701328996,-0.24030703122968441,-0.28683342668659684,-0.8231659632817415,-0.35705623536740233,-0.16327489403021,-0.696339764936821,-0.33832939600701833,-0.06555233867960382,-0.5796201097702691,-0.29470716417011383
D,0.0,0.0,0.0,0.17309176398501738,-0.18328245997584755,-0.11863600341454401,0.2626154046223168,-0.4464041604854053,-0.20701160923228887,0.2834575698142958,-0.6476058111954959,-0.3018806586385797,0.22673913991464495,-0.7808913953315517,-0.3940502656282975,0.19223012526212047,-1.0545830428231262,-0.13941523481380094,0.1950112991974895,-1.5113725479868914,-0.2586631035659141,0.1752270391572506,-1.7924763337797271,-0.3379567783629234,0.14646047473634508,-2.0356168232652125,-0.3958784981934276,0.0191591865936721,-0.9861907148636362,-0.1645016701611841,0.02829208208259414,-1.2182469034427992,-0.3684352047357693,0.13388648347142948,-0.9779528893878542,-0.4440113773880014,0.21411512603003088,-0.7727778938561919,-0.4533559271621539,-0.14211457651283493,-0.8569678465056845,-0.19949024266887225,-0.11998265446630835,-1.03331097612127,-0.3779356827596094,0.017830447676702624,-0.7983995215256784,-0.3735358637101586,0.11365610119735259,-0.6011944478998649,-0.32637172801045655,-0.28417682810966727,-0.678293746532016,-0.24607694675802788,-0.25703992319766206,-0.8270172738854726,-0.36151439739577224,-0.1318111726529352,-0.707659326591319,-0.3474072337670651,-0.03131054951203488,-0.5918349855246516,-0.30753407802562027
D,0.0,0.0,0.0,0.19462772986975815,-0.19567305788498263,-0.1061655178386479,0.31363992206596897,-0.4756892402888604,-0.1923909568957707,0.37395821781657723,-0.7019133081991671,-0.28787863607042824,0.31745561929600646,-0.8198571312552597,-0.3832591658629887,0.21483457903242847,-1.0451978111319062,-0.14613430916010808,0.2264654562989336,-1.5305580201721394,-0.27013001409099213,0.21716738424336401,-1.812415536245588,-0.350708686145828,0.19875556913137443,-2.0608258163683955,-0.4099013903400137,0.045171255877683725,-0.9826296364830694,-0.17999598647631967,0.07534382629508395,-1.242652534867749,-0.3927940887271648,0.2062889301260998,-1.0062524410957818,-0.47005861558546885,0.2973613673285714,-0.7899806175558333,-0.4816404217770235,-0.11697424817318378,-0.8591165996448877,-0.222152917078037,-0.0750351621691495,-1.0646987541333286,-0.40430894523506605,0.08588285855837166,-0.8432110502878447,-0.4028107830364945,0.19400388054480616,-0.6401467908013488,-0.36001787119677675,-0.26772629636004747,-0.6843377120255365,-0.2750086190624407,-0.21258095051717718,-0.8490691476075161,-0.39353181229083084,-0.07437202337887168,-0.7363106644980193,-0.38561580016181546,0.028308630361141163,-0.6141650966853683,-0.35311759771387113
D,0.0,0.0,0.0,0.21623883136388902,-0.1946245977766032,-0.089923856109614,0.3817720376614137,-0.46162146217231,-0.1695867730980923,0.4966473803786163,-0.6878468744830974,-0.26249661378739475,0.47553485851009447,-0.8507660579099309,-0.35587469533505045,0.2509454391827416,-1.014087431949997,-0.12305748206844444,0.3106358426233873,-1.4763276322876404,-0.24339312696155868,0.3283175337637685,-1.747900090269249,-0.32166107357885804,0.33039191667678003,-1.9985348636773952,-0.38001785638520363,0.09287404658918604,-0.9818982434531442,-0.16507650036810095,0.20005406299758438,-1.2420714826891464,-0.3736322699676785,0.35026458494609913,-1.0184512325208703,-0.45658964891645765,0.4404917591357323,-0.8033631071860828,-0.4740018982798115,-0.05789648418605592,-0.8824479156896619,-0.21481827811517923,0.05329025625333738,-1.0767507177526146,-0.39182628949199033,0.23109006013913905,-0.8753061687767715,-0.400357576878608,0.3462455963706115,-0.6819709150079848,-0.3669615463979051,-0.20285453936186332,-0.723531404131546,-0.2744406592583961,-0.10130643420182164,-0.8646337458572271,-0.3935328981567112,0.05179171261434986,-0.7743619438537129,-0.3996779752358692,0.16744355768154984,-0.669130423183577,-0.37901216373680036
D,0.0,0.0,0.0,0.22873555853940278,-0.1814568605240067,-0.0706450492207557,0.4027891934378381,-0.44556207812560467,-0.1396300432625195,0.5328486913635048,-0.6554724096606915,-0.22476521599794988,0.5726439981956788,-0.8101683952466582,-0.31126117521570174,0.27164470346735586,-1.0019292869452958,-0.10339609928190414,0.3487282347513702,-1.4261917157282564,-0.20971331074605093,0.38545911770716373,-1.684176356626692,-0.2796348818609019,0.40346137527639225,-1.9226273233109397,-0.3339514212819297,0.11580413186382275,-0.9820556513847747,-0.14884925470586802,0.26571775415608495,-1.203010803229078,-0.33674168107192726,0.4218259684415096,-0.99411706852097,-0.41433695704009726,0.5060196332858227,-0.7860903094733792,-0.4330655028973392,-0.02396981985481178,-0.8891246830302317,-0.19983048012126503,0.1320338398805554,-1.0535666160211004,-0.35926549877475233,0.3116143385756907,-0.8673979082031745,-0.3699200421859095,0.4214921573628271,-0.6820154802926282,-0.34293465596885403,-0.15258898872020374,-0.7324039869181012,-0.25924674459969227,-0.012210402068072465,-0.854331134384327,-0.36999501182778644,0.14795105067718722,-0.7668823873664695,-0.3801086498029972,0.2673512864518614,-0.6623314426382965,-0.3641700986380093
D,0.0,0.0,0.0,0.2379746327276544,-0.16334317446615085,-0.06360830977819994,0.41698063567188237,-0.4187361664219658,-0.1343753136311727,0.5430573144772096,-0.6198044229135589,-0.21883499689638888,0.6356386682378228,-0.7566868451782995,-0.3041955960710958,0.2720939932898493,-0.9853476577776981,-0.10994906898136447,0.3630766225870468,-1.3601482254660375,-0.21029075197884967,0.4037418224875115,-1.6091561971295552,-0.27726663717186284,0.42652729873106315,-1.8336541320699673,-0.33030016443860005,0.1183900840206752,-0.9805874963299275,-0.15630722966958985,0.32049157458754296,-1.1485021296652735,-0.32551232524075496,0.47757865151546125,-0.9601242759197708,-0.39585931409178277,0.557392536973085,-0.7613801273043286,-0.41518939300910934,-0.01077765414428205,-0.8876945878212631,-0.20639207336355844,0.207725732851539,-1.000200114658796,-0.3494664919089241,0.38499596016841336,-0.8371418461032641,-0.35986054169738624,0.4899883668927654,-0.6703962633119604,-0.3390544104264077,-0.12043134381149137,-0.7289720542486035,-0.26421356844222105,0.06305927777493195,-0.8139538592340927,-0.364420965478494,0.22425758094719936,-0.7396328239167341,-0.3729665479824681,0.34173296162897865,-0.6492786544613787,-0.35912607813058384
D,0.0,0.0,0.0,0.24866504411596196,-0.16263714065962018,-0.04322472652625555,0.42441089909392216,-0.432452298903622,-0.09881883056832619,0.5608127985658617,-0.6332838239206894,-0.17037414448434163,0.6852217619141365,-0.7711138828388512,-0.24289353091513577,0.2713947752667318,-0.9878068229128827,-0.08337576235648632,0.36192304517986723,-1.3368107811030616,-0.17377227028522046,0.40259652949256985,-1.5788643152176431,-0.23336737864003468,0.4225994135501678,-1.7968086124459657,-0.2824420253996457,0.12149014784831971,-0.9835437196354165,-0.13372320494784257,0.3298578069427052,-1.1544083249231882,-0.2916599696494342,0.4988953534278477,-0.9718503397265784,-0.3562939560475412,0.584268772867426,-0.7820062068826926,-0.3733498807746031,0.000986306395402601,-0.8864118790293466,-0.18667750165488048,0.22458593588739523,-1.007671888718739,-0.32777896279680285,0.41022915670330823,-0.8477875505837488,-0.33828770627809784,0.5174685512491376,-0.6885599357576477,-0.3172089950330688,-0.0934374157425474,-0.7238381510512885,-0.24467107082598338,0.10613471102577726,-0.8174676369866248,-0.3459639487922862,0.27371854977726234,-0.7545632747371739,-0.3568734492245924,0.3929026338800463,-0.6794417417934625,-0.34488690017278645
D,0.0,0.0,0.0,0.2530972509310415,-0.16348977934925749,-0.04725933485375852,0.43403324051382897,-0.4296332162078497,-0.10385720370380677,0.5719846010463933,-0.6343901896168294,-0.17579383543974822,0.6981780525292114,-0.7816840152913545,-0.24736411406554812,0.3029402840697918,-0.9749069882311253,-0.07710014086928452,0.3984136187473449,-1.3170928688180823,-0.16833688719988796,0.44101182492470536,-1.5523573863252667,-0.2297255450940342,0.4630053255019515,-1.7653912527693671,-0.27950402394444407,0.15817496008542897,-0.9795861960405254,-0.1240627523829213,0.3631904516001634,-1.1466423615666113,-0.2836138047465526,0.5297010907548506,-0.962971517269394,-0.3524673234205636,0.6164573393635027,-0.7727640873094398,-0.37180652420729177,0.03908709492341562,-0.8936888655620527,-0.17468491364860497,0.26197013002215336,-1.0080516778334359,-0.31551277715532966,0.4451605539823666,-0.8458898007604203,-0.3293505681944483,0.5541699247661279,-0.6832223236668368,-0.3106462766398977,-0.05680506516800091,-0.7394464503985063,-0.23095154990581343,0.14310677534546368,-0.8237835433531904,-0.3301953666415135,0.30821497634786094,-0.768653980475572,-0.34375334719305883,0.4287719907759892,-0.7008561275587917,-0.33449813316575855
D,0.0,0.0,0.0,0.2551145344304311,-0.15569603425304449,-0.045448812623817315,0.4319510512934814,-0.4218731451325635,-0.09823179101653935,0.5699400657791067,-0.6240686877645191,-0.1665693125373783,0.6999351748576313,-0.7610695634172796,-0.23523822253464116,0.31219161760884223,-0.9740710101909196,-0.0704633902261403,0.4054954698946847,-1.2992590665680277,-0.15816532604609418,0.44757942177604076,-1.530583943051963,-0.21923733035187734,0.4711031909963729,-1.7402134688760271,-0.2702349218167565,0.1667609891327802,-0.9789004136211837,-0.11808790249526868,0.3663588890922806,-1.1322057286681277,-0.274450169858196,0.5301579392583914,-0.9481615759296134,-0.34361825298765614,0.6146909321255337,-0.7580450915448297,-0.364348010355178,0.04510693723465115,-0.8917201283418145,-0.16965551211773325,0.2638699340499208,-0.9954563720563671,-0.3093368667228527,0.44576200345732586,-0.8335129933018892,-0.326086964559659,0.5521719996250618,-0.6699377138192213,-0.3099902414420461,-0.056212325435398676,-0.7374373773999207,-0.22666638325545563,0.14089010526822301,-0.8229423555917784,-0.3276360413956049,0.3007507715854844,-0.7528585271122945,-0.3427999489682326,0.4145595699919975,-0.6682979840901491,-0.33480730710241363
D,0.0,0.0,0.0,0.24192108326081127,-0.15597342794170674,-0.060869009776598364,0.41784435168511663,-0.4212047086627918,-0.12048325885185392,0.5510503361643231,-0.6260993387549325,-0.19415248271563126,0.6462656009777707,-0.7757999355240408,-0.2685899857306982,0.3117697835504902,-0.9780224112308626,-0.09428963571200545,0.4055828909493061,-1.3497025945006773,-0.18939885284264646,0.44955688371445385,-1.5936806628785014,-0.2523740898252102,0.4711027443985147,-1.8183893676971077,-0.30346942398655885,0.15892401543691023,-0.9775216848723168,-0.13854426340269593,0.33733587635167156,-1.1695859359652758,-0.3067332616064975,0.48737763866274714,-0.9645710944638729,-0.37585149989452293,0.5581599087914509,-0.7577863537045946,-0.39340097502636817,0.024370262252661017,-0.8932066179211595,-0.18760617573740757,0.22416131541944714,-1.0263459556293355,-0.3346185487297274,0.39922868273016343,-0.8417021580830872,-0.3478118796573882,0.49711702900920696,-0.6594962726388142,-0.32727401275681833,-0.09701606674722596,-0.7422208818701718,-0.24356136772015702,0.07447874521128225,-0.8406729959666028,-0.3499910076009071,0.23284424628570843,-0.7547208082550325,-0.3649261936080616,0.34724306822828377,-0.6522166322853009,-0.35555946378076014
D,0.0,0.0,0.0,0.24602193035736153,-0.15598128937938102,-0.07206138608525245,0.42227615941387464,-0.43497768966594647,-0.13387705508143308,0.5387482197611374,-0.6631614230571136,-0.20884152252244206,0.5448112385995855,-0.778012503559455,-0.28613158000681266,0.34618534936003426,-0.9851444458053991,-0.109272613260729,0.4336618572585163,-1.428432793747475,-0.20998716186498612,0.4748233772955703,-1.6905728801344966,-0.27310220990859807,0.49619198937696574,-1.930548483665543,-0.3229710417061787,0.18797431263440853,-0.9701261079085063,-0.1533655520119003,0.30375840024630485,-1.2358643593423275,-0.3393160672732941,0.42087566686647554,-0.9905650949220207,-0.4074443238726622,0.47501386261050044,-0.7626595617330713,-0.4173478965027247,0.03323706910047363,-0.8856724906778853,-0.20240881107213526,0.15747626089741562,-1.0720175320103653,-0.3667009769238828,0.30932949566836104,-0.8383856567767103,-0.3705788968210892,0.39049413192005844,-0.6251311281196079,-0.33593140724443143,-0.12461077998860992,-0.7449450820332748,-0.2588606233410146,-0.019355533598524974,-0.9048259745609174,-0.36921988883325607,0.12111178513154175,-0.7939316646209403,-0.37059092488865564,0.2206844378224464,-0.6655574359359777,-0.3491451804374689
D,0.0,0.0,0.0,0.24952995337360476,-0.1379025234414038,-0.08709672212349098,0.4251280896608167,-0.4044204655716491,-0.15252094375098088,0.5330219315490761,-0.6312625225320053,-0.22758150987339715,0.4911385924071533,-0.7634343073254495,-0.3052653404593295,0.38847893017110563,-0.9699054056204491,-0.13154283116058876,0.4833780718139641,-1.4362101971031573,-0.23877428495271855,0.5199525167844872,-1.7092415799829765,-0.3048690947073407,0.5428107713032336,-1.9598841495700317,-0.3555329088990486,0.22480754909674425,-0.9593319508929512,-0.17071547634892145,0.3057888611035115,-1.2518593224061902,-0.36219037763741846,0.38782754108740175,-1.005399640675001,-0.42893750478114107,0.4347753769072356,-0.774584774183062,-0.437150250754777,0.0548877162678208,-0.8810988729474006,-0.21602099926994725,0.1366692837873367,-1.0797330483020293,-0.3851950231041523,0.26308670034090936,-0.8305182686757825,-0.38769404936209845,0.33915204453321146,-0.6058751140256251,-0.3508729001998288,-0.1181832351644167,-0.7529717991580711,-0.2700180627707232,-0.0471253390638385,-0.9424289161453271,-0.38000801824436475,0.07383471071582162,-0.8191317309427837,-0.37585373907299213,0.16623001579095187,-0.674797232582969,-0.35061871330397687
D,0.0,0.0,0.0,0.23763467657551354,-0.14721691175416682,-0.08454325832626641,0.3961674821719662,-0.42372095670320475,-0.15047482003303347,0.4610735296756822,-0.641458946461402,-0.2270545161733752,0.38004087270309755,-0.7466243334881647,-0.305373388944195,0.36033136489271905,-0.9916485609618879,-0.1253504828622472,0.43022794669392955,-1.4688795002818091,-0.2335672953514743,0.45155899314880166,-1.743198318082702,-0.29831646861639033,0.45667386050716585,-1.9866580778251177,-0.3465092878699668,0.19018225050818155,-0.968100241588173,-0.16313379119166063,0.24717842797462028,-1.223259312061859,-0.3566757236968718,0.31592147526665093,-0.9422228854239592,-0.41569907924978994,0.35592286332097156,-0.7109955512129725,-0.4165664099234979,0.014835776383819426,-0.8835659896781809,-0.20768882098236424,0.06949867071205197,-1.0819877400416649,-0.37632490506082195,0.18074086439780543,-0.8090372653259719,-0.36436418916469054,0.24374953050996176,-0.588062992435119,-0.31644279645656453,-0.15883469260945685,-0.7515303937752686,-0.26076728974506497,-0.10775339440943729,-0.9248135392396699,-0.3651519432823638,0.0002655948945991418,-0.7804866351171208,-0.34686649063910474,0.07728556651972589,-0.6425016229864368,-0.3100970261337935
D,0.0,0.0,0.0,0.21089552947550164,-0.1138032256431877,-0.16007540504037582,0.33489312028940493,-0.3342853544579265,-0.26783403851276055,0.3148682859501577,-0.5142226645264043,-0.3741630805479941,0.2233342381166444,-0.6622139251887179,-0.4741357318323368,0.35718845908905433,-1.0053500028987747,-0.1513419430925593,0.37040110637353363,-1.4590797008467649,-0.27850236110378435,0.3626172574851033,-1.7443759630217908,-0.3575661779874189,0.3458000075304257,-1.9802395188736115,-0.41236946608305963,0.15839087171145935,-0.974694936594465,-0.15774064896403733,0.15228446999138073,-1.1908776807391555,-0.3686668305865912,0.16739653988275463,-0.8540505559333611,-0.425606056848707,0.1977137588959284,-0.6318501104208677,-0.4142666431114156,-0.030482156756835656,-0.8909278958103424,-0.1807027421364016,-0.047840085884150306,-1.0539013196455704,-0.378454633762889,-0.0006019273272780031,-0.7187688206839483,-0.3452928562056458,0.040907760377565994,-0.5047413828206286,-0.2694368482644347,-0.20767739087180045,-0.759307576368155,-0.2189869088980987,-0.21819354744710076,-0.9127764767597326,-0.35214936536681984,-0.15368778815962994,-0.6813875729829,-0.3151958442379158,-0.09599488960048867,-0.520963666741498,-0.2513354361527136
D,0.0,0.0,0.0,0.20376614477424576,-0.11634680640677136,-0.17212544656105486,0.33148362392658753,-0.32497610633806523,-0.28757928094716606,0.29147241886801767,-0.504533231633401,-0.399848767845255,0.1844608208218765,-0.6836058995133005,-0.505562201323568,0.35184018218232704,-1.0080624134490357,-0.15488734361639503,0.36926623478444,-1.460644512923338,-0.28494308711484195,0.36279914495327276,-1.7571042981360436,-0.3680711992184918,0.3448001217956646,-1.9950638797223983,-0.4250744215482946,0.1461969056884371,-0.9767769598630576,-0.15663088918795426,0.12782654400749058,-1.2169181763888006,-0.375223899895668,0.12661607614172446,-0.864859864496176,-0.43633039883184227,0.15142605029229322,-0.6288455449726407,-0.4233435448422018,-0.04530138544093984,-0.8946664954927747,-0.17625003501444425,-0.08108355428860815,-1.0798166152081627,-0.3802556072694884,-0.03856886880173365,-0.7472369373474881,-0.35034117830428757,0.005995695423678449,-0.5247993623427446,-0.27377156893440385,-0.2190722175822402,-0.7621562437693095,-0.21171781892730443,-0.24561101326739276,-0.9258647872843438,-0.35087245421588104,-0.18571334932099118,-0.6991686716886792,-0.31608822597752084,-0.12579699175976802,-0.535284678463452,-0.2512200312009846
D,0.0,0.0,0.0,0.20423731449802474,-0.11169176786067467,-0.17273740655686465,0.32249921320046104,-0.31050532386715896,-0.28947917227433895,0.26596215095783127,-0.48245684013224593,-0.4028806850009667,0.13691298657640696,-0.6521948056458307,-0.513612511511537,0.35169587686313813,-0.9939136142903203,-0.16418785491279114,0.3871363101370739,-1.445686679027052,-0.2914673797251644,0.39974161327213636,-1.7460963719767888,-0.3834206263740789,0.3983662174989713,-1.9943342553103505,-0.4509582016906276,0.13984738484297463,-0.9764837564474136,-0.1640798048113462,0.12157149827176404,-1.2395093410046283,-0.3675756459927623,0.10262075144978615,-0.8888532555863654,-0.4372034737008278,0.11741529941254071,-0.6608933594495997,-0.44112990740703795,-0.05527714813564267,-0.9033331958874078,-0.17978215905875547,-0.09933203443471787,-1.1199587718909787,-0.3643115772384593,-0.07476696154954224,-0.8021603015329439,-0.34430403623617095,-0.04377998972415156,-0.5657334995986752,-0.2862378974556279,-0.2245411481349288,-0.7689787216008983,-0.21130918169481366,-0.26189073755114767,-0.9667282943510157,-0.3374634591999016,-0.21358471094397555,-0.7500445210650823,-0.3055784804851952,-0.16225350972098218,-0.5650296548190451,-0.2509365670977701
D,0.0,0.0,0.0,0.21983538886227463,-0.11887800979903781,-0.16395557794929697,0.34970673680802256,-0.33220461683204877,-0.2556778907543127,0.19364424528917543,-0.5130377068306388,-0.3353745246366514,-0.007238983459743168,-0.6388542264459357,-0.4118517858516091,0.31301979890037246,-0.9954163972608856,-0.16682858314021146,0.34911387503505376,-1.462790992959292,-0.29283726182853237,0.3573444727645099,-1.7414253214896271,-0.39452489946248814,0.34638199622757215,-1.9981627115438878,-0.47418526241230846,0.09527405988502279,-0.9822572801671295,-0.1615347921399536,0.07151682684645608,-1.2303297323455444,-0.3517200459991571,0.04251129805893789,-0.8639460535114006,-0.4278073235142432,0.04653833955254597,-0.6343910227182764,-0.44855836814186334,-0.09321117195063097,-0.9140860340287561,-0.17136321839823854,-0.14651031083216787,-1.1405993172314084,-0.33697201152404355,-0.1261725669324669,-0.812308772457934,-0.3301919663941245,-0.093018201479195,-0.5769920727171369,-0.2922952192192569,-0.25518374715123116,-0.7753525072177693,-0.19511300650049948,-0.3052366945126145,-0.9613329948610367,-0.3026928201109068,-0.25446211502678623,-0.7482612523397246,-0.27657655295266104,-0.1959994074725731,-0.572778267238191,-0.23464877846742507
D,0.0,0.0,0.0,0.20584207452477724,-0.0967162998352568,-0.22538811573372963,0.3112168731469811,-0.3098395593817552,-0.339660491479694,0.099974923370166,-0.44996708215245595,-0.42907556001992153,-0.13005029846079272,-0.5490655331265691,-0.5168439662986296,0.2598065275560621,-0.9911375382309343,-0.24222966675249116,0.2768962766754597,-1.4698002153575687,-0.389496846134648,0.27204536531993523,-1.773386828749344,-0.5051477258036956,0.2558381684391388,-2.040818339216136,-0.5892470904969771,0.032853863135230456,-0.9784008416621572,-0.20408923712894267,-0.022243792247262775,-1.172387624716655,-0.42578625048724467,-0.08552170370756829,-0.8142774422071657,-0.5198011787713532,-0.08460720361708561,-0.5505836583394954,-0.5425105951866126,-0.15619448177384845,-0.9158560100849713,-0.18358835219788017,-0.22999946853563594,-1.0881688427386027,-0.3818918808187237,-0.2489885375243413,-0.7573373077474914,-0.4001032461742846,-0.2165025622202922,-0.5035038813531689,-0.3649166449601546,-0.31226071328412947,-0.7848555928334833,-0.18003980334107136,-0.391175348851778,-0.9523179729876317,-0.31184974302432367,-0.3643589701165941,-0.7387878228464341,-0.30169786857218267,-0.2949651672301702,-0.5287076965664088,-0.2601549640447504
D,0.0,0.0,0.0,0.17992053934540272,-0.07744279318091632,-0.24798259249873497,0.27016253474082447,-0.29818561633755875,-0.380859003132835,0.042943622146559876,-0.3939881651964579,-0.48789139261431086,-0.19677359401960987,-0.45846332496671155,-0.5955536125138422,0.22302225093133612,-0.9821462999925897,-0.2678111681387913,0.21591514003063572,-1.457264849960202,-0.4201788562724541,0.20098884760484614,-1.7652649096850201,-0.5322391696931674,0.17748569472016726,-2.0265349860857804,-0.6140565840933523,-0.01268201500420909,-0.9738582534268007,-0.22680226790738703,-0.1129041542944587,-1.1734554375471506,-0.4673333745224594,-0.17230743765914408,-0.8114172584376208,-0.5695005774846483,-0.16628249283627217,-0.5350471713370074,-0.5918643941304023,-0.2074717347140621,-0.8916268782564812,-0.203454967621429,-0.3259360938734549,-1.0774895121709718,-0.4343852055567527,-0.35637789741279835,-0.7432701940115763,-0.4640742976915376,-0.33529788205227673,-0.47509217267783804,-0.42736274600231,-0.36427792475004783,-0.7472142379301476,-0.19588924628717663,-0.47741598866704155,-0.892933425596662,-0.36651254628401997,-0.4675067555258908,-0.6711398102310855,-0.371699663558018,-0.4185907978866144,-0.4666405171957403,-0.3325595710672124
D,0.0,0.0,0.0,0.14856527674707212,-0.07857400739778359,-0.2833706792542626,0.18571223184484592,-0.2849483469499676,-0.4271822351807718,-0.04702207706425212,-0.3733554066793204,-0.5384697918608026,-0.2765406327834154,-0.46520945466643493,-0.6471322269903688,0.1609113832753534,-0.983308546658399,-0.2992027964372433,0.16607618537373836,-1.4534765379558583,-0.45863070734744155,0.1515264820194552,-1.75937035615969,-0.5654430548405486,0.12836634921142034,-2.018013406527225,-0.6436898539668163,-0.082770261178548,-0.9668596152572599,-0.241519291670496,-0.22760110341414697,-1.1889070535060415,-0.4914832461829962,-0.3019835906047143,-0.8282965569264339,-0.5983538758004148,-0.29046298971839546,-0.565816826858786,-0.6232038943651387,-0.2838288272209958,-0.8704773124746477,-0.20638151665765123,-0.4400633510762743,-1.0604672155652861,-0.4590706338390726,-0.5046768075175112,-0.7390339037782533,-0.5187213821875958,-0.5021952020000596,-0.4822943416737678,-0.49747426395937583,-0.4271293051284783,-0.7186253381040879,-0.18791513621029118,-0.5737182557495291,-0.885747465722959,-0.3802074938520012,-0.610200498781804,-0.7065379213702129,-0.42030237063138853,-0.6036451798688157,-0.5181239432530919,-0.4052172705239751
D,0.0,0.0,0.0,0.1478398266296412,-0.040870834252313554,-0.31359427957485264,0.18358419156057712,-0.22047895409327062,-0.4799084335545096,-0.0794910084144983,-0.3164338656518862,-0.6049179059370204,-0.3315920077746917,-0.4242802841045238,-0.7250625169761742,0.15597403320791095,-0.9622525930640202,-0.3520175163598225,0.15167485484845686,-1.4416441777182327,-0.5359907477775311,0.12904002138442858,-1.7527003441623739,-0.6541079046859075,0.1031487460101247,-2.0241767479104733,-0.7380816943750992,-0.09054709432820975,-0.9541091478284925,-0.28544168885904914,-0.26426372243578405,-1.1769734000436642,-0.5582787620480966,-0.3411546647426586,-0.7957014059346489,-0.6675235436632946,-0.32547684814909444,-0.5245364681182386,-0.689358617364028,-0.296409507182659,-0.8548704479341178,-0.24265318651970677,-0.46675607329344726,-1.0404159448395054,-0.526383098548718,-0.5372637347433372,-0.6936732474588629,-0.58556156397859,-0.539406733680887,-0.42803758442027606,-0.5564742675124774,-0.43817522462045233,-0.7006623532655363,-0.21702467395558056,-0.6004139605194423,-0.8305291728835013,-0.44236080590892224,-0.6440138017391761,-0.6225677371000501,-0.4895131572085242,-0.6470403858568744,-0.4268646444948091,-0.47183347756478733
