F,0.0,0.0,0.0,-0.26917234292898823,-0.07642439344367029,-0.061392410692600534,-0.5214858998228944,-0.3753979880634475,-0.09931043109839094,-0.6543304744174233,-0.661000802906289,-0.15522915230717216,-0.5179349743451084,-0.8041322243083403,-0.1997002851910197,-0.40505860727747844,-0.8388882308646796,0.06651509949685745,-0.5150877459753588,-1.060297399947828,-0.07397984729903306,-0.5537607858767348,-0.9546089744394126,-0.1922092218247245,-0.5427231862275081,-0.8108729581562927,-0.24659943377566246,-0.2777241877989155,-0.9599444529682775,0.03709343239533759,-0.3849599270344998,-1.3353809411774533,-0.010545801700050601,-0.4568666135632036,-1.5796643658243354,-0.04019300615880542,-0.5102189034720358,-1.7792435957966337,-0.05563347512107688,-0.10977318402535242,-0.9790772429811525,-0.02795985500074233,-0.21356601208088888,-1.334312383892074,-0.07384624978813949,-0.2779380774974068,-1.55303750462128,-0.07830945382030033,-0.33952209069409095,-1.7349204812681953,-0.07326007504334454,0.0763734163988632,-0.9249925590964032,-0.1087313922499429,0.03805632460405963,-1.2334762244353485,-0.1270398045764611,0.00801284282972929,-1.4236656075231724,-0.1091486219831509,-0.0265513759636295,-1.5992845569876475,-0.09145253018905049
F,0.0,0.0,0.0,-0.27182610509717725,-0.0797286165151749,-0.05784293338759685,-0.5244396962695743,-0.3672816251366278,-0.09491675520273006,-0.6641603177880924,-0.6453282264221892,-0.15095507644333991,-0.5358263488798396,-0.7836509531697268,-0.1955257471470304,-0.4184536099198112,-0.8350520951047657,0.07160714877214992,-0.5290306104088399,-1.060838938029053,-0.06448722572826927,-0.563619243921183,-0.9542602599593099,-0.1788956901968268,-0.5482897509465371,-0.8074335980535964,-0.23051088759247385,-0.28968265205794097,-0.9562612284020116,0.04060079003854384,-0.39804506915671817,-1.3308749787814904,-0.004052807954280999,-0.47318801250849796,-1.573260263372659,-0.03182184963709946,-0.5302535650197289,-1.769148423295491,-0.046444022654349854,-0.11999033532239214,-0.9816297202949767,-0.02585441690537684,-0.22494810606169896,-1.335208904379795,-0.0702023461345704,-0.29302133441076517,-1.5557502533509198,-0.07791649785563824,-0.35628605776028643,-1.7345754223491066,-0.07581115605618771,0.06617400712757496,-0.9330921391416039,-0.10748026668567834,0.02848705325922784,-1.2418584494072327,-0.12509751339904393,-0.0005183144412633888,-1.4332330447657158,-0.10933374232036877,-0.03221194131671728,-1.6044621421328138,-0.0938017432338812
F,0.0,0.0,0.0,-0.26404171860559744,-0.08948784010862446,-0.0622714878048279,-0.5064215119362484,-0.39214673251547905,-0.099824619984503,-0.6292984276236233,-0.6787083405468274,-0.15495709843537678,-0.48872428785797223,-0.8133862174645401,-0.19864033790136879,-0.3927858999912011,-0.8462607254411696,0.0653397727448644,-0.49798158396771564,-1.0810984480024806,-0.0736233886303433,-0.5269469246828763,-0.9871357326025963,-0.19158563892252828,-0.5095124323550001,-0.8496634091543758,-0.24642944196102703,-0.2584125810155908,-0.9653159925371086,0.03725550328418297,-0.3519735540867698,-1.3405538719658125,-0.011265721827344158,-0.4166976526030171,-1.5868768383062282,-0.0456267668989785,-0.46471412067744455,-1.7865981338675976,-0.06564495469294787,-0.08754538255867772,-0.9818243334772874,-0.025899857670596743,-0.1801056903544205,-1.3389374126747233,-0.07169514407726185,-0.23843178746260119,-1.5579483151841838,-0.08189524296824809,-0.2938065019512392,-1.7404496094553779,-0.08202553792598717,0.09958570207934637,-0.9227696170800378,-0.10445481675077965,0.06967804186877143,-1.2312001724612296,-0.12163088296563707,0.045397586104889164,-1.4196559874902335,-0.10604727650697666,0.01751779323067858,-1.5926347935370664,-0.09122097344968326
F,0.0,0.0,0.0,-0.26801896576348366,-0.12586624215161527,-0.06161308219547894,-0.48139616746983166,-0.4417241398320573,-0.09830246189405599,-0.571367610269905,-0.7248448320329789,-0.14957474471698393,-0.4455613157759022,-0.9040017372333173,-0.18952833572250286,-0.3332471005267775,-0.877088919961831,0.05261683429169011,-0.42161222655971387,-1.1296885418738598,-0.08299497761095856,-0.444270688281748,-1.0192435717147337,-0.20160778873141885,-0.4324794047146885,-0.8805474791207549,-0.2597069068593319,-0.19514172023149481,-0.98049985634221,0.023232320977427855,-0.28664603515385234,-1.3628190226201677,-0.029773533182065413,-0.35107083624802915,-1.6043774078274873,-0.07899833563929803,-0.4006924221939904,-1.8085485248799271,-0.11302972362300479,-0.027680392688694152,-0.9835596408781269,-0.03878691876368285,-0.11239642417140616,-1.358004980314117,-0.09275409364829272,-0.17051059494580303,-1.5872151121237816,-0.12355222465740118,-0.2272345760344554,-1.7933588050971048,-0.1408659451643817,0.15334908802706593,-0.9144576954913362,-0.1136702060621493,0.13524577185583792,-1.2335005315893772,-0.14076278961904556,0.11961696177383642,-1.4273090299384144,-0.13719114937059756,0.09818146732420675,-1.6086946908888777,-0.13318392453394184
F,0.0,0.0,0.0,-0.2731376191410549,-0.1798086348944823,-0.043692352181636904,-0.4476236131770378,-0.5120954793209952,-0.07294185723249556,-0.5476207114636725,-0.7774304478896215,-0.12590705054012832,-0.4535245522647942,-0.8520467807329958,-0.17082082089019973,-0.24004080200900307,-0.913444295351114,0.10331535174673141,-0.338212213515127,-1.1428790130325541,-0.04835239478576488,-0.392912990883223,-1.013533461924563,-0.18050176706494875,-0.38881768409766143,-0.8453476734082636,-0.24159268745122156,-0.10860065179762772,-0.9922016956532983,0.06116938426901353,-0.15908178461460312,-1.4029536919388998,-0.003733634286447748,-0.20386653402264512,-1.6728966326842196,-0.05639237187771918,-0.22982085754574236,-1.9105154918096903,-0.08719951452640419,0.03819648865436531,-0.9755254853663679,-0.01829740617118101,-0.009133174051974056,-1.3852740284824137,-0.0750308615922131,-0.05188476398565452,-1.6420579498105468,-0.1011521215554059,-0.08581311271406238,-1.867732361651022,-0.10925662621025986,0.18120953136157286,-0.8860679270019749,-0.11159040915133182,0.1477108954094446,-1.2225445165755737,-0.1340063478673741,0.11411727415547432,-1.4301606911029887,-0.12430563207905791,0.0849502232061577,-1.6259490989465193,-0.11260548480263889
F,0.0,0.0,0.0,-0.2701133702184363,-0.20466448786190092,-0.03548066437259917,-0.43764554510623216,-0.5253788823996136,-0.06232914798205161,-0.5441097213391158,-0.7696415138029022,-0.11390793420189395,-0.4631406652921766,-0.8576487710729337,-0.15751939783012486,-0.21337907199839187,-0.9225880007115198,0.10849462775116057,-0.3138786958174656,-1.1556850884017242,-0.04246437305341964,-0.3882149228319582,-1.0268303407799142,-0.17505194014255215,-0.4000169816650461,-0.8559488883223961,-0.23648528782798273,-0.08422598660040477,-0.9944927289520497,0.06237142969897011,-0.12801738233126006,-1.4158863007519753,-0.005500912806207805,-0.17013900447791186,-1.6906049964759586,-0.05973566327015463,-0.19213154737529853,-1.9302164042542884,-0.090720473926474,0.06036887850003073,-0.9719618929102007,-0.020315720611699627,0.020055458665728536,-1.3924059244157339,-0.0785122167365911,-0.018792526011991807,-1.653041332975621,-0.1049389941621523,-0.04610869998372124,-1.882339341525867,-0.11250714654650369,0.19903627686714104,-0.8736806169985409,-0.11575900535777424,0.17101951400070897,-1.216901613371053,-0.14043499328110512,0.14081084054364415,-1.429732845416145,-0.13051452785330636,0.11742758462807815,-1.6308217779796232,-0.11750507309097005
F,0.0,0.0,0.0,-0.272813135365705,-0.20804307840080197,-0.03078343199829989,-0.43626220894554696,-0.5322461055272496,-0.05777618725958903,-0.5388946188622186,-0.7769789715483699,-0.11113066277217222,-0.4630133629152118,-0.8519882822942936,-0.15711641216187852,-0.20489188936636768,-0.9287814927149233,0.1094908468579729,-0.31244892685211184,-1.155376760675121,-0.042695550546290185,-0.39479168031428047,-1.0228535700670567,-0.17665725975151217,-0.41353675861422323,-0.8498138333903927,-0.2395674476001867,-0.07782225625150169,-0.9952704801688484,0.058140929958125,-0.12207746695728604,-1.4199110966142507,-0.011707399702958124,-0.1637803430153198,-1.700575225836393,-0.06841456450467368,-0.18433629971961685,-1.9455609027424834,-0.10156462694259297,0.06324750226311693,-0.9675675459817942,-0.029370475518073074,0.024365096390359033,-1.3962285437311173,-0.08907484011066577,-0.01242581558394729,-1.6623227824773625,-0.11698642357165843,-0.03691222449333725,-1.8963424316608852,-0.1260869157271275,0.19883268692188025,-0.8674826989647721,-0.1292787563848074,0.17224303827255918,-1.2148175091262265,-0.15608106899997884,0.14360869556193162,-1.4327973858899508,-0.14761419846315102,0.12190366520914339,-1.6387526409677637,-0.13599075920472686
F,0.0,0.0,0.0,-0.2855106857409767,-0.12010057816495857,-0.06882017513966288,-0.5175424237977354,-0.42366197620201423,-0.10589456991894493,-0.6047824895949986,-0.7329578952485939,-0.15737554776721766,-0.45405606104456814,-0.8163271684248482,-0.20059913066439092,-0.35130165691856186,-0.8737984995661171,0.06365867517695545,-0.428082555107005,-1.1204965206421147,-0.07610321818959227,-0.44416769989406835,-1.0151586283649114,-0.1999704281224411,-0.4184982616508104,-0.8697271092468987,-0.26199280821631676,-0.1981059015085984,-0.979579627588416,0.034319163760291815,-0.24913781096641766,-1.388115957478543,-0.026689740406416387,-0.28860971178865663,-1.6519147964206153,-0.08750641926924653,-0.31358711515435117,-1.8811542036457916,-0.13067204379240283,-0.03065339406219078,-0.9817796787663415,-0.029966209116511634,-0.07948905771847335,-1.3722841420339342,-0.09283997705561302,-0.12052496823650964,-1.6177561070791402,-0.13864488492871474,-0.16146538192802698,-1.835233005282332,-0.16453283785067963,0.14644103111144183,-0.9021257214043534,-0.10724324740855094,0.10711246613318101,-1.2309912415513422,-0.13861334334168254,0.06791219670174264,-1.4275360326985347,-0.14142283234358957,0.024728785441626187,-1.6096135982533026,-0.1430847965048236
F,0.0,0.0,0.0,-0.2457779920042507,-0.0863053604268034,-0.0835773378340006,-0.46954505061785634,-0.36147046977871117,-0.14196772081171097,-0.49949960712239905,-0.6561915767981059,-0.21008566735495032,-0.30451547092444264,-0.7409356919197211,-0.27093588135622565,-0.3541256157443033,-0.8644912801578116,0.004593178881359335,-0.430520218978172,-1.1169565478767849,-0.12776918366640247,-0.42485580397684847,-1.0114044633760222,-0.2433320316982446,-0.3849577601367623,-0.8724611573967965,-0.3062557527420354,-0.19418268527279312,-0.9806316533062605,-0.025586036701249273,-0.25226398609330447,-1.3878858166871164,-0.08536801684440438,-0.29174406426200167,-1.6380741516510233,-0.1492350048457048,-0.3202569192442534,-1.8619755438713252,-0.1992244014416695,-0.02452940409651425,-0.9865087267207907,-0.08592890887884642,-0.09292122492128874,-1.371147236696492,-0.1479337628926306,-0.14542579951826795,-1.6155687655712352,-0.20366747454393438,-0.1950074148555338,-1.8351056720370333,-0.24242024781240215,0.15574314559505376,-0.9077314741215041,-0.15933215538754011,0.0920789925884899,-1.2280976105261205,-0.1968797111654403,0.03934723229575573,-1.4238956246017815,-0.2085897510643542,-0.010926091723808757,-1.6048278529430418,-0.2196235503363334
F,0.0,0.0,0.0,-0.24319455184415953,-0.07886434570645176,-0.08179874044965638,-0.47569389876153556,-0.36770292315099135,-0.13476661214397018,-0.49122611459479,-0.6664136264200986,-0.19689600303658417,-0.2871951754698349,-0.737055622057931,-0.250844204275603,-0.3523353920439232,-0.8694464658551755,0.005646864750635159,-0.4291783877743598,-1.1287623776367288,-0.12568133607384,-0.4080668739162903,-1.0041933692759037,-0.23811612919386738,-0.355909532942369,-0.852771103742661,-0.29813453881172786,-0.1936148024580271,-0.9808067600425802,-0.02305228240144093,-0.2536677080135642,-1.3784540520047837,-0.08196364050629014,-0.2898911126715255,-1.62056497490535,-0.14425612806304075,-0.3132479201709263,-1.844699939790989,-0.19242322358192313,-0.02550012064083429,-0.9825385336329057,-0.08179221593709957,-0.09500896133216692,-1.3630367364982723,-0.14363529808356357,-0.14630153522925204,-1.6032340607787121,-0.19994841979397754,-0.1942228956415394,-1.8256154606327464,-0.2389402418822308,0.1559280120794037,-0.9022736786964384,-0.15327845227686787,0.0944246406300497,-1.21672520993626,-0.19003884800460363,0.04483059330220861,-1.4072120361828941,-0.2026487497367955,-0.002165535243607184,-1.5887868520039143,-0.21413417433951865
F,0.0,0.0,0.0,-0.2418008663665853,-0.0822627182854047,-0.08007086959979026,-0.4668551248340072,-0.3715396492482096,-0.1313004925376508,-0.4818544539846946,-0.6657703395607665,-0.19199096209555058,-0.28649469662119403,-0.732174801086702,-0.24516911880882278,-0.34989316811695326,-0.8700599674890991,0.006631523513916482,-0.4279808242195398,-1.1253116641585938,-0.11772124434601056,-0.4132613607465993,-1.0108606294574132,-0.22646496938541286,-0.36447731756110546,-0.8642739669888345,-0.2857853950935203,-0.19232537020465323,-0.9810754628221925,-0.022402861956991003,-0.2474270902513147,-1.375692055791707,-0.07780045180488565,-0.28438304507711853,-1.6161990565998334,-0.13837001973213284,-0.3080123642711891,-1.8320555535174896,-0.18600282450392433,-0.02649024437416772,-0.9823526493442329,-0.0806436180878733,-0.08940801748699984,-1.3557711278948228,-0.13904926279857768,-0.1396409985028825,-1.592696498082542,-0.19312036807824903,-0.18522215349494425,-1.8080113967509641,-0.23135530563001533,0.14873389595701328,-0.9005359028325973,-0.15171084323651166,0.09040704900169531,-1.2099342522633862,-0.18731655522242488,0.04067067560347719,-1.3992645807284352,-0.19886482067112807,-0.0059895702780878276,-1.5761287407738946,-0.21000853395316763
F,0.0,0.0,0.0,-0.23808095761190026,-0.07261661786622811,-0.07961396256060053,-0.46550975255142724,-0.37696712711312963,-0.12876809420056695,-0.4865079520264815,-0.6772618501839527,-0.1882123109325783,-0.2855771070896442,-0.7379248040348608,-0.23828099890821355,-0.34850420518453695,-0.8759051462396765,0.017544741369032377,-0.41950386790303856,-1.127224987723145,-0.11559746325403156,-0.4018528707350464,-0.9976469102475791,-0.2284162411563466,-0.35451546575261106,-0.8415805499020506,-0.2862542934655395,-0.1933735215277023,-0.981077105555647,-0.009715663977785874,-0.24509878717533382,-1.3754011454832804,-0.06345390861724273,-0.2687327219084978,-1.617320209186079,-0.11687727714789958,-0.281978389732857,-1.842925986411854,-0.15810488464797204,-0.026217942351242557,-0.9768132216277057,-0.06912377736103777,-0.08766698673180381,-1.3508873320731283,-0.12404370707723397,-0.12863917840929645,-1.5875891968820353,-0.17259346802297218,-0.1702561847995703,-1.8081663691015073,-0.20657411795409625,0.15431559172900022,-0.8958698105070273,-0.14229688605468663,0.09637164615671082,-1.206187315030042,-0.17166276269968295,0.05231496074398616,-1.3927127754129045,-0.1798771225365492,0.009807051753438824,-1.572298845686479,-0.18878479174872584
F,0.0,0.0,0.0,-0.2368303207952474,-0.07667403181292656,-0.07547250539111124,-0.452218513693166,-0.3832670751294351,-0.12505589390972036,-0.46931890019649336,-0.6780017843290913,-0.186323782683072,-0.28427135508898616,-0.7309015815548913,-0.23917452718402643,-0.3323288848653035,-0.8821549996988127,0.017268125441648206,-0.4003231154593413,-1.125172532078582,-0.1094382384491325,-0.3935158941671774,-0.9965674577490431,-0.2187869178218412,-0.35493171109791055,-0.8364677310558405,-0.27588460331210635,-0.17729399320894218,-0.984055477770369,-0.014200585979414749,-0.21961764643393686,-1.3799468207364614,-0.0646785160428764,-0.2456045040587003,-1.6268238089562712,-0.11567194030272424,-0.26179771846347755,-1.8479672984439952,-0.15581786172464168,-0.014105597372972732,-0.9752854781081821,-0.0769661660921585,-0.06458325680972749,-1.3479439444909866,-0.12907937829640329,-0.10547360824094214,-1.588369652214356,-0.17485821551208827,-0.14427985686541583,-1.8039312135487435,-0.20787629489980794,0.1563324774250677,-0.8866836643973854,-0.15349786656050934,0.10815128039532323,-1.1993620067715725,-0.18264752674247564,0.06750893284716544,-1.3914033617877135,-0.18956329156948956,0.02928621292729314,-1.5704773936633734,-0.19798203606937106
F,0.0,0.0,0.0,-0.255433587963819,-0.10338402272214067,-0.09859749542053511,-0.467420372164297,-0.3868677885153789,-0.16433735763329066,-0.5349934390798078,-0.6869571692309064,-0.23829267185822534,-0.36291840820169124,-0.8440206157960011,-0.29986384169362174,-0.35593570620750864,-0.8670713339872633,0.005263385333743569,-0.4366159999608317,-1.1304076579627134,-0.15269801509753753,-0.42409398078510924,-1.0106018533665289,-0.2856856961282757,-0.38764986086902103,-0.8768878102572845,-0.3530258441390859,-0.19064164748518803,-0.9815199168977125,-0.01656547546075159,-0.2542817644507567,-1.3861732921979852,-0.09078140897719052,-0.2959835442977174,-1.6303779475125881,-0.15835069671614233,-0.3325887353250756,-1.8584554229694992,-0.2057148884753768,-0.009070371251905364,-0.9836061961134825,-0.07263789181932576,-0.06491443792571334,-1.3791669594906066,-0.14620293547648364,-0.09789943844248869,-1.6153119778081666,-0.19111354029364783,-0.13588685243657056,-1.8393024692912512,-0.21639547129365536,0.1800344110993203,-0.9022086407125622,-0.14324021309012594,0.15578113286372194,-1.227562728939527,-0.1810504184546431,0.14154519196031098,-1.4239452496893974,-0.18200053384872428,0.12304842496136302,-1.611210919659569,-0.1812397139333747
F,0.0,0.0,0.0,-0.2704817250448956,-0.12105317730853908,-0.09412306806106911,-0.48358540900637337,-0.3974771592132264,-0.16450332802141,-0.5600628907726379,-0.6918078078855776,-0.24516188494151644,-0.4035588358073489,-0.8748760168062603,-0.31332617717401784,-0.3694507810047629,-0.8642746252413879,0.009939174064639776,-0.4593148602611196,-1.1441527443506252,-0.1549219304357109,-0.4547356217443275,-1.0190179524563423,-0.2950808152290051,-0.4197699672798672,-0.8723595526052842,-0.36460841367879876,-0.20417054606648155,-0.9788301697471531,-0.014348759935069146,-0.27445509889661635,-1.3886474812526424,-0.08708747571001643,-0.3208257127975174,-1.63632637356109,-0.15482073154976878,-0.35958723339603726,-1.8620668532012816,-0.20263324134984584,-0.018564437382111172,-0.9826210755857091,-0.07368959576207139,-0.08657504903070923,-1.3850041442053158,-0.14270622841456285,-0.12850194677411053,-1.6288478423224977,-0.18575891393967325,-0.1719146301742233,-1.854572289579008,-0.21073475470183206,0.1771709490272442,-0.9050898853317708,-0.1473740547088629,0.15181161541897045,-1.2404680422161156,-0.1810312319366858,0.13064692027255606,-1.4468204096904973,-0.17936279004131053,0.10534055553412332,-1.6399511980769839,-0.17664231154357632
F,0.0,0.0,0.0,-0.27131845798757454,-0.12034288735903961,-0.08921037618882371,-0.48580499346165174,-0.4016353060770197,-0.15474039926288358,-0.5629596073044826,-0.698745536590473,-0.2314109242526061,-0.40258689102056516,-0.8711682858541782,-0.2959781617130041,-0.36732653733093695,-0.8648606370855337,0.01797854997281048,-0.45590710080682695,-1.1449727706130322,-0.14217815636232806,-0.46093548533483947,-1.0264573528262468,-0.2798585704347343,-0.4376229869699965,-0.8830438171692486,-0.3484849040902434,-0.20215875697295202,-0.9793227117234352,-0.007672240989981823,-0.2753135154480395,-1.3892543102858534,-0.07724716645012093,-0.3253947824208552,-1.6373921235086055,-0.1434770009514132,-0.3688302370120354,-1.8622406282516937,-0.19035207749171787,-0.01668285670773829,-0.9840108002352218,-0.06787112270174987,-0.08773240008923405,-1.3850307302787217,-0.13366151554266323,-0.13152094511604914,-1.6282915596031349,-0.1749204528070869,-0.17753216511464148,-1.8516572444467991,-0.199011567115583,0.18022023709242163,-0.9088817917652156,-0.14229923688350607,0.15023740370874256,-1.2436220090630083,-0.17302145887633077,0.12680833396706193,-1.4480985106519575,-0.16946447700542241,0.09926052737729582,-1.6390025322015807,-0.1658623481597765
F,0.0,0.0,0.0,-0.29445977610355994,-0.11166577538851538,-0.09980597074657756,-0.5387746913869041,-0.30227031337783933,-0.18739471572483937,-0.7008138984031946,-0.548683188863572,-0.286658043916408,-0.612448988573111,-0.8049584714162177,-0.3706744411637052,-0.41393966312466224,-0.8256094205999325,0.0206959608227988,-0.5388625453516204,-1.0761254712985682,-0.15452015483712936,-0.5783033317855646,-0.9428171444821855,-0.3029477586236234,-0.5660985912825021,-0.7810407468635578,-0.37575362783419575,-0.2563988801004371,-0.9665591611054128,-0.004796078235619352,-0.3655473666198564,-1.3951740106959931,-0.08708478249910985,-0.4495167563523067,-1.646773091961805,-0.15383036247256737,-0.5215634036397452,-1.8702390574236105,-0.1965289060753847,-0.06373212549179981,-0.9994092070685466,-0.06809218271923224,-0.1585683169755743,-1.4012624597625372,-0.1439341753680968,-0.22213244762692103,-1.6591050043709665,-0.17480406210214142,-0.28354838893545264,-1.88638509233307,-0.18694282982736363,0.14391890351429462,-0.9410724813798764,-0.14665871823024068,0.1177957998858995,-1.2759345463021015,-0.18180150340800724,0.09542878246633577,-1.488263657836244,-0.16884076260739064,0.07084227666192817,-1.6851412887173134,-0.15353512517946985
F,0.0,0.0,0.0,-0.2169663268079734,-0.1793368285696546,-0.06920475057123382,-0.3977244287212403,-0.4409799516050412,-0.13083595370434248,-0.555626375180238,-0.6562800329173671,-0.20220456772806064,-0.6146077694007875,-0.8934650783119884,-0.26747254621078104,-0.25773643326465423,-0.9003585439363804,-0.009025711258240508,-0.38234119225098473,-1.1119963640527486,-0.1666779887179372,-0.47338911502658104,-1.0419823445620295,-0.2957847678204369,-0.5148819980472178,-0.9204344828959545,-0.3611134231148531,-0.10139092969469643,-0.9936289729374673,-0.04920714902205644,-0.14694723392949036,-1.4295148808425702,-0.1395260327706757,-0.17174704047464795,-1.6985164092524392,-0.20864980860312043,-0.1890911413157057,-1.9405225319660513,-0.252649828492242,0.07367012014439173,-0.9576247707078434,-0.11793463438259295,0.13770225307646505,-1.3692256397334188,-0.22221163091892743,0.17789906671580916,-1.6355029401064174,-0.2772527015257552,0.19890108013474112,-1.8831495828591234,-0.30407688038497555,0.23914518499574292,-0.808985561959045,-0.19336736041657018,0.36759828979351933,-1.1164272434949587,-0.2730260485901004,0.45436898429918804,-1.3284325218393795,-0.28584629562836156,0.5198854455370839,-1.5377749963773593,-0.2859922914208929
F,0.0,0.0,0.0,-0.2198327105800783,-0.18042455828229612,-0.0665607375294779,-0.4009098874862042,-0.4443210914917987,-0.12828047473941695,-0.558239958242445,-0.661121574591732,-0.20109104249280182,-0.61289280617535,-0.9010558031812953,-0.2676770732859185,-0.2552824716056745,-0.9040788464589526,-0.004346359334340544,-0.3843210568046506,-1.1186041684955677,-0.1599043063544416,-0.4764449106400462,-1.036423924635892,-0.28756008381121767,-0.5134124061473303,-0.9052962034945733,-0.3516740109244362,-0.09882670090977957,-0.9940539570770368,-0.04571666661922964,-0.14517036674496678,-1.424999788345958,-0.1310868563775061,-0.16927961860470878,-1.6948495756326891,-0.19561480418742674,-0.18365739755795615,-1.9368769920186335,-0.23674526457524975,0.07428399070909986,-0.9549868808481105,-0.11600171375030639,0.1378658643664395,-1.3687559123938653,-0.21500504173072202,0.17811554172745472,-1.6354656028418217,-0.26326134024426684,0.20163664446318239,-1.8811478816118548,-0.28612743826434195,0.23622903317419428,-0.8039777023922076,-0.1934515643367769,0.36265300198261174,-1.1092724785208894,-0.27145227573495584,0.44956509102985687,-1.3202046163960046,-0.2811123459691689,0.5178579203161663,-1.5269856748290944,-0.2783935068886154
F,0.0,0.0,0.0,-0.21292765280981307,-0.18273168172108553,-0.07550005496120843,-0.39013813307068296,-0.4471740048282979,-0.14027805348408076,-0.5458671277430847,-0.6713544917324256,-0.21431095738218606,-0.5943816197946556,-0.9168069354146625,-0.28130039511355015,-0.24085616483450148,-0.9047212197873536,-0.011946823170420657,-0.3622626800212276,-1.1171108834639367,-0.17048322868075688,-0.4535546173091244,-1.0477041492053119,-0.29789601084022416,-0.49257335752103576,-0.9268491586046812,-0.361157130638857,-0.081371894119078,-0.9955109015375856,-0.04833900875376949,-0.11934172697026064,-1.4311268929276266,-0.13658681141265708,-0.13557163731959523,-1.6984691416931097,-0.200103739990905,-0.14371528765433755,-1.9403241327127374,-0.2390702333547553,0.09640364618075294,-0.9572568241762262,-0.1143833673274278,0.15832238744144356,-1.3688421530214512,-0.21833012963791018,0.20005453477113816,-1.6325163842967192,-0.2673034058643594,0.2216419578373675,-1.8788040556571137,-0.2887136272934905,0.2644363675079515,-0.8064614118369698,-0.18799240851904803,0.3953925958730946,-1.1100504303038494,-0.26816010979439714,0.484304098183701,-1.319394436612976,-0.27883590497396465,0.5519784749482388,-1.5263617978716144,-0.275930001157345
F,0.0,0.0,0.0,-0.20098951555308037,-0.19772550648091672,-0.07494387305191123,-0.3625924628559001,-0.48409311390950277,-0.13747461278284723,-0.5056944766472354,-0.7213255354097354,-0.20984100433117212,-0.543399542899948,-0.9648627512084671,-0.27639795117642957,-0.20156001570609464,-0.9174313014314756,-0.005664970791452117,-0.3108165300083204,-1.1437372244861022,-0.16173024380517112,-0.40150770233761723,-1.0920856970229564,-0.2903187813484386,-0.4445733171978979,-0.9758079545771227,-0.35548602740726093,-0.03998194948016174,-0.9983329170058163,-0.04162728117981885,-0.06150161052570585,-1.428683257762915,-0.1264161762508952,-0.07090859866583518,-1.692833828146974,-0.19401377193117372,-0.0731450722010356,-1.9258445838072085,-0.2376156975214416,0.13515824472599552,-0.9493059020003821,-0.10714253972130681,0.2077855787739399,-1.3540548498717346,-0.20763267641131528,0.25535678608918916,-1.6116669908807122,-0.26042516006510497,0.28463246112342383,-1.850085057456139,-0.286595817873098,0.2956381907996835,-0.7891211760801098,-0.18034541410495042,0.432263536754309,-1.08299581026698,-0.2591850104322979,0.5270553223083958,-1.2824075832069766,-0.27224642879786776,0.60204300589136,-1.480360901533715,-0.272386627489971
F,0.0,0.0,0.0,-0.2070506319771355,-0.21119253865156756,-0.07208782792458437,-0.3558214499130017,-0.5189568833841202,-0.1313282975967569,-0.48571652970396056,-0.7659403344106933,-0.2022232062510181,-0.4984369058825848,-1.004884978596249,-0.26798265011126193,-0.17488312016420404,-0.9250485160634194,-0.00021937219935845464,-0.2755036758490889,-1.1626507429761777,-0.15477863866735372,-0.36344616845698313,-1.1138026557829313,-0.2825036790978153,-0.40061908132889523,-0.9967514791285916,-0.34724155160309284,-0.011404063359657247,-0.9992314022424849,-0.03750402793576354,-0.016538451131682466,-1.4214927819702796,-0.11584264079423011,-0.013177118811984568,-1.684899688037805,-0.1783162398464859,-0.0004562307813244087,-1.9107321333112617,-0.2192818696685114,0.15930763332937833,-0.9401421795151261,-0.1050990798325542,0.24605392772939472,-1.3309743086830899,-0.19969425197752022,0.3055033236726756,-1.5849680851932297,-0.24767379024736363,0.34935317573544383,-1.8161790716598318,-0.27204899462889554,0.3105501847465634,-0.7727558148859308,-0.18115857552895823,0.4595883600625101,-1.0461388877503222,-0.2584793492868869,0.5652957012800822,-1.2360752350553976,-0.2712724084546077,0.6525591368536942,-1.4238716996157568,-0.2715553559946147
F,0.0,0.0,0.0,-0.23398692001370625,-0.18047182531836,-0.061446592127729106,-0.41618529432185886,-0.48385492113821466,-0.11777702481152406,-0.4994699323333027,-0.7606952977355922,-0.18887993963690394,-0.3520673751163258,-0.8652590137249563,-0.25141904821087346,-0.2126050062774955,-0.9220530547475771,0.020784935467454642,-0.28310314471272313,-1.164934915676162,-0.11991547811697811,-0.3444955641463021,-1.1278444876838145,-0.23123515344988496,-0.3698750418974309,-1.0066546596019235,-0.284982288933737,-0.045613997992440154,-0.9987662412801765,-0.01963054931003305,-0.06600717408686758,-1.416588455480578,-0.0828689127011149,-0.07578766470798441,-1.6703252117892007,-0.12522072029971335,-0.07739535387441036,-1.8852917426462075,-0.15083720233752743,0.1352890683739568,-0.9526752191966249,-0.09037423370605804,0.18766099570145664,-1.358345909410529,-0.17100133115011162,0.22893757862846373,-1.6103771593203104,-0.20689063660518206,0.25669266804928065,-1.8296338254463445,-0.2223491710439158,0.3053660298508648,-0.797112362817489,-0.17049022290409582,0.4315602967180599,-1.090151308320528,-0.22997506323357128,0.5172253007921266,-1.2828075861986739,-0.23522983401353248,0.5832039485213861,-1.4716668650082936,-0.23206785455688198
F,0.0,0.0,0.0,-0.23127427118574304,-0.17660455307359632,-0.07334874169786801,-0.40543035147480183,-0.48323360889896444,-0.13147656807738328,-0.48017716975837543,-0.758867851629027,-0.20274708704167882,-0.32795701552856416,-0.8484931526705811,-0.2633233113014002,-0.2114012532155027,-0.9241884738019511,0.020674262193724816,-0.2864915185591268,-1.1682635956052396,-0.12689539776821884,-0.3253965714692146,-1.0963093820058554,-0.2449158928804108,-0.3273339827012841,-0.9497771630846172,-0.3007932828269699,-0.04501056916555188,-0.9989221089231998,-0.011343234451424678,-0.06594662940690564,-1.3980546754244734,-0.07793562613745576,-0.076345747542702,-1.6439900783997352,-0.1261197741172748,-0.07796642045917163,-1.8547801122710803,-0.15533281648052424,0.13399537396999278,-0.9524990580799726,-0.07577554572939574,0.1823388862651574,-1.3447750104930594,-0.15597964748394938,0.21969397594760948,-1.5855940624119806,-0.19319235473304427,0.24615258273382318,-1.7990523169749295,-0.2085116173794096,0.3018759265725655,-0.7979210011028953,-0.1512308198798924,0.4209407699748792,-1.0876742394731,-0.2049982832185677,0.5014450347865577,-1.2724052704655882,-0.20798200095399397,0.5662799983106577,-1.4546383490123451,-0.20286303894667346
F,0.0,0.0,0.0,-0.22513021640096822,-0.2065384407160191,-0.060239999845895176,-0.38864966799548517,-0.4883431358863518,-0.11290858279149305,-0.5092626752393605,-0.7187831215073393,-0.17827915945441483,-0.52051112006358,-0.9530177445250148,-0.23551612509636713,-0.19796573489273434,-0.920412507539711,0.019411361570889418,-0.30854795245194605,-1.1690685451083183,-0.12808985766796813,-0.39053190603923454,-1.0759078444375116,-0.2550963299710336,-0.41556527561532297,-0.9263318799060302,-0.3190817377375415,-0.04485813958069538,-0.9988675879518536,-0.015852099312226996,-0.09385906424129214,-1.401235481118315,-0.08778454616560243,-0.12726452384697204,-1.6512375748284551,-0.15184878266805577,-0.14317952642895707,-1.86849870566194,-0.19639554981895638,0.12529611063411045,-0.9593654074818216,-0.08006071423160578,0.15735672055062486,-1.3609965029523734,-0.15867378065847149,0.17094430416522677,-1.6174214043667865,-0.2039852339443856,0.18116278336821687,-1.8484114460922172,-0.22968954184338958,0.28810444473311325,-0.8172168807761233,-0.15292541214335942,0.39671118271559613,-1.1119755997177447,-0.2102925022906712,0.45926177391638545,-1.3178277413869541,-0.21839264503033673,0.508755448193966,-1.519270644353367,-0.21804042557038278
F,0.0,0.0,0.0,-0.22564427977997464,-0.20433808033066206,-0.06391298956381516,-0.3950338585556246,-0.48220768041224926,-0.11987607981999063,-0.5218824223701072,-0.7152426233868785,-0.18783210472402811,-0.5199285469751774,-0.9489042549580726,-0.24709021559209393,-0.2007836107264249,-0.918650113600828,0.018702803557969182,-0.3130315604010361,-1.164836854004111,-0.1302949834864857,-0.39288748909633675,-1.0710244992259,-0.25874520273992846,-0.41458768629753995,-0.9208728915951131,-0.3242064824789813,-0.047488510917735406,-0.998764549176437,-0.014636141540884943,-0.09797012261115674,-1.3999944295462037,-0.08891977261434875,-0.13458800338317226,-1.6502417378093404,-0.1552438428899529,-0.15393946112763454,-1.8680934732224923,-0.20170417387841977,0.12332164286572057,-0.9608728462971656,-0.07745108541494006,0.15480421169038122,-1.3640822448355119,-0.1590933559953997,0.16720422536993496,-1.6191918907900213,-0.2067556486832082,0.17558334818399848,-1.8507186748238715,-0.2339564374097888,0.28685427353015275,-0.8189988299577476,-0.14892737151022487,0.3958748722265467,-1.1138274863070579,-0.2081456212930689,0.45726159320052795,-1.3197056924145694,-0.2183540441354793,0.5042971972917717,-1.5235283183424722,-0.21983872607740998
F,0.0,0.0,0.0,-0.23172769584095215,-0.1975594833720647,-0.08141693895347565,-0.4089823180624876,-0.4748572373295887,-0.13903774606132238,-0.5337752218166217,-0.7126757665477601,-0.20531317646646907,-0.5341621811325067,-0.956745363978755,-0.25925580854721986,-0.2193807597869522,-0.9153403699746597,0.011366896533155963,-0.3173130623072187,-1.173468447602907,-0.13806238377043642,-0.3675978091186322,-1.0113121827890994,-0.2656354942939851,-0.3639054638115187,-0.8146139399581316,-0.3287048500195423,-0.058480680531575936,-0.9982357702679175,-0.010264353958289939,-0.11045735443702903,-1.3933858118068174,-0.08412743358727552,-0.15165211617035856,-1.6346734338959301,-0.15466274745947264,-0.17800232692028659,-1.8582632659544334,-0.20551299260490943,0.1171146518105392,-0.9651301768984161,-0.06317690785930065,0.13647980422312095,-1.3623063297767923,-0.14666006554435806,0.1365818823199089,-1.611741016565241,-0.19920146742404787,0.13308987395785202,-1.843854543307743,-0.22962126107347067,0.28747761368124525,-0.8317828508699238,-0.12560419040303686,0.3885731219864999,-1.1240004991680022,-0.18404922823181216,0.44409822497077195,-1.3284051174998432,-0.19554206313541317,0.4857131040412219,-1.5275688588522096,-0.19862899245139423
F,0.0,0.0,0.0,-0.24024816155246398,-0.19873574336690134,-0.06899402745991261,-0.4154169013528446,-0.4921582255786877,-0.12003970484437669,-0.5239878141103341,-0.7358101104118692,-0.18255767679377818,-0.5112672927203856,-0.9658768851414643,-0.2337406215147143,-0.22824630970475251,-0.9150344515304205,0.02413592906571106,-0.33058939927609343,-1.1586313523280016,-0.12757919246632157,-0.3567551034482608,-0.9982198342362633,-0.2577046071748058,-0.33570591051193627,-0.8062434263996466,-0.3223648197131579,-0.06849195657696751,-0.9976268173138436,-0.0070416802334044406,-0.13097496872488756,-1.394847703731545,-0.08181256075707045,-0.17054391272904026,-1.6369616216458684,-0.15829388935784452,-0.1964309958746562,-1.857267584555672,-0.21370235501177626,0.11018624503413109,-0.9673376629334218,-0.06911471257170593,0.11615113174234498,-1.3705789487875875,-0.15677032931369922,0.1186014459442242,-1.622788429084596,-0.21714462879822305,0.11592749475139383,-1.859802137119785,-0.2532998484190291,0.288664777054412,-0.8388510742812136,-0.13936126237365482,0.38551880330254146,-1.136539225024105,-0.19953570502204745,0.44209138408519794,-1.3409273977430687,-0.21446664632393642,0.4801884477517431,-1.5413087850985452,-0.2213415893136883
F,0.0,0.0,0.0,-0.24018269926676805,-0.19348983909832798,-0.07149901063292782,-0.41767372924490326,-0.4857624651544619,-0.12284534409339719,-0.5258722932379921,-0.7322055911612334,-0.1844341196825899,-0.5072036406549147,-0.9626227281922116,-0.23469575706752824,-0.2294674408999927,-0.9151892613701841,0.020740331566415898,-0.33446322308508736,-1.1591089243128612,-0.12931484920791653,-0.3621589630037475,-0.9976154599321136,-0.25903656128066543,-0.3409281205034979,-0.8086856189606592,-0.3239026190173458,-0.06774019423185691,-0.9976618255681381,-0.00906354729012563,-0.1292393251502493,-1.3965231865228995,-0.08213551070488993,-0.1709007144025088,-1.640614277966587,-0.15887024417319037,-0.19751814240289708,-1.8616245202680342,-0.21460091706140869,0.11227714114821324,-0.9663032004035391,-0.06952784378904103,0.1206684330380803,-1.3717593180868028,-0.15660703266762457,0.12073380680841375,-1.6260757199119948,-0.2186075697457077,0.11685294977932502,-1.864728530836068,-0.25576471954545077,0.29199301107106634,-0.8349189760603383,-0.13801771017779332,0.3889295219552973,-1.1355152108365103,-0.19888041278618504,0.44515860322501505,-1.3410441271508662,-0.2144668830676136,0.48313596734364633,-1.5429323639836627,-0.2214483753885505
F,0.0,0.0,0.0,-0.25695300837369045,-0.1807668343073261,-0.060311231345342324,-0.4411458517226314,-0.4962855429965423,-0.11034091397955621,-0.5184926708234988,-0.7781643669560011,-0.17583793938795686,-0.3935898778417325,-0.9316573873289944,-0.23160105164869202,-0.2587032073106615,-0.9065245377640985,0.03492790843612694,-0.35013550700013835,-1.1508353881465259,-0.11574481452263277,-0.35014733751323135,-1.0497682110439879,-0.24291944692492728,-0.31215830522020804,-0.9061330553308391,-0.306091025900347,-0.09277613842672303,-0.9956834071875365,-0.0026722256723465724,-0.15709845886318533,-1.3973599784789321,-0.07347949987198464,-0.18905357097838,-1.6433272799445784,-0.13832965612698564,-0.20915791472815423,-1.8644368808998404,-0.18234061003768354,0.09703404763901406,-0.9722294149806568,-0.07143928531717406,0.0895076903094832,-1.3816350755759497,-0.15425934117847842,0.09065614633049646,-1.6388171657031685,-0.20653329231208242,0.08595799863098699,-1.87506041278206,-0.2348721661126327,0.28939621877907074,-0.8504803499891679,-0.14918835306634096,0.3786517040594349,-1.161567456023864,-0.20092827304642477,0.43026894968500323,-1.3676234460690724,-0.21134333694792987,0.4629810353879517,-1.5698452743709572,-0.21502562896067684
F,0.0,0.0,0.0,-0.2553434714714079,-0.16838543980188392,-0.06943449323356185,-0.4451842390876731,-0.4783159676128948,-0.1225504642287831,-0.5289763352335312,-0.7594899526516439,-0.18868907505680757,-0.4015342472568061,-0.9139822429595031,-0.24371580966849946,-0.2642574400093902,-0.9046125783982178,0.0259402480357989,-0.35980764539475374,-1.1481450280586942,-0.12693704463200972,-0.35998905992535774,-1.023130619251927,-0.25519489058172984,-0.3199256045685749,-0.8642591837469875,-0.3187616512304492,-0.09918839460774458,-0.9950430425612674,-0.007141836287264317,-0.16287515340951975,-1.3939509185431684,-0.08097634033483604,-0.1979578080376656,-1.6390617466097928,-0.14896569320596167,-0.22028367363432028,-1.8609898493771773,-0.1950300123313012,0.08942080591236656,-0.9700954850327589,-0.07202719236081302,0.08203662260269187,-1.3798137233115455,-0.15996531018274637,0.08231198394378725,-1.63692778620367,-0.2165958446315861,0.07742818959609825,-1.874645522211349,-0.2467044025898896,0.2810265857326333,-0.8441223508246747,-0.14590670766722777,0.3700095131202384,-1.1581852784741764,-0.2010995027151366,0.42110164012472295,-1.3667155222120426,-0.21347085335961904,0.4535640426188769,-1.572959006995688,-0.21795276412909498
F,0.0,0.0,0.0,-0.26432623074655714,-0.17566536640447333,-0.06434045732424715,-0.4584280345105798,-0.4837467411659302,-0.11528684599416994,-0.5265133284254587,-0.7645951308543926,-0.18202978185095103,-0.3692668640057166,-0.85555860910228,-0.24052940193679062,-0.2743856907672154,-0.9008159502265982,0.03801219549483717,-0.37051388487950065,-1.1401252288927999,-0.1184854079570866,-0.3703995396228742,-1.0628946890298114,-0.2507633480698968,-0.33049943816564425,-0.9354141580435095,-0.3169971758277106,-0.1098187553413736,-0.9939476045066837,0.002828510331669473,-0.1795945689848114,-1.3971854213592554,-0.07653265730715854,-0.21436502532727983,-1.650456328923609,-0.14575507347232766,-0.23523778382562086,-1.8741347388710825,-0.18978275785378523,0.08287766119503888,-0.9765198165194848,-0.06443540064760317,0.04460286979126294,-1.3942197510931418,-0.1557992699538376,0.024352251778656245,-1.6533085672338679,-0.2135932852796621,0.0019435040423410024,-1.8826447841324214,-0.24061673632309177,0.28437062544489666,-0.8606502609049356,-0.1412098381051665,0.35028756066742317,-1.1918920299378801,-0.19369627449336807,0.38398013943904064,-1.399382092375533,-0.2056730496567366,0.4007240478083332,-1.5944795766409465,-0.20862444959829118
F,0.0,0.0,0.0,-0.2694727192156185,-0.16587207171235718,-0.06195573503622868,-0.4688346876764453,-0.48382891431906994,-0.10937110188051019,-0.5310598470075666,-0.7741863705337217,-0.1729107368133517,-0.36533060892641667,-0.851592284745651,-0.22763390619291776,-0.2810956682620227,-0.8998564663755803,0.043662018691355976,-0.37315671693554836,-1.1411683785767317,-0.10773064936450909,-0.37446351614754514,-1.0536598306140637,-0.23501519667735615,-0.33992237856065266,-0.9221612781013339,-0.29758360193103,-0.11476204931463321,-0.9933642104397402,0.007564222004761821,-0.18438573371519232,-1.3991909076752085,-0.06723201947051925,-0.21941614074574473,-1.6542724041835497,-0.13185717508378483,-0.240773991199304,-1.8806624245116084,-0.17231895486477483,0.07655295142196891,-0.9768087277562585,-0.06073513743528947,0.03084343557385125,-1.3932311835926234,-0.14687951406545652,0.00590758429947075,-1.653033441766837,-0.20160224741690677,-0.0209321034217216,-1.8839602657935834,-0.2268650050339203,0.2768921736346163,-0.8663250781095619,-0.1386064887120211,0.32747730997627134,-1.2006639101073517,-0.18679981577312774,0.35275574165660656,-1.4099460230780176,-0.19634234846023219,0.36258409077363896,-1.6061612454734293,-0.19784285889989942
F,0.0,0.0,0.0,-0.26929284640727946,-0.16552164188818255,-0.06532462547118888,-0.46857581123894015,-0.47772940418794946,-0.11575399361022,-0.5346785437808921,-0.7665925202991114,-0.1818473374985554,-0.37069232551888404,-0.856672726420626,-0.2390136557024183,-0.2837117983097243,-0.8954553492337954,0.03966833498762292,-0.3719184974542945,-1.1359145155825554,-0.11810792878164181,-0.3713471898474258,-1.0421780142335402,-0.25134063652897276,-0.3359255672981298,-0.9059495225525062,-0.3164994535777377,-0.11653591697355949,-0.9931731906396775,0.0051374555700875735,-0.18046709295774166,-1.4013143533244512,-0.06959097658747707,-0.21414779743789117,-1.656684170745502,-0.13455424450911194,-0.23475563961969328,-1.882270332457011,-0.17547418628379413,0.0780866028413501,-0.981244229043093,-0.06230692511440416,0.03287966179896627,-1.395947808099275,-0.1463096766997929,0.007256212623015445,-1.6565674667968795,-0.20024556349496844,-0.01840469934682841,-1.887870928323445,-0.22556373221994908,0.28133199269178444,-0.8741963155463821,-0.13998414592984235,0.3323047148119102,-1.204209005208396,-0.18730934168721433,0.3574396785380794,-1.4120867429801616,-0.19621411236024114,0.3701301999693421,-1.606137771547056,-0.19705980279517557
F,0.0,0.0,0.0,-0.271837046392666,-0.1673037729249117,-0.06206045386824418,-0.47089799394721915,-0.48487607172179864,-0.11050974398164873,-0.5336638892337766,-0.7765615134039615,-0.17531030282930313,-0.36557261896945203,-0.8588345428551487,-0.23097092694177554,-0.28235794454716606,-0.8962579781587185,0.043553254415737264,-0.36991693018072697,-1.1471064524545196,-0.1144379762958075,-0.36528200372118413,-1.0538036719141275,-0.24726649096697942,-0.32622703452382124,-0.9157656648238203,-0.31119682703996654,-0.11415396418655499,-0.9934289986703524,0.008227822392087972,-0.17835157236286836,-1.4115655917110252,-0.06829176137904956,-0.21051778150860812,-1.6723122040459792,-0.13402020448292218,-0.22999047647715032,-1.901282027984536,-0.17401502302484984,0.07974312978993481,-0.9820929781528397,-0.05969008296306626,0.03211445826819647,-1.4038950434915332,-0.14304077609530083,0.005755765750391073,-1.6655459149323144,-0.19533812264707953,-0.021844579494804863,-1.895938795919899,-0.21778607869900593,0.28177395154827023,-0.8779195666591764,-0.13765640576635355,0.31799532999160895,-1.220773550387132,-0.1804680213500421,0.3313078288642618,-1.4330188167048357,-0.1855606253880715,0.33238502061782266,-1.6291784001141336,-0.18314540410603697
F,0.0,0.0,0.0,-0.27341970748003086,-0.16302988418828243,-0.07123379129688896,-0.4746338838283821,-0.4872729675598285,-0.11894941952878649,-0.5350481908768414,-0.7867884607238366,-0.18177583549946005,-0.3655719341102174,-0.8656384916019797,-0.23518634257277196,-0.28388232486416104,-0.8927293118796057,0.04473245951909264,-0.36865381045801715,-1.145622604866893,-0.11037616967058943,-0.3640913871499125,-1.0590589939724844,-0.2427766658632629,-0.3262674261762709,-0.933738336616082,-0.30785463627023507,-0.11465276483046231,-0.9933057004231982,0.014090032771800345,-0.1731493988353873,-1.4075507533144707,-0.05772494579271086,-0.20587172269091966,-1.668707928651313,-0.12279198232005929,-0.22738913958702667,-1.8985105174056205,-0.16403386604552628,0.07835425475439654,-0.9829376562294019,-0.05062613733396015,0.03142835733662271,-1.4022000368055403,-0.13043397950366994,0.0033699946718402677,-1.6579735966263494,-0.18386068406864028,-0.02503458651336999,-1.8823196238767306,-0.208662549054052,0.2787971830699473,-0.8797306300872385,-0.12685778182805052,0.31567632854713285,-1.2146342747296601,-0.17013215292441572,0.32761729351504854,-1.4240185850034275,-0.17925982894687648,0.3296878232266806,-1.6172767000742503,-0.18041435270343942
F,0.0,0.0,0.0,-0.27294962421760793,-0.17068661596019946,-0.06401970816958388,-0.47014340101909086,-0.49248191747626374,-0.11000703667719758,-0.5308466045486188,-0.7825358858301883,-0.17208037323916567,-0.3705130568159226,-0.8638845636635252,-0.22500151391720227,-0.2826469547502925,-0.8969261927856256,0.04260897905640709,-0.3679630472335559,-1.1550975273170678,-0.11423857680757439,-0.35679039852219857,-1.061653622920021,-0.246178194400003,-0.3139764817077767,-0.9258638716002703,-0.3090481225981186,-0.11276269195608425,-0.993581159270688,0.009003068650902715,-0.171407414270351,-1.4143690276903205,-0.06433549269495523,-0.20157977862160664,-1.6774812119656046,-0.12997273063978232,-0.22048034554912463,-1.9075956601254707,-0.1708192625547426,0.08040520727634226,-0.9832759243406547,-0.05742150797614166,0.03446544861652383,-1.4040507806372204,-0.13644623895672586,0.007688148769605148,-1.6653636265425409,-0.18998463076839844,-0.020035920482409604,-1.8960664609151558,-0.21455477214882018,0.2807722926820138,-0.8820014708976265,-0.1344213762108312,0.31533175846942696,-1.2234712857596604,-0.17408991008658933,0.3267747294557585,-1.4358969438612486,-0.1799681023189043,0.3275151375851793,-1.6326897273490748,-0.17891554068789037
F,0.0,0.0,0.0,-0.2729305894156682,-0.16882720734807447,-0.06259808588853336,-0.4686711343677423,-0.4940438746138784,-0.10618007338426735,-0.5295266587349943,-0.7851488104209122,-0.16582875133104724,-0.3689059289784203,-0.867976812998839,-0.2175081856779423,-0.28040598587156634,-0.8958984180282964,0.044687341746478884,-0.3658734117754907,-1.1527804906963994,-0.10718524106244781,-0.35932950085693927,-1.0724868414923185,-0.23808407849314353,-0.3180812786445792,-0.947262745843645,-0.30252718147576385,-0.11163480358539107,-0.9936922759936775,0.01064571552109426,-0.16712992350562067,-1.4162722348475127,-0.05920273178626104,-0.200233020161478,-1.6821266752565873,-0.12564321432967807,-0.22130413778612246,-1.9106056028959915,-0.1685087813463763,0.08096705207923635,-0.9817631626498861,-0.055463110566945556,0.03608675265726173,-1.40934937408405,-0.1328924670008856,0.009118859501183187,-1.668428363933511,-0.187826911521941,-0.017913508398261297,-1.8943295876593702,-0.2144512149131592,0.2810318133662893,-0.8775931015741959,-0.13191735539074861,0.3182085749327632,-1.220009646531775,-0.17316290263601392,0.32906586455136877,-1.4322917287761268,-0.1811863803327044,0.3293265188557456,-1.6278618105890454,-0.1821116778560421
F,0.0,0.0,0.0,-0.22602229256868223,-0.31655712403507824,0.026012718529215356,-0.305412814985132,-0.6453234447077606,0.012404305644403132,-0.3561122736087005,-0.8631513117536165,-0.03766549511181715,-0.37163284374893313,-1.0092578835774013,-0.08874371288598383,-0.023841105925370858,-0.9859173022335039,0.10561830092254573,-0.13120010383046188,-1.2394181201723427,-0.0583969011469793,-0.2207603222913829,-1.0913740717409288,-0.20032826742532703,-0.24468171580611375,-0.9008618050058453,-0.27066597249465874,0.10260675590853337,-0.9946939106908848,0.007475137216170451,0.03923869897751061,-1.4560291406809227,-0.09167605798085475,-0.033289584429322824,-1.7565052480373577,-0.18393445960014818,-0.09139488778949151,-2.0229584123738524,-0.24649125694874288,0.233146151625579,-0.9167444525917527,-0.11827619918263124,0.23065449482797723,-1.392937194727943,-0.21209926027490586,0.19477808343415273,-1.6880904307331983,-0.27654111475777154,0.16932104290537026,-1.9577971027609655,-0.3162144437464639,0.34486672386680517,-0.779624999368183,-0.24735743275273472,0.3831308098388408,-1.1523483835686914,-0.3138985384402051,0.39129938667436104,-1.4048334655904318,-0.3350832511422447,0.399933827351558,-1.6454757365347936,-0.3480184629933908
F,0.0,0.0,0.0,-0.1879142865365098,-0.3410145016658739,0.013851485525317965,-0.23901212917639353,-0.6754680843886711,-0.00778269008711406,-0.2793568990401971,-0.8849457292526484,-0.05864638047404676,-0.30592256753087116,-1.056068163869221,-0.1044679494297164,0.0606463228873972,-0.9978009551604682,0.06533227573806294,-0.025042598021745497,-1.2746811072996538,-0.10775473062002805,-0.11981077631470484,-1.13419406357291,-0.25277787605658464,-0.15294458856991078,-0.9386267384609238,-0.32369381888708015,0.16509361401039735,-0.9860514428199082,-0.021134112845425327,0.1276684530762629,-1.4502282568939087,-0.13517678453494608,0.07452520490278605,-1.7605905748417066,-0.22891599936278706,0.03196924914280982,-2.038753816218242,-0.2889778195495524,0.2651743792582462,-0.894128672587619,-0.13269250771022204,0.28968038783786154,-1.3692077422374767,-0.23375597071687754,0.2722748166251242,-1.667873855311127,-0.29456175224808095,0.2660194881030568,-1.9398711021065613,-0.3277050592855371,0.3395578214481551,-0.7460313534177956,-0.2475815208576733,0.39381330159483924,-1.1044018288734443,-0.3160410488015903,0.41128643465145465,-1.3525519903325196,-0.3350808941540324,0.43393644517886926,-1.5850904842196325,-0.34283915639604007
F,0.0,0.0,0.0,-0.2869210801832408,-0.15114363950429363,-0.0832354705130008,-0.5014473260674179,-0.455586555540524,-0.14153787299231557,-0.5176471826718848,-0.7703157153681076,-0.21119865909403915,-0.32115570927683,-0.8722726409349304,-0.27094607140706056,-0.34650697808882786,-0.8728874771215722,0.012912412864859025,-0.4291898661179748,-1.1506307199918215,-0.1435106948960936,-0.38682209634645337,-1.0387853751665388,-0.2723536381332866,-0.3222974186278269,-0.9105810801224066,-0.33587241977838195,-0.16887886713357134,-0.985482679562768,-0.01743033325751903,-0.21949470869239143,-1.4169264623814348,-0.0956564578517806,-0.24480036704838873,-1.6758703241459976,-0.17021680465668396,-0.2640054459204448,-1.9225259688897562,-0.21976905834494848,0.022188038893264032,-0.984166673112055,-0.07970555831964982,-0.021175559167601915,-1.4079907948705412,-0.1607315266261374,-0.04512466844533009,-1.6579035148561934,-0.21849859447753348,-0.07090670267511051,-1.892186146949639,-0.2481563862556509,0.22405521131082337,-0.8952148812970601,-0.1535695425102339,0.20956936668383597,-1.2363798252237648,-0.19182319711477086,0.18989822858875882,-1.4381378583358941,-0.19489267220728138,0.16461247955879346,-1.6266922074174952,-0.19356720882670306
F,0.0,0.0,0.0,-0.28436894959496045,-0.15504214464430624,-0.09211697287561718,-0.486448420097471,-0.47926333027787377,-0.14974040814596917,-0.4889696261812035,-0.7967059342615616,-0.21787516940421725,-0.29078628965780934,-0.9110380945898164,-0.27278161839303083,-0.3466965785821671,-0.8798670623930681,0.024118636673102108,-0.42683696428635587,-1.1698360585540233,-0.13764244610886897,-0.36986914819009814,-1.0415968990920959,-0.27165436464445314,-0.2938957831015758,-0.9023417424820979,-0.33505509232978903,-0.16810155374940502,-0.9857653811502085,0.002912207550972389,-0.212302589593995,-1.416792712203144,-0.06626967062330864,-0.23105560808363365,-1.6733532772998723,-0.13264551215427545,-0.24669699455079624,-1.9186632253425968,-0.17667155211289348,0.020367288985605917,-0.9796567092811127,-0.05392089897113792,-0.016511609787079568,-1.3973116858777772,-0.12167550558689207,-0.03916111868561955,-1.6432643659301844,-0.16626613032484597,-0.062182383849845965,-1.8724237675579678,-0.18793495608543168,0.2201190947776033,-0.8892705711940962,-0.1253860398939347,0.20746601562732958,-1.2175311755803238,-0.1481735650882597,0.18988565113012462,-1.41033598664906,-0.1397089703097639,0.1695090949701104,-1.590750050889234,-0.13096580337748043
F,0.0,0.0,0.0,-0.30466081871253486,-0.12494905054903009,-0.08690411451987423,-0.5265458451538612,-0.4627081063925518,-0.1308677053177603,-0.5242953684778383,-0.8047966321970482,-0.1859225274933385,-0.3233966595728188,-0.9265871034985957,-0.22409385173620486,-0.41377388142021665,-0.8483959753182257,0.05430500750646842,-0.5091513187685356,-1.1365285148474984,-0.09442895274367921,-0.4444102457689889,-1.0073241684098413,-0.21942227594214198,-0.36508231162741983,-0.8663157247777483,-0.27607512994009936,-0.24221772911630063,-0.9695227652771935,0.03682633990782314,-0.31431757651249836,-1.4009935207300206,-0.021914654958785335,-0.34843464750866415,-1.6632852262927487,-0.08062644378440681,-0.3763892659321905,-1.9083451469169812,-0.11620222186661078,-0.05379121387165103,-0.9830692467520691,-0.017191146276270504,-0.12255093214804794,-1.3849210588818297,-0.07013664602890664,-0.16227732906305867,-1.6359893442736455,-0.10564843241699794,-0.2000172736786182,-1.8640716144596412,-0.12056533506754344,0.1516199277061348,-0.9178926659848796,-0.08720599857920694,0.10892815734161444,-1.2193602908828363,-0.09139153551883998,0.07068771434264054,-1.3871289737687198,-0.07050988951944907,0.03459496394800744,-1.534662086693418,-0.053027143450605496
F,0.0,0.0,0.0,-0.29632024588726,-0.1213955789369717,-0.08925632541410765,-0.5108380962392062,-0.47905351312601374,-0.13189912360619832,-0.5040494903231048,-0.8193628071646192,-0.18815769681700703,-0.30318310627548456,-0.9262586716510116,-0.227947021222823,-0.40208324920366134,-0.8496745309836994,0.06682344101313772,-0.49951856979235554,-1.1438340590903795,-0.0894286394685345,-0.44730509630865534,-1.0057078119274405,-0.2188648475396933,-0.3749248070619406,-0.8494730829687395,-0.2725453928365904,-0.24394253898286397,-0.9683017284835168,0.05370102690291349,-0.32890468070252205,-1.3974335232101567,0.005306611749900877,-0.3744174306218336,-1.6605215732106338,-0.04073706651740828,-0.4140569138708153,-1.8991010174257548,-0.06458219767456902,-0.05654888635725941,-0.9811540419513932,0.0006859692691971915,-0.1334751217455529,-1.3704573102788462,-0.03753821388772716,-0.18147810458526578,-1.6175474526559073,-0.0580491308804365,-0.22692201624100908,-1.8329925229691648,-0.061800461352207944,0.14509970303552575,-0.9183186846259895,-0.0707278745197252,0.10070653583942558,-1.1997433086889504,-0.05906544528852021,0.06399512482176406,-1.3568037473776604,-0.02466007242129348,0.034075814048303905,-1.4902994856590028,0.0037851659392657373
F,0.0,0.0,0.0,0.2336930751521165,-0.3092134848922546,-0.03734087772653153,0.3037731194932664,-0.6971925599902455,-0.02428245297390986,0.26848410809585643,-0.9783574934740606,-0.03207197200824857,0.22338046565863254,-1.1883644730928635,-0.04622444126528469,0.18587551276993622,-1.0075277936881262,0.03462815038094776,0.1758586842264762,-1.3808663380353867,-0.02641375501514255,0.1503311599232315,-1.593713208433276,-0.08131637719758118,0.12407035653154277,-1.7646481150422033,-0.12015598458746021,0.008466170519922604,-0.9998020596904051,-0.018004593734684774,-0.002309167065976269,-1.458091290624846,-0.08950221675925459,-0.011937168020566359,-1.7665663967571044,-0.17070963259226427,-0.021117113621944163,-2.019176479862067,-0.22330704107252855,-0.15968145244803508,-0.8709575159068428,-0.08462483944273595,-0.20748076337413401,-1.2390049273489565,-0.20585634525978525,-0.15475266462685597,-1.3174176560704538,-0.2845418169413999,-0.08702974215785679,-1.3480512936162168,-0.3143394885912808,-0.32096080198240634,-0.6559224390734769,-0.1524738781312383,-0.3679964147265923,-0.920630642990625,-0.2642863912429034,-0.30604131025098164,-0.9576415540142179,-0.29538785655263344,-0.21806195556936384,-0.9269433206287945,-0.30002014768041285
F,0.0,0.0,0.0,-0.23339629946655052,-0.23715322529542815,-0.028417020074450697,-0.3689088917990526,-0.5728320618572438,-0.051921787769940324,-0.45559823860508,-0.8104567056804461,-0.09547964217414823,-0.430231616618797,-0.964642853202847,-0.13514646401760486,-0.1145620210755736,-0.9348664230156595,0.06141895795525586,-0.2270894083956581,-1.154995519819394,-0.08166985077773824,-0.31414684912063245,-1.0349345845879965,-0.21151348059591757,-0.33947343282099485,-0.8532496687242429,-0.2769572966757551,0.009267786892597099,-0.9998507136607181,0.014582815855180387,-0.06295826727363843,-1.4041661505300325,-0.05678956077351129,-0.1241044792199697,-1.6695883430217795,-0.12957239735332937,-0.1680576915170553,-1.894641933734139,-0.18071998915176254,0.1621399898060787,-0.9550681061181925,-0.059911033531239034,0.14480879349252665,-1.3611167056707822,-0.1441476788009178,0.10996579805957664,-1.6270151600313423,-0.20733548007861888,0.08040075280128145,-1.8627248544376136,-0.24474391253745753,0.30758573646010473,-0.8267656341454139,-0.14043080471168584,0.42193938624121013,-1.118049330447806,-0.19773313940376835,0.4866070300121337,-1.3239333002180953,-0.21766755080331154,0.5346915045854939,-1.5219654607559234,-0.2292192824313687
F,0.0,0.0,0.0,-0.26096920479531116,-0.2257116217856236,-0.043258216045533204,-0.4260436901511645,-0.5408116329092552,-0.07601167292029533,-0.5120802755688773,-0.7912822102211158,-0.12683299835482967,-0.4743570803783876,-0.9480269246958807,-0.17434753958399268,-0.1944945169909468,-0.9217465574924562,0.050642654378877924,-0.28552297229639095,-1.1513778458521102,-0.1039081430182706,-0.3259579573567441,-1.0892043161428482,-0.2421827216751961,-0.3201225633328818,-0.9528387756503258,-0.31285405591698934,-0.038795158798553823,-0.9992330825488009,0.0053087092420076335,-0.10763789858951592,-1.4133327202262138,-0.07679435676946925,-0.16210597074890662,-1.6835007486890703,-0.16146911453773793,-0.202383229500202,-1.9088348340966301,-0.21835331464552027,0.1436347337832978,-0.9691502648277733,-0.06852520145130334,0.11856871533623564,-1.3770778419143457,-0.16373043758952116,0.0859677898999323,-1.6454305795892172,-0.2336031175940843,0.05346802024238635,-1.876596103877631,-0.27181447331405134,0.32145005314984487,-0.8451946447142514,-0.14905083442465178,0.418453890571081,-1.1465129000990992,-0.21097874076413772,0.4737489471776589,-1.3428458394719887,-0.2279482518779866,0.5117022597795399,-1.5231200592615057,-0.23464883343491158
F,0.0,0.0,0.0,-0.2553068728301731,-0.22749690083446242,-0.06854566287089948,-0.4076301320739994,-0.5948520262697329,-0.11154895198118359,-0.47453516868428586,-0.8971981794888344,-0.16777482115958367,-0.3389295727533255,-1.0031086468541448,-0.21961622668175315,-0.12318514109110551,-0.9362135695615863,0.035780394866174785,-0.17578978307707452,-1.1825965380175698,-0.1224456237984507,-0.23296954592598781,-1.1382966628203677,-0.266247678937886,-0.2528753765448704,-1.0192453499662117,-0.34257162172610395,0.04526533620028494,-0.9989741072373574,0.001335068537686871,0.038373725459134846,-1.426708070651736,-0.07808972743902858,0.017013360198741917,-1.7145529830056725,-0.1580576097030379,0.004807504943263835,-1.9475610620062032,-0.2120619508013602,0.21995722306115587,-0.9476380926286431,-0.06381246006964343,0.25479373084056955,-1.3776626991204572,-0.1475907521016756,0.2591919552505359,-1.6559064734947015,-0.20489800014567236,0.25374563121300586,-1.895666969914803,-0.2359848248005013,0.37992781556039584,-0.7971362028959744,-0.13916570283868218,0.4614173244768598,-1.1066345690034414,-0.1869106275653819,0.5034665124308447,-1.2885340378167134,-0.18899225835424943,0.5243341285903151,-1.445986108563837,-0.18618564258827272
F,0.0,0.0,0.0,-0.2645121627964043,-0.2627984706851978,-0.057942350126373325,-0.4135090543890944,-0.5783917923795173,-0.10264978842755734,-0.44999308678056976,-0.8351247884968349,-0.16514684723884887,-0.352888607649301,-0.9692610373443593,-0.22126417268208914,-0.15154881631089143,-0.9435531459977979,0.05216441693582691,-0.2023591390745605,-1.1358903024058933,-0.10008942622264484,-0.23741035420293166,-1.024109432756695,-0.23652356673571584,-0.24934680325772773,-0.8816893627189366,-0.3088351937454118,0.00970764543884201,-0.9999171780625518,0.008449771325717555,-0.024133277250237974,-1.3873159559913477,-0.07477403813086833,-0.0656966897130914,-1.6332391395443586,-0.16148960522586076,-0.09658602138856909,-1.8500918808887166,-0.22186686150823867,0.19059732181288835,-0.9476284455436814,-0.0668471990952833,0.1984367207751124,-1.3323655003214736,-0.16323665514665198,0.18928266857746684,-1.5754238859077643,-0.23683999536205894,0.1682375506772502,-1.778913635130382,-0.278120650717962,0.374484390832506,-0.8016218358409145,-0.15084690849052773,0.48463376034019573,-1.0891293458439792,-0.20979905954258166,0.5306158800187644,-1.2707338623005375,-0.23094044714013046,0.5427842651916136,-1.4350795290996525,-0.24276602592028002
F,0.0,0.0,0.0,-0.21146812140838825,-0.21757353523253464,-0.032114369663603745,-0.3308082353423877,-0.5359657626940542,-0.0655408626530532,-0.40666388808751464,-0.7859813131164226,-0.1203730470416968,-0.38082784316738927,-0.941016330069593,-0.17239048020994846,-0.07190744347788469,-0.9296193492930483,0.053845999435776164,-0.1556555569662079,-1.13594754964682,-0.09251227942042155,-0.24938834465558218,-1.0647098061158693,-0.2254150931467595,-0.29433406404903967,-0.9401785281453106,-0.2950343864599201,0.06163114255033052,-0.9980980956864756,0.0013392740466695032,0.013503150656310628,-1.3998709869609245,-0.07767796341955188,-0.04465721723902409,-1.6649010435497056,-0.1538152247319835,-0.09106211178902014,-1.8930909373033775,-0.2043252081052201,0.21603249628777058,-0.9524637206088615,-0.07783299427040896,0.21305227944771385,-1.3647299664173047,-0.16919219427752896,0.18479969048890127,-1.6261633280966823,-0.23044888290340942,0.1524626609206086,-1.8526986567870585,-0.26298778586550375,0.35648846826863856,-0.8078770643518822,-0.16347115489415387,0.4836797985945145,-1.1096169891204672,-0.22217410472938776,0.5513732358744299,-1.3105644680654527,-0.23925358850044806,0.5968772121443361,-1.5009735986386405,-0.24651803629574007
F,0.0,0.0,0.0,-0.1982234389694405,-0.23757618897263177,-0.03597466484844033,-0.313836026141277,-0.5539579673560374,-0.06695293775360163,-0.3839868868265723,-0.7831724429609741,-0.11334710946130706,-0.3747318288991851,-0.9606999626853291,-0.15490264230734022,-0.058964263755150216,-0.9385555446065049,0.03036910404676776,-0.16816491231274608,-1.1574736594743926,-0.11113676292641489,-0.2723736277293766,-1.0472072556232461,-0.23797047580066705,-0.3129793603074178,-0.8804085740416645,-0.30285602250287835,0.05640172633340311,-0.9983157574346724,-0.013582846691629085,-0.004681200093584602,-1.4140159616814325,-0.09300465682853361,-0.06739581175903557,-1.6826742624308235,-0.16829979299681722,-0.11137360403264358,-1.9152182131089617,-0.21991179838785266,0.1955508653701948,-0.9438051613382791,-0.08210121266799342,0.19752675040305576,-1.3632655566562275,-0.17685860270975404,0.1665810959198613,-1.6348134986054852,-0.24421619451118623,0.1405271815610209,-1.8766078446611165,-0.28116936321142594,0.32129900711384696,-0.8014776138448517,-0.1552863054059797,0.44539184003290616,-1.10440223711195,-0.2200866958149879,0.5158104346943374,-1.3099178005034,-0.24234638248841395,0.5670856356131682,-1.5026620180618413,-0.253311249268044
F,0.0,0.0,0.0,-0.21437698552206944,-0.2351062611155705,-0.03192720159872391,-0.3335321746616177,-0.5525457765429564,-0.05983243354883831,-0.4101197362019556,-0.7731162709983213,-0.10468736441161566,-0.4012748865166103,-0.9602438459470991,-0.14326289217951627,-0.07588273691369049,-0.9403406918710001,0.03880406784297549,-0.19348711967883686,-1.1613378609526464,-0.09253736798367661,-0.3041814235865202,-1.0167344560022538,-0.20649699807128133,-0.3438457204141551,-0.8297990768310801,-0.26271268808288795,0.03290114096460709,-0.9994323514497316,-0.007244984395233832,-0.04453048036570926,-1.4064856040200122,-0.07638840472945715,-0.11716307990468072,-1.6640660648388659,-0.14043291612972642,-0.17026709358301736,-1.8919764092655031,-0.1858509138862391,0.16358167023448725,-0.9486181369106851,-0.07899168986364155,0.14925966798915022,-1.3650559889750828,-0.16306948122429818,0.11081239753547792,-1.632771360248734,-0.2240610227585052,0.07908407791598447,-1.8771187146778103,-0.2616252336956602,0.2834373062079708,-0.8207626720207226,-0.15579041316769307,0.39824459975638404,-1.1128865867238114,-0.2161779661238499,0.4671702766225305,-1.3218078815477214,-0.23941316767794274,0.5180912665935794,-1.5249214470741608,-0.25385198224589034
F,0.0,0.0,0.0,-0.21819007806073384,-0.24131224137619345,-0.030356028841720954,-0.3373142449439032,-0.556619667131012,-0.059373492264181434,-0.4134680371428982,-0.7752040675571189,-0.10613451084067091,-0.40347147051105775,-0.9641098120048073,-0.14723046812716223,-0.07500496274355059,-0.9415817958431286,0.04081037908109152,-0.19612770366660212,-1.1620149560771122,-0.0942451397777744,-0.30610135206993905,-1.0242814262821969,-0.21279092370428968,-0.34365764914914737,-0.8390020994852895,-0.27195665989656004,0.03170473582432195,-0.9994787995530148,-0.006077743855599643,-0.04741500852513951,-1.4039984260951068,-0.08111359754566991,-0.12016623467255472,-1.6670344921423077,-0.15071733186389535,-0.17193172673030171,-1.897543909742573,-0.19956309076637282,0.1619341816310534,-0.9508257036011126,-0.07832968789745581,0.14777510592751802,-1.3680484463438243,-0.16450207583479354,0.10803193419171231,-1.6350027307665542,-0.22519407169527042,0.0755018067495486,-1.876537192962936,-0.2618565387973863,0.282198697918799,-0.8235440539385015,-0.155781036597892,0.39436737487379886,-1.1182653951804677,-0.21565798269743533,0.46191902521577405,-1.3283616995618726,-0.23678404532118272,0.5134755601226396,-1.52981389670632,-0.24915475439962745
F,0.0,0.0,0.0,-0.22581178933463333,-0.23482098872201837,-0.022878111652637062,-0.3518852543407635,-0.5559455738501685,-0.045664614245748116,-0.4343967102657468,-0.7830926832259121,-0.0882316872248513,-0.4287530647976735,-0.9569886423497517,-0.12666150584294045,-0.08609819854416706,-0.9354256098568839,0.052966227707756094,-0.2126925272628992,-1.151024937955595,-0.0826000384072437,-0.3164486256008709,-1.0323839279295124,-0.20397801003475743,-0.3501830020143553,-0.8572885669397351,-0.2662505683311321,0.021137498653558094,-0.9997691804082411,0.0038460442670849066,-0.05554257628600938,-1.4052711136561704,-0.07140404190803532,-0.1286232759360672,-1.6672977276166028,-0.14016657609973035,-0.1831559404110267,-1.8924546065701764,-0.18781890931784226,0.15670266087201898,-0.959021566518856,-0.07064692240439144,0.13653740995687258,-1.3700140325917425,-0.15481058978287757,0.09424884422607306,-1.6290970004279124,-0.21249190347311644,0.059934768607635774,-1.8615366138243383,-0.2471480700494402,0.2818365125380793,-0.8334946984426581,-0.15057266517491788,0.3912188279378414,-1.1230434562146685,-0.21079029447714148,0.45504586263587504,-1.3247918800852734,-0.23182113186909417,0.5056799446852738,-1.5159358790323456,-0.24399738849483757
F,0.0,0.0,0.0,-0.2176783969551353,-0.20185945262868388,-0.019772153600452928,-0.3510909946712993,-0.5476651795798013,-0.03589029552263322,-0.42051569277066536,-0.7988036888550739,-0.07322485776502972,-0.3914134750867571,-0.8979676842903843,-0.10802374527425326,-0.09091677107992942,-0.9344938252478685,0.06245698237875105,-0.2091440109641986,-1.1447925054395993,-0.06439947067665251,-0.2883960451367392,-1.0251598117115115,-0.17920859574038295,-0.30448685347806026,-0.8526590227072132,-0.2390805169331201,0.02236897596162273,-0.9997093890381495,0.008987011928227661,-0.06296163404006358,-1.4046904082289706,-0.05938538941924303,-0.1370780039955097,-1.6713229981851017,-0.130982289429177,-0.19224363326357805,-1.895370746216124,-0.1824449760317083,0.1625158994834279,-0.954194510709982,-0.06961930192094688,0.13467398892738017,-1.3721196056216303,-0.15663380956502224,0.09268021333854333,-1.641909769031812,-0.22672003941878088,0.05978454708560997,-1.8823612641328358,-0.26990475585742635,0.29708533459383557,-0.8280182898468569,-0.15262848292680978,0.4103862588023676,-1.1269480115898658,-0.21326561640154215,0.4787928821770202,-1.3304696049102582,-0.2420305787648331,0.5301666287742439,-1.5298878222756,-0.26231276955028954
F,0.0,0.0,0.0,-0.23096303690826106,-0.1946534617321774,-0.029299074685189462,-0.36131601011933717,-0.5469906100564335,-0.04889473713408077,-0.41287658388943765,-0.7972443389448457,-0.08915108726453692,-0.40017757592500025,-0.8812061705034817,-0.12477932730354763,-0.1271781322921699,-0.9284849301391506,0.06267730416581742,-0.2416194326636307,-1.1340907393347044,-0.0658191604831054,-0.2957900965572703,-0.9960707671880773,-0.1816581983232806,-0.29490971136818755,-0.8119401909455581,-0.24173857377968344,-0.003255943069658087,-0.9999340278252077,0.011015390686857056,-0.09855737300447112,-1.384152502752258,-0.061723112811025035,-0.17458091656188324,-1.6420863918901594,-0.1406853235854623,-0.23048709533937511,-1.8602099149149172,-0.19655465661244814,0.1439812173676807,-0.9561203694374517,-0.06713933068099379,0.10865957072970307,-1.3624433304082388,-0.15846074519202666,0.06330615718162012,-1.6265598356962194,-0.23174946256948012,0.026192437580976356,-1.8599502457480361,-0.2761386616586243,0.2887672905822965,-0.8325197431284473,-0.15058747823161933,0.39316544128565173,-1.1315976781918555,-0.20786256705033795,0.4567995641821544,-1.3316119446605728,-0.23481265463940723,0.5010256104066281,-1.5270669422686018,-0.2544716410903247
F,0.0,0.0,0.0,-0.2210909319591094,-0.1948597681874027,-0.03173889493939472,-0.355513080739641,-0.5366496053866704,-0.053209178473949265,-0.4155535931364602,-0.782032982393367,-0.0932538691104084,-0.39126768336282647,-0.8636671093412716,-0.12912406439164778,-0.11856507888273388,-0.9331023751042653,0.05499140521849495,-0.23091047813226662,-1.1317069740902308,-0.07523136589388343,-0.28763427958606375,-0.9925942809584724,-0.1904419406413797,-0.28900454829938477,-0.8106936045515255,-0.24873512872354708,0.00037928353563308157,-0.9999815169892707,0.006068098865087297,-0.09401597580351523,-1.3888092855273197,-0.06350162598212457,-0.17156805181685236,-1.6416287348847225,-0.13687740943990473,-0.23106661176817572,-1.860864837272644,-0.1883247643796415,0.14660069120460476,-0.9545539959758138,-0.06932174787754118,0.11419238649197655,-1.362365309471052,-0.16229868938691433,0.06955266304783264,-1.6286865159933832,-0.23726049471585564,0.03245298222183811,-1.8666139771811874,-0.2815866289804953,0.2878251095855082,-0.8281342307398565,-0.14935250477251677,0.39670396188373785,-1.1293499978330823,-0.21141140682410764,0.46108591617949996,-1.3328722122343706,-0.24045706058839927,0.5066011286870977,-1.5334688815445492,-0.2602528212748554
F,0.0,0.0,0.0,-0.22792575469528495,-0.2001839789488902,-0.029785610191382414,-0.35655555756299284,-0.5458922647699133,-0.051132603612042284,-0.40777848904437175,-0.7862795214406219,-0.09284436467757162,-0.3997324547071568,-0.8687527654855334,-0.1308499345790751,-0.13446911042853293,-0.9282898416173975,0.059141772461609746,-0.25329256829417024,-1.1195533177260912,-0.07069702961314835,-0.310662843931382,-0.9805980097181113,-0.18678898037728056,-0.3137077856730332,-0.7993357709956374,-0.2464307593325439,-0.011469624139498777,-0.9999142737373643,0.006316082518286899,-0.11049533309276333,-1.3847318334654746,-0.06663547825126154,-0.19004981192436335,-1.638284100304359,-0.14476280724779395,-0.2497468301344045,-1.8571963488028778,-0.19917905636723676,0.13875318861140945,-0.956159571026334,-0.07291067240347422,0.1025129201599788,-1.365837342630155,-0.16944908211348741,0.05423197511215046,-1.6326319842128079,-0.24713118715934607,0.014100256660864657,-1.8696148441306137,-0.29309363849893244,0.286047758099929,-0.8294463481576414,-0.1565426894000529,0.39518749322343144,-1.1331936520554866,-0.21917234927963267,0.4603746713614178,-1.336876808248051,-0.24795712508916218,0.5051966023985365,-1.5355259356245086,-0.2678973113078226
F,0.0,0.0,0.0,-0.22807117381918546,-0.20275781227224512,-0.03277683003760244,-0.3573704587198095,-0.5348816307851735,-0.05710518801560707,-0.40985453711758674,-0.7684330095282171,-0.09997947595099801,-0.39336924287722247,-0.8672323018543029,-0.13870986602469193,-0.12966720543295018,-0.9323644825675427,0.05122589559022549,-0.245111804070292,-1.1204114308092465,-0.0810107479037447,-0.2968620668726687,-0.9760893596133048,-0.198188098253107,-0.29530579161578907,-0.7964411983420464,-0.2575606784309909,-0.0066687979389119,-0.9999777439689819,-0.00019672507549789867,-0.10603736627000229,-1.3891964429135248,-0.07274868010779537,-0.18578009071319435,-1.6435499865987597,-0.149651525388673,-0.2477668368236457,-1.868591058417259,-0.20324416097974546,0.14314348638189694,-0.9537019671184583,-0.07801476612405751,0.11105886198095385,-1.363643241978122,-0.17601220347035426,0.06485790834749663,-1.6301939232071696,-0.2543201957049307,0.02452938580124534,-1.8679692393569578,-0.30028366306861487,0.28788375740570943,-0.8239801931609598,-0.16000033288128473,0.39907320258077905,-1.130880009064527,-0.22529146825132168,0.46398758577682575,-1.3386788568687409,-0.2544429153125395,0.5083139080451211,-1.5437905027020729,-0.27384241301154966
F,0.0,0.0,0.0,-0.23603516331016203,-0.20615867789337836,-0.03131493173028135,-0.3617780478027597,-0.5499554112498148,-0.05365960318091033,-0.41296940034702784,-0.7878491321910489,-0.09672592372934667,-0.40345768701824775,-0.8835581085732803,-0.13550783516826795,-0.1361724040589442,-0.9268572736664743,0.05922784004171054,-0.26151989857059027,-1.1184358425225112,-0.07050383139424853,-0.3150341524686993,-0.9754416307096547,-0.18540735473521133,-0.31560056665319747,-0.7893145470471634,-0.2441409515339815,-0.010706398999612402,-0.9999222197127454,0.006397463966085086,-0.11562253316143138,-1.3823810677306707,-0.06770899460528391,-0.19653164741490403,-1.6390857952260283,-0.14847839769662702,-0.25765494080883805,-1.8606771011464875,-0.2057036166088966,0.13768914983092262,-0.9574542842893475,-0.07325427108058084,0.09955430066003568,-1.36823821767017,-0.1697771204231543,0.05252619290472886,-1.6326619794810608,-0.24767567350435932,0.012332666495300418,-1.8688110406529208,-0.29500836637735856,0.28323642420100975,-0.8331968029588114,-0.15751021427167952,0.3922320651600121,-1.1366606831341888,-0.22093883054625102,0.4594601893217593,-1.342679088063939,-0.25120375734650474,0.5048840285453198,-1.5457290521495601,-0.27273820015440703
F,0.0,0.0,0.0,-0.23473853631728853,-0.21223147181123528,-0.03671310452426051,-0.3630654076400998,-0.5433186533406685,-0.06504162299364077,-0.4177529124932039,-0.7749374150652496,-0.1121649770481866,-0.4078857877523688,-0.890569381550335,-0.1544930160242297,-0.1345442437110756,-0.9304012938347248,0.0485345111746721,-0.2561896991267501,-1.1226946327066145,-0.08522706149986739,-0.30468868527390414,-0.9752773544000547,-0.2028215478508113,-0.30179306325454724,-0.7924537463716718,-0.2623606145784171,-0.009788790570254658,-0.9999482066194939,-0.002786334084363946,-0.11259374527544803,-1.3873043609450746,-0.07834797700361171,-0.19414688988535117,-1.6423019976099318,-0.15905194254116908,-0.2588079919516319,-1.869605106916962,-0.21594347526377916,0.13836676046725543,-0.9557686882528414,-0.0811009402176421,0.10562140794332439,-1.3667428930836671,-0.18170944561606545,0.061201044790412384,-1.6338180611687985,-0.2623570674831739,0.021046495876508555,-1.8733392741748158,-0.3106525576704524,0.2816732236546772,-0.8281788973600583,-0.16381321742834648,0.3959645669829788,-1.1338557616381801,-0.23099324894141535,0.4629520866084168,-1.3449161554837512,-0.2620948805104091,0.5067114381301292,-1.553787365606296,-0.2833508934664497
F,0.0,0.0,0.0,-0.23396134875657743,-0.209772848617884,-0.03410346430903589,-0.3626556836808715,-0.5455775530703667,-0.059962964580310925,-0.4163741178745901,-0.7819577753775806,-0.10604502341848565,-0.40102496828867723,-0.881379668478473,-0.14709435142840438,-0.12842954629488218,-0.9342182983195324,0.059592315838906895,-0.25030504443456136,-1.1262307732501613,-0.07015451343348102,-0.2996077457603721,-0.9816495912964953,-0.18432892849630375,-0.29640015514559415,-0.797568771497023,-0.24251359663375088,-0.005045341386731715,-0.9999649619509977,0.006679775492555437,-0.10919647709275573,-1.381405810156866,-0.06845027497266848,-0.19159422657999337,-1.6362449773976413,-0.14897743989790524,-0.2552046932331989,-1.862039774087815,-0.2058400772506165,0.1387807810796869,-0.9528222297381762,-0.07384277631827829,0.10506789278296562,-1.3583555480731377,-0.1739630420740049,0.05915660422266231,-1.625628718615754,-0.2545104927503505,0.01853685163252611,-1.865583469736193,-0.3032166841360139,0.2777609185763621,-0.8249825148257884,-0.15890548361099213,0.3935020291174973,-1.122778635625642,-0.22563127675210495,0.4609188617394575,-1.3324627506317142,-0.2584652286144523,0.5040142114888418,-1.5422313626315276,-0.2818051988797159
F,0.0,0.0,0.0,-0.21664074470947678,-0.2072111236895587,-0.026670692140621028,-0.3399262102070941,-0.5483790524273379,-0.04688833304593185,-0.3975444832188389,-0.7757306179051734,-0.08688617280559842,-0.3956306711257816,-0.8819067949915693,-0.12217395891445391,-0.09797663562545463,-0.9394313856918187,0.05701137314236684,-0.21748514069615837,-1.1459496482420355,-0.0710337720995863,-0.2911194375315034,-0.9990918418081095,-0.18488229942963075,-0.3043310397112288,-0.8117174055667538,-0.24293777557961477,0.018001837790656987,-0.9998271509619171,0.004647798998961739,-0.08058321937547146,-1.381505319483443,-0.0662094183264902,-0.16274454638551134,-1.6342038267604078,-0.1416305112707472,-0.22417047475936125,-1.8544940737458355,-0.19537441878474981,0.15912049009672655,-0.9482708423815858,-0.0736906098705862,0.12917729554847107,-1.3494878776046608,-0.16450022060739497,0.0810467243076202,-1.6158532762487643,-0.23857140678517338,0.042070774853187,-1.8559130013261578,-0.2846761550937202,0.29450797580454346,-0.8179570354780676,-0.15648296598276765,0.4096824473122553,-1.1086672832787277,-0.21812089195036838,0.47719076537179106,-1.3144026538202116,-0.24778597783395634,0.5240273568168353,-1.5211421709404522,-0.26902384913600474
F,0.0,0.0,0.0,-0.21666214886180446,-0.20582679596125558,-0.0265232093785443,-0.3387751153695729,-0.5481270527270508,-0.044547607325428805,-0.3959156569038729,-0.7768416377947784,-0.08226472920424342,-0.39760349242697085,-0.8871067542206356,-0.1154548373183853,-0.09871529978845958,-0.9367497359818353,0.06307190942152277,-0.21956695428333442,-1.1416695032181203,-0.06415756013728964,-0.28884067776651584,-0.9958245463249749,-0.17986017087659797,-0.29904820983417685,-0.8054054443662142,-0.23904826057928424,0.017435863759605937,-0.9997663448274164,0.012776791670200401,-0.0808473555784738,-1.3760680442367765,-0.053303154870424786,-0.16065839851769015,-1.6215335151322745,-0.12746028052256944,-0.22194124202851875,-1.8348816863245252,-0.18099304952727235,0.16104398212170365,-0.9485705952114658,-0.06385910141674184,0.1300262761315491,-1.3519597696166592,-0.1508504907354183,0.0811129546374737,-1.6160953120254333,-0.22321653801931685,0.04245275480188679,-1.8549688909894935,-0.26863375029441333,0.29841562590971,-0.8160042303850065,-0.14526274639921188,0.4138446140488467,-1.1045849794396403,-0.20553195865925442,0.48165901699777935,-1.3057770604806536,-0.23421142613602633,0.5310890205212329,-1.5081298615766898,-0.2545514148755081
F,0.0,0.0,0.0,-0.20480941097663238,-0.21681497247915305,-0.02870762977969952,-0.32926005582459217,-0.5448307446704658,-0.056720844157905424,-0.3966161624301195,-0.7733131101660943,-0.1041683763654666,-0.374391042513697,-0.9054230275188521,-0.14706468326410901,-0.08876957573560805,-0.9403397940748917,0.04070642216713649,-0.18416743947703493,-1.1567866572754808,-0.09627739636120052,-0.2622184435900952,-1.0328675195195207,-0.22021526161868285,-0.28201209263499455,-0.8623932345868969,-0.28596196358913945,0.033369593510070426,-0.9993948739793856,-0.009816113930703821,-0.048696029891338054,-1.3822687928913133,-0.08487643868202735,-0.12577384219795534,-1.6434714544778555,-0.16192554322294958,-0.18439744975134567,-1.8770474682883416,-0.2169287664290199,0.18519354989351106,-0.9411920622154256,-0.0853052491458116,0.17508818426968073,-1.3561208489070167,-0.1806417008983198,0.12833760959456136,-1.6189551676362477,-0.2531907217311105,0.08650985824752583,-1.85363736607576,-0.2968291076908428,0.3283924691390487,-0.7964348291639117,-0.16494699567031107,0.4650807746563412,-1.0875226955187585,-0.2338369441259138,0.537747774396862,-1.293286498269322,-0.26445591590389655,0.5891730583907432,-1.4980501857100923,-0.2840836140445253
F,0.0,0.0,0.0,-0.2086999124887976,-0.2727078366260892,0.01641872319247503,-0.28467418771751657,-0.6335874975909335,0.012286784438780242,-0.3124390700805359,-0.8426026392537912,-0.018022203820813893,-0.34449201287615616,-0.9266043613327049,-0.045254945621641875,-0.020644477690786936,-0.986027644488743,0.07644491654837042,-0.13971235600318355,-1.181894381828006,-0.025486865558519055,-0.23117779720761825,-0.9979272649567236,-0.11333455417903854,-0.25326316206394195,-0.8177628948929743,-0.1616682314266439,0.08521680359945362,-0.9963441539371739,-0.006035171870727149,-0.006708786819860118,-1.3841025505348212,-0.08273074859972845,-0.07920363297552395,-1.6484446812076883,-0.15494979731336883,-0.12248956405135807,-1.894830769458633,-0.20808342431411278,0.19181122301867384,-0.901369400922585,-0.11075746299967489,0.1921430786780373,-1.3240479103017273,-0.22193674106106254,0.14524380791778674,-1.6039743377362314,-0.3134517527833355,0.11699338724746583,-1.8611673044109363,-0.3740215332080377,0.2901501431203643,-0.740266172847839,-0.21251917118753652,0.45119113421634005,-1.0052642633023658,-0.30060807373936954,0.5462469975173407,-1.2129744505511526,-0.35674307623278145,0.6207680280576624,-1.4276605717958206,-0.40239274866432023
F,0.0,0.0,0.0,-0.2977814472277253,-0.11250599630249151,-0.06406278911871507,-0.5343611891281235,-0.4594887707757863,-0.08952934415659182,-0.5779499324123863,-0.8190144367084577,-0.13218233405501606,-0.4024308066987926,-0.9289375878918666,-0.16654885142144302,-0.3218241066430866,-0.8713565018357146,0.07285215089182515,-0.4191811858448212,-1.1348104931059808,-0.05883211958592411,-0.429321995681109,-1.0621892600921607,-0.17110552358640727,-0.4024312524780676,-0.9325330206340069,-0.22574580376568873,-0.1772380505978158,-0.983216563968798,0.04326501771265952,-0.2822475997230458,-1.4022245645652995,-0.012320688914462048,-0.351076811334471,-1.654711048333876,-0.06628822373880229,-0.4011384925807014,-1.8728682930278937,-0.09918454712582908,0.0024466595505842357,-0.9945681103158605,-0.02034502407820827,-0.08128004965052385,-1.386426147060935,-0.08929556775338438,-0.1380765641827571,-1.6313105339640859,-0.13578854908336935,-0.19226170372231066,-1.846683329861923,-0.1590183857132616,0.2016404538880648,-0.9197139689137964,-0.0965184527271488,0.21677822650694784,-1.2077433258329937,-0.13393389834052616,0.22499995656455926,-1.3789747235904437,-0.1389343577043093,0.2226157061124686,-1.5342004164806757,-0.13965100361120703
F,0.0,0.0,0.0,-0.2974576388886316,-0.1266357908775847,-0.06613685683440397,-0.5230210107956429,-0.48565251913095103,-0.09036191581217069,-0.5646839352373706,-0.8478363696380634,-0.13248265260888706,-0.38586767357564716,-0.9654775683859181,-0.16481468778490244,-0.30378201970303637,-0.8798683841493397,0.08574447426827228,-0.40258860609725855,-1.1463559994824288,-0.04254201592215438,-0.41794462268876564,-1.0762825702447265,-0.15146911103776922,-0.39664978608597784,-0.9532159019124906,-0.20135146462872786,-0.16287258815539224,-0.9847933097690317,0.060453759698798216,-0.26479347124704844,-1.4114510805447693,0.019288277053973384,-0.32486007425108304,-1.6646210662611394,-0.019385063047346378,-0.36770686105646794,-1.8850830456999828,-0.039813708139523576,0.016779237907416377,-0.9907709269731225,-0.0012231408626948383,-0.06223332758554746,-1.3803692684675708,-0.0529289745028549,-0.11389540649965302,-1.6287802414624926,-0.0843130608246715,-0.16269372652074232,-1.8429133466267469,-0.09729139309876085,0.2142372219246204,-0.9122015700895486,-0.07778126161417168,0.2318533393922003,-1.187356302941869,-0.09743432760129762,0.24299142162639306,-1.3491715031983014,-0.08964800362582902,0.2470427691671217,-1.4904713177990234,-0.08101982714493207
F,0.0,0.0,0.0,-0.27492403876124033,-0.1558319442673013,-0.04827322956915442,-0.4740042188506905,-0.5282503847957841,-0.06634732859630954,-0.5045066723146641,-0.8522892608703183,-0.10257746051413433,-0.3445947216912535,-0.9052459620414628,-0.13312505919474563,-0.23392078553540854,-0.9106958668004645,0.06581619785741076,-0.3209935578143077,-1.160148343972971,-0.06061632725448251,-0.34378217359153596,-1.0934488624513832,-0.17215564871884845,-0.33473718040170336,-0.9673782031300441,-0.23051469458109525,-0.08004156764198131,-0.9964002145911377,0.027927760600321438,-0.1638348797879186,-1.4032767797096222,-0.035753222643989224,-0.2143267745181994,-1.6655709489732455,-0.10099408794371845,-0.24506168538100376,-1.8827241654236961,-0.14441032371794355,0.09474091861098298,-0.9761696829972388,-0.03950726684962353,0.04515695531526603,-1.3626189489138467,-0.11438502380734451,0.010813901348870347,-1.6103924267219718,-0.16897040068497116,-0.02288484134902688,-1.8313516066801818,-0.19942399124575977,0.2774903347548544,-0.8706512897855718,-0.11684951440935107,0.3280274997213205,-1.1532371581017538,-0.1594071290905782,0.36239855806637966,-1.3293482731469486,-0.17088473947775432,0.38201573059977667,-1.4964878801763977,-0.17797361102599898
F,0.0,0.0,0.0,-0.24397305231475344,-0.20856922791092494,-0.0367172628999281,-0.3851872814062832,-0.5883592846681749,-0.058334176554733566,-0.4303570316673699,-0.8619133550376012,-0.09978265541594779,-0.3361024266957661,-0.8975310002568831,-0.13897676533822037,-0.1586161123746502,-0.9377151000397227,0.05775341593642493,-0.23972753496745458,-1.163712372354734,-0.07750910663709572,-0.27017166402092335,-1.0725472515740466,-0.19783185888607616,-0.2639076204976817,-0.9217541383405108,-0.25956815187337884,-0.0034429683135736478,-0.9999130621395823,0.012728477200182858,-0.039560558734306084,-1.3976452190282442,-0.05089540278459637,-0.07274686764838822,-1.65708320170925,-0.11778140364393955,-0.0946585573984865,-1.875044375043468,-0.1638118831088522,0.16998363441702477,-0.9488514978480521,-0.06014255116693317,0.16337826036275574,-1.3506912597179763,-0.13683934253229726,0.14950936436850104,-1.6090341831938273,-0.19696083002832657,0.13219626410220187,-1.8424606988804544,-0.2323550500048713,0.3355886799580581,-0.8085743312704894,-0.14046146045130414,0.4345185038386523,-1.100027346221388,-0.18727916821473067,0.49881635938045105,-1.2879927344374307,-0.2022694132807801,0.5446195383578377,-1.4700818611004542,-0.21200876603091545
F,0.0,0.0,0.0,-0.2145873760167386,-0.2515190383427861,-0.03674797561949261,-0.3286140614280985,-0.6399580056687355,-0.060838184183507824,-0.3766908634245423,-0.9020027111899621,-0.10547058912212269,-0.3335335231896658,-0.9496822831574202,-0.14596657199380822,-0.06646844916184651,-0.9587073494159732,0.055859279907152615,-0.17115331605777398,-1.2021154664500278,-0.08462438925309984,-0.2238348910915236,-1.07179347666,-0.20589581525966208,-0.23198605128630828,-0.8822458308444197,-0.26639093075771636,0.08274270550780966,-0.9965385056102536,0.008040616974492374,0.036243474197908784,-1.3968382457185586,-0.06979754627379245,0.003479115994128503,-1.6661419431071314,-0.1515789680085358,-0.01143403423693122,-1.8929580197720342,-0.20780415732780863,0.24277131086810666,-0.918199791416008,-0.06738804306664145,0.2474561489709951,-1.3267368442059038,-0.1593733692078075,0.23408631478501765,-1.593165318421037,-0.23015153203672833,0.22604245828637454,-1.8358515085686467,-0.27106890761464963,0.39055512002581816,-0.7581354869414177,-0.14894604225569869,0.5136576345981365,-1.0457727430521935,-0.2050208774295847,0.594756736375624,-1.234926666844239,-0.22680337298137646,0.6588050744829544,-1.4260707646698179,-0.24081566225384382
F,0.0,0.0,0.0,-0.2022799495720841,-0.26395120098652386,-0.04184196912982827,-0.3135077503229146,-0.6381179491316671,-0.07190560084001207,-0.36580690127239046,-0.8904634587496156,-0.12046716787786726,-0.34975297952729734,-0.9854906701612028,-0.1645190861966929,-0.05395019135272627,-0.9613271840249477,0.04363381132882807,-0.17701233660346183,-1.1977563757642251,-0.09953842832081265,-0.25150278893302064,-1.064298340802842,-0.22278979176249153,-0.27272674337191033,-0.869124147776001,-0.2848100739421537,0.09068506784825389,-0.9958744062369419,-0.003222649775591804,0.04125994256392473,-1.3995569777357646,-0.08524685444782766,0.0004923252107010094,-1.6727864490058826,-0.16997875906478713,-0.021056275475914554,-1.9042683903590507,-0.2294958430647582,0.246942291928958,-0.911912152437407,-0.07769777346991501,0.2594211910666385,-1.3242985804750371,-0.17623650345905642,0.24836962305236693,-1.5964969497191448,-0.2503753243515162,0.24598977654222937,-1.8399568132591884,-0.29426758459142177,0.39012714869958426,-0.7464152819128606,-0.15776068671694948,0.5252360180704059,-1.0307306191669494,-0.2219636535794303,0.6136024195706888,-1.2236462960389258,-0.24861402576038805,0.684654217196385,-1.4196642397197548,-0.26620399186317767
F,0.0,0.0,0.0,-0.19119751099873622,-0.2741346474625765,-0.03687351974593126,-0.29506441277795026,-0.647386292188573,-0.06724484987914837,-0.3499767347557504,-0.8969126642272918,-0.11688852714758276,-0.3191401396886133,-0.9875779465570271,-0.1625823755864275,-0.017839640497581466,-0.9659890553719523,0.04101102465229797,-0.11863174108591028,-1.2151638236425981,-0.10665749379452336,-0.20020822344548253,-1.0783681269416898,-0.2327779293965905,-0.22913020480002647,-0.8868055777622499,-0.2958630448114622,0.12064375429007707,-0.9926548950553034,-0.009019083852598217,0.07929557099009116,-1.4028588363295842,-0.09183495473514114,0.03603172441402533,-1.674646554879361,-0.1758124906845724,0.00935370979422764,-1.9153081037959965,-0.23425951945362336,0.27627449749943367,-0.9026004586748768,-0.08593291158104426,0.2956515385924578,-1.3177672608964206,-0.18875568136451745,0.2821589801444423,-1.596879987976818,-0.2671776088277524,0.2759161765250453,-1.8495679601067792,-0.31300603754469014,0.41658749135725576,-0.7305688165956236,-0.16742700320690387,0.5651420775387082,-1.0123134290754832,-0.23634744233697186,0.6610646233737494,-1.2079484944963463,-0.26545863374909595,0.7408417340915775,-1.4079659072999313,-0.28401696284425343
F,0.0,0.0,0.0,-0.19072062900872186,-0.2829076382831771,-0.049196224799034786,-0.29672516056986514,-0.6548011001336441,-0.08728158708255139,-0.3519935599907229,-0.9093173302899112,-0.1425108587881642,-0.29781904687082905,-0.9876866060619416,-0.19367468959451617,-0.013499008955571332,-0.9683876129734356,0.026515575825465213,-0.10451271481202029,-1.2115569113165374,-0.1281823528301869,-0.18765884568785438,-1.0778199647273463,-0.2591428289559966,-0.22275318522258233,-0.8909124134153423,-0.32570474901057256,0.13415029578613763,-0.9907819726849626,-0.0188356243057103,0.10568475093560567,-1.3940806800109502,-0.1068003831476721,0.07126334473836969,-1.6652810524339559,-0.1924698622277903,0.05049682471047437,-1.909395752415041,-0.25220922356160974,0.2944110809573221,-0.8933367476425027,-0.09205281196687067,0.325682415655702,-1.3004970066768071,-0.20019720316014367,0.3209233026737907,-1.578182124651501,-0.279628643269665,0.32007421541179515,-1.8323765676327308,-0.3254571513630914,0.43595984157260886,-0.7101584213797009,-0.17063893369520028,0.5934665847514651,-0.9847031837794324,-0.24323878561121634,0.6951414049236415,-1.1765436786247463,-0.27275729371370433,0.7796758568375594,-1.3748507544683826,-0.2912836332349747
F,0.0,0.0,0.0,-0.18021670699679937,-0.25193832759862833,-0.02184986713157373,-0.26289702536064324,-0.5959843310531328,-0.05141306474740767,-0.3041700716111685,-0.8282678128508655,-0.10190376883610487,-0.31351785808274235,-0.964487371767963,-0.1490551681779426,-0.003337763183923676,-0.9658368641250294,0.041911466260268024,-0.09284611903816009,-1.1756720750551692,-0.10824599736660144,-0.18527308366047135,-1.043982839944269,-0.24217523958988404,-0.22562804912192025,-0.8765390901633191,-0.3105219739117548,0.13046492645521138,-0.9913170721837742,-0.0164123539453109,0.09819887765934743,-1.392295337028552,-0.09881269339758264,0.0573930097486345,-1.6597740255785418,-0.17758896438100694,0.029346837217028045,-1.9062522942405162,-0.23106832573199643,0.2774336059263993,-0.9015931110140029,-0.1000424085122846,0.312424962172962,-1.3184029948761886,-0.19588931951894245,0.29575402963925473,-1.5840098555446636,-0.2628213574530933,0.2772167949893423,-1.8239752562758136,-0.3007702791131636,0.4066746255997626,-0.7178364982914084,-0.18811650174618214,0.5742696808817355,-1.0012132155109814,-0.24799708545162702,0.6693136479546772,-1.1961139907730733,-0.26653602806536236,0.7424482569804031,-1.3916302358221955,-0.27692084998285943
F,0.0,0.0,0.0,-0.16974818926604368,-0.2404270592189097,-0.024720619092554148,-0.25355503421767306,-0.577716389723484,-0.055710027859870156,-0.2991381445762457,-0.7882435952007925,-0.10439930562232505,-0.3089457436601276,-0.9145463107106042,-0.15038583312518575,0.02917044554487515,-0.9634088167923606,0.020610085944314127,-0.07012024523445942,-1.170565842676839,-0.12955881490477986,-0.18568418974473014,-1.0391547207828058,-0.26375071976493714,-0.24500527211819914,-0.8780123717732962,-0.3349485332577655,0.15386924733177854,-0.9873281115532249,-0.038825956038386025,0.11109651538279584,-1.3986089428653932,-0.1266786084053891,0.053313856856507656,-1.6694424219754314,-0.20938973567762545,0.007599766746479909,-1.9175552279123975,-0.2661083798008131,0.2883760403575083,-0.890971916223407,-0.12153413602111779,0.3212092130837928,-1.320552265864621,-0.2236774353956256,0.29833148185545777,-1.5932447554889495,-0.29837052590857194,0.2744606182302364,-1.8414993254383436,-0.3427531519433663,0.3981533465070856,-0.698897365580962,-0.20762996487397176,0.5677499678870892,-0.9766299285904371,-0.28035924146371655,0.6627196994107108,-1.1796481511909118,-0.30991836157793584,0.7357889498276325,-1.3874557621282768,-0.3285178784395058
F,0.0,0.0,0.0,-0.15948884409747044,-0.27893942408947003,-0.01163419559667355,-0.23238155122424276,-0.6398502291806968,-0.035046261711517646,-0.2780578504138153,-0.8350655476497234,-0.08045803668473067,-0.33929168882878524,-0.9187062714091848,-0.12269193232528317,0.026904673479664916,-0.9866478962838091,0.030588326829105086,-0.08755730242274473,-1.2080286322332037,-0.09811005956271168,-0.20072240613054065,-1.0426208130313912,-0.20732549243114715,-0.2557714897592886,-0.8730241923406123,-0.2652815946285221,0.12000535362387384,-0.9919735336455727,-0.039839975506080164,0.05314295533627743,-1.4003817735719097,-0.12905454867490945,-0.012329808436362843,-1.6695216496973604,-0.2087912602703067,-0.059079743838192866,-1.9215609484086735,-0.26284757861673824,0.22074182243962037,-0.8863577099285456,-0.1322629618765489,0.24259526068184414,-1.3159127268252844,-0.24375237443495174,0.20624778095020194,-1.5882758803903763,-0.32837411421450036,0.176000063357849,-1.842807064967558,-0.37945966950710536,0.3104586203096831,-0.6970734948345493,-0.22558806240454848,0.47840011105997005,-0.9637120098826559,-0.3015252971064819,0.5714648801526878,-1.1658997574678398,-0.3394903375651167,0.6418806722477223,-1.3795242748078467,-0.3680834463536089
F,0.0,0.0,0.0,-0.1784886881387402,-0.2841966997958659,-0.01991480955368863,-0.26866953345635236,-0.6384309901924797,-0.05371723697135147,-0.32495956302046286,-0.8278985793306668,-0.1058339717236938,-0.3492845201700846,-0.9697929917256066,-0.1550175591797422,0.010792293968687815,-0.9989544621237517,-0.005893816771818664,-0.1244711050365538,-1.2172127432325013,-0.13836195661199335,-0.25944288371712027,-1.039019141512883,-0.24792586953365311,-0.3222956352425036,-0.8634365393722389,-0.30988746007328805,0.09358979604518318,-0.9925050908187131,-0.07857858980128789,0.012689559126299696,-1.4158884338207185,-0.17997841585279326,-0.07342911717785647,-1.683729102313137,-0.2707001241312318,-0.12945010287031036,-1.9321201096909706,-0.3341320647225917,0.1840644162867212,-0.8757303079840019,-0.17117287316929392,0.19546599345222468,-1.307787411821856,-0.3010650787282531,0.15253363613859736,-1.5910426454233804,-0.40327146847046924,0.12838095325080587,-1.8596489460756351,-0.4683561037849259,0.25657979602581077,-0.6822113228286125,-0.2624368144526476,0.423098654866224,-0.9389042821542009,-0.3657185834165497,0.5251217397352285,-1.1404192661637411,-0.4227319025813081,0.6094083509286644,-1.3601215034833944,-0.4652401785554544
F,0.0,0.0,0.0,-0.19619185211427304,-0.23613991450113403,-0.04254363380998754,-0.31042848549185914,-0.5826272705803174,-0.08117396883962356,-0.371295032162308,-0.8055456437512081,-0.1372425009028847,-0.3745265506509856,-0.9080519728301915,-0.1870807567402189,-0.07225816837122266,-0.9669212634021567,0.020615825679524146,-0.1920213604038323,-1.1862017167876853,-0.1258343393554332,-0.28402532122227686,-1.012272476025732,-0.24890772831236446,-0.31390949392368883,-0.8253612042789614,-0.31085659354245004,0.04436955880082296,-0.9984929682583392,-0.03229759419014974,-0.03130938400166837,-1.4026356681289505,-0.11956886722681159,-0.098219913648528,-1.6706018563318334,-0.20129161479861143,-0.14306118664901069,-1.919500775629317,-0.25696549609599273,0.18140119724870526,-0.9092785723149885,-0.1116764867720166,0.17639429050384708,-1.3209610364747586,-0.22101381708067278,0.13935055836592994,-1.5970635372415871,-0.3036972791407105,0.11243950385493086,-1.8521919531089253,-0.3516457711760503,0.30826558589183267,-0.7383118464208642,-0.19520844853559313,0.45249768230618687,-1.022394461226515,-0.26547069736159895,0.5356977667556516,-1.2259698791048232,-0.2963634554340911,0.5982137092609893,-1.4374781861398571,-0.31708003107082805
F,0.0,0.0,0.0,-0.1939532535852049,-0.2432246979752529,-0.032324967165968166,-0.30177355809681644,-0.5873768959064729,-0.06710418782737815,-0.35854123268017385,-0.8040877148991996,-0.121380070455742,-0.3552810592788406,-0.8962364958120764,-0.17058420798321045,-0.054271458315114735,-0.9739719991636754,0.031744229259626354,-0.17519240229526034,-1.1858912042616407,-0.11077009344753641,-0.27084695833723293,-1.0172804169674656,-0.23285742524535116,-0.3063769596122623,-0.8357424805853153,-0.29558905204961866,0.05421054273942058,-0.9982015881355113,-0.02558918716255739,-0.02116036077593473,-1.3977927782233706,-0.10787320960833867,-0.09279469758886967,-1.658135193747087,-0.18663841539393985,-0.14518253346424922,-1.8983699154838178,-0.2410463387035185,0.18322567689830754,-0.9060688515566089,-0.1087549427314833,0.18019294515441414,-1.3149113632943548,-0.2139564945780144,0.14337278548534138,-1.5876361257963651,-0.29519475372662873,0.1150771038748409,-1.841624279820755,-0.3431191131915125,0.30122205615536546,-0.7324353061716231,-0.19563022875735822,0.44904308915727903,-1.0092887518459346,-0.2663692785111674,0.5296274315018336,-1.2154408122812204,-0.29908213276062473,0.5892404188508995,-1.4336240074609858,-0.32144346042017075
F,0.0,0.0,0.0,-0.20571050435649862,-0.22302055630318454,-0.06768870252762904,-0.33835089889560865,-0.5480192794945824,-0.12455251124278524,-0.4070543164555917,-0.780057056164752,-0.19568429507601273,-0.35859503339012894,-0.8524363960887396,-0.25759066520131835,-0.1230733812179592,-0.9552749671364361,0.01217376048321096,-0.23081312505482232,-1.1690919876760006,-0.1508872152139781,-0.2926936180417064,-1.0055575405434407,-0.28462006340880514,-0.2993701763872377,-0.8268306040575385,-0.3508981087446173,0.005595107820159615,-0.9995742328748286,-0.02863647571156187,-0.06835824647393064,-1.3813080474038004,-0.12384345626397064,-0.12903667152990805,-1.6366873451072228,-0.2062556193867613,-0.17196440615983005,-1.88031645444931,-0.2603597114870049,0.15739408020397452,-0.9253899090807776,-0.10016834469876068,0.1411112437222991,-1.3224167274677043,-0.21254414897235854,0.10725197047064977,-1.5888934252901654,-0.2895816304449984,0.078770009355123,-1.8356774069131976,-0.33059704454556965,0.3006285324407274,-0.7675208871494764,-0.1792091123274256,0.4232743634509815,-1.0652701709125454,-0.2456456070174238,0.4954992104427731,-1.2657239805384564,-0.27223334021443013,0.5473094332313697,-1.4684202473762085,-0.2880321886633637
F,0.0,0.0,0.0,-0.19972975426664208,-0.24014058889314085,-0.05669935148879655,-0.32426890092193317,-0.5662862237154939,-0.10662057320803515,-0.3834791503290629,-0.7957355177541809,-0.17294589413177858,-0.3462911142906339,-0.8731908643685312,-0.23291327805257428,-0.11198152317909911,-0.9556534718678545,0.023833837324839267,-0.21965698086472202,-1.1786896744770277,-0.1330440367217896,-0.28148893052946267,-1.020372585387649,-0.2635737430974802,-0.28976792061052126,-0.8307342315615437,-0.3275869530521597,0.01567774518206323,-0.9996935989033214,-0.01915506767754579,-0.05730427753355447,-1.3841755257175747,-0.10675336950228567,-0.12274634293663486,-1.6355386806362102,-0.18804406099156565,-0.16986978622941273,-1.8699334918400892,-0.24265524171688493,0.1676101208746962,-0.9312860290759385,-0.09153239240599122,0.15428930030511043,-1.33231338092266,-0.1971296966540673,0.11970679764501825,-1.602671415071874,-0.274340863195551,0.09108247794975796,-1.8496403606073737,-0.31723118543817336,0.3105253336581362,-0.7792332617291363,-0.17056447196752866,0.43384560080900325,-1.0727764926263252,-0.23578444701643145,0.5063925796828768,-1.2772503660195418,-0.2620781777735638,0.5590049364713429,-1.483724890722934,-0.27800251086157707
F,0.0,0.0,0.0,-0.2326663445767858,-0.14993232490817374,-0.05241615878550499,-0.41264162857323866,-0.5014269157010698,-0.08315773465721388,-0.46619395219794857,-0.7720148881383512,-0.12994972361893467,-0.34949388152285477,-0.8062157541123215,-0.16643388276364712,-0.2225504201364506,-0.9240437281424867,0.04737610570868886,-0.3028388353227432,-1.1423057245064714,-0.0922998376056903,-0.3079210787956936,-1.001582301757263,-0.2116284775681345,-0.27704117914035814,-0.8439101523202894,-0.27318627664343076,-0.0748925354295197,-0.9971496745514623,0.009145199770979657,-0.15944958661011904,-1.359279701410447,-0.06746158978612468,-0.21582752250687975,-1.5985350463179266,-0.13573348505216473,-0.2619615729978761,-1.8191897973067308,-0.17978291372636365,0.09304295739507468,-0.9610005369195724,-0.05912632833902033,0.04538508308767255,-1.3457885591596905,-0.1495431383883422,0.010175864918342312,-1.5959037665172138,-0.2118641170263797,-0.020918319884641587,-1.8236887960184403,-0.24385172001324915,0.26172106904416675,-0.842276836131403,-0.13622997277353913,0.33531494908291665,-1.1404488064243867,-0.18681765437236134,0.3795800439267814,-1.3315065653751734,-0.2070222538335251,0.41272391275075043,-1.5197967562031764,-0.21868150129666045
F,0.0,0.0,0.0,-0.2416352034529533,-0.16603033516540597,-0.05105464329086379,-0.41616913458547344,-0.4903925498376383,-0.08561882155941626,-0.4848077450547774,-0.7580441803983272,-0.13724133237372116,-0.369196874189014,-0.8632262111190696,-0.1802887543582164,-0.24159251362133494,-0.9099707363901633,0.05386639016085648,-0.3229691647928275,-1.1514225752514016,-0.0899002209075158,-0.3244878471491407,-1.0418940810051374,-0.2154488517932614,-0.29053388451874235,-0.8867167111425831,-0.27849566155749544,-0.09672364563829487,-0.9951677073159916,0.01690475346966967,-0.1827638247736874,-1.377687590549508,-0.05558348399565678,-0.24195201578602663,-1.6222861237905684,-0.12885899905823162,-0.2888345266939656,-1.8362350386316748,-0.17755112184426092,0.076628583895372,-0.9776512626660009,-0.04969342695838798,0.02150273373000798,-1.3643498753622236,-0.1333694150669964,-0.01623003531453021,-1.615653401290619,-0.19396500495234048,-0.05160309870583278,-1.8393002189629344,-0.22603418630625755,0.2522997620579932,-0.8756992051107771,-0.12493650312472476,0.3097031315472173,-1.1805493095399617,-0.1695174606697429,0.3447027429469608,-1.3710710027890678,-0.18105080566839996,0.36704683611429767,-1.5500524916743477,-0.18623772525390833
F,0.0,0.0,0.0,-0.23567363882961959,-0.1696162139435483,-0.056077079058945906,-0.4065745805959678,-0.49182433642109685,-0.09357476738080305,-0.477542309431923,-0.7603074619198111,-0.14697082052420377,-0.3544077651974878,-0.8827514723117079,-0.1905427950086061,-0.22878066892803897,-0.9153323516394869,0.04925565711104825,-0.31004069236063914,-1.1625419527551093,-0.09594186724581247,-0.3093315636625871,-1.0521844301678858,-0.2214013363618804,-0.27361395938661365,-0.8954398949414719,-0.2836428192358008,-0.08574727338464286,-0.9961972554273253,0.015441288358291071,-0.17215487448906655,-1.375564028542798,-0.058457183753617484,-0.23090906469760775,-1.619379774038507,-0.13106223799783465,-0.2742164831890283,-1.8334802673063726,-0.17884196114170237,0.08451488040405804,-0.9777525049916126,-0.04828169598125715,0.030096572975300908,-1.3631749746728428,-0.13216594995058567,-0.008785354043475415,-1.6136728361881534,-0.1903219495470242,-0.045177421495004776,-1.8403784538642511,-0.22072998635217966,0.2581384960598542,-0.8748591761705966,-0.12117694776695291,0.31624767195903764,-1.1772722756274372,-0.16519920593297757,0.34974769247067067,-1.3675116147091861,-0.17486684800775038,0.36958646809258733,-1.548588654260123,-0.1785007329220832
F,0.0,0.0,0.0,-0.23836708850937927,-0.17364037666916532,-0.05417914809458163,-0.4054329175941803,-0.5004666657513275,-0.08903283520528554,-0.475785808260329,-0.7672038750374758,-0.14105275541301426,-0.35660314289989914,-0.889043395893167,-0.1833480036008327,-0.2313746057784273,-0.9124578086079044,0.06081689922778754,-0.3105976321313171,-1.161164292893761,-0.0806055209746194,-0.3228821464610501,-1.0697276496814287,-0.20487363069915676,-0.29968168172041215,-0.9250775583195888,-0.2667523903207647,-0.08936220164656379,-0.9956371983973281,0.026850811615264265,-0.17156869734249888,-1.3738504259487072,-0.0408289587803033,-0.2289601576904397,-1.6150189271330306,-0.10949710331766155,-0.27139049401859444,-1.8205464245898153,-0.1546369032403427,0.08227923465896027,-0.9797844570770309,-0.03764044288329579,0.026898014743715254,-1.357426235951111,-0.11301211535340035,-0.01497485151108197,-1.6030419420900117,-0.1654914566093846,-0.05526286215492557,-1.8219581798836963,-0.19332548327675772,0.2566284186225988,-0.879745699075088,-0.1121968886123033,0.3106178048471848,-1.172824457482177,-0.15030311749738698,0.3410272114193307,-1.357021274957882,-0.15642517055730504,0.3580561643718831,-1.5300198077047493,-0.15780791187758586
F,0.0,0.0,0.0,-0.23354596393644758,-0.17776156160011813,-0.05183869514799397,-0.40385323874649404,-0.5060992268843884,-0.08694523999555383,-0.4707005422933399,-0.7766518017578323,-0.13881292220114286,-0.344022985523108,-0.8862544348035614,-0.1814889229452267,-0.22080365610837152,-0.918929948905393,0.05210994968399958,-0.30536785554754825,-1.172129105489613,-0.08753285297807847,-0.31743662849046134,-1.0748318813745177,-0.20921022972140357,-0.29550087751177745,-0.9282139449856813,-0.270261934787968,-0.07840297135233366,-0.9967788004662244,0.0168818548815088,-0.1609750063385399,-1.3785350989556657,-0.053294388347597664,-0.21942493922841813,-1.623870750524259,-0.12310974244343872,-0.2636941820595828,-1.83688398534217,-0.1695573085754387,0.09013906987884371,-0.9773744806885615,-0.047381769404950744,0.03826110236262577,-1.3586131168567912,-0.12571141967879604,-0.0015242935842393148,-1.609737657718425,-0.18087214187666215,-0.03968378762688811,-1.8351307354688131,-0.21045796976364575,0.2613558404234349,-0.8748935444087935,-0.12093328632207145,0.3167826726171211,-1.176062461450981,-0.16098629022794567,0.3483686822248475,-1.3665780614078105,-0.1689689149642099,0.3661589150192216,-1.5465109522975362,-0.17219329127763208
F,0.0,0.0,0.0,-0.24710719658802494,-0.16703152243837316,-0.05369623654125332,-0.4234013334671557,-0.5124441492535254,-0.08309185815020294,-0.47813851850046707,-0.8018941930601744,-0.1296128012810148,-0.33559824829199464,-0.9002594980862834,-0.16655841453945444,-0.23424463106062157,-0.9130869528958704,0.06657779066565712,-0.30982757507422315,-1.1745610481335877,-0.06270859700854071,-0.3212349964076794,-1.1017007113037072,-0.17739434321386316,-0.2992360962917615,-0.9729237576707738,-0.23511777324532085,-0.08917392972294991,-0.9954382086408123,0.0339231931830831,-0.1686338093748601,-1.387890886097246,-0.025941760062074517,-0.22493147075556788,-1.6349895170270599,-0.08847751044999654,-0.26558527194512965,-1.842949620185732,-0.12951763554616033,0.08258380064410294,-0.9791632884224394,-0.02892158611709343,0.027133291341337688,-1.3655673390542722,-0.09756565261001057,-0.013913512423975977,-1.6121278600697255,-0.1467390397947524,-0.052931018469697194,-1.827956156359161,-0.17318827639921203,0.25869407270143174,-0.8812515392390411,-0.10234571393437487,0.3071826524738834,-1.1737267021387134,-0.135346693171663,0.3332936621906822,-1.3555532365203473,-0.13982989295284698,0.34775181478329836,-1.524312477662479,-0.14117819964252062
F,0.0,0.0,0.0,-0.23741372939090122,-0.16624347984210805,-0.046901879903560886,-0.4094439608907446,-0.512607615017932,-0.07424247291567806,-0.46059303788318595,-0.7947797167460401,-0.11933716983935704,-0.3201440760668916,-0.8880579511767613,-0.1552608324860255,-0.21906293416715508,-0.9217494729364527,0.06461814542526369,-0.29494136958504635,-1.1807973332589896,-0.0631762547055339,-0.305370625220905,-1.0938235485740455,-0.17594599078233342,-0.2868656166741901,-0.9557155264509755,-0.2324369595261957,-0.07670683667440789,-0.9966585313318328,0.02806836530472901,-0.15462334997245383,-1.3826248839298751,-0.03222400084630323,-0.20999680963705766,-1.6265318458058249,-0.09613984784456579,-0.25099613737179327,-1.8363929072471583,-0.13852850777315043,0.09116444109729915,-0.9742364706554494,-0.03712470305702787,0.04094384803735259,-1.3514014498628815,-0.10595447401380514,0.002086812325576247,-1.5981619062654768,-0.15728199453899563,-0.0354975629723719,-1.8187134332248762,-0.18577809136993542,0.2628319466729151,-0.8710258527114804,-0.11193403448307628,0.31276856462528424,-1.1649486892503464,-0.14482071067083516,0.3413864764908655,-1.3481902040353302,-0.14955434932663156,0.3579654626556355,-1.5220088547771047,-0.15162574242780216
F,0.0,0.0,0.0,-0.2503590637077936,-0.15613504404493048,-0.05505232561809451,-0.4280676622383938,-0.5041106990652476,-0.08146806208963885,-0.4802405063672724,-0.8055380897887137,-0.12557181437114745,-0.32806144289184347,-0.8855914704654599,-0.15906607492570135,-0.24042859228480096,-0.9086977160126781,0.07833584593101789,-0.31680008094349044,-1.1620191577333543,-0.047132327802191495,-0.3208577191642494,-1.083393191858452,-0.16019177772905985,-0.2948790558932166,-0.9553592511692912,-0.21770059662789032,-0.09483329234092887,-0.9943872055762716,0.046911960628326504,-0.17625921961701932,-1.379151485450623,-0.009672839634566242,-0.2281097551330537,-1.6258257959150761,-0.07199209419912522,-0.2651304758498098,-1.8372490535007626,-0.11345840688324596,0.07637384496186432,-0.9813125841811945,-0.015615912893242594,0.018716957654600606,-1.3517244531102273,-0.07930433936289451,-0.01897581438909372,-1.5874017283503334,-0.1254878710705438,-0.05607496634009805,-1.7943512077438473,-0.1500615149391041,0.2540404508037415,-0.8874031309921724,-0.08987271675521143,0.2921566841894285,-1.1701896389921111,-0.11600104735468893,0.316041351321192,-1.3399020385452078,-0.11648358458342219,0.328896836521009,-1.4961771143216716,-0.11563395846231221
F,0.0,0.0,0.0,-0.2578985519661413,-0.12807087480565515,-0.05520172316033574,-0.4553357198084814,-0.48465572087139536,-0.07895050754161309,-0.48564532381030534,-0.7978442270522614,-0.1195126146611488,-0.3127085428539608,-0.8751017140812769,-0.15120769860818867,-0.26201925590591846,-0.9003247016479163,0.06779291558684761,-0.34862013582168627,-1.1549615600972278,-0.05950146488688595,-0.33760787343623533,-1.0692520647336063,-0.17309389563824742,-0.2983083784323795,-0.9382184512604461,-0.23096826857772806,-0.10948154865026072,-0.9933662628141552,0.035174684188765855,-0.19220705982408995,-1.3866677553885691,-0.01773011106296562,-0.23891508764927097,-1.6340316476825774,-0.076134927838997,-0.2712914931545349,-1.847181143870608,-0.11561906708689611,0.06778248993476271,-0.9810661171014944,-0.028693681841255352,0.010535418440786188,-1.3589226208189964,-0.08860978003403606,-0.02548400398330883,-1.6032107179161863,-0.13609537711339728,-0.060380111570290475,-1.8219260350976538,-0.16401286809021437,0.2528426235075937,-0.881523931961189,-0.10428943917382894,0.28889071052525056,-1.1539775214617738,-0.13011674381885538,0.3105688995598224,-1.3212003529220693,-0.13147826985923083,0.3226872780262496,-1.4763683738675424,-0.1327007515439241
F,0.0,0.0,0.0,-0.2782102391831167,-0.1490486597706478,-0.06885224153477063,-0.48099030053896963,-0.4827496904642617,-0.11225117243722325,-0.5010775631522283,-0.807037000623932,-0.17248225482029206,-0.29491992268375594,-0.912907302832234,-0.22233583290703024,-0.28554363597801,-0.8895815493257991,0.059004297873378055,-0.3841563385559635,-1.1537487793881032,-0.09753205176366363,-0.38369707702942957,-1.0546370154346743,-0.2302620235241898,-0.34911928937180275,-0.913223166601541,-0.2915393201423473,-0.11784591620341488,-0.9925864314117894,0.029740817261582748,-0.19887621162920338,-1.433969460197585,-0.02756148792807182,-0.24405013868752432,-1.7025830347428124,-0.08118032396386864,-0.2750962178812165,-1.9379130349773113,-0.11151253033624542,0.08158952132875105,-0.9836256348488157,-0.03469921269492833,0.017776420853162514,-1.3854788790607995,-0.09230713857970971,-0.025191698865942014,-1.647498691795816,-0.126596514646214,-0.06577537667966774,-1.8755457421777106,-0.13998501271616023,0.291191749997339,-0.8784700399066451,-0.11329778805083102,0.3162926950676053,-1.1585051570892146,-0.12811645059711502,0.33012124130813414,-1.3208067440537032,-0.11026909137200673,0.33831679916194657,-1.4590508010959735,-0.09299580905506584
F,0.0,0.0,0.0,-0.26999320367276397,-0.1395876902057832,-0.07491230522137615,-0.4721842177909057,-0.4823674394497171,-0.1141539273286354,-0.4852205307121183,-0.8022996487473634,-0.16752643169443687,-0.27791307376792873,-0.8969168356922326,-0.2069703900870389,-0.2946451481177233,-0.8896595835660978,0.05862283857158817,-0.3871848594868402,-1.158339360654254,-0.09526930510053658,-0.3551418775006123,-1.023956359881478,-0.22521001737955543,-0.29885623414111595,-0.8732301845629963,-0.28359277138706757,-0.121844864618074,-0.9918671111132329,0.03678943949142135,-0.19004016004787758,-1.417563889926527,-0.015749640987079296,-0.22276581972680715,-1.680057426183461,-0.06819667068975382,-0.24874397074161672,-1.9177508348754084,-0.09886431292710769,0.07520746302881928,-0.9800037258249429,-0.021131731073622092,0.017675528450229627,-1.3691296871209602,-0.07041790087798884,-0.018073649256328865,-1.6204089480995485,-0.10258829345285092,-0.05490847862064111,-1.8435222540073801,-0.11551089079334942,0.28169999369884186,-0.8744590044098592,-0.09429543787066359,0.30095021045730797,-1.1458055923426096,-0.09817596310487987,0.3095310808018516,-1.299380086650522,-0.07793264341881617,0.3146967831912709,-1.430202162927623,-0.060183882822137526
F,0.0,0.0,0.0,0.25857969636095646,-0.21084639488642354,-0.055781688391495686,0.44268015535590943,-0.480546155944545,-0.08610355265626607,0.5527991760946147,-0.707335184722421,-0.131757021029359,0.5342557000319367,-0.9026018349413142,-0.1723651517899289,0.27590245226149845,-0.90482488861227,0.036025805999129426,0.39415045694563744,-1.144823452520327,-0.09366455271586048,0.4155184684244336,-1.0622824820521306,-0.21581997553769222,0.39593939060574834,-0.9391969068475184,-0.27725305956415014,0.13451709600734812,-0.9909061720603046,-0.0031794739413620906,0.2239882709740116,-1.401346946695455,-0.07059880186343473,0.27105090091321943,-1.648645849864399,-0.1515376600343207,0.3034585618168379,-1.8578901643440866,-0.2095788498140791,-0.022693842974070556,-0.9845892870882075,-0.06852841475012443,0.03748586494209175,-1.3885180574610076,-0.1389619692041772,0.07686893842241062,-1.6405640129441206,-0.20163590272331638,0.1163064044663826,-1.8545866069884045,-0.2420199192834122,-0.18637402733571795,-0.8993678755751469,-0.14291951294667177,-0.1487399860288526,-1.2018654340675543,-0.19065165360429745,-0.12032012664469525,-1.3995894443854475,-0.2002191830910747,-0.08477892341549985,-1.5811238602039321,-0.20552884891835801
F,0.0,0.0,0.0,0.2757560336817619,-0.21624661851736485,-0.06704698730779503,0.4619707329689209,-0.4988055038587619,-0.09783112495529113,0.5797944778196108,-0.7474787963352246,-0.14027875214632957,0.5475822817823706,-0.9681222122506701,-0.17821250918696124,0.2708347674091587,-0.9006158193428164,0.03306374072541689,0.3895617286772936,-1.1336036548939246,-0.09314281826940739,0.42156253817425376,-1.0585721996303197,-0.21168991975938417,0.4115045683129071,-0.9386843712801622,-0.2711104843532701,0.12847440717999295,-0.9917103064816862,0.0022348865182291572,0.2303374555455686,-1.3990576061690843,-0.061028487111459064,0.28334260387096816,-1.6525289360525104,-0.13863648233313966,0.320996484279474,-1.8637999226212543,-0.1950529302545159,-0.028585792248138155,-0.9902462708063422,-0.05640153502244369,0.04913836296880795,-1.4021509065351199,-0.12676497745422713,0.09789893778897608,-1.6631581719095005,-0.18901490238705154,0.1459343171308156,-1.8789699716180894,-0.22893175405978922,-0.1940339758895935,-0.9116678282803669,-0.12445638166188647,-0.14266161003392197,-1.214939289988909,-0.1739087730342989,-0.10524811119290559,-1.4111875478828892,-0.1844259862838676,-0.06348631766476542,-1.5879768379390709,-0.19069397563091806
F,0.0,0.0,0.0,0.27515106765157127,-0.21212957573925223,-0.07408536538731192,0.4652720685329671,-0.4991388406406235,-0.10701081595629572,0.5859215841348724,-0.7606027556082727,-0.1510626174972322,0.5389475509003686,-0.9861760205918456,-0.18888288047457152,0.27505431070828507,-0.8977022517741167,0.04745920950116219,0.3918429750670581,-1.131351741884976,-0.07947046353852304,0.4362295997845693,-1.0458701788296116,-0.2020465244618473,0.43930642724089425,-0.9287483368665775,-0.262897364282406,0.13051959062062082,-0.9912377197660427,0.020308111119489606,0.23313645077551748,-1.3786033295840352,-0.03855689029411139,0.29285347095621,-1.6318677166232114,-0.11513632021826102,0.33744476965565584,-1.8596311774092336,-0.1706885119952508,-0.025564094559913084,-0.9881683684901061,-0.037869603134882704,0.04319780368533183,-1.3807662210755012,-0.10280462477196643,0.09125674987966176,-1.6425972273352598,-0.16130461894646037,0.13883971258927022,-1.8650238871788836,-0.19831725128478803,-0.18410289236969893,-0.9111088851678171,-0.10763007935465446,-0.13804734581855133,-1.2104617572920255,-0.14877332167322285,-0.10156716108820384,-1.4066020585399628,-0.15460518932165987,-0.06068578146839903,-1.583872805539164,-0.15828505469789214
F,0.0,0.0,0.0,0.2720784956423188,-0.19502106986577186,-0.08348261007255024,0.46726190119421696,-0.4659837235378953,-0.12504355443581427,0.585437639447829,-0.7297766230300808,-0.1759468149964843,0.5316345848369536,-0.9613122128061985,-0.22295110481916172,0.29793736155947176,-0.8860288224931968,0.02392625798501817,0.41460858044545434,-1.1285840263247533,-0.11014848618999903,0.4516925704887805,-1.0708067696107058,-0.23807351318392878,0.45580654966212125,-0.9752614247292174,-0.30366357955266093,0.15109825730052856,-0.9885166084196617,-0.002057065685014831,0.2558176192314227,-1.3773051798941103,-0.06751177782825157,0.32301563460291094,-1.6329661840453673,-0.14791662832542074,0.38119128295092936,-1.869115712368587,-0.20665876507548248,-0.008249329667062506,-0.9876200923232753,-0.05818957144967631,0.06199938772083146,-1.384502457744236,-0.12890202220424643,0.11417757436698238,-1.6480854217912646,-0.19031550654195611,0.16880957716233252,-1.8758074181749522,-0.22933426218752628,-0.17385709446686112,-0.9102174873417869,-0.12620821044460714,-0.13071573826302377,-1.2207494645071997,-0.1756031873709897,-0.09262038826025372,-1.4245003949407218,-0.18710796008146643,-0.048982634569385175,-1.6070056424524624,-0.19382024118049634
F,0.0,0.0,0.0,0.2635127797753678,-0.18185216225682282,-0.09517545976238924,0.45048574353059434,-0.44365804484538507,-0.14542419022712377,0.5745425165578433,-0.6849272915786303,-0.20214817880398525,0.5332293601594846,-0.9055319346396422,-0.24973068633586631,0.30966727530907073,-0.8843772274211781,-0.015493846255263684,0.41971443077165344,-1.128855124244215,-0.16283652591320658,0.40748218064348646,-0.9598898928283911,-0.293935788967847,0.3595122791297681,-0.7885211971398669,-0.35869077498258317,0.15070321251239455,-0.9878491018167987,-0.037982808982332146,0.24024858246155237,-1.3840277884466443,-0.11136530564594371,0.2897028666763044,-1.6401974802535526,-0.19612356337186537,0.33033814544656537,-1.8852859726566178,-0.2598313213487899,-0.019283342803044515,-0.9865535925775022,-0.09007310036131172,0.03758471950583479,-1.3800544097189922,-0.1653402948568337,0.07952243360857582,-1.649606412936508,-0.23413375662979896,0.12605203755406416,-1.894559351801551,-0.2798666674676947,-0.19025428285445273,-0.9036247304404471,-0.15380594481265422,-0.1520189503413066,-1.2117523242410022,-0.20251934319048556,-0.1176017641181101,-1.4183566944662465,-0.21527449961176684,-0.07511567933600631,-1.6123142384141906,-0.22470629939602696
F,0.0,0.0,0.0,0.24374461664533079,-0.18161790247986548,-0.10582244379768903,0.4398041590057201,-0.43564317123901175,-0.1703437810442902,0.5507185926630406,-0.6886947843085947,-0.2399299705840116,0.4861258505050491,-0.8893724603470546,-0.29854028595880067,0.30823363754899447,-0.8854837960438371,-0.040560909888262234,0.43305179500721264,-1.1268990981371867,-0.18682952961283353,0.4171753812224059,-0.9612877023770775,-0.30763498483696033,0.35939513932208,-0.7703245148822665,-0.36329978210147634,0.14512324811930727,-0.9877655317717968,-0.05708324709476011,0.22999492994128606,-1.3730835917779418,-0.1209515818061351,0.26689497992780253,-1.616682226274894,-0.18701771748438276,0.28772640078372586,-1.854109335797575,-0.2380072378319078,-0.03711190616556925,-0.9962144003291253,-0.10456255468652459,0.003067831951148024,-1.3957034318787023,-0.18017582494041748,0.027369059789619996,-1.6631814576659396,-0.2531540719001016,0.05119460430106254,-1.89938653219747,-0.3019468119420333,-0.2271345404987939,-0.9182802359788054,-0.16309956865092456,-0.2856423759640541,-1.2157205735973806,-0.22542444282449217,-0.32081855663528863,-1.4146206438834759,-0.2526812022879502,-0.34917164423990477,-1.5966966853505429,-0.2702583412038951
F,0.0,0.0,0.0,0.24379652985780623,-0.18131599995637443,-0.10260578389153768,0.43753706464749875,-0.4365630305520798,-0.16272213348060732,0.5422471092441331,-0.696830414065558,-0.22789404361785318,0.4666919895806291,-0.8923416892120183,-0.28627134316586583,0.29284152454275136,-0.8833578881647269,-0.034849323331395836,0.412819639104102,-1.1242429090605268,-0.16851041964620447,0.43225993396377593,-1.0290403729788238,-0.2845739284753954,0.41127842077276444,-0.8945219277593489,-0.3425971516776875,0.13073055936998498,-0.9899295991512802,-0.05430386331557473,0.20906234380555516,-1.3755427125544726,-0.1156625663858918,0.25114421404401477,-1.6253986238836333,-0.18450258746230164,0.27675357541988815,-1.8646398036194178,-0.23886298949085955,-0.047569874283046334,-0.9960463611289923,-0.10279316710761147,-0.012976380818498832,-1.3967185470372065,-0.17851188328449377,0.005169100845792028,-1.667904999522011,-0.25478282476480796,0.023648492918232632,-1.903088715375553,-0.3072078347288122,-0.23477973501935936,-0.9132401110159389,-0.16220693653518428,-0.29844892417941277,-1.2099394814870852,-0.23042228941888585,-0.34138090868898463,-1.4133798598351344,-0.2643505828114146,-0.37612828122298514,-1.5988837539785872,-0.2873879733369396
F,0.0,0.0,0.0,0.25054777422376223,-0.17889388751972057,-0.1103717073492958,0.4456625295706532,-0.4399379091850438,-0.17533025394059432,0.547030270964212,-0.6946596498838749,-0.2441127417705423,0.47637322527360393,-0.8911601030448741,-0.3013953836068884,0.3005482315910088,-0.889162868800587,-0.05234816800874542,0.42011820108443027,-1.1376358150307984,-0.20593728317345367,0.41964386905209156,-0.9637916265869236,-0.3297700523291378,0.37718787745733984,-0.7717489842741947,-0.3860349561230103,0.13612596683279196,-0.9883048129602529,-0.06872639837382091,0.21286884901788614,-1.3825423349715222,-0.14047573010724596,0.2523480824148387,-1.6355924243539504,-0.21187700697485165,0.27568859301245385,-1.8815744891253157,-0.26630430429473967,-0.047202642121970256,-0.9905207305894469,-0.1161262718176863,-0.012405342291119111,-1.3898577937272338,-0.1977471325056622,0.01232308625649168,-1.657931320645974,-0.2743356736190356,0.037073494149387536,-1.8983251923820093,-0.3247972809617896,-0.23768719306893582,-0.9070358507483514,-0.17482160693294627,-0.29685592359670704,-1.2087190158049888,-0.24050765736491597,-0.33501212251497264,-1.4121347482279996,-0.2707571753406606,-0.3671367672611985,-1.6006080780745875,-0.29044869834547654
F,0.0,0.0,0.0,0.24408692738611548,-0.19719063449282162,-0.0933480965662957,0.433821706812642,-0.4656485242667632,-0.14986212918654368,0.5319071754732028,-0.7178930290264802,-0.21314723767088867,0.4592530298244282,-0.9062579167416248,-0.2676456657338433,0.28880650345788506,-0.8986536289643478,-0.03684942037102602,0.4052562982139642,-1.1557546387109203,-0.17768630471231403,0.39949564247713104,-1.0104819001585166,-0.29662681924606454,0.35300831725533727,-0.8402080268105856,-0.35377191309264255,0.12264374957437134,-0.990656134032867,-0.059656808441226616,0.1924893394589914,-1.381483906141232,-0.1238935986404947,0.22555183701157078,-1.6310265133722308,-0.19349309686731178,0.2419977591995116,-1.8667105494432417,-0.24828111314970816,-0.05899555868022942,-0.9883423169378759,-0.11087736367242154,-0.028437529818483097,-1.3902341033354753,-0.18373118798123506,-0.009377814248387246,-1.6569789063050535,-0.2546414159294656,0.011056681535548023,-1.8934857662215223,-0.30375167269993997,-0.24604677246225315,-0.9018071574587407,-0.17252296286950494,-0.3013973970487837,-1.2074046669371337,-0.23288424692379459,-0.3339809880140223,-1.412415905440976,-0.25939745663570324,-0.35961551718477996,-1.6022076803620637,-0.2777591996020822
F,0.0,0.0,0.0,0.2415428775091261,-0.2130837121891835,-0.0988598117169819,0.4246706527152864,-0.4823264559156378,-0.16000544337940664,0.5099599606260301,-0.7406166848860873,-0.22892346674064,0.4228704039282951,-0.9238551360938483,-0.2887989769158218,0.2673243229536902,-0.910369199157779,-0.018605524682092485,0.36496006797127467,-1.1587369497855267,-0.16163657780289648,0.36553042417872633,-1.0251441812798046,-0.2859883135564489,0.32726695250185456,-0.862127911137405,-0.34615560215965513,0.09608815499121923,-0.9946134786868756,-0.03887279877723936,0.1522314229147162,-1.374208573873786,-0.10211503240972618,0.17641434973456888,-1.6094672812402375,-0.17198399852773996,0.1894184492174547,-1.8335371298791392,-0.2254743494646633,-0.08210472722325403,-0.9840935263116286,-0.0898360798295087,-0.06331405866465105,-1.3780665805510943,-0.15915404288302995,-0.05237918151846319,-1.6392546688144487,-0.22158188055129877,-0.03565255424867449,-1.8675040798046316,-0.26359163567079547,-0.2648243019972162,-0.8859726367890199,-0.1534451895255682,-0.30840650514941376,-1.1955245944609754,-0.204323424228002,-0.328978462064455,-1.403158285216759,-0.22234777997821184,-0.33780994400492476,-1.5946052800332717,-0.23473760836107863
F,0.0,0.0,0.0,0.2373845328912894,-0.22828452545849368,-0.08842879784912226,0.4188512638879543,-0.5044085436465325,-0.14483012067244358,0.5059092949975559,-0.7697087859968852,-0.21064595806057673,0.41348417949488814,-0.954058062443534,-0.27052724605205375,0.24674102105353254,-0.9191951382890048,-0.012006383229217637,0.33934557300931173,-1.1832702321181132,-0.15119976733601936,0.36449391432038836,-1.092203897489007,-0.27450289191474214,0.3579005696560586,-0.9590380354798876,-0.33598091697453186,0.0766484933290983,-0.9963345804266163,-0.03797910368212822,0.13276663257719667,-1.3825638746739,-0.10092955131276252,0.15808874041628646,-1.6270007938124789,-0.1735210534199494,0.1736899284368138,-1.857908159916453,-0.22948632704039704,-0.09900456329175648,-0.9780016002587192,-0.09274553556616275,-0.08472035434406579,-1.3747044690876165,-0.15997909047575437,-0.07641558170005958,-1.635573720561135,-0.22281604927473325,-0.06079749507923922,-1.8642973872772435,-0.26617810777038897,-0.27910984521481363,-0.8735778114979923,-0.1595049151956571,-0.32632042095845326,-1.1792837188989864,-0.2101632500990815,-0.3532684076132361,-1.3843320019045595,-0.22901083155715185,-0.3689320203973459,-1.5729767469006926,-0.24237228798884186
F,0.0,0.0,0.0,0.2462515266811017,-0.20384032501800536,-0.08083404342126056,0.43456308914725816,-0.4664022013087715,-0.1376457597177613,0.520256129765724,-0.7306464420289812,-0.20707888398434673,0.4202908482369982,-0.9110234002710387,-0.27275321783369977,0.2824738512163681,-0.9017907176292705,-0.010566199860615223,0.3907262845640708,-1.1444448431722232,-0.15281057224887784,0.4050123396773684,-1.035907220740322,-0.2767087607481222,0.38488961253021703,-0.8770893242604286,-0.3366960241033359,0.11098912971972971,-0.9929815827227825,-0.04085326740194581,0.17624148818724392,-1.3933571451921285,-0.10262261646478096,0.20279478393190034,-1.6361524952735733,-0.172207611339555,0.22265892289822314,-1.8612855305191411,-0.22496980390127755,-0.07022569989499912,-0.9818420833939511,-0.09905400680868608,-0.0460345187028119,-1.3954261931396585,-0.1675579903477166,-0.0345687301815707,-1.657210021548594,-0.23140932033484107,-0.012721168493157646,-1.8845729659985517,-0.2753426388179701,-0.26241157547837735,-0.8760880799576178,-0.16779297450806555,-0.2980038696048568,-1.1743924370202852,-0.21943858558830978,-0.3164597590301111,-1.375239304156911,-0.23707218743192274,-0.3250195415668888,-1.558317110343278,-0.24929176335445336
F,0.0,0.0,0.0,0.2526915900896774,-0.1588360778299048,-0.11794627448110155,0.4529136277180692,-0.40627311222538953,-0.1851157690936866,0.5514547317599194,-0.6805767734339103,-0.25624378818159793,0.4468377732360344,-0.8745309748921304,-0.316636723300256,0.3328246341188055,-0.8709368074520535,-0.02022480662907938,0.46447070014545183,-1.1137676325230186,-0.1671110113750902,0.4484646069194377,-0.9689501589001808,-0.2974323615288802,0.3898326111678022,-0.8030002868807653,-0.3604787538157442,0.1655910182715606,-0.9858031109393784,-0.027782028904150345,0.25207375811149124,-1.3669614151810776,-0.08836821597101537,0.2834881552483764,-1.6057548822404075,-0.16151454811724492,0.30169094686375336,-1.8401263523164448,-0.21701202056293017,-0.012739589546921705,-1.0009103245076816,-0.06789704951856028,0.034014313370950844,-1.3907162496578367,-0.13418287240701443,0.05818317521854817,-1.6531665898633219,-0.20220030960037735,0.08311962602100152,-1.886243506585394,-0.2486872819672589,-0.199767474534545,-0.9266754533747349,-0.12206094593943301,-0.22327301431480231,-1.202009172344591,-0.1698263981201145,-0.23237193293941805,-1.3936414650690445,-0.18935299073959933,-0.23364272785573095,-1.5705072694969267,-0.20290764389196986
F,0.0,0.0,0.0,0.24412145044008787,-0.163883759731039,-0.1267299160848161,0.44017006957886257,-0.4052319480408571,-0.20253427482152758,0.5313410480875412,-0.6820746156258063,-0.2811504895706567,0.4225002420886285,-0.87822555342888,-0.35088977485122586,0.3161012844761926,-0.8724959326111739,-0.03062212513144136,0.4407175641860763,-1.114498870619291,-0.1736620681760485,0.45144172699639334,-1.0292925541582596,-0.29840380605079225,0.42318943458291414,-0.9013228699791918,-0.35951096375479735,0.14918240761217136,-0.9881611242591845,-0.03580784497649053,0.2288349073640016,-1.3723993467098234,-0.09714757920302856,0.2588481578419945,-1.6117363898702741,-0.1658905757570178,0.2795527658906572,-1.8511557816048425,-0.21692223395916044,-0.02466036877729985,-1.001312662750173,-0.07342984355888646,0.018957337349329355,-1.401246702934094,-0.14251516448178164,0.03354661014184319,-1.6683584392164441,-0.20885426143021413,0.04803939822898738,-1.8998824650723118,-0.2533257870796659,-0.20666821945443534,-0.9236857808535156,-0.12582511954106054,-0.22969653822125602,-1.2089499925359837,-0.179216712297694,-0.24778831801020545,-1.401814167631489,-0.20196092006944444,-0.2611773659445282,-1.5726380946580694,-0.2166531986993042
F,0.0,0.0,0.0,0.252924476801279,-0.169327342004575,-0.12521516033434243,0.44890432487127946,-0.40886966588246726,-0.20224633329903252,0.5387923603294045,-0.6891880105153368,-0.2845247082125842,0.4245701754777676,-0.8863774310940927,-0.357705642777714,0.31754834599130155,-0.8737363028521032,-0.014590359926407104,0.442718931742206,-1.1135671712913038,-0.15892483096458138,0.45086245028791483,-1.0228601322088111,-0.28473474011337296,0.41585237684917453,-0.8894498463917617,-0.34524668076236825,0.15009058847099788,-0.9884316423562592,-0.021810631383280286,0.22862190101435895,-1.3703830670146195,-0.08234692465110535,0.25960875538682004,-1.604751589151857,-0.15070006094461397,0.28096251362429503,-1.846394850026378,-0.20122374452006184,-0.02416111254599828,-1.0013154716311248,-0.06357034098388456,0.01826696065637622,-1.3989186409550318,-0.133794557575322,0.03499220794604248,-1.6699752445055336,-0.2020468774328361,0.05015562914451506,-1.9050292846990566,-0.24772780460008798,-0.20558013462091257,-0.9278916674907349,-0.12032356877039928,-0.2280014964990693,-1.2121869382150945,-0.1746589647654781,-0.246182219635662,-1.4049940320881857,-0.1992525008878763,-0.2591548707468649,-1.574350812829156,-0.21569940043046273
F,0.0,0.0,0.0,0.24526863793249223,-0.16573819423638977,-0.12194403476480128,0.4396479989626255,-0.4085553702345774,-0.1960889471354813,0.5291336838705726,-0.6865714827266998,-0.27468548592760944,0.4156976307220975,-0.8813935449290227,-0.34430628361342336,0.3121697419495257,-0.8757208421088214,-0.020172398165898837,0.43577618080474123,-1.1179961312970998,-0.16304471239061633,0.44434830234019973,-1.0307358053251832,-0.2878758059314024,0.41321038591961895,-0.8982354227638697,-0.34858655762044005,0.1440374501893727,-0.9891874225167073,-0.027594493611895875,0.2198782328908889,-1.370960657780641,-0.08888378159535532,0.24825214638795823,-1.608332799457384,-0.15784592290847668,0.2669413147922854,-1.8457364747867055,-0.2088065698596232,-0.029904078397357793,-1.0017340143131241,-0.06786910415715929,0.010121072441538256,-1.4003414117309547,-0.13666994300984028,0.023604057169482006,-1.668172489904678,-0.20245453767374927,0.036801897166664606,-1.9002148851883744,-0.24645218792031745,-0.2113270219690196,-0.9248513910404308,-0.12269543306340555,-0.2328932447959952,-1.2088348559078743,-0.17474020307644256,-0.24897619036116544,-1.401366031796823,-0.19662740941308482,-0.2601497823236015,-1.571334991087467,-0.21088059242310705
F,0.0,0.0,0.0,0.2621742064324954,-0.2182081213110262,-0.09489453573530968,0.440645535111162,-0.5067854855592546,-0.14554768175217522,0.5313587338545415,-0.7940808282165776,-0.2043296120149203,0.4627392740883539,-1.0223301711735804,-0.2565023192146682,0.2642319505375032,-0.9075085473721669,-0.000764633871903232,0.368051288552508,-1.1675010342337497,-0.14154567290834155,0.3971168110225564,-1.0507306110393906,-0.266046508865158,0.3858130060538015,-0.8935145765051471,-0.32491459755617946,0.10096801531238252,-0.9946674813911123,-0.021025254979189393,0.18740050056666457,-1.3785443455288882,-0.0792904236161982,0.23037048745979788,-1.618083140779924,-0.14932064111968943,0.2640749752210568,-1.8408050087712013,-0.202058188226996,-0.0807084803567348,-0.9853965576262721,-0.07364280150627026,-0.0379802286701377,-1.3780529641927406,-0.14602784652953418,-0.013093820834265652,-1.6457497860239299,-0.21690999981496675,0.021765096630016897,-1.8715242532034961,-0.2638154025316198,-0.27843126636491394,-0.8879891357767837,-0.1372645356197937,-0.32915011542324746,-1.1725999631951811,-0.19656146697472468,-0.3491367235328059,-1.366576023021829,-0.2201150114122856,-0.3555466619675535,-1.5364238804827548,-0.23514141424719306
F,0.0,0.0,0.0,0.23387438459213186,-0.26819809949711526,-0.08642129601812797,0.3863999208144881,-0.598073488268584,-0.13119341239516522,0.4667687702140586,-0.8953163821477979,-0.18277752939617006,0.3774850352407246,-1.08918970371517,-0.2243363767762088,0.1641986912712373,-0.9443206886301272,0.017582591045456022,0.24169454758083467,-1.222492878813661,-0.11269359623188538,0.2776687354596521,-1.103247214235195,-0.23310540647211103,0.27398777434710625,-0.9377597616722894,-0.28896613765624024,0.0013978195428272864,-0.9999990114456221,0.00015234271991309675,0.06586377514751647,-1.3787425200720986,-0.05019284430143575,0.09995041637165869,-1.6228029017427614,-0.11737484131277581,0.1186192060927876,-1.8518681552016167,-0.1681299630759496,-0.17530193252210358,-0.9659231562023637,-0.04949098268487492,-0.16551882996184042,-1.350130145469071,-0.11474778765308245,-0.15703990501945833,-1.616524589273941,-0.18827837964693778,-0.1412912289613558,-1.843353004616367,-0.23619444602766693,-0.3557925755451541,-0.8480452411594122,-0.10916404060226419,-0.45334300222085244,-1.1078551160079415,-0.1614544350712208,-0.5226120967472161,-1.2824234928806408,-0.18641775708848404,-0.5790270802672182,-1.4403882140489135,-0.20268165439506908
F,0.0,0.0,0.0,0.2388522755020782,-0.26480862486744183,-0.0885549409525548,0.3952973565285135,-0.5895598861541365,-0.13451213677500154,0.48421487635383503,-0.8898302922835923,-0.1870941338226098,0.3994786167885755,-1.097046912252545,-0.2295978064355137,0.17107303295473514,-0.9410703811007776,0.0068834111865413005,0.2593344734812518,-1.2314758418316183,-0.12173620212145864,0.3021706605043355,-1.1015360141592345,-0.2352586388202498,0.30414163525749455,-0.9310007188176698,-0.2862697348336182,0.007207457499651813,-0.9999307548889634,-0.009302579404566764,0.0771141135316727,-1.3886109391804908,-0.05973838470915864,0.11685403978250591,-1.6263117643129996,-0.12251200521855404,0.14312348555944668,-1.849321689812084,-0.17023835313567443,-0.17017890185628887,-0.9723846201778225,-0.05738765397733789,-0.156805141899749,-1.357917528687381,-0.12197887920899837,-0.1449745312500593,-1.6216179455218174,-0.19346687738373966,-0.12321066325741034,-1.8448164951877364,-0.24085359506314444,-0.35413196581084605,-0.862901592454023,-0.11570425196216083,-0.45009612543350935,-1.1246142849720238,-0.16776519253845693,-0.5182855680697264,-1.304045678424631,-0.19294059351604537,-0.5687114967425413,-1.471090934045539,-0.21004864397341017
F,0.0,0.0,0.0,0.2389060712514574,-0.2663321285001764,-0.08768205896455507,0.3941359601020431,-0.5929889390466878,-0.1350755232951644,0.4821451268025258,-0.8849786108501378,-0.1894300834284977,0.40029382272436753,-1.084864320112645,-0.23323658897319915,0.17151451498492368,-0.9439111580648709,0.008029009498837168,0.2597767773254178,-1.227176211849509,-0.12432958132118607,0.298331752361518,-1.0934972100039722,-0.2416849344941653,0.294702452285447,-0.9225377426801398,-0.29493849867027566,0.009111660663489642,-0.9999142810232035,-0.009402565915931901,0.07987517771605697,-1.3846668780485545,-0.06047829688955316,0.12071595675461634,-1.620319810714706,-0.12391661432731103,0.1454954997486672,-1.8445562366955612,-0.17208264058572822,-0.1666062440779437,-0.9710942391467173,-0.05911458907254834,-0.15470590688391542,-1.351828317220537,-0.12334917575220157,-0.14164846778280135,-1.6153965238153265,-0.19428853225199955,-0.12058494766150639,-1.8425684674987735,-0.24129324015618975,-0.3455009017042152,-0.8623127320036459,-0.11923467142171701,-0.4394021588427025,-1.121197145896676,-0.17007180334264518,-0.5051647519627225,-1.2963530390385138,-0.19400215388245737,-0.5560036792740463,-1.4595016876491302,-0.21019435821574864
F,0.0,0.0,0.0,0.2345629089981133,-0.2644476049537938,-0.08604013261006457,0.38812224584769645,-0.5951473557215482,-0.13244705993118203,0.48090375515890216,-0.8868000184093686,-0.1857142119827536,0.4033426387449969,-1.0938244764881366,-0.22827687905826624,0.1634214309962013,-0.9443448337000208,0.0023836054699361287,0.25116956140595514,-1.2301128731070614,-0.13276026104796987,0.2929801520083139,-1.0894576666922942,-0.25217730855974463,0.2906502018490714,-0.9156625910412748,-0.3063112258610749,0.0012050604772695078,-0.9998556137994357,-0.01694990805285118,0.06812562214957664,-1.3841886489279724,-0.07075950977330991,0.11041050230784978,-1.622388031330629,-0.13623067607587314,0.1345174693764794,-1.8494547537034847,-0.18601889902626045,-0.17598559597860444,-0.9685390326773538,-0.06807693168424717,-0.16839212893710284,-1.351527305915679,-0.1342897389490928,-0.15567647591399364,-1.618583612059516,-0.2065982017321341,-0.136129684516041,-1.8507430266864413,-0.2544132101200331,-0.35523652237783504,-0.8569180382665369,-0.12920399917591607,-0.4564512823796482,-1.1199086639432065,-0.1808553783730941,-0.5254132119378843,-1.2965790249735074,-0.2048388981686815,-0.5794361068099556,-1.4600826907827704,-0.22105792260861415
F,0.0,0.0,0.0,0.23403364407489177,-0.2655588814367871,-0.0866383187564397,0.3892536542741086,-0.5947837259000969,-0.13436654376263213,0.4833169999117877,-0.8850801782987503,-0.1889240716986408,0.40677799202037573,-1.0933752992369776,-0.23230468768690932,0.1641446986830209,-0.9453885196780185,0.003392757531435566,0.2522480551131579,-1.2315553417434122,-0.13266637082523117,0.2960928951007452,-1.0875109733852344,-0.2520489017115501,0.2968270708211802,-0.9076310038506636,-0.30524569948196234,0.001419600962378263,-0.9998917708202075,-0.014643475650861862,0.06941419572105954,-1.3846077392038358,-0.06846988152722797,0.1131275931768375,-1.6211879742383462,-0.1329427406387209,0.13993397879026534,-1.846816970964742,-0.18150899961172506,-0.17603927496407942,-0.9679637745162715,-0.06480733293336498,-0.16623551050170676,-1.3500673225801894,-0.13037573338946798,-0.1519449725110925,-1.6152783569221059,-0.20150654587617806,-0.13062490737626883,-1.8441708252585804,-0.24824187848041623,-0.3554012571529015,-0.8562903724417621,-0.12506351211135344,-0.4552132138147731,-1.1193217955900905,-0.17586740183300237,-0.5239123664865574,-1.2963001928538076,-0.19916283419442934,-0.5771898295442744,-1.4614267110404668,-0.214612344549964
F,0.0,0.0,0.0,0.2322900756551247,-0.2708824339286165,-0.08728003260300672,0.38392263852145725,-0.5992979907562891,-0.13535423991829765,0.4810763391214229,-0.8871193796834984,-0.19012513867827244,0.42188724746961453,-1.1103787571776285,-0.23361237042296826,0.15364811093278669,-0.9465066510292605,0.0007989649534094284,0.2468086854176267,-1.2380779848750847,-0.13623229657952027,0.2958945070385985,-1.1002389234259642,-0.2568937246882101,0.2978977229625249,-0.9248527068709173,-0.31104959840587504,-0.0073688878670452335,-0.9998232629507378,-0.017295732252287217,0.06260963855290748,-1.3866046868281516,-0.07295896023536834,0.10592726277158936,-1.627098125328028,-0.13983846115658155,0.12885249937717214,-1.853582141739769,-0.19024509310410914,-0.18458523764387558,-0.9662791862153103,-0.06745003531205407,-0.17618483096040308,-1.3505204050853994,-0.1353164051213761,-0.16386994261459115,-1.6184982949186801,-0.20877058094330544,-0.1465363590551125,-1.847859054016725,-0.2567594233290161,-0.3645500325540464,-0.8515777122119641,-0.127500679918994,-0.469961779314972,-1.1173284603754212,-0.1811987904557493,-0.5431074487424177,-1.2950145133351918,-0.20626501952058146,-0.6011379139684127,-1.459357188080011,-0.22247608062414675
F,0.0,0.0,0.0,0.2364304604798151,-0.2680245416781391,-0.09078930327749617,0.3923333174094839,-0.5993741158805581,-0.14007536081251712,0.47764274109626015,-0.8989067152422247,-0.19587561429597208,0.39545628012695083,-1.1001392742161034,-0.24046061866074156,0.1678969013384459,-0.9481850778299415,0.004293589153888268,0.24626698823495766,-1.2374581738395476,-0.13365435034282072,0.2867640235297023,-1.0966384262942326,-0.2538117719576898,0.2856482761574893,-0.915383149734269,-0.30688468294948723,0.0016154725734106215,-0.9999401075090885,-0.01082458512264213,0.062425250010775424,-1.3873422628436152,-0.06511538808260857,0.09725613917291427,-1.6246880689511358,-0.12892408302198197,0.11671461558123464,-1.8497945517062029,-0.17596178355142822,-0.17615825006242455,-0.964838249605174,-0.058611825152267455,-0.17397115283214065,-1.3483937574118818,-0.12405181560864208,-0.1670452472226251,-1.6109151392698364,-0.192641031537698,-0.15030482607086104,-1.8361390915581202,-0.2367151313752299,-0.35538691068271905,-0.8490655222231248,-0.11715967449517586,-0.454391075391435,-1.1090765524411046,-0.1671131271351185,-0.5219830661236365,-1.2835584632300578,-0.18892837602735035,-0.5736263824898877,-1.4451938760193688,-0.20249390855750216
F,0.0,0.0,0.0,0.24488189258977822,-0.2169421478859692,-0.09531888081375514,0.4067526493260342,-0.5357807056181628,-0.14620130212272262,0.4693004334959436,-0.8381381832209712,-0.20380965208668253,0.3816429669965066,-1.0518448135814766,-0.2543192301489665,0.23170704769653036,-0.9175294888061931,-0.018672054136272858,0.3162908454516331,-1.1851115582226468,-0.1727545136269949,0.33653860705999616,-1.0464848485415466,-0.3014278747741851,0.3175190839817881,-0.8673299126081511,-0.3598862693259083,0.06877802489524383,-0.9969193362942876,-0.03770172693745296,0.12515993291300923,-1.40605930721688,-0.10693143972873002,0.1547582630991143,-1.653899991327321,-0.17726526727752012,0.17658493559674635,-1.870800687594957,-0.22577174535501193,-0.10116277869160636,-0.9660943298249497,-0.08775182539717975,-0.09285537445864782,-1.3727549107323749,-0.16725615954721554,-0.08458452680366642,-1.6309989095464632,-0.23422574042416086,-0.064537357700101,-1.8506473898504836,-0.2752649255697777,-0.2711352438160778,-0.8391621840035103,-0.14825136064624825,-0.32175787648062437,-1.11033950433669,-0.20945265721272402,-0.34528187818422057,-1.2902449436914623,-0.22892896827222978,-0.3615610118614758,-1.4489425686293438,-0.23853306348797995
F,0.0,0.0,0.0,0.24410581422757818,-0.21477508121128236,-0.09474165751169601,0.39833833082772846,-0.5077252878471347,-0.15344721502142075,0.46110857744040823,-0.8021761159704384,-0.22114698823689682,0.36378208286866126,-1.0070263458262771,-0.2856813589394932,0.2484639406036462,-0.9097296115484557,-0.023393684306690924,0.3330686328627231,-1.1839649333480382,-0.17011038334405387,0.3679660908583944,-1.1224797527605577,-0.29055365122701876,0.37419384569971903,-0.9803791026466171,-0.34804309901758634,0.0847817040073212,-0.9952941766209835,-0.04692083385846144,0.14028857888381077,-1.4174348525309322,-0.12268637329742155,0.16838405303349088,-1.6748834052038135,-0.19391422677440576,0.19362532899387938,-1.898464226717716,-0.24179905637229063,-0.08438686344103889,-0.9706245463064139,-0.09974766445317844,-0.09173693270015787,-1.389696605242712,-0.186162574382412,-0.09372456899757739,-1.671778621206295,-0.25808385304129555,-0.07712979510043709,-1.90846048211171,-0.3035452078705656,-0.25728988277245557,-0.8532972741983664,-0.1629887863414254,-0.30374663159933246,-1.125234336632682,-0.23066656225631332,-0.3195926964352327,-1.3115553734862238,-0.2578472690380233,-0.3194821803437281,-1.4763399809700388,-0.27423178335854936
F,0.0,0.0,0.0,0.2441841476874109,-0.19589400139298194,-0.09289363753666723,0.40673191914771517,-0.48235167707216126,-0.14951343150076268,0.4741126455629228,-0.7699304360571856,-0.21519617951645212,0.36069624656030796,-0.9459729892591765,-0.2783272736701986,0.2700381489292549,-0.8986802347914605,-0.020760732131492862,0.36557151104716545,-1.1575077575042034,-0.16846386328068955,0.38895416480962997,-1.0908079547500367,-0.29412288756833926,0.38603996874024793,-0.9499981333794245,-0.3568348036064028,0.10722696426046467,-0.9931210577910181,-0.04704192499817809,0.16803166835075012,-1.4093270616618463,-0.1235634685271465,0.20064629834749165,-1.670982941039557,-0.20008541927618104,0.23183826949227707,-1.8955311698357353,-0.2553167285548218,-0.0653745664551724,-0.9746741697823778,-0.10256863688383233,-0.054925739097595315,-1.3914299595253345,-0.18842921674160448,-0.04191021012706049,-1.6655906751277991,-0.2634058255140004,-0.011970253235094258,-1.894814255677422,-0.31314795050514627,-0.24447165798171433,-0.8630306130333419,-0.16873121941362523,-0.28474869587406526,-1.143340532620948,-0.23478218486243718,-0.29670483214686727,-1.3405070256186458,-0.26411692224279776,-0.29444265357764204,-1.5183582047295496,-0.28492020532358076
F,0.0,0.0,0.0,0.25699079541505704,-0.1483694738157892,-0.11163896762632274,0.4364837801852045,-0.4161540100068478,-0.16774049600436536,0.5081930301430215,-0.7110801919312109,-0.22885995730256137,0.4043057511934331,-0.912619973169072,-0.2818163685947459,0.34364487265466503,-0.8593280479325458,-0.005261259498529724,0.4449929803695493,-1.1078073002631548,-0.14691903629068892,0.4420992857510289,-1.0164628435121565,-0.2723038480650185,0.41226223994431255,-0.8773979844657898,-0.33365809191504564,0.18862986919126395,-0.9819242361708296,-0.015606629015251904,0.2637296150849648,-1.3908916131016575,-0.08034263450951344,0.2973977285424486,-1.6515041060946125,-0.15292515388908012,0.32838843965913234,-1.8892944091811137,-0.20517587302059834,0.019940103292990632,-0.9896848797721631,-0.05882505391457004,0.05488051800203723,-1.3897998216535097,-0.13698476711849886,0.08141322269939653,-1.6651350988957363,-0.21293063274780885,0.11637983529141663,-1.8978710209911587,-0.2611465317911651,-0.1584392584598645,-0.9079371548352879,-0.11480668837340491,-0.18358645723248693,-1.1864956236469293,-0.17459531585325233,-0.20355829617233165,-1.383167071461007,-0.20273535651694935,-0.22021024566576997,-1.5586121638253705,-0.22122528451757847
F,0.0,0.0,0.0,0.2558079321194665,-0.1597202910739041,-0.13748416716497155,0.42460579455184133,-0.4210374891620181,-0.21483631259013175,0.4843266757048161,-0.7251543818722714,-0.2969175228949821,0.36108126197581053,-0.9451054347158577,-0.366815267923655,0.33981583676036475,-0.8674141875444786,0.0023068495931782003,0.4416188862854355,-1.1150958101003845,-0.1484305358027289,0.431912365537057,-1.0219182141664744,-0.27473430720116837,0.3790808315165868,-0.8701195932677452,-0.3290407533087861,0.17660443637231915,-0.9842783095375388,0.002661283062822909,0.24479219169533936,-1.382611777909619,-0.050785807501138674,0.276371828602639,-1.6306957004593767,-0.10653339912316143,0.30221308072974046,-1.8762067067954522,-0.14359728574648845,0.008578427330870704,-0.9870380424016886,-0.03714442414526013,0.03607558359599672,-1.380492697317504,-0.10447775164156622,0.05368638124519631,-1.6601775152209939,-0.16532516269626002,0.06936931695428258,-1.9006721723943396,-0.20363775489497943,-0.16254369191146034,-0.9030203674647026,-0.09427042269427598,-0.18425720867330084,-1.1532213306546448,-0.1436238588045291,-0.19554721526617488,-1.3166777400061198,-0.160814372673122,-0.2067598647345306,-1.454877611873279,-0.17076029251712138
F,0.0,0.0,0.0,0.25738056988438723,-0.15058869270234093,-0.14597010801020596,0.42867080884280884,-0.4088117654852382,-0.2272597254778506,0.49027304657750365,-0.7149431243096239,-0.3117383671149826,0.36050255604667214,-0.935026434556573,-0.38345844560383424,0.3446984983293117,-0.8622216512035349,0.0014753223561076124,0.4435721926272141,-1.1013281153025196,-0.14377695511688982,0.4360843139515616,-1.009423094123589,-0.2643820012421456,0.3875335530449888,-0.8602649542131463,-0.31340461689586036,0.17765525023993325,-0.9840661528781863,0.0072400843719182375,0.24608034119931407,-1.3855912603002587,-0.03206126118054485,0.27688780241894084,-1.6315621010585106,-0.07306023540342806,0.3035614593640482,-1.8809728819102929,-0.09870370732028877,0.009674418175993632,-0.989697294372024,-0.029024812594683702,0.03633268000958533,-1.3840672526764837,-0.08505280366557673,0.05507221687764176,-1.663830580044232,-0.13640142280960443,0.07332854239340642,-1.9080271884084397,-0.1687674764457774,-0.15970867003121314,-0.9105857192789103,-0.08421553862851106,-0.1841792539935418,-1.1482007006376038,-0.12717746071782737,-0.19740403424249361,-1.303219824551837,-0.13956711037519215,-0.2094626347941319,-1.4331777668278136,-0.14573144312560843
F,0.0,0.0,0.0,0.2486644308858389,-0.14983147996739757,-0.14736548818685094,0.4155603640074642,-0.40307316754675854,-0.23145044135368845,0.48310099066570367,-0.6990217693301305,-0.31750608337054603,0.358171922478655,-0.9149735064488441,-0.3912304698333614,0.3296582015360636,-0.8690016239528093,-0.017188770558990943,0.43268170195402095,-1.10983925438333,-0.16374629826596085,0.43569407988933756,-1.024673640578759,-0.28399998349271993,0.396073275063008,-0.8753296195240887,-0.33534684984931795,0.16448401792687423,-0.9862819848420623,-0.013887196356134278,0.22864612549609467,-1.3832699017294223,-0.06712539317518468,0.2602704600346016,-1.6257826799002018,-0.11963260673857806,0.2893712976703274,-1.867321196608515,-0.15465553413416627,-0.003908860383655885,-0.9889336913152466,-0.050168371600508174,0.02283727503114211,-1.3842638540815408,-0.11863269242264818,0.038715461477646665,-1.6624849666985577,-0.1795421658543354,0.05567172413261782,-1.9004317557404493,-0.21878126825444555,-0.1729175165711478,-0.9080324678463879,-0.10414957132244089,-0.1960724712886813,-1.1541800748531612,-0.15664200304436607,-0.20425945093389047,-1.314453852390867,-0.17668088814864283,-0.2095566831287847,-1.4487994321911677,-0.18907648094977828
F,0.0,0.0,0.0,0.2592720355005905,-0.17856705906952766,-0.14440604283928257,0.4239726060704594,-0.4335289370696179,-0.23069326614253519,0.4891890838906959,-0.7301355592573356,-0.32222556394714874,0.36146372789171877,-0.9414597713707733,-0.402628398546236,0.31517209343168123,-0.8820341301097647,-0.002319492005270846,0.41931989111237333,-1.125382024470857,-0.1481363556282316,0.42327562198447627,-1.0498748656573686,-0.2635636708579377,0.38262195355960443,-0.8938452738639084,-0.3080557796683521,0.14597123882886956,-0.9892857159576494,-0.002483875384614499,0.2086545278787006,-1.3995629474076483,-0.0415855625788387,0.2414948750180204,-1.643060305401181,-0.07163728993528166,0.27101097513229794,-1.8805781289995298,-0.08806409870112436,-0.02301926769122822,-0.9820729966951024,-0.046484064848111885,0.0003061806470433637,-1.397619920185923,-0.10640685814277874,0.01645462713493201,-1.6900629911126077,-0.15624821952961038,0.036144262714360956,-1.9431153613085421,-0.18776516786092037,-0.19286298076312827,-0.8949908686466722,-0.10948803444057827,-0.22575085953555873,-1.1407254554384323,-0.16470449544651428,-0.2411247327282709,-1.3125236802538152,-0.18592261646710587,-0.2489524508784183,-1.4625169194918182,-0.19767315052030038
F,0.0,0.0,0.0,0.24207994902915328,-0.27133352348941336,-0.07470342608025678,0.3920640741719981,-0.6057659210758406,-0.11733644854214548,0.4572273026434516,-0.9115430618923144,-0.17120972031894102,0.36479928631072733,-1.1263750401662942,-0.22056646613798486,0.17965681683168616,-0.9393458879467116,0.014903646969440605,0.25464582174745454,-1.2354879189892984,-0.12472403125756677,0.29986854887096986,-1.1703325530609554,-0.2514307016647653,0.31218336621967546,-1.0439201137592178,-0.3137728332878968,0.015915425285333958,-0.9997802335451894,-0.0136449203117244,0.06514815859715851,-1.4058646417089316,-0.07831283842713904,0.09374280826396915,-1.6636381175845243,-0.15619710881621302,0.11118181968092507,-1.8885502037320439,-0.21416522307546942,-0.15230761583396588,-0.965662038141311,-0.07165107354772396,-0.1463632056365145,-1.378106806873444,-0.14430670499248943,-0.1362708671403584,-1.6579906275914795,-0.21224987481317129,-0.1197412898765094,-1.8918807551532264,-0.2568481576708361,-0.3201466481637123,-0.8479355249368504,-0.13960173735480794,-0.3659278342520438,-1.1623492325521858,-0.19638724868886365,-0.3936964254833144,-1.379749095565636,-0.21908851278695002,-0.41252448618311377,-1.571831023753549,-0.2343206612355897
F,0.0,0.0,0.0,0.24228217596307297,-0.2790962801952631,-0.08624208458346148,0.39587596487580023,-0.6232843176154806,-0.13022416674775256,0.4631484237512543,-0.9272726875787266,-0.18261804679151322,0.36688878587167134,-1.1300348450542113,-0.22791209918823152,0.17265878078065117,-0.9428652793516504,0.00981167592637957,0.24672396785184889,-1.2333744821123276,-0.1310673468466487,0.29030866117673193,-1.1342393401491229,-0.2571239739676195,0.30090824038346564,-0.9914260047656265,-0.31883358018391794,0.0074547518597856965,-0.9998994777798692,-0.012060721796554402,0.05642956447791013,-1.39452587298979,-0.07913351145335722,0.08570465929307287,-1.6465181950681012,-0.15743875321034953,0.10640396834591372,-1.8751547306702285,-0.21519494432932065,-0.15938810804370607,-0.9590717476130498,-0.06489152587182534,-0.15771381150764896,-1.3585039402555956,-0.1394236223275086,-0.14676183366546167,-1.6255341943454473,-0.20541264462034117,-0.126351300194647,-1.8570632145082937,-0.2475697956839464,-0.32394064549518464,-0.837395667131578,-0.12882202803251178,-0.3587029062543405,-1.1462049879911875,-0.1828304236605238,-0.37719260385706677,-1.3576020404847122,-0.20275763149446943,-0.3844411181500835,-1.5526027227989216,-0.21607099723474907
F,0.0,0.0,0.0,0.24105006503335255,-0.2733752530122396,-0.08384661511205425,0.3856019898789993,-0.6162699846069759,-0.12379058581354004,0.46822161718367,-0.9200270791185218,-0.17357965196357927,0.3894767178661574,-1.1381606973719118,-0.2161098126376765,0.16482165572040286,-0.9451142068461289,0.02396938872779159,0.24499113451706497,-1.2376704851109264,-0.11485856061411094,0.296366374037116,-1.1481841390075085,-0.2407486545280597,0.3142443924724871,-1.007501493813554,-0.30133037914663025,0.004457699882000163,-0.999987705055661,0.0021722452150198133,0.057708235103362863,-1.404371709736928,-0.06282940733117337,0.09098431786619515,-1.656811252986296,-0.140154207357156,0.11820110378029239,-1.8834764304286142,-0.19596612793562096,-0.15599075857117622,-0.9585295043844627,-0.051617377261612654,-0.1495371517968663,-1.3597263396483357,-0.12308423849867677,-0.13172024018279813,-1.6316727399771387,-0.1877374588080543,-0.10323997459116796,-1.8664745257021675,-0.22858049166086142,-0.3144107803644087,-0.8392421520744371,-0.11710140529915065,-0.33557329044480805,-1.1482057186891574,-0.16765379927246649,-0.3435257770378062,-1.3649650744438762,-0.185691769085802,-0.3389157374229776,-1.5676747754838691,-0.19765667432034062
F,0.0,0.0,0.0,0.2455769239662513,-0.27297770793882437,-0.08914691698422475,0.3941149667146928,-0.6146981431169195,-0.1328538432907236,0.47811368256118647,-0.9122024951869334,-0.18602743321349713,0.4031026224986841,-1.1337145728729034,-0.23031034012594628,0.17733918201477294,-0.9474998950760716,0.01908052462030276,0.25874813721115925,-1.243664057151377,-0.12461700693310275,0.3027585759637579,-1.1274626873536449,-0.2524612507819554,0.3101899984569816,-0.9665316541173178,-0.31228969843528237,0.015943804248212692,-0.9998723553918538,-0.001033455001912021,0.07351626541044702,-1.396455903265446,-0.06647952119159693,0.10673334662608878,-1.6507779118099954,-0.14340033210062667,0.1299209679905937,-1.883109026049448,-0.19919916375264296,-0.14624847192375223,-0.9537522050418843,-0.05435255921349823,-0.13700943766806936,-1.3506076109334055,-0.12479340426821388,-0.12016432116213267,-1.6227839637780066,-0.18687106053172203,-0.09572935748663818,-1.8577062181188675,-0.2258285028491052,-0.3050456001091223,-0.8311387211507044,-0.12014226587208873,-0.3258926109508022,-1.1427011675405094,-0.16903040463304148,-0.33496573965963417,-1.3612101797442748,-0.1846203265667369,-0.3343519368865232,-1.5611017988552767,-0.1944159959502695
F,0.0,0.0,0.0,0.24562923371136308,-0.2801307498941758,-0.08515086643529998,0.38954900118326574,-0.6244212089680535,-0.12793159050489525,0.47197645729733984,-0.9282572211080228,-0.1811948646773094,0.3972388670017002,-1.1527122009095627,-0.22845204452452836,0.16871005297114583,-0.9477690411038571,0.020324076284696294,0.24575782035050206,-1.2437874558927475,-0.12095696782511298,0.2906066595606218,-1.1580593955974823,-0.2486164978303567,0.30127368552863104,-1.018086372151821,-0.31086728864897517,0.0058097004132350435,-0.9999769268072781,-0.0035204025593418373,0.0596301031890176,-1.4059774287301947,-0.07046226126172517,0.09369946992707642,-1.6667870473768522,-0.15012800397976947,0.11925774794686296,-1.901592663743366,-0.20893198076764377,-0.15768024807276443,-0.9517997993432016,-0.05978931635344804,-0.1514184101004621,-1.3580202774118773,-0.13447211302823261,-0.1369136661842846,-1.6355752327674233,-0.20101136980603282,-0.11414303533718714,-1.8720601714011962,-0.24379391097692932,-0.317930091162072,-0.8259503560937097,-0.1277100377565367,-0.34038689792561827,-1.1434665757123517,-0.18380094869130564,-0.3519914412767431,-1.3661857962179829,-0.20490819699064655,-0.35472233075584714,-1.5694926028577876,-0.21917755948312165
F,0.0,0.0,0.0,0.24344250718251909,-0.2786058547734659,-0.08077504687919332,0.3851928776175227,-0.6251023874542737,-0.11963046662153873,0.4614424611480562,-0.9275555246863195,-0.16998247607615477,0.3826564616461261,-1.145547438292573,-0.21239400919720883,0.16509301455433176,-0.9502293378662872,0.03204344946777101,0.24086165764666004,-1.2443362647792735,-0.10979360939682853,0.28864371436813047,-1.1410649379919233,-0.23788658984703648,0.3014553921214623,-0.9919795382119837,-0.29954051445962215,0.005314360103906827,-0.9999576905054127,0.007508313776562241,0.055943127188603094,-1.3989186254542203,-0.060242303353245465,0.08790884505127201,-1.654399666368425,-0.1404926334533024,0.10991001870063939,-1.8877702482235252,-0.1987207302458353,-0.15332637191947568,-0.952613092805495,-0.0499001664119393,-0.14737967987558814,-1.3480358464926805,-0.1245616004562323,-0.13278124385986145,-1.6232377728457217,-0.19103142256996228,-0.11175263630121561,-1.8621161066043412,-0.2327292812346641,-0.3063291193777834,-0.8307794328755657,-0.11887916910241994,-0.3247330786013144,-1.139453692309155,-0.17174663405233945,-0.3327464603637101,-1.3565406423191904,-0.19125146128397721,-0.3320000822749425,-1.555953718887493,-0.20415945143313635
F,0.0,0.0,0.0,0.25127995153988814,-0.26047523082967655,-0.08342674985087037,0.39544563252316217,-0.6060248960333795,-0.12372874602162877,0.4732641895755099,-0.9125852351367923,-0.17545166120723144,0.39337755991867474,-1.1399360578827242,-0.22089357554491607,0.18605009640206377,-0.9430391966962414,0.031231851955601565,0.25783068829488276,-1.231834813359885,-0.10844216085212592,0.3028156201620327,-1.1426852780144392,-0.23574541294388945,0.3184500579569534,-0.9995016130266225,-0.29746907286333835,0.024316839325351905,-0.9996699889583842,0.008282783419165806,0.07053029974379181,-1.3984234760098124,-0.054857904017187584,0.10246036404927747,-1.655911679591036,-0.13306957600652763,0.12987549038127016,-1.8947209834636385,-0.19128897819861912,-0.1350792196821715,-0.9537921126006622,-0.04744622454963503,-0.12692307256141408,-1.351075123592298,-0.118027147881517,-0.11144628814522349,-1.624596304216761,-0.18126466508088193,-0.08947195508363011,-1.8611084338072332,-0.22262776271094806,-0.2885004810455496,-0.833697183042473,-0.11522232441168086,-0.296659282263592,-1.1464574934036922,-0.1670205628782324,-0.3017100824789305,-1.3636503426926134,-0.1851680326874742,-0.30123271654124684,-1.5622551685639523,-0.19790565600066004
F,0.0,0.0,0.0,0.2515517077163705,-0.2611605650383869,-0.08961988727363017,0.3995701874181748,-0.6091826314049372,-0.13318190688382317,0.479047604129863,-0.9171113209535827,-0.18644890809773537,0.3921240291087182,-1.1408313540945263,-0.23280319008912914,0.18609038052837865,-0.9441243315816095,0.020876857293523943,0.2571201905101057,-1.2377356916259135,-0.12309140119881368,0.2980402858203477,-1.136619149274255,-0.252956332733666,0.3083203552204503,-0.9873826075901062,-0.31585642202561354,0.022101349125423518,-0.9997556773405802,0.00034057614981142833,0.0690820062280873,-1.403006040037452,-0.06578088418409486,0.10006934411591159,-1.6603679742896011,-0.14615611417143112,0.1259520336044413,-1.898281511730721,-0.20605153602006754,-0.13841037413731533,-0.9538752710763152,-0.05314031964020159,-0.12953039943513422,-1.3545714838766874,-0.12544437541126938,-0.11447989155365768,-1.6296789767462447,-0.18996172335688238,-0.09260449926220107,-1.8686239255150348,-0.23227499988064157,-0.29191238803225233,-0.8330695547169762,-0.11904538848907656,-0.3003409860361621,-1.147624879476218,-0.17066626892996556,-0.30548102073621336,-1.3650856720496265,-0.18871867886099153,-0.3046265409123266,-1.5650459789595774,-0.20170071248142996
F,0.0,0.0,0.0,0.2511772834829949,-0.25929408233766027,-0.08939120385192263,0.4014891854892516,-0.6073056489308833,-0.13353449331663692,0.4813482278992969,-0.9147416050411109,-0.1875158920239878,0.3941468123953239,-1.1393504419950047,-0.2337253021251739,0.18976698666611685,-0.9432561657720047,0.022376537841544277,0.2624816424154445,-1.2343575962354507,-0.12211792057513661,0.30332048241794674,-1.1217023483784834,-0.250601872062226,0.3137944161696248,-0.9642369235297377,-0.3118917056353363,0.025966855830579488,-0.9996618771835106,0.001361508065913645,0.07584610892258657,-1.3990079293981825,-0.06483306663711938,0.10710614601802186,-1.655341996326411,-0.14400050008707216,0.1323024455295551,-1.8970295815457328,-0.20282617108083045,-0.1360618231017355,-0.9547011144192419,-0.05300768670914434,-0.1243896522396198,-1.356532100591234,-0.1262361888641946,-0.10915404803319664,-1.6314845236401032,-0.19058469517430573,-0.08801421322815038,-1.8720789915816036,-0.23251994416717914,-0.29177621810063015,-0.834548285862725,-0.11967087490104451,-0.2992769158504311,-1.146868552232417,-0.17231414543236442,-0.3043377156448199,-1.364438229842701,-0.1911374610425963,-0.3039213207250284,-1.5656382343775064,-0.2044708047197294
F,0.0,0.0,0.0,0.24741176311360488,-0.2616889161081113,-0.09006889835107372,0.39599419011557646,-0.6080875884376006,-0.13225717964247063,0.47567801863124526,-0.9163752371809699,-0.1836050412118108,0.38883475046735194,-1.1394644278221115,-0.22742796915328195,0.18693340364065103,-0.9414577861296886,0.027225372209350913,0.262491798807444,-1.2298608675845881,-0.11153516332870153,0.3001133696538105,-1.1313905492945535,-0.23914925207185658,0.3065509120987606,-0.985209047270426,-0.3015728724335744,0.02391077999647952,-0.9996796000654531,0.00830492702770638,0.07298262732990908,-1.398010677620931,-0.055202631068779894,0.10124924709318914,-1.653399136666824,-0.1358153390894866,0.12406109145110307,-1.8899903793825819,-0.19563656293962323,-0.13649810380338476,-0.9572157401481479,-0.04344573598505118,-0.12631634980160003,-1.3548653596156017,-0.11442218899762133,-0.11307398764215873,-1.6267293792609208,-0.17946235151634113,-0.09288607335653289,-1.8620182035751693,-0.2216192308157234,-0.29129689167034334,-0.8390517872623373,-0.10754344320158751,-0.2991731870406307,-1.1498788408185325,-0.15839034109601421,-0.30484056278134447,-1.3664261196270886,-0.1766531872341118,-0.30344503787575755,-1.5666689264007392,-0.18939408291133797
F,0.0,0.0,0.0,0.24877461250457275,-0.23708406641927887,-0.09445051055238496,0.40136760845206393,-0.5427367519751133,-0.14593966924519053,0.4800201286988099,-0.839003733558821,-0.20705646524246998,0.39635975993143385,-1.0689557579593072,-0.2617164828763833,0.21574269879662056,-0.9336816076231756,-0.00022361971366340126,0.30491404307959735,-1.2114086847398418,-0.14912499715362407,0.3383955181067625,-1.1161200101662911,-0.28064004878522564,0.33559958501078885,-0.9727741414022256,-0.3454820583176539,0.050734176787892944,-0.9984553046541317,-0.022650561001444105,0.10392814579149898,-1.4163818634630825,-0.09702435347120097,0.13780333937873704,-1.6734376860667708,-0.17899249687968471,0.16757848168713257,-1.90047547746794,-0.2388799118236822,-0.11584293037368924,-0.9637427949774188,-0.07654918565639796,-0.09657696160528478,-1.370591776861112,-0.15775136158805572,-0.0777360484015969,-1.6393712174754103,-0.22782681354478568,-0.05085778988579521,-1.8685504431489233,-0.2724492172098832,-0.2794762024519831,-0.8522153713435648,-0.1423807641213642,-0.27498080612493736,-1.1676172267523754,-0.20196909500633634,-0.2637020868342337,-1.382766907976691,-0.2255469380244185,-0.24627372435543424,-1.5814693243624003,-0.24110817345404809
F,0.0,0.0,0.0,0.26873532989892107,-0.2112076691193028,-0.10378887773719225,0.42437503716204883,-0.4510691583856434,-0.17400814972691042,0.5131986879626743,-0.7301529209363753,-0.26418180276598985,0.4322454098699504,-0.977887386033646,-0.34630705211786794,0.30271366843194697,-0.8990378840650319,0.07075826703225528,0.40940956969170256,-1.1525114431854016,-0.07649581185850897,0.4117265755456286,-1.0409216706319881,-0.21420195379725826,0.3671844242249956,-0.8726093945696106,-0.2781415310184068,0.1282665104668702,-0.9908651993028078,0.0416396338031375,0.21276795842675808,-1.4094485140848763,-0.006841301291976705,0.25796836033582565,-1.6722247294751558,-0.07781992434075514,0.2958409709195494,-1.9363561533499463,-0.13218695519408358,-0.04657575630223432,-0.9869498759093573,-0.030896318650128114,-0.00850723241579732,-1.3948857384291191,-0.09118029058955429,0.020374870302917288,-1.6791175728962089,-0.15891826995268918,0.05171522659467181,-1.9171963756050472,-0.20763008676355035,-0.22054473188489426,-0.9124910502350577,-0.12099168700834652,-0.2083307654557162,-1.2070467574540804,-0.1612743650942666,-0.1856142162197328,-1.4080430540079882,-0.17953873925438624,-0.15069875339643204,-1.5836204200845003,-0.1974537573271863
F,0.0,0.0,0.0,0.2434734253744535,-0.19052303551491367,-0.11322581636278808,0.4055917698861697,-0.4525511265207182,-0.17764745968186393,0.4660195150623971,-0.7304172999518627,-0.2499214559263451,0.38572075462421673,-0.9607207255344313,-0.3111053691201515,0.28907234094880363,-0.8933924511692118,0.0017697687408822409,0.38943997693925103,-1.152434560334171,-0.1543485562259351,0.373156460846413,-0.9987356947610444,-0.2929899092418681,0.3175039277240549,-0.818176660963484,-0.36030776700684536,0.12198257752151394,-0.9924531069578466,-0.01253320672951794,0.1818085849123238,-1.3820615131581562,-0.08835105076665285,0.20825715964147484,-1.6254718877882868,-0.1730605731466585,0.22485626014164947,-1.853297705713257,-0.2339623700839064,-0.05203824840976331,-0.9856572949141462,-0.061968365167605,-0.03118774203932522,-1.38509191711432,-0.14365748683453647,-0.014974110862397545,-1.6561533499872707,-0.21592070823591003,0.006038872426103452,-1.889402413752604,-0.26174192728685675,-0.22781677918190293,-0.8940154630694097,-0.12493656895646331,-0.225743159247982,-1.19320877122493,-0.18118824949275014,-0.2100088019107677,-1.3862779765704645,-0.20115762997841846,-0.1866627206251707,-1.5552363347840514,-0.21358001824578035
F,0.0,0.0,0.0,0.2632785299307628,-0.2036892117521355,-0.13996744704381653,0.43229467827838286,-0.4579447003612251,-0.22767225228413213,0.506546040683195,-0.7399767037309525,-0.32330366869358257,0.4005276926827391,-0.9700858588883229,-0.4076804287611665,0.2879376137020317,-0.9063090418694171,-0.007921189176945662,0.3955934656609078,-1.1691389436935407,-0.16835904901566373,0.3953966650393689,-1.0660827235923194,-0.30694710403774594,0.34258110828840765,-0.9198563373410155,-0.37237179939792314,0.10741198290445612,-0.9940971264022095,-0.015282971157548392,0.17741831838435734,-1.3896148732797868,-0.08402459653403604,0.2020947970112562,-1.6143951769454463,-0.15863333511084704,0.21918302567628628,-1.8427954296520068,-0.21321225271684516,-0.06945754483855605,-0.9856275370884228,-0.06311538318452531,-0.039616385775695685,-1.381481016048845,-0.13775143623235,-0.026449730674352846,-1.661923834503569,-0.20543153663586156,-0.012047586055815528,-1.8998781832419172,-0.2516179338023224,-0.24397967660645878,-0.9018145749886098,-0.12935853208276207,-0.23706362980741436,-1.206525036116995,-0.1805815784316139,-0.22407120749203824,-1.4157302361736972,-0.20426433329620133,-0.20304480625075902,-1.5991760425716353,-0.223226047600808
F,0.0,0.0,0.0,0.2454227440413792,-0.21630819070270685,-0.09968109557410192,0.414772290679797,-0.4876732804881836,-0.160252626914806,0.4899659737304755,-0.7606525616781965,-0.23045754483221997,0.39794206105438784,-0.9752287960688664,-0.29496136938815687,0.2744851830244334,-0.9106604630776067,-0.006166764409965362,0.3641845923970077,-1.1785483296460162,-0.15100042526498494,0.376891471036993,-1.0889849590458998,-0.282629443384697,0.3534486967347625,-0.9601068344120314,-0.35025828215094085,0.10101194699568525,-0.9945318631485203,-0.026513388061013336,0.15998182201360223,-1.3703047931675272,-0.0970991718881906,0.18724947417362536,-1.6042939634308642,-0.1800141339414871,0.2076921761771107,-1.825198933583344,-0.24201075884495382,-0.0755828486932816,-0.9762126519340212,-0.07749217490178646,-0.056134944313598126,-1.377461154529273,-0.15082391890577823,-0.04607484324985578,-1.6445305324302253,-0.21696088554102153,-0.025354762024584677,-1.8767649604511467,-0.26118506285764204,-0.2595849893830644,-0.8714621203317292,-0.14141846213387554,-0.26912248046936327,-1.18643090793735,-0.193002086056822,-0.26295787108725976,-1.3976084290492867,-0.21220877823911383,-0.24464311553736443,-1.585428115490552,-0.2255944689213526
