G,0.0,0.0,0.0,-0.17019677518438872,-0.6141693573932123,-0.07255579878178718,-0.6764396011337835,-1.0525372575029164,-0.19816499431502285,-1.1802056174951345,-1.1998246214069916,-0.2883242610063518,-1.5455705862316618,-1.2639778684100615,-0.39257490349997914,-0.5022998165020602,-1.125373498297927,-0.5375268292805032,-1.2541488191748835,-1.1612516828245114,-0.7176194915427002,-1.6640626529831646,-1.1541086144569046,-0.7832557152037868,-1.9906195001238802,-1.1331373082183913,-0.8288989970401308,-0.5099251023963475,-0.6221209443269387,-0.594089152043557,-1.2984891286294487,-0.596124602081064,-0.7739397435700098,-1.1259392919870674,-0.572059284760096,-0.7235758707527246,-0.8735315855783506,-0.607076619421783,-0.6912746844131983,-0.5456612228383083,-0.12073446290413843,-0.6292283108904875,-1.253864383174467,-0.21579549845897916,-0.782022620497435,-1.0633572152720134,-0.2117983107258509,-0.625830124133886,-0.8338333701565598,-0.22152238953230366,-0.5149291355379839,-0.6000863892297248,0.34694081150823874,-0.6630669600049932,-1.1632001002104826,0.16327057387554111,-0.7839531067177954,-1.0067390596306312,0.12093024352780186,-0.6795840261817867,-0.8088599508862097,0.13289471758428983,-0.5966401104645017
G,0.0,0.0,0.0,-0.20166372173745137,-0.6428034953175694,-0.08755034011944976,-0.7495417264948661,-1.0996249833031446,-0.22460724950348154,-1.3072978320634878,-1.2580091672511098,-0.32616049079541887,-1.6904199720261541,-1.3951691965149335,-0.4411051530069362,-0.4717389493282705,-1.1617417229336926,-0.5378829786089139,-1.2422546668396752,-1.218007446319039,-0.7264860849429221,-1.6641804639595548,-1.2232593542209231,-0.7954016644700381,-2.004688385275607,-1.2112334545862762,-0.8464607418395703,-0.48133660993997673,-0.6441790896658297,-0.5944311300468655,-1.3196628900201046,-0.6576463357129603,-0.7893657778861252,-1.1383517258363942,-0.6355643459583717,-0.746169271191693,-0.8797442698932111,-0.6617654731688781,-0.7208615310398473,-0.5200829251807161,-0.1355428343074874,-0.6318942861087001,-1.2834075076309839,-0.27109698408649224,-0.8042946311562267,-1.081616257471295,-0.26422207058073577,-0.643849731641973,-0.8382177127182711,-0.26454807848986106,-0.52727246861256,-0.5853077495959172,0.34474143678136354,-0.6687108929483213,-1.1854451891743807,0.128398490250193,-0.8029056570274558,-1.0286497585921808,0.0951199943408336,-0.6999399123070211,-0.8278729251628565,0.11705916449545815,-0.6184235613186368
G,0.0,0.0,0.0,-0.176548615251411,-0.6474546919659805,-0.049110693772111316,-0.6614061269180368,-1.0913656965866405,-0.17104409114604346,-1.1383948435237057,-1.2140167381390696,-0.26432779007321133,-1.4960685465377765,-1.221031456624329,-0.37323697019011537,-0.4981903936473702,-1.1429538642214851,-0.5283415937636762,-1.2778588104175568,-1.1917439750150525,-0.7040466414661962,-1.7048163646596417,-1.1995286978615574,-0.7700917396241079,-2.0386467930923584,-1.1870599082798927,-0.8154356483996378,-0.513380755600847,-0.6159436975658155,-0.5975395896571662,-1.3271709580662057,-0.6478389353721046,-0.7820275659979101,-1.157714456298918,-0.6462166754939584,-0.738751848873392,-0.894698327258023,-0.6652949979785954,-0.7064845080529575,-0.555814157154397,-0.10698174113539488,-0.6410564453173603,-1.2962460410888095,-0.27403323125171347,-0.7849879247044522,-1.107899392912554,-0.28795704681201834,-0.6277999339899065,-0.8680714125508657,-0.28334278733073587,-0.5152968184600749,-0.6116274847076087,0.35952678209471095,-0.6826926025051628,-1.1988816149690957,0.1143345695372596,-0.7896544637486926,-1.047833893068823,0.05743801550975352,-0.6763453779463791,-0.8429884521935923,0.08359600757673569,-0.5878262137899543
G,0.0,0.0,0.0,-0.19275337763753747,-0.5797349050425389,-0.050509871817273,-0.6507133407454305,-0.9532604122567824,-0.18350051638601406,-1.146245779893594,-0.9600391420285874,-0.29515962143607477,-1.4816057810047394,-0.8678232673753257,-0.41926997563136326,-0.5191960193069843,-1.1626567464399191,-0.43470597644496906,-1.2270269185024256,-1.12296544841404,-0.6055573823302051,-1.6020253971480243,-1.056728552165912,-0.6791319751983245,-1.8853686186289045,-0.9884907796885982,-0.7324405309662037,-0.509445536659613,-0.6941014729382683,-0.5086141862379825,-1.2856873755116454,-0.5802406012246566,-0.6830874346975916,-1.128599834243759,-0.5322918997834746,-0.6518544680359337,-0.8921239947119718,-0.5744327480992317,-0.6341080584116395,-0.5316415474827927,-0.21903037165622802,-0.5668841542590966,-1.239841890001787,-0.22489764783450708,-0.7289729857506622,-1.0518090436690144,-0.2116246986651685,-0.599401806807744,-0.8229867732982742,-0.23883595512595535,-0.5044052784147993,-0.5749135346177792,0.24144306654082542,-0.6231172695941515,-1.1258657735796096,0.14135873936367002,-0.7556056927662993,-0.972159043879412,0.1011620452721017,-0.6700044592275293,-0.7766439948662979,0.08132134818023327,-0.5989136674366969
G,0.0,0.0,0.0,-0.18897438850342993,-0.5805677049376561,-0.05648460021343316,-0.649132876484684,-0.9597694298085442,-0.19009440171016298,-1.1456582584730353,-0.9793437117530647,-0.3013081620587766,-1.4859937739031142,-0.8978844534382184,-0.4249321892947341,-0.5123889761312166,-1.1639454946646521,-0.43741216617528883,-1.218337310402456,-1.1227151649284792,-0.6083902721836246,-1.591426540035989,-1.063895110201194,-0.6811182276641956,-1.87382376018093,-1.0050789438296577,-0.7341907691620229,-0.5050968135804867,-0.6970374193117915,-0.5089361895070901,-1.2795178961736444,-0.5860667372795416,-0.6848251766622461,-1.1209899313930973,-0.5392844337424397,-0.6538674341583758,-0.8846999364063822,-0.5806122714766249,-0.6355939567640244,-0.5271025142852567,-0.22231853457214837,-0.5654087242270167,-1.2321349912254735,-0.2372641776539722,-0.7325041948559142,-1.0422226116736806,-0.22169908959091122,-0.6035982849914359,-0.8127533908792066,-0.24701467835090576,-0.507342674022704,-0.5688828968077624,0.2379126357511823,-0.620054329953512,-1.1170163309219552,0.12977267670417053,-0.7578178394380343,-0.9635662596452531,0.09102281883154156,-0.673903084467724,-0.7686737936919159,0.07274784591574836,-0.6026876993734959
G,0.0,0.0,0.0,-0.18636935856359174,-0.5747621984031316,-0.059183524135592164,-0.6421843796198029,-0.9547453820408285,-0.19373911318278964,-1.135259201945712,-0.9840372665537249,-0.30715869736296747,-1.4690741218485674,-0.9074273275973623,-0.43368976046418617,-0.5142807312146006,-1.165508540853842,-0.427300503632859,-1.2153680313252742,-1.1213635826700759,-0.5975720751662148,-1.5847450901398332,-1.0663288262464827,-0.6717247063604176,-1.8648678335523674,-1.0146643334493783,-0.7264791107165324,-0.5055781924005291,-0.7045149324962588,-0.4980455815071602,-1.2753754513991673,-0.5879277247340579,-0.6764384557426907,-1.1142341556185924,-0.5397971474972857,-0.6486715989140345,-0.8776212378384606,-0.5790721019154506,-0.6319125237073997,-0.5245201488907782,-0.23189056308399428,-0.5546418249711036,-1.222016768563698,-0.23310738465851055,-0.724816398010461,-1.0315555077723533,-0.21295434346965483,-0.5976372566444775,-0.8046572344930867,-0.23443622628368327,-0.5016310912080744,-0.564936439674122,0.22741912122369365,-0.6097665597642269,-1.1110462642578622,0.1322002665206779,-0.7494614885217664,-0.954458538245347,0.10445613074003221,-0.6662241746412224,-0.760074764036002,0.09230693726762247,-0.5951258637298276
G,0.0,0.0,0.0,-0.17890747304063143,-0.5742890372275863,-0.06815429348269575,-0.6333285516641182,-0.9548815718903382,-0.20677627334365534,-1.1168437539376455,-1.00616271376993,-0.32241980367901857,-1.4468577895027017,-0.9379686036733094,-0.45139353393649,-0.5079617940235361,-1.1611721760115088,-0.4414138389950589,-1.2011717627179714,-1.125731460131782,-0.6200497402984054,-1.5693221430811772,-1.078051891152946,-0.6987197528169441,-1.85143442834062,-1.0314231144857293,-0.7552662598509416,-0.5002312130125698,-0.7004282185970199,-0.509086480002149,-1.2666525720979145,-0.5964724304728801,-0.6951816926611983,-1.1103571466910165,-0.550581338102048,-0.6690297723795903,-0.8763384338208092,-0.5904235400753345,-0.6514550934945719,-0.5194877335520196,-0.2272097841066897,-0.5635988422241972,-1.2158677509795675,-0.23877922344626223,-0.7408828509610427,-1.0307286279184122,-0.22161885005366463,-0.6145275299052606,-0.8039049046351375,-0.24564222489161977,-0.5165205675090606,-0.5588677500324852,0.22941800368350046,-0.6171651590755647,-1.1086349770867214,0.13068974494057958,-0.7604463623547927,-0.9526528107360688,0.09924844398386044,-0.6774034104937215,-0.755470583725705,0.08383259426514547,-0.6052155117517427
G,0.0,0.0,0.0,-0.18102434061724865,-0.5862849511504232,-0.061481617521359146,-0.64932214126987,-0.9854042462779149,-0.19441088945652918,-1.1489412911970402,-1.053585386804228,-0.3064916308544837,-1.4971937509933355,-1.0025858338913596,-0.4324807743706656,-0.507986154432384,-1.175991880222757,-0.4272868260472557,-1.2080790251984468,-1.1505012567029897,-0.6044728826731887,-1.579222369403186,-1.1046499255674322,-0.6829935236936948,-1.8668552347516838,-1.0572850038050383,-0.7397954282576773,-0.5029630227895224,-0.7060142105938483,-0.49857008749620313,-1.2805242138200366,-0.6108068888729306,-0.6851097589255825,-1.1201614073370343,-0.5627057659046191,-0.6617448286722589,-0.8819074149155643,-0.5980278637963234,-0.646153792628126,-0.5213787313635705,-0.2243238330100404,-0.5562337791846219,-1.2235593869833812,-0.24478857900594586,-0.7358774374428864,-1.0338623337762403,-0.2244455670677118,-0.6101308848856166,-0.803944530973205,-0.24576214636942809,-0.5119960726462243,-0.5618469153473635,0.23990182611942285,-0.6119688327055908,-1.1156920283625276,0.13582256288716082,-0.7577499050981797,-0.9576308803533925,0.11079873913741174,-0.6755117607131266,-0.7578549183864159,0.09693295538054021,-0.603723371571868
G,0.0,0.0,0.0,-0.18062628409237194,-0.576658872408577,-0.061831090465971635,-0.6483910196541043,-0.9697555026718643,-0.1927514661874976,-1.143340809598293,-1.0407676461967201,-0.30260981003291143,-1.4902722285989665,-0.9979302975741683,-0.42585851076820896,-0.5099685655808376,-1.168157502309058,-0.4281617062064672,-1.2081562642344483,-1.1450569041446221,-0.606093343866709,-1.5777522270672568,-1.0967846009350795,-0.6844938792045413,-1.8632675706110804,-1.0481539590405324,-0.7406300533745994,-0.501147083623919,-0.7075737530366081,-0.49818770015821345,-1.2726318263120002,-0.602903174344579,-0.6846488569058617,-1.11360202509359,-0.5510057537039538,-0.6612765563714036,-0.8795430583320972,-0.5884677196559247,-0.6456158706557733,-0.5180836516152495,-0.22983601339770673,-0.5547446576870763,-1.2191054010333002,-0.23944130452891338,-0.7337525965832691,-1.0293265118953348,-0.21744989311265997,-0.6084115078829485,-0.8012332038492571,-0.24094632700593188,-0.5106352823316376,-0.5569448016140689,0.23226273740374923,-0.6094608581186455,-1.1104447135238593,0.13560261589802108,-0.7552734049796591,-0.9546263526723239,0.10837250458386363,-0.6742546914754945,-0.7564284700076009,0.08945343159769018,-0.6030497708099717
G,0.0,0.0,0.0,-0.1749006254250007,-0.5835291357218678,-0.06914414974707551,-0.6384410016510227,-0.9842277922704525,-0.20694177407566702,-1.1325950999533834,-1.059742222213704,-0.32142755081301594,-1.4795098659721324,-1.0122230215351316,-0.44988865970017644,-0.49512007403140923,-1.1675698651979918,-0.4493797759775793,-1.1993805179236348,-1.1536803507173756,-0.6307728468311683,-1.5721122499826434,-1.1182626458538676,-0.7099280537507054,-1.8613230646771,-1.0766898568639636,-0.7662861732417741,-0.4908195549035197,-0.7008945845719937,-0.5175354537053121,-1.2721514924842925,-0.6180609613475765,-0.7062564878036295,-1.1143321966047188,-0.5775947686183497,-0.6810138226390641,-0.8772309245469019,-0.6138405387109359,-0.6639701324222315,-0.5121953812842611,-0.22147131502299267,-0.5718401972642381,-1.2216660115978473,-0.2545484558771823,-0.7517753087247204,-1.0346259499145587,-0.24117173960933713,-0.6237761473173998,-0.8047773248049526,-0.2615276907424829,-0.5243665401732649,-0.5554965682432232,0.2397724599295092,-0.6249826759954955,-1.1148365636078847,0.12329078251478141,-0.7723307482994168,-0.95912537124423,0.08776738641658016,-0.6902378670617387,-0.7594153093267861,0.0726478186774968,-0.6184229690867089
G,0.0,0.0,0.0,-0.16255239269233088,-0.5448937574464271,-0.07311504712999242,-0.5975273322132307,-0.9404768341981282,-0.21789972353034803,-1.0783701051294758,-0.9933751104854587,-0.33990944700306186,-1.404526028362781,-0.9399285555054717,-0.4751314445675114,-0.46580300763742416,-1.1823604937913725,-0.42649781208122484,-1.1475588060803557,-1.1712105874030556,-0.5912061949715955,-1.5187142827352669,-1.1492590893849093,-0.6641727543646005,-1.797539067175908,-1.1245601517963257,-0.7209859587672204,-0.47536706435903076,-0.7306281046957765,-0.49011093310732656,-1.2192255261682448,-0.6699827006196587,-0.6678439211353603,-1.063663908006327,-0.6083501589511139,-0.6447552388411457,-0.8335641112564106,-0.6263941021553785,-0.6309835339383747,-0.5096039571822384,-0.2695103877046902,-0.5402584518385868,-1.1804322280073012,-0.29776458376590853,-0.7113501598229195,-0.9938732507285447,-0.2639630106577956,-0.590463482320825,-0.775998092780092,-0.27477492490959576,-0.5003511584345016,-0.5718464183432058,0.17681265254635822,-0.5892240303542359,-1.0866217142005599,0.06416423843980015,-0.7329853432106873,-0.9192793299819056,0.07547134361412336,-0.6544143374178941,-0.7294911416187507,0.08023980510033697,-0.5875186226052042
G,0.0,0.0,0.0,-0.1935810333096382,-0.6153408039686075,-0.061245645698464746,-0.6638584551401963,-1.056767346741178,-0.21685911375902872,-1.1685660786085217,-1.1736624635700768,-0.35561505613130456,-1.5359184156186922,-1.1780788882861917,-0.5138201626081454,-0.43512248207752885,-1.1959250253816363,-0.4942513213542839,-1.1927169397748572,-1.1810090194121519,-0.6911541677678501,-1.6081797810291638,-1.1609007706709014,-0.7748176787355321,-1.9177021625404993,-1.1212517912273998,-0.8348705237830882,-0.42819352133253147,-0.6931780092356506,-0.5797883715640969,-1.3173367366798807,-0.6529031346784194,-0.7791816138375782,-1.1670827702096884,-0.6167309080606268,-0.7457589971927795,-0.9128695159701904,-0.6461167997410022,-0.7276161652487757,-0.45294705945787417,-0.18086975697500277,-0.6484983543658234,-1.2698609172794761,-0.2718935473726402,-0.8412905094077793,-1.0842068936799716,-0.2519090182272675,-0.6928687041111237,-0.8273689928930744,-0.24900310031980355,-0.5812220096962206,-0.5169714527926689,0.31652547450748203,-0.7150004979584077,-1.1479884914539553,0.14397080211440072,-0.8787499339389826,-0.9967477534080634,0.11175727087676816,-0.7873908899715506,-0.7743649308532792,0.12258356473587367,-0.7092761448335944
G,0.0,0.0,0.0,-0.18378025896848355,-0.60011783701293,-0.058251025980912585,-0.6425829437418314,-1.0376425089173,-0.211690642937028,-1.137614218289682,-1.1377466438028696,-0.3488615889774496,-1.4964122520207008,-1.1080945290166209,-0.5057344742767702,-0.4388252090338845,-1.1878749712115821,-0.4867067480589713,-1.1886665595404127,-1.1724790229283715,-0.680447415061032,-1.597458848083459,-1.1494514779684992,-0.7630166990337209,-1.8998246717363245,-1.1065212348599438,-0.8218340507243994,-0.4337416505276367,-0.6956519740267281,-0.5726574120975628,-1.3137925280844562,-0.6400945299940219,-0.7706650959620557,-1.1635979487106136,-0.5993674257715333,-0.7388835492762468,-0.9090596415290001,-0.6257685271506956,-0.7201695512876072,-0.45787735326453183,-0.18647126398646816,-0.6415836975761927,-1.2637409547667207,-0.2629664334375978,-0.8335806384566872,-1.0794125464103161,-0.2403407768510811,-0.6904630827459455,-0.8252510919328985,-0.2387872476963724,-0.5814985857175973,-0.5200445433721383,0.31142231226309225,-0.7078580962699003,-1.1432189140144942,0.14802833515811656,-0.872089532979108,-0.9916266195847928,0.11822139452311603,-0.7841734865572932,-0.7706189794090084,0.12722797650337275,-0.7076261045592973
G,0.0,0.0,0.0,-0.22536020844652976,-0.5523422295375514,-0.048951184059178976,-0.7054476805953322,-0.9099958224851168,-0.20640610286201563,-1.2524975880412297,-0.8691949191028415,-0.3504146018280117,-1.6313259697767775,-0.7952096680363379,-0.5066829861584946,-0.46295549306534023,-1.1951708214522054,-0.42009000537211666,-1.1698656745862834,-1.161764165071073,-0.6038821926425704,-1.5492480709850431,-1.0758616399556977,-0.6912576083683605,-1.8257918393014123,-0.9863749791619916,-0.7580841374208535,-0.45116717333962103,-0.7362427063536618,-0.5043757121846489,-1.2574125201113355,-0.6194528706325823,-0.6817222459554908,-1.090912320709796,-0.5342748732427863,-0.6529321237853211,-0.857284062212231,-0.5708227285927481,-0.6468775349659328,-0.47117281700821595,-0.2730219707468611,-0.5758832526096807,-1.2223604737941496,-0.2724606221884935,-0.7415845540050786,-1.0239205498320785,-0.22075360555192372,-0.6002837711476345,-0.7910525717989766,-0.23517296016471148,-0.506980390886002,-0.5250659455590817,0.18633869137637996,-0.645965687334921,-1.094415783541415,0.10716807085590807,-0.7910658098566674,-0.9391058858314493,0.10550022086594059,-0.7063665019152563,-0.7458305519537388,0.09367125913790078,-0.6403045696301044
G,0.0,0.0,0.0,-0.22440441682434326,-0.559086541350323,-0.0630868635401745,-0.709496491556121,-0.9140045507467233,-0.23016293949341793,-1.2625580405188395,-0.8769382114858327,-0.38070556081345786,-1.647295037172157,-0.8084165052851704,-0.5430528330849232,-0.45676448317904167,-1.1991089266420587,-0.4383807493039183,-1.169752287444518,-1.1587485883243165,-0.6308288579946626,-1.551469400185375,-1.0728340376503072,-0.7233346389092885,-1.831281860859155,-0.9842491345028663,-0.7928714638268682,-0.4465909789430874,-0.7294174749187236,-0.5181762680882329,-1.2548163270079695,-0.627793556160669,-0.7061208696580069,-1.08755930004472,-0.5438561436926364,-0.6806875708005374,-0.8525362689352487,-0.5710626489389474,-0.6751575555630512,-0.47069648928249974,-0.2618410654829903,-0.5863836884242989,-1.2190923977916477,-0.2727019353757944,-0.7615493836445599,-1.01606896222979,-0.22321776451482422,-0.6191221712708649,-0.7799771744877247,-0.23042171367167863,-0.5226154404925523,-0.5279097529682982,0.19562032582283503,-0.6543591266989482,-1.097900567058544,0.10882171148269358,-0.8047568409957181,-0.9384597464359705,0.10659554559360368,-0.7198010007284523,-0.7442153832132782,0.09846320645866644,-0.6530024029494786
G,0.0,0.0,0.0,-0.17283640151933038,-0.5832975255811487,-0.06095937507904717,-0.6280792764960608,-0.9855795356727036,-0.20125760282345093,-1.1197555796507217,-1.049305568791517,-0.32028691073681365,-1.472875195432354,-1.0064028634818387,-0.4525808030046143,-0.4581463435874626,-1.179437020351783,-0.45968368857554803,-1.1696348925727797,-1.2258774313278642,-0.6360123874646185,-1.5540748440002794,-1.2439525957754403,-0.7065631988260247,-1.8489603160933832,-1.2498173657135014,-0.758425537915382,-0.4614515351093893,-0.7089459801917111,-0.5333461145590187,-1.2431558058923013,-0.646500253965129,-0.7210968859082891,-1.0886229414917121,-0.598712089245747,-0.687745675287401,-0.851758475121367,-0.6402371630403789,-0.6655301468517495,-0.4957636414933758,-0.2327839318806416,-0.5914335687419593,-1.2023297536287099,-0.2908278636163734,-0.764595149871106,-1.0146091928481475,-0.2710452288864595,-0.6313621785299718,-0.7836466217659043,-0.2879977582471554,-0.5306368884420738,-0.5548240091075056,0.21783055085120687,-0.6478368114524977,-1.1038351646031022,0.07178622764113829,-0.7850413817442726,-0.9477403731251144,0.04568695865294982,-0.6975622242681132,-0.7478027618957871,0.04231136208473126,-0.6236342632859967
G,0.0,0.0,0.0,-0.17197692494620878,-0.5791682016261753,-0.0556226931980586,-0.6208925972860047,-0.980013705601292,-0.19234034300370856,-1.1065066214289678,-1.0417741731124754,-0.30747286072257807,-1.455243266973249,-0.9944442610009867,-0.43589708660842147,-0.4584489884708838,-1.174708650804164,-0.4585798706674327,-1.167994674638977,-1.2228550655629216,-0.6332380037626973,-1.552935328860545,-1.2402758120717539,-0.7024173934689808,-1.8489988926578087,-1.2467952488936023,-0.7530492926234508,-0.46618022477920484,-0.7050378216886648,-0.5344133868208325,-1.2494959998077422,-0.6505546653513461,-0.7190989941090024,-1.095394190658574,-0.5976778650834507,-0.6829980291021596,-0.8568768155230805,-0.6336415865809519,-0.6585012470947051,-0.5022310004120812,-0.22935270661849447,-0.5939504946755584,-1.205371101170067,-0.2898097309190601,-0.7620200140021139,-1.0198622919155367,-0.2666411907067053,-0.6261000088156831,-0.7902439813533975,-0.2803149081131381,-0.524456385023231,-0.5595656238366895,0.22413330782849922,-0.6517955617995541,-1.1120789744004842,0.08052181809454352,-0.784104819059798,-0.9584139164406984,0.054390180151917954,-0.6936537217643349,-0.7581828908227164,0.05253302526391374,-0.6183507472675968
G,0.0,0.0,0.0,-0.16985723146780785,-0.5901914379783071,-0.05004234779066254,-0.6175263862098115,-0.9992525017917983,-0.18333587764095183,-1.0984803110649066,-1.0644956846918,-0.2962133440670787,-1.4428769823493761,-1.0058830956553262,-0.42284162922961155,-0.4607066985853731,-1.1765543908597516,-0.4546591463697993,-1.1756809869459959,-1.2300878782017899,-0.6276976748090625,-1.5622890994129295,-1.2463201003756552,-0.6966971058314958,-1.8584064236627615,-1.2526428111593082,-0.7469518247427721,-0.4679664772416714,-0.7059873825385774,-0.5315911886726008,-1.2537991991338884,-0.6528761348489387,-0.7147526220410934,-1.1044685996944879,-0.6044992790810141,-0.6778551086309352,-0.8677141151629354,-0.6440505508149923,-0.6526742237391349,-0.5045423907470887,-0.2279682618211347,-0.5915236493626291,-1.2122306595690606,-0.2937407352458602,-0.7566561055957216,-1.031751834585384,-0.276343030246145,-0.6202453387689103,-0.7998888890778157,-0.2895320555467312,-0.5180877200715518,-0.5627076920161901,0.2264295919013738,-0.6496524221307285,-1.116553718785199,0.07278892753557323,-0.7809978786359314,-0.9689067105021881,0.035205423786188426,-0.691811232452565,-0.7697843349907416,0.03027869812450437,-0.6170126409781879
G,0.0,0.0,0.0,-0.1609541755595326,-0.5968855434412799,-0.05176071891692684,-0.6148837790060961,-1.0069588253822408,-0.17932314131296415,-1.0951477502524494,-1.0752236923849503,-0.2834103538868883,-1.4376447943772699,-1.0095018945777627,-0.40138271602040826,-0.47847641464707125,-1.1613221357959314,-0.4628584295623929,-1.1966773659844123,-1.2192755605363403,-0.6333171725283169,-1.5825136598737009,-1.2315323202655772,-0.7011736158399068,-1.8822650070041842,-1.2343282267451923,-0.7503371209066322,-0.4842721770169576,-0.6917550112128983,-0.5356822407258799,-1.264739483278881,-0.6379636540778978,-0.7137479218022796,-1.108299487983743,-0.5949861145917409,-0.673882560345057,-0.8691277141814725,-0.6302363708188545,-0.6466717349492521,-0.5157676646087677,-0.21065604708526994,-0.5905203382185135,-1.2164622583716986,-0.28085393460515573,-0.7488956034728573,-1.0317527752803672,-0.26520831547738083,-0.6092630266229259,-0.8038597038129954,-0.2728348237335116,-0.506144779948472,-0.5652104004127299,0.24665521754533776,-0.6436091946077643,-1.1176616657096796,0.08740072038314249,-0.7704582298958977,-0.9660111823833222,0.058309736357849695,-0.6772887404472204,-0.770530171153298,0.06840283278050628,-0.6001875402836231
G,0.0,0.0,0.0,-0.16652560861334295,-0.6096986196733325,-0.048999126482953986,-0.6302628397800557,-1.0222190879202844,-0.1807995362170425,-1.1117213389947713,-1.0596228910653618,-0.28570930396426547,-1.458706909701306,-0.9589922514252042,-0.40751927257006487,-0.479249702813706,-1.1573590495479917,-0.5141502860886342,-1.2513557128785477,-1.1614184676938863,-0.6852799643577313,-1.658930177963628,-1.135020711020993,-0.7508619651847882,-1.9748346924004814,-1.1032038634784693,-0.7976161658896139,-0.4880776174406122,-0.6458208340664858,-0.5871079028927851,-1.3216711198187172,-0.6106953757993355,-0.7647403637536623,-1.162829037257548,-0.6079080625221491,-0.7266951339737419,-0.9057920923955343,-0.6414620413404059,-0.7018752583709129,-0.5265316025871427,-0.14136549870013945,-0.6353403643777269,-1.285894751033508,-0.23315937208905585,-0.7834665282607619,-1.0961835769925354,-0.24075438189788023,-0.6395869706685974,-0.8542490838931425,-0.2450477358297697,-0.5376390591659156,-0.5823012617094713,0.328122126989883,-0.6810591621324443,-1.1744945297426856,0.15480637412331472,-0.800587387468831,-1.0210358154243664,0.10789118450089716,-0.6992662420981874,-0.8133725988438015,0.1270119575821431,-0.6190186013629672
G,0.0,0.0,0.0,-0.1707812079478199,-0.614702078514978,-0.050466486851147,-0.6347832426867986,-1.018842300616391,-0.1788699229028971,-1.113653730814876,-1.0522427654940945,-0.28238548293685944,-1.4496250736316174,-0.9456810927632627,-0.4014248372347058,-0.4967655239264189,-1.1563175157754897,-0.4876213765964827,-1.2597293816331878,-1.1530947221045134,-0.6597136217490582,-1.6693462992341956,-1.123493362236596,-0.7321657360045307,-1.9861325409037136,-1.0870922236830822,-0.7847323444196288,-0.5048161889005832,-0.656411347820688,-0.5606110575756764,-1.3254772161625792,-0.6011505470886864,-0.7325189004776418,-1.1713268873976523,-0.6027483576371303,-0.698187458977239,-0.9196175388496513,-0.6462462774302321,-0.6788458785588828,-0.5410233279135107,-0.15827487274344887,-0.6120549410436563,-1.28661158833126,-0.23660645271734732,-0.7595878396325323,-1.1049777806765093,-0.24326341740889634,-0.6210790792825539,-0.8683599533932644,-0.25266639188421547,-0.5235182032335172,-0.5918603703918515,0.3064200626347898,-0.6621892091276178,-1.1769285451420386,0.14655211874535443,-0.7814407504229803,-1.0267634219233885,0.09935114583226809,-0.6831438056773017,-0.8226582114575097,0.11422718226529817,-0.6052777930047939
G,0.0,0.0,0.0,-0.17370087436258488,-0.6049236321267242,-0.05919276099761085,-0.6383676303400506,-1.001640285151675,-0.19195267943640376,-1.117271306429132,-1.0462349940870352,-0.2973657549368978,-1.4582889971808095,-0.9494763074701482,-0.41749815651745514,-0.4864200741422079,-1.1531195133762582,-0.4994135915910809,-1.2344878228091132,-1.1457592246475516,-0.6749205554196799,-1.6364662047467224,-1.1102698501555546,-0.7475509660835824,-1.9472241833744663,-1.069552221095013,-0.8000133972630981,-0.49167992598884136,-0.6586934397927136,-0.5695382364281177,-1.3077963235745786,-0.5952220163760581,-0.7421410271660264,-1.1549214967603425,-0.586859687234292,-0.7041033791228039,-0.9066160075419691,-0.6325471614405909,-0.6833014987995281,-0.5269018185722634,-0.16126593763505342,-0.6195230577711441,-1.2666976501109444,-0.23133775088459255,-0.7699015822997244,-1.0866501026732,-0.23705466830833485,-0.6294271620192666,-0.8531480946616814,-0.25228737194625966,-0.530860821714678,-0.5771217815404742,0.3055209644177489,-0.6688531741268369,-1.1562182365393407,0.1469176449392825,-0.7904980803154219,-1.0098036452947816,0.09574350674165204,-0.6931301293512252,-0.8082108211767426,0.10651692719264332,-0.6163427604470548
G,0.0,0.0,0.0,-0.17443774551006933,-0.6160023308692739,-0.06159394589343423,-0.6595023628151105,-1.0359956500199399,-0.19414163923417704,-1.1568703902416098,-1.0867340898351319,-0.3006236120159457,-1.5054814273692687,-1.0065287513619425,-0.42253440262975084,-0.4890054112175985,-1.168028205890998,-0.493499216174029,-1.2387448046396945,-1.1660112063175778,-0.6698599580332155,-1.6483846820806807,-1.1447122143037103,-0.7404183153610346,-1.9662413434527968,-1.1126837676829502,-0.7913090914709592,-0.49783245761787853,-0.6572220265352379,-0.5658816589880418,-1.3233904787776807,-0.6113181294545017,-0.7508027190834731,-1.1656016778395435,-0.6068066130799606,-0.7164614579890443,-0.9091264087713927,-0.6496040946125834,-0.6931029335337143,-0.5297169468391115,-0.14961004162974154,-0.6183138725192346,-1.266856397048484,-0.24303871311892852,-0.783401888166217,-1.0859932359009794,-0.2511204368409467,-0.6436141061896403,-0.8505181913833757,-0.26291345254589893,-0.5393110651060098,-0.5800745858169731,0.3245425409519333,-0.669322511755047,-1.1639492001070544,0.14054295983158013,-0.7982030868478757,-1.0124073842379806,0.09418676200776172,-0.6996826006419291,-0.8056950919851212,0.10928696754974658,-0.6195349967466546
G,0.0,0.0,0.0,-0.1657186644958181,-0.5801953314358471,-0.05933628997071989,-0.6197702505437189,-0.9791723554080294,-0.19721120642910955,-1.1178982448876513,-1.029073885831938,-0.3120160702894765,-1.4634155210148894,-0.9971833996035744,-0.43888703945553087,-0.4649016054606064,-1.177717894888344,-0.45205592282652673,-1.1752091870127728,-1.1991497955464505,-0.6233731686102115,-1.5534360276763115,-1.1834020649215777,-0.6908872393378832,-1.8381900827743856,-1.1578505325546422,-0.7395478825846408,-0.47370617356357436,-0.709185052237927,-0.5221676194576271,-1.2408054788030576,-0.6537139688768533,-0.6997031045567169,-1.085400258123989,-0.5928501960349501,-0.6640830737859097,-0.8494970268589694,-0.6188757583762273,-0.6419200776560123,-0.5095702519632173,-0.23969876293457337,-0.5765449025938156,-1.1959527865717725,-0.29704771125081947,-0.7389907327710484,-1.0073534972349012,-0.2649647999760534,-0.6052212097276917,-0.7810149578953417,-0.275568826561165,-0.5075349366133076,-0.5662629201445322,0.20719329463722513,-0.6291770805900889,-1.096351727133476,0.06256387655669746,-0.7591276547634549,-0.9407935839058665,0.0553630500146487,-0.6704053438272178,-0.7497831458926888,0.06285176597293264,-0.5977443894079685
G,0.0,0.0,0.0,-0.15415311094359968,-0.6037770642740341,-0.05210933712549638,-0.5991626584767589,-1.0362204741984102,-0.18095773713978677,-1.0769045006580973,-1.1243380696273542,-0.2890054292024798,-1.4168903056534181,-1.0749233897126085,-0.411472097130529,-0.46013287671131076,-1.1773672006564515,-0.45100506144364727,-1.191078222705113,-1.2212972898315357,-0.6232296699581842,-1.5823021543899225,-1.224197704172605,-0.6949649347455125,-1.88505738466555,-1.2142208973679964,-0.7471282014369025,-0.4778127910581741,-0.704119090541702,-0.5252725416732955,-1.2627347691071915,-0.6768216617793338,-0.7062646803828276,-1.1040873196963463,-0.64399052382411,-0.6768210480961798,-0.8595987029218665,-0.6695269650793769,-0.6577377710295131,-0.5177785359399818,-0.22548402019302194,-0.5818881535864535,-1.22149770524858,-0.31306161583716086,-0.7440879359443782,-1.0365015409027978,-0.29467736712752274,-0.6107179189083003,-0.8050408358371898,-0.29523070772677545,-0.5120471328505398,-0.5741601529997299,0.22756852245048084,-0.6371060498859238,-1.130154361526239,0.0619016822378275,-0.7664296311398225,-0.9757083590654458,0.04159969145132718,-0.6749761498982055,-0.7732872718489491,0.058834507716161444,-0.5995336925960894
G,0.0,0.0,0.0,-0.15390640776261583,-0.5978065517627645,-0.05297765697832178,-0.593395533142818,-1.020259781764866,-0.18040206983917256,-1.06398824807562,-1.110606238214795,-0.28619187791519934,-1.401128279564761,-1.0598333048669095,-0.4057728314356147,-0.45706977931421505,-1.1748801193977092,-0.45313433024908933,-1.1806694878509147,-1.2173940224261992,-0.6274363891540171,-1.571723265471313,-1.220124097429633,-0.7016554794594009,-1.8735280313218279,-1.208759404865207,-0.7548778070226453,-0.47410208485010236,-0.7052771538785452,-0.5270781245297186,-1.255194313051489,-0.6787859132633707,-0.7066707881853014,-1.1007601984834758,-0.6435046448347075,-0.676460545825229,-0.8574843696600626,-0.6706821436197129,-0.6565820937210017,-0.5140474557747701,-0.22767407540964085,-0.5838711484814121,-1.2156686545122934,-0.320843942760557,-0.7440741768808514,-1.0372735397826496,-0.3061450346635021,-0.6118340000390194,-0.8069447760560603,-0.31132128798197856,-0.5137275761257633,-0.5683946753533182,0.22535384072559164,-0.6397292055074144,-1.1184153416434206,0.051221364471066205,-0.7679005579594722,-0.9715070321226772,0.0204465446345275,-0.6780589978592085,-0.7723013029273447,0.03253713320989274,-0.6033276445487837
G,0.0,0.0,0.0,-0.2171060942385672,-0.6490912166409897,-0.055263842034606735,-0.73775956561585,-1.106787086046233,-0.18853709665464757,-1.259283431624167,-1.3174636075218933,-0.30667890485026533,-1.6054548416865204,-1.5401711579991855,-0.44043463478960587,-0.43563267000029926,-1.2403117205529974,-0.4054223899439056,-1.16171184771633,-1.2201782259656477,-0.5872758513649113,-1.570994726912836,-1.213746295687489,-0.6744511073468457,-1.904417480330852,-1.2041706974046449,-0.7440719904271058,-0.45235814053937423,-0.7457936632592603,-0.48904388814307137,-1.3016709271841886,-0.7412392581277852,-0.6783542881818797,-1.1485518832443626,-0.7043960097697072,-0.6608413289647989,-0.9071772126664576,-0.719074842734689,-0.658171089314634,-0.49165006140585116,-0.24549277822007864,-0.5593427533178825,-1.2646186458071007,-0.3550971199740657,-0.7406368549534331,-1.0706224877453607,-0.3350437809052836,-0.6006436700982625,-0.8267818562138757,-0.33690181725921753,-0.4977953383857409,-0.5632389982184713,0.22426602522654007,-0.6278581189126434,-1.150393888494583,0.05117568374870117,-0.770065167757115,-0.9934540981697008,0.02187868454455516,-0.6779086392154122,-0.7907169022243208,0.017057723021921906,-0.6044371085983165
G,0.0,0.0,0.0,-0.21056138155931733,-0.6343879180328593,-0.05744387464951496,-0.7249279734781271,-1.0875212982501519,-0.19217303353893225,-1.2399635659823867,-1.2953739139128795,-0.31093740927595864,-1.5921958065940311,-1.5017593463886743,-0.4454716250143686,-0.4383336144673502,-1.2287693514287457,-0.4177660610068032,-1.1653606396890965,-1.2148747958926043,-0.6013067148621538,-1.5687917072882238,-1.201417867838316,-0.6875039221156236,-1.8950905021641848,-1.1832670145009498,-0.7550191554060237,-0.4494869525859659,-0.7404541540428675,-0.4996890285123769,-1.2933631677502688,-0.7285778334818606,-0.6892059107785597,-1.1386979708339189,-0.6853505353919908,-0.6700262038122878,-0.8981251730859137,-0.6989293126667165,-0.6662252414141963,-0.4863007068170056,-0.24301415063072818,-0.5681171558502611,-1.2593443007598413,-0.34315548779907695,-0.7492858453514286,-1.0637680330604278,-0.3174142549181682,-0.6091681738173612,-0.8198368149294026,-0.31906834638433823,-0.5067326077289944,-0.5561033042826102,0.22492866838601672,-0.6347847881773679,-1.144323941242341,0.05859028494836487,-0.7793488251346806,-0.9877834208565169,0.03620622431505531,-0.6889633044561777,-0.7843492045827665,0.03536123663529895,-0.6165621280490845
G,0.0,0.0,0.0,-0.162575694020537,-0.5312168314228104,-0.057655553579405064,-0.6145131861453864,-0.8851707650963412,-0.19753667190616847,-1.1195784681206284,-0.9059318605145725,-0.3182249318793284,-1.4885997052988194,-0.9319381616243466,-0.44816201887462814,-0.45256899423003333,-1.1913665316547908,-0.3834906245120457,-1.1149213897850658,-1.183012897390375,-0.5479924284894127,-1.48087457685757,-1.1574446241755207,-0.6197320521309609,-1.7485320214285651,-1.1269423305586412,-0.6750563307202267,-0.4632023710693762,-0.7606144655538701,-0.454872727502879,-1.1996565305963616,-0.6795233743960754,-0.6328278734082422,-1.0410419214027822,-0.5732118640976326,-0.6092635421426211,-0.8188484906822383,-0.5810298772814202,-0.5934241966381533,-0.49705436530157454,-0.31936314190390763,-0.5150455967866508,-1.1515650627768725,-0.3102958217989746,-0.6829090865074062,-0.9611989957253643,-0.24339198331331055,-0.5582953225562449,-0.7596559406685052,-0.2618713386352698,-0.46668589038655967,-0.5543775206966636,0.10494377889756332,-0.5727570917332049,-1.0468823884551084,0.035972791180109064,-0.7114103631170215,-0.8815332787272592,0.07189107856352128,-0.6305833728170431,-0.7114691625448448,0.06308857271688494,-0.5618323978077212
G,0.0,0.0,0.0,-0.16170110514891406,-0.533001221611563,-0.06745979315800059,-0.619926881499764,-0.8939198237623176,-0.2101406131681503,-1.1293932414022207,-0.9206861743095301,-0.33022768456318624,-1.504109253484098,-0.9467971428700671,-0.45985906061813875,-0.44441575740905237,-1.189633363038899,-0.4062339053857812,-1.1139691258098106,-1.1820011861910042,-0.571977667119209,-1.483742119138662,-1.1597312375073403,-0.6425903836255713,-1.7569692072869212,-1.1310000305580103,-0.6971912685220665,-0.4598689596965425,-0.7519068290771482,-0.4723946023133286,-1.203361280127097,-0.6752010589094619,-0.6498120512054674,-1.0456827359519334,-0.5757179706626551,-0.6222597867542503,-0.8225992474265555,-0.5864307580731928,-0.604588401577445,-0.49871875442835056,-0.3074125519198015,-0.5270392605366557,-1.1559769045788582,-0.30661159317351433,-0.6945346359433705,-0.962362966548359,-0.2427627153679652,-0.5674668293712797,-0.7592547300480066,-0.26274656444572364,-0.4750080705230944,-0.56091298615123,0.11699929662178223,-0.5798407822961429,-1.0506246084312616,0.034338634594401105,-0.7183999826879529,-0.8818148869458897,0.07028319863931856,-0.6362764931721694,-0.7098746919920239,0.06560611538416554,-0.5674549726027188
G,0.0,0.0,0.0,-0.16643724437860644,-0.5845159689667527,-0.06651972025040186,-0.6395377042610718,-0.9611153125700321,-0.207861852060926,-1.1563850161865197,-1.0420009120544096,-0.32784301463136584,-1.5355653642279594,-1.1233392138513212,-0.4594935618488356,-0.4406328905302024,-1.1903095332145284,-0.4257271680046592,-1.1199295016813402,-1.2823377394727864,-0.5990812476435714,-1.5024314264571168,-1.3366004248255192,-0.6629756989619947,-1.7892317597376197,-1.3725130485108086,-0.708776502605027,-0.45785376275595074,-0.7402866259127437,-0.4922861397855345,-1.2128333430248401,-0.6689406241389781,-0.6828913744579496,-1.0695518145999565,-0.5514949501400798,-0.6462749871193233,-0.8413517206080904,-0.5671340772595782,-0.6169839596497304,-0.5045752224139132,-0.28113180228319307,-0.5463813531457458,-1.1735365239179925,-0.304128258531243,-0.7219531168537534,-0.9936761500372194,-0.23070308170496392,-0.5816984760485202,-0.7818355180398657,-0.2440949751875096,-0.4746403183773612,-0.5768750226459626,0.15671976266893267,-0.5983374124298522,-1.0789628020325988,0.05040027087021758,-0.7336932408198662,-0.9210616432412899,0.08231820359553592,-0.6420609841060985,-0.7429066387134354,0.08158936313771449,-0.5628923758270103
G,0.0,0.0,0.0,-0.1669308926738779,-0.5848707239728214,-0.06473771310940794,-0.641746521027196,-0.9575182191597607,-0.20645431586111748,-1.1548989335052675,-1.0368882854710253,-0.3259740350438548,-1.5335579119803247,-1.1159093672351048,-0.45752575451290106,-0.44690392963894654,-1.180810336987145,-0.4425249017652149,-1.1250543520099459,-1.2719993662549074,-0.6168208623505972,-1.507615598859093,-1.3274902642774546,-0.6790092168717875,-1.7959529314221703,-1.3656261357464055,-0.7229413816634473,-0.46180473082781826,-0.7262207991171529,-0.5092541030906772,-1.212052034181277,-0.6584456744714475,-0.6980284331270903,-1.0716798811506092,-0.5533166922324528,-0.6578901321886423,-0.8449173467675409,-0.5726028353018932,-0.6276490241770337,-0.5070502609145146,-0.2649232807522614,-0.5622250559676825,-1.174675509519128,-0.29719677114578885,-0.7332927255056555,-0.9987163527561611,-0.23422058879296326,-0.5900917517190419,-0.7868549139394821,-0.24664214252810948,-0.48255038252002,-0.5773496727741473,0.17421114306310675,-0.613014450655695,-1.0869465935939313,0.06269387431339046,-0.7426322202252896,-0.9341843852225068,0.08364030658242849,-0.6486633840582716,-0.7558601994826661,0.08398884956333694,-0.5691642700027032
G,0.0,0.0,0.0,-0.18554220699158203,-0.6217912533335817,-0.05640231099490395,-0.6935683889984012,-1.0211436373512879,-0.19627891721701723,-1.2431052580496464,-1.0708772310770818,-0.3135386073675852,-1.638523603414561,-1.113006228504879,-0.444610737832916,-0.46504863902274696,-1.1845529736424274,-0.47700270607333234,-1.194525636566989,-1.2651691514108385,-0.6535737809102019,-1.5988571280688788,-1.3091999970077897,-0.714948854178189,-1.910871461537342,-1.3424553083080024,-0.7599254971655834,-0.4858328784573487,-0.6796343450523359,-0.5496031033710868,-1.2667312395778734,-0.6464590412514789,-0.7410651662203461,-1.116887602027027,-0.5859454079522842,-0.7007291912271417,-0.8768657253769895,-0.6165272259390707,-0.673886985901994,-0.5333756648901017,-0.18780913792478662,-0.6033050302263381,-1.243384274494002,-0.27522269069672256,-0.7708760381575145,-1.056899998616801,-0.2441396995197964,-0.619771661074343,-0.825145459997288,-0.2524079696765271,-0.5097904395654166,-0.6033059478319268,0.27185647225780557,-0.653836407468767,-1.150656048803691,0.10971436154384188,-0.7771394601993188,-0.9916965276660451,0.09419073170766215,-0.6751424045472262,-0.7960171374745272,0.09536023938756648,-0.5933590882530178
G,0.0,0.0,0.0,-0.15654674529960808,-0.6166761299231968,-0.07527092207573005,-0.631695264238613,-1.05086098530608,-0.22500373419923925,-1.1663847285350786,-1.1359368078159469,-0.3484049742812462,-1.5526858751644723,-1.1284020526950578,-0.4865329828729122,-0.40160492038149326,-1.1995337878824537,-0.5058009634376145,-1.1340631633155207,-1.277312054802001,-0.6964185239151166,-1.5370028912182248,-1.295414319432675,-0.7676547968760828,-1.8432055422951725,-1.2994414575213848,-0.8178168573420906,-0.42379783385466496,-0.7014068927902222,-0.5730826875473204,-1.2189348551544543,-0.6706769595998922,-0.7758942741202044,-1.0673833619885187,-0.5955463648345968,-0.7372516890975798,-0.8240923620412209,-0.6248249768580812,-0.7105797222085645,-0.4793204491841601,-0.21197602609069022,-0.6238177741756956,-1.1964282510968813,-0.30552844811155727,-0.8050704344897687,-1.0157600906032507,-0.2660127061198886,-0.6564270693795665,-0.7830869760921001,-0.27201949449271884,-0.5455043403022433,-0.5616121518619297,0.24702932636002425,-0.6729581768590587,-1.1147988527761286,0.0753404429493431,-0.8106950766482027,-0.9641365101632197,0.07343233884284722,-0.7133452214911935,-0.768719020162234,0.08474497938612142,-0.6332867098987051
G,0.0,0.0,0.0,-0.17201852530557066,-0.6195561035595952,-0.07268287969373384,-0.654245076010821,-1.0405179094359687,-0.2311209859488586,-1.1911438551514748,-1.1171144618158086,-0.3641246059202569,-1.5841044797002568,-1.102927652361244,-0.5124747847857825,-0.40370192237380925,-1.1913043992584667,-0.5167303249551503,-1.135348745967746,-1.2704520253384277,-0.708589116816272,-1.5367716534894102,-1.2973955952945246,-0.7829872357310025,-1.842888124162341,-1.3079135543040448,-0.8366214181412839,-0.42443902419370816,-0.6896028275744104,-0.586770359632174,-1.2178971849807894,-0.6711127245853201,-0.7822340858957448,-1.0696088728231605,-0.6033841461153947,-0.7395049934196473,-0.8322482773047801,-0.6343181187308297,-0.7154223720368488,-0.48167810233974606,-0.19839632421795225,-0.639745004269584,-1.1982343985435169,-0.3061746253783536,-0.8121744018489737,-1.017575259479552,-0.27390897187544194,-0.6614677200796625,-0.7858516490511805,-0.27659800833417253,-0.5543406820199512,-0.5670971565991967,0.2583173241513126,-0.6913141533036581,-1.1195612901131238,0.07069910844958602,-0.822086067121106,-0.9725381521319826,0.061024702002237696,-0.7222899632803081,-0.7781322305733682,0.07759972104838528,-0.6438904990322806
G,0.0,0.0,0.0,-0.16541548428424663,-0.617520357065991,-0.07885814606215738,-0.6488729756990012,-1.0270283637663156,-0.23392644904194196,-1.1815495821631854,-1.1019147653109478,-0.36336883414881976,-1.5685395136746105,-1.094869051108948,-0.5072172107131073,-0.4181753436513085,-1.1947383446014963,-0.49780787548815464,-1.1430301258163946,-1.2697150438798468,-0.6890387034137523,-1.5413088309000975,-1.292369188412315,-0.7657762084996116,-1.8430903957883908,-1.300351041015778,-0.8207392713708921,-0.4375115135268689,-0.6997492098479112,-0.5647430556002015,-1.2262021228584288,-0.6636347869329857,-0.7626399191103752,-1.077603501678999,-0.5965370319788088,-0.7265326577398481,-0.8388849399051482,-0.6286687020937618,-0.7051022031850119,-0.4900772494107998,-0.20748644390963059,-0.6167489844565153,-1.202262948163699,-0.29556285337855603,-0.7946787226767712,-1.0237486878033644,-0.2659707291815591,-0.6502012200056629,-0.7943214514576409,-0.27351619463396576,-0.5447428860103153,-0.5700094260413169,0.25498024950204773,-0.6680088282879808,-1.1250095005096625,0.08341642366606494,-0.8064192962891364,-0.9767328374566635,0.07500192036949258,-0.7120145725440292,-0.7817183788025172,0.0872341495733797,-0.635027464283025
G,0.0,0.0,0.0,-0.16442451290389032,-0.6043032142201276,-0.06325637769025733,-0.6388722278035702,-1.0062180209852145,-0.2148008245456776,-1.163064953651679,-1.0806225721336857,-0.34505724248568703,-1.5473355108453635,-1.1261000041275826,-0.4893676065781634,-0.40360811051339934,-1.199761475002862,-0.47929902208884334,-1.1194006375243701,-1.2886897982126129,-0.6658151583022954,-1.5192614784868987,-1.315800277614768,-0.7396155928492831,-1.8211282636943102,-1.3266946004818956,-0.7930327226529126,-0.42978414732046233,-0.712718779291224,-0.5543622717660813,-1.2150094822087556,-0.6853813922839974,-0.7489281506152909,-1.069761649575745,-0.601653864924451,-0.710847354981987,-0.8319388847469552,-0.622605051530198,-0.6876189720668694,-0.48660083107083696,-0.22888220683666013,-0.61358515668975,-1.1880180488627388,-0.312785928487788,-0.7827916209702701,-1.0086179404489826,-0.26871958295081816,-0.6342484954474021,-0.7842031015722655,-0.2750414341327637,-0.5289028094822591,-0.5695791496600932,0.2238347766263452,-0.6713094325573039,-1.1035851314871563,0.060605014231805164,-0.8018993556487917,-0.9533110119588205,0.06456984542967213,-0.7043795689628838,-0.7658752181495265,0.0737224494214094,-0.6265477707214037
G,0.0,0.0,0.0,-0.17275026642022306,-0.6014531816645062,-0.05899199327863408,-0.6548242940880159,-1.0024233871132326,-0.20962113074769806,-1.1858535872126386,-1.0623945746054055,-0.3395218315075064,-1.573620148974223,-1.117927738684244,-0.48257187403884755,-0.4062488073263427,-1.204046779503539,-0.46969252291065794,-1.1246970230787494,-1.2860308243826188,-0.6522331968749985,-1.525249521484329,-1.3028707977471934,-0.7236838852736727,-1.8261714473193047,-1.3042130803436625,-0.7758241289611307,-0.4334468521066714,-0.7171015282453008,-0.5457922906995584,-1.221384203983134,-0.7007793597207584,-0.7343982228238637,-1.0741796851740202,-0.615718712602063,-0.6962485069461014,-0.8377246897632411,-0.6306194620321437,-0.6743869354555487,-0.49204431505403645,-0.23847669749961062,-0.6056069899440214,-1.1924788765973608,-0.32507025351992047,-0.768572354958423,-1.009067511288264,-0.273931063748048,-0.6188825172159521,-0.7869381966292549,-0.27607276167836536,-0.5148330598092637,-0.5769561065719013,0.20778692562551343,-0.6636820912472473,-1.1098211841777874,0.04079311794026687,-0.788264963640751,-0.9556389831330055,0.05532476623767579,-0.6878655063238165,-0.7696967688228487,0.07187629390227343,-0.6098628930865436
G,0.0,0.0,0.0,-0.15690650256131616,-0.5994463691614885,-0.07158175872650414,-0.6115335397499793,-1.0080517792802788,-0.22927910008204652,-1.1235078207951235,-1.0800949532595734,-0.364870429045383,-1.4985876603180925,-1.07448283319919,-0.5145477385253864,-0.3820582405570809,-1.2121913600682743,-0.4798746147924406,-1.1168151176374743,-1.2471934971621785,-0.671746774208059,-1.5202970125050357,-1.2410927722926406,-0.7572652878933338,-1.8211256635464796,-1.2221783440627474,-0.8189058335482048,-0.41473562638202754,-0.7227796848142398,-0.5527964249426143,-1.2243192349241105,-0.7191955588737142,-0.7501924222387789,-1.0825961920877005,-0.6495826600564577,-0.7265711982946692,-0.8414518242524034,-0.6581898461884237,-0.7141766720874679,-0.47784290807041535,-0.23977486124038297,-0.610249231092428,-1.1988528020606757,-0.33962104662975146,-0.7840035371100537,-1.0237104805265693,-0.30419573875646316,-0.646735077131327,-0.7926561629626844,-0.2982658182087674,-0.5477928720792979,-0.568489621837689,0.2163021694718321,-0.6673802047284471,-1.1237145677530367,0.03804942750849616,-0.803382301189703,-0.9794276168768882,0.0352615691978533,-0.7106774875048368,-0.7850498410043905,0.055398047054163804,-0.6361827646237783
G,0.0,0.0,0.0,-0.1584176075263704,-0.6025237379327469,-0.08236573355062982,-0.6063578833423648,-1.0081436313291046,-0.25057459172032853,-1.1131234876607048,-1.0670635431726263,-0.3944474661265565,-1.4826682540096463,-1.0237899810623021,-0.5528275770209072,-0.3840007128011233,-1.1938217494761971,-0.5074613584870618,-1.1218857618500488,-1.2291821448030753,-0.7054695170982991,-1.5220574711376895,-1.2202861071182816,-0.7946176066775514,-1.8219057936006609,-1.1977276741528242,-0.8580671116690474,-0.4144736899773253,-0.7062614609358918,-0.5739392904421858,-1.2108562398315101,-0.700182721219334,-0.7712383035658189,-1.0676892012611827,-0.6374191750225814,-0.7436928950654862,-0.8291769511710975,-0.6533495808742624,-0.7311462158967543,-0.4773269219959699,-0.2254634221472453,-0.6253321742883251,-1.1923469839817424,-0.3328797943227348,-0.7997787502419711,-1.0183889355766955,-0.30329969613103347,-0.661887181701854,-0.786367122917996,-0.2967670175958214,-0.5640251426743197,-0.5674302574068576,0.22589868917362854,-0.6772725854856902,-1.1195511756262617,0.03942166319330089,-0.814396467878009,-0.9777199354406999,0.03202059327000913,-0.7229648334087596,-0.7821026080012791,0.05572091346607325,-0.6504928735159466
G,0.0,0.0,0.0,-0.15096702994954303,-0.6310997391735906,-0.0651107405717068,-0.603513984940494,-1.0849868762124537,-0.21639691806476677,-1.1051458537275192,-1.1792329398579948,-0.3449533507511337,-1.4749853511433526,-1.1402887892624414,-0.48899483678198336,-0.3836449436488921,-1.2104810204142837,-0.4974954088348862,-1.1351832141359521,-1.2770704714324015,-0.684088696127662,-1.5413802950834732,-1.2883781199869482,-0.7635155357366097,-1.8501368714243571,-1.2811829292406196,-0.8199188176208134,-0.42080616506745777,-0.7059214901640941,-0.5697341671040314,-1.2339639007905014,-0.7448439590336674,-0.763098083954511,-1.0962588598989023,-0.7128948360040157,-0.7355007032886424,-0.8512493859912853,-0.7279139875501014,-0.719841076699378,-0.4912500927774193,-0.21449637243926867,-0.6232761288931514,-1.2220719454321816,-0.37222495861553456,-0.7901552282813706,-1.0483438166220256,-0.35897616712992647,-0.6518719294733188,-0.807205630599585,-0.3469258409035767,-0.5516482296864075,-0.5862820404327678,0.2395208549554762,-0.6759855438274197,-1.1470431182471708,0.011984024136757858,-0.8038503805170512,-1.000754313462766,-0.018026941127003555,-0.7087998934148501,-0.7955719705855521,0.0039862953012457444,-0.6331115411194495
G,0.0,0.0,0.0,-0.14730934619382938,-0.6509105677705634,-0.06359288692290849,-0.5909336410412823,-1.1178675364066952,-0.21139574809959888,-1.0901645006175078,-1.219378935114871,-0.33568109574276067,-1.4492459515380527,-1.1733983088944449,-0.4752987845793434,-0.37154716922874753,-1.2093439128440817,-0.5079154005836769,-1.1370238633759446,-1.3032273407308703,-0.6944775160133059,-1.5505536181111719,-1.3282787817288946,-0.7718440655295364,-1.8686291993491855,-1.3396090739648534,-0.8275513626812065,-0.4137676581584373,-0.7007319819997372,-0.5811807072372608,-1.2332382265726465,-0.7528611727985117,-0.7767188993906982,-1.0921992307803474,-0.7294530306672762,-0.7474379112502191,-0.8431115935424333,-0.7509705774530016,-0.730116388115727,-0.49107153332151454,-0.20395303381044208,-0.6344149586271001,-1.2303765836263414,-0.38579740613487506,-0.8042003076545874,-1.0522282166963948,-0.37152320074227024,-0.6634083654171603,-0.8052038126863202,-0.35592975689801853,-0.5600928927411801,-0.5887010089157724,0.2560543693411485,-0.6865497771617198,-1.15337231454423,0.00967873395828947,-0.8159379831860433,-1.0033295891965954,-0.02425060204106455,-0.7184190379432769,-0.7953657206828036,0.0023265626806235613,-0.640234766262551
G,0.0,0.0,0.0,-0.12331353541287716,-0.6454200952032003,-0.055347275332386474,-0.5434083323887409,-1.1187296325884706,-0.18913841855975333,-1.0375596927213904,-1.212992294429344,-0.299864667968701,-1.3898007426278949,-1.173449298904683,-0.4227139594217964,-0.34386956601135377,-1.2223794031884627,-0.466667460179815,-1.0740057828726712,-1.3734196641569385,-0.6412959838448093,-1.4716487663532498,-1.4182312345095929,-0.7129551555378887,-1.7796991279052201,-1.4474191924228414,-0.7638728993850844,-0.415097388983472,-0.7346973564392364,-0.5365761382136759,-1.18163133290731,-0.8416581641573272,-0.7212440052589676,-1.0402636896909105,-0.7865859476009789,-0.6932877218010287,-0.7982928169278799,-0.7791033439233898,-0.6743388968554394,-0.5121911259788153,-0.26494033807732364,-0.5870095007115456,-1.1932147929732364,-0.47420141944972033,-0.7434557543878026,-1.018638384705613,-0.42258899820172674,-0.6072762198258553,-0.7850793540014572,-0.38507358348102666,-0.5076480902101964,-0.6198170095519971,0.17303779496795677,-0.6364465418886336,-1.1328006231093963,-0.09028955071457231,-0.7510470916304668,-0.9787591823294314,-0.08473580043216457,-0.652509758127944,-0.7799178450458233,-0.03073524321503766,-0.5743335768397673
G,0.0,0.0,0.0,-0.10197888363386232,-0.6132857913374143,-0.050627173809319206,-0.5173141005353761,-1.1225554957810757,-0.1819517846774111,-1.0145107741802968,-1.2969462811742765,-0.29214980410905544,-1.3821902033618305,-1.3679587455178555,-0.4187213821070488,-0.2952986379511771,-1.2135337678853586,-0.4755263472898919,-0.9885706720781866,-1.4393795802533593,-0.6503173678504848,-1.3751168491258703,-1.5673885004495498,-0.713773594273344,-1.6707723641796224,-1.6668517223433157,-0.7604953509392898,-0.37138855517999153,-0.7479757870305622,-0.5500934130648444,-1.1385202034408641,-0.8473463925219562,-0.7394734837565616,-1.009889251461177,-0.7412652101699151,-0.6987232947908327,-0.7715632894755161,-0.718911401115627,-0.6702221167281579,-0.47000070743034156,-0.28355280409517825,-0.604958261293758,-1.1471778703050401,-0.47880713268597175,-0.774089668725636,-0.9799662864647959,-0.39511086991720074,-0.6303825365216551,-0.7513478822983818,-0.3551095238997987,-0.5239978477158959,-0.5888969245769585,0.15333378476826023,-0.6556682447382818,-1.0885985321933613,-0.10061466905838705,-0.7847279498702612,-0.939862311460982,-0.06884473989887886,-0.6882814659089602,-0.749539895694554,-0.024036638357613584,-0.6086870101689733
G,0.0,0.0,0.0,-0.1254336827301968,-0.603278706300818,-0.075321866726039,-0.5281237080737712,-1.1178566114624564,-0.2364411905292821,-1.012171682536059,-1.2867890941814797,-0.37164834912614814,-1.390502472993334,-1.3135272242473108,-0.52533980840952,-0.26266341348928707,-1.1882599710722377,-0.5442416170047275,-0.9706564036187876,-1.3809466565585842,-0.7500371239064494,-1.3765958787379255,-1.503989971942113,-0.836343733643249,-1.6908155438647994,-1.5714401629623753,-0.8983885387827627,-0.30941798125876696,-0.7220063254182648,-0.6188435819573183,-1.1423099513719326,-0.8098970917996393,-0.8275015192570421,-0.9993015736419311,-0.7071739771539363,-0.7907097804607165,-0.7501377418696477,-0.6934053814307486,-0.7666318630641967,-0.3980419687571203,-0.2568455283815033,-0.6744569073105424,-1.1537917617792637,-0.42878305383709747,-0.8621921057028413,-0.975618697826804,-0.3613553083612325,-0.715172542925748,-0.7343084789074947,-0.3417003270540263,-0.6075474876469635,-0.5268291820835677,0.18534200456966987,-0.7275891686914042,-1.0839066448501224,-0.040675316766936365,-0.8800792094279984,-0.9193718262000542,-0.015058798867803667,-0.7850384564446826,-0.7061963489979645,0.02227994615864906,-0.7059204063935294
G,0.0,0.0,0.0,-0.12080798837924245,-0.6206125128608607,-0.0684177631896364,-0.5371643421793526,-1.1330841560109814,-0.23018467405282184,-1.0310685213796211,-1.3124468215799734,-0.3705041950132299,-1.4062305525626104,-1.361064180819272,-0.5291951543294483,-0.24633565060017706,-1.2166031067405303,-0.5278837154960703,-0.9674330749730689,-1.406549815758028,-0.7298520726494062,-1.3757225112411653,-1.526990684928284,-0.8134069990534911,-1.690366095390893,-1.597902253341932,-0.8741631365317687,-0.30777172832718597,-0.7327123800577539,-0.606967158380582,-1.1215608964640067,-0.8516191795343052,-0.8101330453419918,-0.9830947083927208,-0.7693309315313268,-0.7730069858643824,-0.7365786774337072,-0.7574766957786203,-0.7532979217307061,-0.4015424076697588,-0.258848826847409,-0.667859668764659,-1.1382522708189835,-0.4746955116000809,-0.8506741166410255,-0.9699279461699643,-0.4117096352798027,-0.7025011059293979,-0.7325527484600451,-0.3786709144156449,-0.5967746641340034,-0.5283852736202439,0.181488074954838,-0.7264809009523002,-1.0837763984780282,-0.08599892967047344,-0.8706968384580406,-0.9376676385055353,-0.06766237935252709,-0.7737075912098821,-0.7335112073611729,-0.022017782130937476,-0.6963641160075243
G,0.0,0.0,0.0,-0.13033309656853737,-0.6450960708413116,-0.07236814531031885,-0.5489854891458024,-1.15401504424075,-0.23862343964809474,-1.0469960422381173,-1.3278060208715468,-0.3810506470688436,-1.4336697821004678,-1.372768557039832,-0.5435035840353211,-0.243976353807179,-1.2030716446975234,-0.5552554293634149,-0.9712720030560688,-1.4084908493262343,-0.7629615632301973,-1.3874867316154098,-1.5389319500562282,-0.8504576354340698,-1.7072682118411202,-1.6206688938158222,-0.9156681760675922,-0.302189250986074,-0.7107471237751055,-0.6352323847489912,-1.1538804596158818,-0.8212111557128,-0.8432089916540633,-1.0172508213728892,-0.7392215293200162,-0.8050753634669771,-0.7603042108056073,-0.7306518533315385,-0.7866121193582722,-0.3998081898647928,-0.22785008759391853,-0.6962000609681556,-1.1590162089008493,-0.4326919241819452,-0.8832065327801825,-0.9854975979046291,-0.37895228347210436,-0.7356937929626199,-0.7400307193770357,-0.36121638514542115,-0.632474998131615,-0.5305447038463723,0.2173666182398162,-0.7547352462659145,-1.0908406848660916,-0.029061530970897774,-0.9044562674313912,-0.934029409201,-0.01856090207712478,-0.8088040304989484,-0.7204513481512214,0.016916614422798508,-0.7337474469408553
G,0.0,0.0,0.0,-0.11343751163192028,-0.627938989997537,-0.07823010617696953,-0.52446854370073,-1.13488415578102,-0.24906192035709038,-1.0130040545546004,-1.3080797951225926,-0.39316899762650714,-1.3886424746458128,-1.3476540622248778,-0.5567684503193748,-0.2251929798247925,-1.1940708115445702,-0.5742824963970395,-0.947769706080506,-1.3969066857137828,-0.7791524225559162,-1.3578074340210327,-1.5271895716968373,-0.8606741344071833,-1.6705565226007981,-1.6114479900252556,-0.9203467890728739,-0.28866864815955234,-0.704426711181382,-0.648423796713167,-1.121540120674228,-0.8345528552925142,-0.852700366523381,-0.9919428358611939,-0.7646264909094963,-0.8098769675934296,-0.7435834403993473,-0.7590719817917443,-0.7879772872426853,-0.38845491722232495,-0.22884544532077727,-0.702425459431629,-1.138586501198312,-0.4633712557196909,-0.8860626840219429,-0.9758160957405485,-0.4111066777772822,-0.7362787307914017,-0.7346830125867567,-0.38070304892221873,-0.6307966949860494,-0.519445206195309,0.20874879199304633,-0.7542125444849679,-1.0770227864034598,-0.0684144412053819,-0.9014822689006122,-0.933588613221446,-0.06293359581247432,-0.8059206805237873,-0.7261621346389475,-0.01752304758664227,-0.7301857827880157
G,0.0,0.0,0.0,-0.11158073219690544,-0.621478452618706,-0.08599891228333056,-0.5141913056614852,-1.1294427394320814,-0.25620758152192563,-0.9901491328599525,-1.3103242388713243,-0.40033705402967823,-1.3592693502696391,-1.3544616822782285,-0.5641494250708168,-0.2388916794234776,-1.1958845937177691,-0.5601878176512266,-0.9539993683785658,-1.4021357672662838,-0.7655897522469256,-1.3628816210190846,-1.5293860807631026,-0.8509216212531361,-1.671905825542242,-1.6083761832175838,-0.9132978372643545,-0.3015729385132805,-0.7154190072987143,-0.6302613797085993,-1.1212389305988946,-0.8364586013371419,-0.8343496242414501,-0.9884031422332916,-0.7537962463790505,-0.7957464756196134,-0.7391620023140653,-0.7431276438326108,-0.776413687977384,-0.3977471615603314,-0.24310930950707332,-0.682915417237391,-1.1333275359776223,-0.4639979869985168,-0.8701327339511159,-0.9651579305799479,-0.40045155630244844,-0.7276024760656078,-0.7231507858056492,-0.37039450369789007,-0.6266810557630025,-0.5252700008532459,0.19149077220710695,-0.7343831036855114,-1.0673117477391798,-0.06802745891751734,-0.8873896313187792,-0.9188337610483908,-0.04925382183958584,-0.7986935682746411,-0.7095407953905833,-0.005997523440871398,-0.727403705007989
G,0.0,0.0,0.0,-0.10050013605393929,-0.617020722052623,-0.0672476356490406,-0.49483458984038753,-1.1308004720256082,-0.22468064244522887,-0.9505270009132044,-1.321586111459851,-0.36081314912841445,-1.3115381117420324,-1.3562412187817003,-0.5166142319709498,-0.260383969929422,-1.2115849735391568,-0.5168551676336735,-0.9768166791042363,-1.4071318329858065,-0.7110698160878012,-1.3830772451826427,-1.5272823146442316,-0.7938987383107294,-1.6913683523197214,-1.59707992256318,-0.85444610584809,-0.3209526132145525,-0.7374307353517844,-0.5942939766052456,-1.1372575802686586,-0.8562465292607908,-0.7843749990036096,-1.0088741962746859,-0.7777201803960517,-0.7468777928412941,-0.762941168979454,-0.7675929244575326,-0.7289777429140394,-0.4125633845475522,-0.2610391330325073,-0.6537485259150689,-1.1420886367050431,-0.470969047612829,-0.8311015758254638,-0.9804731843354862,-0.4083982102932821,-0.691128999682654,-0.742650926838985,-0.3781512430170306,-0.5920891757361494,-0.5368582519433422,0.18107220491036455,-0.7108501561728475,-1.0794950619451313,-0.0692134181118593,-0.8561960767047444,-0.9289257829254116,-0.04690376644641204,-0.763973505815641,-0.7135924780526637,-0.0032095521177916563,-0.6895524018087817
G,0.0,0.0,0.0,-0.13977159868362218,-0.6652515061127926,-0.05331189717447814,-0.5634204028933931,-1.142710024308827,-0.21214146774846865,-1.0337576372326394,-1.2740405353155302,-0.3510814880719611,-1.3740174013213993,-1.2382469821233766,-0.5110162309320235,-0.34946254268205657,-1.1890932518604103,-0.5357450395882764,-1.1334112121457627,-1.3193779178264913,-0.7332791860767895,-1.5668057792765242,-1.3978985163951982,-0.8184931106849549,-1.8985557193319216,-1.4329895774468586,-0.8782649636079842,-0.39106119361383834,-0.6814949924512572,-0.6185755557029238,-1.257607612894236,-0.7660706391466594,-0.8023875903825094,-1.116769120716344,-0.7336737801619094,-0.7598672473984185,-0.8602891086694312,-0.739538076677422,-0.7402626683386029,-0.46403651129263135,-0.18260914844182627,-0.6788071857853208,-1.2481552127959608,-0.3748821681646699,-0.8403181371635627,-1.079296295581607,-0.3550574847672957,-0.6889941029174322,-0.8339956434783485,-0.33140823156571,-0.5855400899233223,-0.5642080754947421,0.27825595287384997,-0.7368152440690874,-1.16627541257791,0.038161504227523985,-0.8641873302616628,-1.0123967456010685,0.019144555238881693,-0.7553669071233837,-0.7881955238692254,0.06187192949752341,-0.6720857814375785
G,0.0,0.0,0.0,-0.21234024135483917,-0.6689071368836826,-0.05250575261003369,-0.7268679705410754,-1.0649410831550588,-0.20219510064500928,-1.2217405388073048,-1.0947155938852335,-0.3240639915252801,-1.5669942522096973,-0.9952299324151017,-0.4671546116212534,-0.5154207506107943,-1.1110687145078475,-0.5858880681847235,-1.3645724976874214,-1.0781853395219698,-0.7869642329304468,-1.8178393582065022,-1.0583012415975384,-0.8718606749094993,-2.1794199563850163,-1.01418056894777,-0.9306575464012978,-0.49807902318659236,-0.5541121070023495,-0.6669910490665575,-1.4205948866358187,-0.49915686528771497,-0.8568699801241647,-1.2603543574105,-0.542026906885576,-0.8086625312844654,-0.9880837557310074,-0.606705788318059,-0.781846404684093,-0.5188290711525768,-0.018044246523910415,-0.7207404444863545,-1.3505585450851971,-0.12402804255904291,-0.8670373732838011,-1.1734565548230607,-0.17633764146050315,-0.6991227754057919,-0.9208785460993348,-0.19340230497716074,-0.5854874702038063,-0.5654299503860446,0.47182847125152994,-0.7739559320746653,-1.2431413026092228,0.2936526494635308,-0.8922834432235383,-1.0989183425430993,0.19747704944131178,-0.7740649695895463,-0.8735560975336737,0.19972698216216686,-0.684022959551925
G,0.0,0.0,0.0,-0.25503994534102264,-0.6521641464773906,-0.05582702036368195,-0.8127626261486458,-0.9921083175292431,-0.20679251186906936,-1.325784539327092,-0.968003063927032,-0.3274842156552287,-1.6786139210680804,-0.8402694342913641,-0.46914590545282014,-0.5977796312560257,-1.055832016094226,-0.6131146241592967,-1.464310219669442,-0.9203382298288586,-0.8094455779550301,-1.9197746421249293,-0.8218908656314269,-0.8814604385357347,-2.273359284280844,-0.7182346802786959,-0.9292843283746357,-0.5437040707890379,-0.47749245556312153,-0.6902078225344372,-1.4642044086009836,-0.3158677441830354,-0.8863766683470836,-1.3100190292648224,-0.3826406328650375,-0.8330294068208475,-1.036725996338637,-0.4753362159052406,-0.7993729238155514,-0.5322934322975217,0.07343084668192625,-0.7373949383111128,-1.3801802461037747,0.060769467099144665,-0.8854390364511846,-1.2020859740905223,-0.015738718157114903,-0.7132673015982663,-0.9467004470868101,-0.06281853913640738,-0.5959450402194583,-0.5482797212237861,0.5714414927989093,-0.7834668410357306,-1.2371155422349889,0.46812444548610926,-0.8988958643066242,-1.0931500877321465,0.35619837902966234,-0.7767156200748254,-0.8626060830153355,0.33506499207136603,-0.6843470084973707
G,0.0,0.0,0.0,-0.25953883016547735,-0.6114233003696151,-0.07835647034411054,-0.8152719891004521,-0.9179811106885762,-0.231523005173763,-1.3146120732600115,-0.8430421462645535,-0.3475421530686794,-1.6527398409710945,-0.6681209795926997,-0.48362720145771587,-0.6193872381065084,-1.0265740813530748,-0.6128067548127701,-1.4335345338617205,-0.8681853788312047,-0.799868867340855,-1.8747580364983538,-0.7701621494992611,-0.868569463373326,-2.224758942363302,-0.6734444620903719,-0.9179329572292515,-0.5619232625372832,-0.4755720268187343,-0.6768112693557758,-1.4214376450951578,-0.27557957099257147,-0.8588163457739859,-1.2685425481400534,-0.3274814627470445,-0.8051580282106209,-1.0067081290926836,-0.4204749235124379,-0.7739109911349067,-0.5399508203641373,0.05690921925662295,-0.7136123461147017,-1.3257758427678694,0.09883077763470254,-0.8572249277915669,-1.1426386064002714,0.03695350273863025,-0.693237344709641,-0.8997394954719852,-0.007613791129117558,-0.5835169580707655,-0.5502836104578772,0.5441043973721159,-0.7499988819615707,-1.1753032257132152,0.46958851301517,-0.8641559990386525,-1.0112560748059325,0.37527333955972786,-0.7460580825458291,-0.7914128474394139,0.35954479354032065,-0.6579358178257454
G,0.0,0.0,0.0,-0.25018465662491246,-0.5579560051669842,-0.07578795415056629,-0.7917488110218374,-0.8797141569949851,-0.22047529058513282,-1.3174246408723138,-0.7943666252576164,-0.33435824570234723,-1.666772962258082,-0.6074487496283933,-0.46430664063358285,-0.6584253137519924,-1.048346003004538,-0.5259520949272418,-1.434445538455805,-0.9071925587422619,-0.7046518547740239,-1.8495537972522902,-0.7847820052228288,-0.7744973543610555,-2.1681163686883855,-0.6790878370355945,-0.8257254368494298,-0.5897744244197138,-0.5548953619711015,-0.5867344080274783,-1.357308943254656,-0.3075060427612579,-0.7773805559599918,-1.1856794356183435,-0.3001182720701832,-0.7429624337517231,-0.9385627646002219,-0.38984024906192966,-0.7222773121589927,-0.5661485040935901,-0.04889556170754786,-0.626486954925191,-1.2737944036093303,0.0814119994906105,-0.7949963050460931,-1.0706772115405279,0.0543155662752434,-0.6560472564942966,-0.8361018678475548,-0.00899102690403683,-0.5566125343974158,-0.5804476045901451,0.43487304997305315,-0.6640055733041048,-1.1472805845450598,0.41034287095242133,-0.8004559586326926,-0.9604180217446782,0.36419761320637256,-0.7020853558322584,-0.7467871499141793,0.34364310494546346,-0.6219287046510799
G,0.0,0.0,0.0,-0.25357177549674426,-0.559263192604277,-0.09059741417086403,-0.76810991912243,-0.829391809354648,-0.24705179814105332,-1.256348389311079,-0.7544383191188141,-0.3769052357113429,-1.600517410548363,-0.5893270589935565,-0.5250704654970688,-0.6813533631709084,-0.9737858365178289,-0.5388318197573793,-1.3788804738750184,-0.8097497988632629,-0.7387121874622198,-1.7545567440472722,-0.7063827624418898,-0.8418882103678599,-2.0529332654262604,-0.6416512001162028,-0.9080607932851138,-0.6170545717943092,-0.5160635088370835,-0.594072478974156,-1.402721276877378,-0.3483352035429402,-0.7661540561981608,-1.804891662645484,-0.30712809475119507,-0.7953172561456853,-2.0922777829114203,-0.2971813725924753,-0.8372075792156823,-0.5795461307758958,-0.059108892438558276,-0.627391118145678,-1.3160302461047677,0.06081498523644145,-0.7821869245967034,-1.1832616047535294,0.00226199012966934,-0.6873851719400512,-0.961758308968336,-0.03926146813049354,-0.6118418789019481,-0.570692002879486,0.3857793384555385,-0.6626283878901678,-1.1290898059697243,0.35941383507131663,-0.8053358274250019,-1.0135533723673087,0.24896855548616414,-0.7412059538642704,-0.8248781912166254,0.16374224103842455,-0.6775198991025594
G,0.0,0.0,0.0,-0.25295871381864016,-0.5484726991590341,-0.07356861115855316,-0.7831460704625259,-0.8197323830649732,-0.17582154676368442,-1.2772298672278215,-0.8364808080140727,-0.24526705403384796,-1.6024376322101053,-0.8590283000585057,-0.3276925364846106,-0.7713444683770277,-0.9292637153412914,-0.45899593924266635,-1.4877074244460948,-0.7505285422725578,-0.6202182128365322,-1.8881494163296426,-0.6349609442067801,-0.6767872002273753,-2.2105832098909937,-0.537697720253918,-0.7165389471967036,-0.7235278110789799,-0.47792798173041817,-0.49808869779824233,-1.3569968636949168,-0.21333833129243832,-0.6448121818726048,-1.179143333260971,-0.19820341448576903,-0.5813539881826028,-0.9708016473888911,-0.28873626088018967,-0.5406810654627989,-0.6786707993264254,0.0014671350409016734,-0.5226500191340797,-1.2312984212078106,0.1892545405957048,-0.6551913654355329,-1.0348471515441435,0.18761070567959645,-0.506984113013277,-0.845637018009896,0.11056151421075433,-0.40274484142591455,-0.6433845150527754,0.4694083245249628,-0.5475526327201248,-1.1116993737125143,0.534514956302078,-0.6410604040932056,-0.9347361507058358,0.51487249066483,-0.534154117117079,-0.7575298493244202,0.4795736733877721,-0.45109821299026986
G,0.0,0.0,0.0,-0.25727872442606653,-0.5542077332985877,-0.059318430247083956,-0.7716908479229214,-0.841149686120348,-0.155910486045935,-1.2615893021911018,-0.859926116845612,-0.21958872161062337,-1.6031981891278078,-0.8653962421829471,-0.29509615826478175,-0.7552986945259983,-0.9342443190648786,-0.46659021382264043,-1.4819368600511844,-0.7454114072928107,-0.6190293363547333,-1.8730915188443196,-0.627429845220678,-0.663465790652449,-2.184896407683824,-0.5342922372755793,-0.6926512828227457,-0.7139070873533424,-0.48174550442541264,-0.5081908495757983,-1.3392209832527604,-0.22614022348436727,-0.6425122889178378,-1.1751263344402516,-0.20172738605914592,-0.5670856202086519,-0.9715290043634514,-0.28872549127290126,-0.5204517463147476,-0.6832486004639255,-0.0109445026181891,-0.5336097272086662,-1.2300395775690542,0.13766456789772125,-0.6492800163041299,-1.0426286371938773,0.1482406699810046,-0.496319764944476,-0.8575726661077847,0.08217700868358731,-0.39455382468566047,-0.659684329481018,0.43721368510876835,-0.5588382924052725,-1.0986636341360967,0.4574246912063549,-0.6373123897766549,-0.9262972847725364,0.43645592803161265,-0.5288106117079407,-0.7535380861988354,0.4115869178088411,-0.4481142284635392
G,0.0,0.0,0.0,-0.26252201940719205,-0.5552180069147223,-0.0658788619678744,-0.8174752667764884,-0.8484518257313913,-0.17986715422652685,-1.3530613533978746,-0.8513566381626319,-0.26662941525875483,-1.72710886734668,-0.8352935841836567,-0.36747168897121574,-0.740466104740136,-0.9874638250573011,-0.46360584143289635,-1.4951896649314291,-0.7835666497859611,-0.6250444750735771,-1.8988756246209584,-0.6687342777359836,-0.6756536470066735,-2.2039909128635387,-0.5819325529081402,-0.7099650217591816,-0.6883665058892564,-0.512603110918792,-0.5132149688446286,-1.3769759132684443,-0.23377221137329623,-0.6908075136280564,-1.2244991978279725,-0.18475690729666105,-0.6477322130970277,-1.01075974038539,-0.25524174762785073,-0.6147444051766969,-0.654762978095842,-0.021833426699546937,-0.5442169647267883,-1.2905682491593744,0.17045096390549852,-0.7011727728664993,-1.1291919186733512,0.19683733120656266,-0.5627196932553812,-0.9257950157988917,0.13820232769280477,-0.4594765930690448,-0.6474115906711595,0.4458778561326512,-0.5726486764812523,-1.1501805777070273,0.4900006500977635,-0.6870266857473861,-0.9990071873079055,0.4775852745769044,-0.593248469932584,-0.8136522620845119,0.4458950962890975,-0.5149612658521702
G,0.0,0.0,0.0,-0.21366368073381897,-0.5726960769957716,-0.06988940329803127,-0.6527161903423628,-0.8721564016976968,-0.21565202499998842,-1.1027057783492327,-0.844565724069558,-0.3413608420255473,-1.4239684834322859,-0.6836346167435264,-0.48274721669604403,-0.6242174233915873,-1.04873079637191,-0.5062082500236207,-1.3235704868036495,-0.958109983033353,-0.6929136357082896,-1.6952945124081675,-0.9046302289065837,-0.7866540756314147,-1.9864269343740462,-0.8901533083106713,-0.8442515603504317,-0.5884845350860072,-0.5784378960720741,-0.5648854329439894,-1.3355875943396693,-0.45574699786195433,-0.7375037042729983,-1.7289785370492952,-0.4278583304431349,-0.7771825304385878,-2.0071609787015667,-0.43172602024359735,-0.8199830423482072,-0.5834587151711228,-0.11711763604404425,-0.5975956590132274,-1.2585670879975894,-0.06736834344789279,-0.7527495738450598,-1.139323222726458,-0.10352335944313397,-0.6706981732308505,-0.9478299235861475,-0.12602820736635992,-0.5997756102398437,-0.6047004158473769,0.31124842428923355,-0.6289390076776074,-1.1050417476757821,0.2431973223969482,-0.7474566515314213,-0.9925917848830945,0.17584868804676085,-0.6698723767452749,-0.8204926791333822,0.12559784303885183,-0.5970244628868168
G,0.0,0.0,0.0,-0.19720625632459385,-0.5739620954837849,-0.045561634652382006,-0.6640036058714481,-0.9569867480576846,-0.16864051531017593,-1.153166962196397,-0.9667606830789246,-0.267822617865855,-1.4852490561065714,-0.8289827473387328,-0.38025607666311984,-0.5428529368612041,-1.1233481177670317,-0.46300567545258936,-1.2778435519989346,-1.08882758680904,-0.6313354739850815,-1.677377864142111,-1.0683457415647148,-0.6937941671142286,-1.9817718066820498,-1.0465576768674738,-0.7383828803979223,-0.5196710208475039,-0.6663425966585805,-0.5347238296257362,-1.303376846550111,-0.4812561482258834,-0.7110171164070036,-1.1762098601229058,-0.42670936595287673,-0.6717951283231697,-0.9533832891243504,-0.47245962200028635,-0.6451919756543405,-0.5381856607501994,-0.18970937333876736,-0.5868783614318916,-1.2459626824104935,-0.11848072647318658,-0.7479526469412742,-1.0648900180243694,-0.12266595086711003,-0.615465886417364,-0.8431124294901099,-0.1792773581974129,-0.516562622945812,-0.58635565736476,0.26568818718802356,-0.6350979855154222,-1.1052867777658049,0.19925467025181048,-0.7601710980303528,-0.9428615010268009,0.15522157051131352,-0.6698298346714079,-0.7547807345202666,0.11873459888763929,-0.5940573686264893
G,0.0,0.0,0.0,-0.20313462577125863,-0.598423500075347,-0.06838692565676932,-0.6919300545582246,-0.9626926596486938,-0.22467077086358322,-1.2112896302343972,-0.9437167844145651,-0.3531781994403269,-1.5729670417671107,-0.798554892114393,-0.49569943761357144,-0.4939321758266425,-1.1426648609478611,-0.5185096755139528,-1.2357906774309435,-1.1441194150204204,-0.7034557081491347,-1.6445592770627635,-1.1233118558614423,-0.7756232860958996,-1.9580161503272213,-1.1033843709417934,-0.8297735010371096,-0.4782602655754916,-0.6527609464968848,-0.5875119276237303,-1.2798226270735165,-0.5310716224782788,-0.7816244982150452,-1.1432173781441028,-0.48664748288948095,-0.7416339090923425,-0.9146321348784978,-0.5415895293321192,-0.7179381847313744,-0.5098340662622597,-0.16054342511513794,-0.6369784533511429,-1.2330306014653905,-0.15117385042384426,-0.8094154699944948,-1.0482143837024092,-0.15259075426156593,-0.6661116167835582,-0.820029017305975,-0.19223613779360144,-0.5631009272388371,-0.5712619931595886,0.3021387420443399,-0.6840781519720823,-1.105609656696674,0.19467461800324998,-0.8172002835510824,-0.9371585841337906,0.15088425736755173,-0.7213637285976819,-0.7434907961604895,0.12507157011485034,-0.6448502546378033
G,0.0,0.0,0.0,-0.19983362583669045,-0.5853075837679032,-0.06811585920870011,-0.6862606980311742,-0.9489953507372328,-0.2259525674792853,-1.2073169704474023,-0.9355557735163476,-0.35720980349477044,-1.5776698144654862,-0.8191385187623589,-0.5037573903344329,-0.47096842640867026,-1.1513245145498272,-0.5221811358781032,-1.206163867375371,-1.1646815142055813,-0.7093320800944574,-1.6127059368332763,-1.152194404831941,-0.7809096384864262,-1.9234090493695715,-1.1381755287225879,-0.8350193729964811,-0.4520044728771359,-0.664576080614234,-0.5950046971028763,-1.2621541253909845,-0.544395580967166,-0.7926098276220055,-1.1141153148882235,-0.4771714772707682,-0.7508262861276832,-0.877932332211647,-0.5276392428745571,-0.7250496834728258,-0.48107868343233673,-0.17433128745233534,-0.6486998561279117,-1.2137515838733188,-0.15654445670284217,-0.8251264707996666,-1.0270225152499282,-0.1332029502699427,-0.6806665970883423,-0.7986632073990414,-0.17328854945309322,-0.5768881840591331,-0.5451576180415896,0.2897561985006315,-0.6994870603260935,-1.0940965350066578,0.19793685370377218,-0.83718821151794,-0.9263673709840317,0.18374983962435154,-0.7410680042010208,-0.7283165414013901,0.170490959699029,-0.6640779259910948
G,0.0,0.0,0.0,-0.25800572688163265,-0.5746758793398973,-0.09061954969696366,-0.78519952869188,-0.8711511610187918,-0.2669455027086697,-1.3020299999191145,-0.7618913130601248,-0.4121510818967939,-1.639456313397839,-0.5500793447964801,-0.5777093005750326,-0.598946012268123,-1.0357869937915156,-0.5698270504911682,-1.3691894319645925,-0.9429317611215261,-0.770426179594847,-1.7964202808012522,-0.8851995943855624,-0.8641390491618957,-2.1357777245358425,-0.8236443416757454,-0.9367646773529391,-0.5356034807431492,-0.5590990045904249,-0.6328800948693353,-1.3280136620264116,-0.3701429208572109,-0.8265157119632024,-1.1827010269149374,-0.36346675487573893,-0.7945670524082132,-0.9573987434982532,-0.4379586453631662,-0.7868075597831234,-0.5199783911778274,-0.06604034079339298,-0.676038223305222,-1.2537374693993635,0.020929670916970813,-0.8414910910248159,-1.0619202169887665,-0.009081831530171733,-0.698687767455981,-0.8269928923567645,-0.07222960057533251,-0.6067448495046432,-0.5439459126960505,0.40285635620833876,-0.7192619334067459,-1.1250291286987855,0.3820646684814635,-0.8552415124212538,-0.9511130540846147,0.3244565280152178,-0.7579003986608488,-0.7391229764847893,0.28202463524306376,-0.68621495937887
G,0.0,0.0,0.0,-0.2785445394251121,-0.5555803791631686,-0.08705664380508883,-0.8241020382180592,-0.8198812116899239,-0.26138879180528196,-1.330675624935681,-0.6939952910448606,-0.3992216460347077,-1.668318925993561,-0.47997533003008286,-0.5554932426164065,-0.6307018065772584,-0.9961994677919249,-0.6124843264020692,-1.3960652203443749,-0.8466826707804025,-0.8155770391213889,-1.810502773521159,-0.7492186702344902,-0.90275219861354,-2.1309257650966993,-0.6706992297146295,-0.9637285504494688,-0.5569111985928817,-0.48577879065803564,-0.6736979170434299,-1.3725387587511186,-0.25508591617252935,-0.8910328907978549,-1.2655359684826029,-0.24669584526469723,-0.8621282868369522,-1.0435778274422225,-0.31726835242467466,-0.8388887314056923,-0.5285894729093341,0.017823664309529082,-0.7096316047410921,-1.3137688723920316,0.10136955073040992,-0.8725406124278844,-1.1735307660273497,0.029131096485409867,-0.7288129737213386,-0.9362183388017775,-0.04494680843481503,-0.62485153726405,-0.5335532386845244,0.48115140301448056,-0.7457461425773704,-1.152870396172785,0.44756298366582187,-0.8771463512000494,-1.0560697733176998,0.3071266768035038,-0.7905554767711198,-0.8733923761704768,0.2202438943072746,-0.7185489077297819
G,0.0,0.0,0.0,-0.2714341232368506,-0.551455536357247,-0.08228397722276125,-0.8185055699601449,-0.8213925211706335,-0.25216333677621144,-1.3244900373239508,-0.7041670627136453,-0.3841065974852069,-1.657951564096707,-0.5054278608163837,-0.5348082848128988,-0.6425060840779067,-0.9844269772483516,-0.6047356992379644,-1.3952430305894923,-0.8317300087704892,-0.8001375461986548,-1.805023616102012,-0.7332882402719435,-0.8845760293851906,-2.124184505150112,-0.6538692826303435,-0.9471172176236765,-0.5723872877549621,-0.48436694696442534,-0.6616354385194915,-1.3723233544163986,-0.25171749008373046,-0.8674826020473839,-1.2504014314211307,-0.24280280280417738,-0.8310330039212664,-1.0265460172733998,-0.3244015704499418,-0.8057238997801975,-0.5443813366151354,0.01766985737940533,-0.6925203650108218,-1.3169416224320878,0.1001811252414778,-0.8430954452565667,-1.1785033216248046,0.03516997608992511,-0.6914605049921008,-0.9476839759213184,-0.040328730707240586,-0.5866548915320191,-0.5470921994437602,0.48475474406925145,-0.7230066534239483,-1.1554616070656873,0.4517210592189316,-0.8463646956496684,-1.0650708100105866,0.31677479080766263,-0.758301765320862,-0.8968972679386812,0.22461567612360622,-0.6879848889272016
G,0.0,0.0,0.0,-0.26739724480984484,-0.5461105223443017,-0.0788805108681598,-0.8144132994019564,-0.8222591653009677,-0.2451369931320856,-1.3186329700914172,-0.7247540614886406,-0.37443025341766106,-1.6535324641562879,-0.5393867425800679,-0.5215109855271441,-0.6426595438660396,-0.975477593113882,-0.614972007907811,-1.4103404208491934,-0.8094334961136045,-0.8131199456183998,-1.8185362287946778,-0.7037093297901432,-0.8922973045222854,-2.139579550485282,-0.6166063014474886,-0.950307067040363,-0.5693635420227269,-0.46621555565719747,-0.677102808056934,-1.374070765155128,-0.2148214558718791,-0.8857038003312634,-1.2358354324294243,-0.23945274430928978,-0.8426825935531658,-1.0053348822702175,-0.35276097723613425,-0.8139419298788386,-0.5367384820055806,0.040433169402723734,-0.7131442864745655,-1.298496110920488,0.13520482645736148,-0.8734116369194662,-1.1424153649445274,0.05980569320459365,-0.7162578726743273,-0.9109529598046612,-0.029928745698288628,-0.6071110472043587,-0.5347311460475651,0.5086286017354393,-0.7483183792044473,-1.1298212274345851,0.47203754762123473,-0.8766271032980392,-1.0133495603491272,0.3431630218914123,-0.7808587210943433,-0.8327167834102369,0.25753624202029046,-0.705378770180589
G,0.0,0.0,0.0,-0.26109800686985746,-0.5539827547126364,-0.07240646249580927,-0.7995482960739048,-0.827612435378223,-0.2336396466744741,-1.292551972514168,-0.7416517855667794,-0.3602122700915561,-1.6167781323131507,-0.5526444312038437,-0.5050242631741962,-0.6399952739058803,-0.9854640483648528,-0.6016372173335875,-1.4156634050434467,-0.831159646884943,-0.798955939192426,-1.8274234301379053,-0.7336087603456407,-0.8796826101232301,-2.1504333853329944,-0.650723668923526,-0.9390084102621854,-0.5701448179426571,-0.4797687285939988,-0.6669009324003321,-1.3751168133387413,-0.2295751299593074,-0.8687995415436396,-1.2306132327965351,-0.25705531036762197,-0.8235269949485097,-0.9980186194552505,-0.3784203179457152,-0.7950077913831417,-0.538617891170465,0.03020636034906072,-0.7066705737253985,-1.2953390561434543,0.11853945026320718,-0.864263930150392,-1.1364343233659788,0.047070295754432966,-0.7063410551752529,-0.9060350465625114,-0.04330641664986261,-0.597591678140007,-0.5353826747740933,0.5037096414549682,-0.7455846817785791,-1.1294113959869123,0.4615147560619428,-0.8743843007480455,-1.0061470032986912,0.3383731053342581,-0.776669316930285,-0.8185409010639094,0.2590783720217421,-0.6996844066289293
G,0.0,0.0,0.0,-0.29705137072028176,-0.48352247174311597,-0.12300865192605519,-0.6567683242204749,-0.719096112512885,-0.38345200940698637,-0.9839155988176442,-0.648221306441966,-0.6200866752921426,-1.2758970804263972,-0.5253780319535782,-0.8767961840103413,-0.3452950605532472,-0.9620058867894348,-0.7062876679838423,-0.9374173456033802,-0.7636939002600783,-0.93706662061293,-1.2717860917955173,-0.6932618922416902,-1.0008253920412669,-1.520218706882745,-0.6114221384225274,-1.0410733947246085,-0.21483283635226766,-0.5880219453657064,-0.7797929495662103,-0.9377182402531705,-0.3083045829725222,-0.9345283946957584,-0.8187162636354804,-0.23296650626304674,-0.8182729175758767,-0.6465604422700986,-0.2863696106527254,-0.7669942160911889,-0.1645200314583984,-0.18056502196478938,-0.8447073793346677,-0.8702016908888206,0.061701729300912216,-0.9529574490456629,-0.7126220483690014,0.04814859226463664,-0.7648021428462349,-0.5164840566406197,-0.05785201133301878,-0.6753150833989238,-0.15331090089147706,0.19209238267572765,-0.9187796554032043,-0.7284349909026734,0.33162206095689056,-1.033821214539868,-0.6219591471132916,0.27420442757920693,-0.9414783800686416,-0.4327110237403144,0.2003250088839413,-0.8891462996597701
G,0.0,0.0,0.0,-0.2901807691525635,-0.5226554626813977,-0.15882094454860743,-0.6453984065114425,-0.8234869089343428,-0.40181741154227407,-1.0569033835675952,-0.7743611686914311,-0.6233411329091402,-1.4047887122764307,-0.7180395658696247,-0.8528259898056135,-0.1538975236486977,-1.1676528693504087,-0.6299420148144534,-0.8362667511716281,-0.9781129029962292,-0.9356991642358691,-1.2015789720875845,-0.8192620837513398,-1.0955114734621203,-1.4776872998888468,-0.7341089712755611,-1.1936190033428817,-0.028516016016127167,-0.7212401358785377,-0.6920979000318355,-0.8494674537350344,-0.4020447161231711,-0.9191604601485538,-0.7441077393693429,-0.30019454631417175,-0.8961101705291549,-0.5468728210293559,-0.35035288010218824,-0.9013282473067482,0.029440817165024384,-0.226465305341951,-0.7577496093954219,-0.7869924363179099,0.04427947900919885,-0.9354415843748893,-0.6350130412160725,0.040083610714628445,-0.7853605331395956,-0.4096969150066856,-0.10298191416580557,-0.6984155047327693,0.05092015768526376,0.21917029195135487,-0.8377688626408553,-0.5869506706876468,0.3564595998198243,-1.0109208978163389,-0.49807546099767547,0.2799367013442053,-0.9395747632801041,-0.29696031960770874,0.12620230655390324,-0.8797116268782585
G,0.0,0.0,0.0,-0.26983638507004654,-0.5617496743359445,-0.16731359709037952,-0.6064349043352597,-0.8761676869350928,-0.38543597706113064,-1.017500772021005,-0.8065168157584434,-0.5782435264424713,-1.376466889007892,-0.686666955998238,-0.7688320434080655,-0.10014479763281497,-1.229606316813181,-0.5873698425021319,-0.7985448531082295,-1.0277989214138232,-0.8388356259220595,-1.1701147134437013,-0.8271384963511118,-0.9448514430456446,-1.4288073677885407,-0.7056301988974591,-1.0009608009025708,0.02989370259175481,-0.7757529481972996,-0.6303282715447194,-0.7994049611352094,-0.3998113509600324,-0.8052831119015036,-0.7317054560539206,-0.30266607630920583,-0.7707643332396503,-0.5482380923924384,-0.38553256798132485,-0.769641387820981,0.08640669503409648,-0.26416458881937877,-0.6747218901226751,-0.7316125490621421,0.07878576756415899,-0.8008086505165306,-0.6098383013536733,0.05572120777014038,-0.6650648308999296,-0.3989467731808707,-0.09345038593655819,-0.589831877784261,0.09698787552042527,0.19992084071063296,-0.7380460665370226,-0.528092919309149,0.3924171037793138,-0.8639519616015224,-0.4657121000561672,0.2880177406054688,-0.7933929325619388,-0.2861857807469644,0.12871928479491826,-0.7352207042561172
G,0.0,0.0,0.0,-0.29218584242651047,-0.6292177601319987,-0.19112609165210265,-0.6424889177554561,-0.9293788135603128,-0.4335676252350104,-1.1083642649777878,-0.8410702453268376,-0.6535273501315599,-1.509010837468533,-0.6931237517108381,-0.8698735359855528,-0.04290888172801421,-1.2678560042454705,-0.6101482108802446,-0.8437709053099434,-1.0188275891346452,-0.8766298216572911,-1.2658002433947932,-0.8083233835194091,-0.9921206119627534,-1.5521846680798173,-0.6980652445101895,-1.046283937438942,0.10273597990000669,-0.746000844855996,-0.6579726878131991,-0.8303786842330938,-0.3787294517128171,-0.8160466563658452,-0.7990209319475758,-0.2999622526175158,-0.7694478354630528,-0.6242637865642563,-0.4195043003426737,-0.7639045913305673,0.15496050715501036,-0.18451496670473044,-0.7108512964802332,-0.7670409242094243,0.1482158999165523,-0.8151685451611976,-0.6737931810335845,0.10891609981381217,-0.6585921796671175,-0.47192673692501924,-0.052226666815299264,-0.5726918202688448,0.14734117634903945,0.32137550694583283,-0.7910259250824757,-0.5347485063240696,0.5331242234663357,-0.8826707810035377,-0.5015500189975808,0.4091206576348033,-0.7804211944773947,-0.3462814151600057,0.2548972290016229,-0.702619026223749
G,0.0,0.0,0.0,-0.3098104139235513,-0.6344689970580715,-0.1830287776538139,-0.6890972829567557,-0.9473907265273109,-0.42749516148982153,-1.1770589673489182,-0.8289039491590848,-0.6497246088356917,-1.5852657664004353,-0.6656090958660701,-0.8740599906611536,-0.08375129913494218,-1.271332103315423,-0.6163047726045844,-0.9063673666380401,-1.008578710338492,-0.8766777113458969,-1.3263049708474441,-0.7933471569369803,-0.9942036008349908,-1.594853933636137,-0.6829919562511962,-1.0575418290246248,0.06869564779155989,-0.741333659113394,-0.6676116489697016,-0.878948566181977,-0.36045108385687524,-0.8347316791469357,-0.8443005163737471,-0.29192442769613275,-0.8108011262200487,-0.6607803707967826,-0.42560248960384184,-0.8287444816236559,0.12880388138891768,-0.16698352636264496,-0.7191223417051755,-0.80553654892817,0.18179613768166306,-0.8331083880641442,-0.7105379586506294,0.13254515814406267,-0.7042305957477567,-0.4971147256717251,-0.04866739021816174,-0.6445349894919147,0.12452667022107214,0.34459959557096703,-0.7932543146269333,-0.5707653840354283,0.5793989868315458,-0.9003534021657866,-0.5293987255295405,0.445704612282684,-0.821348256809803,-0.3493511563489593,0.2685823212234096,-0.7661196565522961
G,0.0,0.0,0.0,-0.3159748612020711,-0.6305014959682218,-0.18087716621794686,-0.7019746422171319,-0.9273527776709668,-0.4277873019844323,-1.20060616109126,-0.8231673937617601,-0.6553141054047774,-1.614767112934595,-0.6859720267495505,-0.8812543509661311,-0.08551618984635831,-1.2690909417447112,-0.6085044532401036,-0.8961908505983756,-1.024591076142126,-0.8727731367579166,-1.3101672372542446,-0.7992330986095675,-0.9870832527320643,-1.574855908287825,-0.6742369726707189,-1.0447902956322546,0.06742436303327919,-0.7436434696511562,-0.6651679076103616,-0.88118337067564,-0.36931179622408256,-0.8306379031086718,-0.861902041572197,-0.27694949548111614,-0.7986732654186482,-0.6826992310355314,-0.40077646198593464,-0.8088575465721305,0.1259725830428786,-0.1725865739166312,-0.724248324481916,-0.8101627605126318,0.1713685916273997,-0.8420665197970909,-0.7185899475304807,0.146653130791983,-0.7080477822689581,-0.5064257918109563,-0.017908001365843144,-0.6420222217774607,0.12289970212610506,0.3398000446702907,-0.8070467549558216,-0.5701984271972319,0.5719623377764439,-0.9135931122776421,-0.53976144555036,0.4605041977927886,-0.8283639416406502,-0.3775608244675036,0.3031939993726164,-0.7667310973381208
G,0.0,0.0,0.0,-0.22496653340931827,-0.6177392321947291,-0.09224332161444018,-0.7017499874128368,-0.99503375932972,-0.28601568715851444,-1.185231065512727,-1.0445384141123046,-0.4519344741733182,-1.5335706820447212,-0.9516520387870092,-0.641381140822094,-0.44515096648654856,-1.1025005988587533,-0.6421151712958368,-1.2521794883455755,-1.0866089188747998,-0.8725871582578151,-1.7050452407018413,-1.0872839176384825,-0.967701847683583,-2.045219417644074,-1.06647202848449,-1.03112227697825,-0.40232642674149577,-0.5693831389448207,-0.7168934979693726,-1.305198227600908,-0.45140284594479363,-0.9373978395515725,-1.1793162763461633,-0.4547001126328436,-0.8940589916576095,-0.9250945601565496,-0.5398739929933165,-0.8698181906021407,-0.40882997846605457,-0.03987516332890322,-0.770301936510938,-1.25063803662342,-0.05699084107100138,-0.9632318831434282,-1.1007447838928588,-0.09634956898216337,-0.8085287119499122,-0.8478495016374055,-0.15103150519121014,-0.6963187992900365,-0.46048922930231423,0.44472387635970934,-0.8234794845663079,-1.113327088120032,0.3246411872103986,-0.9791463085402671,-0.989453933186007,0.24615707641522888,-0.8794486638722055,-0.7657814337701925,0.2205653778340432,-0.7974575867730685
G,0.0,0.0,0.0,-0.21836852777856103,-0.6190278825328748,-0.0882976902208307,-0.6996257739980375,-0.9935706439586754,-0.27548469991268115,-1.18761341941152,-1.0370315939736103,-0.43511671746546277,-1.5479503329622601,-0.9506082840419676,-0.6173738811026043,-0.4474788608192814,-1.1067484897657014,-0.6274365052153589,-1.2392357238227496,-1.0915812720327336,-0.853110787661205,-1.6901092751060725,-1.1043423914983719,-0.9465811185131895,-2.0305861961969187,-1.0952720054312766,-1.0110684085756159,-0.40988286647718575,-0.5777630298859187,-0.7058228652186669,-1.313844052599949,-0.4541454171472811,-0.9259088309078902,-1.1812621885080081,-0.4559858416957576,-0.8853948611062977,-0.9224344596809262,-0.5357252572621856,-0.8631013049836731,-0.41649238552388035,-0.051961935495364785,-0.7630456797257755,-1.2489521543232642,-0.06099780752576139,-0.957881872928366,-1.08839609635485,-0.09727157398305612,-0.8068178232030584,-0.8347863065408019,-0.1519764841884588,-0.6974419496968934,-0.4631073999723506,0.4299911007409419,-0.8195843709326845,-1.1097435951851449,0.3239296280031176,-0.9771262840482651,-0.9740694030351723,0.25253126667664183,-0.8793835043435178,-0.7470380140829318,0.22710787076126332,-0.7991817141117369
G,0.0,0.0,0.0,-0.21774740742944346,-0.6188367351285002,-0.08497050320432896,-0.6951344693397188,-1.001969236136132,-0.27247742540416486,-1.1805862380518333,-1.0520009831189256,-0.43213444991988187,-1.5360538612843344,-0.972254346673357,-0.6145888088629919,-0.4386539341886423,-1.0992564803637885,-0.6395643717715707,-1.2417255742246018,-1.0877007799559821,-0.8666078205125449,-1.6959978356315566,-1.099557595560742,-0.9583199816245691,-2.040399637265918,-1.0888072973598397,-1.0208147409083543,-0.4021516491627164,-0.5670267895847744,-0.71885650234862,-1.3151623902849834,-0.45566435257824534,-0.9418140121348081,-1.183267134644062,-0.4632854810791966,-0.8990229524095035,-0.9244605655414673,-0.5419730338589223,-0.8744458814672152,-0.412277214274886,-0.04144413583355691,-0.7754199398119901,-1.2571361967129728,-0.05969430700717484,-0.9702660795041244,-1.0947722922775482,-0.09699535675448091,-0.8151920768530025,-0.8381531793799171,-0.14944509114678683,-0.7027410922204985,-0.4640709708295283,0.4384651705759286,-0.8309156325003577,-1.1182505355857937,0.3222340569924259,-0.9871505475586578,-0.9822918436849123,0.24940368046311268,-0.8867813245342289,-0.7543874645044772,0.2270936346071331,-0.8047000739729278
G,0.0,0.0,0.0,-0.2237469847389566,-0.6120797447490429,-0.09057081179500387,-0.7039129969154851,-0.9894551244420287,-0.2839794297220367,-1.196517436636197,-1.0269820309866196,-0.4473725793875057,-1.5573973566921346,-0.9371696110937066,-0.6334038448706366,-0.4317534405285999,-1.0958981103122036,-0.6534445653094791,-1.2324550828186525,-1.0753584248704626,-0.8788507247400598,-1.6840649933150214,-1.0822899884221173,-0.9670286620657302,-2.024521124837174,-1.0695611782936356,-1.026890215417959,-0.39322476209176044,-0.5599882466665254,-0.7292375813637345,-1.3008384205562844,-0.44355059319257417,-0.9528258481686603,-1.1739233024144755,-0.452044043665397,-0.9082504406535449,-0.9192849893472093,-0.5307226766216412,-0.8822054920052969,-0.40352774108327577,-0.03447324712999615,-0.78164475444969,-1.2449232849828353,-0.052952400804874934,-0.9755554889271011,-1.086567128592937,-0.09180411786085113,-0.819258903832452,-0.8321362773940559,-0.1432946808709012,-0.7063561860904566,-0.4569158758432003,0.4443862034957921,-0.8329937279361391,-1.1055412453056606,0.32850722434334095,-0.987079387417207,-0.9744160599273324,0.25229124060255725,-0.8863254349888062,-0.7528621520378174,0.22676766796150866,-0.8046865484823212
G,0.0,0.0,0.0,-0.22612075715531918,-0.6163874206549737,-0.08394809307594389,-0.7034800582121536,-0.9992507516615009,-0.2738193776012506,-1.1901606159219518,-1.0405505898150103,-0.4365145562673015,-1.5422321062164428,-0.9502330640449426,-0.6228374592083353,-0.445817880393394,-1.1047202817280501,-0.6379471029585856,-1.244315951958932,-1.0814558697379097,-0.8637009370967884,-1.6970525601965687,-1.0807926246140622,-0.9555157669743062,-2.039050470537031,-1.0615565795403707,-1.0181384517389849,-0.4041015372119891,-0.5681306091354812,-0.716888804896725,-1.305618520729539,-0.4463229794779786,-0.939968801013441,-1.1765632840155302,-0.45168864866725594,-0.8977170205276745,-0.9226220565777138,-0.5347162875213414,-0.873293381932386,-0.4099584273640382,-0.0378046493122896,-0.7727513112901974,-1.2522242221631341,-0.05092883408899786,-0.9671654013083972,-1.09485923068597,-0.08598432429426403,-0.8114866016314963,-0.8389150352488357,-0.13871344125470783,-0.6981568906665615,-0.4589895089818811,0.44714017492984326,-0.8271958286561154,-1.1118947865847746,0.33213476144275933,-0.9809681616923509,-0.9832862317449289,0.2586010488967511,-0.8793353674997765,-0.7606114445104467,0.23277999639636338,-0.7964582094432551
G,0.0,0.0,0.0,-0.22069171737643614,-0.6048995418594177,-0.08663227353241729,-0.709504589483347,-1.0031107232857872,-0.2703062308436136,-1.2100488299986203,-1.064970513460544,-0.4253943591133507,-1.5875856822410042,-0.9947502909172327,-0.6017882083767087,-0.415020511277929,-1.1198738158267652,-0.6225093250670733,-1.1906082218872809,-1.1353394021077428,-0.8493264132765271,-1.6397379431058605,-1.1524564436480145,-0.9430193529066954,-1.9821131060405461,-1.144354380512639,-1.008194508977165,-0.38551276476329,-0.5966598308383808,-0.7038302028674808,-1.3059826995631632,-0.507315494510158,-0.9293636287325477,-1.1716645513863573,-0.4882076685261022,-0.8901647205510246,-0.9082163986582008,-0.5467137685678394,-0.8669310508943711,-0.40380683944185736,-0.07666284620328731,-0.7639460805604404,-1.2394863154115296,-0.1118799459707588,-0.9659150506955965,-1.0715824025019598,-0.12296331539998617,-0.8123082340399418,-0.8172911875410581,-0.16025726946086088,-0.6991661431872008,-0.46325859003914843,0.40429355725565813,-0.8225607659412145,-1.1119145104753587,0.2826166587546152,-0.9831399589954555,-0.9675876683571469,0.21908625120191083,-0.8838330774949174,-0.7386712502859525,0.19440895543119366,-0.8025661330743035
G,0.0,0.0,0.0,0.1815546615891402,-0.4876861988176069,-0.04260650255616139,0.5711596226347416,-0.8254950817114658,-0.15880881606595088,1.003807574584191,-0.8378815235141893,-0.2698451396374615,1.3015605641972874,-0.7856986131471115,-0.3775739101165375,0.4309386427000252,-1.110118568500458,-0.3371254224722471,0.9841399542774588,-1.0229103763203031,-0.48491783312021125,1.2705420241419252,-0.963978453846745,-0.552829839468521,1.4897062269846908,-0.9243985140066979,-0.5994652096511613,0.40969219378849847,-0.8142734901778269,-0.41123106587706587,1.0241446284631752,-0.602873846048567,-0.5533243598311907,0.890837330025512,-0.4616594717654324,-0.5119178190140639,0.7063983931465913,-0.49542950160666854,-0.4835814949185254,0.40970909608986367,-0.4433460843317177,-0.4790292377866358,0.9827880262637183,-0.29369541290354845,-0.5819563461528824,0.8287732318421505,-0.18335975054630058,-0.46565247478119687,0.6585547645118147,-0.22736514824606385,-0.3876760122921417,0.43104236136749347,-0.05487665062328714,-0.5524710497077234,0.8964714304805774,-0.009570800100304679,-0.584676272171434,0.7835124541228086,0.04940056107643884,-0.48551575203100505,0.6232593019723696,0.02302836122817877,-0.4184743742626749
G,0.0,0.0,0.0,0.1759454089338779,-0.49089145009405033,-0.0478233613609962,0.5645205042702145,-0.8350428109589801,-0.1637738144435772,0.9950044995548377,-0.853609890980455,-0.2732068762829311,1.2933993180567165,-0.7938350956853433,-0.37835300279639794,0.43455210995437654,-1.1082320288026855,-0.34119390684916784,0.9854739321702676,-1.0305551972916875,-0.4939410230351573,1.2733008496695093,-0.9688515936083375,-0.5660268361949832,1.4961786098139898,-0.922904113463939,-0.6145629222780226,0.4113302414424411,-0.8123507494522761,-0.4133929031069939,1.031382421627973,-0.6043802558038911,-0.5607036359326414,0.8965396733268415,-0.46214559871387867,-0.5213510871688875,0.7107541031838205,-0.4892209388130079,-0.49276644479067433,0.40975740118387893,-0.4389587052365184,-0.4801632234658011,0.9918168489962232,-0.29000236464981766,-0.5878825409952627,0.837437694067224,-0.18049760398958462,-0.47356100561961995,0.667642321120478,-0.2200468549385327,-0.3949980427465105,0.4294321535040661,-0.043793924774723464,-0.5529512252133061,0.9043788739467892,0.0007500201858898747,-0.5869141859176081,0.793109558023656,0.05380792485942167,-0.4883861455530463,0.6317109136554191,0.028313715397420596,-0.4210684335188464
G,0.0,0.0,0.0,0.18628315789392275,-0.4888214227967339,-0.04139129504562309,0.5848486894347253,-0.8201629940792572,-0.15798835516394474,1.0174077278103257,-0.8184842765743624,-0.2708011146055642,1.3172363691439815,-0.7511367121162363,-0.3803809578560557,0.44876242530095967,-1.1079872634669126,-0.32940823868613145,0.9937247188762719,-1.0199711430289224,-0.48244323874951195,1.2863713812955786,-0.9498198799235336,-0.5576873607361112,1.5136102551034025,-0.897344932015039,-0.6091916367623001,0.42481731274651213,-0.8089304297532299,-0.40640104651696796,1.0387025363587576,-0.5897566646554885,-0.5597739982324663,0.8992231670814199,-0.45599653748775976,-0.5262739935782407,0.7086722671371875,-0.4960523991475971,-0.49997239831207496,0.4224883012641997,-0.4349101313693018,-0.4776524327319333,0.9984468958177728,-0.28011037430250735,-0.5891201308788414,0.8411920405320358,-0.17624495508036767,-0.47533044421552123,0.6688406177468394,-0.22416941306490742,-0.39587558052975713,0.4409579829531333,-0.04198283284307121,-0.5544192970505236,0.9077449318998154,0.0034434091783934052,-0.5906668819547245,0.7920600243921226,0.059994290505723205,-0.4910371277944565,0.6315389346584279,0.03187524965941191,-0.42213791251679605
G,0.0,0.0,0.0,0.18371193021699403,-0.49277492479189505,-0.04483077472097987,0.5892459224530394,-0.8355157169769615,-0.15598614063478616,1.0253293193619104,-0.8545612548453176,-0.2620798516287713,1.3245228711984722,-0.8051009040943349,-0.3643000675359867,0.45577590818457014,-1.1116591587795512,-0.33239225191133764,1.012225542623649,-1.0344293234897455,-0.4865326334520216,1.3071144225802105,-0.9756660148520434,-0.5616106325238206,1.5354380676210657,-0.9361456009552567,-0.6125715484763246,0.4317699299217885,-0.8050877114337114,-0.40670444368578373,1.0549589690486432,-0.5922417224881533,-0.5591149542596147,0.9186454700086218,-0.4635168017497911,-0.5261832082706666,0.7258823085303402,-0.5044380363382337,-0.5016075469355077,0.4277153855568414,-0.4249118785447545,-0.4755806263021678,1.012399445877322,-0.277776666535936,-0.5886348649966158,0.8572617524971828,-0.1770140563962167,-0.47915240590677466,0.6840681040546462,-0.2257272228227973,-0.4030958179128699,0.443589621026032,-0.026035116074030258,-0.5496899642621282,0.9176105790752694,0.013919189772150608,-0.5877408956653777,0.801154033161547,0.06205720949922713,-0.49150316823071205,0.6356114615846331,0.031037666375092313,-0.4252830413235879
G,0.0,0.0,0.0,0.18200186435141585,-0.4926106848021575,-0.044798359692682636,0.5858158471596854,-0.8374510953274548,-0.15654254496986222,1.0198083667165634,-0.8575889166728566,-0.262814814972886,1.3204901860188443,-0.8020939607595605,-0.3645981381160181,0.45803048654921974,-1.1082164672420063,-0.33298480875865927,1.0174386309693662,-1.0309150366109148,-0.4853059528395253,1.31250912505388,-0.9696495821854011,-0.5585752599664693,1.5417141364898386,-0.9296653572681894,-0.6088542909897542,0.4339135994644871,-0.803975378435089,-0.4066233872638512,1.0553698669966793,-0.5833530603576084,-0.5612670083541568,0.9174961989678322,-0.45637676400511634,-0.5292777420702061,0.7237763006279693,-0.4980063128755182,-0.5044674713190069,0.4300849084957931,-0.42625941699030423,-0.4744323105152742,1.0081591211870247,-0.271905047370379,-0.5872891757774887,0.8520599776326194,-0.17458964128211385,-0.4783646840884564,0.6804820977141801,-0.22760581307730773,-0.40264442150774565,0.4480389628927906,-0.028468556976483202,-0.5474054340015603,0.9182058132445159,0.016080768690448433,-0.5848695150731963,0.802018906685209,0.06585161830800003,-0.48902642863085727,0.6391009071750693,0.03335520377830933,-0.4230703945080512
G,0.0,0.0,0.0,0.18317233384097525,-0.4925337402062095,-0.05061372035102077,0.5888132073959494,-0.8372118359021478,-0.16504289184437174,1.0247222670182232,-0.8503733971316421,-0.2728849663517406,1.3232142455871285,-0.7933735173408746,-0.3754341582059474,0.4500254400072163,-1.1152066155981588,-0.3383988754611636,1.0194529947580728,-1.0415883968656934,-0.4954031250461893,1.320742821787573,-0.9765844925117576,-0.5735380896498058,1.5527686053955783,-0.933118130528233,-0.6268603551768512,0.42846614500003893,-0.8050929192856293,-0.4101733217859845,1.0599262749882872,-0.5771936514050473,-0.572224689761577,0.9246302786839469,-0.44651623979150135,-0.5451279300471623,0.7277983698301205,-0.48479385480377446,-0.5223057323442493,0.42739526674532224,-0.42179254412778605,-0.4761613978440484,1.0165054449214719,-0.26407187617969763,-0.5936298247777587,0.8625208261153752,-0.16274295995973728,-0.48389878371989853,0.6883658384260586,-0.2125327188745325,-0.4060647418506774,0.44782518106474073,-0.02267057101588854,-0.5480370074407869,0.9245421872605207,0.0242002812858737,-0.5881863287591607,0.8098170245311718,0.07535221463469033,-0.4909128268684979,0.6466992706932381,0.04429566437154522,-0.42266717164343615
G,0.0,0.0,0.0,0.18359929841702602,-0.5021586572325688,-0.05654958798323811,0.5945615585572996,-0.8567833816964111,-0.17391964234829393,1.0402827362845717,-0.8790661620386648,-0.283315013473091,1.3410404978692252,-0.833682414788294,-0.3877682209291792,0.4408542997846232,-1.1272628566295806,-0.36100884743731476,1.0290006793156357,-1.0707217061084304,-0.5280168835758472,1.3418273484555963,-1.0070065488990139,-0.6107156394452411,1.5777475173715731,-0.964712639661756,-0.6648007117852134,0.4164394304412289,-0.7996926781604639,-0.432515689045299,1.0610569722043932,-0.5922066666006498,-0.602713852135716,0.9264012987432358,-0.4641123607220895,-0.5750983644992855,0.7245334003701113,-0.504649246404377,-0.5514156113111226,0.42006156597382377,-0.4082086972198624,-0.49877157989590964,1.0209792207414514,-0.27686980604620287,-0.6249834492795491,0.8683420787662396,-0.17321425111655303,-0.5159614698178766,0.6911644474417392,-0.22538520587220576,-0.43693972195617975,0.4494816333103132,-0.004288473739684881,-0.5708060600396407,0.9406105779374349,0.019270108904190154,-0.6158322389160908,0.8261921493818913,0.07162742300924654,-0.5172335794435005,0.6552945520443698,0.04131628189468247,-0.4470970657404739
G,0.0,0.0,0.0,0.19168739691123776,-0.4892570545315297,-0.055865238484052844,0.6078037549122163,-0.8367226575252059,-0.17430795651817368,1.0522645320136519,-0.8476895978849592,-0.2853666352764782,1.351146301034467,-0.7923098376197919,-0.39179631572849183,0.45215778031707304,-1.121778859288869,-0.3566450774394862,1.0291897927687217,-1.0451545042322334,-0.5229178651563373,1.3369982213176865,-0.9638597164981576,-0.6073838300733453,1.5725018107667401,-0.9066030688450204,-0.6634887952471982,0.4202599330006761,-0.8003006732644451,-0.4276685879121156,1.0630344350477066,-0.5544842687692239,-0.6000344343441222,0.9305874338685604,-0.4225439940924864,-0.5775045812096395,0.7310233698960692,-0.46482221998870543,-0.5569070106664853,0.41567829811032464,-0.4124235282900903,-0.4927442323245655,1.009963693016373,-0.2378636250450346,-0.61965309201548,0.8585452652413266,-0.1365522442148522,-0.5141931033917666,0.6835711561695399,-0.1953176269399236,-0.43725206150672086,0.436870772461545,-0.01298129885599582,-0.5633954884094728,0.9217819750467012,0.04786641955326022,-0.609264854004192,0.8043184973606878,0.09919209202963161,-0.5127732005781119,0.6348195164406429,0.06013568149539499,-0.44368128327299816
G,0.0,0.0,0.0,0.19430417450134002,-0.49572642051050664,-0.05727343814583186,0.6189115621228336,-0.8420590311491202,-0.17602914655465368,1.0692201342259546,-0.8442106843788553,-0.28672331447325333,1.3691163079961932,-0.7938490471040026,-0.39337613449064385,0.4485288972408048,-1.1297268512954033,-0.3629934330473683,1.0224126938492293,-1.0587225732453094,-0.5298447057701934,1.3340957493509795,-0.9721294630965993,-0.6175983160071482,1.5751296540347282,-0.9099998842092799,-0.6767138395530734,0.4152821643034963,-0.7985747460712905,-0.4356823372006006,1.0659326309158494,-0.5691333083676806,-0.6051650330804382,0.9331424814328689,-0.4363948264153301,-0.5834412039654528,0.7333363416145617,-0.4773274875141821,-0.5659746540353467,0.41137757520303797,-0.4005810110195293,-0.5022056407259924,1.013767922161037,-0.2515821583359552,-0.6249456199079733,0.8603628457534765,-0.1520624169390894,-0.5173128576283801,0.6813150764083983,-0.20487387505305332,-0.44122535104763017,0.43303379087834465,0.008906312449709719,-0.5749509822560112,0.9220289487865203,0.036673362563045084,-0.6181134593920538,0.8031638255034089,0.08059132066077085,-0.5187030414764398,0.627730555053123,0.0489841614110786,-0.4490120030407857
G,0.0,0.0,0.0,0.19724493033088217,-0.49732016886055075,-0.0635555125414637,0.6166496039736529,-0.8282979288449014,-0.1826244219496353,1.0636834817367893,-0.8186351533291825,-0.2882153142462107,1.3661012279833171,-0.7407661779473775,-0.38844125140588237,0.4803123516688255,-1.100500353462263,-0.3886484229535206,1.0528338998730986,-0.9946491462107536,-0.557274708037333,1.3591689466271029,-0.9050871760810681,-0.6375572439919801,1.599039534711076,-0.8375812511423254,-0.6884838021809826,0.4380779835419996,-0.7742266022174432,-0.4567940988614109,1.0989221198553756,-0.5042631855635286,-0.6246802643654696,0.976348407897279,-0.3620267225794991,-0.5936244201377804,0.787155675802287,-0.39634074454991497,-0.5668351880853343,0.42537572856569783,-0.3884505399440332,-0.5187439657275944,1.0234204260675763,-0.18799051089012922,-0.6437011655243301,0.879988485878574,-0.0803815970550706,-0.5391136668644348,0.7118312528687366,-0.13437791388783504,-0.4618581890236347,0.44001708995932215,0.017306204778690628,-0.5869131080024486,0.934200060177212,0.09616173100153237,-0.6270814724079011,0.8370348495185926,0.1547230475965052,-0.5297698894251408,0.6753850258719057,0.12958416865997327,-0.4609051517330711
G,0.0,0.0,0.0,0.18872958963004413,-0.48953869555779705,-0.051690949139724024,0.6067985682900455,-0.8089025714074973,-0.16880657384123893,1.0438348944677915,-0.8023818226830516,-0.27657369832417683,1.3455812359346881,-0.7492378660477494,-0.37969300388300026,0.48454675602395747,-1.1092546278092141,-0.36712639322188406,1.0670148836764073,-0.9965392044716428,-0.5350417340818073,1.3827445300120178,-0.9028802110541325,-0.6198898475448748,1.6257505172673066,-0.832927111665133,-0.6748624871807574,0.4474491307781953,-0.7780696695681709,-0.4409045981433111,1.1081906264876142,-0.5124141698048403,-0.6177817949264549,0.9851241882096762,-0.37881661219616064,-0.5964969195301003,0.786419447647794,-0.41266210631910555,-0.5740971286864052,0.4361903897103387,-0.38255142308518286,-0.5071275277948867,1.045151319019594,-0.1923786431208801,-0.6374658886469727,0.8991380574476566,-0.08965430302660306,-0.5309672878750895,0.7211289738419254,-0.13869894519513176,-0.4503232611443501,0.44887625025915895,0.02695414597984291,-0.5781247823870852,0.9508312039475688,0.09993161370875475,-0.623235078783332,0.8495296885372542,0.15805324006850524,-0.5242797001413291,0.6843483323232232,0.13530605556414452,-0.4520864831261212
G,0.0,0.0,0.0,0.2351111980154412,-0.5036304408608727,-0.039633537052629154,0.705259871231891,-0.7934313414276902,-0.15023538215478505,1.1625127117450091,-0.7432278462829163,-0.25907587965179074,1.4808359243255043,-0.6552042570869335,-0.3621576802238392,0.5855814760270988,-1.0770817565644553,-0.337279640758633,1.181381688777534,-0.9268874857596463,-0.4889145177606239,1.503124014562815,-0.8142661634293166,-0.5532770744241396,1.7528966196130578,-0.7291296641355416,-0.5957872383299314,0.5331422059233717,-0.7378135731316362,-0.4139933810653122,1.1613624616914804,-0.4356005369884629,-0.5827805674385625,1.0167212022477894,-0.3313971120029386,-0.5526734326000603,0.823084747173036,-0.3960563739698153,-0.5231601074583189,0.5026441805323615,-0.32281217733645623,-0.48189307274234877,1.0926356740495722,-0.09882165953194676,-0.609687907189033,0.9280750325913426,-0.01667267570649629,-0.4948270366848383,0.7550996865086177,-0.07665402192451584,-0.4072602241786715,0.4910872586281535,0.10340756688641364,-0.5534084113278039,0.9972296447548006,0.22229141010494938,-0.6016336534313622,0.8971718219682542,0.2760347613316903,-0.5019493063592689,0.7497068916576054,0.25709148099013107,-0.4265839098889933
G,0.0,0.0,0.0,0.1813851492767109,-0.4635239884781242,-0.039911886805858686,0.5497300491513872,-0.7873287114193188,-0.15598479673676163,0.9597658822589363,-0.7959461454584438,-0.2704205980677085,1.2548942450137877,-0.7531458191864262,-0.3810119148325822,0.40821920030421754,-1.1124847456019604,-0.321203323097808,0.9542837190127313,-1.047323118035097,-0.4854350832180909,1.2655321112647115,-0.9876063517519,-0.5768423852408506,1.507648803571924,-0.9414296533159566,-0.6382471333981863,0.37992607013446444,-0.8337549518163314,-0.40063557200269817,1.0081700796403317,-0.5731016346214072,-0.5735348311136518,0.8821165378317614,-0.42904989588804293,-0.561900600854231,0.6882402682310036,-0.47005972795821577,-0.5478514088668202,0.37816770463028054,-0.4712623759037067,-0.47484306162368095,0.9653316345744792,-0.2734296477799857,-0.6061381077577361,0.8152889828357636,-0.16177017093911986,-0.5146838719700673,0.6406356125502951,-0.22010662846984536,-0.44484411542981633,0.4023195001269711,-0.08975914067432346,-0.5536493454783824,0.8811539021488808,-0.006296680187326994,-0.6063309480129759,0.7762388651843526,0.05574846370643496,-0.521559311165575,0.6150461939718314,0.02415914697835874,-0.4585963892409632
G,0.0,0.0,0.0,0.16809481097414286,-0.4497455811816545,-0.040213837431440025,0.5263739964530222,-0.7823611699838392,-0.14552368573266392,0.9259892231859848,-0.8166352551049058,-0.24893095940743573,1.2096649667540664,-0.8086009003289585,-0.34874028227895143,0.371193599459998,-1.1246683055535238,-0.3047737932448493,0.9041105174571332,-1.0575921838672673,-0.45809771190930854,1.1905078959033604,-1.0168736830044023,-0.5455227323462991,1.4157124677507125,-1.0017644489781334,-0.6070302102581243,0.345630618482321,-0.8583327480378977,-0.3792154654193825,0.9389077250919652,-0.599642928699261,-0.5451796433621325,0.8251846884134387,-0.4541866500040871,-0.5465528564443346,0.6526296876779936,-0.48615976090214086,-0.5433692530896705,0.3510190309243378,-0.511609598669127,-0.4473572497762633,0.9030695471713597,-0.3044256545609029,-0.5760782234299828,0.766843539077023,-0.19797951974199696,-0.501926464249277,0.6079660755864121,-0.2521548099071595,-0.4448284726436135,0.3847345208933222,-0.14829224360090565,-0.5198413004490381,0.848107661141662,-0.04279635350955027,-0.576392532104437,0.7428879037812935,0.026840523431258784,-0.5048037699435305,0.5879083425806728,0.0022396553500859742,-0.4504672045491431
G,0.0,0.0,0.0,0.1874969757675088,-0.4680441916736178,-0.04012065554742534,0.5593223554058641,-0.7983006464681399,-0.14714999112877114,0.9627894043972316,-0.8262012353240686,-0.25302015192254707,1.2340875652103032,-0.8003030628044872,-0.35535216047017487,0.4200697984035847,-1.1146562433205607,-0.3066580060601052,0.9660858974628302,-1.0454919402562783,-0.46622159442037486,1.267200055253059,-0.9898066825802377,-0.5573625633808194,1.5033155305602028,-0.9570752285140367,-0.6205656104149766,0.3975810387021386,-0.8336900787673592,-0.3832625343408915,0.9869485036265385,-0.545178474518086,-0.5592646406979289,0.857649113652498,-0.4116203188046563,-0.5622535706332036,0.6692982845388153,-0.45662865929942437,-0.5576203490839986,0.40007577424942464,-0.4719082837851797,-0.45339995201172606,0.9454875889807839,-0.24592476511445752,-0.5875141488616655,0.7972527293443579,-0.14484549416566128,-0.5091172240741291,0.631506579967938,-0.2097590777048052,-0.4472207322201376,0.42753723073437744,-0.09655811679892334,-0.5278649373726197,0.8730372938423827,0.017760858758281452,-0.5862754409965806,0.7560409745873525,0.07728566077359342,-0.510056824152679,0.5985183289282751,0.03596030438148783,-0.4508104688822241
G,0.0,0.0,0.0,0.18989758266202753,-0.4846687899352109,-0.03640153668258469,0.5840166265522033,-0.8081873996979075,-0.14432877309764258,0.9986583677893499,-0.8264308510389867,-0.2513636333217565,1.2984623733132628,-0.8040378216593601,-0.3555172706870284,0.4700347935029218,-1.1067250316259243,-0.3163304246791614,1.0299889063160939,-1.045723955637896,-0.47478133384904514,1.3455623557950718,-0.9782062997510135,-0.5608506835156415,1.589723771034928,-0.9329520210459434,-0.6202709510197347,0.4467520329928826,-0.8032437727186005,-0.39396962142469266,1.042554412334789,-0.51335617874364,-0.5745185870700062,0.9040049032167845,-0.38947973156730953,-0.5691277590874317,0.7062349127051827,-0.4388002202492323,-0.5573592389997851,0.4422014673163365,-0.4181976933830834,-0.46385976391278366,0.9956528713173195,-0.20968327237360884,-0.5998612039498986,0.8417588264296616,-0.1182897962508788,-0.5055732000484635,0.6712688755967254,-0.1776985281063674,-0.4322972385386413,0.458182799197305,-0.0260433898399103,-0.5371971191352716,0.9201440540940002,0.06752529913871894,-0.594860677206922,0.806105038197648,0.11758859866575877,-0.5082473473992251,0.6494693305680089,0.08130778069977627,-0.44120891632538634
G,0.0,0.0,0.0,0.187650456385958,-0.4684766542776429,-0.030666443895480223,0.5862321737140881,-0.7521712379389879,-0.1224921642169874,0.9970494407622089,-0.7509978454940115,-0.2136993914760912,1.2788555610350258,-0.7215628769430501,-0.30185661032392164,0.5288078840422915,-1.070235883209457,-0.2611676383254318,1.0745522911320484,-0.9666788314259557,-0.3937456711379013,1.3785117813868648,-0.8860004179071105,-0.4671139195693324,1.6194983722904912,-0.8315150572412492,-0.520139454313024,0.5171961879722133,-0.7885933394310528,-0.33260885158394576,1.0705448765533008,-0.42958092975990636,-0.4904686548340589,0.9329766256834304,-0.31163431498242217,-0.4950935322645812,0.7476038078469175,-0.3741171832982577,-0.48996720417580253,0.5117258044558184,-0.41493196322183773,-0.395698321886961,0.998877977322297,-0.13459370102185544,-0.5205859022004221,0.8449103098276914,-0.04686808804388995,-0.44709986053336886,0.6886457266220447,-0.11610802056786775,-0.3879580875150266,0.5211697976733796,-0.03151508603883548,-0.4609717339557943,0.9190836591349107,0.1311637631535282,-0.5185875380373602,0.8189091904532072,0.22535365098669896,-0.4442256776462724,0.6989154249279697,0.21819623645149697,-0.3833283209493169
G,0.0,0.0,0.0,0.2170655631295141,-0.4779899072735107,-0.027033377072890552,0.6481242241034215,-0.746639811926096,-0.12060198678349705,1.0813253060400316,-0.7233185877480277,-0.2138190393271479,1.3784498258350244,-0.6834541265486573,-0.3036529981757757,0.5713505236455882,-1.0680072667485794,-0.2721200164040697,1.1367673271572016,-0.9413482474947865,-0.39804111021612015,1.4397695316643024,-0.8363900229631326,-0.4621176151206701,1.676836723108275,-0.7684801204806261,-0.5096490869968069,0.5472881950931909,-0.7620946686380644,-0.34595859224056885,1.1086004757933543,-0.4012880471001219,-0.492384178398118,0.9759876211259422,-0.2851751816027762,-0.485276336575325,0.7993970179330074,-0.34899033155251724,-0.4763334065266827,0.5305384890943954,-0.36751018216002423,-0.4099311801736699,1.0338860052488372,-0.10511842836596505,-0.5236205495954238,0.8865500590068078,-0.016890800317444384,-0.4355101289709743,0.734087015344546,-0.0765745591893532,-0.3706765711489486,0.5306721120234621,0.03134851388132369,-0.47600197137439815,0.9500087374651354,0.17504230138258764,-0.5252483426805087,0.8543499503936794,0.26884732175423864,-0.43997457160749104,0.7316289281719943,0.27080310165795474,-0.37378729138553607
G,0.0,0.0,0.0,0.2188630293121611,-0.4750397558778903,-0.028743077642327468,0.6531728606761223,-0.738593373435213,-0.12240600137847293,1.0836157675689773,-0.7123982179787379,-0.21590579261332296,1.3772917980031791,-0.6759371016148894,-0.30529674260945416,0.5798903581652672,-1.0686494523324168,-0.2659610995944534,1.142647886642577,-0.9375187388843029,-0.39700412147664266,1.4534639464006907,-0.8246939638065559,-0.46703721229220013,1.6975028067109033,-0.74768104192229,-0.5179161756256033,0.5577830120109792,-0.7573357537371352,-0.33958896864204086,1.113263868429181,-0.40452162558808524,-0.49441911974121805,0.9769278181860386,-0.29165379668733094,-0.49192934163546875,0.79521203054418,-0.3576350043841138,-0.48308782870167255,0.544782629368126,-0.36247373571634434,-0.40426700623289824,1.0417366371640076,-0.10693619283064638,-0.5247738648703455,0.8916377628304415,-0.014687833317844548,-0.4364354116552976,0.7351146533347679,-0.07225065068587101,-0.3684394938312163,0.5454487396866268,0.03337780027001884,-0.47141311502710237,0.9522969996297347,0.16881907975674873,-0.525211890721811,0.8483892616669455,0.26709353456338014,-0.43974216845097197,0.7248292534103175,0.27237144368882893,-0.37137366946625067
G,0.0,0.0,0.0,0.2215843521417964,-0.46736338964799173,-0.023723773953701757,0.6491191842034031,-0.725169995982412,-0.11658537206329522,1.0727625317033813,-0.6957227405519774,-0.20843698965610144,1.3681640831223092,-0.651219617807532,-0.2972175315879418,0.5882209041243371,-1.0440868930110176,-0.2726032477781658,1.1296252505811717,-0.9033922331094637,-0.39923267341011975,1.4316823501887503,-0.7974670310292391,-0.4640028008860293,1.6702961931611384,-0.7185636999259786,-0.5107600932363882,0.5640508448260468,-0.7498855084920973,-0.34571428753317607,1.1099841229810234,-0.36827234550026333,-0.4944287655328882,0.9765085802063077,-0.23634767877393026,-0.4867625225476951,0.7988034904675376,-0.28128855107282413,-0.47411431316543023,0.5452440313621656,-0.36743477619433823,-0.40838879339488604,1.0406835423689795,-0.07677190262282246,-0.5272608666735006,0.8951587768113571,0.0208534660040947,-0.44190440939912895,0.7389453078587731,-0.023445996343049846,-0.37563011048297396,0.5372208873297916,0.017205411521241346,-0.4725079223214666,0.9428042705087353,0.195905450942447,-0.5297421551276201,0.8555395407868956,0.3185319378342635,-0.45053945456265665,0.744200425448889,0.35218727845784986,-0.3855274892105221
G,0.0,0.0,0.0,0.22728346105291664,-0.4686427141069856,-0.025599801505579545,0.6551652728837619,-0.7279119365282112,-0.12152918253267986,1.0806694695579273,-0.6977718721843211,-0.2158760694094414,1.3804632979205458,-0.6458353742587304,-0.3068033838227431,0.593296428413425,-1.0444840974645884,-0.2830665371705906,1.1469163320771583,-0.9091795233815447,-0.413134148845674,1.4537323991148285,-0.8015987579300596,-0.4783195811572867,1.6951781265722519,-0.7202797803836534,-0.5248151943744823,0.566727670740957,-0.7427557993511837,-0.3565579472494105,1.1231390313488518,-0.37815888625690014,-0.5111341393507681,0.9916798389564997,-0.24842515986636293,-0.5011840885365644,0.8111356492714261,-0.2911673602246738,-0.48544696811017146,0.5465113342305153,-0.35536584235879987,-0.4194235097700383,1.049996050629893,-0.08172175865438906,-0.5413352888109811,0.9073825220759584,0.020690652922195973,-0.45200669147647143,0.7490523425349628,-0.015497017494155723,-0.3817545342606783,0.5368405655736567,0.032851941853735515,-0.48389369677782673,0.9472319956323587,0.19430424956235062,-0.5437039261433927,0.8624507381124472,0.31619753428530034,-0.46331519483639305,0.7508348356765313,0.35434222674700055,-0.39662012341838065
G,0.0,0.0,0.0,0.223628375275813,-0.46333768417045224,-0.026422806244044694,0.6494956132119214,-0.7185789008119285,-0.12049568770659824,1.0717507564004956,-0.6889995624296025,-0.21346082653476584,1.368319269074148,-0.6409448484965931,-0.3028230453702297,0.5917986324021032,-1.0453297406043889,-0.26835754046676297,1.1325832786400192,-0.9011805489393231,-0.4009187765109332,1.437211194959437,-0.7897628958069896,-0.4717018587469036,1.6791490704900653,-0.705425061040704,-0.5219972418053002,0.5651520831565073,-0.7508882760380097,-0.3417161392333202,1.1189584384578661,-0.3707926530055162,-0.49908455970791754,0.9885118276715575,-0.2287504335535454,-0.4961854083726026,0.8100055195742519,-0.2682364426104717,-0.48446517966169717,0.5440506097886645,-0.3684162936166422,-0.4057095469391712,1.0427705624344896,-0.07860581102288888,-0.5296849922398728,0.8996905189210745,0.025629940136155497,-0.44479734849934294,0.7441896193472753,-0.01870817049381147,-0.37690676122951844,0.5333952933581206,0.018895545506139703,-0.4715841442397286,0.9415775194923558,0.18995241542334407,-0.5295718695595576,0.8539970718607486,0.30788505217201717,-0.4496120035463636,0.7414429237828195,0.33453444906217733,-0.38383144970754085
G,0.0,0.0,0.0,0.20609939922436277,-0.457661248915526,-0.04641431319805656,0.6036401585657836,-0.7617388136084559,-0.14922865776167937,1.0167719901573988,-0.7805642697428784,-0.2477327159141394,1.3033486211675847,-0.7594001246971147,-0.3404249685919615,0.5083072480359492,-1.0842729445457053,-0.28819894023810194,1.0615654416834723,-1.0093019698828147,-0.4352274946279779,1.3794609366586437,-0.9359494504835798,-0.5168599637789255,1.6259046496782192,-0.8841062436490441,-0.5736982738038178,0.4893905520124221,-0.7965778528641572,-0.35490930098731704,1.076873249170262,-0.46092117996870335,-0.5340766150225785,0.9531471869963761,-0.3044425242493483,-0.5371723493676326,0.7590570627140814,-0.3330247530174364,-0.5255124530163051,0.48477297140936826,-0.42606473494954217,-0.4148101129822704,1.0027763526449935,-0.15734332912994634,-0.549299744873826,0.8636748250973205,-0.04268988079050184,-0.465088415349602,0.7017898550258673,-0.09517050352722828,-0.39516539282821866,0.495936803502087,-0.044912203750969625,-0.4789745299028167,0.9174078205888028,0.10274116841794767,-0.5408962001646419,0.8189278357301603,0.18917341721203798,-0.46261398955708516,0.686325255298878,0.1720461459674424,-0.39773397116783843
G,0.0,0.0,0.0,0.19901388289174887,-0.4525155571132907,-0.04129360737853796,0.5989452591246883,-0.7473605758324006,-0.1401177331658375,1.0125556386872647,-0.7738743557196308,-0.23445942342491743,1.2981995029267424,-0.776041769661555,-0.3239732613264975,0.5099518875840342,-1.0825110988602655,-0.2841968407741024,1.0570389118985695,-1.0148275732963896,-0.4246928231992232,1.370711549738691,-0.9453981912156156,-0.49957746830808936,1.6136765121785646,-0.8907249868937407,-0.5510901038642605,0.4910979993059733,-0.7975371676206644,-0.35036726636670623,1.0743840610244186,-0.46408621735680167,-0.5223134584816486,0.9544827328763897,-0.2992582371033588,-0.5214255887714387,0.7679701889350341,-0.31411712865622227,-0.5070562556228938,0.48814820925278246,-0.4290281509064157,-0.4087453600166848,0.9972219564440323,-0.15817034732935853,-0.5435372694943349,0.858544991528094,-0.032691340491486,-0.46140230229235457,0.699371273591659,-0.06736690577679721,-0.39245671052056824,0.5003533599826909,-0.05228813165011536,-0.47008877588017295,0.9070114472934365,0.10828841486884125,-0.5367767142909127,0.8087554875831199,0.22139867945380637,-0.46173716454960617,0.6837550241723376,0.23190356246846805,-0.39793056349445577
G,0.0,0.0,0.0,0.20194869025018858,-0.4618452789080983,-0.045845713822801074,0.604098743220411,-0.757436328898883,-0.14620207046912526,1.0234002730597633,-0.7783186431640422,-0.24167598556242856,1.3173398743019173,-0.7775482388784803,-0.33238472872859204,0.5127629570406202,-1.086584108914832,-0.29060096310276784,1.0629470369898948,-1.017982418980022,-0.4327771585363484,1.3778503510521973,-0.9469383506413674,-0.5085496183238196,1.6215744948564246,-0.8923830427845914,-0.5598210427672075,0.49615765182284216,-0.7924327870788721,-0.3547927035609024,1.0812891258835544,-0.45843413117363246,-0.5292506134416607,0.9655403806890425,-0.2930907506807997,-0.5314993715348679,0.7783353727461556,-0.3042157822015391,-0.5181912349868624,0.4946441166881051,-0.41772445040952877,-0.4110502815439059,1.0035643308926765,-0.14800703471211274,-0.5502016033443193,0.8690392305931726,-0.015710905205963403,-0.47118518620497424,0.7096275413449952,-0.039913127719944326,-0.4017908093059048,0.5075132422903555,-0.04055869277091148,-0.4704252906275047,0.9183858744389876,0.11673340059890532,-0.5418733643157273,0.834213723437133,0.24429266842663838,-0.4688119754851623,0.7177977631442128,0.2766704549593354,-0.4040827620554513
G,0.0,0.0,0.0,0.1933671959947813,-0.47917952487342924,-0.035210277805329225,0.5899595479925048,-0.7821708635653009,-0.13410615881224552,1.0032342735277,-0.8028433840784206,-0.23036338198753536,1.2891540600550224,-0.7815275390707233,-0.32361355886304227,0.521183241486914,-1.0857751088459084,-0.28483833339131376,1.075890426565326,-0.9920136197657796,-0.4232215044787087,1.385662399744456,-0.9119566765250664,-0.4931026277022024,1.6253526549822457,-0.85404041524345,-0.5407742022592148,0.5004658048137663,-0.7901262830608853,-0.3538847764859336,1.0910138113585361,-0.4591736397733827,-0.5179664584678042,0.9661812842995751,-0.3066065210151344,-0.5099247246109003,0.7792632529022254,-0.33761146401164693,-0.49198938920429436,0.4949061507525845,-0.4137119473967331,-0.4146224051391795,1.0177532801169897,-0.15431373196844927,-0.5466511477704675,0.8755836838462254,-0.0328939802331313,-0.4626975144377088,0.7160652207646634,-0.06857077243153892,-0.39247820522134635,0.5054439651702824,-0.030400280513098222,-0.47725518303816183,0.9229690955577433,0.11892861053072953,-0.5418406412454482,0.8287976754474858,0.2412975714960054,-0.4648572212874074,0.7074862341993239,0.2651503267068006,-0.3997409777301705
G,0.0,0.0,0.0,0.18811535463592075,-0.473263074881944,-0.030143225853142767,0.5994320658352538,-0.7958694096786646,-0.12486683167675108,1.0105603109863912,-0.9106139160667244,-0.21231767015303799,1.3136645007494996,-1.008200253361905,-0.2985965382923836,0.5350019284171779,-1.0589774644756988,-0.3272209126344602,1.0765945258251501,-0.9021638376588139,-0.4471597323411103,1.3570737614910933,-0.8103811543223292,-0.48452277372739694,1.5742213515932266,-0.7473017372721227,-0.5101578593012922,0.508525128926313,-0.7660082621621542,-0.39323470796687476,1.0835968294930667,-0.4085266801355502,-0.5204916812530506,0.9614544664437217,-0.26995335044725477,-0.4761031658781768,0.7822170476439879,-0.30372686127264115,-0.4467789561580323,0.49535211392140344,-0.3932671371973607,-0.44849574643238954,1.0139628567068097,-0.11761127811817378,-0.5534686549967478,0.868005494962561,0.001667698818689459,-0.45134185178820657,0.7091188826829251,-0.02161660431235814,-0.3828159987063577,0.5012643897791342,-0.01736031867900521,-0.5047575875767397,0.9150520375804098,0.14898607885110582,-0.5625991720150413,0.8269060718505749,0.27132734693634586,-0.4904498969291192,0.7085891745908781,0.30046397227955307,-0.43604753573558575
G,0.0,0.0,0.0,0.18752802593208126,-0.47003039754754017,-0.030259146786286602,0.5973463746542182,-0.7890359651775476,-0.12360317046746443,1.0070646005815669,-0.8969770565174431,-0.20912790884941793,1.3098449318235432,-0.9892885858495376,-0.29253200741517454,0.5312069720041986,-1.0625961899944167,-0.32002084728404917,1.0682205036185148,-0.911428206979841,-0.4344663344266711,1.3460947271692594,-0.8198490365174911,-0.4677425038604563,1.5606097837100994,-0.7563062173025392,-0.49119159286137704,0.5063873467831843,-0.7717591582004326,-0.3846552440194296,1.0775583604515633,-0.42536916246437406,-0.5077095688955469,0.9554622683765515,-0.28585817270370467,-0.4621958838376512,0.7786209445691067,-0.31712826522772447,-0.4317850262951707,0.49448046840801524,-0.4029751244446315,-0.4388558119668705,1.0092889578399422,-0.13410604630492795,-0.5401985017620227,0.8633377661751713,-0.016877159529378107,-0.4397531906395423,0.7064686899775727,-0.042835119053499675,-0.3728266568886404,0.5017219339142298,-0.0299662462413256,-0.4941109387188299,0.910482384061657,0.135463610154489,-0.5494656257779664,0.8192672837056375,0.2568698111743997,-0.4790279388917085,0.7013472402778614,0.28356575444437754,-0.4265451026423565
G,0.0,0.0,0.0,0.21202600691326473,-0.4509768339799378,-0.022663427352677214,0.6116909861445144,-0.7210562073213287,-0.11506108773130723,1.0224293098831638,-0.7143276999944018,-0.20706305134316128,1.3166242865472084,-0.6715397832842299,-0.29718253981740905,0.530741381957916,-1.0646479403105347,-0.25625090796309064,1.049681729044512,-0.9384923015675732,-0.38016210267936795,1.3313966776231452,-0.8485255623562653,-0.4440837869362715,1.550062098214218,-0.7833191103261415,-0.4886975009045879,0.5099492207669087,-0.7951204218858128,-0.32823056978189835,1.063357050807542,-0.4323817166424327,-0.473963949955965,0.9422563698986659,-0.2674649451099519,-0.4681670177218232,0.7679972161845219,-0.28056696860908714,-0.4538382964171969,0.49717133767132216,-0.4398597727130328,-0.39124008171665176,1.0012728884776694,-0.14210769060466813,-0.5156102159426269,0.8622830605596316,-0.01324341124664981,-0.44335249962378415,0.7082842730252951,-0.030957276185262703,-0.3806618710139046,0.49838835138451765,-0.07630926384693683,-0.45479757493115597,0.9079254326459956,0.10858163976593108,-0.521191884639457,0.8443593275065572,0.26360901624622735,-0.4547619167198821,0.7519822177228944,0.32824313842168595,-0.39532887841403963
G,0.0,0.0,0.0,0.20948424869852028,-0.45522156490986526,-0.023513007566692456,0.6089752480099211,-0.7248856317615218,-0.1156154826365229,1.0215567958399308,-0.7167283491734453,-0.20644986645823785,1.309210300412562,-0.6654338880583219,-0.29650177739687417,0.5211831104715919,-1.0628081848445596,-0.26790556112698644,1.0370915160352827,-0.9394253138866887,-0.3894304966145941,1.317621779046365,-0.8519224339176346,-0.44896280649446335,1.5371975833684117,-0.7871869460074938,-0.48970956978223906,0.4982456152398377,-0.7985542754273254,-0.337731218709516,1.049096800832805,-0.4308269620647036,-0.47893924497626617,0.9311744882494576,-0.2519827870524946,-0.46781943484718846,0.7576399427096218,-0.2453588982833588,-0.4493892970582523,0.4845851800044896,-0.44999164561993427,-0.3979233289397556,0.9843976070779,-0.13880117593831565,-0.5235266489231333,0.8529216873387663,0.00877935071290928,-0.45497284468334803,0.7014118047867368,0.012416162026606092,-0.3930156743565027,0.48383656169309897,-0.09212744014146841,-0.4582131937107481,0.8911177932679281,0.09581191321373894,-0.5304239080086862,0.8543286679302254,0.27966769474815906,-0.46950752394287915,0.781955931044952,0.38296989984809515,-0.41193407125266673
G,0.0,0.0,0.0,0.15054269190305,-0.48787875879637144,-0.03525037475682227,0.52881560154758,-0.8395690928499958,-0.12241330365960088,0.9349541840907705,-0.921594418487348,-0.2067696655757397,1.2249972591382146,-0.9647851850623622,-0.2848922244151686,0.43282350024097405,-1.1089147878991275,-0.24854562369812974,0.9526557723719346,-1.177996009725853,-0.3648723374470427,1.2507095522155804,-1.2132436502604516,-0.4262388674089538,1.4758753734459178,-1.2579379317701862,-0.47383843604937353,0.45848979181495564,-0.8318802487354543,-0.3126697340090934,1.0055787788323476,-0.5864655247042949,-0.4629315470258435,0.9010527243587959,-0.43221154538813383,-0.46298384189451175,0.7178753372501941,-0.44364748916109226,-0.4542385365434497,0.49519284799246216,-0.4748410037166399,-0.3680331052398465,0.9559860115013109,-0.29106634627419364,-0.47243362955228985,0.8345603232941955,-0.17588607390115732,-0.3815202365692518,0.6848197357807766,-0.21322820633903689,-0.3164915673802561,0.537027544190835,-0.11572839452085451,-0.4280171551672285,0.8938946207165266,-0.041646494607979194,-0.4605050051828235,0.7828508874393535,0.04027094476736391,-0.37005567296845493,0.6483153701358034,0.026219658192869637,-0.304227521625363
G,0.0,0.0,0.0,0.14780457865622756,-0.5101790242016744,-0.040359550092784524,0.5289873911595666,-0.8657963711929393,-0.1284389617144211,0.9361752923953558,-0.9372344606794974,-0.21294371361855158,1.2238523885750088,-0.9553232922248487,-0.29102384817476773,0.44653790250435993,-1.1176389322568674,-0.24737458482601005,0.9718902341911927,-1.1473316589737175,-0.36971587275854956,1.276051605544281,-1.1569910609796674,-0.435714327712653,1.5019285877400166,-1.181437333606131,-0.48590921686617805,0.4727878004341921,-0.8243044793985468,-0.3114383101098665,1.0186077614167282,-0.5799002581252148,-0.4710925998767086,0.9055016573177975,-0.42497205094330615,-0.4733237674996514,0.7149990722801999,-0.43498628192249433,-0.4625068784319644,0.5097191901661201,-0.45592255899270173,-0.368122713462862,0.9626871711174204,-0.27836614078425365,-0.47770089060560406,0.8431950572662985,-0.15754862294829894,-0.3851902909976572,0.6940375696812741,-0.18703878563031973,-0.31629335061232217,0.5514546754697637,-0.08704175057009379,-0.43042103163896855,0.8886946169455792,-0.015090944614282504,-0.46385883760440894,0.7745123249286726,0.07167697220430147,-0.37253748491062183,0.6449894163475776,0.05891346251683605,-0.30495367765804715
G,0.0,0.0,0.0,0.21060528483074217,-0.4931480452310154,-0.016030994369654092,0.6442353425567903,-0.7308644704235071,-0.08689683831209538,1.0716163555745764,-0.680195223851194,-0.1570701919387495,1.3772301152155184,-0.6014904407356267,-0.22343621350402113,0.653968309161094,-1.0020763003156403,-0.21503927219352487,1.1904963930934993,-0.8481803884839048,-0.3038569416271718,1.4758110768253774,-0.7426646367692048,-0.34274642341194195,1.6955080234672668,-0.6759653007937908,-0.37841728263248786,0.659551535576091,-0.6978156858806782,-0.27936542459312835,1.1169261602651395,-0.29881229134636783,-0.3913604106896883,0.9698590769571315,-0.22044089183227386,-0.37935911502939207,0.8009656476075036,-0.32450402097603803,-0.3707476805929479,0.6472868779412438,-0.3148542421204889,-0.3330237762004256,1.0314689358552145,-0.026103556431490243,-0.4128387836434801,0.8690390048018931,0.03259726168599476,-0.32466194454814906,0.7280919144854477,-0.05630418856495794,-0.26745229845741536,0.6310431257081663,0.06426965273564413,-0.3883806761378101,0.9034970783735309,0.20931366060245335,-0.40960142011304396,0.7794666754060401,0.2710614277075975,-0.3234045601442051,0.6730173547162466,0.23331411687626213,-0.2610640407912801
G,0.0,0.0,0.0,0.22805829929217283,-0.472970822134775,-0.012481747382294444,0.6700211712997364,-0.6826262709040442,-0.0785849583105506,1.087061536182595,-0.6065191242464236,-0.1458663624066253,1.3837841298171183,-0.5197286548097885,-0.20873576819349596,0.6944693327237259,-0.9753383298699125,-0.19416555302888028,1.2165937952979429,-0.776245178052236,-0.28070417385650104,1.4917246888449003,-0.6577409056457524,-0.32213482417467665,1.7070304227326425,-0.5813484276160693,-0.36056874752744295,0.693213119258859,-0.6718850319943516,-0.2608180880793205,1.109973975858881,-0.21946908530337603,-0.37667588446828526,0.950460991031905,-0.1511740062940972,-0.37556874995663747,0.789224214413312,-0.26171260740131075,-0.3727308595534202,0.6718966781728031,-0.2869026618688211,-0.31689414223447965,1.0283884039053424,0.04176382545036342,-0.40416334436134815,0.8605823957361344,0.0895764241791902,-0.32600287021068886,0.7283115534959872,-0.004416419725769867,-0.2726324475774468,0.6468460630851315,0.091572956879679,-0.37384078757408845,0.8975615304123956,0.26409251970596087,-0.403909017004893,0.7645843631872419,0.3236762572334917,-0.3228612348829924,0.6640913778984265,0.2882130143254086,-0.26086890240185484
G,0.0,0.0,0.0,0.21897330387256891,-0.4703839305648432,-0.008553041037491682,0.6521954028815703,-0.6524580417941475,-0.07343297564574901,1.0630461145644086,-0.5638136298222203,-0.13943265919752743,1.3435019597036972,-0.4769700579241205,-0.20267628254921044,0.6948575356928934,-0.9693699945047634,-0.19052889824558406,1.2096631853088973,-0.7703666954309517,-0.2802824203316173,1.484986549636218,-0.6388948203969784,-0.32884446155085384,1.6986200013251977,-0.5537787134328614,-0.37018680627143535,0.6998564926452301,-0.6659415897562061,-0.2583073532350443,1.108918488472627,-0.2092580259679412,-0.37379407615613847,0.9565069860837516,-0.13495136825347484,-0.37873528561375824,0.7958771531175088,-0.24641765312044003,-0.3785489741669316,0.6772276625000838,-0.278025018081516,-0.3146997303611121,1.008534683955078,0.06475781226223314,-0.39954867151292983,0.8452642906987166,0.1178782643621476,-0.32728732613946115,0.7147277125116904,0.022149214960667907,-0.2773697933681959,0.6467672171068806,0.10014415438269168,-0.3718334168399455,0.8668935813852061,0.2992565714219805,-0.3963679930394374,0.7326208544466036,0.36415861464579674,-0.31614139046524387,0.6354339071485106,0.32595315556443877,-0.255309620556846
G,0.0,0.0,0.0,0.22227782732313292,-0.47687343785602193,-0.0051810248914748265,0.6555605393622159,-0.6691683003653469,-0.07053698118497781,1.0667957734301232,-0.5811294686680338,-0.13796455077843622,1.354340399080705,-0.4833735055432589,-0.2020541826458087,0.6992864504718294,-0.9709772563334232,-0.19209949336119664,1.2174091859906437,-0.7685361002393333,-0.2771299604990163,1.4938443818618528,-0.6424966670336869,-0.31962576806726894,1.7093086501089154,-0.5611425041275773,-0.3580555120610059,0.7024289183695305,-0.6622754241908974,-0.2607390978564173,1.1160938680760901,-0.20535480045797405,-0.3726846774247667,0.9602571727869686,-0.1409512050761828,-0.37034281648883344,0.7968434913498748,-0.2569792152393484,-0.3660518244165819,0.6775162675945915,-0.2722055801250844,-0.3173747716346627,1.0195860476244256,0.062294767766146474,-0.39493674314969895,0.8564890050800688,0.10742367874094454,-0.31318310298248014,0.7226821617402609,0.01082930193192148,-0.2588658805798824,0.6441689358578542,0.10914536337640376,-0.3749359689358639,0.8828512387779707,0.28787102180542107,-0.3912762747970057,0.7525954093425964,0.3381256428877975,-0.3046490986006129,0.6516933586906309,0.29146673026529063,-0.24113961071843615
G,0.0,0.0,0.0,0.2338791045214642,-0.477571833134588,-0.0009376261288707685,0.6691788940618737,-0.6655510759092519,-0.06500975412267052,1.0766379755002669,-0.567712940412182,-0.13257664781874687,1.3607610344161885,-0.4617158475770914,-0.19777380978899944,0.7145767001524717,-0.9588403630454934,-0.19071991202150598,1.2313279898687086,-0.7503191766031139,-0.2758663119682735,1.5077552843931121,-0.6202189888724551,-0.3180972416592025,1.7229896089898862,-0.535433826501164,-0.3561416030090166,0.7131345144742237,-0.6503739239435431,-0.26163509573429095,1.1203958068372344,-0.19804057714603565,-0.37204995843751104,0.963285877886757,-0.1375427125951496,-0.36837277200529095,0.7990034093192557,-0.2543712849633448,-0.3635541909487591,0.683653831618577,-0.26242724032281184,-0.3203605600583523,1.0233338196846964,0.06861448365232338,-0.3970107580755074,0.8607865869031384,0.10952364677260057,-0.31593265981924923,0.7258604721159436,0.010905255490136217,-0.2620714915786277,0.6459731170162836,0.11702983697046139,-0.37967119647414765,0.8820571273884769,0.29294836954464776,-0.39560309069835453,0.7515425620661823,0.3381235839361931,-0.3093186334229763,0.6484796038134225,0.28969022106965764,-0.24598262597261017
G,0.0,0.0,0.0,0.23369178241048716,-0.4715493647340592,0.0012044706805948652,0.6627630803665415,-0.6701340027375072,-0.06387205482941327,1.0699698656374628,-0.583171054754421,-0.1328758152533282,1.358090923577505,-0.481832784929047,-0.20024823337821798,0.6932026040788866,-0.9732282866702788,-0.19147470864283933,1.2035982404822057,-0.7802261705125533,-0.27955724269336313,1.4860217890001666,-0.6540565210522454,-0.3231056235185688,1.7003605061303673,-0.5759601150983893,-0.36033642519734405,0.6931343302054236,-0.671144674791128,-0.2629251334319143,1.1024788532580256,-0.2344749790413113,-0.37231766976622443,0.9525244298340169,-0.1660208125577467,-0.3675053381440816,0.786449560616732,-0.28181923880959703,-0.36191637168215685,0.6704611548908975,-0.2921971800422168,-0.3221756458714552,1.017379922630288,0.032635536447805584,-0.3991372330286687,0.8573087797503877,0.08483145952620745,-0.3165449065790564,0.7173817104376005,-0.008305977594481,-0.26100680553820743,0.6379093593954402,0.07935455126964049,-0.38167017491537836,0.882408567885572,0.25226118236058925,-0.3962966024398708,0.7481930689756708,0.3079807872286594,-0.30772552742294224,0.6396210494587374,0.26892000748556705,-0.2425053084079082
G,0.0,0.0,0.0,0.2365429389563321,-0.46758010090984586,0.0031393487061702036,0.666465880579522,-0.6658657515126544,-0.06404392734612169,1.073365290266817,-0.5846210865470988,-0.1362766332762302,1.360757265289171,-0.48647946821972504,-0.20695667947431207,0.686991954731143,-0.9819569571954214,-0.19307660014582875,1.2016168810694112,-0.7920560430516496,-0.28564919065439215,1.4911572304496181,-0.6650650051872644,-0.33229522859517224,1.708837762028164,-0.5865163793360425,-0.37090618121415875,0.6829105446028448,-0.6796088950757821,-0.26788978667377444,1.1097257197325792,-0.25364473804347976,-0.38402409897686834,0.9622440015498487,-0.17238362904034032,-0.38138526162184394,0.7903904969592336,-0.27951763016794234,-0.37543177611957157,0.6596683852720261,-0.29745697890269135,-0.3305979298492314,1.0249167704682653,0.018125714494032007,-0.4149646911124229,0.8690011403236286,0.08817261630454969,-0.3326927827799957,0.7258542270578685,0.007754694904754608,-0.27446219442872455,0.6274816091549129,0.07875629055442294,-0.39320363058578844,0.900067059517054,0.24952213951628127,-0.4144893409688399,0.7745584907933185,0.3221693918033832,-0.32706682726916914,0.6655998279334422,0.3011817883302437,-0.2608590796761169
G,0.0,0.0,0.0,0.2484408066912017,-0.46150039061098463,-0.0054571716298229545,0.6902481837566239,-0.6707721731151449,-0.07653604288600252,1.104412535811454,-0.5952664843847931,-0.1517976819735011,1.3983747335855337,-0.5057582901472614,-0.22341005555733165,0.6683841976793409,-1.0086356308700948,-0.19106247048560537,1.191890494907957,-0.8256680598074212,-0.2865702249952969,1.4839408656473663,-0.7050606761905672,-0.337109827891162,1.7026080876559286,-0.6311181946120216,-0.3789953195912756,0.6552224998012431,-0.7070269111997397,-0.2660759714697391,1.1099250385690955,-0.31465609790260607,-0.3887244010607059,0.9806254306558544,-0.2198443841389739,-0.3942562060694171,0.8087803591668201,-0.30871304880338474,-0.3938321462276876,0.6342689824302228,-0.3285911438113428,-0.3310137367075935,1.0307032537305574,-0.02846291859167217,-0.42121362770189086,0.8901455980528655,0.06390704075557883,-0.34271180503461757,0.7508099203227326,-0.0005749004473396101,-0.28623455845607304,0.6116641987579133,0.04686602284578848,-0.3972031605438372,0.9147697667209997,0.20521933189464464,-0.42303425061745376,0.793884210540868,0.2874367003004201,-0.33823372209856023,0.6800718482944842,0.2724952641118766,-0.2749150265354653
G,0.0,0.0,0.0,0.2369915443937544,-0.4842050771693221,-0.0009166360989831403,0.6570837578412839,-0.7259300749445465,-0.07392586942391442,1.0471141660602288,-0.6585439292508801,-0.15325958400846054,1.3117511914210025,-0.5382025596885742,-0.22977962701990146,0.6579233682295214,-1.021757269983161,-0.2235445263587926,1.1992651624012387,-0.83761686552562,-0.33110200376238524,1.4910171560795145,-0.7145559089713616,-0.37795850057683333,1.7138491853871893,-0.6369879891425011,-0.41291859817229476,0.6310064747894849,-0.7160488825899649,-0.2985043157400071,1.1236715255269885,-0.3609854714695779,-0.42630099265532434,1.0058608148489887,-0.2332593469016381,-0.4179049676244139,0.8438893417806455,-0.27890992885202637,-0.40496654630920653,0.6047260703665271,-0.33605705424766424,-0.3620512033663666,1.0489204953966058,-0.057162580282573906,-0.4659811388833828,0.9235521873039737,0.07901579041007917,-0.38855897598565076,0.7839180723518453,0.06759399815266283,-0.32528268687073314,0.5802832204596742,0.04696014706382246,-0.42510517077865123,0.9350462075023767,0.21180859464618054,-0.47419336115180427,0.8851939464434591,0.3620181102415874,-0.4056680089325875,0.8150107816202323,0.43288854442468244,-0.3458998608749462
G,0.0,0.0,0.0,0.22378973556949391,-0.4785476418299512,-0.012866655204982327,0.6273341296987556,-0.7467932005966873,-0.10130665089092503,1.0191035742040067,-0.6972324279317309,-0.19387000076125657,1.2882891644157137,-0.5791056678238595,-0.2831860874733506,0.6123453986937436,-1.0449184643596192,-0.249702237788535,1.152048889907218,-0.8890413865582245,-0.3752174730015338,1.444868997838116,-0.7705947655011076,-0.4384929681644889,1.671206359393581,-0.695373636967998,-0.48457155779127753,0.5903403730866505,-0.7382041911561399,-0.3264242884091556,1.101151583349204,-0.40175942926237174,-0.4647341962088086,0.9810660855066619,-0.2755946964494991,-0.455345065161481,0.8097222840054412,-0.32600415640570546,-0.44388927263621636,0.5749948680839716,-0.3627617320724018,-0.3938348661542336,1.017489097569233,-0.08540615808422003,-0.49151254038990544,0.8757938252779075,0.02272279670542446,-0.4000295326064923,0.7219028571750553,-0.022829156336469425,-0.3338734510684675,0.567721277021495,0.02116368964328294,-0.46422879244731735,0.9207639285734965,0.16161752606460267,-0.496681266533441,0.8117140245079804,0.25408627647265275,-0.4094926461618851,0.6912711270228826,0.25613463783760115,-0.343887053920129
G,0.0,0.0,0.0,0.21560955269985987,-0.478306268722165,-0.00832020753876333,0.6138598191491377,-0.7527681774292275,-0.09681657739430347,1.006995358182943,-0.7130257595703908,-0.1892402606936568,1.2805915901539704,-0.6128708735235022,-0.27842208087186315,0.5908711027416075,-1.0483661984385284,-0.26027725739881313,1.1404104883512811,-0.9016900371077254,-0.37899166038567095,1.4340861977849748,-0.7907096895961692,-0.4336798101065931,1.6586144254229633,-0.7193061076698932,-0.4739671960003414,0.5738790917871063,-0.7473137619401459,-0.3349401875327489,1.097559334667056,-0.4206592775246066,-0.46307738320728653,0.9859527066760942,-0.27895470265686845,-0.4447823936971257,0.818849927785463,-0.31028642518308347,-0.4304187347372244,0.562434180864623,-0.37320230753336014,-0.3981912168797823,1.0313032380097862,-0.10399112567160629,-0.48884120213573246,0.9046770565484202,0.032242111403566066,-0.39080587341286077,0.7521409654468778,0.015978691001828922,-0.3221255403436133,0.560721302200944,0.008696200984983242,-0.46375287809223786,0.9448766871023112,0.1364505877621252,-0.49597329323973127,0.8594884514765081,0.2414387320848823,-0.40953571954741796,0.7459025349798593,0.2606509803066068,-0.3442808333045473
G,0.0,0.0,0.0,0.20494694596547552,-0.4904394364220882,-0.009707966339636916,0.5900896154061506,-0.7748756060547205,-0.10287434682578592,0.9745716980237541,-0.7462830905036885,-0.19948916798864355,1.2325746597698222,-0.6415146384574989,-0.29447241696013154,0.5642207263682077,-1.0629497161728663,-0.2728350887244698,1.115215654660742,-0.9340550881157746,-0.4003774260192792,1.4115892076484,-0.8269800677636233,-0.463813964946909,1.639622851833245,-0.7650588995557959,-0.5097094513502578,0.5536496374434973,-0.7557057627572723,-0.34982978588755637,1.0952690230686553,-0.4762560578686198,-0.4842070914220987,0.9812716709036495,-0.34675229922520134,-0.4685357700227683,0.8085075878188116,-0.39145741589953714,-0.45503268000463837,0.5502886025923567,-0.37960733817142034,-0.41500718356342536,1.0326382841727473,-0.15853929230480038,-0.5057544291896702,0.8979695864506946,-0.04226241339968958,-0.40679299888797854,0.7391804300773781,-0.07335001560151315,-0.3376581839414032,0.5538540716813741,0.00292110720546004,-0.4824687050455951,0.9459006846701209,0.09735396373474281,-0.5092310860502524,0.8488240901394513,0.18040556602624766,-0.41765532547696593,0.7235973800751657,0.18153389467702363,-0.35017290472746987
G,0.0,0.0,0.0,0.18627828863572324,-0.5040630559605515,-0.011237558282047559,0.5763875543460399,-0.8170429597380421,-0.1059472708519206,0.9748451548993534,-0.8119344247336786,-0.20532695327843548,1.2537650767677004,-0.7361369132068644,-0.30232900177434385,0.5167268730526864,-1.1063851091821462,-0.2741519569368772,1.075242764374287,-1.0320673783039265,-0.41209820333194996,1.3832611069444631,-0.9478703620980495,-0.48054873863790554,1.6147735306623532,-0.8983542203604326,-0.5272361528569972,0.5118219015394632,-0.7820376908261876,-0.3556056681659788,1.0956494862864348,-0.5449067872267549,-0.5085592822486721,0.9671382761944525,-0.42533834287711325,-0.49217154447014105,0.7712333632596213,-0.47393119585930005,-0.4720910501888615,0.517804468354259,-0.39441390824340344,-0.4267153213157743,1.0343572683197682,-0.2254877732996009,-0.5324493787954299,0.8806464283374751,-0.134735119996509,-0.4278018434423303,0.7069243566713185,-0.18874400522222104,-0.35032955593368953,0.5311000177215615,-0.006152814119837173,-0.49986140641491733,0.956943842063362,0.04847425373597818,-0.5267624732063133,0.8413446466795722,0.09907946812157509,-0.4248577048293762,0.6926482912241384,0.0683558870499927,-0.35026252504251926
G,0.0,0.0,0.0,0.1732344106981047,-0.4912985846831467,-0.024067096268301117,0.5675786855229573,-0.8091886666816217,-0.11904722529071343,0.9840554254378889,-0.8343647562047226,-0.21270845873929464,1.279772504681543,-0.8033239036034646,-0.30088324136662903,0.4851327744513233,-1.1048551524057137,-0.2712166234562656,1.0399004580566484,-1.032055162947195,-0.4047178181574849,1.3499054928945857,-0.9484151191157154,-0.4750835836973318,1.587791193947116,-0.8936004973705173,-0.5259497897598276,0.48434543244348305,-0.8040570382689172,-0.3448213759054863,1.0697776597079833,-0.5380306559942378,-0.49252283207643754,0.9419495187120782,-0.4093923901944164,-0.4777065512972885,0.7499331280516507,-0.46073035725841704,-0.4632962363758041,0.4908221885610609,-0.42896234065550576,-0.4100630942044263,1.0100336265055965,-0.2343928627299822,-0.510541706212263,0.862682200499875,-0.14582497866862956,-0.4102723424021795,0.6929456560517283,-0.21707919469407466,-0.34167652515265756,0.5046540168656294,-0.04641688311158459,-0.47885272234332577,0.9304471920255978,0.03311832935792606,-0.5067111325782296,0.8174465660841481,0.08134149539150855,-0.4125851890107224,0.6643661310403361,0.0289762599085777,-0.3464884480873232
G,0.0,0.0,0.0,0.17966770526977208,-0.48028869827647674,-0.018331462749254384,0.5695821855809258,-0.7934677287454588,-0.10998150325061574,0.9780143340965983,-0.8205541914380928,-0.2020018470660589,1.2708410795571339,-0.7973232202320528,-0.2885697982865106,0.4741937626031411,-1.1032013768186486,-0.26281417066239876,1.0185244129840654,-1.0308006557907692,-0.39797781606778776,1.322422239764017,-0.9439901926179016,-0.4728537163374434,1.5582845218234864,-0.8873993323847817,-0.5273090965917835,0.47168790285173096,-0.8135598119633397,-0.34004551851408243,1.0498906125901797,-0.5238500509372498,-0.48802231564476745,0.9199419547729571,-0.390552479567185,-0.4813656936286036,0.7285516539690637,-0.4446393441811256,-0.47469540130941307,0.4756063088011184,-0.43887917558759215,-0.40825353430201244,0.9884163472894676,-0.22551091112554011,-0.5152426851693223,0.8386174774113258,-0.13259914316088128,-0.42432814070965025,0.6683342798250475,-0.2051710536652998,-0.3612641978129356,0.4905619310010602,-0.05334400791992022,-0.4787987447105428,0.9137777355183725,0.03579599916418326,-0.5129405983724042,0.8017160478342087,0.08420751320109715,-0.4231438342016958,0.6474678050095731,0.03346303767719066,-0.35921664273771403
G,0.0,0.0,0.0,0.19397614432567212,-0.45643008125020074,-0.02441839690378762,0.5909230329487755,-0.7562101111325537,-0.11665526997410125,0.995836786590818,-0.7666965695651062,-0.2090312011375069,1.2755821261238536,-0.7465444281792026,-0.2958835750958433,0.4823818473511884,-1.0896534504696795,-0.25628628231370854,1.0121589494686478,-0.9906603432580907,-0.3894130788667903,1.3065317792758042,-0.9041720099391336,-0.465228298723483,1.53654604695679,-0.8506410516092988,-0.5211960973836371,0.47946276688241557,-0.8131210492930324,-0.3300751647277577,1.0417001113661661,-0.5243011202587459,-0.47164634536715366,0.9266641137415189,-0.375950481550681,-0.46801054489636384,0.7529764461226502,-0.4166778951157316,-0.46512032821174554,0.48357324610139496,-0.45145384203735345,-0.39612037747507295,0.9818267970606829,-0.22881826300777583,-0.49468736004346625,0.8443252564563031,-0.1259735294499972,-0.40405135467727754,0.6859261825933067,-0.19043802780524557,-0.34340581899758654,0.4978264283661083,-0.07696405220180973,-0.46635751751314397,0.9160867650950331,0.02152409231784245,-0.496948714707357,0.8080698870659969,0.07767428552893028,-0.4089362814665829,0.661278813886875,0.031815873738119,-0.34796929074394795
G,0.0,0.0,0.0,0.1798959568174195,-0.46929970881603145,-0.01967045919901633,0.5615497732291687,-0.7736358646630498,-0.11166299028741389,0.9610164771546325,-0.7779050895282787,-0.20354491590100854,1.240301706037088,-0.7230772225131565,-0.290191892921733,0.5007708420951386,-1.083355573908448,-0.2713788353238878,1.056025338580622,-0.9739388892919116,-0.3946061635676726,1.3534761609592918,-0.8699852867869721,-0.4557798041987556,1.5802519006354105,-0.7971238593820442,-0.5019820873544246,0.4992340076214802,-0.7970525151771778,-0.33981273325749667,1.04125122003522,-0.5109335306714503,-0.46488418179671137,0.9523294708763792,-0.35356952534287867,-0.44987236505360256,0.8009753654720274,-0.37388378391812044,-0.444419436365101,0.509897804303401,-0.43413164855748504,-0.3981208308116281,1.0207443938767133,-0.1909053559462904,-0.4846074957053462,0.9135619256151698,-0.04800013395459875,-0.38893835292879964,0.7669569969996933,-0.06569009941837052,-0.3293883334448271,0.5312463994245193,-0.060069658551884515,-0.45950518392656425,0.9385452145673268,0.05789937401683687,-0.49289600908174297,0.8427679359045082,0.14669233298767206,-0.4107221168146657,0.7108016953849362,0.1381263956631315,-0.35303978669380215
G,0.0,0.0,0.0,0.2431675398458743,-0.4557661106923109,-0.007202379085539185,0.695324019473548,-0.6683779912709554,-0.07220301193528735,1.1153656997753452,-0.6026516815425789,-0.14240055982727526,1.4122354738932483,-0.5354495760310483,-0.20913228910337897,0.6931076321625369,-0.9791697452783841,-0.18112752319963088,1.21628420905511,-0.811829017414798,-0.27833875709960193,1.5060747901303084,-0.6898774869150195,-0.3281443692062595,1.7276374656188056,-0.6055059853044142,-0.3683489109151898,0.6882882415097119,-0.6797641502764787,-0.25333771254664295,1.137535277056403,-0.2662418620186873,-0.3764628168001688,0.988805040701789,-0.16058952465029164,-0.38109290027971443,0.8221153805720423,-0.2401839415425901,-0.3787601320364801,0.6696874154015099,-0.2984200410217446,-0.31639031098085096,1.0639419648979647,0.028136140090854328,-0.4171340706069389,0.9071531610390101,0.12561028081423078,-0.3447113018614328,0.7686051867218711,0.06828526419454971,-0.2891127872604538,0.6459024485983076,0.0790740697426444,-0.3798026088892089,0.9307159820736939,0.2752753674072609,-0.4223546150040198,0.8220957328721162,0.3926041427026678,-0.3472287030267543,0.7324681546329107,0.4143652379642955,-0.2856161700826896
G,0.0,0.0,0.0,0.2637680696698783,-0.4447892829529571,-0.003557081611680615,0.7244460981204941,-0.6308741188417687,-0.07008860414356102,1.149105857598079,-0.545240160751641,-0.1414938813592494,1.4493730093505295,-0.48060414320956724,-0.20882282149919218,0.7359741799410656,-0.9552794225208356,-0.1908255564908597,1.2662524466218614,-0.752407889306606,-0.2832662038005615,1.549241131497953,-0.6129973349915817,-0.3261520575768881,1.7636110529886708,-0.5187528842733229,-0.3608457880580968,0.7169553855612154,-0.6454528550416352,-0.263373474430078,1.1686785080301352,-0.2228508422901218,-0.37376895038631414,1.0191773887639834,-0.12624837483583706,-0.3659562534205386,0.8528444760947683,-0.21528327585203924,-0.35888724476339456,0.679743023264621,-0.2576021337859305,-0.32530922538276463,1.0740802754069696,0.06744690052262124,-0.40770335184182077,0.9114299973601057,0.14905428700385026,-0.3185773257849191,0.7681376870094658,0.07649279260463662,-0.2571953117926842,0.6372388585609693,0.12296048968188729,-0.388203625260675,0.9425159622351946,0.3066688893100009,-0.4075993053457749,0.8274456982511613,0.39055934411652166,-0.3148699796235414,0.7260600295753742,0.3800618029435467,-0.24586928898198426
G,0.0,0.0,0.0,0.26036023621680154,-0.4901346257080691,-0.018072175994545987,0.7580743296158996,-0.6984808266977582,-0.08671745387651855,1.2054540993492457,-0.6369178817507455,-0.15552949055413137,1.5171721098593551,-0.5922380816005232,-0.2194015547778508,0.7579470987166286,-0.9644565272032406,-0.2297255305798875,1.3205004975258328,-0.7531775880626086,-0.33466580702823806,1.6123751023418638,-0.6057809208708561,-0.37355289310718115,1.834488609551118,-0.5133331695463953,-0.4041329715924632,0.7252347490205066,-0.6207381326509611,-0.29785689430691514,1.2119076065430991,-0.24361816609588674,-0.4245364322132872,1.0695731469964358,-0.18208488638445527,-0.4107838350063645,0.9014783857121342,-0.29488134124906284,-0.39791831074675565,0.684894808028968,-0.21308901293168594,-0.35628809681429374,1.0985564117731208,0.08558947847178675,-0.45227787726716495,0.9418137121114712,0.14476371272704536,-0.36022389074333017,0.796501027719307,0.06021746170653529,-0.2962113183673313,0.6411964327558944,0.18414629064362878,-0.41616832247467184,0.9531018286707591,0.3307040908958871,-0.44393308769985385,0.8282833722799544,0.39507435597007945,-0.3542031663752356,0.7135519200211227,0.3802799733719431,-0.2891812549594401
G,0.0,0.0,0.0,0.25716675126651367,-0.5377900936433927,-0.02395232606504437,0.7390680842952503,-0.7924921307816455,-0.11577187904993873,1.1858378645534382,-0.7213312953563328,-0.19693419614621271,1.4907179785104958,-0.6158870881357839,-0.2726612301963781,0.7629671746892879,-0.9748379650673095,-0.3309214566454575,1.370388453240447,-0.763930625695728,-0.4400284121162934,1.6856678164982675,-0.651472495148295,-0.46938575354025375,1.9253537815218607,-0.5883347979791125,-0.49073165575601935,0.7183843395903841,-0.5756144919769416,-0.39063012845582606,1.3085555440057004,-0.2699703269628126,-0.5081037526822759,1.2185083161370003,-0.16399484533014094,-0.45438262779849314,1.0554800186201059,-0.18382920474593667,-0.41206837573011074,0.6745738137000357,-0.13648487819982388,-0.43318051204319763,1.1870645441384235,0.10096278368202172,-0.49082671052049404,1.058927280730113,0.1585623580123993,-0.35047807120080293,0.8840426863100375,0.11534332222207602,-0.2603999182752441,0.6323369818018135,0.28200417412289486,-0.47960577514709557,1.0002565553343612,0.38058929835688043,-0.47046585093640214,0.8866046057630553,0.39878235016527636,-0.3531796265329461,0.7437891662716295,0.366217362057955,-0.27370900467148457
G,0.0,0.0,0.0,0.24442314533938556,-0.5529095487146213,-0.03740500765541301,0.7545918381712652,-0.8222486476437503,-0.13728221205233604,1.2242241461212604,-0.7688485117159849,-0.22651430128303476,1.5417233308806562,-0.6968003988040193,-0.3112185846860693,0.7466625185703041,-1.000007283615766,-0.3470197578247071,1.3756438680571266,-0.8211019664592751,-0.46860865431967463,1.710119907008422,-0.6912021636456984,-0.5114942861241236,1.9690092929685814,-0.6001934695277523,-0.5421983513750545,0.7082740215787428,-0.5758819423131945,-0.4082987862757581,1.3238685755256994,-0.2851942453464502,-0.5540308141077127,1.18797620217236,-0.22937745175332272,-0.5119153849675695,0.9860827738865919,-0.2939758043900306,-0.47105792586124756,0.6717553868232727,-0.11568382020945751,-0.4530905179565327,1.2266402798689324,0.07166355732740651,-0.5352934218377295,1.075946009294673,0.10328687982548648,-0.3976268012267486,0.8841378219047709,0.04630489328949908,-0.30220805178199617,0.6361467970955669,0.3147411073992957,-0.5017212128519629,1.0657458557854376,0.36149028289002916,-0.5092333629921542,0.9629787023085649,0.36139318347812416,-0.3901929331214251,0.8209004327878032,0.32688482089970156,-0.3048749019743014
G,0.0,0.0,0.0,0.23120817200549648,-0.5597141820056332,-0.0360666517696533,0.7344338600394059,-0.8201901929068918,-0.13123992904780762,1.1877462429251562,-0.743839549677917,-0.21676354968810294,1.4977062493286155,-0.628234078805343,-0.29955394579940986,0.7241338907109669,-1.0227963021853181,-0.3130674622811398,1.3402801332429277,-0.8686402099754996,-0.4318705759426005,1.682902121376144,-0.745469195245277,-0.47894230131720783,1.943059612217498,-0.654289019705545,-0.5131864535456137,0.7041154242721431,-0.602099507890165,-0.3764274855805312,1.298511766865733,-0.32281661853881777,-0.5246768483207643,1.1481934951603094,-0.2661217789630688,-0.48854697943879516,0.9307417544594022,-0.3400170479911263,-0.44852264022112476,0.6813521458388364,-0.14845492935498142,-0.4258088276069038,1.205798886646438,0.019983325366997377,-0.5103756871256832,1.0478241890010558,0.06180466301502399,-0.37077825534415676,0.8625256634776993,0.00226322351260524,-0.27284528142571746,0.6555392109406708,0.2733442213214072,-0.4793503185895966,1.0689780755882028,0.29620357509886985,-0.48369945899993894,0.9313439997248415,0.3317116374291121,-0.350276274588854,0.7746892561320534,0.3194205715088125,-0.2557008959241666
G,0.0,0.0,0.0,0.2051550700603413,-0.5532789328346166,-0.02924972932860667,0.6500653367438145,-0.8514618806649155,-0.14798002269253707,1.0749031217580676,-0.7681633061680373,-0.2552872951190058,1.3600387281397976,-0.5940758318920646,-0.36218724516213563,0.6254233845043932,-1.0483427463247526,-0.3950154818254254,1.2583898716507147,-0.9304594386616665,-0.5336125921994254,1.5977980271115098,-0.8276278280087793,-0.5863101515286846,1.8524599521638363,-0.7595054509603951,-0.6217527282379692,0.5985641065242472,-0.6515723671850806,-0.4660198071988574,1.277787073768747,-0.417891134200353,-0.6270261929645223,1.1470768377971716,-0.3125434644181143,-0.5767562653133663,0.9259099287595616,-0.33348626504797135,-0.5258836269806263,0.5860200107331895,-0.21201748008854707,-0.5168830572512639,1.1869234060633935,-0.07985214524439684,-0.5982929381086375,1.0303913393780642,-0.0226560349220496,-0.4380825262728612,0.8276188626239563,-0.05911876247134611,-0.3278920685519764,0.5773787330295596,0.2120875115850881,-0.5714285853823653,1.0445113129994996,0.2098647727818288,-0.5661509339902581,0.9066431476169718,0.23185906080902677,-0.4188673806721052,0.7354058199236564,0.21561581340840488,-0.317475137178802
G,0.0,0.0,0.0,0.18887041039273667,-0.5157615917454684,-0.03220817465868199,0.5650488990836261,-0.86579204801077,-0.15318585568288945,0.9469570625369275,-0.8536481748472998,-0.2730067801526788,1.2038412536374488,-0.7079008272625286,-0.3936090813726859,0.5192689727157179,-1.0884009332968416,-0.3608348232018227,1.0930736419155276,-1.0514356935965672,-0.5284542181024087,1.4163227529610436,-0.97957291224146,-0.6149445183089541,1.6710894799917373,-0.9242497888231375,-0.6725135743810223,0.4840882463285748,-0.7549627906328358,-0.4423683471117777,1.1646882352909567,-0.5080202458489391,-0.6329394311201122,1.0574381182797248,-0.33349304582639255,-0.6155847742662316,0.8658344293992791,-0.3234913592093802,-0.5868166007906307,0.47534210834614327,-0.3538348280262396,-0.5101796523413158,1.081894426947326,-0.1775870078444504,-0.6299409880169871,0.93171388980317,-0.07619274654778241,-0.5090276491445697,0.740391940834972,-0.11131953298591402,-0.4177881049898999,0.4841486077000877,0.05655378904071056,-0.582509792852851,0.983092172843337,0.12234768398977074,-0.6089872843866498,0.8661529319553471,0.17573282209717916,-0.49149255031840056,0.695242116550011,0.1534414960259155,-0.4061807416764194
G,0.0,0.0,0.0,0.19010549689931625,-0.5207493178712064,-0.027360401185129928,0.5711513637775943,-0.8754750463182795,-0.14372515021909738,0.9602189749187964,-0.8827016113892104,-0.2604269083915545,1.2214857702473803,-0.7628244438794565,-0.3775136078003155,0.5319905780504838,-1.0791203072437776,-0.352626109621624,1.1288281981558461,-1.0260993594915837,-0.5148587294250924,1.4527973455070582,-0.9510180456368135,-0.5954621300398064,1.702353793258633,-0.9048384370294787,-0.6502276160203418,0.5052814720562562,-0.74462447103097,-0.4361479463880474,1.1622649300676,-0.4917513061422527,-0.6160938008766548,1.021426624319487,-0.3639145380789327,-0.5940317266354701,0.8098542988139088,-0.4169979549002192,-0.5674277931755353,0.5021140950374136,-0.34144194119229093,-0.5064743717376693,1.0877272923297772,-0.15721935499887582,-0.6266341955170812,0.924429078724682,-0.06698083253601088,-0.5090157159566783,0.7349566505294658,-0.1313246244209977,-0.4222958776863688,0.5151361303855025,0.07058842127611634,-0.5798856954133473,1.0034392740577303,0.13703696528589954,-0.6115171688362416,0.8797207468383752,0.18599547138865635,-0.496443043072395,0.7073383267561774,0.14810147378921537,-0.4126012556767057
G,0.0,0.0,0.0,0.1862119242042158,-0.5326765059950338,-0.04220617941557603,0.5797277947051648,-0.9033007106200971,-0.1609452893758308,0.9799889237750945,-0.9201328371907425,-0.27677501625119005,1.2525421435892836,-0.8171669525900663,-0.3901317305759931,0.5327291084421446,-1.1024563655268624,-0.34904322877618266,1.1340602604160315,-1.0280920973012406,-0.5083297164547371,1.4639829728209635,-0.9668858265323124,-0.5852561998206333,1.7180010926129585,-0.9320910721251903,-0.6372400552834738,0.4999504802762351,-0.754925045498926,-0.42442631038851286,1.1826370200923746,-0.51604756766003,-0.6135347337709216,1.042686281071328,-0.38340274230727894,-0.5939459435445119,0.8218859911565323,-0.41315553984936904,-0.5621780865815094,0.4921541575222393,-0.3450891221714365,-0.4874463397940125,1.107682061672832,-0.18199264991685218,-0.6114447917712438,0.9462826543265951,-0.09429673871490166,-0.4901423588188643,0.7504589254067119,-0.14347813931216863,-0.39668188412468386,0.4992839637778987,0.07096357336092557,-0.5549007719035698,1.00331946310987,0.11614062292977288,-0.5885939933191664,0.8760953978918284,0.15565892937386192,-0.4743127561095742,0.6988059483631389,0.120176486188599,-0.38924269998196115
G,0.0,0.0,0.0,0.17529137471050377,-0.5342070210064844,-0.04754691589341858,0.5614310480286029,-0.9061141025462945,-0.17358838005046226,0.9635625019976799,-0.9138374344399687,-0.2939557636047245,1.2426673941295154,-0.7978856443249177,-0.41281412303671994,0.5126549178186526,-1.0970733857215131,-0.37420872159396734,1.109651210893717,-1.0346504073850038,-0.5447715215950841,1.442363231504047,-0.9740042391786725,-0.6304406912352783,1.7033458024266068,-0.9395213961894746,-0.6876189796517225,0.4817439689864666,-0.752696255813012,-0.44874390784749285,1.1711195412897608,-0.5198890966572052,-0.6465842104924145,1.0370679460166703,-0.37651275613619833,-0.626980806275178,0.8210507452121931,-0.3965543259736914,-0.5949396087768509,0.4763202111951552,-0.3463689846439662,-0.5107605367231015,1.090049519854292,-0.17758638033870264,-0.6386202586961252,0.9321338471468479,-0.08855171367783032,-0.5151075622599063,0.7349684549797482,-0.1388235296970867,-0.4205511603528858,0.48570238868970367,0.06482240623131193,-0.5779657693404239,0.9894882665582899,0.1201495652325186,-0.6117782295360158,0.8612516862566916,0.1619814515535331,-0.49509605461400963,0.6785929943177155,0.1242099598054858,-0.4091654214078273
G,0.0,0.0,0.0,0.18454750901649156,-0.5362429521419432,-0.04882935510019029,0.58552015565242,-0.9145543188404708,-0.17393636203099386,0.9963595499780404,-0.9258589988886686,-0.29284726131717087,1.278254618155676,-0.8190699402593989,-0.4100871452443295,0.5130687371403894,-1.0992448958632877,-0.374077439009385,1.1096862231267706,-1.0396442148871652,-0.5411797166232389,1.44492423042782,-0.977299199457911,-0.6246709003756717,1.7087558090326258,-0.9381404312473324,-0.6813389344594611,0.4826885426819908,-0.751732378849042,-0.44934419029681083,1.179689003042061,-0.5177825642289849,-0.6417149479909868,1.037234639789848,-0.38464921344878716,-0.6195277044432079,0.8129865831425108,-0.4179224144129737,-0.5879662099832721,0.47550481458557675,-0.34216757541387605,-0.5124755028737326,1.0990332607018571,-0.180785545679658,-0.6360572099516723,0.9369681966148595,-0.09252774966694104,-0.5120954578788192,0.7397222482627418,-0.14354138341548048,-0.4188093076771951,0.48531799418534277,0.07593153128340738,-0.5811109778967735,0.9951606137130506,0.11364049974325045,-0.6137097566087917,0.8665686831843327,0.14982714549984277,-0.4980915641916965,0.6830978103629076,0.11321525152168409,-0.41383373865997664
G,0.0,0.0,0.0,0.1873415013155685,-0.5332258399419407,-0.04834299726275731,0.5899522409433571,-0.9021258478678584,-0.17091932461339615,1.0016073992447772,-0.9047761957192576,-0.2866884024354025,1.2804797364776264,-0.7925665440022571,-0.4011224942537901,0.5197741270509478,-1.0953023468763223,-0.3708534334689403,1.1108504199550493,-1.0273136079792569,-0.5355664170651381,1.4424101501149584,-0.9682388701684336,-0.6177906457439506,1.703500254366369,-0.9343850892386337,-0.6736078557092554,0.48603796802071797,-0.7524792945370855,-0.44445697759767683,1.1793974117450532,-0.5058407713466527,-0.6338945930300597,1.0442067047045314,-0.35390280561254095,-0.6123361967282205,0.8314865970721139,-0.37101523355082117,-0.5806431645434507,0.476658236707308,-0.3452473430391611,-0.5056688823570682,1.0945027804348937,-0.17287466385757516,-0.6292883094623797,0.9301572627453024,-0.08763635349637093,-0.5098111581940176,0.7331117086442878,-0.13921544300154107,-0.41853139663837147,0.48493491411177964,0.07295477814920442,-0.5718026566385298,0.9886471720038703,0.11889129742060836,-0.6031843680981824,0.8607385237107866,0.15171158048807748,-0.4898190853190885,0.6791137419994245,0.1149210251564611,-0.40680997243038375
G,0.0,0.0,0.0,0.1897861089706641,-0.5298371035195129,-0.05093750777674924,0.5963767804049811,-0.8960573715530107,-0.1750860089272324,1.0095725865469882,-0.8982684409299692,-0.29052568991497685,1.2874636865714097,-0.7847231003619887,-0.40490650212383517,0.5126179985248881,-1.0921907830026367,-0.38263955759099477,1.1124899201164415,-1.0196707282044006,-0.5479746179136038,1.4459145196751293,-0.9556564281151207,-0.6312545509219085,1.70828380760318,-0.9239735178996681,-0.6887732190711275,0.4861999222751083,-0.7461278895044612,-0.45486570334912835,1.1731912279257228,-0.5028803787231187,-0.6384075688548925,1.0251577690606077,-0.3747115756006978,-0.6120682541534936,0.8008502969495632,-0.41960705364044676,-0.5815177207592149,0.48100863739473954,-0.33829197295400004,-0.5149589588711426,1.0926408607199616,-0.17218234882678082,-0.6322672052643814,0.9232522279302837,-0.09220986729126718,-0.5089119681428342,0.724742754177961,-0.15217798265642174,-0.4192729533098743,0.49086257310485276,0.07726167239144333,-0.5805917492672792,0.9840325025030278,0.11798915003453189,-0.6099534716928988,0.849663577158286,0.14952036526154466,-0.49544284042331654,0.6663636602339217,0.1099033474688977,-0.41367583508380906
G,0.0,0.0,0.0,0.17910056617393372,-0.4272109668124554,-0.06594460294980913,0.33760986173165325,-0.7896588450080642,-0.19540478664509403,0.5520593762253738,-1.0013397402511188,-0.3305862911426939,0.7278322812164532,-1.1497875676622002,-0.46094414242845927,-0.11647500344126621,-1.1590712663082448,-0.26421641265323936,0.3106553343851889,-1.2522981024935516,-0.41644726202316384,0.5587820323719447,-1.2966740662246954,-0.48176019850896834,0.746293316867435,-1.3452197922770537,-0.5232303557719099,-0.1981646037095777,-0.9250053199492607,-0.3241850519413126,0.39482298934025545,-0.9432317595611884,-0.46558073800106387,0.40909517761748565,-0.7141232092084701,-0.44814297746330106,0.2962489074238198,-0.6536034354186837,-0.43777711345063247,-0.19164094676249707,-0.6218913690206143,-0.38828220088788257,0.36423029343931834,-0.6579627616325159,-0.5136152955816714,0.3510272969817628,-0.4841238801114819,-0.4437268249694421,0.23795457942315987,-0.4404019546976279,-0.3934240142557446,-0.1412971514345727,-0.31698256539828995,-0.46276660411667836,0.29533025163651805,-0.4027194834372674,-0.5399632828033964,0.29400116000026777,-0.31020286853289974,-0.49570027470623035,0.18591757538922835,-0.26750510279228407,-0.4584909090319423
G,0.0,0.0,0.0,0.17590604355699022,-0.4492792879363185,-0.06284470306883341,0.33120655993425335,-0.8140806421608519,-0.19169867327190634,0.5492378948237157,-1.0442721062395781,-0.32857697844907574,0.7256400343341177,-1.2039373634860695,-0.4585555102953769,-0.12137499145137519,-1.1612601890440521,-0.25398222272488,0.2925598236668951,-1.236050593791806,-0.4098250091706597,0.5437041451290713,-1.2820302418042488,-0.47331541551495715,0.7323882840756577,-1.327694603083064,-0.5099049610021887,-0.19965813443953093,-0.9272386372741818,-0.3168045752479665,0.38345191454676614,-0.9341140102905265,-0.46257911953378605,0.3910301426940566,-0.7156996246077267,-0.44489217464668535,0.2675276749494602,-0.6666682825760645,-0.4309396860780917,-0.194226923849192,-0.630740093299491,-0.3847169804654333,0.34591629873753665,-0.6625179703050812,-0.5162131645978444,0.33024168377242896,-0.4983476112842876,-0.44735868135957196,0.21440905698142868,-0.46001374535773,-0.3939387759772251,-0.14704737920737251,-0.333688300428005,-0.46294872257573927,0.27936631883219293,-0.4150904812528596,-0.5424010319801474,0.2803698572792472,-0.33046126033800094,-0.49694069830436605,0.17512691446116166,-0.2889186348584773,-0.45589795095833113
G,0.0,0.0,0.0,0.17876194901289869,-0.4386486927289958,-0.06111515155544738,0.3373409068776025,-0.7962475510898731,-0.1898205774648491,0.5612612390186694,-1.0159381593447616,-0.325757626424638,0.7452955036949696,-1.1710534436674376,-0.4555928540299324,-0.12665133745175933,-1.1558616932834556,-0.25043218917818105,0.2934443033418913,-1.2325465377880294,-0.40342857888151357,0.5493177698214854,-1.2729087246244148,-0.47161797145841444,0.7430418438881212,-1.3181064329354029,-0.513543307954523,-0.2035595869493491,-0.9278417371907937,-0.31252712728302573,0.37999766014532455,-0.9375698174695034,-0.4537912229666218,0.39555525070191905,-0.7134671978187976,-0.4400615154050325,0.2787984666218249,-0.659045572832971,-0.4311484310901087,-0.19492533715791713,-0.6336872611103671,-0.3787521320915813,0.34699993087012754,-0.6721740689869746,-0.5048502285330283,0.3403081131652119,-0.5047272296817007,-0.43824188226406385,0.22919264780446838,-0.46238086069875417,-0.38798622270781974,-0.14229896475400544,-0.3392333654073989,-0.4547942787021361,0.28109725023094356,-0.42754844822937793,-0.528092887591709,0.2891052491217075,-0.34426888653832555,-0.4806736754544626,0.18880094072360679,-0.30245092993149825,-0.43985194802661454
G,0.0,0.0,0.0,0.17860823668272308,-0.44563586352609935,-0.05762922718862862,0.3389810841466016,-0.813849405756658,-0.18229189161506987,0.5685724289737714,-1.0263520552476055,-0.315595385434783,0.7526638897195312,-1.165280882396403,-0.44247352632364767,-0.1215744705042255,-1.1676418469650436,-0.23297308191231358,0.2983712265009201,-1.2409291014252934,-0.38974569598371467,0.5552682458052243,-1.2826360262386036,-0.4653072002473101,0.7509035139910708,-1.3331097742274542,-0.5122664793101808,-0.19735889902746057,-0.9343546845246556,-0.29669982892057695,0.3867371887513884,-0.9437067861708571,-0.442827934980832,0.4024813168775449,-0.7181741675088921,-0.4358057812064,0.286513186925043,-0.6639306897781089,-0.4302176811121555,-0.19059446100754154,-0.6373280252338013,-0.36571519991584833,0.3526670762543349,-0.6777841456517574,-0.4947969253335701,0.34473229247060494,-0.5100996992379645,-0.4325419799855161,0.234059649774206,-0.4686654045908543,-0.3837798521173632,-0.14097767135675363,-0.3418875202251526,-0.4446129656836564,0.28604732933663324,-0.4321416205980016,-0.5197099058210946,0.2903578846832425,-0.3475914247867789,-0.4747507417556065,0.18799803351456876,-0.3072584208575095,-0.43470726219338596
G,0.0,0.0,0.0,0.17600834971197352,-0.44432533205065294,-0.060630457436383775,0.33416391270116597,-0.8090346931910742,-0.1877530195955575,0.5588696797046381,-1.0183865686775124,-0.3228036107483108,0.737910672309667,-1.1543599288902238,-0.45095225841905134,-0.1350490576989261,-1.1617041151682344,-0.24359979521243275,0.2852414478410936,-1.2359900120859288,-0.40188075771028886,0.5483795864612305,-1.2741425548179857,-0.4760422597959651,0.7492679601312253,-1.3203049085445018,-0.5215415798142232,-0.21170926991833586,-0.9279967626881199,-0.3065961406655574,0.37748176245591103,-0.9345697803241945,-0.4551317661417113,0.39023798318963765,-0.7082579055087251,-0.4458450640086427,0.27104653015112745,-0.6530028051194242,-0.4382979330482575,-0.20423532171991166,-0.6302603100411086,-0.3746911143387455,0.34229608273549395,-0.6660813684231757,-0.5051781997794162,0.3319908499948435,-0.4990216207142283,-0.44006912509641244,0.21860790854296241,-0.45830006692211783,-0.3891930400604644,-0.15364424758495343,-0.33435892572581355,-0.4530975603233294,0.2759603507461521,-0.4238838637566551,-0.5290072790886113,0.2811233311492406,-0.3401001768549177,-0.48233454962622235,0.1786793090126782,-0.298634739323452,-0.44086485543844317
G,0.0,0.0,0.0,0.17801148371828474,-0.44393496927300874,-0.06286679773746212,0.33809486558495633,-0.8098085863447255,-0.19011367476587332,0.5672198450814953,-1.0254516950947241,-0.3249618357986491,0.7544870296115785,-1.1669661713842425,-0.45258156189608933,-0.1343072082100153,-1.1635710024136903,-0.24024569825395423,0.28900025630871723,-1.2368235203110582,-0.39625760429298723,0.5495852993242791,-1.2726207374541911,-0.46889812339182674,0.747872910047486,-1.3172471942286978,-0.5138768580696568,-0.21066906971762597,-0.9297530437240752,-0.3019566537603169,0.37802823726592,-0.935464679508784,-0.4501887937954923,0.39489352203118067,-0.7065225901186749,-0.44242930773105643,0.2799449191803961,-0.6489991508766159,-0.43589313091064225,-0.20364765695762752,-0.6332909346132969,-0.3689445765847747,0.34080549393711645,-0.670945116444472,-0.49835243206673685,0.33483058959155954,-0.5009761377885582,-0.4348936952537618,0.2256671174495499,-0.4566281992421411,-0.385312182105584,-0.15326466260042348,-0.338023912272097,-0.4464289036167498,0.27138858505236324,-0.4254532197801589,-0.5217830692310577,0.27914473525209005,-0.34233109606405887,-0.4766767244905479,0.1795423808685749,-0.3023555759972474,-0.436279879415959
G,0.0,0.0,0.0,0.17931237008218012,-0.44635041436567685,-0.06036177465353267,0.3383445278822246,-0.8112533918118148,-0.18853231942586907,0.5711105510401459,-1.0255234691242074,-0.32487206623408865,0.7627214294540829,-1.1703375151919149,-0.45406215873438455,-0.12887488868709865,-1.16490433970396,-0.2424993766631614,0.29521884305560153,-1.2355897346534683,-0.4013734560180017,0.5538619714689831,-1.2702209599901524,-0.475205170636216,0.7515386568440953,-1.3167120663465617,-0.5205664039588915,-0.20579309090465667,-0.9294762659980286,-0.306142245830708,0.3823910970896852,-0.9366565379113582,-0.45628309337986717,0.3996079074204788,-0.7075056425125255,-0.4471942843513529,0.2849883004769491,-0.6537495462684687,-0.43933412421975365,-0.19994267939318527,-0.6331078000309306,-0.3749686372056408,0.3451622068654728,-0.6740702113833412,-0.5072216815930402,0.33937427486006094,-0.503071427915931,-0.4422574502954342,0.2284864946852431,-0.4599823836132005,-0.39100540557728425,-0.1516064155561282,-0.3399408263133131,-0.45383792084611135,0.2762720916892326,-0.42952436569142544,-0.530837187575345,0.28310374913824327,-0.3427274122835709,-0.48439738854213227,0.18098004340663168,-0.3014684880210469,-0.44286858458267125
G,0.0,0.0,0.0,0.17684077282822944,-0.4325915281662912,-0.05729831878324042,0.3335792865291746,-0.7925512879826947,-0.18342548766215633,0.5586861710005566,-1.0188488901276707,-0.31759329310820467,0.74753058805325,-1.1792123389511233,-0.44617771210667667,-0.13550001141387177,-1.1548288061417997,-0.24615464883033625,0.2839497254045771,-1.226216968940613,-0.40408784679568643,0.5385456210499766,-1.267230142841857,-0.4766244698539869,0.7327562537033423,-1.3140142303822535,-0.5203323340007353,-0.21875949296769306,-0.9253085340704323,-0.309755388997424,0.37366364352610765,-0.9284296592720613,-0.45760286872725986,0.39836016679436026,-0.6998001248332191,-0.4474624644264308,0.2867849387405469,-0.6366723080665612,-0.4385474458028841,-0.2150444369019591,-0.6289967961835841,-0.3771592435462506,0.32997360259407016,-0.6664837237416992,-0.5113638192891172,0.3307571893868199,-0.4915826667079413,-0.4477688439006748,0.22075040422756564,-0.44173330356453516,-0.39597209622056245,-0.16693402717010883,-0.33120038980010574,-0.4531698597247293,0.25644464429060476,-0.4146604221853328,-0.5310451437995348,0.27485554909606547,-0.3294855532606809,-0.48354564194046085,0.18015240016454284,-0.2889573611959323,-0.4402049783270589
G,0.0,0.0,0.0,0.17464031471598365,-0.43219626634557984,-0.05491896042146363,0.33468933316825644,-0.7872765867978898,-0.18370712585600493,0.5648160377812736,-1.0023550536600752,-0.32112583276621615,0.7569517468675762,-1.1481205575157416,-0.45418059165992675,-0.12787514959129118,-1.1530030697996037,-0.25345835879341494,0.29769939884273594,-1.2267601023973627,-0.41386996424937006,0.5552948996191933,-1.268087153513741,-0.4886830228572674,0.7526332351861288,-1.31659684001167,-0.5338594179532167,-0.21193090760957733,-0.9238649875432033,-0.31868287558571046,0.3866292702669217,-0.925473744775199,-0.46743120373951913,0.4087801945862948,-0.6943067487588591,-0.4562455461746671,0.2974587018844199,-0.6268267611314601,-0.44679005747007794,-0.20905062404301472,-0.6265112184758584,-0.3871093051288202,0.34133273932163627,-0.6605200826992671,-0.52033121764122,0.3397588533804214,-0.48587338908862837,-0.4564677974959391,0.23059597862980474,-0.43398533366649067,-0.4047079312776395,-0.15978195539604936,-0.3284686351006825,-0.4640167940605096,0.2629646164075863,-0.40759435806992683,-0.5397678691274274,0.2800787655073569,-0.32715904802800727,-0.49221118949095805,0.18647188852211172,-0.29066688011540004,-0.4495267627494472
G,0.0,0.0,0.0,0.21479751695430083,-0.3839075654934843,-0.05552950905294374,0.35741550483605533,-0.7184385512857151,-0.15743677973803416,0.5252571941057286,-0.9253621379228646,-0.26840892867071103,0.6783860730918262,-1.0680562902578865,-0.374098728800788,-0.09158249724997788,-1.135994589465643,-0.1621666168551245,0.28766537613095755,-1.1818786113085473,-0.30498636683050245,0.5208217694542848,-1.207911031775096,-0.38290036672791594,0.7034635387294714,-1.262115848153226,-0.4326266641155596,-0.18111808710298088,-0.959904339045456,-0.21396237614558164,0.344903306729984,-0.907284922615857,-0.35600409394624283,0.35210856228580356,-0.6553533527634502,-0.3652575344963179,0.24501288919430086,-0.5909860362317301,-0.3637388398673424,-0.19492714472559153,-0.7075921434801394,-0.27361334403919335,0.2973468117700391,-0.6703661035778291,-0.4081547058813911,0.2876575139938461,-0.4648494463767796,-0.37025345581627506,0.18547371106274307,-0.42314788492375693,-0.33044045340496625,-0.1638414339073502,-0.44702716086561195,-0.3414154808598501,0.22421950206870334,-0.4506290024298106,-0.4222354740487389,0.23181511273210811,-0.3232161911682385,-0.39234183520084787,0.13853124901120506,-0.29068797474346764,-0.3581261830293463
G,0.0,0.0,0.0,0.261785575788393,-0.3601055956795214,-0.01947505954196488,0.4024859492994236,-0.6525929835323925,-0.09124061973271558,0.5457599505347241,-0.8548730931378203,-0.17873491839151454,0.686094639327705,-1.0125921081245266,-0.26317845583368543,0.013810954589204666,-1.112211374410382,-0.0938346781743139,0.38043269299004695,-1.1397055930660778,-0.21595401827899968,0.5904179815165892,-1.1732308052389333,-0.29190204631183264,0.7603824802404608,-1.2210408104048265,-0.34505411442943923,-0.0770603891585006,-0.9842939813463292,-0.15883027012547926,0.3986840247461218,-0.9124168365465036,-0.290973672646876,0.3904138666747282,-0.6647989262072533,-0.30849335453378546,0.2857405421959299,-0.6031088864402336,-0.3100906077999703,-0.10359907888068301,-0.7596926148981278,-0.22879130926309046,0.34932892686431793,-0.7009360919567307,-0.35997016225401796,0.32734035711549603,-0.48601742493330957,-0.32136721866356566,0.2182223554961491,-0.44685345162492407,-0.27786908221205336,-0.09438161791237851,-0.5112208793506295,-0.3029282771863442,0.2627891522538791,-0.485000387680656,-0.3832383480829477,0.2623778504237618,-0.35118408507352394,-0.3477908840898482,0.16982820825380096,-0.32263842937574677,-0.3082374359916483
G,0.0,0.0,0.0,0.2648585162323931,-0.36092106519819084,-0.021192401392025252,0.400342542568646,-0.6515604149856784,-0.09129647421451068,0.5304870733102939,-0.8528944684116837,-0.1752896817564673,0.6663204924244794,-1.0041946574390992,-0.2551622568281945,0.005563121856093436,-1.107721337528784,-0.09702404253499154,0.36409722787383886,-1.1406388627566677,-0.2204429309048455,0.5719807214797982,-1.1666397877155399,-0.29749871274963297,0.7404739932992708,-1.210991740434442,-0.35055792698009464,-0.0876080995474828,-0.9831399286432295,-0.16050140685073047,0.3748662649121009,-0.9219531230544799,-0.2893771446028388,0.3627696097357517,-0.6751354973292872,-0.30560430426980045,0.256692622830358,-0.6153941694765056,-0.30674920282214363,-0.1145692034876705,-0.7618098363057135,-0.22906761162870276,0.3269946171616122,-0.7149943668301576,-0.3574999921780091,0.30538212502802037,-0.5030536007528691,-0.31920313443934617,0.19712096814769067,-0.46566503865635994,-0.27656875047756585,-0.10386137530134658,-0.5141696119822092,-0.30186754106800456,0.24267300505938022,-0.5000660878518877,-0.3796734569280341,0.24268379567765505,-0.36919970195668345,-0.3416545506325189,0.15113172515072856,-0.3388577856839116,-0.3004877605230415
G,0.0,0.0,0.0,0.27295469724261884,-0.34613785617182935,-0.022050371086759942,0.416801212072729,-0.6254748405692155,-0.09384986680589538,0.5539078544702908,-0.8216177799299811,-0.17948839084602403,0.6981932324917144,-0.9705053086327672,-0.2618523523416541,0.0359982319249382,-1.1047785804395336,-0.09899490068728017,0.4030973428917947,-1.11474629352128,-0.2244761735264111,0.6126580832112697,-1.1438158179535922,-0.3049542832947622,0.7840467359092281,-1.1919576834537347,-0.36087212691618364,-0.05955493639759157,-0.9848960043393712,-0.1625825027086869,0.40312437296003645,-0.904500979181822,-0.2918328980062763,0.38505927735182455,-0.6633368332411813,-0.30922402514211406,0.2765572046710561,-0.6118834089638145,-0.3119007292696718,-0.09193789669520058,-0.764394750044659,-0.23122683921537546,0.35002380389919013,-0.69734385013898,-0.3618010978031853,0.32366197901123006,-0.4863082817210665,-0.3245986669526384,0.2134048289828226,-0.4562771250692938,-0.28273366664840044,-0.0885795984249749,-0.5164244704625163,-0.30393842669361204,0.2584984911622902,-0.4841815409351039,-0.38294881783459866,0.2553723886866131,-0.3509876886243374,-0.34516890083859597,0.1617758969706918,-0.3249804456732425,-0.30464644085089826
G,0.0,0.0,0.0,0.2848721093121381,-0.344039913486861,-0.017108607579239737,0.4329154348585246,-0.6252911605526295,-0.09013641576574381,0.5725269043645821,-0.8195446388933786,-0.1785075965320717,0.7185240322217107,-0.9626299931659175,-0.26317036764779006,0.048083950889978404,-1.102648404803991,-0.0955024943518212,0.41612968392671196,-1.1046279400616277,-0.2234056622498085,0.6291786725254844,-1.1166897914780822,-0.30390516207542484,0.8043023868903348,-1.1519938574720239,-0.3597244030888755,-0.05016291485918583,-0.9851240443512251,-0.16436027261450886,0.4143780061330917,-0.8983205194064808,-0.30087597598768295,0.3960258763701317,-0.6410016502286292,-0.31982335983639154,0.28788095770887684,-0.5825940614111246,-0.3210832138848508,-0.0843675215112599,-0.7691713795818735,-0.23803698319695538,0.3581491866202728,-0.6901638753656802,-0.37133251685281143,0.3326622935542937,-0.471286066863024,-0.3319239564373266,0.2223318263580188,-0.4439122880206447,-0.2878958919458342,-0.08323972122035561,-0.5272949380138833,-0.31573324774031464,0.2659441215946639,-0.4815095228311645,-0.3949015232870071,0.26104349131072785,-0.3399471414844376,-0.35440604981357215,0.16608605876936391,-0.3176500646027343,-0.3115936566783945
G,0.0,0.0,0.0,0.2793530432739391,-0.34019416608881503,-0.02314454925856631,0.42472849370687266,-0.6218361615275134,-0.09347261120962475,0.5586387096830512,-0.8131548165671729,-0.17924883915780487,0.7015174936386648,-0.9398005222598389,-0.2619229510976476,0.04291012894589344,-1.1048042307340138,-0.07788674403583146,0.4083507040836957,-1.0983119486609083,-0.20088195444101448,0.6189719002766205,-1.1094046560597868,-0.284183141186687,0.7921613394554722,-1.1426639797388873,-0.3437025746666323,-0.05514814998486347,-0.9883414586411253,-0.14191491353758445,0.4028969005114257,-0.8912592136306804,-0.27818390142000915,0.3842275529883857,-0.643605961576213,-0.3092058059991268,0.27413450035675574,-0.5885034119556661,-0.3188522606189158,-0.09022301959754239,-0.7731756743032234,-0.21144041634713628,0.3453622694193461,-0.6889835355414765,-0.34243583842380165,0.32021431993249555,-0.47807868647010865,-0.3133053950786526,0.2095766686641698,-0.4528116176642269,-0.27610163988616265,-0.09174532726997418,-0.5293960336045025,-0.28574130098228817,0.25261522312589374,-0.47869084809556756,-0.36581695991731844,0.24880154367753485,-0.34303665083919754,-0.3328126958269949,0.15538891818899553,-0.32522514853711826,-0.2946834160973211
G,0.0,0.0,0.0,0.27062158325207153,-0.3344487926543041,-0.02341664890036486,0.41645679753542303,-0.6175204415533506,-0.09318254934903872,0.5493047770470338,-0.8109091034780636,-0.1785469238526033,0.6924006324776503,-0.9356969537818398,-0.26112629586701264,0.04423136861088161,-1.0983960566790885,-0.07527853206706502,0.40000731240350657,-1.09467253584837,-0.19753954880695482,0.6069379690785188,-1.1046471054495008,-0.280472832597572,0.7784899006055674,-1.1364447030990261,-0.33926179001496065,-0.05753005407819486,-0.9887168981144576,-0.13830830871891014,0.39218549297284316,-0.8908120386608374,-0.2748204283567588,0.37454316278689676,-0.6414738145794868,-0.30494175651499716,0.2683110708981153,-0.582577228911919,-0.31235847709950193,-0.09745869985137168,-0.7786223875096592,-0.2070545804986107,0.3328972793497842,-0.6915184048682237,-0.33982560002487827,0.30879336564855847,-0.47870638510276964,-0.310651076426174,0.20225278573431693,-0.4491106068474497,-0.271307882042252,-0.10257986030764406,-0.5370919101759378,-0.28039223871216895,0.23835736505983357,-0.48568588038708377,-0.3620228503418528,0.23722266240676068,-0.35021001248571926,-0.32921125570047727,0.1479340808911487,-0.3294585451836261,-0.2897463140916212
G,0.0,0.0,0.0,0.26186871789695654,-0.3109405393964955,-0.025231125076023785,0.40286899455292685,-0.5985174033212268,-0.08928568845081242,0.5196891725803777,-0.7971783307071963,-0.17042760956828126,0.6670861444768795,-0.9230021219839839,-0.24804916724358,0.04278460691169994,-1.0818433333906645,-0.04194317564599146,0.376663143715873,-1.0820616644620287,-0.16392218770504624,0.5748569776592702,-1.0834007316885859,-0.24619943039360928,0.738823702287269,-1.115848150163713,-0.30147473538970126,-0.06843080993860931,-0.9922730338718303,-0.10349613761846087,0.36277854804514625,-0.8920812203397767,-0.2372452229898031,0.3397479962698966,-0.6337908811774069,-0.2662394767251889,0.23263738362809858,-0.5903944070652981,-0.2678818215657214,-0.11852144974889393,-0.8039911604680765,-0.1742178932380597,0.29685787017648985,-0.7039049561511612,-0.30769597798061576,0.2784932109547998,-0.4763182679628122,-0.27784618156249224,0.18000564024742832,-0.46339612967471805,-0.23329874257056774,-0.13124461415339425,-0.5780185916394878,-0.2500732988503476,0.19591022598707417,-0.5298678121440958,-0.3281804968551057,0.20049040671385487,-0.3784036700134458,-0.28930973324372583,0.11626341128711418,-0.3556064848926193,-0.2425288799335342
G,0.0,0.0,0.0,0.26950111684367667,-0.30908648704051517,-0.02320516003048949,0.4122403725985921,-0.5962987370091832,-0.08507002005962941,0.5265239353492912,-0.7936431158205756,-0.16501798954237756,0.6672992349155893,-0.9196816384867563,-0.24146318782875845,0.05341371077743783,-1.0775140112389638,-0.03394856388053251,0.38842953545725273,-1.0774175542734774,-0.15358450843590013,0.5825929660532353,-1.0768206046739977,-0.2341612578726458,0.7431708983976344,-1.1082624667727101,-0.2889037610500862,-0.0572311328553491,-0.9937133365019329,-0.096220591820512,0.3720787475287548,-0.8932401729809784,-0.23126921425621053,0.34452260898719766,-0.6320336446205956,-0.2614678384411129,0.23777015030421025,-0.5881014936770617,-0.26286046918728806,-0.10613410380847792,-0.813102287193947,-0.1679212687077392,0.3079655967049349,-0.7087373604531729,-0.3009572845838763,0.28548739336668955,-0.47865872055154435,-0.2716758453474977,0.1883554067588775,-0.4656956504661291,-0.2273100155381907,-0.11692662571474022,-0.5943083128871266,-0.2449792485034507,0.20659270108418407,-0.5404627662292141,-0.3232614923462578,0.20548850863949833,-0.3850963522152831,-0.28665602953483027,0.12144304992743887,-0.363587514734607,-0.24152689294707816
G,0.0,0.0,0.0,0.27235520197621005,-0.30678357872546047,-0.01669185429229892,0.41621590073471915,-0.5922100365439356,-0.07743403677320818,0.5337036127142155,-0.7881456196147711,-0.15752994080964805,0.6760940516207703,-0.9244040295949818,-0.23479882342303426,0.06295181032701452,-1.075528261555611,-0.0322571693551319,0.39502325199268185,-1.0717385338894083,-0.15184179273356674,0.5905478330374433,-1.0720051322088389,-0.2323308713156203,0.7517986982516202,-1.1046013033114717,-0.28727037196289057,-0.049208751693866154,-0.9938296569915513,-0.09940378081736577,0.37999920136767673,-0.8922537350392987,-0.23445487234598386,0.35177385129059396,-0.6304080725010843,-0.26419670662398204,0.24290790577125942,-0.5860150372550897,-0.26552992120400426,-0.10093952884113312,-0.813456316000871,-0.17536351985155152,0.31292167278586985,-0.7063546109493631,-0.3096988140690257,0.2893118897325028,-0.47326473013950376,-0.2788572505742335,0.18955506203410893,-0.46146768760984597,-0.2335043409675395,-0.11508288632259323,-0.593895073496321,-0.25594825808485605,0.20909549690223203,-0.5423453584395337,-0.3356895859104877,0.208182872611696,-0.3850015098812052,-0.2967452262872854,0.12173687355114773,-0.36243849761299557,-0.24994934993193113
G,0.0,0.0,0.0,0.2772567996013613,-0.30565031708304186,-0.01576494392828324,0.42257982714419795,-0.5877470131445005,-0.07392048966966189,0.5413179607757624,-0.7798010897344902,-0.15118465938388068,0.6858149359826712,-0.9178305309284636,-0.2246319695724823,0.07770156363113204,-1.070617001390094,-0.024116073467813304,0.41565483750168913,-1.0627161535132683,-0.14015605028113215,0.6088030447894054,-1.0619919444561392,-0.21772007469674007,0.7680074967232895,-1.0946673844237877,-0.2712597620776444,-0.029716508487617997,-0.9954379358994054,-0.09066556620700271,0.39715380905065173,-0.8983090381236009,-0.22353755180566987,0.3645360478870408,-0.6384951744869554,-0.2532086150487589,0.25374116002807245,-0.5970717236876175,-0.2543154209507418,-0.07839600583227241,-0.8214219557360093,-0.16628683402179412,0.3341060181451857,-0.7201121837924895,-0.2990790309762464,0.3061954833594904,-0.48438906951946936,-0.26861486209540114,0.20391797944500986,-0.4744386366979399,-0.2234454688757934,-0.09161407981241117,-0.6054967155509055,-0.24641664880422987,0.2294075943822118,-0.5578513735472522,-0.32643187885689845,0.223297350970092,-0.39909863586122263,-0.2886597701728926,0.13262591770697746,-0.3777440523669341,-0.24272962179329105
G,0.0,0.0,0.0,0.27447615572528317,-0.3007247864446386,-0.015504468329260727,0.41899266781923383,-0.5769799744581421,-0.07655281218259845,0.5397392147367869,-0.7650401813131466,-0.15672604817955543,0.6831357515276478,-0.9156337363138326,-0.23188689078534408,0.08186218479484736,-1.0596584148367902,-0.02640721783262111,0.41976660307416064,-1.0773908594469788,-0.13893787706922497,0.6109862258308313,-1.0892190176922432,-0.21265020393787173,0.7590228610543175,-1.1186776529091385,-0.2632124954981305,-0.01502024594843232,-0.995815431189505,-0.09014443530528707,0.40797489320960373,-0.9163915113228553,-0.21818778885328,0.38134983415359186,-0.6651420203328693,-0.24403891265436506,0.26985362277733616,-0.6176526785759477,-0.24471856517028098,-0.054624792942949196,-0.8308828197362119,-0.16249414714608287,0.35037099406521127,-0.7517765716599697,-0.288435455610263,0.3260371768306396,-0.5165889598598404,-0.252044799476771,0.22625082016033987,-0.49220525664878234,-0.20605631860133264,-0.05843263871151563,-0.6232848755832046,-0.23961473794214802,0.25531607634786413,-0.5969545653600948,-0.31603643103814655,0.24756161748177252,-0.43558116023974663,-0.2765618466733934,0.1568053251749041,-0.40398664991339095,-0.23143258148099516
G,0.0,0.0,0.0,0.2710202738484093,-0.30556049131457264,-0.009728701907194263,0.4144128007797794,-0.583135830223216,-0.06863901822958704,0.5342604336954664,-0.7731636915465052,-0.148153003889613,0.6787542338400685,-0.924159547315137,-0.2235880973129107,0.08206226306763,-1.058626120806411,-0.022298721553320106,0.41837815032941583,-1.0825613174689588,-0.13539966470346662,0.6078263895908246,-1.092889192057673,-0.21238178063852325,0.753638026950755,-1.12064750933922,-0.2658689110726483,-0.01284865171922327,-0.9958382280121632,-0.09022824268815706,0.40943356959975036,-0.9229621781781452,-0.22125994724696713,0.3838372365159789,-0.669796770685841,-0.25255272744174523,0.2717190583374883,-0.615129853883383,-0.25633132535693737,-0.04941750288026383,-0.8310820278563193,-0.1658347300243879,0.35485247759876626,-0.7551262951613021,-0.2917729861296558,0.3295009105816727,-0.5178160187420812,-0.25796345456204417,0.22761973367268867,-0.4904892626833608,-0.21382015121474493,-0.051114153012442105,-0.6249318121936948,-0.24584635917546468,0.26464347369022234,-0.5957525983003233,-0.3216965299759714,0.2550861073597701,-0.43269000175733585,-0.28257016936573826,0.16404218307015428,-0.39971552113591,-0.23776337763179173
G,0.0,0.0,0.0,0.2704006556279403,-0.3184981175537751,-0.008917441811606934,0.4128385971469877,-0.6046878682887113,-0.06612831064420005,0.5363712499717888,-0.8024239177590087,-0.14306545421440078,0.6792552277569225,-0.95445423625978,-0.21618567403757427,0.0789420125204911,-1.0642033988184543,-0.029043976092534413,0.4170669378371391,-1.096244594069525,-0.13762919242690771,0.6055789019165376,-1.118984565281971,-0.21243893044353546,0.7553480451072071,-1.1578730925052931,-0.26622928517428307,-0.011725940207933886,-0.9952765107733401,-0.09636996123837256,0.4158818942792605,-0.9200372399190465,-0.22317490302848184,0.3869286690473611,-0.6734958883615164,-0.25165458267295376,0.2757260793079689,-0.622832159549165,-0.25624394262350514,-0.04396833660077169,-0.8258017762401901,-0.17086877466355696,0.3666534118215637,-0.7531260018608225,-0.2932450620192102,0.3355818606272027,-0.5231922288845857,-0.2605357646979943,0.23282764103334158,-0.49627421726743004,-0.21957265371396517,-0.03979904030764489,-0.617107277147917,-0.24971771866967638,0.2808752355505456,-0.5956480152685873,-0.3246932593268493,0.26923916056858177,-0.4384744276498694,-0.28860031548068743,0.17697683596976715,-0.40327201962320114,-0.2477065513617855
G,0.0,0.0,0.0,0.2571168351882437,-0.3429905619853163,-0.025191576354358657,0.3863626689721435,-0.6402051237096016,-0.09341272440691872,0.5027487537261693,-0.8525257615824947,-0.177865499862412,0.6394758250926267,-1.0266108165587398,-0.25737615988415646,0.027811687735316892,-1.0884608884802989,-0.06105842317934972,0.35164643921365873,-1.1667560910505077,-0.17929878764219082,0.5431926029624415,-1.1898984588782753,-0.2559743497776482,0.7006308418911457,-1.223495628815746,-0.30863070210651644,-0.06225976459514514,-0.99053011527271,-0.12236753021283461,0.37849158238171593,-0.9470215611331282,-0.25252772016218045,0.35972895742817435,-0.6950858543810091,-0.2760015694014258,0.2531821699313359,-0.6352737093677072,-0.2788963519415641,-0.09007162793812323,-0.7979917682381319,-0.1923942131288776,0.33591199276989653,-0.7585613508146606,-0.3209454527598478,0.31210977915515975,-0.5286547471221145,-0.2868957418794579,0.21044453342443406,-0.4926100454066313,-0.24545441917659674,-0.07937905305515185,-0.5757934628340785,-0.2676807954925734,0.2526757174364273,-0.5797189964926037,-0.3451060816110993,0.2464251383435783,-0.42476946933846427,-0.3088726455617385,0.1527623337338598,-0.3851637954691126,-0.26856840441612245
G,0.0,0.0,0.0,0.25423328801427536,-0.3707290162829454,-0.02402673165302468,0.37508555089781276,-0.6755716405365993,-0.09631621725159825,0.49339178476821693,-0.8984220966948873,-0.18610235891134008,0.6234826167055045,-1.079423104703691,-0.2713529565572704,-0.0086929662163327,-1.1001514276277629,-0.07309664712805247,0.3250121186735964,-1.1828293906276914,-0.20049142139544487,0.5188866379752219,-1.2188813236885019,-0.28205265318378464,0.67769726969052,-1.2642952653590391,-0.33781369520629967,-0.09110156647089758,-0.9862714717213529,-0.13772831464570093,0.35485839257100676,-0.9553523317402812,-0.279473560003872,0.34011688811181034,-0.7036902896770029,-0.30470872724499076,0.23629787321529036,-0.6395465114936583,-0.30772052015415785,-0.11086159424944271,-0.7834661887159166,-0.21061335477165413,0.31933742594311953,-0.7591580304974058,-0.34721277976837545,0.2984077202005827,-0.535887086308794,-0.3115722531134135,0.19535861544891242,-0.49562127949138096,-0.26822724657215896,-0.09615623994592518,-0.5572356048305379,-0.28884260025973413,0.240664106652413,-0.5605136304106135,-0.3725636054648889,0.23516399272253194,-0.4137119040696309,-0.3383696140637524,0.14248063651290294,-0.38053999219198237,-0.29859617677524186
G,0.0,0.0,0.0,0.24467273477237905,-0.4050939505624087,-0.037066208089491966,0.3609881181130726,-0.7045038851193526,-0.12893579549736223,0.4795437059480053,-0.9258150883763938,-0.23642621190327848,0.6106057302073348,-1.1196524134718049,-0.3373633075759447,-0.06285725507529587,-1.108274951572657,-0.11682443841672285,0.2607203992385432,-1.2030351809317679,-0.2582256736671619,0.4637001953455984,-1.2222223513206933,-0.3388667013849257,0.6293900808758359,-1.2453877780493394,-0.39016975786607155,-0.15652784062663802,-0.9708815050000932,-0.18135087084851767,0.30938658264630586,-0.9552408677264558,-0.3309044034313431,0.3142390785155032,-0.6963920618392568,-0.3454734615872171,0.2130226661486396,-0.6227777640663658,-0.3414027551947218,-0.17794643469845828,-0.747475620903489,-0.25521454137692007,0.2701209895169988,-0.7349094566685934,-0.40108499236804324,0.2648854307529021,-0.5197356746741463,-0.35845927543094697,0.16285130532959155,-0.47478121339508805,-0.3104642981570178,-0.16053225646682237,-0.5082948262931061,-0.33527333727580094,0.19658901185046138,-0.5192291316197164,-0.4225244408668064,0.20719110981454197,-0.38170424727734104,-0.3841538044937416,0.1171204739808329,-0.34454001206289,-0.3419592162469767
G,0.0,0.0,0.0,0.24480964282349785,-0.4195285588316121,-0.04929167410286748,0.3797447730510831,-0.7292281834634463,-0.1702492882852912,0.5149756820687745,-0.9458030676080018,-0.30572426769114475,0.6577991441640912,-1.126985846369208,-0.43257115574390154,-0.10328506886106564,-1.1257775380868695,-0.18688466967767658,0.24843091370626597,-1.1976540918495384,-0.3472655381568058,0.47033693168731716,-1.2092007150272783,-0.4153072324029215,0.6405839723987237,-1.2345498996775168,-0.45132608881159963,-0.19885065746539668,-0.9456257541850643,-0.2573914315736007,0.3054504488402909,-0.9360807341590957,-0.42386260505965356,0.3110413987661451,-0.6662057620131855,-0.41731946089809535,0.19602614310240063,-0.5979789415916302,-0.39559005669784,-0.21343766736757208,-0.6942191673843177,-0.3362510716010246,0.25678656836980873,-0.6974890807576425,-0.4895847291467864,0.2590127941658217,-0.4764888612820527,-0.4242057892280179,0.15740643340542956,-0.4239781257150219,-0.36112766886222736,-0.18644487190482278,-0.44130714731377235,-0.42351014174524076,0.19319720551952654,-0.47600499949017566,-0.5137454138471839,0.20723727466808575,-0.33631567714931837,-0.4637151430622,0.11405541695020778,-0.2881627747317048,-0.41191693052335066
G,0.0,0.0,0.0,0.19246589973588635,-0.4308659596885849,-0.08346928991846611,0.3151963485525404,-0.7722255288556651,-0.2086057122436613,0.46159837698815365,-0.9945492367306543,-0.3391470704088543,0.6020550830609211,-1.1350390141788997,-0.4551692035944344,-0.19480743233259165,-1.136302954621937,-0.21927766688138536,0.1858579616703533,-1.223577720411348,-0.38579649813646866,0.43890388818720394,-1.223184824549384,-0.4569778810799604,0.6238053543871507,-1.238837486759819,-0.49402292094397654,-0.27596339956204,-0.9233751809781368,-0.2668753964976075,0.2774910198640516,-0.9067183965559632,-0.43604602728071273,0.2932112110507618,-0.6657560971324873,-0.4358682438834959,0.18102280775618237,-0.6046481165370088,-0.4235444037454828,-0.27335709792932367,-0.646645594878829,-0.3253407117997582,0.2461223251428646,-0.6567282057236069,-0.4793097729437849,0.24053266859054695,-0.46864673864088835,-0.4289971705475068,0.13493041982076667,-0.41836121714638624,-0.37824862504229156,-0.23069700388481598,-0.37383684807943407,-0.39537019101085097,0.1863981934805539,-0.4249509362505782,-0.490427547545847,0.19828052085432862,-0.3209824530358401,-0.4587336839711595,0.10304248470135902,-0.2818802052897431,-0.4200703745708505
G,0.0,0.0,0.0,0.17442484289560095,-0.4747378015382025,-0.11640264776144701,0.3070487833264739,-0.8309979107040507,-0.27578304795548075,0.48689203750117604,-1.028924842250842,-0.43726756903389497,0.6427494163033397,-1.1152760692802601,-0.5798799755203781,-0.2579248093688536,-1.1580483289944439,-0.28517013198110647,0.18484004127206968,-1.252755606762002,-0.48175705539133623,0.45994354954498845,-1.2222945569369141,-0.5733037193729772,0.6384233359812225,-1.2063382438335832,-0.6221142860221754,-0.3200140512410799,-0.8874592265114835,-0.3316732251598111,0.2725050060082644,-0.9095857392425762,-0.5128345413918717,0.2574653471195284,-0.7167637035576997,-0.5242474755563458,0.11819790688970634,-0.6759941587067511,-0.5281664723255608,-0.2928703188561202,-0.5779068604156276,-0.39092536872402756,0.26204051003516216,-0.6370918684370602,-0.5342901851845674,0.21799224257302877,-0.49363002436033937,-0.4768981610231486,0.08995514080436069,-0.46082679815133837,-0.43140199287743575,-0.22875382143110645,-0.2889907277315825,-0.46906768104385443,0.22041777081440778,-0.38899436198306814,-0.5593192560806033,0.18770319379233538,-0.3069856478079784,-0.5277812267430971,0.06116577680546485,-0.26848141400935,-0.4937637769450853
G,0.0,0.0,0.0,0.15284784068485463,-0.4791750355605107,-0.15759111765610587,0.2882498526342014,-0.8431533800311908,-0.34629397902673165,0.5050031988102033,-1.0347908333243394,-0.5294278714944922,0.6897177116183008,-1.1005222772337293,-0.6906723154923418,-0.2731597791907922,-1.1727786557072584,-0.35484335790075844,0.22505825491303583,-1.2417342633609278,-0.6033333488469106,0.5311703045103229,-1.2208553850231476,-0.7326507122413083,0.7390026105383695,-1.2145300966849848,-0.8008205418227922,-0.3365780402897796,-0.8552275908014764,-0.39408246691091725,0.3143711110463405,-0.8760776976269016,-0.6110391434699651,0.2873810933099184,-0.709800227242155,-0.6375125020363522,0.13905669576264723,-0.7025519113612831,-0.6497330849518103,-0.29535828750378584,-0.5131572325434239,-0.449804933241754,0.3146616331467066,-0.5645873634944564,-0.608855198550426,0.23135477173884367,-0.4575135954781454,-0.5451150122979532,0.07658181278827843,-0.458017681731196,-0.4936592092047991,-0.21365725074891243,-0.20299448148716845,-0.5311982551632688,0.280497450500279,-0.28490066146428106,-0.632899820427521,0.21222522474372646,-0.23788777636132627,-0.602600318547376,0.0621261161050888,-0.23185184054985644,-0.5663474527570727
G,0.0,0.0,0.0,0.1529101526872464,-0.4884845776135879,-0.1789801581542521,0.31158909399634394,-0.8544428713096978,-0.3936609935432555,0.5672978963688861,-1.0211054404673656,-0.5970257834548178,0.7497057269694036,-1.0607145739148767,-0.7849276528917752,-0.23522256018862758,-1.1783548153285721,-0.44014423010804865,0.3346928270544158,-1.2328866832319132,-0.6994733249862004,0.6714759724205002,-1.209395608474975,-0.8451548854552754,0.9035635654732439,-1.2033329964234503,-0.9273545096688444,-0.3109567931203289,-0.8225690893780845,-0.4761154965048186,0.4026608334072662,-0.8304294721406519,-0.6835186362051792,0.3385279691716496,-0.6994033599419246,-0.7102955448828857,0.1622385043520391,-0.7151361182601074,-0.738465914046435,-0.27038619490250937,-0.44627658039601514,-0.5247938288418186,0.4054232584612365,-0.49017045811715165,-0.6581953433529117,0.28350809665758253,-0.3981678738330644,-0.5730399421932012,0.10982361958746238,-0.40218673533315974,-0.5216079561269336,-0.18053057573980635,-0.10736815900235652,-0.6041542230927488,0.35387976493620427,-0.1960760423537942,-0.6886056217839664,0.27226498075807776,-0.16554086025897458,-0.6398042676310469,0.11969751575302995,-0.16141074646592424,-0.5979098054019341
G,0.0,0.0,0.0,0.14654166687282116,-0.5205955612296517,-0.22974530799760828,0.3071864440918054,-0.8830466535926558,-0.5000304857248034,0.5664899387686005,-1.0205055142913284,-0.7466062736960352,0.7132918106293583,-1.0261865188533472,-0.9762144592416034,-0.20681119976119383,-1.136699569793323,-0.6067000405274922,0.42439708881651106,-1.1851004510414644,-0.9110498372269984,0.7935384782106149,-1.1699467458471826,-1.0653794118538422,1.0537385098617185,-1.1594463043498686,-1.1442732200097239,-0.27604582704345787,-0.7251995618550786,-0.6307807042523539,0.5089243349612197,-0.7473792147474385,-0.8680872402267319,0.4341824484580883,-0.6251899812535461,-0.8602366905311688,0.2411119995043014,-0.6486998461001089,-0.8629473656674035,-0.22818710835748293,-0.32352456384228734,-0.6672343905027939,0.5061895667705465,-0.3914198926469603,-0.8091156345996143,0.36838830934965244,-0.3331229613814212,-0.6694431728964239,0.18541546602296669,-0.3489726116624856,-0.5833547656613941,-0.1282042366277281,0.0229074008110016,-0.7418209800607442,0.4413068334928727,-0.08564158433114187,-0.835243726090666,0.3519026024314097,-0.09883218744976859,-0.7639836989776987,0.19005289714130322,-0.11805872024094341,-0.7056832570099414
G,0.0,0.0,0.0,0.14750951810197152,-0.515947477990775,-0.26643675289485674,0.3072592730590588,-0.8479967679304569,-0.5754182155970218,0.5644343527273371,-0.9430277409817058,-0.8510367284654211,0.6890273761848908,-0.9067695833237781,-1.1062171249542672,-0.1984521381307819,-1.0569010025528929,-0.7161806006138974,0.4436425844550471,-1.0874834341018764,-1.0515015748376588,0.8196610993756727,-1.0610275220152756,-1.208114697949062,1.079158023875452,-1.038412845514668,-1.2832842210787332,-0.26383757627793203,-0.6324368130374737,-0.7282948653250207,0.5092944682558705,-0.6436259041703666,-0.9955564579901496,0.4342717206312493,-0.5284839763916332,-0.9703757851600284,0.2315193177033902,-0.5639299220442384,-0.957592356962124,-0.21165407303191278,-0.2369360521316783,-0.7523810238626365,0.5029219989599812,-0.30963803913905563,-0.9106101005608015,0.3699490835095854,-0.2668812367510729,-0.7402283373087786,0.18505314728842978,-0.2877718770561679,-0.6319880431467726,-0.1144973624029092,0.09178795268159054,-0.8178062391203427,0.4316050956660022,-0.017672150283002713,-0.9269960339179718,0.34672684044467583,-0.04391962217868307,-0.8470081271031293,0.1879512519975599,-0.07134102706119867,-0.7803412832309126
G,0.0,0.0,0.0,0.16042037827093286,-0.5229144396866409,-0.2769814420285252,0.3268717358850995,-0.8463893359182327,-0.5904129391791823,0.5884964672389837,-0.9211604856268002,-0.8691630389142707,0.7207232176265381,-0.8713745392873046,-1.1267523106357147,-0.21604041437041946,-1.0687070534720406,-0.7138172989764303,0.4500641639609301,-1.0862473165094684,-1.062441802791509,0.8331926491745395,-1.0610553367057716,-1.2363295556729106,1.0995641991178242,-1.0335549183450299,-1.3206473078355414,-0.290656481753018,-0.631071226661661,-0.7192134012201831,0.5216534424131891,-0.6158765484943288,-0.988723814616263,0.4360146656651421,-0.5163314915548038,-0.9677936327212953,0.22570382291152874,-0.553461985643423,-0.957600147705358,-0.2374770855376316,-0.22041181508875868,-0.7392794723043334,0.5176003983093616,-0.2757521945348588,-0.8980271365621066,0.3718094527881585,-0.253475705963083,-0.7276204028116967,0.17893364872511802,-0.28053997293712896,-0.617076364950041,-0.13497896733093265,0.12358507731644397,-0.8027533406604911,0.44471678977041884,0.02474424667681047,-0.919447776906006,0.35176908751760233,-0.02412843707642407,-0.8433681730373516,0.18407650633274864,-0.06521254179211103,-0.7752582188272756
G,0.0,0.0,0.0,0.16489010232404103,-0.5442361797698592,-0.2474277730165088,0.32883641086562704,-0.9069927349608646,-0.5266439306540578,0.5583326238177535,-0.95079133098729,-0.7753631758608963,0.6988502162337409,-0.8660868467234343,-1.0075239939100866,-0.2210135856126848,-1.1174869643698349,-0.6388716067544007,0.4179353809444952,-1.1225520101968478,-1.0151561847379584,0.7912383565904512,-1.086034561505537,-1.2369473637179298,1.0478028516242512,-1.0642056593372937,-1.34817092730567,-0.31245793218694,-0.6979216820823018,-0.6444186265874631,0.4936623075723748,-0.6572389299587832,-0.9118677012578771,0.43064809316857056,-0.5970267293105775,-0.9116469404638877,0.22989238752340715,-0.6338582960667629,-0.9097396305456835,-0.26931837946986165,-0.28542103311999717,-0.6679343657974872,0.48189108579022377,-0.301411398919261,-0.8253003183604248,0.356189731337975,-0.3145145273632903,-0.6646103574941183,0.17504149987797607,-0.3700996048028825,-0.5479626788844463,-0.17063549736031006,0.05696535425261523,-0.7329470160292415,0.4163932944591905,-0.01647608273367554,-0.849632375850408,0.3352068749384153,-0.07496365715951825,-0.7730976245107765,0.17875016604997213,-0.12741100896116211,-0.6924582483660429
G,0.0,0.0,0.0,0.15189640117659642,-0.5229854347363986,-0.24468442509936933,0.3185354002974797,-0.864961266589397,-0.5283628698234984,0.5595046511090921,-0.9173320074163728,-0.7828050555849424,0.7219543409431688,-0.8436791351158165,-1.0184539852092191,-0.24289837086654212,-1.1024380621618433,-0.6346595016607218,0.37486627038425346,-1.1317612514796005,-1.014672444203226,0.7450354791804834,-1.096804241325493,-1.2285657823843326,1.0004526679016574,-1.060704153450469,-1.3305369234531836,-0.33371349674136513,-0.6914124332059256,-0.6407684053547837,0.4558989088993303,-0.6667569523692843,-0.9196916467598995,0.40982186933129794,-0.5807706948221559,-0.9132892825571157,0.21570017714403955,-0.6016480921101082,-0.9017608498191991,-0.2862221454549344,-0.29003776711149554,-0.6656839716531101,0.45325430686353047,-0.3289351496265209,-0.8358191657118761,0.3399089779887335,-0.3215407068585465,-0.674485881785228,0.15811841311674657,-0.3523355029014543,-0.5536807359752697,-0.18626098660571513,0.0458907602357348,-0.7303715866040225,0.3875846329175738,-0.044957387884359136,-0.8565033687529228,0.31043394279101244,-0.09536062382429537,-0.7835279464028925,0.15379447467614327,-0.13717920495944108,-0.703353533463094
G,0.0,0.0,0.0,0.1772458129757624,-0.5003841612705217,-0.18328292634105403,0.3530168739240659,-0.8560435860087704,-0.4011884641440617,0.5981780872967175,-0.9818915241190082,-0.6111351896211702,0.8059361535790706,-0.9687932925127982,-0.8022373261194417,-0.3046055302084176,-1.1835548479828597,-0.4028036851321349,0.29125898306575665,-1.1997590885026042,-0.7122950712851732,0.6166453853191176,-1.1181888112503877,-0.9077238031822782,0.8246523177266942,-1.075753007483969,-1.014676360499405,-0.39275671976535775,-0.8108377701273075,-0.43391735343741644,0.34365576361200467,-0.7933172094994251,-0.6598532801067637,0.3137020826152356,-0.663442127459062,-0.7025516458941249,0.15134116181283042,-0.6607379107023458,-0.7387951842056922,-0.3624269866368902,-0.4211381945219145,-0.48671871349614426,0.3317564390581717,-0.44046138279135016,-0.633708228120987,0.23803576877180815,-0.37652150862715345,-0.563250174360347,0.05969373354976215,-0.40036035071522047,-0.5155211477811662,-0.2791994371790917,-0.07588407170299806,-0.5714313041090899,0.26827740769665676,-0.13946826552008315,-0.6628948013103053,0.20020756714904803,-0.1301355105298118,-0.6257723856704456,0.03507057775509994,-0.1400056401621589,-0.5885298040309619
G,0.0,0.0,0.0,0.21834770987114188,-0.5414446312690689,-0.18641273539487954,0.3844818626334209,-0.8581246558730117,-0.40008835054047204,0.5935667344831366,-0.9653802240101305,-0.6129347659829639,0.7592958433806115,-0.9206609236600372,-0.8069145028756536,-0.2355162290204297,-1.201187474920587,-0.3619036909199749,0.2965594588040526,-1.136055050833248,-0.6230504056654822,0.5980827136292307,-1.0525650888067954,-0.7729143906507328,0.7929418966962892,-0.9926055994922457,-0.8544021149843508,-0.3049531303524629,-0.8655210782326979,-0.3973372011568281,0.355020002240859,-0.768382863061656,-0.5822879041551279,0.34032830033020084,-0.629201850931869,-0.6026453757160833,0.19286775678426746,-0.6517911992612853,-0.625462649837567,-0.28343854252312173,-0.507557772995261,-0.45386427455812656,0.34789699630566423,-0.4786609417046515,-0.5784618465745504,0.29208318057352844,-0.4053893572955032,-0.5062105520640551,0.14170272921340668,-0.4474690193901349,-0.462350315721855,-0.21344299259342417,-0.1918019762531903,-0.5441004087549473,0.27100672070529974,-0.18861054253429954,-0.6204390070493694,0.22864442590220505,-0.1477519199084208,-0.5736628802475326,0.084622974167528,-0.1615614580225133,-0.5359314136677169
G,0.0,0.0,0.0,0.17196367912314658,-0.4546099085344798,-0.1517825676681283,0.3212173644422374,-0.79439996443455,-0.3377551623651312,0.523863734604785,-0.9473373888038473,-0.5194793457505943,0.6916292618167115,-0.969644488276586,-0.6809028270507025,-0.2452520653895452,-1.1732915997465467,-0.33595556573494173,0.2323807441351483,-1.2014334703921379,-0.5952929304551736,0.5270911019175136,-1.1312233700042251,-0.739347078954463,0.7213809545116575,-1.077881003070285,-0.8127242236728813,-0.3268288645189084,-0.8678639953106805,-0.37415902897119063,0.297335314401623,-0.8464169810354963,-0.5879086017059922,0.27813587242432053,-0.683154789706929,-0.6222386390749958,0.13364764419165312,-0.6685331073117129,-0.6408790256738877,-0.3093020834686597,-0.5273345001775018,-0.43070021072966824,0.2778962187529475,-0.5401653330674968,-0.5866109262232329,0.20820333966750967,-0.44221672443888677,-0.5303178234605125,0.05860210971757026,-0.4453523493305428,-0.4832706658261023,-0.2474824359834758,-0.2156450074298614,-0.5117970881697157,0.22578886395165937,-0.2814816623520049,-0.6108867431604148,0.1777607703730586,-0.24076628226531976,-0.5822478953945496,0.04063042473247771,-0.23769642171121821,-0.5466565167541937
G,0.0,0.0,0.0,0.17518871718774742,-0.4230648982691591,-0.15343820706126823,0.31552433426967874,-0.747821629641526,-0.33851611912066926,0.5096893607103884,-0.9342632168441252,-0.5201086001485783,0.676122848956107,-1.028459093208511,-0.6813789329573469,-0.24517753003946094,-1.1571674822596918,-0.3350409748665539,0.2240703307009265,-1.2025596595255377,-0.5871496317701128,0.5082670768691963,-1.1462648813366862,-0.7216731331907965,0.6917776528820454,-1.1195690516179473,-0.7915063477292515,-0.32514976118585676,-0.8687794938222881,-0.37349675221435236,0.2793803444538665,-0.8524997609670999,-0.5895276350287413,0.2700333808894162,-0.6667657426867923,-0.6192598217582068,0.1326723425249473,-0.6510164271928006,-0.6317830079283016,-0.30702958842984546,-0.542757114244076,-0.4302319024442276,0.2600437386622035,-0.5522887211402597,-0.5923499579152302,0.20410810443195468,-0.42856040017742825,-0.5337867868350902,0.06275798634757822,-0.42021502871832306,-0.4834418000002177,-0.24665006637293505,-0.23777727426088865,-0.5110357201314826,0.21412125929317083,-0.2902394931071694,-0.61509307181616,0.17468273452463287,-0.22916473473501825,-0.58817565857354,0.04297832876616299,-0.22106440180479273,-0.552501863808793
G,0.0,0.0,0.0,0.17852860958465783,-0.4401342168792197,-0.16568665038250027,0.3256111022674461,-0.7556136125770113,-0.37008734654504694,0.5190512319360442,-0.9218881566726205,-0.5679598052439955,0.6796726283243313,-0.9796265249544427,-0.7461922513100956,-0.24441349352454497,-1.1525945635332917,-0.3873617669716241,0.22941653602960013,-1.1828245432601627,-0.6456322430013363,0.517726366877726,-1.1139243038995592,-0.7744212985749932,0.6978897569513051,-1.0732113879175202,-0.8393612798604342,-0.3285393817514674,-0.8442119737137015,-0.42351861597429247,0.292183773730664,-0.832965952636958,-0.6452623458267059,0.2918907117071632,-0.644408044338302,-0.6630203361476918,0.15272604331106593,-0.6220608946708749,-0.6681824528168359,-0.31203591692165755,-0.5093116011566163,-0.47644246910845506,0.26718033984383854,-0.5266244976775329,-0.6412792069106509,0.2197276995465778,-0.40512898810248654,-0.5700501543936503,0.08009019945122209,-0.39481657555667987,-0.5127275620057924,-0.2526828986093974,-0.20375979854246268,-0.5541934975801651,0.2078994166619604,-0.2595672813355805,-0.6588965180973525,0.1758091250886259,-0.20101714061166512,-0.6251260939847347,0.04692386464942668,-0.19213492691856585,-0.586227494092276
G,0.0,0.0,0.0,0.21656537272151993,-0.514404264424909,-0.15553969538496265,0.3657877042020208,-0.8473423884772757,-0.33557131221151726,0.5270259687282595,-0.9815083985843571,-0.5184560913107689,0.6635232597856903,-0.9835854093670374,-0.6848949099977564,-0.2421389142271064,-1.1907738771680887,-0.2956378658133026,0.262063339148544,-1.1836897000066953,-0.5224700890421328,0.5360096537095762,-1.121536076594048,-0.6594640492176471,0.696027330983634,-1.089988034092329,-0.7417014545109712,-0.31596499679959617,-0.8870599765750804,-0.33658686658283204,0.2889359309994027,-0.8327979992155529,-0.5205149560899316,0.29099993997270895,-0.6845868693267069,-0.5662852821585362,0.15244044888936312,-0.6676499210217595,-0.6062393335981282,-0.30269749827760384,-0.5531363153721708,-0.39426176237340677,0.2800363620717747,-0.5608046694816949,-0.5351208495629537,0.2626374538268114,-0.4620078771217206,-0.5055306534345225,0.13248956811232987,-0.4687557031275714,-0.4873245589458629,-0.2379704210826168,-0.2539551847045457,-0.47699179491798743,0.2202911259920247,-0.2827314675661697,-0.56738845741911,0.20414740111809812,-0.22085325639382566,-0.5467316914522851,0.06943169712252982,-0.21085000343917007,-0.5282778277006434
G,0.0,0.0,0.0,0.17378996742651726,-0.4444323851761394,-0.17113752088056813,0.31326410610786487,-0.7608268736967531,-0.3775134179412694,0.4810963558642558,-0.9081322954107507,-0.5744329859903157,0.606379364472985,-0.9247786993308514,-0.7497338092152717,-0.2885406668525553,-1.1345825065949777,-0.3939061974354394,0.1815375573580549,-1.1608037800912687,-0.6750035052897789,0.4892312779412523,-1.0988846170924023,-0.8262223193419952,0.682395902330777,-1.064426143104177,-0.9016245948211851,-0.3726087888196167,-0.8236133908000746,-0.42757885002556184,0.23582135257510708,-0.812007631771717,-0.6624229051190454,0.22690561056184938,-0.6312974168233846,-0.6885334361880513,0.07809383140562567,-0.594376566319973,-0.6983550642780584,-0.3504434937157025,-0.48563685457184136,-0.47982746459537534,0.22719468913740273,-0.5027942954332459,-0.6473559569296247,0.17639854051861117,-0.3901111825758461,-0.576920991298134,0.030813740055910813,-0.38103373649452704,-0.5196759755374836,-0.28132767104353973,-0.18224166848311274,-0.5583881188358473,0.18458720611456805,-0.23175720611487072,-0.6644715512404731,0.14769192521489097,-0.17083099606102534,-0.6321022085795882,0.012030025045877373,-0.16098527808972216,-0.5931315281767985
G,0.0,0.0,0.0,0.16624991980252848,-0.4538232879631638,-0.17119668339832245,0.30115352215546465,-0.7861053134243442,-0.36820204217843083,0.4694559400487312,-0.9416231568238003,-0.556072653543345,0.5976334998518957,-0.9631893038921946,-0.7211579468293668,-0.31929928375629296,-1.1436610562169747,-0.3606730222084998,0.16339311024063843,-1.1793628076025562,-0.6339182279189081,0.4712173724683649,-1.1152301252955823,-0.787661055834079,0.6613002345303765,-1.0724758526991405,-0.8652056804334564,-0.3991744954396762,-0.8301806603355113,-0.38917835679206836,0.22980119843147118,-0.8225748717948265,-0.6117093714655063,0.22165596818033945,-0.6518781962019999,-0.6446191360396998,0.0702523380419446,-0.6112444582969169,-0.6613250321487834,-0.3730651770774304,-0.4910915790461018,-0.4378543301477892,0.2193470897443035,-0.5194617500086512,-0.5969404567589413,0.16685921727404043,-0.41308015787669067,-0.5351835979923574,0.014758969962802303,-0.3993377347702206,-0.48408814124558086,-0.2994716476859328,-0.18421837389870904,-0.5129406019612822,0.17289203841713172,-0.24764691983633605,-0.6133890629425047,0.13368233930792714,-0.18919777986712819,-0.5835088675337381,-0.008476317452013037,-0.1703071327029984,-0.5458945721342747
G,0.0,0.0,0.0,0.15620460964751492,-0.4459221767719496,-0.17524266699267801,0.28502129316472335,-0.7589380951935704,-0.3908393172548076,0.45204416966097344,-0.9022606762167239,-0.5931254996662291,0.5916277211302066,-0.9323096961605947,-0.7725705167612507,-0.32258187757200085,-1.1094920209369976,-0.4228285254586153,0.14422386307878785,-1.147716347638944,-0.7062305131952011,0.4479168862914813,-1.0889282590720364,-0.8541170280281248,0.6355723367270267,-1.0615357694882837,-0.9280891673012662,-0.3996062466554021,-0.7969675143970099,-0.4529432951593761,0.2211857849045036,-0.8140189782898011,-0.687898340110896,0.21767168556913122,-0.6365025606847806,-0.7039891970532517,0.07161475529551307,-0.5938971985835545,-0.709284184096023,-0.36634491575801226,-0.46666427359395496,-0.5009455113924729,0.22189600236979623,-0.5154840985619314,-0.6622617593314679,0.16949578790059658,-0.4004632151762557,-0.580879652479539,0.024523758638384144,-0.38453388046772125,-0.5206412863983253,-0.2861390990772942,-0.17415987750442383,-0.5761496930279415,0.17999989700682148,-0.24852327286514103,-0.6820628240165046,0.13978746578375242,-0.18845621642448201,-0.6495311052615539,0.0017201817674757087,-0.17666257144705116,-0.6128584728222125
G,0.0,0.0,0.0,0.15606507820251175,-0.4187797943074848,-0.18206083486076252,0.2757229034592242,-0.707280136957467,-0.3933663173381697,0.4358602060220479,-0.8535059692510324,-0.5939401323797876,0.5766733113430087,-0.9090630363213881,-0.7716219268828663,-0.33510834696086716,-1.1067789993037438,-0.3816401643766593,0.11993664595426654,-1.1298691988639498,-0.6586621679782159,0.3950586427377275,-1.0687771804031394,-0.8077562480165341,0.5561549923550693,-1.050686284022613,-0.8840725375611427,-0.41650428090770475,-0.8127326485804729,-0.407418489905558,0.1785108654436292,-0.8042239302330013,-0.6348538248498055,0.1723900300443054,-0.6312236193687908,-0.6568351713212255,0.02436243917413172,-0.6087050022385708,-0.6650255894025453,-0.39267616794966165,-0.48981225136144013,-0.4552972916543469,0.1812219160020024,-0.5023543754979694,-0.617645239741302,0.1360219562137658,-0.38414040880178074,-0.5491043821277312,-0.002353631267629249,-0.3790346249591561,-0.49493835392109964,-0.3205637614180247,-0.19414717823499825,-0.5311379335197552,0.13951562762665298,-0.23382793038768512,-0.6378352233216045,0.10371985731411026,-0.16381244779179135,-0.6139249664209846,-0.029883329348373573,-0.15233897608743938,-0.5819655645985168
G,0.0,0.0,0.0,0.1651615344516161,-0.41259181570966785,-0.17162265359026935,0.280198159204913,-0.703084976362648,-0.3636475394597102,0.43726866492569805,-0.8384363761995852,-0.5458206971472348,0.5747067311813171,-0.9020959480555348,-0.7065314012751924,-0.3162501356852297,-1.123648842113371,-0.3307507977963873,0.1358533561164942,-1.122353455655609,-0.5956663772397796,0.39204481715923584,-1.0370543359553606,-0.7522343891266864,0.538539120793668,-1.0139878800293607,-0.8366337623496327,-0.40611273320357305,-0.8425635988218348,-0.35377822130583664,0.17735900037094077,-0.8054044993527191,-0.5659903922923882,0.16309589237972202,-0.6441910027495935,-0.602606741081788,0.022371816286394022,-0.6394856105906814,-0.6235047028757561,-0.39313808319219756,-0.5208433103632896,-0.3994389514148523,0.17527472308257572,-0.503838436420526,-0.5515046770839029,0.12352926629037986,-0.39047922006264524,-0.4985499321177363,-0.009986086898106549,-0.3995732057004635,-0.4551937272481644,-0.32781519880970084,-0.21886058310384876,-0.47179961642802454,0.12640004527903118,-0.24065972485330892,-0.571262665347216,0.08992375925445308,-0.17637969585408975,-0.5520063944504282,-0.03836178767058645,-0.1742452468290722,-0.5239416389886781
G,0.0,0.0,0.0,0.17567537427866642,-0.3776735005759288,-0.1538526956698839,0.28359643374924876,-0.6583631681420882,-0.31893262465031547,0.42058286246756965,-0.8148484751161169,-0.4781232084053387,0.5566898562873708,-0.9140527895413223,-0.6165079122475996,-0.2959445158840685,-1.1233983009650728,-0.2674057579066492,0.11537722766780746,-1.1149119605268418,-0.5111512216658055,0.34833393838277066,-1.0163951917900256,-0.6524404850798684,0.47232508874142276,-0.9858617669185459,-0.7279745088830233,-0.3932234043459742,-0.8720170164611541,-0.291481864404545,0.14954405295356993,-0.8152218222830198,-0.5000673845121867,0.19988734498582578,-0.6185882259408959,-0.543421450221451,0.10065242457549203,-0.5924307691678247,-0.5627259747401361,-0.3923781289364742,-0.5727473379680843,-0.3379714387812569,0.1359618733060465,-0.526045585020314,-0.5069740205269948,0.14650362917250426,-0.3849325066217652,-0.47867116443683616,0.03821231752227923,-0.3797686923219067,-0.44354672716694526,-0.3395437160472541,-0.2792091173642198,-0.4051515761380004,0.08855515103790394,-0.280907004449318,-0.5122908647524951,0.10020445382687174,-0.2021327009285009,-0.5034852821098355,-0.0004981783197297349,-0.19342547010322003,-0.4799172980111072
G,0.0,0.0,0.0,0.16633180092318509,-0.3514721168293205,-0.11771203896623818,0.269539842615535,-0.6184243952396764,-0.24742399024211506,0.37782555592124767,-0.7618816628663317,-0.3772554177295739,0.476333678894783,-0.8713130325676963,-0.4887330297977185,-0.2699078929528603,-1.1069951549164725,-0.1829990641845817,0.08273499911470059,-1.0801204728892881,-0.3932793526926228,0.2956574017607522,-0.9838760643220669,-0.5236022955580694,0.41300918453562335,-0.9391395134783217,-0.5928778533899477,-0.3829176735642536,-0.899029034112305,-0.21241669212949327,0.09909954773937202,-0.791745379355344,-0.38365471239444665,0.15939598179542902,-0.5988185456653793,-0.43047353982443615,0.08188721122579432,-0.539624753334619,-0.45332688920436237,-0.40764668896467016,-0.6188174566133987,-0.2626517764819223,0.08076818295940989,-0.507520931995202,-0.4023051026462101,0.10040659000349964,-0.3742080113637529,-0.3856713889132444,0.0024114088884861955,-0.3661926210356526,-0.36027591563780004,-0.378463337349372,-0.32457641259481973,-0.33046987546116885,0.018491133555567293,-0.27049586792057323,-0.4147151045591751,0.047642790150603735,-0.19660852293132247,-0.4058090194780046,-0.03518837208679578,-0.19506279775950938,-0.38352496764313704
G,0.0,0.0,0.0,0.18772879050331506,-0.34753784628262874,-0.1184288953816554,0.30750575913920736,-0.6074195374956458,-0.24687528919446722,0.4157591039043133,-0.757488085669945,-0.37536560654027185,0.5114156520102626,-0.869141992177062,-0.48501448101871025,-0.20452022613707005,-1.12523309417804,-0.18682348411934785,0.15175278131051925,-1.0604222658375548,-0.37531320471373947,0.3460203226242769,-0.947609287016711,-0.4778899099869738,0.4368079152881385,-0.90883899846341,-0.5315663109760322,-0.3214002930048971,-0.9222864808694456,-0.21468464980482405,0.15785195921732423,-0.7774943655713008,-0.3780785046696807,0.2104964233449367,-0.571716495597453,-0.41168832989950016,0.12296657277693734,-0.5365323823917395,-0.4242197151607207,-0.35598736815529175,-0.6489564762997244,-0.26119176422929724,0.12352289424949947,-0.509658399084048,-0.40590774367244054,0.1483010122335618,-0.3707438056018852,-0.3863166274988351,0.05627613402430064,-0.37413990098405303,-0.3565026887915665,-0.34179535395027827,-0.3619203559283963,-0.32336414242682965,0.05063688731251155,-0.29144618330673555,-0.4153005243898953,0.08572502571601293,-0.2122383036837841,-0.40667632110638813,0.011975661034451397,-0.21426353820059071,-0.38279352650042836
G,0.0,0.0,0.0,0.1894068567088827,-0.34458743818061216,-0.12364911465776908,0.30471373717051636,-0.6066536641623005,-0.24899964665023402,0.40396057089952436,-0.7624633688651358,-0.3730572646872766,0.4919885366294103,-0.8844309259638466,-0.4767469282718586,-0.2080146112283857,-1.1218494242216355,-0.17162851453953518,0.1376361858850373,-1.0697162913436358,-0.3551495856026813,0.33567723783746906,-0.9644896551648303,-0.45887036136924875,0.4340948241020719,-0.9216506449020652,-0.5128297177215152,-0.32570347320057796,-0.9255125600065406,-0.19324530735627204,0.1426383675933041,-0.7791737936858673,-0.349202897604007,0.19873311831078877,-0.5826833194897484,-0.3852019768016383,0.1182394346448199,-0.5442284571947529,-0.3996384913050116,-0.3624450091965312,-0.65950576568143,-0.23478004463677604,0.11112901755527932,-0.5183983638749364,-0.37172483158650227,0.13812905213431229,-0.38493880873063036,-0.3550090417112865,0.04901760209977015,-0.38222373177993674,-0.32801434651662065,-0.3491439866551595,-0.3796495324321609,-0.29291685317352245,0.04029715526259792,-0.2999121930978919,-0.381017259974005,0.07607144124434898,-0.22255170125075163,-0.3742404517269424,0.0015258317633805028,-0.22170561418949625,-0.3513090537057917
G,0.0,0.0,0.0,-0.21559259833764227,-0.41777830809178845,0.0726001130253339,-0.5895307015756047,-0.7405316579779172,-0.016969286898885504,-0.9979150245342318,-0.8054971637888843,-0.10199909372646046,-1.3011322570377875,-0.8261609535905136,-0.2016350484684172,-0.44790318142265534,-1.072268434686216,-0.3302524386201377,-1.0091359731830565,-1.1156922101193936,-0.442830258608409,-1.3162233153627974,-1.0874494467984652,-0.4691550562139956,-1.5463030864607632,-1.0849475153547725,-0.489330914866658,-0.4653059891749793,-0.7732500939996185,-0.4307837375847368,-1.1177158558085556,-0.7680793238519933,-0.4995105278607527,-1.0311786350240526,-0.585791853136744,-0.4000005398733047,-0.8556207140702747,-0.548346754476447,-0.3491086343259084,-0.5128150085167614,-0.44216123617843106,-0.506392359528944,-1.0735143680283565,-0.4234334447860891,-0.544505559015797,-0.9392571873194068,-0.2831172789114547,-0.38965965483582826,-0.7678484634329934,-0.2756922123381555,-0.3131016167974532,-0.5750638680165918,-0.11253365561429146,-0.5713437117719888,-1.0017115356572206,-0.09771245865100085,-0.5880245827190299,-0.890633495872808,-0.02487379479043787,-0.4809407846435434,-0.7527001617888311,-0.03138946841441631,-0.4215520466970848
G,0.0,0.0,0.0,-0.231732022151515,-0.4145846191972991,0.1022428262719235,-0.5901031541072814,-0.6876494287665645,0.006971645025457638,-0.9675690803438483,-0.7380639618491983,-0.08615555264115234,-1.269455146427107,-0.7791963032675541,-0.19233542839199264,-0.45577596369445106,-1.0447177645190855,-0.3498743297802428,-0.9932311023217406,-1.0722748749302295,-0.4423557966025127,-1.2884808639327316,-1.0552634855292917,-0.45015088453692237,-1.5097200005836244,-1.055514505596226,-0.45720606975151507,-0.46904610561130194,-0.7557116388071893,-0.4570510581786498,-1.084367627884482,-0.7148484089921234,-0.4768216638558711,-0.9823757693370848,-0.5598730191995938,-0.3336493054538533,-0.8095456778466765,-0.5405344003492731,-0.26538523601255615,-0.5219461690864301,-0.4377436360032627,-0.5357360324482223,-1.0619049296425696,-0.4215453378101258,-0.5232537974982229,-0.9230153826978753,-0.2900539957210397,-0.3375586448971764,-0.761202214505481,-0.28124423985841196,-0.257534048896521,-0.5861254831367287,-0.129365997738581,-0.6029276386981426,-1.0027188796264235,-0.11754811278554982,-0.5815387142560646,-0.8937749370630965,-0.05000171711670086,-0.45402206214574525,-0.7628181176390629,-0.04333930326810157,-0.39057419610580196
G,0.0,0.0,0.0,-0.20981343838159727,-0.4124804542602393,0.06959954130860475,-0.5739723226885103,-0.71287228828146,-0.020921995723067372,-0.9656408535990956,-0.7845575237782795,-0.1067889334870535,-1.2723812602494637,-0.8194718558247021,-0.20565320641565024,-0.45820165554298115,-1.0692707625550117,-0.32033103001836116,-1.0075289111119639,-1.090759491329923,-0.4334477193679242,-1.3087866303349707,-1.0768596233871515,-0.4681466236005257,-1.5369664768108522,-1.077481541415911,-0.49232921744766045,-0.4780900932291251,-0.7746727836728573,-0.41389846700937793,-1.0919883011800355,-0.7047445709559454,-0.465674447261876,-0.9786986278351409,-0.546212865386709,-0.35540381550885614,-0.8017646182317052,-0.5322921277114286,-0.3008610304690167,-0.5308550379308794,-0.4483559418373502,-0.4860201929616169,-1.070719956780416,-0.4167464362823433,-0.5138130418354322,-0.9291705786454866,-0.28306515600052,-0.3528595342443888,-0.7654767447402223,-0.2815794397432254,-0.27387244891175555,-0.5940644489639392,-0.12701360944261775,-0.5486103468568123,-1.0183820068057898,-0.12355779043650159,-0.5580113265626827,-0.9071108539891372,-0.04691181952236336,-0.4442817192565047,-0.7735270353581294,-0.04003482526609549,-0.3799442470070182
G,0.0,0.0,0.0,-0.22012387065652222,-0.4124598433254904,0.07040026204206505,-0.580077772250959,-0.6969210108487194,-0.031670692214993065,-0.9685128581049451,-0.7543051819311556,-0.12818858471081926,-1.2762351964004601,-0.8026073648802416,-0.23674398446826797,-0.45121419442789334,-1.0589010121089129,-0.3494466571313255,-0.995988746255207,-1.0797123163754616,-0.4489880559884424,-1.292591624623682,-1.0692568853367346,-0.4626763762325924,-1.510809319872651,-1.0712179571073102,-0.4725768474281834,-0.4657945030339246,-0.7652796989185389,-0.4442774621410921,-1.0736310192717364,-0.7099063268206403,-0.4772109378694382,-0.9666664380605317,-0.5543089438864394,-0.34574110093580973,-0.7931381040992782,-0.5415564463882038,-0.2811015122320445,-0.5182597118703814,-0.4427771093313322,-0.5154090885329305,-1.0586235321873447,-0.42069140305540575,-0.5241697106691888,-0.918840643888862,-0.28641758705965004,-0.35006586949728374,-0.7560571099307429,-0.28224277551242133,-0.27017550770859405,-0.5836775676566968,-0.12813803606093274,-0.5772977594896747,-1.005439604865515,-0.12259215941689491,-0.5764236046920521,-0.8947036124997636,-0.048889398282359796,-0.45842335546007823,-0.7602279929246856,-0.04171482615233711,-0.395889083631422
G,0.0,0.0,0.0,-0.22322952721149358,-0.40704403808137407,0.07858981652426679,-0.5752094255372213,-0.6889065801687163,-0.025677974050879435,-0.9612360477701318,-0.7516891921398232,-0.127590243177535,-1.2671891125251735,-0.8049904405570577,-0.24262485387013272,-0.44369087794118356,-1.0591459779666703,-0.3413558233643552,-0.9824042871704209,-1.0732679872682067,-0.4381850566415892,-1.2788267398648718,-1.060852438724467,-0.4487005362354948,-1.4957627183219608,-1.061010752153356,-0.45651637685277996,-0.45625417200507873,-0.7729559285535492,-0.44087556412425544,-1.0611780944751434,-0.7053777432407262,-0.46986492809619645,-0.9575034213650905,-0.5464238785623561,-0.3354684465390589,-0.7853630638107244,-0.5364808102579977,-0.26973972220536385,-0.5054407076859807,-0.4556410280964331,-0.5160933214407336,-1.0444968044411345,-0.4177958079064729,-0.5197199096547467,-0.9081748858231501,-0.28271064241345745,-0.3435349671855942,-0.7458743799111449,-0.2826657031510768,-0.2644480214589864,-0.569543795243478,-0.14492645355015563,-0.5816420578725309,-0.9880867440372931,-0.12417025998941153,-0.5768864989425235,-0.879160538494155,-0.04841477054020047,-0.4576024603275069,-0.7461185704236243,-0.04720613010448339,-0.39526123809786484
G,0.0,0.0,0.0,-0.20924438297371528,-0.40486860455139995,0.026514927184875272,-0.5742150707639282,-0.7320585208355955,-0.07859775484605407,-0.9992741140260163,-0.781314638861317,-0.17618525303076732,-1.3077333737338803,-0.8203843535528828,-0.28395827022225567,-0.42528668878160436,-1.1092655745364923,-0.31162529735194616,-0.996413662129774,-1.1197811834769098,-0.4405694264653261,-1.3066630624791382,-1.0867988902489836,-0.49241930945155815,-1.5371201928179439,-1.0833358904283863,-0.5327681676711793,-0.4443489615751317,-0.804403889624851,-0.3943201525455081,-1.074137627958871,-0.7311873470058445,-0.5003187766734465,-0.9539269588437013,-0.5701346401166871,-0.4419661658832974,-0.7706744118165234,-0.5628608836459554,-0.41416765564852714,-0.4945383004598647,-0.47562883943772527,-0.45916115848543343,-1.0605874790891006,-0.4212135947763367,-0.5415094097503397,-0.908579384424702,-0.28030961254779035,-0.4127889172056834,-0.7313571378629423,-0.29102718876081746,-0.3409442218265243,-0.5625489715529166,-0.14779476598826863,-0.5168815079512354,-0.9980428158845442,-0.12953721801004783,-0.5732729819373198,-0.8756030653195254,-0.04279358453890138,-0.48446586550658016,-0.7339325088139339,-0.05515918015748737,-0.4271338602218038
G,0.0,0.0,0.0,-0.18966417579123257,-0.40307809016154506,-0.015273105495298896,-0.5421346376798697,-0.757468994451493,-0.11836376602054813,-0.9633270283137002,-0.8411780624556628,-0.21340381647354897,-1.2643941836929866,-0.8997737341439662,-0.31320818046823684,-0.37945001621325647,-1.1499288884500487,-0.26830585241433547,-0.9593057587980649,-1.1610989055296048,-0.4144747114743385,-1.2849652225693249,-1.1247709240142223,-0.4891962273254311,-1.52614000631512,-1.106317398894279,-0.5468638893689743,-0.3977491370882199,-0.8533814896153347,-0.33695052623120963,-1.0281679398259762,-0.7461024340751464,-0.4885899107929891,-0.8983074218749495,-0.5969255437528175,-0.47643754687028567,-0.7140632364068182,-0.5981269819818821,-0.47263753377957035,-0.44835401945800235,-0.5257703223917967,-0.3964646233062486,-1.0264000006597893,-0.4465015909648769,-0.5293006177258154,-0.8730535620530478,-0.3068012347752813,-0.42903985294817193,-0.692659132766867,-0.3194408380852729,-0.3609391847851227,-0.5206781506572165,-0.19166255959664416,-0.4534538624573907,-0.964925143932741,-0.16061463295662123,-0.5560671005290619,-0.8474131635604029,-0.06248027971761578,-0.49425312476601446,-0.7059560630404396,-0.07551508185436194,-0.44417756802950137
G,0.0,0.0,0.0,-0.20348920510692534,-0.4060750617115841,-0.027165609883926453,-0.5544871107201269,-0.7730584623074287,-0.13722895755246503,-0.9753532793300048,-0.8746489973457344,-0.2371493637210786,-1.2788325102548572,-0.9240957050248432,-0.34185987018185027,-0.35199277730782796,-1.156162453623158,-0.2820075332183102,-0.9314279844674269,-1.1673470463878932,-0.43322578962995334,-1.255282070948825,-1.1376001325412732,-0.5132645413174783,-1.4983047085715138,-1.120991487622495,-0.5756630316019551,-0.36361684818075096,-0.8642743535612222,-0.3475811121097179,-1.0002000539665454,-0.7610205564986646,-0.5009019262328591,-0.8732521741365985,-0.608243330721034,-0.4891390590835955,-0.6933951329174936,-0.6074621521292979,-0.48895674238264186,-0.41294180291148125,-0.5396124029103609,-0.40560196888081645,-1.0018587294071255,-0.4645187702250603,-0.5419304807850879,-0.8524261655316094,-0.32664126998631443,-0.4436680855236245,-0.6737791484775529,-0.3398679348903759,-0.37930572956345227,-0.48655271818433793,-0.21131099811593468,-0.4621667677570633,-0.9386318395672006,-0.18195019122204897,-0.5702157338079389,-0.8286401426097081,-0.0847112816828917,-0.51224585065992,-0.6884670572432315,-0.09711090215849914,-0.46643807592168646
G,0.0,0.0,0.0,-0.2228691013421242,-0.4178669050906278,-0.028647806413943412,-0.5790758898693874,-0.786000390048229,-0.14373901253387256,-1.007054623011163,-0.8906856308262439,-0.2502699867995672,-1.3180455970134173,-0.9376193240505452,-0.3628687536687351,-0.3444027155109926,-1.165190280004247,-0.28183165277994005,-0.9284178597586118,-1.1674300406057299,-0.43318101406353243,-1.2526839692359981,-1.1380940628299185,-0.5128009356489647,-1.4940252625579895,-1.1163312317751113,-0.5753841805248852,-0.3428805948387651,-0.8723657764665831,-0.3484405971365424,-0.9839562220923894,-0.7622269325871669,-0.5002140397794079,-0.8614596165386446,-0.6037667211312531,-0.48678635742909643,-0.6860775831964205,-0.6026645751894574,-0.4880081972153401,-0.3857201098925321,-0.5442975041332201,-0.4084882733500399,-0.9922682481223895,-0.4676520112019387,-0.5475253336021468,-0.8444589055275846,-0.3281392097691459,-0.45009715990870514,-0.6624024755725797,-0.34283769756933885,-0.38752652264489656,-0.4581654370095503,-0.2113640536820005,-0.46691315109251613,-0.9236891158830279,-0.1840633943992356,-0.5809125399653231,-0.8152171971170246,-0.08642251302593153,-0.5256159717526286,-0.6696778524672738,-0.09707652071163272,-0.4820492433546002
G,0.0,0.0,0.0,-0.21384706520658484,-0.4201677679290365,-0.029564022847369392,-0.5628178109747431,-0.789957714839947,-0.14742084849361042,-0.9889826637648403,-0.8962179589461852,-0.2565473340505014,-1.2977196428689055,-0.9336965918025202,-0.3706404309164215,-0.33722208301900536,-1.166156967507984,-0.28708430970490567,-0.9276885955204386,-1.1681267937547721,-0.44374160096294335,-1.257410335597745,-1.1274968585736151,-0.5259431584346073,-1.5012510086753992,-1.0863058245499644,-0.5888671201939946,-0.33688256995724203,-0.8724109169589037,-0.35413179189382127,-0.9818084044436484,-0.7626061397010547,-0.5081639421387625,-0.8562981054714603,-0.6063562693630086,-0.4954806217534171,-0.6786324730298502,-0.6060050055401458,-0.49763169299841187,-0.3805311917308139,-0.543349317853357,-0.41486064328346883,-0.9917168140706353,-0.4701443843896275,-0.5548791453479801,-0.8397622665844404,-0.3286543093324424,-0.4559641761039334,-0.6553735201138455,-0.34111494230320405,-0.3929229165685722,-0.4547385070833218,-0.2067743660348944,-0.47440148748009664,-0.9228749801700981,-0.17989072298977976,-0.5907369075951736,-0.8125663890301146,-0.08122587708913352,-0.5363043920339584,-0.6671351926342156,-0.09164397597880473,-0.49324698042819753
G,0.0,0.0,0.0,-0.21092784673608497,-0.41263310415308024,-0.03442507848578,-0.5638639201597916,-0.784341766829038,-0.15087885961305492,-0.9910055249790419,-0.8950719108226491,-0.2581548137728681,-1.3013614605125592,-0.9439421868570141,-0.36996192502149944,-0.3387662950626894,-1.1672451283737837,-0.276902056458067,-0.9271049441584476,-1.1734751469746205,-0.4357655931286209,-1.2590343693413713,-1.1350555119068153,-0.5230438783260687,-1.5053625722675112,-1.096392989694406,-0.5895470907362566,-0.3433957093755402,-0.874993240202044,-0.34127147021571785,-0.9858767204525334,-0.7633194079061978,-0.4994584787324193,-0.8592410819442271,-0.6094343245348651,-0.49262993551414375,-0.6801191968192739,-0.6099955100979478,-0.49731753171954635,-0.39044522209735766,-0.5473930505667985,-0.40070762506953195,-0.9937492384935088,-0.468163871476649,-0.5440912172333798,-0.842455370282808,-0.3303330104101528,-0.44925368499517676,-0.6602277975287905,-0.34741869136098363,-0.38731424243131085,-0.4663919160163592,-0.21391999850281623,-0.45952365311807886,-0.9289265453740381,-0.18382775809048224,-0.5776205359283045,-0.8161594590827725,-0.08612574956173268,-0.5254719118690666,-0.6704833118241998,-0.10117972510892825,-0.4830369406810858
G,0.0,0.0,0.0,-0.21571541235238742,-0.41348034743214257,-0.025311971356928507,-0.5781909668232059,-0.7832137477266508,-0.13781200663915943,-1.0090844093233002,-0.8927770582916132,-0.2429433742932373,-1.3147053513469813,-0.94250657743598,-0.3538606809200622,-0.36611658441257117,-1.1590603485084758,-0.27115278052896935,-0.9614489815449199,-1.1672387534132271,-0.42757733272081605,-1.2989122618423097,-1.1295559414311778,-0.5138235391529744,-1.549255054155272,-1.0973149207866448,-0.5802988329931366,-0.371626769848865,-0.8639347145866431,-0.3398681404071207,-1.0197368964099167,-0.7587705039588898,-0.4953783728863891,-0.8936360202029683,-0.6002028216198292,-0.4860205414847841,-0.7114362650999708,-0.6003079616163971,-0.48845070913272937,-0.4179584616698028,-0.5303393117387526,-0.4024991601960031,-1.0263222710636386,-0.45266889160746476,-0.5426557936663547,-0.8762137917615773,-0.3088265436968191,-0.4452041593474475,-0.6915331575476434,-0.324841383012434,-0.3813852965518851,-0.49292858932357914,-0.19086626447666416,-0.46388517374269767,-0.9632663104552942,-0.15543790890587164,-0.5790004071365309,-0.8535736458339481,-0.05809505200260557,-0.5247456731600818,-0.7082841892432674,-0.07522182643343893,-0.480889603450252
G,0.0,0.0,0.0,-0.2029719075794811,-0.43267615245877833,-0.02197084333832296,-0.5725086286435708,-0.7996760126367191,-0.13423177308153073,-1.0219735278097846,-0.8810950556132526,-0.23729017095883403,-1.3406174248462188,-0.9207088131515525,-0.3466374487115186,-0.37918474660848245,-1.162572734501416,-0.2881887541583803,-0.9859011176663101,-1.1754808859905634,-0.44136093940146864,-1.3277281808270531,-1.1398485635104534,-0.5224723013363193,-1.586810287512899,-1.113828190252702,-0.5859168058457969,-0.3971990016288618,-0.8447144754418026,-0.3587344534389132,-1.0549155563714814,-0.7472931930436189,-0.5128401406805316,-0.9167923589384719,-0.6052087719858482,-0.5001557275861662,-0.7265797336879385,-0.6068408995670166,-0.5000166924836293,-0.45036159136327114,-0.5018883589534122,-0.420020355125494,-1.0591942950955884,-0.4423932880658624,-0.5544204380923465,-0.8995839533283418,-0.31325179085582594,-0.44863091594119564,-0.712956792902591,-0.3214995769853761,-0.38029369608540753,-0.5273171674607053,-0.15631283553701109,-0.4795958099263707,-0.9984808876940533,-0.1404644638021077,-0.5865791106132551,-0.8766567986941286,-0.05729267662555772,-0.5219040992642866,-0.7279289012011066,-0.06930978642591813,-0.47168058880761715
G,0.0,0.0,0.0,-0.1900637132309787,-0.4039099896531555,-0.006512828857466425,-0.5553183478211211,-0.7619235232732896,-0.10381458712692482,-0.9919901910033871,-0.8293734419064521,-0.1947163790122796,-1.3036724003915152,-0.8847048052295932,-0.2914617591131371,-0.4017069854321311,-1.14748862041227,-0.25645810440304617,-0.9978520346457748,-1.1624364928240964,-0.3911604809186642,-1.3299428888273714,-1.1227035929738798,-0.4573279608265502,-1.5731644800052575,-1.104466401462257,-0.5100343929623623,-0.42705041101781555,-0.8426988473781418,-0.32785148936228137,-1.0632127463436287,-0.7461606740596276,-0.472591128725491,-0.9344382832760852,-0.5956849402633161,-0.46000182270769,-0.745538639272295,-0.5917264203959235,-0.4548805170411433,-0.4828530063342487,-0.5080852014902862,-0.38810787407696007,-1.0646454798393488,-0.4341723670852983,-0.5117947214638595,-0.9111628880631422,-0.2920607337890833,-0.41191674754286306,-0.727070109857474,-0.2995796969285363,-0.34496033372700613,-0.5597222172164459,-0.16391108626961365,-0.4451101002723679,-1.004329923744668,-0.13625706241268884,-0.5421274735332212,-0.8838720743399487,-0.04295098869410448,-0.48093276923498574,-0.7386427804435366,-0.05681928422433964,-0.4315188647690559
G,0.0,0.0,0.0,-0.19592000883028182,-0.39990383389766543,-0.008886970730845576,-0.5556520593476696,-0.7472495739880488,-0.10637212750639558,-0.9864327208530966,-0.8085210293683952,-0.1986272963660646,-1.2914079729318204,-0.8641763866246447,-0.29589618285551444,-0.4184663117540443,-1.1423674953859437,-0.23811819669680268,-0.9979953875353765,-1.1364246198243102,-0.371497572746864,-1.3217741118738806,-1.0977062943717264,-0.4402076200484828,-1.5634632206832282,-1.0813870481336976,-0.49512097516229847,-0.43914667037446464,-0.8435637681123608,-0.30911223047154984,-1.0567781852981122,-0.7225913305128874,-0.45600749907891874,-0.9208197787291647,-0.5788217086708234,-0.4485160973069886,-0.7352228559107782,-0.5803134682484449,-0.4452538624264459,-0.4882149879566616,-0.5124670018113786,-0.37068732930390497,-1.055658046687557,-0.414715915486752,-0.49836026070714073,-0.8987563401438651,-0.27956194908047144,-0.403950676796137,-0.7186959577524806,-0.29334379014643613,-0.33817442508907697,-0.557737019685327,-0.16971429428669504,-0.42950294197883754,-0.9952790303019428,-0.12634838543366603,-0.5288360288896272,-0.872796895713036,-0.03671534963832518,-0.4705258291710398,-0.7305084820298807,-0.05562771253922183,-0.4214785089120814
G,0.0,0.0,0.0,-0.19381063886367508,-0.3853120352857925,-0.01467361353666122,-0.5484907370332874,-0.7268121574707899,-0.11083125021826017,-0.972423373191844,-0.7916644992265883,-0.20226648333704003,-1.2750786281668092,-0.8454504927756646,-0.2981079290251045,-0.41602106395540855,-1.1306267839626472,-0.22074902867794008,-0.974897311224833,-1.115526733592322,-0.3518450446741581,-1.2918272834686326,-1.0815204950597088,-0.4211312071541566,-1.525767992311519,-1.0684013265838201,-0.47682601539347125,-0.4303345331281094,-0.8553825232857081,-0.28832781422330245,-1.0378279295777357,-0.7140036226072752,-0.4340914258328708,-0.9082761924101211,-0.5703804095389753,-0.4299625186926818,-0.7283440944363934,-0.5769047460345733,-0.42833929316630837,-0.4707911085101081,-0.539695085491405,-0.3487664068859594,-1.0273154450182924,-0.4121685475550949,-0.47686646784631026,-0.8767226608142298,-0.28030921696310845,-0.3901937896043079,-0.7032852170267557,-0.30471405293143017,-0.3291548773883409,-0.5321712384540669,-0.2080971053799585,-0.40733127800536323,-0.9654105153549543,-0.13729881990647957,-0.5078404214331818,-0.8490245313987271,-0.04911020531875454,-0.45660494215265973,-0.709875926464082,-0.07710206592047686,-0.41245139906957623
G,0.0,0.0,0.0,-0.191675464437331,-0.37281150205196134,-0.014192470783320926,-0.533619851310089,-0.7136167876099626,-0.1041196657131756,-0.9405800845381131,-0.7914673987529456,-0.1904867876611231,-1.2275766309038936,-0.8287993173707707,-0.28015888744415907,-0.40720690236002843,-1.120172148724713,-0.19320783161753544,-0.9470974894717666,-1.0998849077299202,-0.31943033675521004,-1.2483490409911182,-1.0737947654423203,-0.38998229121446754,-1.4743726839398401,-1.0651187067314976,-0.44697484049872327,-0.4234838771029213,-0.8684046566640159,-0.2579433234610478,-1.0080538552975842,-0.7144247386037249,-0.39830971558464023,-0.8773566739756673,-0.5674336464514996,-0.39565286687133583,-0.7029341014125357,-0.5775169944025056,-0.39455829750407734,-0.4637447426031893,-0.5733287996086995,-0.3176891326268217,-0.9989063756123493,-0.4309126427876152,-0.4413834908625442,-0.852421971345978,-0.29483436837358024,-0.35983779903566565,-0.6862335252361684,-0.324354367234947,-0.3023080270961863,-0.5222077178652729,-0.2586258104716199,-0.37670703871788236,-0.9356339500204423,-0.1717502572170552,-0.4732908304932109,-0.8203605631318521,-0.07519582962858379,-0.4257807218348531,-0.6826912927411977,-0.10521873066214686,-0.3847169861670474
G,0.0,0.0,0.0,-0.19632446574838666,-0.34792743737579535,-0.0059970243793611685,-0.5276246285633849,-0.6758794180353169,-0.08838744174674926,-0.9164465102180058,-0.7583760033733173,-0.16928233896243153,-1.1972696212914737,-0.7855126821427095,-0.25334351404104044,-0.4114191438200081,-1.0996633107987646,-0.1721438093216758,-0.9387374994297857,-1.0717049098673117,-0.29520690651338993,-1.2326844260235814,-1.0397351894068794,-0.366871858919051,-1.450757579381649,-1.0253290747987043,-0.4242656154009127,-0.4174138434100543,-0.8773231564243984,-0.23679054569635433,-0.990240390441594,-0.7079242473649313,-0.3712675519777205,-0.8669112380796898,-0.5501497005980297,-0.3707091973142033,-0.6973169681273246,-0.5550070651094009,-0.37142389906680784,-0.44701607783075376,-0.6021164764391898,-0.2970907819164827,-0.9708576322111446,-0.4321591154249242,-0.41353156562374105,-0.830996356161578,-0.287898911381584,-0.33759229103286187,-0.6708763111845227,-0.3192521942835489,-0.2857779706295362,-0.4949320338827168,-0.30417846690292993,-0.356793941543127,-0.8958324335311227,-0.18335164629667344,-0.4498700051350959,-0.7851733301534521,-0.0777104380445583,-0.40855000879176007,-0.6516733472419598,-0.11086886338020466,-0.3727440931087309
G,0.0,0.0,0.0,-0.21666706634713367,-0.3218482043321828,-0.00842984999751003,-0.5395028358545564,-0.6225403885476205,-0.089571266666339,-0.8980547319735456,-0.718376846014657,-0.17043987488252313,-1.1665845592009834,-0.7619985652072472,-0.2538755268741313,-0.4212992855720401,-1.0860979974189326,-0.15330269377305358,-0.9196185124545824,-1.035867874478106,-0.2763808562755708,-1.2026838415671124,-0.9983785255729982,-0.3536282024046203,-1.4118598372696536,-0.9789802324803083,-0.41521532486070567,-0.40459144081573745,-0.888693335346633,-0.2157079547191583,-0.9558507724061184,-0.6880588956491098,-0.3462278495195638,-0.8441728905238559,-0.5273847838307255,-0.3505596929704562,-0.6872251562400399,-0.5332203962298704,-0.35717096099577955,-0.41574878613143734,-0.6271844616786554,-0.2765391428011382,-0.9231360325386243,-0.4310094666284735,-0.3895252245485951,-0.7958693460891195,-0.2878063181108955,-0.3190378775542534,-0.6475967088600734,-0.3237397541381624,-0.2728251380044778,-0.44488515176563537,-0.34437569666452345,-0.33787113329736884,-0.842797661879294,-0.20218415446756965,-0.42989549621636247,-0.745364909923029,-0.09848173474510397,-0.3933390094896729,-0.6194625584740838,-0.1346152006148263,-0.36179195556635274
G,0.0,0.0,0.0,-0.22730934181120896,-0.31656532994822795,-0.009225249919499447,-0.5551166296413207,-0.6104655972932959,-0.09128481933406174,-0.9112326023704583,-0.7055433604029387,-0.17305812019247635,-1.1807255787293665,-0.7475937547133987,-0.2576131092499257,-0.4310647289871151,-1.0875951441431926,-0.1517782905578808,-0.9261637428884818,-1.0167040396605735,-0.27440598734548116,-1.2056635850425068,-0.9740780175836145,-0.3524496083485285,-1.4105982980261105,-0.9520363022139424,-0.4145132664113106,-0.4046401209259026,-0.8891508400755487,-0.2137221470274361,-0.9563142120781076,-0.6791219336395254,-0.34288442832580424,-0.8508339794352532,-0.5158777540447372,-0.34742259642022266,-0.6975575543861676,-0.5210978894629739,-0.35461408383869186,-0.40836336216201075,-0.6265371395047674,-0.27441599907679054,-0.9174211622658189,-0.4251926146551973,-0.3884747883704818,-0.7962956813165922,-0.28225297469652705,-0.31960916473447376,-0.650376662401344,-0.31926288334682557,-0.2738590146510707,-0.4300246317419257,-0.3454885667280027,-0.33532454194380307,-0.8323424052743773,-0.20377166793523172,-0.42777614372016665,-0.7398605811689208,-0.10055502224412455,-0.39113135916801856,-0.6148191097639845,-0.13693110409171408,-0.35912188925264393
G,0.0,0.0,0.0,-0.24025378429682623,-0.30625630911785523,-0.0157591447412058,-0.5708376640032204,-0.5904704435438987,-0.10176692686136381,-0.9219299746116062,-0.6866531543647616,-0.18621529784791896,-1.189493847708005,-0.7358773101927079,-0.27237761071247035,-0.4397073319931505,-1.0823325342255394,-0.15950088167145357,-0.9334876762007909,-1.0042475519344791,-0.2870177628937342,-1.2120146520519912,-0.9568768488173529,-0.3681169168199576,-1.4157189091290399,-0.9301612654792308,-0.4314709184096308,-0.406062076466942,-0.8871857196694605,-0.21912345577307948,-0.9560551670110448,-0.6673458728669004,-0.35236494978776617,-0.8494901330757479,-0.5065339663167335,-0.3588083590864434,-0.6974868422350697,-0.5143274315037015,-0.36724418336278597,-0.4045206760966539,-0.6255263773348462,-0.27826068904300494,-0.9142218522849753,-0.41256942288117254,-0.396148965133891,-0.7922764289025102,-0.27277763090328916,-0.3280004735476427,-0.6473635050668112,-0.3123447845567337,-0.2820095889410528,-0.4218962583662305,-0.3451155091968192,-0.33804478664629983,-0.8295591203885528,-0.19992153283418979,-0.4332677871233347,-0.7389929782055364,-0.09902106122406246,-0.3968417456068345,-0.6157459361435331,-0.1362413795911718,-0.36435349743090056
G,0.0,0.0,0.0,-0.24512274096115766,-0.3023328961245468,-0.011654633744584364,-0.5694545989541211,-0.581547619297827,-0.09679665816643662,-0.9115183803900607,-0.6730377693601935,-0.18068159231265243,-1.1736235796829395,-0.7187909706764668,-0.2654000420600137,-0.444043118666522,-1.0761925611548901,-0.15890078195263915,-0.9369639952664225,-0.9883607168894037,-0.28449464193401947,-1.2157816386000777,-0.9380265070419401,-0.3638641607522039,-1.4223444180559925,-0.9049214990916578,-0.4265967037851781,-0.4051979984299392,-0.887418404449284,-0.21977979323190322,-0.9526673024496587,-0.6667877326844955,-0.35000882158771573,-0.8405663077628855,-0.512617514151682,-0.35544339017183957,-0.6897398708563097,-0.5222392203865401,-0.36441328523274585,-0.40173361534543395,-0.6309753789811605,-0.27939267388765593,-0.9144977720053309,-0.4175421948582451,-0.39369646898474886,-0.7886807162164219,-0.2794012583537551,-0.3228161939332269,-0.6448040999447715,-0.3174965441024879,-0.27636877239268826,-0.41826765049082515,-0.35299788271283294,-0.33948105765135966,-0.8281707679878747,-0.20506144828553727,-0.43220688785418726,-0.736182328898853,-0.10215811550256236,-0.39328964683743073,-0.6153828847764243,-0.13652768422582734,-0.3596755225090524
G,0.0,0.0,0.0,-0.249317142601334,-0.3063585683434746,-0.011894709765052806,-0.5792212479879625,-0.5863133820503146,-0.09989474993679812,-0.923602126441176,-0.6816562935049514,-0.1868259574676584,-1.1892484499878675,-0.734584507349174,-0.27539413974782595,-0.43910804849221996,-1.08298695849383,-0.164349475076409,-0.930332702179798,-1.000384858814628,-0.2921803596648724,-1.2085904318345986,-0.952786436757925,-0.37175102976562696,-1.410120042380412,-0.9232808338293822,-0.43362228137208003,-0.3957462272851838,-0.8900070082176019,-0.22643420437976486,-0.9494195752860785,-0.6759587415484151,-0.3564062991946806,-0.8483046897314649,-0.5124397779406074,-0.35860716747019694,-0.7000309726166647,-0.5183424536158803,-0.3653235113623588,-0.38807519261950163,-0.6293306768669453,-0.2873979964299743,-0.9071537219625456,-0.42448280139817385,-0.40226163246639657,-0.7897962961668784,-0.2842037256822254,-0.3294067045862461,-0.6457957430194805,-0.32066668824420297,-0.28161410460491293,-0.4014604409156247,-0.35052699969720386,-0.3485466173544562,-0.8174754093760559,-0.21163713732547976,-0.44150737226500897,-0.7320776659453705,-0.11111892482636124,-0.401287294802397,-0.6097869036362585,-0.14528905592935445,-0.36690162643447666
G,0.0,0.0,0.0,-0.23705241685761905,-0.3207242535910675,-0.0077458803639741825,-0.5724530062804323,-0.6156815888538508,-0.0937569702343857,-0.9295353406394694,-0.7089399232248809,-0.17966674972001018,-1.1994927375107909,-0.7570247927770127,-0.26849631280010267,-0.43908417656076687,-1.0922134386994007,-0.16753990113814274,-0.9416585840210582,-1.0224781084245385,-0.2987396685689379,-1.226633906514704,-0.9727270022041704,-0.38099831376641763,-1.4324498347449466,-0.9413097603432751,-0.4448870895749308,-0.40815470537992804,-0.8826481021792789,-0.2331138438521862,-0.9659024402797977,-0.6791703166079822,-0.3670209640291038,-0.8605586290551802,-0.5163586265012403,-0.3710958972431735,-0.7056805403331475,-0.5257027419441868,-0.379273266534677,-0.40819153244205864,-0.6103439195630016,-0.2968603610412318,-0.9282941183311285,-0.4207587673941302,-0.4145046223972948,-0.8064566684945241,-0.27753813487500356,-0.34095940571712796,-0.6560673477025951,-0.31566015676175996,-0.29284146696634816,-0.4270248168583843,-0.3216268923996158,-0.3605223497885632,-0.8402485042901474,-0.1929523857425587,-0.4562011710021038,-0.7502566927514679,-0.09123059123575668,-0.4164126775806436,-0.6233690501804421,-0.12758472624706954,-0.382364978255141
G,0.0,0.0,0.0,-0.20723693652105485,-0.3824793993375192,-0.006342902739632815,-0.549010631953141,-0.7191607839997542,-0.10064232138477601,-0.9501507759502431,-0.8049863322836335,-0.19202825772041723,-1.2314080294136005,-0.8501077856070306,-0.28759621908012795,-0.416347087201288,-1.1229265250387366,-0.21603964937354303,-0.9729599840478087,-1.0969527233407126,-0.35384716711203257,-1.2848990132538758,-1.0547382313074982,-0.4312039582271349,-1.5180679189042292,-1.0289429219399735,-0.4905615073153908,-0.4272066611479263,-0.8578357493247056,-0.2856786583757383,-1.017059153972977,-0.7022288506899991,-0.4273002555398201,-0.8850946958023247,-0.5579165444930521,-0.42057026506775524,-0.7101098652961361,-0.5699912741139179,-0.4199417458065139,-0.4641448193325212,-0.5503253410962105,-0.34879352130053465,-1.0107054303615577,-0.41800952957188786,-0.47144749269539904,-0.8635855152251509,-0.2848705415870203,-0.3830473056730089,-0.6945738928494748,-0.31470983352977333,-0.32364983463815683,-0.5196558335587518,-0.22807096357317377,-0.410341749498609,-0.9432942570416426,-0.15236628238531427,-0.5056943887723019,-0.8304235508405057,-0.06020591559318969,-0.4522143155899753,-0.6940192090776245,-0.0878618692374631,-0.4080361816633846
G,0.0,0.0,0.0,-0.20641487353185453,-0.423432607284299,0.001559199499138065,-0.5915949859242943,-0.7875341589115703,-0.10172427964900026,-1.043766981963359,-0.8477305947527842,-0.19484879225441087,-1.3631899181434817,-0.8870689377995252,-0.297025579231643,-0.43593288082748793,-1.1396419057393565,-0.3138682146631968,-1.052382592503212,-1.1627568657869964,-0.45153369941884486,-1.3895909576342576,-1.1132205771193877,-0.5145491307396889,-1.6397706763134592,-1.0840353700124628,-0.5640010079500136,-0.4586133063167445,-0.7993895202412683,-0.3881368704434796,-1.119026414511062,-0.7469951768078827,-0.5187889077529096,-0.9923775471641175,-0.6135020375478437,-0.4889872149129673,-0.799709372395604,-0.6113220953887826,-0.47840198562015207,-0.5084638052418011,-0.444678037999728,-0.44565137092513296,-1.112351616500638,-0.421193208211881,-0.5524404899817156,-0.9552273921257354,-0.2984066532767551,-0.4379499104281412,-0.7640031089684495,-0.30227265462115416,-0.3683660634026146,-0.5757143481611318,-0.08997198065904137,-0.4983643730346664,-1.0477835785554575,-0.10765650645408482,-0.5812606555101933,-0.9244699402533837,-0.041979618774402955,-0.5061246937059211,-0.7711652800715724,-0.05380763860379825,-0.4516826400717839
G,0.0,0.0,0.0,-0.20592409375650841,-0.5105527192581941,-0.008569211905012317,-0.631123887786626,-0.9286128752388871,-0.12199865589034681,-1.0970845067444714,-0.9930160918281953,-0.21479896744850363,-1.4348822022651453,-0.9360786623833686,-0.32061875540113793,-0.47365588226202254,-1.1391445573337953,-0.43745025592814657,-1.1867960142653207,-1.1733448053299689,-0.5950743479629687,-1.5608524077593526,-1.1371219935220098,-0.6582720213122585,-1.8531029915576251,-1.1072878956494072,-0.7036570960123215,-0.502476623178352,-0.6938760966439961,-0.51580345643023,-1.275362582223433,-0.7495328538188617,-0.6685088551468521,-1.1414266245048965,-0.6789850468683413,-0.6308432119848064,-0.9164574742350935,-0.6679135545337483,-0.6087373340988905,-0.5652837598399045,-0.2635519046690152,-0.5683685716312384,-1.2719634055770475,-0.369708796762096,-0.690129293305582,-1.0996839345619602,-0.3069104485492127,-0.5537115753322944,-0.874626411558317,-0.3004145643648066,-0.46191143805740686,-0.6417305688360482,0.14207479355693378,-0.6149364860789241,-1.1982493158698753,0.0027915530703402315,-0.7064991826625096,-1.0586745918357534,-0.002708062807982876,-0.6096100148455629,-0.8715265304138324,-0.007652785802275958,-0.5373059218717547
G,0.0,0.0,0.0,-0.19896580321254367,-0.5575365236689748,-0.02173305507606016,-0.6525401895755104,-0.974804949401064,-0.14004713325912008,-1.1300829468674607,-1.0129178359040605,-0.22785048124539128,-1.4680704134408427,-0.9230790881623019,-0.32922424223016516,-0.5098556412625879,-1.0998083316165996,-0.5051802672067448,-1.2658512047247172,-1.1424322732414454,-0.6554189288997367,-1.6596238561906806,-1.131420405855946,-0.6955485016866093,-1.9773801690437387,-1.1089882348961861,-0.7206726740016056,-0.5470452428944382,-0.6090626006672573,-0.5742684482844258,-1.3698756768002747,-0.7181189752905618,-0.7376243407248128,-1.2294132717365516,-0.7000455435304054,-0.6856016068858862,-0.981448688249287,-0.6742454693104443,-0.6416417059584333,-0.6159426378469093,-0.1501681112529792,-0.6116733526454093,-1.3690102928447765,-0.32758694939634775,-0.7288565250430826,-1.201980235206351,-0.31711992441079884,-0.5778202260740503,-0.9686906648716056,-0.2976970361751309,-0.4696590009107408,-0.6913207623130083,0.26654816926096964,-0.6428710571562152,-1.2865781676371455,0.0622781727081711,-0.7187886121123562,-1.1433735543431311,0.014075138801209305,-0.604677513634461,-0.942530926855794,0.023454043876469405,-0.5190621747427251
G,0.0,0.0,0.0,-0.1926535733543407,-0.6058031839730438,-0.051308234457442384,-0.6808145341807701,-0.987198167443554,-0.18214530459632966,-1.1753113275025269,-0.9746467659400792,-0.2705494173972341,-1.519348098637268,-0.8446872684335462,-0.3718185400772041,-0.5383089683630985,-1.0252678276369633,-0.5904629596273651,-1.32487803997324,-1.06708965529846,-0.740708587482468,-1.7194809409238032,-1.0882650954690802,-0.7626290746224464,-2.0410887050293156,-1.077688308428059,-0.7711819151719048,-0.5781356487716472,-0.5049994489893057,-0.6408858932289618,-1.424041818313617,-0.6654701398508619,-0.7989619140666896,-1.280488280201895,-0.7106252127224422,-0.7181210513110476,-1.0235276069776829,-0.6841211134291733,-0.6532848320965274,-0.6472202223362278,-0.0387160431045488,-0.658739487888117,-1.415490044402626,-0.27970913847437545,-0.7594221594058248,-1.2388435145259582,-0.3213160384847258,-0.5877238987084308,-1.0101306278293138,-0.3006187190070397,-0.4695032908529626,-0.7197980368809761,0.3598470198152107,-0.6733843007133329,-1.3300491032623558,0.11642838857091024,-0.7244941494878238,-1.181782623083192,0.032520473567661794,-0.5950087727799731,-0.9879018821723069,0.051730899022033684,-0.505933727716957
G,0.0,0.0,0.0,-0.17208818086745195,-0.6453968219997473,-0.05988491455887907,-0.6317483748172762,-1.0097646123468544,-0.17587543051279125,-1.086633095238035,-0.9695662751780121,-0.24022127150716888,-1.3918024946720984,-0.7752186237100361,-0.3144930217671837,-0.590285169728429,-0.9192180225772161,-0.6239552356731642,-1.3641386599975138,-0.9874754820503436,-0.7866527105833697,-1.7600756533075954,-1.0151844624568729,-0.8160690920730346,-2.082840864242236,-0.9920632858216164,-0.8226449485197787,-0.6378047272526757,-0.41298396919730934,-0.6501148906771601,-1.4333460171677772,-0.6052583291732501,-0.783956106144036,-1.286985129054637,-0.6850051149510817,-0.6820633046647097,-1.0394757534700876,-0.6593452783195012,-0.6058484506047788,-0.7058382953923805,0.03998573226840579,-0.6453817412717925,-1.4396401721214427,-0.23767679265213618,-0.7241156353079147,-1.2617812118206593,-0.3150455532473069,-0.5519732533146107,-1.0405319536174418,-0.2886875326217,-0.43604547713243613,-0.7563757926020838,0.41087393117927273,-0.637877641330735,-1.349600159460252,0.14678504801327052,-0.664541511166507,-1.21897255892979,0.033041688754887145,-0.531673061547323,-1.040217508344944,0.06773172167612208,-0.4428059192535407
G,0.0,0.0,0.0,-0.18509003038973865,-0.6378113950567268,-0.05986038745505919,-0.6148311386192276,-0.9583113595239903,-0.1715313446556658,-1.030138732337737,-0.9139879802462909,-0.2219546494235753,-1.3242238891458447,-0.7397493027395615,-0.2796435110993986,-0.5782332009433555,-0.8474994322965965,-0.6833214114569933,-1.313810645936794,-0.9001267666877371,-0.8594305041585424,-1.6813178152510997,-0.9333008387437565,-0.8960764649169399,-1.98594891553252,-0.9114656812158436,-0.9020152987473976,-0.61578936374843,-0.37914875972606593,-0.6906878292633291,-1.3666839976717908,-0.5514970797229812,-0.7912191514203422,-1.2359493871370086,-0.6566297338428042,-0.651062759997369,-1.0106978951209924,-0.6455027918342022,-0.5592656126775865,-0.68195013707535,0.0514964001165035,-0.6685240894799473,-1.3671750383500336,-0.20809016701664046,-0.7277139986440503,-1.1942472108320343,-0.3113155654656572,-0.5502252207979649,-0.9925567252864391,-0.30095972630350626,-0.43803267654215655,-0.7314990241375071,0.3944239517558755,-0.6415028117928303,-1.286409283878537,0.14263240688746776,-0.6525783138113532,-1.1623240996941695,0.01854598019126259,-0.5181428196425124,-0.9912838961599415,0.051197451768362795,-0.43476157775274415
G,0.0,0.0,0.0,-0.18544780595652394,-0.6485451680267955,-0.06360480227117382,-0.6124508838080666,-0.9644538976143986,-0.1711342217782147,-1.018519673257464,-0.9329586230337332,-0.21573723211185272,-1.3131779623263873,-0.7742374639001465,-0.26592824678738597,-0.5921393648926186,-0.8359566299071279,-0.6818475269891274,-1.3312543359608124,-0.8982145090841089,-0.8644719189049339,-1.7006805932751097,-0.9385088490795603,-0.9122990849055752,-2.004483456857603,-0.9187977682711497,-0.9258115141862904,-0.6347215421885154,-0.3655995621323393,-0.6807830227396057,-1.3851883815553219,-0.5455280045115549,-0.7818473196493005,-1.2606756341738983,-0.6697873283709945,-0.6493704871751524,-1.0417518355351827,-0.6713859038745191,-0.5642679829775856,-0.7019540498277284,0.06221622739019949,-0.6502853209980767,-1.388480880026088,-0.20466307995360758,-0.705356573283192,-1.2302658151933346,-0.32643107495188006,-0.534290050370502,-1.0317278061260147,-0.3246656413868511,-0.4276923386783195,-0.7505872782683434,0.40038256781058484,-0.615549361765744,-1.3078425189883012,0.14432670308489712,-0.6274694884023896,-1.19584688627786,0.006371468805682155,-0.49910517395126874,-1.0286124532062593,0.02760861086231713,-0.4190438532547519
G,0.0,0.0,0.0,-0.18842524052200996,-0.6405971284499703,-0.05968983981731502,-0.6095913259709389,-0.9415698230887453,-0.16545432735449525,-1.0058490293675868,-0.900846463244871,-0.2051801982973499,-1.2948928394148036,-0.7279788077016079,-0.2505756077577195,-0.5824251293968468,-0.8241204060391146,-0.6958082729208607,-1.3057586329685127,-0.8787601046748795,-0.872832137315663,-1.6675345075628338,-0.9186975845616604,-0.9125219500210716,-1.9662398455508043,-0.8967066472816024,-0.9194418285660565,-0.6201410059179965,-0.3657595911140574,-0.6940065232309369,-1.3535074464512342,-0.5362003651833452,-0.7706946565906941,-1.2215202288752742,-0.645256378768441,-0.611996267425139,-1.0050220448548297,-0.6361125724930702,-0.5145230527531117,-0.6877100446697759,0.055295414166589944,-0.6642675607107598,-1.354950999298946,-0.20138589839472057,-0.7047035556699496,-1.1820241336219293,-0.3088466637481076,-0.5241341175116889,-0.9901377916450496,-0.3005423201541774,-0.41652951679722583,-0.7345330269701682,0.38428991627919395,-0.629874730611544,-1.2769717424853964,0.13778883200391648,-0.6292838526238789,-1.1530982705934738,0.01026904348666348,-0.4946569518638933,-0.9852292226228808,0.04383947663513829,-0.4155095488423277
G,0.0,0.0,0.0,-0.18373415861988227,-0.6407330958416229,-0.055600039197225753,-0.6099457297534147,-0.9639573673422742,-0.16531611032163157,-1.020176049682274,-0.9246175504860132,-0.21605112663731596,-1.3129841565229374,-0.7530599540071319,-0.27459512347214327,-0.5869262181803772,-0.8483758411738522,-0.6742431260949033,-1.3274785928053754,-0.907257981664241,-0.8536129680581285,-1.6958977683720964,-0.9452624277533527,-0.8957316470270702,-1.9979921896974968,-0.9291789580227758,-0.9048209962072865,-0.6279422179405227,-0.37560561512497026,-0.6816223241755877,-1.3782231842593893,-0.5544609111300993,-0.7823351360315275,-1.2519358371973663,-0.6680211726880233,-0.6488743464842666,-1.0306857215126541,-0.6639289155355066,-0.5624632751761219,-0.693085808232642,0.05640704571697209,-0.6588503220798917,-1.3837078234944855,-0.20389029571177072,-0.7167522195565165,-1.2198030542952372,-0.3153652491110261,-0.544681646814347,-1.0168066055949925,-0.30913117478674906,-0.4364186657192242,-0.7409004701456432,0.4003904682669927,-0.6307867532104962,-1.3030456024515373,0.14909714740869778,-0.6435123318075792,-1.1868841682332096,0.01635722450511,-0.5122466348738656,-1.016407275235811,0.04226196071102543,-0.42975392992739603
G,0.0,0.0,0.0,-0.18571009242410733,-0.6061511509551747,-0.053828248932529195,-0.6625350578672232,-0.9947654326068832,-0.18687918083665753,-1.153891803156808,-0.9673455269167455,-0.2814989244284316,-1.4998878137138765,-0.8056593497492357,-0.3899093108592283,-0.5543721587677053,-1.0067645093548334,-0.5907584294239409,-1.3500826385577893,-1.0600964526793157,-0.7525640901742664,-1.7442488479913634,-1.0782131425377688,-0.7771119620742055,-2.059061320631475,-1.05964911043888,-0.7823405931769083,-0.5932182103819601,-0.4878990339710415,-0.6403488795347027,-1.4311978357389057,-0.6580213827117792,-0.8073423148453756,-1.2798415879075233,-0.6931767937545227,-0.7275650520225384,-1.024021400450026,-0.658299663397641,-0.6593925902507349,-0.6578743259944675,-0.022747634695403057,-0.6591327587424556,-1.4231971989324605,-0.2681780503934873,-0.7723231593650683,-1.2340854806896606,-0.29841028162637484,-0.6019980709346792,-0.9974438506643437,-0.26755520615830386,-0.4792979243233362,-0.7289859094749511,0.37588072637222125,-0.6743739262389491,-1.3432890475806656,0.12175464303222215,-0.7341948143027299,-1.1904171494949463,0.04954791637044438,-0.6055162284677743,-0.991822419798931,0.08719792457400875,-0.5131241895251216
G,0.0,0.0,0.0,-0.1932624345982106,-0.5780448351234043,-0.06043021633843869,-0.6963298833149968,-0.952351296386662,-0.1989131401116794,-1.2170713201119938,-0.9374481451204129,-0.2981327737587491,-1.5869806756802018,-0.8307078101696072,-0.4094448442028538,-0.5188003721208039,-1.0572741609835137,-0.5763826785032274,-1.2935334229280757,-1.0879281938031657,-0.7376669308550605,-1.6852957335746006,-1.0818762974603573,-0.7670489060857257,-1.998606812270202,-1.0536225825783814,-0.7801073196609031,-0.5545539911849853,-0.5458162951473626,-0.6281356882174509,-1.4013245737083468,-0.6717795085628516,-0.8020212136064353,-1.2597097767419378,-0.6690981984053838,-0.7312249069213804,-1.0063519797687874,-0.6391812419818207,-0.6710600227401811,-0.6221405427578699,-0.08322361015003732,-0.650748893627277,-1.3818732570198666,-0.27622512340129846,-0.7667976900621573,-1.209617103574548,-0.28221733530644433,-0.598089987708222,-0.9787487196211603,-0.2620532385416314,-0.4794607636609494,-0.7038184316086203,0.31873681662381753,-0.6712545253434486,-1.3091369420203471,0.1093643374845002,-0.7405127033291405,-1.159756829987437,0.06070963672008605,-0.6200943326267605,-0.960667504094597,0.08297853422901592,-0.5340697793534981
G,0.0,0.0,0.0,-0.21461656534825335,-0.5704712423867676,-0.05019737495424359,-0.7344229027373871,-0.961546369894494,-0.18468419694437072,-1.2761922411289428,-0.960675093574142,-0.2853446907074919,-1.6567866784054337,-0.8939137458512812,-0.3964208695288059,-0.5005410343743127,-1.1225022499848232,-0.5289825768411474,-1.2762526054601506,-1.1505858202333719,-0.6934978824569487,-1.6864143468783708,-1.1248225373529708,-0.7345179829512872,-2.0139464002328014,-1.0919653771604212,-0.7601486512721989,-0.5255313332966824,-0.6106607991293789,-0.592376743407504,-1.401157090681324,-0.6964486635303365,-0.78682227367401,-1.2536779481813318,-0.6556981992853527,-0.7422791398671508,-0.9923586215926797,-0.6272150492160662,-0.6973664748557523,-0.5959460585516628,-0.1395292134996993,-0.6268770287084915,-1.3835835915331829,-0.2870796713821361,-0.7695576743003897,-1.2109122234099667,-0.27401747114593367,-0.6164217128642681,-0.9709875115546659,-0.2582725304555268,-0.5008696257234267,-0.686121288016416,0.2797857370608083,-0.656863077010623,-1.3114279162303624,0.10249008722874686,-0.7482342414000775,-1.1667997864352864,0.06015305604848078,-0.6373432288292492,-0.9613532574543915,0.06595016863490595,-0.5522536942687454
G,0.0,0.0,0.0,-0.2335324181229621,-0.5496392732126127,-0.04991630938522236,-0.7542909461080748,-0.9405679206900284,-0.1877206323438563,-1.3134141027660367,-0.9265988746642165,-0.29572337335034615,-1.7082069504718858,-0.8892866494402094,-0.4153210938336823,-0.48451539033695423,-1.1485358245175488,-0.5037109266477592,-1.2442756018294001,-1.1653132783596538,-0.6667790422883954,-1.6407592815315808,-1.1313602978326442,-0.7156005127350409,-1.9535470381048436,-1.1025110960327662,-0.7506288373855268,-0.5047897329238618,-0.6473232726997091,-0.5711041114858082,-1.351363713779595,-0.7117352125932552,-0.7584534322621665,-1.196226358808153,-0.658618426683219,-0.7251048603049216,-0.9424086491399352,-0.642108179562705,-0.696242298168964,-0.5688223696174908,-0.18321413382880883,-0.6119079464925571,-1.347964322901988,-0.3066268819865687,-0.7580467566663791,-1.1586709102951267,-0.2738683806774422,-0.6160476303337139,-0.9145169598165488,-0.26323850625832296,-0.5123763428704008,-0.6543243494948795,0.2381419295875213,-0.6479415549675654,-1.2730061899138403,0.07835595972884797,-0.7533682276608041,-1.12247208985933,0.050614948927490466,-0.6553431159832668,-0.9140597104607725,0.052022411454193056,-0.5798687526434796
G,0.0,0.0,0.0,-0.23580982653722793,-0.5344625061164043,-0.046711895129904854,-0.7447711905092607,-0.9128281891650002,-0.18572793848366542,-1.2954044898921275,-0.8951731030132462,-0.294692288470712,-1.6815735666228655,-0.8502270892157459,-0.4152159184726616,-0.4867668048318321,-1.1275701986547628,-0.5094162680554523,-1.23583063639036,-1.1433735373780234,-0.6742563570902746,-1.6240525828704042,-1.0968594297282261,-0.7250698987465127,-1.9252728732901594,-1.0635117237065885,-0.7610668580659783,-0.5067693338290326,-0.6412122409649871,-0.5762219228102466,-1.3329351338789528,-0.7004011179031788,-0.7502232668778123,-1.1936117092130727,-0.6497703512348257,-0.7101713565245856,-0.9551654534653921,-0.6444205482896701,-0.6834787169947927,-0.5708115564684544,-0.1867854990121347,-0.6170416912664503,-1.3313596756992525,-0.30848075541263237,-0.7545024489838937,-1.1496212803817574,-0.27339811543165987,-0.6123594392061893,-0.9126626187695835,-0.2674888775461625,-0.51380613727212,-0.6535627259053035,0.2277903279371417,-0.653091026190294,-1.2593096358066604,0.07544931184511765,-0.7535835586835641,-1.119112141660682,0.037144905596276465,-0.6576629403106646,-0.9211524185541967,0.02697959435620518,-0.5864886840088592
G,0.0,0.0,0.0,-0.23773214812759136,-0.5010436391067621,-0.045269376556371754,-0.7402998777024603,-0.8662460403053367,-0.18349379320407386,-1.2883561473431144,-0.8450738713049594,-0.29300308898269994,-1.6729731879521168,-0.823111977510436,-0.41355054322720824,-0.48686729520589156,-1.123880037091357,-0.49194371149473914,-1.211684745694086,-1.1261318795332258,-0.6554687042961025,-1.584051253919456,-1.0696099728723043,-0.7087336697987844,-1.8723811479925776,-1.0318143908973845,-0.7475271856481928,-0.5026475838809767,-0.6601881271905967,-0.5581192015467565,-1.2993476271703228,-0.6857682048977537,-0.7258753396694853,-1.151166939353604,-0.6194736988611347,-0.6853661809980549,-0.9167132269098991,-0.6203369092130486,-0.6612007002779305,-0.5600652794910891,-0.22488466806302426,-0.600093111098396,-1.2896588013304804,-0.30402077531958893,-0.7314927594191601,-1.1039769636736319,-0.25415102629967984,-0.5901957087504225,-0.8761247038360794,-0.25487338933253856,-0.4963284416318395,-0.639095567544468,0.18029093713899325,-0.6377216971432883,-1.2183013853155105,0.06298398165917381,-0.7358628230636893,-1.0752578278904883,0.04701728461921734,-0.6421851486841476,-0.8881998506885056,0.036191147296986755,-0.5740770803197809
G,0.0,0.0,0.0,-0.23850614485184635,-0.48654786398173494,-0.027044671033274785,-0.7210601539892986,-0.8518589608401311,-0.1553188822852776,-1.265214560544442,-0.8370778859203547,-0.2610355601982231,-1.6446572362007557,-0.8320960685639809,-0.3781691203965756,-0.4944216993969727,-1.1323055590038615,-0.4353285425556277,-1.1926079353869892,-1.1314416684612172,-0.5891513495703493,-1.5627090357938083,-1.0794778510736032,-0.6427432777038043,-1.8486213562749836,-1.0462204932046784,-0.6837371055932223,-0.5132131397166529,-0.6913010914937355,-0.5086404173104465,-1.2877878893105048,-0.7017549440270563,-0.6657083679624352,-1.1426324259402731,-0.6131330799171512,-0.6271241706851136,-0.9128487105021307,-0.6058147761381052,-0.6048150715095603,-0.5664873610555463,-0.26628952512551574,-0.5591007422268155,-1.2711637022183806,-0.32113127803925806,-0.6851615052189737,-1.0889381566421963,-0.25390320917766235,-0.5481838050286665,-0.8666366365278678,-0.2553405987258509,-0.4573459147814938,-0.642551490801885,0.1433808214432535,-0.6040671190596962,-1.2086256023623272,0.05126503240118047,-0.6985491985053603,-1.0704477911603123,0.04912254500705615,-0.6072044281305631,-0.8918827328862381,0.031087433816194752,-0.5401642275397294
G,0.0,0.0,0.0,-0.24658945700331764,-0.4377303265013798,-0.012268667722838137,-0.688221468993434,-0.7700688408018947,-0.13525520578604483,-1.187818759927666,-0.761584892642349,-0.24204933305845006,-1.5414763716486881,-0.7701809331703803,-0.35839442067441135,-0.4850972605438013,-1.1335816410674944,-0.3885232848439453,-1.167873653625159,-1.1023484435713242,-0.5349991564118252,-1.5239583287358027,-1.0264967527242286,-0.592990567319146,-1.7876706400154638,-0.9827121899183956,-0.638627806086517,-0.49559818365284436,-0.7329206505114494,-0.4660576792778716,-1.222689343319804,-0.6682169927043469,-0.6106650008627049,-1.0888203388299296,-0.5572881842646928,-0.5757906925196713,-0.877465478881644,-0.5608833922551366,-0.561332037737649,-0.5428796157454804,-0.33368224735585683,-0.5231041847568828,-1.1992581414346226,-0.3068137753981999,-0.6367578234300492,-1.0325655573370185,-0.21580852585279567,-0.5106046822250725,-0.8286670175566209,-0.2296561740740856,-0.4338845047499613,-0.6131791813224576,0.05612251708265312,-0.5752082821204287,-1.1346223350407547,0.0337260492492992,-0.6623390669721018,-1.005323673378824,0.06625873884556023,-0.5788769002969819,-0.8402485202669743,0.04628108220292062,-0.5200103551569707
G,0.0,0.0,0.0,-0.2395583078605557,-0.4311897782806913,-0.0035805818606264696,-0.6738062946031466,-0.7525358539146132,-0.12258801463200847,-1.1633901944927,-0.7451602012513701,-0.22611721801137055,-1.5120431223336452,-0.7508985764556875,-0.3396894248659394,-0.48696786925725083,-1.1233421620160042,-0.3842294409668849,-1.1613807469300077,-1.0916002074619684,-0.5262464360913519,-1.5127983024471139,-1.0159460197967984,-0.5820903004554855,-1.7733485398134596,-0.9733219288409347,-0.6261160138318763,-0.4989915832528538,-0.7332776318642952,-0.46185637859653017,-1.2066888437616412,-0.6675333765374116,-0.5963291943951715,-1.0764577621963292,-0.5590564053639412,-0.5570870411753274,-0.8718554409995236,-0.5613673378104497,-0.5417332742017998,-0.5475159705079383,-0.3413199573073207,-0.5179883473355912,-1.1861589652463287,-0.31087246818701764,-0.6207532526597738,-1.0227564165318084,-0.21969734187397935,-0.4934333068742749,-0.8243432299611156,-0.23169621441848137,-0.41882023007052965,-0.6165679779645991,0.04137750177334368,-0.568550693364291,-1.1243037520049843,0.021079326247390732,-0.6470058110989356,-0.9970820993248644,0.058152933701809476,-0.5614241891640216,-0.8377345787555123,0.042372288974249564,-0.5025360049674676
G,0.0,0.0,0.0,-0.24475431909035025,-0.40426425944050154,-0.012427314815682901,-0.6679002020799666,-0.7241818384182254,-0.1253170358876514,-1.145072869534884,-0.7208110415246388,-0.22674401153817855,-1.4803982749516524,-0.7325248559534028,-0.33534364836277897,-0.48985590854965183,-1.1289707210420483,-0.32379062142694415,-1.1257665614413714,-1.0779320362753309,-0.46550085053376805,-1.466535451759863,-0.9935658929266359,-0.53022003061437,-1.7202293586413724,-0.9474939616987235,-0.5824540974051932,-0.49369075312769356,-0.7723008716132369,-0.3997759422246982,-1.1725557765547754,-0.6586019723460618,-0.5481604924189166,-1.0401666023359868,-0.5380331117183037,-0.5292541575652101,-0.8437331618754982,-0.5498984742362889,-0.5232081432654688,-0.5312641824172017,-0.3985644767601822,-0.45986328348315064,-1.1552215617781412,-0.31859366536712486,-0.5834970019326042,-0.9936813581374712,-0.21475195242267042,-0.47277406539582834,-0.7996875576240989,-0.23462071605078164,-0.4016762524819997,-0.5920601148677161,-0.023328564955049966,-0.5158911915811224,-1.086597175506645,-0.008381943307011917,-0.6127264296084337,-0.9622463918558114,0.045938315235828545,-0.5410465889320333,-0.8061138089225897,0.02398986570801519,-0.4865594744121715
G,0.0,0.0,0.0,-0.261414095223322,-0.3719730490406126,-0.008014444450821312,-0.6783519085648206,-0.664470420252632,-0.1158722553210996,-1.1329789441420641,-0.6589849746756234,-0.21869946662484122,-1.4607956459218752,-0.665972098220191,-0.32720664753526413,-0.5091096110570651,-1.1117029543309735,-0.2607148214034547,-1.0995849392588648,-1.0215279002193796,-0.39996143429981945,-1.4291735661035343,-0.9251614618661346,-0.4733974909654444,-1.676660744456482,-0.865465589567179,-0.5333049758272972,-0.5008728852189639,-0.7956281614206182,-0.34073770206256515,-1.1511106438398513,-0.6168342454348121,-0.4893702776713176,-1.0197878807930607,-0.49420693101598767,-0.48038345238410496,-0.8350622628819296,-0.5232761371599162,-0.48027875540465853,-0.522861152563281,-0.4425806497201342,-0.40984650367734293,-1.1265703480035998,-0.2950935604884226,-0.5392693757497348,-0.9685279861013647,-0.1864121795457246,-0.43780498157363307,-0.7841066338822675,-0.22417070674465478,-0.37050233491406764,-0.567908956042618,-0.07801921712360035,-0.47603113239039835,-1.047345900666554,-0.00040737795433428884,-0.5790195226338655,-0.9297053741627938,0.0579355684931677,-0.5160515791957334,-0.7816818053532529,0.014782875424839133,-0.46599390375490546
G,0.0,0.0,0.0,-0.2574429531208146,-0.34452677387928526,-0.015937007122954473,-0.6572423770904603,-0.6153111614846588,-0.12338273657883811,-1.0894580810732302,-0.6088923005643581,-0.22697101693697813,-1.4004303151985003,-0.6127735863834234,-0.33419460412114693,-0.5040139720569917,-1.0904487431968575,-0.23260880639445394,-1.0730665684036689,-0.9811911402337862,-0.3777302283137744,-1.395766066949907,-0.8912770022855463,-0.46024381253312413,-1.6369399602719927,-0.8314092008920705,-0.5253568489179397,-0.491751512951819,-0.8145186774417057,-0.30779826771476726,-1.1128541432689922,-0.5902526840207708,-0.46112674066187914,-0.98416619303716,-0.4648625797192641,-0.46109265215401396,-0.8070690863465536,-0.5001817491577925,-0.4653027617505977,-0.5058047686321003,-0.4893337331465897,-0.3765713979215855,-1.0811112518310289,-0.28663293729508443,-0.5077878772788029,-0.9295015142954723,-0.17912238313690781,-0.4165975667883613,-0.7559091355139598,-0.23694262534130967,-0.35549335426065853,-0.5404002600026054,-0.14669833482813827,-0.4444706970827072,-0.9921859361469214,-0.017240914469741117,-0.5478084499062815,-0.8762825562591691,0.04775273547673379,-0.4932648441408048,-0.734842744296501,-0.009605088707931114,-0.4486866840082332
G,0.0,0.0,0.0,-0.2662595509936907,-0.3304106462779732,-0.0184617732045028,-0.6654024919579034,-0.6006379511072638,-0.12469147113185462,-1.0910962434578557,-0.6093658007858472,-0.22680333857364535,-1.399989959123427,-0.6195179723541331,-0.3320278127023352,-0.5072004205432146,-1.0840560238316117,-0.23153412199301457,-1.0720075096964559,-0.9740919272279782,-0.37465938357728074,-1.3868426823876434,-0.8884236998713376,-0.45581921412360377,-1.6209343163493162,-0.8336211523904156,-0.5199287079269493,-0.4885154125338605,-0.8181852905532147,-0.3031922196218496,-1.0979515228443903,-0.5773445466018777,-0.45591168424345857,-0.9652712045096279,-0.45002044412023023,-0.45477358658640027,-0.7888724640191973,-0.4899911067123713,-0.4583302110165674,-0.49734822284957747,-0.5031230724914904,-0.3690609876744263,-1.0640490355902592,-0.29201681076231045,-0.5009997319107452,-0.914331248767216,-0.18174165998644212,-0.41109799985390016,-0.7438320616315308,-0.24107423604046915,-0.35055570712841744,-0.5266558114247359,-0.17131731601745068,-0.4342526236320205,-0.9720946532230968,-0.03964913250218838,-0.538734793369926,-0.8591952850589307,0.03057114541988467,-0.4861204032023001,-0.719670969095176,-0.025803595558525242,-0.4424583394693539
G,0.0,0.0,0.0,-0.2707226169117446,-0.32006035547280365,-0.020304034998329678,-0.6636910179949053,-0.5863010764368414,-0.12615579181674808,-1.0808170801578525,-0.6010818941541285,-0.22844268073229718,-1.3844184352124822,-0.6166426117370174,-0.3327324751490546,-0.503044336652565,-1.081570408301616,-0.22254507219802008,-1.0584615370487216,-0.9679088766554734,-0.3672420279327208,-1.3664829195643895,-0.8835870867369109,-0.4518484228047806,-1.5973075012464015,-0.8315086931942902,-0.5185230696609486,-0.4813558627394381,-0.8259203031580865,-0.2935169266628853,-1.0804589568023284,-0.5778239039846482,-0.4482143928246167,-0.9464470555636999,-0.4491301147459114,-0.45053570042738833,-0.7730086680097555,-0.4926883055106752,-0.45641008349211076,-0.4885361765287694,-0.5195114672244358,-0.3601181046911343,-1.0453965783543309,-0.29966041177241015,-0.4939364933995456,-0.8942649529873365,-0.18373750761995628,-0.4060223901126235,-0.7268773827481576,-0.24565259395002711,-0.34651759690901834,-0.5155219413164668,-0.19634935896807174,-0.4268021954148587,-0.9501793909998445,-0.05523864377351199,-0.532798528922226,-0.8360161693816774,0.023050572101995053,-0.482116836295793,-0.6984868860387916,-0.03262749656400957,-0.43957050264753045
G,0.0,0.0,0.0,-0.2730476732209192,-0.3127482746403415,-0.02176369796526668,-0.6642645094805939,-0.5725991442201104,-0.1299260902465354,-1.0785728183400514,-0.5870305189957257,-0.23512904911393603,-1.3809952092288622,-0.6039429700290044,-0.34218873772843367,-0.514341787019766,-1.0760583269139348,-0.21829740112937265,-1.069077739104174,-0.9555785447565904,-0.3664007870078015,-1.381560084695574,-0.8640762773421293,-0.45527456854126586,-1.613642352591148,-0.8021245550295643,-0.5244252209324588,-0.485494949453513,-0.8250028070306445,-0.28924906645776377,-1.0835063292824183,-0.5694978983479372,-0.4464143277810495,-0.9497306913774368,-0.43657494393795365,-0.4511295959044551,-0.7765732884520259,-0.479158598135541,-0.4580247065199132,-0.48457245212442507,-0.5200261447532726,-0.356568672040113,-1.0439181062569016,-0.29062405182739665,-0.49258245494460456,-0.89208793459686,-0.1721298864954696,-0.4046347260743716,-0.7250996082473419,-0.2364511022710412,-0.3444984617978674,-0.5036592759049202,-0.19766285429028352,-0.4243089507253128,-0.94228865600332,-0.04892716590879938,-0.5324027940509848,-0.8276853687980893,0.030012191566064526,-0.4814287998995567,-0.6897069778608467,-0.02789927886082496,-0.4379993242504932
G,0.0,0.0,0.0,-0.2778572223550691,-0.30608581460984513,-0.030827028246874305,-0.6662638464960492,-0.5588656810864792,-0.14394871937040893,-1.0753546942218444,-0.5815049469001118,-0.2525832790983446,-1.3745820641147601,-0.6074657378582626,-0.3626068373149612,-0.5096442789493626,-1.0740929279698885,-0.22927170051093373,-1.064412895728901,-0.9524016334208424,-0.37939866104000314,-1.3772466759948743,-0.8612540238197273,-0.4676170107410318,-1.6074985505320638,-0.8012275310922415,-0.536001065585113,-0.47703507271181267,-0.827471474319532,-0.2961899704417686,-1.0739959607366674,-0.5617752941931542,-0.45706745265460197,-0.9403945862858937,-0.42880659119847914,-0.4608206608199664,-0.7678640469503729,-0.46937883405762315,-0.4664369115645964,-0.4759465757782358,-0.5243910478295025,-0.3604814069662929,-1.0309107166509908,-0.28562294655332593,-0.5003773308737962,-0.880535203073037,-0.169692459433681,-0.41330984611931015,-0.7160922873575318,-0.2318097087758246,-0.35307257881674375,-0.49576365795776983,-0.2052673131216936,-0.425882750710008,-0.9305893709364443,-0.04600717679985128,-0.5367758596099851,-0.8187356803823701,0.03172398282771331,-0.4887383816887291,-0.684736899238067,-0.027030013667091523,-0.4473147943403718
G,0.0,0.0,0.0,-0.278101534022799,-0.3158647513054371,-0.02867136640420605,-0.6660757953093394,-0.576172677472063,-0.1382782617004112,-1.0744008750201821,-0.6019343907668211,-0.24368307296733552,-1.3725776883276335,-0.6308029972693728,-0.35035041474036915,-0.5032572852894646,-1.0798757699368229,-0.22631104796991103,-1.0595568518470675,-0.9640009947280506,-0.37877702715448935,-1.376454376483466,-0.8713600306782721,-0.469360220248891,-1.6108420845680531,-0.804790811299631,-0.539139012037149,-0.47155672658749687,-0.8314331732049791,-0.29385903441001077,-1.0684805716824282,-0.5668916738897752,-0.45654470944306075,-0.9325680000820965,-0.43561362276786,-0.4626121530739132,-0.7589763483314946,-0.4761657267982755,-0.4701682457541137,-0.47133781054166757,-0.5273727419445029,-0.35885990374720883,-1.0269208158345071,-0.2877491920752872,-0.5015949101774312,-0.8745827619758897,-0.17298793791929853,-0.41639776458352934,-0.7099666681042875,-0.23578474336065783,-0.35700028869806927,-0.4917556196685189,-0.20715279746502727,-0.4245347174959865,-0.9282303520920588,-0.048883275151564376,-0.5369253780409461,-0.8150551426943322,0.030828084552105336,-0.48861321856631973,-0.6808552203049963,-0.02601033652713429,-0.44684870244602465
G,0.0,0.0,0.0,0.2869921396960589,-0.6788416033358474,-0.18439618622127335,0.8698584770463802,-1.0299119339698148,-0.3183483873950746,1.3701869336207668,-1.0279532974283756,-0.3795307997315449,1.714514407423761,-0.9445413536000399,-0.4323194790240943,0.6537849315046302,-0.5974547106092418,-0.7474182828723235,1.487651164276878,-0.8362233566754328,-0.9443045433485736,1.9155892326019355,-0.9647788189001412,-0.9508428937377578,2.2480753460973313,-1.0283440759572307,-0.9410382960280121,0.6957752407550439,0.00554087188713508,-0.7182382008017891,1.6856495721444296,-0.27168417653612825,-0.965649931006565,1.5159301282564996,-0.4676314418675498,-0.852242992523053,1.241861550408495,-0.45824208340640926,-0.7107198650313468,0.7284645466289901,0.4944647031865512,-0.6654262467637807,1.5872830854948545,0.1949510469270565,-0.8398300667306287,1.417605743694252,-0.03179419177788116,-0.6495018734661492,1.1705103721315764,-0.022864991341614033,-0.46869012322042053,0.7531574208464703,0.8496047045997789,-0.6196633532939798,1.4162252696196318,0.6082719821166389,-0.7235811632291285,1.3274278165362703,0.3652373865260419,-0.6125851622322517,1.1246007143432755,0.3328602883841781,-0.5060300049059936
G,0.0,0.0,0.0,0.2900689776822357,-0.6917133056047716,-0.17504870806620212,0.8677639846458247,-1.0182876919311787,-0.3037873577306594,1.3489554109351207,-0.9761322977187694,-0.3603343201083901,1.6601008992503212,-0.826255218349142,-0.40930889511234697,0.6525134162328664,-0.6042619225140299,-0.7454542273691477,1.496098855960099,-0.8394636316919408,-0.9545635361379864,1.9282165625753318,-0.9646662203287125,-0.9746893109329318,2.265964560638169,-1.0234191886935957,-0.97402243881755,0.6964680971135313,0.0018758141922268269,-0.7175853057471098,1.6941271720597944,-0.2858629300469137,-0.9639752351132168,1.5249135450634643,-0.48170991509511707,-0.8515672031222636,1.2552584327097287,-0.47507930939413057,-0.7124354928040525,0.7313699871740249,0.49555071867476413,-0.6660261470992617,1.5980103816616973,0.1865616454730186,-0.8388617061240126,1.4270603510788247,-0.04107214414441244,-0.6494076613559352,1.1816614976408926,-0.03542927741561371,-0.4694272717125825,0.7572677318171819,0.8536496989843887,-0.6208122844155011,1.4251418238499627,0.6086139063578553,-0.7256380479352297,1.3372039867308763,0.36379820451731687,-0.6151383839960222,1.1388256610254204,0.3299054099473286,-0.508005486184087
G,0.0,0.0,0.0,0.2947317897070134,-0.6967043387150824,-0.16328143767428518,0.8702183903132427,-1.0285375594699808,-0.2886667963497219,1.345059059694427,-0.9771999707061445,-0.3467794930264978,1.6595504239861256,-0.8554701021918203,-0.39935440901490166,0.6687311057802311,-0.6155344866099686,-0.721880986681959,1.506201321763779,-0.8759262571600906,-0.9294738027252445,1.936072967863406,-1.008913505206836,-0.9542098199268447,2.2739384739154045,-1.0664079274845055,-0.9559707686125937,0.7109829021333977,-0.01704294074304071,-0.7030027390023461,1.7021814993135813,-0.3032909210869268,-0.9592248131822724,1.5237798198387715,-0.49749361765792566,-0.8544006599650528,1.2436062339509761,-0.4832162404131031,-0.7147905604935318,0.7429852698795604,0.47197487422283335,-0.6602445207036421,1.605408127998812,0.1680113927655485,-0.8302742618028544,1.4294612345671345,-0.05851037987416266,-0.6359588787500495,1.1778246105665937,-0.04528454543061423,-0.45036746812472106,0.7638085455438198,0.829937717761562,-0.6245524861726085,1.42769205680278,0.585930561666035,-0.7170014396122285,1.336905303105642,0.3432394650606529,-0.5966358930220335,1.133305740125514,0.32259886011426847,-0.4823183855956382
G,0.0,0.0,0.0,0.2906300365648866,-0.6830497394665632,-0.16360392430235016,0.8570663376892611,-1.0180275459413335,-0.28877492969397434,1.3366194998313656,-0.9900198490613545,-0.3451327530567907,1.6647250908248352,-0.8985094535367176,-0.3952480865936115,0.6635447145207891,-0.604536629092956,-0.7267002070641876,1.4911196282195813,-0.8680877655153442,-0.9318253333600988,1.9131572358048876,-1.0034596699091047,-0.9534878665567279,2.2462610151183466,-1.0656999092916328,-0.9536603468987356,0.7108006599973177,-0.008885928976590119,-0.7033373742476654,1.687346647003482,-0.3093782315624894,-0.9486598842739385,1.5033844404932803,-0.5001263767006524,-0.8371628247370538,1.227154128134216,-0.48796838338823073,-0.6974197798681099,0.7435166080166761,0.47825255325094723,-0.6559994804333986,1.596852792363089,0.16242468671330929,-0.8223182905297035,1.4167724573357914,-0.05820107404455631,-0.6284684338222516,1.1671899543112134,-0.04607653502220501,-0.4462161743862067,0.7623097021930575,0.8341932874177167,-0.6147343105959546,1.4154436764108906,0.5840790372562304,-0.710800395426196,1.3223028244333497,0.3394066849461935,-0.5948676711858013,1.1234998253140294,0.3086328465030264,-0.4842303722307912
G,0.0,0.0,0.0,0.28964155914204837,-0.6768705194335857,-0.1742382329414366,0.8529226664114573,-1.0074518418403806,-0.30501966594557967,1.3259216827900273,-0.9696006564762883,-0.36409114149557426,1.645884943709948,-0.8652017677169185,-0.41693909249274325,0.649361041441236,-0.6006679127754793,-0.7449500738429506,1.4754846465044111,-0.8530818323891598,-0.9549312474907802,1.8970243694508904,-0.9883577547716824,-0.9801981176690918,2.2311120075716135,-1.0502470839477571,-0.9832960968568907,0.6950370128373586,-0.0020487518155543594,-0.7189710379438935,1.6680480773230624,-0.2965880171689187,-0.9666803056845976,1.4844883102174464,-0.4913780225987259,-0.8559307381418177,1.2078718335840468,-0.479572921073016,-0.7182081489994846,0.7288367535895308,0.48420505914204826,-0.6699295515064255,1.5779811228636234,0.16853869659453385,-0.838765226745253,1.3967108971295732,-0.05054598389336959,-0.6458150313461682,1.1456408514301935,-0.03580826380413137,-0.46536964102220785,0.7506203375635084,0.8390116765653768,-0.628113938095146,1.3997706152650395,0.5833934484775112,-0.7277338392227225,1.3048948659920854,0.3422010218046317,-0.6144900883370452,1.1045457118538802,0.3158896613367453,-0.5067801974261291
G,0.0,0.0,0.0,0.2988361737663692,-0.692910456987675,-0.15250746952504957,0.8725074828743553,-1.0312308415124125,-0.27447608578237254,1.3512878055969495,-0.9864436583223838,-0.3339768368253343,1.662075100292721,-0.8567074494823855,-0.3883650510095111,0.6907719415301721,-0.6427425695333188,-0.688184295110014,1.5076640782493926,-0.9015581235586385,-0.8888330742474493,1.9308029464150402,-1.0257468903863742,-0.913072129323947,2.262595043741263,-1.0738931568186125,-0.9146806887276258,0.7361495306248109,-0.04576921512181755,-0.6752696109762407,1.7053028998472564,-0.31890938115034984,-0.9213852818099669,1.5316304043671904,-0.5115567510199909,-0.8201939375407421,1.252172598472944,-0.5033705803064198,-0.6843811465222135,0.765720559227027,0.44823082242519985,-0.6389822701795064,1.6111488824402826,0.15219358800762128,-0.8041655298045142,1.4359081027331966,-0.07071757317140423,-0.6184060310310701,1.1823231296617858,-0.06140933455268937,-0.43923315541643926,0.7798612256720193,0.8150971840946517,-0.6087920941792081,1.4257044646068868,0.5719727795582907,-0.6975611424550812,1.3321521271871237,0.33059111084287485,-0.5807939484429675,1.1295271942159535,0.30570624367951255,-0.4689317591638727
G,0.0,0.0,0.0,0.29781648117935,-0.6993210387409444,-0.14916221162055426,0.8752247945141495,-1.0312060156567249,-0.2723502082008134,1.3569865473635068,-0.9665973773898281,-0.33628335763933836,1.65520465642556,-0.8004906544817618,-0.3960629431808879,0.6933497727406341,-0.6478911699723571,-0.6727178901070755,1.5049122180289922,-0.9141408940035948,-0.8677560791061336,1.9265814813832032,-1.0438245963758883,-0.8889411287464802,2.257656035939388,-1.0987858044313523,-0.8899350457781366,0.7465754705698738,-0.052411692172548936,-0.6632330520013169,1.7088830441211034,-0.33640709784935546,-0.9107874460048541,1.5359477513828077,-0.5257210443915726,-0.8132466650926995,1.256698422707998,-0.5159434210523637,-0.6786718368380945,0.7803065391632154,0.4420092520963791,-0.6298795733393346,1.6152007276597669,0.12479429348650667,-0.7948636044764019,1.4371550560481747,-0.09955354875108498,-0.6110811115421259,1.1831763329179097,-0.09023996238564627,-0.4326080197739506,0.7972961451217918,0.8101321125313702,-0.6027488260164892,1.4309977572070287,0.5520188617699456,-0.6888025642451818,1.3330220536099988,0.3069804648910829,-0.5724454050503448,1.1335614041278135,0.2821888267248699,-0.46105854020800635
G,0.0,0.0,0.0,0.2997282104649402,-0.6837583769578899,-0.1405173115536104,0.8711963510218338,-1.0152697929601353,-0.26469472926594195,1.3463806616543679,-0.9590115089774477,-0.3311606970916757,1.6434378618549457,-0.7935947027135135,-0.3943797189954335,0.6954558473753161,-0.6507854416841448,-0.6781471243268887,1.5109493201612607,-0.9088445221234557,-0.8803056586673412,1.9339636095950485,-1.0316401167679186,-0.907258769937984,2.2632682928445984,-1.080325227484608,-0.91005470926979,0.7365621265368976,-0.058619875174168876,-0.6738248615078017,1.7036343150578284,-0.3304827986030808,-0.9283763983086175,1.5373759127400322,-0.5182915395060403,-0.8326280956680011,1.2602013448607725,-0.5106540404270079,-0.6973846372385539,0.7646680397624236,0.4383482529204671,-0.6443889525368589,1.6054046292891895,0.14124519079763365,-0.810524882675904,1.434474266995106,-0.08464860068713731,-0.6226728111905534,1.180510001042916,-0.08099691957869565,-0.4398537134169091,0.778792320598435,0.8128102525292932,-0.6205001770748597,1.4268725044788704,0.5660504776369155,-0.7012378576709344,1.333937786097941,0.32102749969645683,-0.5761161850442694,1.132165578891555,0.2951369555596356,-0.45756601960888055
G,0.0,0.0,0.0,0.28513312122307305,-0.6911798340234184,-0.15486416908610068,0.848165682751151,-1.0227003741126761,-0.28362586986114185,1.3296172903756713,-0.9716719808341792,-0.3514881208156048,1.6338516037649728,-0.8083713587639545,-0.4152110644855375,0.6796055278163798,-0.6657766683286759,-0.6847847839293424,1.5012991115705876,-0.9320723330874837,-0.8818401526447963,1.923651894368499,-1.059785900258038,-0.9037442064020922,2.2549140568174586,-1.1179125345625116,-0.9047585172423176,0.7370118004969808,-0.06823431996571877,-0.6724267123687269,1.6982376447747316,-0.36017902591568185,-0.9182586745303681,1.5243036516598902,-0.5441849842806674,-0.8210920866706398,1.244247293864563,-0.5350423450593372,-0.6884654746232197,0.775066540463553,0.42804185360594904,-0.636310920967237,1.6115555184958423,0.10493763771229885,-0.8022631882215343,1.4323408579398862,-0.1135873352604337,-0.6229083250520063,1.1774042839112326,-0.104397664164487,-0.44850535270641656,0.8002693741860368,0.7968372380194048,-0.6061926610071473,1.4318663718124263,0.5241541684155325,-0.6991513844391644,1.3325802984765087,0.28527987257868015,-0.5887250823086099,1.133852768016384,0.262003857365009,-0.48090134700562565
G,0.0,0.0,0.0,0.2859417354879199,-0.6877091834865028,-0.15258408611865334,0.8437775079692623,-1.0192729311532394,-0.28612725949016743,1.3248558708232412,-0.9724218940405159,-0.3599852125508865,1.6320627410918556,-0.8197141335011585,-0.43074097791776755,0.6793989171417267,-0.6640427962641686,-0.6858498514621328,1.4941466955929996,-0.9147371195960498,-0.8874425768402453,1.9166356883458597,-1.0433211398164486,-0.9160295243290582,2.2480971411717388,-1.1113043878904962,-0.9230532248919451,0.7353310003303384,-0.0658279195666786,-0.6745035247933898,1.6895250837312012,-0.3493945710606199,-0.9240989220078617,1.5124110825856336,-0.5302244917740802,-0.8310542556877221,1.236411870365358,-0.5218547516846194,-0.7021467726384201,0.7710592577121519,0.43005464781418545,-0.6385323171645397,1.5968905632228427,0.10963687463878581,-0.8051384970992362,1.418253439475903,-0.10944239549366724,-0.623912332561815,1.1642273969667916,-0.09853847914319666,-0.44929608000863785,0.796202972752451,0.7968708629052589,-0.6083168670329919,1.4208351947326605,0.521420593348422,-0.7041194424074267,1.3178986321700392,0.28326511960839046,-0.5939852557498065,1.121071463611321,0.26595409674305026,-0.4862285692070428
G,0.0,0.0,0.0,0.28643578983964724,-0.6986447883367537,-0.14017695668320987,0.8464581466376125,-1.0336030081099878,-0.2699117379436287,1.3239691165817142,-0.9786556654926436,-0.34353012745422523,1.622651643117042,-0.8013668755312949,-0.41474776013655823,0.6839727435007446,-0.6887423253894323,-0.6723299970254649,1.50724119685274,-0.9493356752680511,-0.874092679577141,1.935776366008554,-1.0737900416651254,-0.9051264417568111,2.2706514426881688,-1.12988933786943,-0.9131881587854296,0.739605715397357,-0.08326720577375997,-0.6678697164823346,1.7038426814950567,-0.3704934574889783,-0.9201306824134324,1.5296910371023806,-0.5488582877778955,-0.8291027767715587,1.2473322712810178,-0.5356192563344516,-0.699536164467709,0.7746857747998436,0.4210330111721169,-0.6377456331322208,1.6106844600115025,0.0941191869496638,-0.8023538210334487,1.4351278178338938,-0.12246073960876284,-0.6177103692377269,1.1777897008163345,-0.10797697170576885,-0.4396819145173346,0.7970018631162703,0.7955884305247385,-0.6128015000739946,1.4324244623188882,0.5253354196316145,-0.701638163458664,1.332312345280577,0.2866629271316368,-0.5836880873003063,1.131696495183283,0.2700349108939192,-0.4700440175661663
G,0.0,0.0,0.0,0.29433485317055597,-0.6901961195968216,-0.1443960213088076,0.8572448006240607,-1.0130141746635173,-0.27892241940203677,1.3346479145444632,-0.9359867005172997,-0.35676275484213593,1.6256237944313259,-0.731270049721526,-0.43201846244695596,0.6857422872845929,-0.6888834935593093,-0.6767480692469346,1.5120909793611805,-0.9323777319120976,-0.8856199886652437,1.9441606043173887,-1.0527447564340904,-0.9245240045791296,2.281970547495863,-1.1072160261982031,-0.9380627572347409,0.73522660218338,-0.08125269627889795,-0.6729337580990354,1.706714445550017,-0.353526516523446,-0.9321531539734975,1.5281593533513596,-0.5272142299322463,-0.8452820387430775,1.2421719343257354,-0.5155716767303198,-0.7172306700765161,0.7704364854232003,0.42869800130684804,-0.6439974020327632,1.6095674684084484,0.11504603976322957,-0.8130245098905207,1.4297720379760888,-0.10259567035372893,-0.6279664896909126,1.1693558271498012,-0.09536387798092776,-0.4481843873223803,0.7969968317380006,0.8089523308905869,-0.6209491134861826,1.4359393924377912,0.5398742339727952,-0.7095728314600112,1.331319663577389,0.30149375534118233,-0.5889791922030543,1.1286451432392408,0.28302301667105906,-0.473393177605325
G,0.0,0.0,0.0,0.2906780661122819,-0.6880508845016552,-0.1469016826404176,0.8515464260553699,-1.0050889646520855,-0.2854185960279356,1.3287052030690036,-0.9167774298281416,-0.36654572854794215,1.61931549639827,-0.7064520947290546,-0.444554338440634,0.6809893203669334,-0.6829697250529237,-0.6868272686518986,1.4985126098302786,-0.9310882827089466,-0.9018260769231266,1.93520203899658,-1.048602689902836,-0.9457912708678139,2.2723272523218108,-1.0960904192266856,-0.9608608190629065,0.725400285293711,-0.08153125772669306,-0.6834815872496539,1.6970034975447612,-0.34546306491355294,-0.9476683670416415,1.5389585670710832,-0.5367868308843695,-0.8665362490237694,1.2627017095216844,-0.5398120159952526,-0.7410085349071263,0.7621973079162343,0.4252748131809078,-0.6543637307380484,1.6022607454440532,0.12337705280429422,-0.8246309278513515,1.4325618950874315,-0.11757738190377104,-0.640731580296003,1.1731300807409673,-0.12502758996233349,-0.46000795739611156,0.7900318298043243,0.8081646478157998,-0.6316047455567361,1.4327754093418872,0.5456728623282322,-0.7155690761816398,1.3331961995222734,0.29441696460182293,-0.591158863285824,1.130337865737717,0.2697122857948477,-0.4721407474687799
G,0.0,0.0,0.0,0.2928614760307175,-0.6798002957132907,-0.1544288977419403,0.8637201217170977,-1.00969028232663,-0.2967658281559423,1.3547990495546804,-0.9486059423570286,-0.3795967965977995,1.6622376062063975,-0.7809402247640274,-0.4594649088448924,0.674031272295212,-0.6731017487831291,-0.7052352592309133,1.4889194292370258,-0.9093633127462682,-0.9212756518971127,1.9217492132579388,-1.0254521318228376,-0.9639776183277206,2.253413364362508,-1.0729415179433703,-0.9784045853847511,0.7106129540512861,-0.075607024037804,-0.699508975961461,1.6815591422070768,-0.32729628724425397,-0.9640343312172439,1.5231862686776392,-0.5197154251815344,-0.8827315098901266,1.2497640882179422,-0.5232727206287405,-0.7591495656657518,0.7440342558662781,0.427029676858379,-0.6677726223134681,1.5893378567578047,0.13505528307327633,-0.8381207325560083,1.4174865934210064,-0.10300136713216831,-0.6538121355848888,1.1565947485627772,-0.1083005477975157,-0.47577823328329666,0.7727194710020207,0.8051437019371707,-0.6429527006889836,1.4151385751859826,0.5521291952411465,-0.7324500488687233,1.3137356298360072,0.3051628678989841,-0.6127354156101745,1.1107097618676016,0.2851664559850303,-0.49846891841257895
G,0.0,0.0,0.0,0.2817454622118319,-0.6642322980824946,-0.16324958939594722,0.8488721329648836,-0.9882340185908205,-0.2995163381518848,1.3380172840331717,-0.9242891373269861,-0.3670227881198973,1.6518522613038853,-0.7692240588122778,-0.4289231108598273,0.6543125818857779,-0.6656477279044974,-0.7331008015790174,1.4299335873874053,-0.9003357095700142,-0.9627388510089299,1.859558099786854,-1.0119878344498177,-1.0187327689084922,2.1913066351274324,-1.0494604316605352,-1.0420958488674947,0.689718230088434,-0.07325639581246951,-0.7203625917246431,1.6432092417332185,-0.32006216604096466,-0.9824669163537131,1.4773194617013565,-0.504309801593022,-0.8955904475657578,1.2044892171028843,-0.49996107200341927,-0.7717012645505058,0.7240529399704309,0.4218490143325899,-0.6833083892472906,1.550658394984836,0.1436081750919455,-0.8475414929660856,1.3774198531724016,-0.09083804788188916,-0.6565607607762562,1.1236739109134408,-0.0941091073712821,-0.4779463076206378,0.7469939666202259,0.7961511770141524,-0.6548426935605497,1.383731335530067,0.5596292244502341,-0.7367355966786862,1.2857728210001866,0.31193193246040296,-0.6138959127296556,1.0829764986119814,0.28649575708592345,-0.5015977931133161
G,0.0,0.0,0.0,0.3082377820679819,-0.7028863165911137,-0.14534650156033446,0.9002571008709352,-1.042641688975268,-0.26439801082997927,1.4046346605634419,-0.9965929214993472,-0.32599705553860997,1.7324212965683181,-0.8733123490911059,-0.38087970513952124,0.7112797118188963,-0.6518439009964834,-0.6590296405757813,1.5390004540638262,-0.8857727487891661,-0.8523448956100274,1.9803736390963425,-1.0004042363990802,-0.8700708831477588,2.317758183848073,-1.0433391361893802,-0.8676246578979968,0.7533138449775425,-0.0523874043476398,-0.6555713621192341,1.7363626126713885,-0.28664217932783603,-0.9142783006411037,1.5627259817325814,-0.4807697108381467,-0.8155893658143721,1.2737271455196049,-0.47601696542325167,-0.6744404052611894,0.775145421465926,0.44809751267811715,-0.6284963780912749,1.623018814705904,0.18138556522492774,-0.8003210017361739,1.4515644788487092,-0.05090871767461049,-0.606089076487046,1.1971262469011101,-0.048757844684799954,-0.41742305880058295,0.778434883193969,0.8222600755853221,-0.6082107608180505,1.427779803713033,0.6255029462748077,-0.6940628854720119,1.3346256239094225,0.3782874826055096,-0.5674288904356258,1.1285897357256491,0.34375645207359284,-0.4474574185628038
G,0.0,0.0,0.0,0.3027022749794525,-0.704288778486216,-0.14014010285134512,0.8804589888887807,-1.0158004718242708,-0.2576809890361628,1.3583987087064535,-0.920164766324746,-0.3159918004333568,1.6432064102660777,-0.7184590599694899,-0.36918107570021136,0.7057563993956051,-0.6531802420744492,-0.6674482135243897,1.548336366503303,-0.8886556932128697,-0.8520885568897502,1.9808601587542252,-0.9922619127726124,-0.8616302469937689,2.315734382802531,-1.025462335122904,-0.8541461958718015,0.7503611194309762,-0.0504031920787157,-0.6591037161741454,1.7337157519349033,-0.3093925829203459,-0.8992987733456167,1.5604497014237007,-0.4953462146545087,-0.7912074470467956,1.273910028700721,-0.48663712014083427,-0.6489242310743814,0.7772799150246203,0.44884149640262083,-0.6258246657797463,1.626614815862889,0.15638087037776496,-0.7834678932492106,1.4512050355855288,-0.06405892917941498,-0.5935517773822537,1.1988123991606874,-0.058346624855640246,-0.4122689745970281,0.7884958746940683,0.8206539753794195,-0.5980675813714289,1.4276547823433574,0.5952355280822316,-0.6778635058210125,1.334559793603723,0.35967452470795247,-0.5579725874235849,1.1380801594403827,0.33010114786784345,-0.4452702110312782
G,0.0,0.0,0.0,0.30482988105290243,-0.6889877624953241,-0.14264179528857104,0.9070825613741242,-1.0094826144629696,-0.26159398954456864,1.444327358571351,-0.9568138463632045,-0.31913858596666744,1.787681410869843,-0.8319023220603357,-0.36923833586730753,0.7073553864678325,-0.6746450654170193,-0.6668924653175653,1.526464889799131,-0.8858180979539364,-0.8483717645251291,1.9517096007056671,-0.943068460598992,-0.8558308551451503,2.273367764627775,-0.9339203247169313,-0.8452773517156185,0.7443995262516894,-0.08818771679632771,-0.6618853918334436,1.705766667128166,-0.3033546666178963,-0.8906846025571934,1.5430685787972105,-0.4790779952174449,-0.7804744932916721,1.2648058043979171,-0.4848825124229385,-0.6413612452082925,0.7708769157825163,0.4101704278941365,-0.633059174911125,1.5998432600530192,0.15492521357932496,-0.7796283524407365,1.430579564293775,-0.05855698114463246,-0.5893491733302331,1.1801573979889226,-0.06837588799836533,-0.41339349845717105,0.779008056896934,0.7954825893659079,-0.6107598786711973,1.4093430998414354,0.5722910751462467,-0.6824733640627215,1.3194453385571823,0.34317281166790553,-0.5609685690131416,1.1208585947284013,0.30439695077585366,-0.4501654009649351
G,0.0,0.0,0.0,0.31595166428564225,-0.6894082306191023,-0.1464968778810824,0.9276635856583603,-1.020640881378221,-0.27267630058250464,1.4790091566423975,-1.0040485893702034,-0.3426200562290748,1.842148504705378,-0.913433912413301,-0.40682133145741683,0.7271911219549988,-0.6862073819446556,-0.645442683920537,1.5275982847962584,-0.9116955204607998,-0.8453402059115656,1.963594344756376,-0.9970165333168406,-0.8759473249281847,2.296797173061663,-1.0059224961803777,-0.8818781694656048,0.7576059294456557,-0.08658356983318359,-0.6469440015207858,1.7266714502860017,-0.3225038996325388,-0.9111490721282578,1.5667492016863103,-0.5001767550191807,-0.8339921396089349,1.2847041519366575,-0.4973799981601479,-0.709220130299613,0.7807550557210793,0.4273151376068338,-0.6245707131352748,1.6235611997107324,0.16288763254406374,-0.8009058958431227,1.4565762355876164,-0.06677571260508958,-0.6187372124153009,1.1942262162162305,-0.07475821223036673,-0.4381726324611099,0.7932641195062731,0.8188635506290316,-0.6087831938920405,1.4452604383772258,0.5837054152554115,-0.6981420972795512,1.3453780168100578,0.34729759988207454,-0.576491988509267,1.134764626789072,0.3259518636356831,-0.4594858696692358
G,0.0,0.0,0.0,0.31410017893516884,-0.6928587844722963,-0.11815396157470204,0.8851639342304733,-1.0094498092107662,-0.23418451341853067,1.3731613353472882,-0.9049590617177469,-0.3040174304228713,1.6542828406229966,-0.6630647125418152,-0.3713067446675573,0.7248763690998257,-0.7070970018606336,-0.6073225339788761,1.5513561633688941,-0.9191454969641496,-0.8111594263726177,1.9961098610392445,-1.0096999855832456,-0.8536972082094556,2.340212800175703,-1.029304205414712,-0.8681396687148514,0.776301650971961,-0.10527434231554812,-0.6215086962772416,1.7545804823817677,-0.3432563323098891,-0.8778306497868242,1.5860994850821148,-0.5254265315171267,-0.7989683192640754,1.295516197100617,-0.5252275134053538,-0.6713266651428355,0.812421254674432,0.41316659109022924,-0.6121915370386476,1.6566386161404079,0.1424208545195178,-0.7822465086917139,1.4785155344600367,-0.08922250219704261,-0.6032179413938684,1.2074335259073643,-0.09747208367657925,-0.42187719227942705,0.8317372413785032,0.8174921612966565,-0.6080484977729566,1.4836862620787616,0.5811204087521139,-0.689760093864566,1.3847249739106409,0.33897775484738724,-0.5637000566417841,1.1728168520834537,0.3103378631889429,-0.44148234793273566
G,0.0,0.0,0.0,0.33964215873637565,-0.6639947169460186,-0.14977594029406016,1.0129118616145694,-0.9033440460454497,-0.2691435286276632,1.646078997040068,-0.8213059720729616,-0.32977100615503824,2.074671881749921,-0.6807322970325161,-0.37848466302691824,0.7466437706075395,-0.6848423592136351,-0.6281963602461828,1.5291673385618236,-0.9088362155943409,-0.8131141826799136,1.9532670145793347,-1.006270856864045,-0.8095750631904007,2.2768566035927327,-1.0452128046403928,-0.7889486064481908,0.7721955334482818,-0.09326898054121537,-0.6285021522567174,1.7082405903278037,-0.3418150345740779,-0.877367897936957,1.5263916415175833,-0.4979097693112851,-0.7800332736193151,1.2400174236518817,-0.4992961070033138,-0.6449204939448652,0.7838138168524887,0.4271714957597,-0.6084462227278382,1.6154665577245881,0.15470597971703207,-0.7926979579449464,1.4230986054847903,-0.03791700064222358,-0.6106002887309004,1.1663989036137192,-0.04675233501775048,-0.4297168358907005,0.7875933094095712,0.8277626555523138,-0.5929546619886145,1.4236026184033395,0.5666356171808932,-0.6807185553836557,1.3160834884383947,0.34004252871064283,-0.5614503796700783,1.1213906708536823,0.3095455168141593,-0.4497430020667756
G,0.0,0.0,0.0,0.3441540089641168,-0.6375312457985629,-0.13997004348054923,1.0085324282673593,-0.8357248377585216,-0.26562423582441,1.6352375278020999,-0.7137959616156492,-0.3312535185854497,2.066810283232869,-0.5362930667029641,-0.3849854232608124,0.7426605183227944,-0.6769536797266497,-0.6287567332994066,1.5060194836874345,-0.9137613215654801,-0.8124322753312493,1.9289199951920017,-1.0290764715711913,-0.8139710218497079,2.25487343998021,-1.0766256690382885,-0.7993458133427966,0.7701330567741013,-0.09462027988443729,-0.6308265034844126,1.6782762284282233,-0.3122806659027032,-0.8650979595995169,1.4901850524697369,-0.4650360396863244,-0.7642623331065969,1.2015669084560008,-0.4763772625124785,-0.6342567703127185,0.7810015299313562,0.4158527856713673,-0.6108520475220423,1.5954794594936974,0.1626336360959306,-0.7709867202239464,1.4074473027246448,-0.025291213055969503,-0.5782800871614592,1.1599077068637147,-0.04008833730786039,-0.400897056347517,0.7833581244347092,0.8039313792565437,-0.5948189854338447,1.4031764595619782,0.5509405564442702,-0.6521322818316696,1.2862820991238406,0.3373274560529366,-0.5163571834151518,1.100196979452676,0.31958056463621126,-0.40207539085878274
G,0.0,0.0,0.0,0.34218387680750256,-0.6263311708796476,-0.13958997993300049,1.0064133311168317,-0.8181344930126809,-0.27068117034018996,1.6272745549630943,-0.6879165485195916,-0.3422110117468349,2.0608050648576595,-0.503905158523763,-0.40366186426664885,0.7405495944186089,-0.6794065561268389,-0.642507990901694,1.5075838125979963,-0.9077633551993948,-0.8185620162158933,1.9231396911245355,-1.017509763505208,-0.8145411604352143,2.2426984439263062,-1.0682151348453597,-0.7984302393402843,0.7558215679461827,-0.10310479565313597,-0.6466089688062631,1.657506611271406,-0.3096677840793968,-0.8739421910694551,1.4953833106837489,-0.4448238010813243,-0.7800486231597881,1.2301712240440288,-0.45615385505573336,-0.6622040990962428,0.7623066422772541,0.41032548256106605,-0.6256830860700079,1.5827761652538885,0.1710679240021413,-0.7758085989051562,1.3991857684714695,-0.012929828185365517,-0.5814197261987812,1.1542916444383595,-0.037320751894666195,-0.4099595669703436,0.7689873895103327,0.8048874375467885,-0.6092684272658256,1.3987665541026237,0.558053187042867,-0.666077681370752,1.274535014514581,0.3528670243089118,-0.5298707748835555,1.0858707600882946,0.3377717493413325,-0.41760018614184846
G,0.0,0.0,0.0,0.3445766984188657,-0.6464385561671058,-0.13725631079889536,1.0168854074078346,-0.8558152914131548,-0.2716860567449205,1.6559702175016289,-0.745749561329142,-0.3485521535998541,2.094788554657971,-0.578821160842158,-0.4139140533684537,0.723248588355133,-0.7094678099464367,-0.6436846235133294,1.5036584548732357,-0.9395926361027306,-0.8222852258076,1.9328553229269874,-1.0581011523259318,-0.8076233122288066,2.2601887860202567,-1.114269090273085,-0.7810647110393809,0.7464000780314513,-0.12180289270724223,-0.6542560499092014,1.6815983950697,-0.3633420459166251,-0.8995479394857466,1.5029467629503181,-0.5127228492131055,-0.7981041299121588,1.2210131875866472,-0.5245236098379573,-0.6647886360969396,0.7635194486776973,0.4018957601953844,-0.6395592331414224,1.6001493429347582,0.12893192584148777,-0.8079794610378921,1.4061275880613733,-0.06397656115587809,-0.6083423811807818,1.1553164519106964,-0.08554718622043939,-0.42387278115940974,0.7785594675185172,0.8058496728623208,-0.628515591583504,1.4211906233218279,0.5262062312523103,-0.6883357204857308,1.2914040614775857,0.30933038307209854,-0.5459599342203322,1.098317500075677,0.29218799600621775,-0.4262055028605851
G,0.0,0.0,0.0,0.3089335555886452,-0.660375677051967,-0.11993214867097268,0.9150019622971126,-0.9505599644090577,-0.23657730678034997,1.478108697336818,-0.886572540663507,-0.30326993796122365,1.842343069553509,-0.710379203106849,-0.3654976398465593,0.7396448468506944,-0.7086781544910411,-0.6028650143247295,1.5262085095919695,-0.926678337330595,-0.7947935080307278,1.9560485840048134,-1.0208123593356913,-0.8212940348676514,2.2803761731134036,-1.0534104151352992,-0.8246245450354267,0.7783192065430489,-0.12346083046661213,-0.6156107829356899,1.7217128570161,-0.36891027794665593,-0.8578630806336254,1.5478103055023404,-0.5098301358342634,-0.7724975230050058,1.264954829390888,-0.49836890236990034,-0.6463586060257691,0.801916615480695,0.39664193491549465,-0.60468960958419,1.6161468145461249,0.12856458491819184,-0.7667465180336008,1.4330409509864808,-0.07393688448659828,-0.5820742214898872,1.1755088851988753,-0.08566164355047656,-0.4037067216617098,0.8130924135959298,0.7981046233500643,-0.5980465050334794,1.4401829207562504,0.5266069179964679,-0.6735285213586899,1.3304722839844318,0.3020392877103367,-0.5455581242854787,1.1309328910065246,0.27602267725289226,-0.4265463423497109
G,0.0,0.0,0.0,0.30204681392195665,-0.6518011848947075,-0.12689952422790987,0.8726885377370224,-0.9639319783219806,-0.24904871973044024,1.383861849792696,-0.9390902573031171,-0.31768799474073045,1.7182539658887033,-0.8232031564740536,-0.38166490878217163,0.71586749931939,-0.7144120035215761,-0.6337456160621867,1.4820740188892316,-0.9493433706742108,-0.8573026569481698,1.8964443155573056,-1.036331899086083,-0.926576921886476,2.2223118486801097,-1.060093288606265,-0.9588630419661315,0.7611871105165411,-0.1415187035666352,-0.6329033412175179,1.6785739212527024,-0.39312849995465327,-0.8825076615714055,1.5157614706054967,-0.5560997534287144,-0.8088548071654921,1.2497921204612323,-0.5631514254242069,-0.6956448474867475,0.7946850614617258,0.35261783978933825,-0.609154791702853,1.5944255430267082,0.07495611496590081,-0.7642394038571333,1.4286985587133874,-0.14570661157299972,-0.5845624914808162,1.1745998674628328,-0.15900944763381414,-0.41381417949268057,0.8133718446635108,0.7322085463408409,-0.5913454088780711,1.424587395567585,0.47591200035280484,-0.6690965126311347,1.326786106647597,0.23743797236760839,-0.5502772415766537,1.1313830654450827,0.20986295362257235,-0.43743709619474264
G,0.0,0.0,0.0,0.34653509507293023,-0.6348846599868498,-0.1703048652581644,1.0030948066058116,-1.0177888499484953,-0.29284179159655166,1.6013261097128786,-1.165813125625186,-0.34852734440391436,1.99807813303118,-1.4055156297775273,-0.3913932157130862,0.7252270663404383,-0.7286014444867708,-0.6714075674283564,1.4661034876149925,-0.9266103964981497,-0.8829433997859718,1.8776144174222045,-1.0246141268191973,-0.9252012164628312,2.1986463396876914,-1.0696602367854113,-0.939380240446304,0.7421147992230223,-0.14102204496927787,-0.655269721265111,1.673192084464089,-0.4078026708574909,-0.9191010169053071,1.5217877513794147,-0.5803894542670828,-0.8453185155282001,1.2642493765572482,-0.5764301121706774,-0.7329989358541621,0.7713181604504719,0.36386969617491066,-0.6172728827327496,1.5965991705680385,0.08841594101980228,-0.7958039475494022,1.4371003950878745,-0.13958250159495447,-0.6172797949919961,1.1885579707211975,-0.14394297890903876,-0.4444273192823935,0.7931085906805749,0.7640502000794848,-0.5869913958806607,1.4364475789064952,0.504367455621231,-0.6732802292307103,1.3371722917925963,0.2563636643858935,-0.5584662580577667,1.1373172808360719,0.2314633900390003,-0.4524465114610048
G,0.0,0.0,0.0,0.34802856650496816,-0.644174879174628,-0.18110747486784448,1.0193119430893274,-1.0458154528717778,-0.3074402577860651,1.6309666070594886,-1.204303952035423,-0.36839382635366696,2.031119665906463,-1.4725283206516286,-0.4155455821143947,0.7264498489677633,-0.7461767669573119,-0.6614960667837713,1.4725913148361593,-0.9519029922059842,-0.8756914340949775,1.889813058813378,-1.0588074708717132,-0.9173089072888936,2.2187954705693542,-1.1082320385511264,-0.9320982376262135,0.7463420125718057,-0.1489133831149719,-0.6486897599003087,1.695435525011665,-0.4267670366921527,-0.9277113165290977,1.524148555197657,-0.5957758689921647,-0.8601333921145434,1.247367324356159,-0.5829250553478925,-0.747529233107643,0.7763595023000364,0.3658251844342341,-0.6167466870676418,1.6184079403579676,0.08275183881323032,-0.8148968725873628,1.441830067682841,-0.13613986668263592,-0.6385161230186602,1.1795995805087494,-0.13122023389459705,-0.46144567081727234,0.8012765933194008,0.772088983500423,-0.5931257318269706,1.4576632147010327,0.5047867036722762,-0.6919567982017075,1.3459212695749136,0.26676059070512875,-0.578669973955925,1.1351524663664614,0.25138331464552194,-0.4718554217710117
G,0.0,0.0,0.0,0.3498570353962911,-0.6454886029076372,-0.17721115158234796,1.0120388103939215,-1.0371290333857899,-0.303127447073156,1.6193289813958092,-1.1888013866965363,-0.3637575643519649,2.014881869375011,-1.450754064499364,-0.41114165469917063,0.724266202832897,-0.7359107802559345,-0.6620748037577776,1.4620304744292332,-0.9404895856700463,-0.8732320422090865,1.875686236381026,-1.0489634189272365,-0.9098981501620919,2.1992572576394713,-1.1013040620681058,-0.9197854960762064,0.7477499863210232,-0.14480129942433537,-0.6479988747227372,1.6845289739175344,-0.42700499704778094,-0.9216795099434749,1.5230631242623311,-0.6004926301010189,-0.8495295274606983,1.2551287791850667,-0.5885407442957953,-0.7339440660590816,0.7802728542036117,0.36399954791413847,-0.6140307912560314,1.6068064661044474,0.07111055707244075,-0.809191460943977,1.437292149663241,-0.149850797939474,-0.6340383369723805,1.1814157419113271,-0.1423771785977957,-0.4573205388151602,0.8040573178539162,0.7661185916593867,-0.5876012912191501,1.4508619237158569,0.4906744733131278,-0.6834875697761507,1.3455624052770139,0.2495573038225273,-0.5703691996501024,1.1393398013009335,0.2364014922376799,-0.4631061463545895
G,0.0,0.0,0.0,0.35025920772969255,-0.6430193553215673,-0.1708367077642012,0.998002147370871,-1.0308761339329497,-0.2988742783996958,1.5982760023738458,-1.1871455261756367,-0.3622934722271935,1.9737318142358533,-1.4633473118480302,-0.41344597634417923,0.7192637868295221,-0.7318843447584744,-0.6637341110781074,1.4537048851058862,-0.928230907743052,-0.8723730322016204,1.8573995291718666,-1.0336649419135822,-0.9113154506858029,2.177096392621788,-1.084701492985406,-0.9241391304558644,0.7437725364290526,-0.15232565335541282,-0.6508450732576381,1.665568235631139,-0.42865563279750535,-0.9121113945255614,1.5115345189924192,-0.5945158181806519,-0.835610056174743,1.2568010353169219,-0.5828715507663069,-0.7237880700785821,0.7782649693335838,0.3446993964586638,-0.6171828582215697,1.5993033330004631,0.06294610837068522,-0.7930718321249814,1.4367233650484625,-0.1536212413149192,-0.6095418641274757,1.1879105343661103,-0.1519238608457537,-0.43601297610105527,0.8035505969170786,0.7372453369885344,-0.5922238725176963,1.439858177509348,0.4774114030500973,-0.6741219608514653,1.3363862202028252,0.23773831335555926,-0.5559806450732915,1.1367505374419837,0.2133441072632136,-0.449975265811709
G,0.0,0.0,0.0,0.35044922385374483,-0.6434565185248148,-0.180438153160641,1.0074520880400697,-1.036397735143929,-0.31151835093332175,1.6138020946370428,-1.1931745329001404,-0.3763798276381494,1.9951762115460765,-1.4797938247619218,-0.42791176680686804,0.7220063048418214,-0.7505685817841279,-0.6642854568817846,1.4543867022477954,-0.9361917343723098,-0.8760910216417875,1.8666170175587566,-1.042234680843067,-0.9190792507841125,2.1928086294297295,-1.0898007786809472,-0.9353094875531457,0.7430172695174821,-0.15936499631167234,-0.6500216420622978,1.6746661574683848,-0.41631479740775734,-0.9239951181725707,1.524716228363678,-0.5952100736396714,-0.8605966276006803,1.2613409273767753,-0.5933484185359171,-0.7542689282927918,0.7789304743227432,0.34784632644232444,-0.6153631271020802,1.6074065924114482,0.082848751720149,-0.8025856427087206,1.4470120762293144,-0.14211033927526556,-0.6290875839008532,1.1945469260841035,-0.14457134773018004,-0.4587922258205449,0.8086533609325368,0.7484531464325852,-0.5897939422015853,1.4479923999288098,0.49519665787878525,-0.6784767523455943,1.3411407164036344,0.2517206080943701,-0.5662038907612752,1.137235786721802,0.2280134532684447,-0.46282169969873793
G,0.0,0.0,0.0,0.327907683830564,-0.6445958354592071,-0.1903058316506951,0.9879186453216586,-1.0608150429544179,-0.33028552145752543,1.5718584989344362,-1.274423279422159,-0.40218565463676686,1.8862696510715162,-1.653021985285208,-0.46245938395873487,0.7092393447503926,-0.7518451046240476,-0.6745370282214725,1.422355700972388,-0.9506065388212851,-0.8950998218741115,1.8445143702650055,-1.0777042298014103,-0.9393207973917105,2.168466940553554,-1.1272363776349623,-0.9533753884440439,0.7352569040167886,-0.1533899966602266,-0.6602036004296117,1.6877101091827769,-0.4174114217083909,-0.9521504516242876,1.5351245947181866,-0.5968288561577535,-0.8892654737327346,1.2628478116977635,-0.5802817131606325,-0.774504282607777,0.7654518435868494,0.3684806289466345,-0.6255581548373177,1.6135625349042333,0.10665038372372981,-0.8329469351287409,1.4506360593539083,-0.12332286047811417,-0.6600517953184436,1.1989510569849526,-0.11779953145112845,-0.4808488714468603,0.7851205997698009,0.7805990146894153,-0.5989281657490231,1.4539503037331682,0.5508319846497681,-0.6969218379262034,1.349090402256058,0.30469624242999077,-0.5837877861308409,1.1425416051013677,0.27453958213554736,-0.4763167132601045
G,0.0,0.0,0.0,0.32582202643192254,-0.6428634803143909,-0.1987273270817048,1.008106883885517,-1.0406985476840387,-0.3449832946976962,1.610080181471018,-1.2303956426470377,-0.41920532152873846,1.9356016223450934,-1.6087708196137704,-0.48046967573232846,0.6939289029488556,-0.7297739633734875,-0.7089215241360649,1.4316607836608473,-0.9217318091575287,-0.9251806575858794,1.8566509178353854,-1.0385991018063199,-0.9577022933248719,2.1789673535663474,-1.0802647890704191,-0.963796363063454,0.7087602720838271,-0.12900797124840047,-0.6935530405600073,1.6881778309919955,-0.38327543502381356,-0.989717136850105,1.5546626273849584,-0.5641113049656965,-0.9252092737032287,1.289465512892119,-0.5472121305380427,-0.8094010100477194,0.7394547415874128,0.3973641810158687,-0.6554162091329246,1.6075787140422466,0.13931349591589035,-0.8617257744969105,1.4509336223698697,-0.09707889852476152,-0.6840761424883885,1.1992023686264053,-0.09417540954493776,-0.5026176975056396,0.7640295497027545,0.8146582081829893,-0.6261848064854649,1.4466869595350633,0.5848985489310758,-0.7194326350558388,1.3426421690732375,0.33683326022645294,-0.6014859951949432,1.1315430101493453,0.31267660415649606,-0.4919829323877266
G,0.0,0.0,0.0,-0.2195703893620422,-0.34255190202601205,-0.29306032120336717,-0.681274154554923,-0.45923212035294386,-0.5991091463405647,-1.243612173955526,-0.16457183711271356,-0.8512585224295349,-1.670789911653355,0.1203800491970125,-1.1425519532143336,-0.17594751248828341,-0.06614322683270048,-0.8368874731452155,-0.9637677597069054,0.1983641348187725,-1.0991884749574334,-1.3737502566169033,0.22567504666109353,-1.2842512914331672,-1.6223058362903382,0.2112893609629434,-1.4146146475943742,-0.07258897621058966,0.5553449954186082,-0.8284460010140701,-0.968151683832118,0.7647723499959553,-0.9879752753791882,-1.0743178661020367,0.6998789456312354,-0.9994584965781229,-1.0377631043768825,0.5919640300914539,-1.0725645200164287,-0.06499904109062872,1.0001984300974078,-0.8021223311937771,-0.9509901704326793,1.1866345240099552,-0.9121138674915206,-0.9317203770757968,1.1350748926450291,-0.7710182017974772,-0.7707217340352372,1.0217355948664157,-0.7229990712107679,-0.1209546875313233,1.3280540999057309,-0.8033927560051389,-0.8430179819692123,1.520703669672332,-0.9044195683772883,-0.8323836727724598,1.5560003361738624,-0.7617433290809809,-0.6669794691688509,1.5474482159359857,-0.6798397868359519
G,0.0,0.0,0.0,-0.2217876429309051,-0.5015884821256459,-0.15386264339722008,-0.609410128826604,-0.7086990615559896,-0.3846508785630134,-0.9325200417826077,-0.6705677115289761,-0.5605909954822293,-1.1477822270718594,-0.6077999552008982,-0.7566991157348382,-0.39067558895395643,-0.8299683802323954,-0.8454858955631336,-1.00732057769181,-0.8314289143168582,-1.1117360429675405,-1.394151832287734,-0.8119884884260992,-1.2027661118661905,-1.6614924900744017,-0.8043402452070151,-1.2449113225288972,-0.3230469926260259,-0.36306823463688553,-0.8739691628157916,-1.0212518885766997,-0.25730242006463777,-1.1317547327717628,-1.0976171194275044,-0.278552212957354,-1.0798836854554272,-0.9386883531989199,-0.31537788463430655,-1.0270020007145748,-0.3039534435803268,0.11426983948144682,-0.8789217752140319,-0.9654612796166196,0.22110986383233408,-1.0907023145758237,-1.002643771506841,0.11369736228226901,-0.9761173844263784,-0.8146996048203832,0.01101431786686946,-0.870407154912479,-0.32275684188156784,0.5356039297382972,-0.8836452826283757,-0.8952359971318261,0.6830732086151162,-1.0530831295145895,-0.9497496168042184,0.5529295153152369,-1.0049597539768123,-0.8012551929656598,0.4177671921724514,-0.94633055790213
G,0.0,0.0,0.0,-0.23595764381362233,-0.49011912955369363,-0.18626075479063534,-0.6012836069729177,-0.7432272513687834,-0.4326373417519996,-0.9447278382604676,-0.7416094493647231,-0.6219198986085572,-1.1873116805353172,-0.6964188678698564,-0.8254465056850183,-0.3643189218647499,-0.8690131815346476,-0.8305987878469984,-0.9957649068172718,-0.865200131037531,-1.1132819262061135,-1.3763452929130682,-0.8597772104936205,-1.2264306620551069,-1.6533079830112092,-0.8689141907079626,-1.2895163736996131,-0.2775629806240642,-0.42684558916111837,-0.8606751040902619,-0.9319916531169118,-0.33863175417486346,-1.137391110317417,-0.9940861873814053,-0.3293713527054558,-1.1000986166314493,-0.8647105706350472,-0.35130733916490375,-1.0577124579477004,-0.24861450938451385,0.04708980934273981,-0.8765482990131167,-0.8542207157893434,0.1487305443113109,-1.1133929736078436,-0.8865142520472912,0.0908672333310199,-0.998309792020714,-0.7399789562290364,-0.007051192731562544,-0.8909922345561341,-0.2716400294940782,0.4644928792956134,-0.8972725996805453,-0.7872594498244612,0.5979287063275099,-1.0898937570103282,-0.8520229290699619,0.48665349878484654,-1.0503312957938546,-0.7550169953713092,0.3460329048610208,-0.99778271346036
G,0.0,0.0,0.0,-0.2298985864348404,-0.5374683185043105,-0.1918478018450552,-0.5823133976305184,-0.828465560266658,-0.44837197230548215,-0.95109071109407,-0.8053036285557927,-0.6564968905845548,-1.18428201037702,-0.7329703621467534,-0.8803814530395383,-0.3522177068847336,-0.9694222486176252,-0.7969633279753634,-1.021332295846815,-0.9525285017086239,-1.090036941509072,-1.4237244277048593,-0.9328200784679543,-1.2166535382936798,-1.71424497151994,-0.9342761070875107,-1.291113791120991,-0.2661042054665672,-0.4718888028651831,-0.840541200396192,-0.9216729763462047,-0.3839491584507126,-1.1293897876517556,-1.0096629844258656,-0.40085428319769706,-1.1094735515467458,-0.9328446746765356,-0.4513996591534897,-1.0817176504290154,-0.24117067745325846,0.04298614118512861,-0.8745441201907147,-0.8387096301590643,0.13537485489332515,-1.1337619728785215,-0.8933771298877127,0.05788709323560121,-1.0269929268681575,-0.7954845543762884,-0.07378795645942118,-0.9235155061184486,-0.2734061003134346,0.48531699418141816,-0.9146579429090984,-0.7679123718777574,0.5921070389957072,-1.121479429454507,-0.8279391679387881,0.48906532251229634,-1.0782541863505843,-0.7555453312746029,0.34061231214186644,-1.022242846831317
G,0.0,0.0,0.0,-0.22726873015717264,-0.531099181176952,-0.21071248346985827,-0.5915129858709883,-0.8317075005167682,-0.46932603725848066,-0.9738520425001208,-0.8225693674124332,-0.6708331410208226,-1.2120236598977223,-0.7720418451256679,-0.885704223877949,-0.3495789991464837,-0.9395474509074092,-0.8301261948083918,-0.9974122586989348,-0.945337374703585,-1.1309486631538839,-1.3993498996688716,-0.941151863574399,-1.2633589477328298,-1.6922528467081523,-0.9625817337812158,-1.3398371712743886,-0.26720173977168243,-0.43865733435869764,-0.8580110566165845,-0.8886796188221096,-0.36346150991132203,-1.1532907665425487,-0.9956732856081846,-0.39688172848408915,-1.133185459913751,-0.9220722267269604,-0.44499780821995083,-1.1041550048810205,-0.24818530806766673,0.06917237427918506,-0.8763256617346202,-0.8177378331857363,0.15137731647349692,-1.1394612316676582,-0.892202806579955,0.06615748893791866,-1.0350302839533896,-0.8036620477454842,-0.06452779421355982,-0.9315105714450203,-0.2843852223164376,0.5041165727911194,-0.9014834710981073,-0.7703030383642423,0.6097722864885291,-1.1092396091753955,-0.8325221815496229,0.4995285446959251,-1.0692936258735517,-0.7598605506948509,0.34433097629049575,-1.0148048043874263
G,0.0,0.0,0.0,-0.2279602684653984,-0.544199378896452,-0.22316571481628508,-0.5805963173504958,-0.8502788792863665,-0.4942535834453856,-0.9571405881421976,-0.837401894171109,-0.709339980349278,-1.1836906692084854,-0.7704369264861737,-0.9377654305751659,-0.33462725398661075,-0.9551319252219943,-0.8338170823795928,-0.9895202007558348,-0.9647324419894915,-1.1389678181004548,-1.4011594396328588,-0.9678981688038212,-1.276500724211483,-1.6971518673690333,-0.9871678688215505,-1.3573628286908388,-0.2512257518975784,-0.4413618961893415,-0.8614437289664632,-0.8787744598202003,-0.35752584297672596,-1.1676359063421402,-0.9824101903891058,-0.394588913633381,-1.15717133633356,-0.9048976806956188,-0.4510691152854025,-1.1345303308038028,-0.22991457042010316,0.07486531580392865,-0.8806704282823817,-0.8140455286294267,0.15597894493634235,-1.1577296722562895,-0.8958953028488089,0.06942753625204179,-1.0626410674856686,-0.8066632085345965,-0.06198967709029349,-0.9628513331507376,-0.2656534550812693,0.5107433181858211,-0.9072775122407987,-0.7594472598449137,0.6055946196705193,-1.1232555636190302,-0.8399597206529901,0.4921784594173427,-1.0878958593147319,-0.7753795668414758,0.3368242448337272,-1.0363588870687224
G,0.0,0.0,0.0,-0.22132005187424936,-0.5435789067349646,-0.21168512635119294,-0.569028233387002,-0.8257634604627333,-0.48570015614397793,-0.9381841295608471,-0.7887473098897398,-0.706290091514014,-1.1698445716107895,-0.7024959600844135,-0.9425537096540774,-0.3348061646276144,-0.9409606301070634,-0.8308646033263858,-0.9843712607747984,-0.943113004801243,-1.1327691207800403,-1.3808115061667063,-0.9454842202337956,-1.2674779091723716,-1.6726032344240782,-0.9583478904034486,-1.3480969198532269,-0.25039545716558276,-0.43554563080858344,-0.8646398779343871,-0.9051464507194543,-0.34830222502764147,-1.1589337293771753,-0.9834935837953719,-0.3866952210316375,-1.1410927547100698,-0.9044816641259978,-0.45192761212401333,-1.1191687639253958,-0.23102970469523584,0.07522964427950213,-0.8892093788686303,-0.8398446388490447,0.15666980359195648,-1.153452876307628,-0.8874375408181794,0.07139265870503698,-1.0460700896001796,-0.7873565803031305,-0.05855840972226498,-0.944429062386389,-0.2692478264536135,0.5034745232648701,-0.9211783909472203,-0.7717805411631591,0.5844955133080539,-1.1263343105190122,-0.8375177204843803,0.4704451088018146,-1.0818412942204345,-0.774908773651413,0.32365850997592893,-1.028994726942246
G,0.0,0.0,0.0,-0.22459377477227402,-0.5486946568865985,-0.2042348179465139,-0.5830765536194991,-0.8288868151110903,-0.46630977989781663,-0.9627588308959637,-0.7721349439224825,-0.6743842872575475,-1.1866852575862947,-0.6761572825432509,-0.8978513008204984,-0.367312228116521,-0.968070331328049,-0.8156378437803683,-1.0361676347063558,-0.9798790805198682,-1.1178653586257028,-1.455165791590523,-0.9812676587351118,-1.254902859128396,-1.7575604437544001,-1.000367301551408,-1.3331754618677132,-0.2759344465738958,-0.45375551198767505,-0.8473288125248432,-0.9318169771043615,-0.36386549281852515,-1.1367667189249806,-1.0388483525608458,-0.39901443658826946,-1.116397415923985,-0.9623396148084896,-0.4523116789299564,-1.087620539523957,-0.2480002065216133,0.07332901032669355,-0.8690156518007573,-0.8683291631004829,0.15570025254587902,-1.12822418299922,-0.9573004418143173,0.0634943347616862,-1.0189489804613556,-0.8710421415462319,-0.0643966017235931,-0.9098848445577908,-0.28001644096146555,0.5294416046629333,-0.89680231680792,-0.8050277054907905,0.6156570052086001,-1.093826670767359,-0.8952296914413681,0.4948448661201606,-1.0405600588274788,-0.8381830133603001,0.34442230902510107,-0.9759213310705553
G,0.0,0.0,0.0,-0.23526579428039318,-0.5547037014069287,-0.19449151145205634,-0.6187511593447594,-0.8700056425874573,-0.44423446206195044,-1.026176492889776,-0.8595607460661204,-0.641709151676765,-1.2797454152179246,-0.8071868332270471,-0.8532399684289833,-0.3794452143368124,-0.9738707230038988,-0.8041663191251489,-1.0517475684556818,-0.9811806977749086,-1.1022478096361108,-1.4749037200411377,-0.9755542344414847,-1.233694355689395,-1.7789990855991247,-0.994598287391502,-1.3091391549283844,-0.29291196545759796,-0.4536359411046763,-0.8416751234471894,-0.940918243632288,-0.38723564881335065,-1.1435923358261175,-1.0664330666760296,-0.4157775150062766,-1.1311385193229355,-0.9949146159737237,-0.4536183000355748,-1.1036446537007978,-0.26388618052598645,0.07182232676516175,-0.8679454425658135,-0.8691263563589092,0.15341157955285853,-1.1342240633749443,-0.9666195517965606,0.06446496323989896,-1.033604247866543,-0.8800624355885617,-0.061478779915329435,-0.9295294635649493,-0.29201642177321124,0.5264337152201549,-0.8995084283181962,-0.8078156854550174,0.6370712366549848,-1.1070312201133077,-0.9028322131521477,0.5212423982579009,-1.0679565979568533,-0.8451185908283785,0.36217495358978274,-1.012464453202436
G,0.0,0.0,0.0,-0.2301962161347875,-0.5431784777841355,-0.1773455342124686,-0.6191957046239809,-0.8252071219632556,-0.4266307356314932,-1.0020342662261474,-0.8132488414675048,-0.6264729824697007,-1.2535591465260976,-0.7649028214668955,-0.8445218702551461,-0.38034343746855215,-0.9592597333521591,-0.8009492872011992,-1.055101613281557,-0.9610970768835813,-1.0838690959572115,-1.4619592471379048,-0.948466664208863,-1.204270453347215,-1.7598422832030078,-0.9639670505343931,-1.2746914195052923,-0.291281652452764,-0.45094806963892975,-0.8436829009961682,-1.0000392262023037,-0.3649411202509852,-1.1219440854197191,-1.0679336314395447,-0.38268479470814765,-1.0946350850419497,-0.9443952585594496,-0.4273151231408407,-1.0629054573132395,-0.26218895610437465,0.06791849538397066,-0.8714648199990981,-0.924223775697832,0.15546618904998533,-1.107885349151669,-0.9667198196415416,0.07561811632381395,-0.9849950183038116,-0.8351162023180471,-0.040490923645702295,-0.8747413362324856,-0.28975013418833506,0.5167951541083604,-0.9040403364970171,-0.8400411850813703,0.6272565069126643,-1.0838410762120791,-0.8968713788855285,0.5062651972059412,-1.0218628522222182,-0.8049399619231374,0.35315232504286403,-0.9562255741370711
G,0.0,0.0,0.0,-0.2401017263053714,-0.5361090336761055,-0.17954129067691754,-0.6206672486296367,-0.8157343746120267,-0.426465809462986,-0.9960757667562601,-0.782625270914392,-0.6228438676453946,-1.2437586399312548,-0.7012972882642178,-0.8374985311368762,-0.3839032102107162,-0.9595790480604156,-0.8002759689806319,-1.0714695061921702,-0.9594594994052694,-1.0846135481999266,-1.491948903857932,-0.9424390187660919,-1.2054540025785452,-1.7948026175920226,-0.9545842637864473,-1.275147413365318,-0.2953200753618158,-0.45376626952256627,-0.8407628831792381,-0.981144796209558,-0.36782149747914605,-1.1239385773115593,-1.074705439515209,-0.37559803384150103,-1.0998502143322952,-0.9723011326176685,-0.4069311835291608,-1.0661531281956576,-0.26223204816118667,0.07047289565963326,-0.8666440440902644,-0.9100109277831773,0.1678753351981462,-1.1089297792082917,-0.9870944149011459,0.0852516662566479,-0.993984092801595,-0.880535619479104,-0.036458884656137856,-0.8846091664149033,-0.2868549249251652,0.5275340090419506,-0.8968737009531466,-0.8286926195906449,0.6449207684215018,-1.086681549899966,-0.9247409805756381,0.529394614556292,-1.034577512413348,-0.8649732178130966,0.3719169027087632,-0.9716576040412733
G,0.0,0.0,0.0,-0.23303698303450865,-0.5423215307294352,-0.18326118566685765,-0.618037882329503,-0.829914129623603,-0.4280362017286686,-1.0048415189848012,-0.8025364384312873,-0.6194809647835567,-1.2552609546265046,-0.7207942574836546,-0.8277008452795365,-0.38371900649028423,-0.9586346231549547,-0.8061990721368503,-1.0697208822219448,-0.9641496308348569,-1.0941897352094556,-1.494566390019877,-0.9487544749726292,-1.2171006691216184,-1.7973129042322749,-0.9599261932307707,-1.285060083100842,-0.3026901786698883,-0.4508149832359229,-0.8397288292221398,-0.9684674218322261,-0.366784818905389,-1.122271879895759,-1.0820638959007285,-0.3810743465437647,-1.0960807776686012,-0.9909136793540094,-0.4088819850666437,-1.060328185971963,-0.277235153876225,0.07278310160449637,-0.8592258519701856,-0.8973031894370211,0.16918807636173344,-1.101337782388483,-0.9968906039208071,0.08058401896634855,-0.991660689522087,-0.9061050131246863,-0.04065628961694735,-0.8847332377128686,-0.3068997916009662,0.5323276746116151,-0.8828200757769095,-0.8371427055229047,0.6482323506472936,-1.0680499570808417,-0.9404327130551831,0.5259804216166032,-1.0181269027421134,-0.8838068524125062,0.3641595135010813,-0.9568787626790557
G,0.0,0.0,0.0,-0.2338154420837191,-0.5446773297742153,-0.2109262895277661,-0.6047277943438135,-0.8486430344380222,-0.46822557466076997,-0.9998110787412416,-0.8165939186431145,-0.6678886862557751,-1.2280661725689155,-0.7436365263930166,-0.8793479183548224,-0.3684508677044298,-0.9550379235000781,-0.8263255995443649,-1.0256268107538984,-0.9553422822779617,-1.1336786604496967,-1.450933911302413,-0.9441864411984698,-1.274551308458321,-1.7560375492893612,-0.9613076460826033,-1.3551074338737437,-0.28479656100741135,-0.44248068107435773,-0.8503539061557397,-0.8650453111326928,-0.3600168539468865,-1.153850703812252,-1.026047351329842,-0.39344274963950804,-1.1452158883273718,-0.9953132565326512,-0.4362761294857515,-1.1232990707375652,-0.2557995632261464,0.07395713576937944,-0.8642804528026193,-0.7868111156315063,0.15542736114662956,-1.1303661996697698,-0.9388236531805352,0.06951356585415625,-1.0427411539728335,-0.9080424714872145,-0.05311981939429187,-0.9499780919451046,-0.2814957013468209,0.5211891576307666,-0.8844761249155878,-0.7515877288605315,0.6283022924635007,-1.0894992948533897,-0.8908120795975623,0.5138971717090715,-1.060355662335807,-0.8828939744410953,0.3510109732479384,-1.0141501100659935
G,0.0,0.0,0.0,-0.26089107765897523,-0.579829671566051,-0.21663307072710547,-0.6385618510009899,-0.8872557050807078,-0.482200274474373,-1.0690271389314896,-0.817507601535146,-0.6881206475274935,-1.3481505247532088,-0.7077877711309183,-0.9049673594085809,-0.34609826283213463,-0.9590571169298823,-0.8363976599898187,-0.9760566907278662,-0.9625546898664276,-1.1528100681459543,-1.3880554884354468,-0.9703683659076637,-1.301503328575601,-1.6910424519745428,-0.9919403657198389,-1.3895137155876094,-0.2488478181396437,-0.43573600226957576,-0.8649906934373729,-0.8105839876367997,-0.3797714290003391,-1.1829674377554762,-0.9807946621693229,-0.4152056442610581,-1.1864995844798145,-0.9793176972050786,-0.45708489044623896,-1.1780484222922263,-0.2202946382208756,0.08934650211169645,-0.8836245173869258,-0.7518119546730747,0.15716903302283178,-1.1752696605447484,-0.9004039632956132,0.05928740381033516,-1.0977037082594236,-0.8784443283060142,-0.07152311840457398,-1.0118491587148284,-0.25506326548802144,0.5482721487080221,-0.9066196628680615,-0.7438514677693872,0.6353224744304264,-1.1313928839648328,-0.8787335218610519,0.5167950141644678,-1.1054724213451064,-0.8598323897344485,0.3610586644072291,-1.0636855706273036
G,0.0,0.0,0.0,-0.2805863688381342,-0.5865482085901603,-0.1796548927182329,-0.6571988524379918,-0.872872353361848,-0.4311794563074624,-1.084518253553519,-0.7502569799716607,-0.6337004266330106,-1.3699358896150284,-0.5810635278922445,-0.8521740163962096,-0.40078486096406374,-1.0145949911540233,-0.7744238729526617,-1.0427029994323942,-1.0164240498217085,-1.0754538312133424,-1.4632818684202147,-1.0045642209630279,-1.2166048658923558,-1.7764681512610432,-1.0108021273410879,-1.3032318791356894,-0.2965998113385746,-0.4811155063946267,-0.8249584361775835,-0.9068623305636532,-0.4146384386296756,-1.1260545200244765,-1.049257274855001,-0.41622687858742374,-1.1299835562036282,-1.0307795402926412,-0.44503339406893816,-1.1241259165053097,-0.2578102929358894,0.0690254872573078,-0.864068333936648,-0.8393796548272462,0.15863046894925623,-1.143317664809898,-0.976630349336219,0.07655596169793387,-1.0623228226218677,-0.9554477040020025,-0.04620378291821568,-0.9765133782840762,-0.2865783094238139,0.5567788617967344,-0.9048099830212493,-0.803266885895551,0.6524574161996597,-1.1254536861939592,-0.9482298556482134,0.5419906141200777,-1.0950373424249247,-0.9488191041334373,0.39525669066227775,-1.0503789554507905
G,0.0,0.0,0.0,-0.25346260322835484,-0.5817114763661344,-0.20754289182138544,-0.623886094120945,-0.8669285825237805,-0.4763243194055396,-1.0387642056790758,-0.7649979678548149,-0.6883760760433421,-1.3023838869412183,-0.6166248758062618,-0.9152803804841341,-0.3470388186762005,-0.9666637167710925,-0.8331618723262586,-1.0078328325500434,-0.9620146291561659,-1.1407236032257875,-1.4257472654740635,-0.9688700693801378,-1.2817138662829466,-1.7299996428178857,-0.9933735247506927,-1.365189118212574,-0.24951179061654524,-0.430273479620324,-0.8675301718549875,-0.8836643860766382,-0.34964674078728936,-1.180386570335283,-1.0151094823565083,-0.39586651368321063,-1.1784312425044803,-0.9662172556565933,-0.45592833470721905,-1.1638941634937074,-0.22122726904377812,0.10842727270901546,-0.8892083490455526,-0.8292399695730229,0.19028747873741045,-1.1760286644488032,-0.9471947855942816,0.07450394375296607,-1.0862569254776338,-0.8839049770621422,-0.06990535920205194,-0.9893359341861283,-0.2586780967348103,0.5731554156046869,-0.9143781642884945,-0.798231789700805,0.6646617068594655,-1.132239877582066,-0.9211274888179513,0.5308124543031679,-1.0924477594078303,-0.8799362779484948,0.36781416591861205,-1.0392674192501752
G,0.0,0.0,0.0,-0.28511252858234093,-0.6106051353117896,-0.2032308993531321,-0.7457146881619716,-1.0096403867193198,-0.43261447215482735,-1.2286155252038171,-1.1351195290800793,-0.6049082722874731,-1.6251062019821065,-1.3240861097788112,-0.7885561386441841,-0.3374387572819426,-1.0108932240089625,-0.8199070220974237,-1.0281863964515672,-1.0240136812338183,-1.1117606736559522,-1.464884201389604,-1.0329482739282645,-1.2288281824445528,-1.7989943562748953,-1.0707061599755632,-1.304115485231666,-0.2509601110149439,-0.4561569613828518,-0.8537797428267613,-0.9886581015579423,-0.3971870424612935,-1.1463361520952817,-1.0485283831380923,-0.4240437830539607,-1.118121744970369,-0.9350158458161882,-0.48296914041594563,-1.097066408071986,-0.22348937057274632,0.08956617793153214,-0.8772769253492211,-0.9063298897289057,0.13776425297295838,-1.152621614861898,-0.964299365112175,0.06428114546053626,-1.0356593918892563,-0.8537669734014065,-0.06087620399871432,-0.9321354925121151,-0.2571994598725756,0.5600339745937428,-0.904970747533299,-0.8239096327112423,0.6591571460190071,-1.1307551297387413,-0.8963641717666284,0.551117279574863,-1.09623690559829,-0.8119090586146794,0.4020679942693096,-1.0534864812146991
G,0.0,0.0,0.0,-0.31548116392744063,-0.6012836922876108,-0.1575862224195959,-0.8351118570079323,-1.012644052336692,-0.3314523650428639,-1.341038223013081,-1.1086741980992079,-0.45637984304291146,-1.7202525841844782,-1.2067749713582925,-0.5902889367219881,-0.48701517269514405,-1.0279516367022352,-0.7190933509779219,-1.1693903745518435,-1.0794333523454975,-0.9516274183316649,-1.6086278346086262,-1.0587772744100292,-1.032757113498742,-1.946060876951639,-1.0768005181104665,-1.0846865687240548,-0.3978272407018096,-0.5183280801462865,-0.7570135321693061,-1.082277372657668,-0.4867258226709482,-1.0169627075776202,-1.2403962250991165,-0.5212040114276681,-1.0036762707788576,-1.1795065103420066,-0.5508657951347934,-0.9857010728073452,-0.3658553179539236,-0.005127985187173542,-0.7785358674262827,-0.9976537849121813,0.05400196511051472,-1.012929734749671,-1.141734320752217,-0.03722289065909812,-0.9300097087172706,-1.0705742936121259,-0.14115225622713914,-0.8479130932555835,-0.3953485830595965,0.46318664244978125,-0.8024546626884873,-0.9459999651653079,0.6018394451221877,-1.006311256315184,-1.0647076949802887,0.4890610602268188,-0.9990714999941721,-0.992151473299654,0.3449095314440436,-0.9697221031626114
G,0.0,0.0,0.0,-0.29449570995008073,-0.6626958078792727,-0.18884654979683604,-0.7389937118413414,-0.9706175568381037,-0.4519818395336759,-1.2193776453425922,-0.9357249532650337,-0.6666214782101978,-1.5855735957867287,-0.8771629720352043,-0.9010638800042133,-0.342304708045118,-1.0053672831995613,-0.8137248449225926,-0.9905562926627827,-0.9855589044184669,-1.122874490948749,-1.4321695005443191,-0.9868481134851054,-1.2593659565668132,-1.7780711792158077,-0.978442661855546,-1.347193094081404,-0.22906936247883303,-0.41921757320149866,-0.8785122955841809,-1.0892918106918061,-0.38322319484197276,-1.1826195359971563,-1.196582838246606,-0.4500219736732208,-1.1822931830878995,-1.1116119561234403,-0.5272938730598135,-1.182826487009853,-0.21497791336342303,0.15649252610270564,-0.9301314754022993,-1.0773262124594878,0.1495129006673833,-1.2262859234959598,-1.1508048691738606,0.022126082827201597,-1.1038826848912395,-1.0185020441815447,-0.1108601960433437,-0.9883409586661076,-0.2828372240746821,0.6810153913857543,-0.984945875749187,-1.0102409427245422,0.7181487367955837,-1.2375307835261422,-1.151991891574977,0.5343162143625252,-1.1938092520519807,-1.1002742074936978,0.3555300561251857,-1.136108400614306
G,0.0,0.0,0.0,-0.30877309157320293,-0.6182180637708858,-0.17009539519505623,-0.712580610460021,-0.9179701592189755,-0.410047436621393,-1.178934767805191,-0.8680040314806172,-0.605112904022459,-1.4836627748403082,-0.8356262857762825,-0.8206010909513854,-0.37303829171536,-1.0333665644202108,-0.7784584683170233,-0.9834792464632105,-1.0483120949383742,-1.0823471693396143,-1.41152803669191,-1.0416760934408071,-1.2403730382439229,-1.7416830935764371,-1.0649042777545876,-1.3513560048944353,-0.26165573768264,-0.4728074799486217,-0.8414210371998,-0.8693793892778636,-0.4621401947041744,-1.1617838879559255,-1.2405707356333355,-0.5127012091792345,-1.2515075529064208,-1.4609742740984073,-0.5797850393357643,-1.3299403547572082,-0.23156093338667355,0.07788077020256598,-0.8894993619727273,-0.8401507662194027,0.15617592732001395,-1.181415604240479,-1.1666865656102778,0.05200029172631107,-1.2161977746336625,-1.3502000444148785,-0.09140663512013886,-1.2362407000193338,-0.2653754140912478,0.5705130867179399,-0.9353848136588382,-0.7802618696042641,0.685372713777023,-1.1991330055133385,-1.0991238843167876,0.6064721377401112,-1.2685583396461813,-1.315267699622656,0.4900188824755045,-1.3129456791290597
G,0.0,0.0,0.0,-0.2266252389926657,-0.5470605350401286,-0.18061123771514148,-0.5933631165927287,-0.7699243566247391,-0.4355506053887255,-0.9827620475396124,-0.6886357339604489,-0.6331224434111539,-1.243415390599668,-0.6037576845871968,-0.8471908029040897,-0.28450874074110166,-0.8662982899002233,-0.8597480420497982,-0.8418055995451199,-0.8753319575117159,-1.172800365606157,-1.2214552473044502,-0.8727220466057698,-1.3170076136404387,-1.511554325136718,-0.8867303373930865,-1.412155313971596,-0.21080688995578173,-0.38326848551720755,-0.8992584295721208,-0.8341395457082033,-0.3325040560329208,-1.199904165687135,-1.061415664000784,-0.39187665197536675,-1.2164677811129812,-1.1207706772509434,-0.4593372863696056,-1.2376646757203076,-0.20561072485714765,0.10862427451946452,-0.9238747582225296,-0.8152336759058088,0.17775174814246414,-1.1902913082074593,-0.987407075156393,0.06335363716142525,-1.1371585699935087,-0.9899739883875658,-0.07784305434676365,-1.0903208352247702,-0.24602246512313947,0.5387921940710704,-0.9504999094666718,-0.7403269311708917,0.6247149750514552,-1.2015419934736231,-1.0042482573563802,0.5122592720401038,-1.2395023068282331,-1.1333806644735114,0.3820050891550935,-1.2549391114425
G,0.0,0.0,0.0,-0.22937091857451544,-0.6541219864823441,-0.16358086214018955,-0.6884876325665827,-0.9329229389739,-0.39067568765592314,-1.133602896066849,-0.831820142301518,-0.5606300782135943,-1.4592416798715642,-0.6857393824868976,-0.7486883801843739,-0.3412863537156968,-1.0002374652225186,-0.8033248655513975,-1.0174121229897413,-1.0246040971187784,-1.078931743953907,-1.430905998573282,-1.036652776756389,-1.1967890496374367,-1.7432782066269017,-1.0422635907643134,-1.2650111008281881,-0.271511720865971,-0.4648549062883806,-0.8427284862469169,-1.0723969026937485,-0.3873319719133205,-1.1005320714404323,-1.110262548499831,-0.42834197435685595,-1.0586232536813205,-0.934764662089495,-0.4703702773052899,-1.0225496135392398,-0.27824680250189804,0.07406230942327388,-0.8641100750914865,-1.0550667418023816,0.09392170957654038,-1.0775470947819754,-1.0740359455413515,-0.01677655525336885,-0.9349288651499505,-0.8732282472589071,-0.09692036141972511,-0.8117937072237297,-0.3398234993553098,0.5532714060789943,-0.8889682565365293,-0.9987782398731968,0.5745900315815825,-1.0608203477054765,-1.0615173089707959,0.4071195176474958,-0.9917709727171333,-0.9190477780671682,0.28916105328052333,-0.9192842891730979
G,0.0,0.0,0.0,-0.22578501017301894,-0.6751040971782437,-0.17079310691540142,-0.6882137298529909,-0.9607127552533311,-0.40044472578969703,-1.130203982037271,-0.8742297173929197,-0.5711329032985233,-1.441949020153114,-0.7236195105784589,-0.7600164872568356,-0.31731898464237845,-0.999736533996932,-0.8234004935027285,-0.9885097370254988,-1.0032296611350873,-1.100878790485247,-1.4010402340387214,-1.0205450898253112,-1.2179789013101314,-1.7146168926998588,-1.0255066261230867,-1.2862327813890049,-0.2526872649443038,-0.4464991767852094,-0.8583633445488558,-1.043278647900533,-0.3712813020216735,-1.1099865829151476,-1.0790431157044293,-0.4479053314771308,-1.060527218051218,-0.9056913880339944,-0.5082016790002158,-1.0235449877091056,-0.26652078677834135,0.09707027875961169,-0.8754582585039308,-1.0360687118740017,0.09705000986315156,-1.0863549498516814,-1.0522888962662194,-0.0351705167486986,-0.940369851848216,-0.8467946802003972,-0.11497965850503322,-0.8167726548464115,-0.331091337842456,0.5682026797463106,-0.8970217402393048,-0.985630105949842,0.5663553146118017,-1.0725030593302267,-1.0441154637686727,0.38194672295007703,-1.0064465447943791,-0.897921523742752,0.2688600345965879,-0.9368808870727267
G,0.0,0.0,0.0,-0.21931130256222414,-0.6672837740074815,-0.16051093846318734,-0.6805851953294116,-0.94808444133139,-0.39284154393971177,-1.1189862334997498,-0.8612690667156959,-0.5709307034037098,-1.411449615174213,-0.7076855918351334,-0.770302599737504,-0.3283470476367241,-1.0093979593040983,-0.8148252019629313,-1.0431564705461103,-1.003942266400639,-1.0817591468138217,-1.4646227225305026,-1.0181199600373205,-1.1927328160537816,-1.7803937631252944,-1.0261848490854208,-1.257912279406662,-0.2638234928067252,-0.4459474568437834,-0.8552941192232189,-1.0736429357999822,-0.3479663664337465,-1.1013629170526609,-1.10784550645963,-0.44248197938776923,-1.053351468258474,-0.932726167884087,-0.513433012007675,-1.018530009452571,-0.27647964896405414,0.10154874410554043,-0.8754492154209694,-1.0686409276120816,0.10946407083206952,-1.0765643550146384,-1.080741778120012,-0.02886960030470593,-0.9306084659832748,-0.876102391222434,-0.11272001295637724,-0.809543967584325,-0.34240627606820045,0.5660508137145658,-0.8993742816724878,-1.004939225143193,0.5620429877409722,-1.0637752031542786,-1.0586624552961534,0.38434480972962165,-0.9890060739909905,-0.9167544667960816,0.27491294662521726,-0.9144907195094776
G,0.0,0.0,0.0,-0.2358334854052347,-0.6502379218472156,-0.1667715996936468,-0.6851822758558206,-0.9252592254920392,-0.4079625042407803,-1.1145233784288378,-0.8435023005114187,-0.5936013102674884,-1.407914381826003,-0.6930325935825777,-0.799405909199092,-0.30344322173497595,-0.9824321169063995,-0.8342698214104459,-1.0031749863284949,-0.9708193459220289,-1.1101533918853739,-1.4197472517709158,-0.9837749392070587,-1.2245288734976776,-1.7303311178458012,-0.9778916648395847,-1.290436395805179,-0.23609257540680012,-0.4237298544870741,-0.8744788769628157,-1.0552338565305213,-0.32847619887638196,-1.1261399009060165,-1.0753224417081568,-0.4204801151988032,-1.0719202164469117,-0.8940838839815937,-0.4962171149672422,-1.03186466534343,-0.2482435685181921,0.11426743634442166,-0.894888591625514,-1.0482258546105412,0.11938072875225049,-1.1026266633588842,-1.0517496243927322,-0.023817331226887985,-0.9478548234363983,-0.8464659840314352,-0.11261377892233448,-0.8201203552454881,-0.3110887453957981,0.5676694730501587,-0.9195138026463128,-0.9685039340093048,0.551320565989352,-1.0874797371281246,-1.0115545983270857,0.3603125660729593,-1.005797787910967,-0.8652239543838722,0.25057647173903874,-0.9262379352115537
G,0.0,0.0,0.0,-0.23203507008046817,-0.7336548109627747,-0.17820489238094475,-0.7017512336286778,-1.0404927200335967,-0.43360118587872304,-1.1944330972170916,-0.9414674289368015,-0.6360811220166981,-1.537158547422477,-0.8026208233202997,-0.8609181496170001,-0.26732411042912957,-1.0201791452729512,-0.8450350740185493,-1.0430436678092492,-0.999027470243728,-1.1398895235100794,-1.4882207016305233,-1.0538007484903071,-1.2747991690484017,-1.8243208178448813,-1.0526419872349395,-1.353463782078107,-0.2038874088264191,-0.3966907025989179,-0.8950231343343175,-1.1212771810216213,-0.3186163248700517,-1.1664644521664989,-1.1146994482578254,-0.4537699515939748,-1.1328850726318755,-0.909277845902686,-0.5348139288961529,-1.1129348804615393,-0.22640816685141338,0.17327125547903488,-0.9259773758960341,-1.1041516934755973,0.13853510637219196,-1.1567050055741546,-1.082358696472795,-0.03283050667106505,-1.0109382968607565,-0.8586791355338143,-0.11667160378595884,-0.8919254695346046,-0.3093434464707054,0.6539241495282304,-0.9615157749747952,-1.024337381348847,0.5859324685665902,-1.1359323478479502,-1.0306087932445172,0.3841152152039541,-1.0420411179852962,-0.8522631274416166,0.29813345704184663,-0.959355197096104
G,0.0,0.0,0.0,-0.189693677116369,-0.7373597387080182,-0.19377376795698076,-0.6273456317120529,-1.0688454922030268,-0.4593823068844726,-1.0995774688822062,-0.9552836174685525,-0.6683480721052718,-1.4333370870163689,-0.783423835268946,-0.8987823697689269,-0.24035041140799113,-0.936803040837429,-0.8890004668057325,-1.0027748672226031,-0.9607014480118431,-1.2006537121342418,-1.420402142899285,-1.013566555449556,-1.3491181553854352,-1.7342564637503723,-0.9822032407772476,-1.4288968047789161,-0.1662694283517324,-0.3566438427588554,-0.9193256477537136,-1.0192534624700607,-0.3132779957121312,-1.1751587159182226,-1.00166862234549,-0.49872782407800526,-1.1232820622293849,-0.8181747441995861,-0.6120722670555098,-1.095529387128926,-0.18730791558335266,0.16916789471615773,-0.9324596860097096,-1.0046853476345323,0.09384930955955627,-1.149035001368797,-0.9492883390749962,-0.1171919746356913,-0.9853224544655276,-0.7293417087715672,-0.23012251137703638,-0.8563573547996933,-0.26276571694235135,0.5966001824971577,-0.9517626486751553,-0.9369531099158195,0.48938761445588425,-1.1105404115761133,-0.9038245188276305,0.2639786193938817,-1.0001530966289636,-0.7079914820329661,0.1744996507257081,-0.9071957812049279
G,0.0,0.0,0.0,-0.21386402490415243,-0.6192741153067377,-0.1797925552526345,-0.6179758288588459,-0.9007580248202407,-0.44593082634381226,-1.0391375384592738,-0.8368668529705859,-0.6604267762895965,-1.3528876116013082,-0.7302813342492022,-0.8944780105380957,-0.24695666128376195,-0.9208003440479492,-0.8613904331089599,-0.9457638682908822,-0.9429138153503094,-1.143608156701706,-1.3474077919495626,-0.9660752881823869,-1.2523291737976265,-1.639890037300005,-0.9315317093055026,-1.3100249063872946,-0.18624996562704932,-0.3840513790095,-0.90433151475818,-1.0039357634997013,-0.3490107804369503,-1.1514232588949425,-0.9615215227278865,-0.4085583551605575,-1.0787966108798994,-0.7600155375423867,-0.4588922497687325,-1.0315850650027083,-0.21153513261589155,0.11443878492696592,-0.9302105315298254,-0.994243524420157,0.06979612084822841,-1.1398174939870862,-0.9171046475966084,-0.039412241809995495,-0.9704018517127764,-0.6900511400257687,-0.08693797513766086,-0.8425059035116006,-0.2870302943030608,0.5386305396006112,-0.9620730441626629,-0.9096962140186468,0.47208705764644476,-1.1178674179096761,-0.8635142089396197,0.32460711337977755,-1.0117348083859676,-0.6746907463312285,0.2908111941308014,-0.9256006738525284
G,0.0,0.0,0.0,-0.09137462578375015,-0.621916224790215,-0.3459321207716209,-0.25515850568497694,-1.087152482900206,-0.6358689655095405,-0.6373782467690863,-1.2819555667917213,-0.8849548006283721,-0.894238222964047,-1.3694514513927736,-1.1123265768099062,0.39123461380760727,-1.0869306710257822,-0.7729878404636314,-0.45186866965320016,-1.403591311126628,-1.196915402287208,-0.9739056545279487,-1.5255463093836739,-1.4111813371518322,-1.2973420540684995,-1.6064610904389343,-1.504920130650635,0.43368055235347774,-0.4663320817941302,-0.7710094474128932,-0.5059442139031741,-0.6345394198988878,-1.042552137406522,-0.54496712969559,-0.5245394427090407,-0.9965860763617573,-0.35803540072640205,-0.43520995891972125,-0.9445135138759673,0.30177231673545374,0.14360310695596,-0.8001138124748991,-0.5713431174215758,0.0030533362960814786,-1.0082565301373854,-0.5866006708413073,-0.016178118338893897,-0.7662267429713873,-0.3912679312290742,-0.016738124861359064,-0.5649855808347954,0.0993959091026787,0.6328228880887888,-0.8789006143850955,-0.5586510054548001,0.5843236761057093,-1.0731706195331394,-0.6035624331892254,0.40799282040245327,-0.9527572366234911,-0.47200973553452685,0.30784384629401457,-0.8055292626723812
G,0.0,0.0,0.0,-0.09405750661993237,-0.5711681077878904,-0.3622149840186339,-0.24694446599408384,-0.9742764956853018,-0.679793716081278,-0.5992233893893412,-1.1353395068559078,-0.9494781416150859,-0.8508876505825637,-1.2174218657490727,-1.2001426566614684,0.3550430402790786,-0.9656015298771656,-0.844955201875366,-0.39436497536731646,-1.2128312914999448,-1.271661909568334,-0.8558117764089066,-1.3208396130276665,-1.479645956272608,-1.15753663745172,-1.4018106717507401,-1.5716562194196766,0.3798255994137755,-0.4019340925141897,-0.8331755513124234,-0.47035214357466715,-0.5457984009615826,-1.1142855317199847,-0.4895216676932768,-0.4579533934211462,-1.0647097123406681,-0.29594060826796204,-0.3756723573173398,-1.0118167507930316,0.25105248075801584,0.16097255650559852,-0.8480906775596672,-0.5349492926695174,0.03422416861031808,-1.047541497685348,-0.5287309382657241,-0.01892440812905827,-0.7927356026219256,-0.32505045396614024,-0.025380609843964886,-0.5888772880852762,0.06543668145445067,0.5984177775291185,-0.9136661705815121,-0.5134497532960284,0.5391481659139257,-1.0988980423281316,-0.5441373060307427,0.3531802395215815,-0.9735906699332042,-0.40789844698811834,0.26695271484135635,-0.8276192523697002
G,0.0,0.0,0.0,-0.09552718714105055,-0.5349273169082358,-0.37629606692274065,-0.22299834106916225,-0.9341835167759867,-0.6844947245782136,-0.5323645483683213,-1.0815333382969265,-0.9416578133429324,-0.7337233623606655,-1.1173448817042306,-1.1739630453284868,0.39584732256016775,-0.9757666870587495,-0.8237384819135724,-0.3668885676409327,-1.2051126770531937,-1.2653252753002342,-0.8346005477904933,-1.2966965166395832,-1.4895561161655355,-1.1302456980301383,-1.375074419309317,-1.5902016095579965,0.43371649494459935,-0.4112964457691521,-0.8017014629590208,-0.4269516985094028,-0.5147897652894793,-1.0952070008852393,-0.42883293601016986,-0.427651153855617,-1.063447776672149,-0.2268793609197053,-0.35438554872072,-1.0175463760261325,0.31375847727171646,0.15697619284226416,-0.8102367430089903,-0.4944428251745352,0.060114052195363976,-1.0210761405637616,-0.47175513350493375,0.012873726180000083,-0.779604051310773,-0.2558971845781372,-0.00262794783833873,-0.5773893516559968,0.135123203563107,0.608703357423917,-0.871278836386995,-0.4809107880804512,0.5712871811635333,-1.0645634629443936,-0.4959826860998058,0.3959059839287495,-0.9507180413518507,-0.3370124140963777,0.2996316790795121,-0.8071223437348344
G,0.0,0.0,0.0,-0.0825435343039506,-0.5055370901864411,-0.38527061966974246,-0.17505736498875324,-0.8747795957871327,-0.7012754344668362,-0.44792320460932505,-0.9943922809371923,-0.957013986029782,-0.6286558308013045,-1.036983312829379,-1.1882203095533326,0.37856997304266693,-0.9150308475750493,-0.8814037233007774,-0.38397247157152475,-1.193418763630434,-1.3376242082456256,-0.8150629366415694,-1.3165455151834415,-1.569836002200623,-1.0830807909638402,-1.3998250788529694,-1.6713596959382993,0.40556957003043165,-0.36459733380954995,-0.8382017108335549,-0.4529665786428469,-0.4890056400768713,-1.142318806320298,-0.4607899436010917,-0.48921001669391234,-1.0980266224049107,-0.27396705053227677,-0.4987305282062859,-1.0390732493534875,0.2704086308864338,0.18115427508258616,-0.8221961495048321,-0.5218215689346918,0.049643197512514725,-1.0215763835031912,-0.4991889101791141,-0.052160585977100785,-0.7522588521614149,-0.2881608698136638,-0.08282880185737311,-0.5312578288200032,0.07885733042527311,0.5887945749288889,-0.8597489851649803,-0.5130153986382858,0.5116402527198012,-1.0511029430035679,-0.5205042580818324,0.2947431255257854,-0.9318475261558598,-0.350560997848751,0.19779279821905707,-0.7809520787060743
G,0.0,0.0,0.0,-0.07467645864039385,-0.5573780213361449,-0.36764178718165347,-0.1888201549411368,-0.9622356279841785,-0.6693657173756393,-0.48139150133484276,-1.0842274251660744,-0.9201084796343659,-0.6709240047847848,-1.1010154152307712,-1.14631011664809,0.36280874015797093,-1.0077117199008085,-0.8473937289569079,-0.47191100562264526,-1.2840946926260357,-1.285014079387436,-0.9607309821137392,-1.4033671712872346,-1.494515395118203,-1.265025199187087,-1.478442105162364,-1.579508111089721,0.39287669998836156,-0.4064785802143883,-0.824877604516664,-0.560673690713877,-0.5250401909010938,-1.1208964279312716,-0.5712853146401748,-0.5310181654417316,-1.0725657601093304,-0.3878335771130796,-0.5246780945094446,-1.0083420852140845,0.2614200584569912,0.1867503679734506,-0.8287682371827776,-0.6312765649482177,0.05597308018622578,-1.028894651023503,-0.5889455509193349,-0.031044689466276025,-0.7565610982693137,-0.36474993214544527,-0.06522430458501931,-0.5274041561408608,0.07029746115633759,0.6461825843979061,-0.8861769068890494,-0.595511086076796,0.5588116015596251,-1.079460396893781,-0.5899768488198497,0.33599880183281616,-0.9514745507987208,-0.4117539354716976,0.21747441600880366,-0.7879081339925187
G,0.0,0.0,0.0,-0.09076571082484254,-0.5333430596239161,-0.37356104572066595,-0.21583312720861914,-0.9249169402385989,-0.6912590970115873,-0.5474404985473608,-1.0381623078125832,-0.9477181171257262,-0.7939239289693739,-1.0899561746680322,-1.1853796205623601,0.32057133009627947,-0.9050675546225898,-0.9189803391815442,-0.5017406852840203,-1.1872203198192164,-1.3506533798499987,-0.9480452827657557,-1.311984350854506,-1.5590526678403787,-1.2202254522046165,-1.3824200498007364,-1.6449713985318934,0.33867904429722456,-0.3379421372533996,-0.8781182248550151,-0.5763714850555791,-0.4722372585261567,-1.1584233333602312,-0.5591348061577902,-0.5183390573762425,-1.1037379246998276,-0.37844088774642837,-0.5311926163708905,-1.0434226220709384,0.20649604391768409,0.21617523410816303,-0.8546960775693236,-0.6251314984261582,0.05282497784905668,-1.01866188673286,-0.5761499339129341,-0.06215647246251961,-0.7298694234070026,-0.3606804699312513,-0.07823709350607398,-0.5015343747943255,0.024308751047519887,0.6338302749115265,-0.8847424044244796,-0.5894813248314491,0.5090107562927637,-1.0505029774390655,-0.5704199427390101,0.27718123739392014,-0.9124352992769975,-0.3839513237339473,0.1898896880005016,-0.7491737133738552
G,0.0,0.0,0.0,-0.09176616726452713,-0.5790108778068935,-0.39749828394118475,-0.20942125793146046,-1.0141923123216194,-0.7036787321658987,-0.5340994633578364,-1.1364617674103465,-0.9546022168490319,-0.7362124785509538,-1.1431093109507935,-1.1809934070948522,0.38502475400220815,-1.0157821127652518,-0.8611336121379081,-0.49067030929985456,-1.2890133810902036,-1.332101631631798,-1.0101895819487428,-1.4048864434695594,-1.5749634770938055,-1.3231167962155206,-1.4790852710235955,-1.6747666949945246,0.4167194959920277,-0.38585594899176223,-0.8230796123631158,-0.5982587548803615,-0.47042947907444493,-1.1217753569455386,-0.6071384266366916,-0.49795973252900017,-1.0804903947062972,-0.40086898841225166,-0.5127836806904105,-1.020520236314414,0.2784512176677066,0.23665398390727507,-0.8169721775345469,-0.6596108029476004,0.1336091055472953,-1.0294815712981544,-0.6226909586541747,-0.0014912220621217415,-0.7623636188983954,-0.3927434412744765,-0.06046439455009249,-0.5296260532697313,0.07265854034293535,0.7096541183213811,-0.8680068777678362,-0.6232913906142837,0.6438059998901611,-1.073964057766753,-0.6177969900957331,0.38563369954981136,-0.9471579807525596,-0.43052629448967106,0.25032635733922237,-0.7773781145904299
G,0.0,0.0,0.0,-0.09931062106358289,-0.545315384989263,-0.3793693385152111,-0.26321460040419276,-0.9657682028539847,-0.6844857545994731,-0.6652694581667902,-1.0727877254490004,-0.9324990346470124,-0.9157940434659043,-1.049027980960742,-1.1560843849536717,0.34360897318491074,-0.9852588448600316,-0.8714617620953796,-0.4827113387000788,-1.1942358998076903,-1.3238084107179349,-0.9661975690429316,-1.2739074638265422,-1.5472333838608234,-1.2668656889525904,-1.3389240484407017,-1.6402155114560573,0.3926316672607982,-0.38121027257197687,-0.8369701917927574,-0.5676483549472883,-0.4539467681070294,-1.134229582420566,-0.5771964596756549,-0.46304094723919176,-1.0929168484712517,-0.3834688911635378,-0.4712230407983841,-1.0390324503535557,0.2623524805218497,0.2147898008636042,-0.8293370327436204,-0.6119641115908939,0.12050073170803051,-1.0375025686566473,-0.6013396273237669,-0.014881730483766195,-0.7820060795616087,-0.3922078057665814,-0.07035042208858726,-0.5646307129973306,0.061888435974272744,0.6651009298204382,-0.8746905831331186,-0.5857554131048301,0.6123397011467083,-1.0760736470518353,-0.6215503257443149,0.35086712490556055,-0.9595906014801712,-0.4847137772676625,0.21146454180857457,-0.8063037491704624
G,0.0,0.0,0.0,-0.07141663651530143,-0.5403616510721821,-0.3848155283460616,-0.19354496389697567,-0.954281947515465,-0.6919439804867064,-0.5675946355481443,-1.0408283205519833,-0.9443053605387965,-0.824772885119643,-1.0032851233409084,-1.1730259157542566,0.38491488634791376,-0.9812730294110007,-0.8555687490782966,-0.41205502353397044,-1.1825239020145735,-1.3139548825417862,-0.8960908453671973,-1.2545565365810643,-1.532712153292599,-1.1947497666817726,-1.323736094671871,-1.6196068077551529,0.42360889032714477,-0.3814566370656036,-0.8216120386620471,-0.507483717912189,-0.4524231932204214,-1.1469336414241178,-0.5900961554389664,-0.45801942830391895,-1.1130659270088428,-0.4235443552153271,-0.48770391431783466,-1.0530019534622905,0.2908884774961604,0.21006720158899508,-0.816286746959294,-0.5442545755592517,0.10661450285625189,-1.0409078653298678,-0.5824897557112366,-0.02766058163619963,-0.78227715938691,-0.3900656209820889,-0.09765328213590983,-0.5573115067903416,0.08972712133801215,0.6436594655365627,-0.8639192802808409,-0.5391579671478914,0.5655199357920943,-1.0627237517020716,-0.5861565991291641,0.31209180075054593,-0.939134536748846,-0.4349862223628307,0.18087568055825484,-0.780413708033173
G,0.0,0.0,0.0,-0.06519325621933329,-0.5150001318194,-0.40396700799789603,-0.15294406398610794,-0.8692126150890965,-0.7389556401229156,-0.4324847574819128,-0.9162412168743151,-1.0170329433110767,-0.6375608516738953,-0.8554467884281166,-1.2699504266493948,0.36979270920873547,-0.8897646470633734,-0.8904542970924108,-0.37001616116537533,-1.0835279120156405,-1.359867647050579,-0.8098809551878199,-1.1383576271877645,-1.5696850167917111,-1.0806412111819592,-1.1916765546016819,-1.6506404362880667,0.39479063161139827,-0.33901947202264326,-0.8539356853893396,-0.45121760738796285,-0.4295695512188315,-1.2206096327854519,-0.5817873963458597,-0.39489011364688864,-1.1908282506243595,-0.44078347235787674,-0.40832860614878386,-1.1257389722632742,0.2684828826278368,0.20698614927339762,-0.8469279412354699,-0.49547984334012235,0.10217570291287827,-1.092267093552899,-0.5729304342015095,-0.014954445673483125,-0.8302220378025361,-0.4168236067332346,-0.08695074262750402,-0.6049629517256248,0.08339579035157699,0.5980121510879122,-0.8939856223849088,-0.5023750962692453,0.5038393953070208,-1.0950024669056708,-0.5749732595379828,0.25805754793165947,-0.97815450293921,-0.44568602359148485,0.12307726119261837,-0.8307108389576859
G,0.0,0.0,0.0,-0.08360060164075964,-0.46345971677328224,-0.44542268488338077,-0.15883923176995293,-0.7716790953421415,-0.8093063667338344,-0.41097585227597083,-0.7938126730396486,-1.1034247791923872,-0.6100861331151337,-0.7828537015652389,-1.372555103355976,0.3870690653839758,-0.7506016240125027,-0.9492363771431263,-0.29765414467746865,-0.9439915893306725,-1.428601111419343,-0.7196275428953823,-0.9982677764973757,-1.649656615348779,-0.9664495748249566,-1.0498489637026378,-1.7414556814112458,0.38049437753478105,-0.24447802487091275,-0.8918825729991797,-0.346179782281058,-0.33858756253152805,-1.2747854221307071,-0.5028661417413878,-0.36602895220983095,-1.26827789208197,-0.3711982783770053,-0.44416031988628873,-1.2258272118382714,0.23579946471139374,0.24478314543392313,-0.8637982755286567,-0.4254701215721394,0.15228539498428967,-1.1220088108413888,-0.5431427510942062,-0.026979191103355577,-0.8933764648217773,-0.4158518734828026,-0.14295245894760836,-0.7010667149136842,0.044327275961529966,0.5726320627290239,-0.8902912893340038,-0.4673897947312369,0.4716461918334588,-1.0949966055541085,-0.561383261471527,0.21049982677549725,-0.9996327895426445,-0.45309430557406816,0.08028354495062995,-0.8799813072120108
G,0.0,0.0,0.0,-0.09668829386739386,-0.4777393066179633,-0.4328058252539261,-0.16717505874919517,-0.8472119442053166,-0.7600378646804374,-0.48075114085935394,-0.9306188746632257,-1.0195347919502977,-0.6939610619328087,-0.8841521626216976,-1.2505136618224257,0.47498348622550485,-0.8731610316282412,-0.8798919388200981,-0.31302436234269265,-1.0871465357417167,-1.3584376890621976,-0.8137356527030916,-1.170246448041255,-1.6049410204271868,-1.0926389258728768,-1.2409225440950575,-1.714457890420082,0.4799676194054128,-0.30597028773304663,-0.8222002598800716,-0.4092728680788977,-0.4144248987132216,-1.1922234760878898,-0.5444259527560807,-0.4962191403832063,-1.214085272643561,-0.37455659632231,-0.6047059019397588,-1.1918105793338563,0.3154110464878536,0.24958174905313685,-0.795027614796582,-0.4634283309230057,0.12665461565472466,-1.049385014434043,-0.5413228267546057,-0.08203437869107605,-0.8394123785573175,-0.350098739954328,-0.21603917179467672,-0.6536460009423851,0.0918776150316461,0.6274403286456272,-0.8230416325254574,-0.5048025504346126,0.49173076115262576,-1.049174745695327,-0.5590600218975976,0.20392753367635927,-0.9661316922854932,-0.39224139793342727,0.05922691857714019,-0.8417126332209204
G,0.0,0.0,0.0,-0.10498169422082385,-0.46637488641432967,-0.44031045673070585,-0.17699969697157075,-0.8293677360057852,-0.7688206732153263,-0.48757088439077856,-0.9115766410605868,-1.0244741172927978,-0.6980568731845481,-0.8825846340915646,-1.251854227604254,0.46306065426351345,-0.8401619544231533,-0.9057175846208697,-0.29330114152706105,-1.065044468923113,-1.3804545652633453,-0.772894064446648,-1.1464002885115676,-1.6273210824591837,-1.0522819976462763,-1.2164424163333871,-1.7359871677937702,0.47542951405599226,-0.2787840307732795,-0.834413711147106,-0.39257527378701473,-0.3878007313029695,-1.202228399140787,-0.48340884359093295,-0.4830160138572886,-1.2272089500411938,-0.3195644476298434,-0.6015919621143474,-1.205869305371099,0.31720786010333424,0.2691020481838566,-0.7905258840629246,-0.4340221331270249,0.12169826060765677,-1.0372507578013208,-0.4761240995651325,-0.07642121364577514,-0.8241324189167775,-0.27967561746227726,-0.18696858207292896,-0.6331667454445978,0.10512162759857974,0.6373144518531425,-0.8010912938182708,-0.4662525424276325,0.48829908518060877,-1.0204357885433986,-0.49266789904423336,0.20723234232326665,-0.9355040457527098,-0.31185482209113613,0.08411481329485111,-0.8068098491485527
