I,0.0,0.0,0.0,-0.2882198507257482,-0.050634622350397875,-0.11775679656452231,-0.5475456729546769,-0.31908660526615407,-0.20541308762512966,-0.5181401896286034,-0.6342412282082605,-0.2992526189750539,-0.2869970735526325,-0.7864386568616827,-0.37061594398484343,-0.5012108763124958,-0.8539096907795748,-0.06911104416498595,-0.6066795177523249,-1.0967209891627512,-0.21351074275920973,-0.5356764346243525,-0.8755514403419844,-0.2888263290195167,-0.4534518503045765,-0.6943357840523382,-0.31847822977688056,-0.3019712903680675,-0.9504046967914941,-0.07445973482435037,-0.37671342127179425,-1.1541685384679752,-0.2692533766053365,-0.3098946804417153,-0.7915118054410876,-0.33040852773195994,-0.24307059132333664,-0.5541482339030476,-0.32337359729150794,-0.08724365576192816,-1.0052367350334068,-0.10464947901400255,-0.15301868803455587,-1.3379446382599207,-0.28355440239163926,-0.1673176339309643,-1.0213703419013684,-0.2928215746611837,-0.1673497236607626,-0.7492056564818527,-0.24608417076088537,0.12152103355953575,-1.007004047189334,-0.14351452442484616,0.17996593959028007,-1.3796566320060077,-0.25661663414340946,0.20330091761142827,-1.6212544631994052,-0.2960747453012656,0.2031808782518125,-1.8780558933508698,-0.2982280751173433
I,0.0,0.0,0.0,-0.29964322896259366,-0.056230087513498984,-0.11111717335235487,-0.5513785086302595,-0.33743884419955433,-0.1964306407974417,-0.5065109964164176,-0.6531753344790988,-0.2880334606847783,-0.2783577561900864,-0.8134469306047867,-0.35948539116866984,-0.4994634325890047,-0.8582615534111065,-0.06807862536609845,-0.5962436076391955,-1.1061051379671132,-0.21211893616611316,-0.5235876387325423,-0.8886661253223744,-0.2938812091980151,-0.43978487526490573,-0.7021883305205421,-0.32856580111039085,-0.295146422720768,-0.952489764273257,-0.07517870782215459,-0.3584707293565282,-1.161059243386592,-0.2701618684525524,-0.2923798843965072,-0.7821860731527249,-0.3362226237639024,-0.22674050985430738,-0.5201369568174453,-0.3324408551632194,-0.07898600647536402,-1.009327979423055,-0.10545382134523876,-0.13953211096315135,-1.3632763627858362,-0.27724085421884487,-0.15256482515813344,-1.0597424442136276,-0.28885518209280475,-0.1504645324883232,-0.7866175217616811,-0.24614869487223948,0.13075568692103542,-1.0141740970750166,-0.14362103243138882,0.1899270690140676,-1.4001485249454542,-0.24680395541685773,0.21385278905409102,-1.6440432013234898,-0.28158761441813296,0.21254402759343177,-1.9037519111008174,-0.28270701470632853
I,0.0,0.0,0.0,-0.2985881895967792,-0.08907341966779031,-0.12998242210892305,-0.5158962502548935,-0.387398474158218,-0.22435436724431762,-0.4392132347188093,-0.6964743069288413,-0.32421207815099573,-0.22197592640046931,-0.8512492237781439,-0.4016380926259735,-0.468795066217972,-0.8823923765729996,-0.08572833657047806,-0.5437732683535401,-1.131573571329315,-0.246479254899258,-0.47012604492434373,-0.8716034397275326,-0.33046628190468724,-0.39771678869866967,-0.6696569839865891,-0.36160352210935115,-0.2600790425068281,-0.9616801116739199,-0.08677703878082263,-0.3035482068544943,-1.1783597484602188,-0.2966998271186783,-0.24232338510392445,-0.7778391001842023,-0.3570802167129043,-0.18723314894833362,-0.520485413956376,-0.34408888970661955,-0.04263762561279099,-1.0017432265860482,-0.11499373270170721,-0.07825407521562248,-1.3572200734693658,-0.2975825420543734,-0.09765194212289367,-1.034504541039449,-0.2996617615338003,-0.10887016282766535,-0.7561121695976764,-0.24570661848095754,0.1598663029176661,-0.9911393190336424,-0.15392176693249535,0.2286393658610083,-1.3657769329889766,-0.2638597857815888,0.25900126178043514,-1.6024559309418918,-0.2969258470580275,0.26657355081902967,-1.855520554684694,-0.29285050731846607
I,0.0,0.0,0.0,-0.21656715451155673,-0.11008871853015796,-0.25726910737978786,-0.29913620382304945,-0.4567477742534777,-0.3842947429759244,-0.10453834715304529,-0.7935321938519202,-0.48549288200343504,0.10907369159798992,-0.9662566607369546,-0.5468279798067796,-0.43533691541660063,-0.8976847569953135,-0.12855694756482902,-0.3171790094335623,-1.1663036525021229,-0.3041748841798917,-0.24312446425647657,-0.8793691872324252,-0.3982864322380698,-0.2539883059136726,-0.7255635067012012,-0.4270796754014807,-0.22525789994652182,-0.9727356803157873,-0.055174040564972056,-0.09438807783136492,-1.239637247800879,-0.26666256376779235,-0.029283721678205428,-0.8609736940890511,-0.34344951513170013,-0.07915324698858198,-0.7017071973532073,-0.32665958535970446,-0.03241856257894729,-1.011052998238067,-0.017930689865910197,0.06812320568632471,-1.3063474491065659,-0.18254955869071235,0.1294254631775594,-1.0707083217619346,-0.19084244195131422,0.10841278672089687,-0.9431688454320922,-0.13415242954227352,0.12093903469219487,-1.009063213461591,-0.0022822687376052603,0.12233728398720446,-1.3131327391780547,-0.04927237134839291,0.1405809227076557,-1.4679168663249937,-0.03797601163754696,0.13118521207045805,-1.6465308666248426,-0.0008902842700764465
I,0.0,0.0,0.0,-0.2169672061767691,-0.10544649242065017,-0.2565685185079001,-0.29282065137424734,-0.4651031155720471,-0.37925163110494614,-0.08972598544224734,-0.7965238140998605,-0.4731539710118887,0.12991316914742476,-0.9575788985011541,-0.5256575760534914,-0.4261711393528648,-0.9058433829569587,-0.13008938263773429,-0.3093008891994367,-1.1709005245276485,-0.2973204146631511,-0.23803342270038966,-0.8816740929203432,-0.3856735672709083,-0.2508372641453048,-0.7364275330955559,-0.41349946483421984,-0.21248797651036253,-0.9755833312317138,-0.055551990615672286,-0.07973528311108291,-1.2398757066239177,-0.26221440935237006,-0.022261201442492374,-0.8490370869783259,-0.3363311938234271,-0.08178224615347196,-0.7011671193382165,-0.31861405194296943,-0.020126220802000005,-1.0099215743416479,-0.01610941917385433,0.08116410883406902,-1.3057299901329769,-0.17359546676086673,0.13966358544989982,-1.0928164273873915,-0.1817989032820322,0.11853513222647621,-0.9978243913474091,-0.12867577620480922,0.13497609446441122,-1.0078764240186706,0.0021291800838390044,0.13843133907645336,-1.318360213340901,-0.03920804348417073,0.1601986751858809,-1.479071384587134,-0.024717948130226423,0.15009699414406447,-1.6731528067774326,0.012000707128469705
I,0.0,0.0,0.0,-0.2883933018485346,-0.14709709700204465,-0.14121533043603096,-0.4460876614782607,-0.4918412924581341,-0.2543408148982076,-0.31311310583482327,-0.7744542883336686,-0.37228782488721407,-0.06731450625947259,-0.8705384048393227,-0.4805638454319511,-0.300142130320748,-0.9182441520893959,-0.13886670695962544,-0.3695690309860239,-1.2033384131520177,-0.3405118179936027,-0.34521872797028097,-1.1078715670283696,-0.465312792652642,-0.3077724619035243,-0.9488051803439993,-0.5213127758728764,-0.11054422924553872,-0.9821961785105936,-0.1518902245034095,-0.12030376028110162,-1.2122853151343933,-0.36678516979984155,-0.12060225992814284,-1.0127485941786178,-0.45638532150584077,-0.12380026036906858,-0.85192030334959,-0.479343799020962,0.10652467207021594,-0.9808206854150089,-0.19594100532404035,0.1336757462288164,-1.3222958791066681,-0.3996157984231999,0.11753239797046491,-1.2039020124152207,-0.4519077217686789,0.09794317482818375,-1.0724266770257829,-0.4438196627186944,0.3188114872037797,-0.923634580972383,-0.2514069162737791,0.47515136004665015,-1.265052007315037,-0.39275813139125354,0.5753953558699376,-1.4831084152041492,-0.4546918454118685,0.6518898291071359,-1.6985956465041425,-0.4774571699182253
I,0.0,0.0,0.0,-0.2445380269760138,-0.1499075246523841,-0.09620102152172365,-0.4240207612271507,-0.5124379354435556,-0.1581774231150872,-0.36936405086657675,-0.830271656275796,-0.22027413650657096,-0.15124442805202182,-0.9294122809831115,-0.2622588631741536,-0.27671178125721857,-0.9569257889773922,-0.056138637690269465,-0.31993005101705935,-1.1700867191853856,-0.1601497384455061,-0.31840259034291124,-0.9329341877530808,-0.2106559482326016,-0.2891306310286997,-0.7526331781466933,-0.2348869720619275,-0.08659707201354436,-0.9946166967852049,-0.056908466810912585,-0.12601460487380126,-1.1849099533911305,-0.21369385553853082,-0.13931197972703263,-0.8028416171717156,-0.2589454034438305,-0.11039191084201154,-0.5293296768707194,-0.2534286752682818,0.12015877182148788,-0.9704569567892667,-0.07725473439614226,0.10207804908067718,-1.3031121103404133,-0.22388651794889192,0.01283859620493527,-1.0547441223449852,-0.23839284059490093,-0.04518809553553097,-0.8255093257346701,-0.2127421200333014,0.31630025520196275,-0.8847296025884825,-0.10308311408689899,0.4714406987908237,-1.192706588264508,-0.21041404858318366,0.5681665304732507,-1.3992684720165565,-0.2639972979736525,0.640879743584913,-1.6293211436517134,-0.28604444436192106
I,0.0,0.0,0.0,-0.25609601715165237,-0.136723352825473,-0.11426927236932666,-0.4388351604291934,-0.5203640701388722,-0.18616439804534057,-0.3644079878615184,-0.8408376166176363,-0.2567569424008526,-0.1365230370842939,-0.8973008604441586,-0.3080549773302331,-0.2852832700957699,-0.9586722429793499,-0.07237234209454466,-0.3399398432787602,-1.1687448117330945,-0.1785843919569048,-0.32856074033542176,-0.9251028312908263,-0.23092807656667694,-0.2862294294567719,-0.7792201721911173,-0.2626721009874615,-0.0880498521171976,-0.9935721219951016,-0.07114535779859998,-0.13044766620971981,-1.179599143861513,-0.24210731719983997,-0.1446265544570838,-0.7897020863218507,-0.28869977112613743,-0.1147041387123411,-0.5243455974009202,-0.28138907786327333,0.11486334337585366,-0.9653364695840301,-0.09183986693684239,0.10386209960224439,-1.2984640662260216,-0.2504479537969406,0.002693380161829785,-1.043828499955984,-0.2711616140974355,-0.06638532181138485,-0.8145043591730948,-0.24738764719069248,0.3054520826641266,-0.8787827382540696,-0.11966977417145871,0.47109466032932257,-1.1808113160780043,-0.2397923000199657,0.5766838282433426,-1.390496957041946,-0.3052842871822768,0.6590383854294911,-1.6253305868068229,-0.33482816361078477
I,0.0,0.0,0.0,-0.24491962504666479,-0.13205813311545475,-0.10620648400820011,-0.429545507027995,-0.5162288388172006,-0.1724032464484169,-0.36201147869727285,-0.8416870406124445,-0.24013909410102308,-0.13825639172007187,-0.8887298006287531,-0.28695339489358135,-0.2822883837790351,-0.9595460438775957,-0.05267031317541785,-0.32891365687781027,-1.172612948631124,-0.1560135533936096,-0.31946003458607164,-0.9143870468893759,-0.20613628634788891,-0.28052296506534957,-0.7599505011652931,-0.2349783869520099,-0.08516554109473352,-0.9948438765569135,-0.05506806594800545,-0.12787073336565521,-1.1857347474243436,-0.221993355401129,-0.1428201064998729,-0.7968442914559913,-0.2677235377421007,-0.11266199722978747,-0.5370576370501726,-0.25796306554944526,0.11753499841109603,-0.9682643402359753,-0.08003620519973892,0.1053511031717728,-1.2972414455781462,-0.23507147121947328,0.01035741483736581,-1.042245249680565,-0.25857350839640786,-0.05199631489061421,-0.8148469479018118,-0.23545298245991808,0.3093283689871052,-0.8852375494148177,-0.1117625258091724,0.47361832199780146,-1.18148031904605,-0.2265845181059513,0.5779383378992109,-1.3799263307245826,-0.29150992448286506,0.6606757321196008,-1.6017598640522888,-0.32012920959419583
I,0.0,0.0,0.0,-0.2506041653071641,-0.12263763070328595,-0.1129431626971696,-0.4435039764691989,-0.497851690785403,-0.18389507488401058,-0.3872796639042668,-0.8207516299576054,-0.25525666801851477,-0.16140372448912044,-0.8576111554962393,-0.3055917022163816,-0.2950357796651765,-0.9559298194919472,-0.058579582640880146,-0.3486777104411926,-1.1630861207551995,-0.16453532420679343,-0.3379210611880921,-0.910094378649191,-0.21545263974915585,-0.2977826987304749,-0.7646543425517623,-0.24467760589212492,-0.10009522993165343,-0.9932200397106171,-0.05911765947810881,-0.15083304800799857,-1.1769678866371047,-0.23117522843459248,-0.16072612465610536,-0.79159141687425,-0.2785787849424612,-0.1277049421668794,-0.5348320887019824,-0.26953164127276374,0.09975504067746836,-0.96867262619349,-0.08292986526780584,0.07626590551700105,-1.2876010443760524,-0.24511286553881562,-0.020615587889702133,-1.0236393896834415,-0.27026116760147667,-0.08500801513767536,-0.7938681443741084,-0.24651602216432214,0.2895989043793587,-0.8897524902819633,-0.11365516104250438,0.4447392961413389,-1.1940773816591408,-0.2297779764942155,0.5439211357884184,-1.3990013149898106,-0.294584798514115,0.6198145003310289,-1.6296630265120384,-0.3236114367036159
I,0.0,0.0,0.0,-0.26787213072133564,-0.12303077098869125,-0.1147960620159124,-0.47997560234050923,-0.47124610967711505,-0.19470217716531335,-0.4210983582359222,-0.7801825236046163,-0.2803247458474366,-0.1817267156003227,-0.8520816427519486,-0.3469112963425214,-0.352555305691141,-0.9387365665912736,-0.05547228998750399,-0.4094230864758115,-1.1964137437047229,-0.1945550986010066,-0.3954411033445832,-0.97936469204877,-0.2672403770253143,-0.3594461409752599,-0.8130639139367513,-0.2947073021563671,-0.15181655902150826,-0.9866116847322309,-0.05957445725055331,-0.19253237317359184,-1.2120069546507108,-0.25466107534366783,-0.18324838458245896,-0.8430877333495448,-0.3149720140202707,-0.1475773716796317,-0.5783809151510662,-0.3017827875974232,0.05349010369814519,-0.9918006944033912,-0.08820344589739613,0.014158815072208513,-1.3284628397868463,-0.25937764139342845,-0.042558107910873735,-1.0409572726853884,-0.26634676273367464,-0.07174098858671442,-0.7780601247266237,-0.21553356682833047,0.2463113093017752,-0.9524268081888518,-0.12589756503685554,0.3004243767590962,-1.3128327455629218,-0.21597936098271397,0.31634735537880393,-1.5478437457808483,-0.2419206820495127,0.3195307459026777,-1.793491883355669,-0.2375325070440841
I,0.0,0.0,0.0,-0.26617128979536536,-0.12400993114345805,-0.14340367281545005,-0.4715315374586964,-0.4715254964956412,-0.23945769341179346,-0.4108967248006186,-0.7792763183821276,-0.33629360210564957,-0.1664308235718254,-0.8436336141366627,-0.41002155122012807,-0.3515986314503173,-0.9443437590851051,-0.08381585409586005,-0.4070434236076547,-1.1608542705394609,-0.25316211283666384,-0.3582580641369787,-0.8820455984961258,-0.34227001538756024,-0.30079079921055885,-0.7045139845376075,-0.37554796230907944,-0.14405218008819953,-0.9863540743347866,-0.07971580429879149,-0.18358632541244246,-1.2050213137544008,-0.30573807246997176,-0.16767005423443446,-0.8048985424082793,-0.371645890754898,-0.13251935668852102,-0.5328364803977649,-0.3542593220774177,0.06149679559334026,-0.9829698851694233,-0.1055808190567012,0.025194148885512555,-1.3081465940705168,-0.2997909266125184,-0.03475782663825152,-1.009428886733262,-0.31177161451456864,-0.07160353509383881,-0.7487169610672726,-0.2569797931785089,0.2548451089939905,-0.9384302811812313,-0.14294987150455848,0.30384502680766323,-1.2966612651389968,-0.24364587747481564,0.3177927772659443,-1.5318981371374047,-0.27563676076332716,0.31723950837371206,-1.7795436680239662,-0.27245122033567276
I,0.0,0.0,0.0,-0.2772606956167383,-0.13252707892881302,-0.17632922737482332,-0.473804622828217,-0.4708539133563806,-0.29926782022780174,-0.4007713229300377,-0.7608868701154528,-0.4223855405258232,-0.15163414577513676,-0.8380493653358823,-0.5211726343666911,-0.3513420263057859,-0.9495813331190833,-0.11587986241973602,-0.411834706417363,-1.153685486437639,-0.32144118202840777,-0.3621539074908143,-0.875333588604077,-0.4282023413839975,-0.3046608574984032,-0.6887000646661515,-0.4643520342124664,-0.14382921190011427,-0.9837973537368124,-0.10703235298094459,-0.1800110481026299,-1.1901493480813836,-0.36879791048008376,-0.16112412416928926,-0.7824746737190962,-0.44251257150957946,-0.1250980396003657,-0.5090322973452104,-0.42128986959602227,0.06391712542464772,-0.9767623974007422,-0.13455899119963585,0.03249898952149893,-1.302643421928733,-0.35847604588590853,-0.023813693057139415,-1.0020715152029607,-0.37324642278402215,-0.05781876951608409,-0.7377938158247452,-0.31129095782507693,0.2574582865780291,-0.9334101323003208,-0.17691311307102248,0.30517326991979127,-1.292712844114721,-0.2916671143756856,0.31343960494291795,-1.531261837061699,-0.32557228504684127,0.3084599429824765,-1.778307447480665,-0.3186431666497053
I,0.0,0.0,0.0,-0.27233473709775635,-0.13514918141633342,-0.14082953502047843,-0.4690942056297218,-0.47832468052373905,-0.2407706874547368,-0.39217803422631886,-0.7785259823642473,-0.3443190943383515,-0.14725017222046957,-0.8636086421912157,-0.42629561550404726,-0.35087636092891605,-0.9486321445400542,-0.09185865259791677,-0.407356274063071,-1.193161170644963,-0.2619483755148481,-0.3660637182264553,-0.9422499219891176,-0.3526392013744802,-0.31582778149362856,-0.7524072136509762,-0.38601218234768214,-0.14057407058462945,-0.9858805764326828,-0.09098582137909698,-0.17272011698005751,-1.2071450231186112,-0.310997134039612,-0.15728828451304222,-0.8314335471416522,-0.37974700254917476,-0.12975842971749588,-0.5766579793498994,-0.3684985738413674,0.07472501233890533,-0.9809471820110004,-0.1180603597244667,0.052100563480764826,-1.3172786485769068,-0.3094669378736827,-0.0015779568180754027,-1.009328777271235,-0.3132586353742515,-0.03658264522120201,-0.7370071862797296,-0.254199328973248,0.2749149785004921,-0.9337923109222819,-0.1570083896743631,0.32258233569903166,-1.3024051015576195,-0.25996442664928415,0.33339543215850376,-1.5493581000280534,-0.28542390223151487,0.3324875026912908,-1.8034244141841622,-0.275923534595653
I,0.0,0.0,0.0,-0.2672962973249512,-0.13100591073821025,-0.15851552878019892,-0.46128004451061716,-0.4727599910028493,-0.27000160574908,-0.3785780390126725,-0.762683305849156,-0.38184610009121495,-0.1267240067773212,-0.8310523542574556,-0.4706224857747042,-0.3389330489693589,-0.9539157947623768,-0.11339599110274837,-0.3916631803457229,-1.1562801956848787,-0.3025660097076012,-0.3407797498386211,-0.8717464315369675,-0.40123300690744207,-0.28456242092514705,-0.6888576332711046,-0.4372133558183701,-0.12908694495244033,-0.9855925394716829,-0.10928818225501213,-0.16187424360853767,-1.1955298052654604,-0.3525882832929859,-0.14538268362493326,-0.7919638871343739,-0.4204156303569609,-0.1138058223203404,-0.5257654766300445,-0.4016523458895478,0.08053675755419153,-0.972076508191065,-0.13737156437386175,0.05405208096972089,-1.297762027423037,-0.3457247774872001,-0.0014762393432570316,-1.0004525320731,-0.3564982980804532,-0.03760724399247924,-0.7435061074598204,-0.2979660778167364,0.2760060886843871,-0.9201589418098007,-0.17847204095843955,0.32802478441720084,-1.280645417443202,-0.28886168471134127,0.3411664086734986,-1.519165534293847,-0.3217561867098154,0.3406312745072905,-1.767666931250413,-0.3167884928444242
I,0.0,0.0,0.0,-0.2659186606723652,-0.11807968467089724,-0.12841065156605141,-0.4627510246190026,-0.44867877086247276,-0.21926959416606323,-0.3854846306681257,-0.7526976518078167,-0.31080789953544324,-0.14174823089054062,-0.8700451453923602,-0.38002699715870664,-0.3785309013622567,-0.9322872285729985,-0.08760698910666626,-0.42432997531730254,-1.1477426954898102,-0.23280827149096714,-0.3625776883391596,-0.8679401481694557,-0.3132346905687713,-0.29796276367496777,-0.6703833113900814,-0.34936266236601876,-0.16652716262376255,-0.9822595831188112,-0.08622537607768603,-0.1930789980729161,-1.1854920481253965,-0.28581997522540065,-0.16485647361789169,-0.7809097461903859,-0.34941582966035906,-0.1200801725678009,-0.50675550030741,-0.3436847395228675,0.050729577806058836,-0.9864322379052308,-0.10954972990630844,0.03901785804758552,-1.3344401580317484,-0.2831141536787154,-0.008660297760985649,-1.0523396571480685,-0.29996114568567805,-0.037620228338591306,-0.7980250778864393,-0.26337868348119614,0.25538178427524344,-0.9399938005086824,-0.1418115345962318,0.36538442083684874,-1.2868193676216808,-0.2493492451720948,0.43034979593553463,-1.5095061080723937,-0.2917652208255782,0.4724649682994106,-1.7528449134879873,-0.300335767813087
I,0.0,0.0,0.0,-0.2660945792818029,-0.12031871022697273,-0.12452600719098449,-0.4601856785625947,-0.4542305158913216,-0.21180914842621337,-0.3751585953807116,-0.755161337100598,-0.30144326672900457,-0.13866507670133565,-0.8609673450916676,-0.36880551917688476,-0.3794893798062577,-0.9331315976263022,-0.08063124424690087,-0.42526596649618115,-1.1491416264463852,-0.22685421693773591,-0.3670619919035288,-0.8706585160506704,-0.3071448066166572,-0.3069474557316408,-0.6795630901553346,-0.3425940452264387,-0.16740697052881093,-0.9825379018112655,-0.0812045425002903,-0.19538529761731266,-1.186477860712555,-0.28233461846238816,-0.16595487793931973,-0.7820224801127447,-0.3431989724433443,-0.12064025529421954,-0.5121409058573573,-0.3341214663389442,0.04666926487533629,-0.9867348461864424,-0.1070791548185855,0.03447152265043012,-1.3334070979433792,-0.280472653568108,-0.008423288331310147,-1.048237947181978,-0.29162020883864714,-0.03388682049489947,-0.794062739267631,-0.24983235375736956,0.24549061281802997,-0.9393003698403307,-0.14239430923812085,0.34664943110318736,-1.283280401229239,-0.24756231548370866,0.40364308868120924,-1.5017349126897084,-0.286018252321805,0.439470692702202,-1.741736952689481,-0.29105097744162695
I,0.0,0.0,0.0,-0.26783404705516956,-0.12972879603869325,-0.12590110928104525,-0.46131713343229397,-0.4632200275110327,-0.21591816744031336,-0.3768044496326322,-0.7603493408004469,-0.30915694104030533,-0.13769014929891985,-0.8615787578621626,-0.3796576420683485,-0.367429517913914,-0.936883129457225,-0.0833205337656118,-0.41928126263892423,-1.166800487404299,-0.22869723557679045,-0.3722397778072515,-0.8995768962116514,-0.303781161905887,-0.3179422818768574,-0.7118217173992953,-0.335605075654649,-0.16080622955732754,-0.9832930725821573,-0.08529999969224328,-0.19119837313886037,-1.190362884698665,-0.2888889485001272,-0.16790120268892902,-0.7939149039368649,-0.34952752110982505,-0.12695001252903482,-0.5345617074607564,-0.3398894297863014,0.05222198734261165,-0.9856476585198904,-0.11236942379679107,0.038821106445899235,-1.3341394009140677,-0.2899189506454087,-0.009047274237479658,-1.0410021340727278,-0.29870903443251234,-0.03910783258247834,-0.7837877037170571,-0.2542219342487413,0.25114687531981406,-0.9384186750538432,-0.14924630429161398,0.3581842021199507,-1.2837120876556027,-0.25874319404190743,0.4170120536978797,-1.5071309744660997,-0.29819106170290455,0.4527163829547356,-1.7550129548774336,-0.3030847863962736
I,0.0,0.0,0.0,-0.26112469417838235,-0.13191512823867266,-0.1121404810379566,-0.4561172316023259,-0.4605851402739482,-0.19645226479924494,-0.3803446515129791,-0.7598840984207356,-0.2850512460605104,-0.1454818073796351,-0.8613745893574266,-0.3544477394893807,-0.35508400709090326,-0.9351775982441175,-0.0740453423478559,-0.40577718654128075,-1.1802888222096013,-0.21386786716019293,-0.37286314925046304,-0.950514729844369,-0.2920356789339222,-0.32464336546403727,-0.7570625567284546,-0.3266547484079593,-0.1509964404683717,-0.9852798647640232,-0.08014775765091404,-0.1821024047440032,-1.1988511370466208,-0.26931470782641503,-0.1660550552459598,-0.8334827923546815,-0.33270589011497953,-0.12925071991798387,-0.57114966772334,-0.3296792540385469,0.06566782348441627,-0.9831951455615496,-0.10896266124966962,0.04962359171199971,-1.327819079250251,-0.27751016925747507,0.007184486934466666,-1.0609133942904134,-0.29223833109966607,-0.01436793462705772,-0.8102802625430636,-0.2557059653705373,0.27013492123992056,-0.9232225754038509,-0.14558123209238027,0.3837377762368455,-1.2626035338301005,-0.25474796622855317,0.4446460797793434,-1.4865444654717217,-0.29647641143049724,0.48485829706581945,-1.7292599251413618,-0.3044428239521728
I,0.0,0.0,0.0,-0.25798032319163294,-0.15790136089645573,-0.1445824400519776,-0.44515506055684795,-0.5049285458729055,-0.2426214771008013,-0.39030589087632944,-0.7910319312231648,-0.3381662248589792,-0.14299983755728274,-0.8100474960757305,-0.41086732751511496,-0.30471158933552833,-0.9621400729523183,-0.09166209375347822,-0.34531020440773996,-1.1765222708047025,-0.24114628491784182,-0.32763862717095,-0.944163834262915,-0.31512271517260404,-0.29201709259103387,-0.7841114462557713,-0.34608661397011903,-0.09993603220426968,-0.9911852060368702,-0.0869751504793992,-0.13591762122818346,-1.1948153007988471,-0.30393307820773197,-0.15123216603231276,-0.8272314532569772,-0.3699617261019654,-0.1282367966965704,-0.5675535572600392,-0.3582641515792359,0.11109852862500548,-0.9614943604907077,-0.11022804542050155,0.08770166118382834,-1.2668970481512254,-0.3098102442689711,-0.003230179621670138,-0.9880544912026492,-0.3414321370033762,-0.05981412032068607,-0.7406914275786012,-0.3045417946203524,0.31136279158568153,-0.8775084773420713,-0.14247410749372758,0.4432227751128673,-1.1923088690208108,-0.2665992633768057,0.5210725703983836,-1.4028305392692761,-0.32356428359684103,0.5785149002996534,-1.6351522830083767,-0.3387293279734935
I,0.0,0.0,0.0,-0.2582227166798275,-0.17448482147681862,-0.13973406160657928,-0.4368116184751905,-0.52557704759367,-0.23888234246010795,-0.3871128034390313,-0.7971436585990095,-0.3375596726367804,-0.16443076865312833,-0.803365044043063,-0.41396974836664213,-0.2724602233890875,-0.9771026171817225,-0.09237818146402299,-0.3290728618159072,-1.1652841495044879,-0.2356838516108729,-0.31773543382409913,-0.9113311623265621,-0.3058877416302644,-0.28400227684268975,-0.7529741970631971,-0.33804976888790794,-0.07229125243099715,-0.9932428564836381,-0.0907887816097398,-0.12373405292576123,-1.163011954272482,-0.3023059332927031,-0.15098720061557175,-0.7802870271793643,-0.36180979449871004,-0.13812746474876914,-0.5160619636202411,-0.35063233164965374,0.13358327728620717,-0.9497544648132219,-0.11704702553595156,0.1058991575176377,-1.2529377396802626,-0.3149175252618265,-0.007910763512556523,-0.985913286122983,-0.34277178562083865,-0.08961864421363912,-0.7503591323818157,-0.3071998415035844,0.32569166966149876,-0.8548608279163273,-0.15169271209874874,0.4792559736872659,-1.1638180730311969,-0.2800011235776068,0.5691973902067113,-1.3762840598361559,-0.339839328172081,0.6340096632097116,-1.6118663292781747,-0.35875444504704207
I,0.0,0.0,0.0,-0.26494238640695406,-0.19730775714420956,-0.14872352405893385,-0.4353459372228834,-0.5370744710111729,-0.26677467751954337,-0.37700575281135607,-0.7901990932064427,-0.3873402379995855,-0.16681792138043608,-0.8013401341437177,-0.48776659681018014,-0.24662086693555332,-0.9881458754468926,-0.10983544592141342,-0.3020685356982438,-1.2085277859700019,-0.27093697127421124,-0.31539791490193253,-1.0078614079849235,-0.3462011022761304,-0.30059420912160195,-0.8487560421424402,-0.3768637042830602,-0.04576394924560068,-0.992757755830468,-0.11107519609660395,-0.09904335811938053,-1.1566817273922456,-0.34633455690006865,-0.13822877039313658,-0.7650218322248153,-0.41028941372259964,-0.13090262118141335,-0.49546223851780546,-0.3963523050569927,0.16195137341281873,-0.9449339289581918,-0.14239691438236482,0.14001431182107346,-1.2440742996434608,-0.3605836231120569,0.009850902742011955,-0.9946789287472511,-0.3930245188672893,-0.08687483694560469,-0.7648946008734959,-0.35553432093288245,0.35152854545560375,-0.8465666794690111,-0.18276170084283805,0.5272340172207185,-1.1537654455006503,-0.32781478906100214,0.6356775389953111,-1.3703965921773749,-0.3955628457905328,0.7157226543688817,-1.6032688925585157,-0.41611560057211927
I,0.0,0.0,0.0,-0.26908633377473834,-0.09535733296010768,-0.13744617949370747,-0.43746400236160893,-0.4211789403871963,-0.24209159643156491,-0.29287535938904674,-0.748957298409717,-0.350595577398459,-0.07919942891082406,-0.9243846188263136,-0.43666927587941057,-0.444237939596395,-0.8701038223404102,-0.11560804039575968,-0.4779452833707674,-1.1697687565084336,-0.2887333754214131,-0.40946868311718293,-0.8913959848132287,-0.3743952252261732,-0.3674051295445257,-0.7075655419657755,-0.4030681542390962,-0.2343201636529323,-0.9649556099574078,-0.11813014736886647,-0.2292784959515787,-1.244075074387715,-0.31832570458595166,-0.16670198227254895,-0.8432710310522609,-0.367425149978233,-0.15574047530924195,-0.6308903418987748,-0.3492367313915128,-0.025708945678028366,-1.010275887864923,-0.14666713519787578,-0.02696221254204276,-1.4247499225446483,-0.30639706180981563,0.00012798095377063772,-1.1355198598878806,-0.2898219079588799,-0.0064286767196299124,-0.9155312997284953,-0.2308696266228328,0.15555899749376653,-0.9964759608738573,-0.18801228764498606,0.17045766772138407,-1.3779102308861375,-0.2725906202430642,0.17073976078829653,-1.6034546458907235,-0.28240860606778667,0.14657070169872388,-1.8488310676793283,-0.2663175216563439
I,0.0,0.0,0.0,-0.26007875740100533,-0.12588785924413307,-0.16436697448582674,-0.4017621425423766,-0.4571707860102909,-0.2711725582732107,-0.24176480747077422,-0.782313835540856,-0.37372838681078097,-0.027124144379499848,-0.948610350452182,-0.44508371816351305,-0.4301439390597523,-0.8875219939417582,-0.11608238198415166,-0.4200985157277792,-1.1401743642148134,-0.28657029074908696,-0.3476675018275081,-0.8299421944187667,-0.3668045974490157,-0.3246622169457586,-0.6865552268388496,-0.3954715836498272,-0.21909528646211346,-0.9705642771436328,-0.10001119628692559,-0.19161763459021533,-1.2047902887333584,-0.2928296449377779,-0.12760080095440277,-0.8129480967864088,-0.32966932269409294,-0.13335070853484018,-0.662778971948858,-0.30511527332689414,-0.01678019927650531,-1.004966035227641,-0.11419888948251014,-0.0029220426260787202,-1.3499916876262994,-0.2700537109594666,0.036409906823230455,-1.0739011661542723,-0.23998600250354418,0.024053523314806955,-0.9066482506636778,-0.172108956743763,0.15665724497519715,-0.9904535094958639,-0.14467394561634575,0.1547075916842482,-1.3275779867114206,-0.21838611951276754,0.16540816403688224,-1.5176646004354961,-0.21481875022671712,0.14664789383632587,-1.7410300546215602,-0.18872563686924101
I,0.0,0.0,0.0,-0.26222802368356507,-0.12056834374383595,-0.15966250818391503,-0.3960255884905751,-0.46802993227199224,-0.2640564334825254,-0.2222491562499746,-0.7947241443325672,-0.365132243206899,0.0019859010965508138,-0.9533281963258096,-0.43678821044324334,-0.4227826248178026,-0.8904718201622361,-0.11632524242164645,-0.415166775002598,-1.1587344426320012,-0.2879854132295848,-0.3432193538614823,-0.8570234775354366,-0.3702186805749555,-0.3177186101921352,-0.7001149213089266,-0.3976532461181917,-0.21247124474612852,-0.9718336468235187,-0.10195750613726828,-0.18176177989635814,-1.2237185271714728,-0.29714846035389436,-0.11770962882933009,-0.8461528510663657,-0.34155134041206875,-0.12275517177422264,-0.6835120850972219,-0.32015142358717313,-0.010235689369006951,-1.0081005589237695,-0.11656019810931163,0.006493575022735599,-1.3753858064618782,-0.271416406043147,0.05393989394962206,-1.1217521028210147,-0.25071621327076354,0.05106919532136853,-0.9585445071916063,-0.18852626890494714,0.16280574176173668,-0.9972533006965066,-0.14657706671964266,0.1587612383718992,-1.3408219798137333,-0.21550471682669792,0.17165211925026413,-1.5323015529166368,-0.21345005917251988,0.16017032338006232,-1.7516083079844345,-0.18936124664335097
I,0.0,0.0,0.0,-0.2631923321878196,-0.13007858756955987,-0.17448148834436053,-0.39216871638761325,-0.4508873315989992,-0.2895334599240823,-0.22456704032287464,-0.7735448748607505,-0.4006949124684065,-0.0029799869126723964,-0.938472198570737,-0.4837147482626369,-0.4279721357514718,-0.8936770464933862,-0.11931466302477775,-0.4090143977049297,-1.147082976127941,-0.3016790104543879,-0.33437060290233783,-0.8544650722036563,-0.39527297240170284,-0.3062514240064798,-0.6928841370706116,-0.42880097346507323,-0.21451728032679754,-0.971345204187629,-0.10232707727130458,-0.17538526275594804,-1.2236874096233787,-0.3120461736379455,-0.09939459702381592,-0.8559530667420204,-0.37172746774465143,-0.09658131987000916,-0.6799609324897702,-0.3584703938895351,-0.00905469862961056,-1.0088882818625278,-0.11649822508192774,0.012546408543117497,-1.366934369063047,-0.28721239133440835,0.07507216292399356,-1.1243301923656395,-0.28474962444699353,0.0821107528870349,-0.9560362910071938,-0.23079003314336877,0.16664159576278223,-0.9958003664407928,-0.14655847826098065,0.16876564599983998,-1.3391868889640843,-0.2207535909382802,0.18492849693791782,-1.5341653457898765,-0.2271921307125988,0.1716105060576045,-1.748072656297515,-0.20886137827445225
I,0.0,0.0,0.0,-0.2587708939850376,-0.13379475438870475,-0.16108176204486277,-0.3912509076067697,-0.4480098847203275,-0.2740966241695095,-0.2169286657118049,-0.7614558738990779,-0.3847671191343307,0.0020453061675789197,-0.9196684859990314,-0.46655839645420444,-0.4158272226388649,-0.8973770424473054,-0.11615111206192832,-0.3994380670082033,-1.1459797637837739,-0.2958851487150911,-0.3316058707506055,-0.8497122494743581,-0.38484132800135007,-0.3087270866425837,-0.7003267586147119,-0.417444638878836,-0.20380578826403287,-0.9733888807802541,-0.10477255100187531,-0.16389096283350468,-1.2143694291177076,-0.3022263594584125,-0.10401823012678589,-0.827359282543377,-0.3443951463114044,-0.11482141900496413,-0.6756337272039659,-0.3240113231653234,0.0007988148084615221,-1.001970941492522,-0.12380664319543483,0.02867879682948869,-1.3504694308969527,-0.2833841569043299,0.0650381248473178,-1.0649977859640032,-0.2557466581055592,0.044920573304057264,-0.8842632649205807,-0.18925530306782934,0.17362313056928305,-0.9739880907987856,-0.15911232152340693,0.1866134656887566,-1.314533644856567,-0.23777634173682652,0.20381449253633904,-1.508126156515535,-0.23810025441562907,0.18948785379349806,-1.7327470250535455,-0.21422178957885313
I,0.0,0.0,0.0,-0.25703678803031216,-0.13920705135071876,-0.15772528261606947,-0.3880105211413782,-0.4596966386206815,-0.2658655207811127,-0.2143504890896174,-0.7751672093520096,-0.3725568821018595,-0.001685681297514665,-0.9354683508108828,-0.44908368862617154,-0.4111412533341693,-0.8962122380282959,-0.10883112955793024,-0.39459479902348105,-1.1470423479172773,-0.2817282749579717,-0.3289679046595421,-0.8417845974498072,-0.3625392491154896,-0.31078290712545603,-0.6968997848776276,-0.390671791459567,-0.20090088741292508,-0.9748179475051635,-0.09679257543075984,-0.16095949002342944,-1.2014241378060264,-0.2838504043167289,-0.10644153447940592,-0.8058517188924581,-0.3163556714847244,-0.12441381650256134,-0.6731845801776146,-0.2920672341333976,0.002579720232655212,-1.0055652417913894,-0.11536981670290802,0.03200833679841911,-1.3438687628061192,-0.2705342697395975,0.0632081962079938,-1.0460396163130214,-0.2341027525526332,0.036777204649618506,-0.8715635806252883,-0.1631955645149797,0.17504961494253304,-0.9835503747648771,-0.15006244895723317,0.18849783020528077,-1.3220094712301058,-0.2269244458100473,0.20989079154806675,-1.5083260761822403,-0.22115087348205698,0.1985168496055953,-1.7318754217943662,-0.19284506653099073
I,0.0,0.0,0.0,-0.26624103820619643,-0.13004103944857667,-0.11853530424474029,-0.45115225502875733,-0.47798405502342556,-0.2128966336489217,-0.3568072781625984,-0.7729726277790844,-0.3083909603303713,-0.11961986371178222,-0.8370931644223423,-0.3921142376730206,-0.31880069666343036,-0.9310948768918976,-0.11312825862610916,-0.3673680629035441,-1.1694502792631172,-0.25734278148410916,-0.36089351855183194,-1.0428325899829052,-0.3388559028229057,-0.3401281439676521,-0.898750036526351,-0.3806903672379954,-0.1207078441565794,-0.9854456117916807,-0.11969361954419763,-0.14706384211828616,-1.1759325010998622,-0.31688844622360385,-0.14283698252950222,-0.8097847542383934,-0.38171715509649395,-0.11773827376147655,-0.5320048601058727,-0.38424317394675067,0.09483471959562756,-0.9715208763718356,-0.1478083803231258,0.09095294275516552,-1.3085364062758766,-0.32902702990347027,0.04275672230466965,-1.0670673796456471,-0.35651121408685715,0.006345441379711187,-0.8239264796299585,-0.33376668993170655,0.29657619584483547,-0.8910464884521316,-0.18253718081093506,0.45803633259525206,-1.2029057284504001,-0.3162544223362632,0.5671463254142016,-1.4161042347986077,-0.37844265722018217,0.649873651112909,-1.6424113397037525,-0.4027288405738518
I,0.0,0.0,0.0,-0.25727678299720186,-0.12461436513139877,-0.10917983422488368,-0.44771826501387924,-0.4813937517075693,-0.18686439765624738,-0.37541564879153266,-0.7887202534437123,-0.2653758185323082,-0.14780913183239314,-0.8464444840987327,-0.32787645248365044,-0.3207682305049412,-0.9358408982776241,-0.07962367679067044,-0.3769468296234054,-1.1335213915212896,-0.19978717539084304,-0.3495413651234757,-0.9177832581141772,-0.2665962102360568,-0.30298040281387206,-0.7602242556273267,-0.30383057886777093,-0.1266820036302883,-0.9884939213630368,-0.08265250985022735,-0.16688228042085715,-1.1614173881610228,-0.2522604430923977,-0.16228537269264146,-0.7778477807856932,-0.30228311624877197,-0.1264656389697535,-0.5124803847594712,-0.299638464081194,0.08204199526929394,-0.9723445660372438,-0.10691739577287651,0.06477736226971022,-1.301538943056664,-0.26552458160860454,-0.004519705333331369,-1.0398622174156307,-0.2821671414647933,-0.05092111602684075,-0.8002145023128383,-0.25643174787445616,0.27790249154227586,-0.8909870986692576,-0.13791483778876543,0.4271850013878078,-1.2002321788957058,-0.2566293315677739,0.5254422709508344,-1.409618534752424,-0.313533855897367,0.599619321730001,-1.6438021018911333,-0.3365194585458109
I,0.0,0.0,0.0,-0.24568600076116032,-0.11086123931836772,-0.10211913743546872,-0.4485406916494949,-0.4829672900583239,-0.16960566770056362,-0.39175095418288536,-0.8117579292860779,-0.23767405278596782,-0.1642265223079768,-0.8618332850291014,-0.2867836846754707,-0.3318301690746621,-0.9344856486677477,-0.05852819672575386,-0.3876169422117401,-1.131732616144012,-0.16345585846695623,-0.3577141901570836,-0.894423243060061,-0.21925585111381135,-0.3076669182008474,-0.7465399135413843,-0.25234000032642845,-0.13535737144116533,-0.9888872823068453,-0.06148434669344582,-0.17907263323238182,-1.164507180885322,-0.22764917195099926,-0.16310101054519135,-0.7625339247019577,-0.27233739948131536,-0.11055290683405902,-0.4860248877960322,-0.26213709317398454,0.07182732875547378,-0.9764312391111262,-0.08564213546712046,0.048906245374176635,-1.3101222045480971,-0.23566611112820146,-0.025252430464882198,-1.0604824779435593,-0.2557634974016066,-0.07105571198423247,-0.831406760531355,-0.23290845019728323,0.26882075659018223,-0.9004190333441021,-0.1162048380997062,0.4146612361077258,-1.2041964452699598,-0.2289560990847275,0.5091737837135065,-1.4040640424727306,-0.2904778073324179,0.5833128205408259,-1.6265004973812522,-0.3175140001360611
I,0.0,0.0,0.0,-0.2589579405766393,-0.15220889622857947,-0.12807334762779038,-0.4559797134770891,-0.5229453777304467,-0.2101601793523107,-0.40393986261353515,-0.8593273098682285,-0.2947783767019121,-0.1682150048658811,-0.8979589000174878,-0.3553647193001264,-0.33284512051509835,-0.9498713038107921,-0.0446431570803581,-0.3798067755144782,-1.1985232318709202,-0.19718390462724736,-0.35308661650485823,-0.9457534164401737,-0.27533943460045995,-0.3035364389778555,-0.7854629253407084,-0.30372389174350845,-0.13302987361958357,-0.9902227040998915,-0.041976767501277844,-0.16676666734722317,-1.236694147488204,-0.25165668638682775,-0.16755932595487327,-0.8655054879257115,-0.3115999652616788,-0.1294822859844562,-0.6138657031845116,-0.2909596790998676,0.06636718110070564,-0.9832520746657669,-0.06862263743232225,0.042495205072404035,-1.3221741408906784,-0.24956981832311836,-0.02466629248401999,-1.0407723567810632,-0.25981249586264565,-0.05717171955893883,-0.7935397538983979,-0.2054920677501533,0.25642018964610774,-0.9287113599912008,-0.10631362546174382,0.3169846952767975,-1.2692113867306096,-0.20014410892061754,0.3386894494178299,-1.4914579396830838,-0.23369747730182672,0.352394050474331,-1.726724195208848,-0.23201222293266005
I,0.0,0.0,0.0,-0.2548559225488819,-0.14995912068810374,-0.14648136253042376,-0.4467807901729784,-0.5193122880418127,-0.2380163744050112,-0.38488125287177116,-0.8383252148226571,-0.33221034807516825,-0.14839922537399813,-0.8644226712698048,-0.40022953680926976,-0.3163445891583722,-0.9639720970764686,-0.06047659319118574,-0.36476151070947005,-1.1926851352147452,-0.2209624897831941,-0.33591758054270304,-0.910059199555235,-0.2960863091489815,-0.28782955744703853,-0.7577063280460031,-0.3202525219185148,-0.11456064205160796,-0.9919579434890357,-0.053807970057663315,-0.14864393067048998,-1.2226603226226374,-0.27627931327732874,-0.14600204221785318,-0.8378939520228992,-0.3322638268832609,-0.11407971134513636,-0.599385029746676,-0.3040210096240685,0.08420083121977431,-0.9757995197402412,-0.07925769314973807,0.05637610265093704,-1.3068968905069984,-0.27399287340099054,-0.01120536241749254,-1.0001939323128768,-0.27897975332731095,-0.04768765131105782,-0.7460513297413097,-0.21407033583170257,0.2713495037169639,-0.9202031628442972,-0.11757118325028101,0.30188658455731227,-1.2638500589917436,-0.21778167425740477,0.2995956018846283,-1.4911628053941959,-0.2498924554651984,0.2937897062526815,-1.7294093559436936,-0.24301297086796006
I,0.0,0.0,0.0,-0.26137393641550893,-0.14696464553520058,-0.14967801127553004,-0.4552024936514643,-0.5138490201735697,-0.24442286768408608,-0.3887814606471512,-0.8305404653229271,-0.3413587528108193,-0.14807828942105744,-0.8562144498341693,-0.41276364509932445,-0.3196808166971771,-0.9628754851307579,-0.0655596763327252,-0.36202775648809826,-1.1976336355692703,-0.22499417385313072,-0.33728971747294806,-0.9246929474899774,-0.2995414501381423,-0.29406276679271326,-0.7747999132634449,-0.3237037867564516,-0.11551122282683979,-0.991619411255179,-0.05786277406917271,-0.1452122970961315,-1.2278140916309506,-0.2800267846146387,-0.1448956708743684,-0.8438183717081527,-0.337002163794248,-0.1155532242644206,-0.6011750571538064,-0.30938763209477665,0.0844521693857643,-0.9770332004753086,-0.08186605295976833,0.0588946984778113,-1.3146381306601012,-0.27668320262597074,-0.009497171212986471,-1.010038051284311,-0.2832184647695558,-0.046764966006453836,-0.7538040407927551,-0.2189571487145984,0.27244515188783436,-0.922881837424293,-0.118692182696487,0.29983372393032043,-1.2713554473030764,-0.21844465040411704,0.2955968289143551,-1.5013832867990429,-0.25054084150670597,0.2889977568944453,-1.7398688628928647,-0.24355222129798315
I,0.0,0.0,0.0,-0.2683555852142318,-0.15598692108361528,-0.14369566958252164,-0.46351807075124873,-0.516489995957896,-0.24070455909085703,-0.3922652050358241,-0.8214751731422371,-0.3424814154664012,-0.14720808425000254,-0.8635171679204509,-0.4224686890570806,-0.31997674808508225,-0.9614609591226077,-0.0731111191022589,-0.3677890173725901,-1.2107232757336006,-0.23636284842853453,-0.34846394550835347,-0.9777636418013433,-0.3167489405464416,-0.31137989714497216,-0.8207645131447043,-0.34336244577736247,-0.11694901523345527,-0.9906228260370987,-0.07063529125159136,-0.14711048287695083,-1.2273104257475431,-0.29269559049833466,-0.14843704820567855,-0.8623063008860282,-0.3550787789355406,-0.1256591244335441,-0.6140141012559305,-0.33369215765285326,0.08611694482261698,-0.9767650577533081,-0.09816537885611827,0.05866960869473411,-1.3282159102813345,-0.29484312570976284,-0.006469547679970732,-1.0315936457460702,-0.30348534603812743,-0.04255297863337822,-0.7664458923261375,-0.24190907186922161,0.2758918345671801,-0.9220550147615652,-0.13779015108728795,0.3096019254658804,-1.2831215342290256,-0.24129397988280205,0.3046315755432225,-1.5244132753769901,-0.27290673419293277,0.29617970330933296,-1.7677076746982592,-0.26572398481300613
I,0.0,0.0,0.0,-0.2702972271449298,-0.15894093596148118,-0.15913288850969592,-0.4620948206048687,-0.5126790751038887,-0.26710528767608394,-0.39270473318869903,-0.8132679799717936,-0.3783082879119242,-0.1495830297238,-0.8498496351261773,-0.46579898951085047,-0.322433731449324,-0.9629569042777854,-0.08580860135622538,-0.3749727155414419,-1.1977565394010168,-0.26536538644197255,-0.34617823047864077,-0.9475043328172165,-0.3531986881597549,-0.3009771180231131,-0.794457927346435,-0.38178532747596267,-0.12031573640312887,-0.9894440127043259,-0.08077542508297149,-0.14907103846113415,-1.2210625906535921,-0.3187024982010091,-0.14739902931802482,-0.8484796365277253,-0.3823838981088409,-0.12438875951703661,-0.6074296088548533,-0.3576130052923589,0.08147231764883658,-0.9733980698942074,-0.10924415746311322,0.055084472834445564,-1.3178239158352858,-0.3191859059640226,-0.007778931613651221,-1.0172545020005357,-0.3282850536661865,-0.043628567863053955,-0.7583056777369166,-0.2629765041322744,0.270589994519225,-0.9181208970515606,-0.15139283849311136,0.3040241492268278,-1.2740368075066733,-0.2598736622640364,0.3003899757666336,-1.5115424812226523,-0.2922104667815583,0.2922847200515031,-1.7544074857715168,-0.283794962043839
I,0.0,0.0,0.0,-0.2670554088228046,-0.1598651700130275,-0.15020555453613907,-0.45961941090629904,-0.520065533606825,-0.25195141754258193,-0.3917417628210831,-0.8230559318515462,-0.35644571959535737,-0.14537167918421598,-0.8475482059366628,-0.4381848748976634,-0.3094418474569481,-0.9646072199454766,-0.08041517795559053,-0.3528721625138809,-1.1869520954807469,-0.24831264650452203,-0.3283877129877666,-0.9334999834279577,-0.3310784742312984,-0.2878962220401974,-0.7848305535688639,-0.35960267836562393,-0.10851539809721207,-0.9911982815106624,-0.0758312277766432,-0.13684391302033677,-1.2141909904053767,-0.3015908963485336,-0.14003713561213307,-0.8399975064994768,-0.3614658011631794,-0.11878362706480029,-0.5958939367869325,-0.33764463348479556,0.08970876959069028,-0.9730132038705257,-0.1026686250174692,0.06355046632724518,-1.3079553894307157,-0.30172524302345394,-0.004055729749507541,-1.011151910115029,-0.3100776838925099,-0.0440127431283066,-0.753194657744397,-0.24790980710947913,0.27435953433656035,-0.9129884035778141,-0.14220106829489373,0.3159434540986766,-1.269103544853557,-0.24411627532269173,0.318521144715628,-1.505853634141716,-0.27533145062849834,0.31435647302924274,-1.7469707301868698,-0.26851751367326276
I,0.0,0.0,0.0,-0.2581952054240097,-0.15016610370270272,-0.14307103177226926,-0.4510393493498075,-0.5221878775354971,-0.2347137326599348,-0.38657442291708405,-0.8395633893750994,-0.3283772293749675,-0.14282549837906994,-0.8472464922996307,-0.3983553074989763,-0.29356243141660326,-0.966550623040121,-0.060047741374171106,-0.3348360915178594,-1.1954505870843117,-0.21155073287740328,-0.3209366471400116,-0.9377592310206428,-0.2848765101144547,-0.28250973592468137,-0.7999650283969767,-0.31154483688282986,-0.09303998313161084,-0.9941807622481469,-0.05429708569125285,-0.11912998280681703,-1.2253364518809746,-0.26846661630468627,-0.1295648630116543,-0.8494946201598182,-0.3267577635589274,-0.10828722454837048,-0.6089339424075165,-0.3039635785090621,0.103159357665568,-0.9738304465361571,-0.07868894307292129,0.08040416095906235,-1.3084137136428455,-0.26769577176991477,-0.0014651619494356679,-1.0092036707354215,-0.2772282467736693,-0.05184689893996478,-0.7542388994840417,-0.21844374702076103,0.2846207047923317,-0.9127974940201999,-0.11514181948038825,0.32616248473176923,-1.26310396024297,-0.2133645905746304,0.32817488306979736,-1.4992203667327093,-0.2483027948351004,0.32293145073847224,-1.745513730540445,-0.24600750607496424
I,0.0,0.0,0.0,-0.26568382997426054,-0.15925008319093092,-0.16001259836642773,-0.4487678764656351,-0.5309751739591121,-0.26342981356820805,-0.3797887657393054,-0.841470437630828,-0.3688545946058154,-0.14251749972552724,-0.8557321708367523,-0.44824399365148565,-0.30033007782088944,-0.9703894048350988,-0.07010336086555886,-0.3436204773532351,-1.2012325554418233,-0.24426776698772104,-0.32666387496156873,-0.9274681434076639,-0.32720252216695267,-0.2879138338646528,-0.7743835119231823,-0.3535162672990705,-0.10026366575495402,-0.9929877417309364,-0.06263020119298711,-0.12612104528695073,-1.225802379653692,-0.30073170716099634,-0.13680310499459877,-0.8427376641894531,-0.36505193371496647,-0.11507085384872368,-0.5997652875859264,-0.3389327207411891,0.09808929337362823,-0.9698272441333453,-0.0897473789830722,0.07806989134050724,-1.3092722743838678,-0.29817332749400716,-0.0003834286204226244,-1.0093352863769864,-0.3109079379701144,-0.046534145278661156,-0.7544828620612158,-0.24774471482607704,0.28464372111084363,-0.9099391152960595,-0.13064518643991652,0.3278805815287366,-1.2610213551325586,-0.2372660182115311,0.3304878961476104,-1.4996183180536404,-0.2742455701058381,0.327457300484774,-1.7483045862009297,-0.26981732177097295
I,0.0,0.0,0.0,-0.26897684258015253,-0.16688333399420935,-0.17613871463614084,-0.4476798264691013,-0.5253343317932881,-0.2966687296871103,-0.36964114587704594,-0.8179372407806136,-0.4197562612859961,-0.12768116943186164,-0.8574969102557207,-0.5162944723263101,-0.31328342808367615,-0.9697670934254872,-0.09928244311533103,-0.3619254732211476,-1.2009011451918654,-0.3047616555339786,-0.33245350928266787,-0.9217918071657419,-0.40403653003517676,-0.28657439078019553,-0.7416952463247212,-0.43316786162333715,-0.10993744325496137,-0.9896823158435561,-0.09188401535140728,-0.14095038366535237,-1.2192922891492755,-0.3570099245939001,-0.14085530690324607,-0.8280459161384337,-0.42668164653010404,-0.11314032895401127,-0.575179596768122,-0.39846349466749514,0.09421516712292931,-0.9672132542309232,-0.12302804895526724,0.06830257584377389,-1.3068734599269503,-0.3536463041974563,-0.00015757904469009803,-1.0059247656954633,-0.3682605644982929,-0.03945828140759338,-0.7480263000104163,-0.30146427839550133,0.28607437251952517,-0.9099066011309634,-0.1694055442700278,0.33341710310504286,-1.2609927127005018,-0.28854015005445205,0.33560549735746387,-1.499444214110616,-0.3271698690368161,0.32966696615001495,-1.7489539369566307,-0.3210564281436186
I,0.0,0.0,0.0,-0.2663983732897427,-0.1447827962885802,-0.13170670450700364,-0.4766875813577792,-0.4851672670459245,-0.21845542813811455,-0.4044292653196851,-0.7799881616747782,-0.310688856461967,-0.15346344688989066,-0.8254700399008841,-0.3778498495430642,-0.35462057872081243,-0.9515835734352834,-0.07246683615871957,-0.4136945230521715,-1.1455395619336273,-0.24319299640080944,-0.35715480392154764,-0.9010209205499264,-0.32677365278712134,-0.3014610854540604,-0.7770261654620434,-0.3546085853197869,-0.15407906344386957,-0.9853202352180728,-0.07350970193152585,-0.18297885160445407,-1.1415957994438173,-0.28416981176761946,-0.1547242979721923,-0.7935738668727897,-0.333440007812818,-0.13052661171163069,-0.613433768903264,-0.3124261047104551,0.045986178903356295,-0.9717202179787676,-0.10571170166492011,0.025049650274237296,-1.181025671986216,-0.31023651147628784,-0.003376846631899754,-0.824445337499928,-0.30255750498718265,-0.020421493920898353,-0.5648513459535665,-0.22842590176642877,0.23923968470820278,-0.9343341844444449,-0.14956753570644374,0.26576387279239017,-1.286030733617621,-0.2584134547599196,0.26711079490080514,-1.5266390072745306,-0.2794210218023348,0.26329762978779986,-1.7744519028851657,-0.2631634125480182
I,0.0,0.0,0.0,-0.2672015835144381,-0.14711387758074698,-0.13236585485997734,-0.47746447220619903,-0.4839826580917603,-0.21928106836267017,-0.4075683971703787,-0.7800945593899568,-0.31216746355434816,-0.1597576613087121,-0.8232766769116348,-0.37967584595620946,-0.3616034070610881,-0.950785837196381,-0.07194207101289748,-0.4204993152115987,-1.1442290534475983,-0.24498899433135993,-0.361316865184518,-0.8894413882274054,-0.32866544287502086,-0.30646492984476037,-0.7625296015998779,-0.35572484034615176,-0.16380834840189332,-0.9836935227716845,-0.07425549306870952,-0.19205493961973016,-1.1356476080676163,-0.2878636618984651,-0.16064651381487477,-0.78379294413455,-0.33833650274274235,-0.1382482600709343,-0.6061956318928859,-0.3174944814304426,0.03419702528042149,-0.9709928651219742,-0.10847968403961734,0.015316265613301593,-1.173352056001216,-0.31569530058829165,-0.011314948243857469,-0.8203196279386776,-0.3120349305309759,-0.030008695397461246,-0.5633559427750485,-0.2398421265771821,0.22528471327269448,-0.9367154659313087,-0.1543830977609768,0.2490019285559952,-1.2994982169530287,-0.2638732592488652,0.25513325328635256,-1.5496026701795207,-0.28779916035440256,0.25758791595056096,-1.8005285368695505,-0.2734230670750884
I,0.0,0.0,0.0,-0.2890238958912054,-0.2130049849325666,-0.09239677032356117,-0.4635599277368911,-0.6791650596412585,-0.11915347905460281,-0.521420295305764,-1.0570962333890441,-0.1586876943094566,-0.6193340836244895,-1.33136002185775,-0.17639806870787686,-0.2810999693366137,-0.9816832358882916,0.011568126069520285,-0.3294648471357482,-1.1943894332212124,-0.12116629993663491,-0.29452813921358295,-0.913918803878537,-0.18200909633600817,-0.25538001511116176,-0.7502880230950045,-0.19495300199208979,-0.0879156206737029,-0.9960955188094096,0.008034989070970566,-0.12393094190409099,-1.151311408431092,-0.15980667124150197,-0.13684849270711413,-0.8065649156507382,-0.21615788845345982,-0.13457830253970612,-0.6284734106342516,-0.21307615741531966,0.10796595611464781,-0.9668181061134913,-0.02289623408279598,0.09217448551596234,-1.2173160708174182,-0.19617165337546216,0.01573588220805369,-0.8797871349706996,-0.19208013688687475,-0.034854317986050334,-0.6382281805402937,-0.1324434844829817,0.2883500851847618,-0.9127707050820244,-0.06113397110536217,0.30228589618617896,-1.279688230405925,-0.16069452206812368,0.28278628287242163,-1.5108596999269193,-0.1787719039259427,0.26465831309750315,-1.7374541603342704,-0.16325697316252738
I,0.0,0.0,0.0,-0.2912899502928712,-0.1419509158076014,-0.10057759748013176,-0.5586085808884088,-0.5215354581075501,-0.1455552318174978,-0.6524983707583645,-0.9128406892389415,-0.20518583362159806,-0.5079444372532377,-1.1747235083138596,-0.2379777084753541,-0.42881877278089214,-0.9020391049097741,0.0845734296151446,-0.47621023033118487,-1.131854199386107,-0.04969871344227619,-0.42342824945003327,-0.8541152478263643,-0.12906108221166196,-0.3765707712534308,-0.6733614812460358,-0.15059963182016853,-0.2668362587139003,-0.9597833022108694,0.08726066601148247,-0.31431039354084916,-1.207864457688402,-0.08777201623954116,-0.27345570691497123,-0.8570875924667444,-0.15239156524710057,-0.23488912708572446,-0.6231437246905603,-0.13339610986410555,-0.0978323198778064,-0.9950887813061067,0.058088730581341806,-0.14804937429080497,-1.3293495878824535,-0.09469373129143385,-0.1390601952301621,-1.0363387741464851,-0.08982383015073961,-0.12718661487437208,-0.7888758551198719,-0.019646017071685097,0.07909810538012679,-0.9976458086713944,0.018723215466273094,-0.008184523782103796,-1.3357574278945457,-0.03026549690962412,-0.07347218878388377,-1.527127939796995,-0.020739346161532,-0.1352087682086904,-1.7071185652727316,0.015413761526026588
I,0.0,0.0,0.0,-0.31080826994027133,-0.1564680890617983,-0.08910840310694519,-0.527742845760716,-0.5215016158343128,-0.14204779835633338,-0.4830225336979397,-0.881100286988335,-0.21294473159989835,-0.26247094629176315,-1.0309022562085386,-0.26336247242930627,-0.443322563160569,-0.907855727728499,0.05372225659585847,-0.49894146583185467,-1.1746258959093843,-0.08214881502607922,-0.4495165830963954,-0.9510153432163455,-0.16592936334457736,-0.4008046922699041,-0.7924188271801167,-0.19210439572760626,-0.2581544313657996,-0.9651491151571303,0.04293570865385885,-0.29432852462159215,-1.2468563168400801,-0.13415395936418872,-0.2562585957368849,-0.9353468142558929,-0.2082729744646218,-0.21785335486782434,-0.7088128736848278,-0.19710653633173633,-0.0677176300365831,-0.9989789643387126,0.005884586199982603,-0.10558159885251013,-1.3339812304022105,-0.14598554173473177,-0.09729356508556745,-1.0245313285058255,-0.14333371938400247,-0.0824800038665501,-0.7576900859435222,-0.07452987047082353,0.12296525120688545,-0.9957896095540667,-0.041567123878872396,0.06215411422399145,-1.3296980910373508,-0.09310503467986232,0.004869373313780793,-1.5304657525755758,-0.08333211809231707,-0.04717246468687641,-1.7258557119820692,-0.04645030189971918
I,0.0,0.0,0.0,-0.2979920299865953,-0.16117871700251757,-0.08927089519437964,-0.513615824644325,-0.5352568381713984,-0.14199558997294817,-0.4708371448223784,-0.8912383134867926,-0.21104890307260116,-0.24257595381798783,-1.0193133263109084,-0.26027368386416344,-0.4127157274439504,-0.9206169392396448,0.04103251352544505,-0.46688416147887385,-1.177156359661099,-0.08792909533656781,-0.426907613810819,-0.9614970406675135,-0.16585039601913992,-0.38651901816986517,-0.8142601667596805,-0.1910890529976372,-0.23067186900327083,-0.9725272611432044,0.03132435448393698,-0.270190375838478,-1.2412982080837869,-0.13791511802558387,-0.24170758116373184,-0.9354417422762556,-0.2050572604695965,-0.2093696237804467,-0.720675165288093,-0.19276710592516985,-0.04150598187649945,-0.9958948946849951,-0.003463907573555763,-0.07946227600979112,-1.3224625631419795,-0.15237612912402282,-0.0820936510903657,-1.0129560147290388,-0.14803163799577274,-0.07535758487451538,-0.748904999233121,-0.0807457035087394,0.14704037456215646,-0.9812116741463608,-0.048210876734612614,0.09521397246648833,-1.3144258257113848,-0.10339722993727976,0.040809567601604015,-1.5172503051293131,-0.09702977160972195,-0.008723026411695397,-1.7144040193691965,-0.06362242123992122
I,0.0,0.0,0.0,-0.2998143220638734,-0.16251341863042296,-0.08353230859070951,-0.5199996827240613,-0.538078956555926,-0.13268239215270558,-0.47360044562597187,-0.894756054163219,-0.1987901301760898,-0.2403480136178687,-1.0153526103371406,-0.24682413320203894,-0.4103507137774382,-0.9200311052842003,0.044966712124777236,-0.46444549730320017,-1.1831076450069926,-0.07844410638833858,-0.4319306173444222,-0.9897261833337456,-0.15457352854867368,-0.39487082682004737,-0.8468898141184936,-0.17982358473455823,-0.22748737991965073,-0.9731881954521737,0.033973934270762764,-0.27099908118954635,-1.2446203638281563,-0.1306785325504261,-0.24271263165055287,-0.9475666054815749,-0.19789385391161918,-0.20535553636037965,-0.7293240044937692,-0.1868768423073565,-0.038928785446613975,-0.9981408928875187,-0.0010131615515572077,-0.08214611872062312,-1.3275962064245086,-0.147743497880033,-0.0874817113972365,-1.0228410281104308,-0.1463694782513464,-0.07753176218416583,-0.754104296260162,-0.08169216851255065,0.14826196525211,-0.9855568338145438,-0.045206009049408705,0.09964011158414081,-1.3216378457753772,-0.10167990551082134,0.04504037638468392,-1.5296638561172187,-0.09866508446022787,-0.0037740948392790442,-1.729170987948996,-0.06818357216317614
I,0.0,0.0,0.0,-0.29375827572578433,-0.16839834810448914,-0.0801796380550768,-0.509735590589561,-0.5495871959401732,-0.13003632464011414,-0.4595094694535237,-0.9010198789238726,-0.19682295041680095,-0.22452997879241773,-1.0037299525874617,-0.24771053614320973,-0.3886770512276858,-0.9285425774713015,0.03685968527064988,-0.43948741604462854,-1.1907784787436415,-0.08245127740921412,-0.4155498413208452,-1.0267318042908065,-0.15579288918697393,-0.3843417937693727,-0.9016468047074647,-0.18096340643168615,-0.20636727528193813,-0.9781844549264334,0.023826872077238555,-0.24592805480736146,-1.2447611433222117,-0.13755542719602945,-0.2236571557127805,-0.9521651340849723,-0.20182887417385825,-0.19262173739444158,-0.7384385657292684,-0.1902778789324958,-0.017525582406812498,-0.9981247729726936,-0.011611428695863986,-0.05675458202471186,-1.3287225417740642,-0.15823787598270347,-0.06627580136047366,-1.0254912584803302,-0.15641931816471497,-0.060828390003814646,-0.7568628915209934,-0.09199102976324777,0.1693646570851527,-0.978748480769224,-0.05549066608174382,0.12636010580085177,-1.3207579231711022,-0.11472418510203228,0.07459777457216449,-1.5342374710175326,-0.11284448776397564,0.028345927442972804,-1.7381379972474371,-0.0832063035015023
I,0.0,0.0,0.0,-0.28170575348910337,-0.1977680791936705,-0.07682373106781488,-0.48236124867372876,-0.6045174818017226,-0.12445467113180438,-0.4278847013844833,-0.9484177791366047,-0.1886562557636817,-0.1900538761965162,-1.0252076978239717,-0.23765645522033615,-0.32261549783201565,-0.9599115743168429,0.03141879589094767,-0.3664990478590132,-1.2196133039317287,-0.0894029260938916,-0.35694083013464056,-1.0573360419426159,-0.16185072809435308,-0.332458404944329,-0.9332600953343414,-0.18665500231106757,-0.13761136647247252,-0.9903490255595657,0.016489978495962346,-0.17440975462115743,-1.2496353604224535,-0.14965083512038768,-0.18046789651487008,-0.9454358690302098,-0.21228538874549874,-0.15883443441817197,-0.7199996369404713,-0.19878564127205195,0.050701610838126666,-0.9840215409499457,-0.02069216805938843,0.014179290351521101,-1.3132380045359024,-0.17201339346454803,-0.03076421465286673,-1.0165742464154839,-0.17131533543018654,-0.04349539992872111,-0.7478745388226936,-0.10747867612254676,0.2356600470506048,-0.9408054849391312,-0.06560721597985525,0.22324803806613638,-1.2975668107413392,-0.1315417513441212,0.18605994790851996,-1.5309510670335909,-0.1351419146348738,0.15656191991564616,-1.7485499778808753,-0.10970096907193039
I,0.0,0.0,0.0,-0.3590881796915447,-0.17713188299819527,-0.08671159312403476,-0.5639659521135009,-0.561988537651563,-0.14072306646341504,-0.4796281690988328,-0.9262505079362281,-0.212088234520813,-0.25483719931735105,-1.0316695680655044,-0.26648747580530713,-0.4558317816115444,-0.8964118472198656,0.04670823957358593,-0.5373363420845562,-1.2054542660822383,-0.09370318946708013,-0.47901023856005354,-1.0154266650268313,-0.1896879080727754,-0.40490192456265034,-0.8488752811468543,-0.226650036771855,-0.2556377169416079,-0.9663232299003756,0.029474956009948303,-0.30584971651560616,-1.3066646387844898,-0.1571108314138433,-0.24300063330728602,-1.0439914409969293,-0.24946168930757437,-0.16763294601206158,-0.8055646692876229,-0.25220811869240145,-0.05520963220436914,-1.0107444267885781,-0.013924184008205507,-0.10696627443609477,-1.412517940231743,-0.1578000907731754,-0.06812390287288182,-1.2250329653706828,-0.1782641835864638,-0.005459794709909715,-1.0155179585695702,-0.13472997602321077,0.14833859763741916,-1.0177347200862135,-0.06913278726592374,0.10077943779024916,-1.362116281537266,-0.11878870216567164,0.047567976929768524,-1.5779797714985304,-0.12632933984940722,0.009986264488922439,-1.7744882956422876,-0.10950329241814445
I,0.0,0.0,0.0,-0.3152525196068761,-0.19102012950825387,-0.08947903127182233,-0.49443397297878944,-0.5882772495441109,-0.13924339083440943,-0.40107727373736535,-0.9480682028191,-0.20482851940002747,-0.17915407561967361,-1.0654975086653657,-0.25174515597795205,-0.3777482698576928,-0.932789885446821,0.04176802536042455,-0.4203922779425034,-1.2121673068941465,-0.09252049852020416,-0.38674071275157085,-0.9747714667991175,-0.17526601535207345,-0.34443969238100847,-0.8071577838333402,-0.20433942925796136,-0.18113120881813385,-0.982918358344976,0.03260346638778053,-0.18851362928222096,-1.2618034588840183,-0.14859138553338005,-0.16985310651786303,-0.9216907915265793,-0.22053715090082293,-0.13914024627800686,-0.6890559042554788,-0.20870297390558473,0.01645900686921951,-0.9985227198575646,-0.0025466627899031636,0.01570812893716169,-1.3531055822641782,-0.15204204727185913,-0.0023575499376236675,-1.0718026241514595,-0.14927630797140576,-0.003946799737218768,-0.8300417556495074,-0.08613814977282032,0.20908178787396905,-0.9733110647425809,-0.04828914020667608,0.20474767909632371,-1.3021329939141,-0.10983512595882004,0.17148160414409552,-1.5045639025219404,-0.10885244653358551,0.1431486938209683,-1.7141924796294528,-0.0794745927407397
I,0.0,0.0,0.0,-0.2615148412361774,-0.1973891715206004,-0.08031952540805372,-0.42582838528816114,-0.6143656572582417,-0.1237699548223268,-0.327828173075023,-0.9460731466140792,-0.17945911755685806,-0.10428069215060935,-0.9472988766855521,-0.2164945709388984,-0.26950511967110824,-0.9900318995823064,0.017304807237499685,-0.2970263228351718,-1.2610368886781944,-0.09008421804835559,-0.28226350500625114,-1.0460533481687797,-0.15067606016271112,-0.252650626097426,-0.8985878108539288,-0.17345255369389945,-0.07880171435413338,-0.9968678971599321,0.006684715909059759,-0.09315980998964316,-1.25729407800129,-0.14436655398198422,-0.10277706224087332,-0.9501164200389839,-0.1916670384035064,-0.09128295194800443,-0.7366607645672727,-0.1749370638879363,0.1140697985643378,-0.96392022019195,-0.0255456852770133,0.10148401948868443,-1.275542771372483,-0.16330600143356883,0.05317137703817043,-0.9739815857165073,-0.14898400645363857,0.03014761986959655,-0.7189163522287061,-0.08456755723882349,0.2999368441791456,-0.8921368869358179,-0.06688857146273697,0.3431641828233922,-1.2227152906835568,-0.12990973386485877,0.3522156701129623,-1.4394335429032659,-0.13137779193721225,0.35964695245915423,-1.665512018227449,-0.10870117453615745
I,0.0,0.0,0.0,-0.25813701374335823,-0.21081665901803792,-0.08618866985107333,-0.41775151666833055,-0.6252655155319357,-0.13349832652548838,-0.32886954082646913,-0.959920636346957,-0.19317584999777904,-0.10865266821773784,-0.9673026501947759,-0.2326612739337634,-0.26221970009078505,-0.9912466585932442,0.027670127598516944,-0.28943970741135977,-1.25982932098515,-0.09259990934892416,-0.2736681073107201,-1.041344410166678,-0.15951758322384904,-0.2408799756777553,-0.8903785147724752,-0.1808142955706647,-0.07734090232484742,-0.9967897880003282,0.020700322843833947,-0.08520929851517639,-1.249319241025147,-0.14173974853407856,-0.09458757213343452,-0.9382944888338652,-0.19285582263613887,-0.07871025284072282,-0.7256900460703848,-0.1738903827928708,0.11014606752290969,-0.9668818100484016,-0.010952638694359869,0.10504173756453095,-1.270036499722334,-0.15751854624170913,0.05304363259805431,-0.9754713555436704,-0.14639473721100485,0.02953231378254989,-0.7263639827764132,-0.07960467042786791,0.292039733005524,-0.9034976925515315,-0.052243077383278526,0.33682615977515595,-1.2309170660016358,-0.11364760416577109,0.346542882926002,-1.4416332825298328,-0.11450579729642336,0.3560409469422822,-1.6597425291789283,-0.08975662315321241
I,0.0,0.0,0.0,-0.26707907355439686,-0.2018252777298691,-0.08379647100257903,-0.4416728065235138,-0.605981266738253,-0.13463323651004117,-0.3590837273374781,-0.941457910292712,-0.19947571141256273,-0.1279974841628472,-0.9903338593777399,-0.24653891445150658,-0.29537454093702015,-0.981365413494908,0.014085258242601506,-0.3242075001534592,-1.2598073681262405,-0.10004163206179176,-0.30945112773229655,-1.0584333435683262,-0.16210783134728532,-0.2833618702904978,-0.9184946168680197,-0.18203350851444058,-0.10944436091558161,-0.9939881289364204,0.00308729610727003,-0.12411037021714219,-1.2602001289884113,-0.1553233912932907,-0.1295284078862304,-0.9497193866236362,-0.20569740904628636,-0.11694956167705593,-0.7290736457947327,-0.18826815366465283,0.08183580322221574,-0.9745668073346376,-0.029841272714411397,0.06680909134365429,-1.3097031831254498,-0.17476743256427843,0.02852681196683279,-1.0116781156636694,-0.16380022993467738,0.011877125967119193,-0.7502319265316055,-0.09763731340148166,0.2677834184513784,-0.9205626574745149,-0.07148016644788646,0.2884220175128632,-1.2781608301237628,-0.13316801118027946,0.2823736877107828,-1.507691965254619,-0.13226726241779355,0.2756069523603306,-1.7332435610912977,-0.10630482033432646
I,0.0,0.0,0.0,-0.26544012039923004,-0.2016290334626351,-0.0831785278503627,-0.4406529023496473,-0.6039943977334176,-0.13369190186161242,-0.3718762511439437,-0.9421109944164815,-0.1982348598353088,-0.14532430163787866,-0.9895075489922741,-0.24393676846195184,-0.29790595918857166,-0.9760943900198605,0.024401161698030617,-0.3267401041341598,-1.2469255975434583,-0.09652087826459432,-0.30980740462868117,-1.0453917530251888,-0.16220812986999084,-0.2763201224937591,-0.9051364040445073,-0.18189096521094425,-0.11231315271774459,-0.9935789969097015,0.013657694772975007,-0.1240798256920689,-1.2546967852628887,-0.15264936917255473,-0.12910938332080574,-0.9401335147821421,-0.2059614218466628,-0.10891952548138518,-0.719735483406085,-0.18661677821683664,0.07834992586099358,-0.9796972444408655,-0.020604476026567314,0.0632518283268261,-1.3070978279038525,-0.17407429178431133,0.019127323028747485,-1.016065829949204,-0.1697557060358313,0.004057499438451031,-0.7630513539094523,-0.10460067608137695,0.2648269528031471,-0.9333607742672771,-0.06286194383835024,0.2901713391032144,-1.2838394931825892,-0.12829563118086842,0.2791311179934163,-1.5096291771618915,-0.13218455900979842,0.2681840124054333,-1.7346673397131018,-0.1084116620717025
I,0.0,0.0,0.0,-0.251149325075462,-0.2323926707076827,-0.09772497482476658,-0.4303159305472234,-0.6370350304250749,-0.14914736624656924,-0.46634849065937073,-0.9933995295298983,-0.21186498848467927,-0.3258628201883216,-1.2275981945289463,-0.25065948480044015,-0.21942508614674364,-0.9872691127844133,0.0290884229906818,-0.23446139985137898,-1.2193873041834964,-0.10262553862954585,-0.23526513739892072,-0.9784781978406667,-0.17722058285030146,-0.2223934027552704,-0.8121664680350088,-0.20162185731631915,-0.052272680584312184,-0.9982350252584153,0.028185123946173708,-0.07948818486617963,-1.2285932530576376,-0.15420663412017946,-0.10629225432521873,-0.8991589816033834,-0.22302293229000839,-0.10568324743967862,-0.6703811408791414,-0.2158442281091955,0.12758116500587519,-0.9714627794873298,0.000390501409940536,0.10689330528877045,-1.287609714087397,-0.1688991738563967,0.022089806827488047,-1.0062828192031033,-0.17352774457819778,-0.032418108982134645,-0.7638558366009165,-0.1136637410732818,0.3039628189282709,-0.9076566639938435,-0.03506089523128825,0.3533048788201442,-1.2689437951156284,-0.12199848097218496,0.3542772061431543,-1.5025027661014667,-0.1391404620297484,0.340212840908101,-1.730115253681123,-0.12149789720207596
I,0.0,0.0,0.0,-0.2526402430130816,-0.2281823828229667,-0.09312385627068867,-0.4325390392906081,-0.6420984837612773,-0.14007850954459017,-0.4633692011416654,-1.003553139002391,-0.19863260751944908,-0.31582323725722294,-1.2261593803660107,-0.23390681745642594,-0.21636115923228236,-0.9878328444576165,0.03350042596720702,-0.23046497298842217,-1.2196755256753995,-0.09327126647396974,-0.23084040272786574,-0.9767836206830831,-0.16580259571677627,-0.2189266901616523,-0.8093766874453324,-0.18967971007942358,-0.04880662113970769,-0.9983235480717612,0.031112812446566895,-0.07224691384599138,-1.2308872657926484,-0.14507256031126442,-0.10086187035662156,-0.901661432216205,-0.2118327190458147,-0.10539420766356913,-0.6734537564897263,-0.20403014144186896,0.12969143904108146,-0.9705475986962876,0.002522754190818718,0.10969607754373913,-1.2864452046399564,-0.16003595528079084,0.028172141946158285,-1.0069167176634692,-0.16402219473490465,-0.02585482122662658,-0.7668934809366447,-0.1053259893366754,0.3051007449452218,-0.9054181833997873,-0.03360935938029116,0.35162741846163204,-1.2672475133682997,-0.11555131801401808,0.35142281019740035,-1.4983421664023646,-0.131244786037064,0.3372725632004847,-1.7212095475570954,-0.11363955673335611
I,0.0,0.0,0.0,-0.24543994513482387,-0.22416254740546865,-0.08836511249928578,-0.4276274876826803,-0.6435602660134715,-0.13273816554254284,-0.44797351368440763,-1.0077676105930125,-0.19058174382781007,-0.27599024827379964,-1.1938744028128063,-0.22817235137956382,-0.20911420123256794,-0.98770427229153,0.04285545823443088,-0.22989586582930838,-1.2146599988278945,-0.07940686681561036,-0.23375820354040183,-0.9838690800880759,-0.15331447203386123,-0.22628251794690737,-0.8200573613185187,-0.1789380527466826,-0.041549475624064906,-0.9983612241699651,0.03935107557886991,-0.0726645925323378,-1.2197846962494192,-0.13148551737148276,-0.10637762812690044,-0.8999113947465534,-0.20087737963904487,-0.1122084831678445,-0.670663089682243,-0.19553003055162801,0.136604244488576,-0.9688744632992615,0.010370072372535373,0.10551926845430272,-1.2793765739338123,-0.15142884210750956,0.022334574844111884,-0.9988228850102325,-0.16003612094877215,-0.029424419808331773,-0.7506416180246238,-0.1036514030874257,0.31299856128538844,-0.9040376991181404,-0.025465975932425583,0.3542848190905499,-1.2616653470666848,-0.10541189456368967,0.35315088571281283,-1.4922874020279466,-0.12119065380313772,0.33994075843309357,-1.7157299382445796,-0.10399677116888789
I,0.0,0.0,0.0,-0.2862348188555322,-0.11173082098165854,-0.08137538185199387,-0.5250745687116186,-0.47914995730735926,-0.13293485796431423,-0.5002597887446452,-0.8413570876779463,-0.19743692527900547,-0.2633562174404831,-0.9460833666031957,-0.25186661236419056,-0.38558843283059,-0.9135922237998039,0.014392228585507101,-0.44002559436162597,-1.1362557042704142,-0.09411997153768684,-0.4291173239183057,-1.0554871988975658,-0.16035988316189498,-0.40609650602003966,-0.9679183500016972,-0.18512943619578653,-0.19652682871277402,-0.9804904392212623,0.0039628514728923024,-0.232110039252204,-1.1953234573104712,-0.15731174710520615,-0.19879753921953805,-0.8632067110085436,-0.21219907466512797,-0.1675236021989733,-0.6140571216996787,-0.19466282450970512,-0.0023589303573157134,-1.0033568723810629,-0.026723621137758145,-0.053624930493198227,-1.298711038029397,-0.17680703882339133,-0.06257068951972049,-0.983048434629284,-0.17213728074278914,-0.05630042561596334,-0.7031511853393523,-0.10835663410791893,0.189802536785057,-0.9822082546301724,-0.06447964655035744,0.17917489672840542,-1.3368516735898839,-0.13458706698921358,0.15034126527213074,-1.5623734582054694,-0.13945204000850955,0.11589920892022465,-1.7776941571495597,-0.11661226055625033
I,0.0,0.0,0.0,-0.28832542465116656,-0.13490243621220446,-0.08826290822391794,-0.4994372258055744,-0.5054569721701635,-0.14532196751537182,-0.44273253568016896,-0.8615638628859887,-0.21692350722642956,-0.21289791562842375,-0.9809421960773866,-0.272321264411753,-0.4002982580281473,-0.9218649088358271,0.012514080867896283,-0.44190677972996373,-1.1752760222584795,-0.12023724958613848,-0.3992644304446193,-0.9706641467305662,-0.20293667625330022,-0.35225638636629625,-0.8045413510503988,-0.23164867957408194,-0.2130160103392286,-0.9770486987225416,-0.0001402274777325508,-0.22507436919732188,-1.2237899099533784,-0.17642390347581202,-0.19473781530699513,-0.8939727884756002,-0.24825323128544693,-0.16361414474972188,-0.6509502000969727,-0.23845488501218182,-0.02076834264393533,-0.9976441623197843,-0.03540032395946341,-0.03208838280314128,-1.3056756214328997,-0.18760795784763384,-0.03920835101263255,-0.9942094384267294,-0.18816493948770663,-0.036203919982909644,-0.724513046243582,-0.12559169279884325,0.16401323593830963,-0.9722155230236582,-0.07952095179171745,0.14372724941730833,-1.3169562966885042,-0.1418283096450932,0.11241110806408436,-1.5384912712583099,-0.13997173063309223,0.0867569822464063,-1.7553634095047248,-0.10999078739986931
I,0.0,0.0,0.0,-0.2858083250342337,-0.14956275133931018,-0.10843299330737521,-0.48452691452043534,-0.5168204740590406,-0.17017985342061898,-0.4227948493925126,-0.8614534827448791,-0.2447956142470715,-0.19980643249711413,-0.9861061954004093,-0.3002608128182855,-0.3875737960967922,-0.929953063383915,0.00702961606887624,-0.4232419471744845,-1.1671108490781912,-0.13396540029096016,-0.3721514144057641,-0.9407583417460689,-0.21601778818270606,-0.3285517273177165,-0.7844796904835323,-0.24082550786273957,-0.20345191688021438,-0.979064761303924,0.006285752990412244,-0.20939037925899284,-1.2121975990517384,-0.17665208104801297,-0.1698430497744228,-0.8778407199598203,-0.24313219068692565,-0.1418291344107832,-0.654497401401503,-0.22785653520370527,-0.013322873157532826,-0.9974185524173552,-0.020530309469112582,-0.016606158501495848,-1.3042602295154926,-0.1847787551279182,-0.013575433568606904,-0.9679917938239017,-0.17771903309469017,-0.010360850351969179,-0.6943408975696722,-0.10448972925355429,0.16851261350044203,-0.9748758893697249,-0.05802363612409859,0.1553791161550183,-1.3161370652806565,-0.1254985305410643,0.12991821455913527,-1.529814920045191,-0.12044141544950343,0.10182812170716606,-1.7513108455191224,-0.08435907152711716
I,0.0,0.0,0.0,-0.2752113477379022,-0.16807246671680137,-0.11445604283101192,-0.46648841172025673,-0.5318206672595651,-0.18349135739709976,-0.3756540053123744,-0.8596803516919427,-0.2629819182611404,-0.1317928111939371,-0.9208468163102455,-0.31931703458304594,-0.36290987112764345,-0.9402701678801929,-0.006229469360205986,-0.3962599722754174,-1.1646195094968443,-0.15629443537522522,-0.3446500465145128,-0.9287466524298763,-0.23719797435199969,-0.3015311778041674,-0.7968606549606505,-0.2639347999853388,-0.17948631042413382,-0.983725687194002,-0.00827264921411862,-0.18879574079734,-1.2140033765251548,-0.19043291063272152,-0.15605577548553434,-0.9022421851254228,-0.24185928372568094,-0.1323061165985999,-0.7346137848489636,-0.22213190542518277,0.009090260418476952,-0.9850832220759077,-0.039915783216208076,0.010968389017079121,-1.2757116924369192,-0.20805079981035565,0.00039374238106147305,-0.9473877251748678,-0.19032968123698157,-0.009642610351891966,-0.7015729163689073,-0.11422500767782298,0.18725877461441295,-0.9459415158298848,-0.08424247544352477,0.20281758549408316,-1.272324622950472,-0.16262331488050977,0.1937712284790476,-1.4826286063875096,-0.16374568239660017,0.18139480698954327,-1.7073876552592013,-0.13397061760410797
I,0.0,0.0,0.0,-0.27529511019020125,-0.1657465377166055,-0.10437757088596224,-0.4736651637234256,-0.5372581284614794,-0.1654907058026866,-0.3902213112848934,-0.8697980266933755,-0.23777688233436123,-0.14614897244608274,-0.9007099655158287,-0.2892383653429963,-0.35953315798355334,-0.9414099146891418,0.004071547166546557,-0.39157549168206396,-1.1749513030464407,-0.13010303483965568,-0.34806102258909905,-0.9552771458976834,-0.20325609792754443,-0.31074965184611913,-0.8191861858985862,-0.22792621464378743,-0.17571889312794764,-0.9844403259701338,-0.000339413767780683,-0.18960471521440772,-1.2199422700884888,-0.1699497582770944,-0.15978963818914949,-0.9105975326241403,-0.2199560490039804,-0.13635279600866043,-0.728466524079516,-0.20125603655091123,0.0126541329877249,-0.9842565021492194,-0.032255489800518226,0.00929717642450549,-1.277288526099384,-0.18976335563015911,-0.004726774147424255,-0.9610959169396697,-0.17838969107739028,-0.015936204799702265,-0.7118355069359229,-0.10961273821768157,0.1915303479244207,-0.9419660773079952,-0.0756119771530166,0.2098305479106642,-1.2728695439167517,-0.148585788125367,0.20204270752801404,-1.4887823494709302,-0.1535806857346412,0.19120387820844897,-1.713261987941851,-0.12926305727612977
I,0.0,0.0,0.0,-0.2898321446125078,-0.14943653284854036,-0.1360210864393349,-0.470977985957834,-0.5430919144013406,-0.21430368168157649,-0.3584806313984125,-0.8945572209224408,-0.30195039349814623,-0.12353299894811251,-0.9923894458475205,-0.36205883033282504,-0.4295879363189174,-0.9231196627459435,-0.002458916693782265,-0.46051240555365464,-1.1838992373374924,-0.17028993591722322,-0.39761195269120364,-0.9122565728537352,-0.25885351037691495,-0.3519238942931838,-0.7658298977407485,-0.28198949711131804,-0.2367135625100488,-0.9715792734433687,0.0006361910538074991,-0.23466009724968132,-1.2562534737838376,-0.2115010478783317,-0.18701035789793372,-0.9096672541231491,-0.27570366973116445,-0.1621486593181458,-0.7128858727014626,-0.24591882782377786,-0.0446579047164068,-0.9891801658457223,-0.029322176769283788,-0.03926782958884808,-1.3385542921004538,-0.19887386361250745,-0.02294941427108811,-1.0466770262554548,-0.18663763877282913,-0.0205399927815159,-0.8277400813748353,-0.10664819961823808,0.13550467638397143,-0.9744744842359014,-0.07495878641291986,0.10089782076684739,-1.3011895683896415,-0.13021071219761005,0.06964042481984414,-1.4932449758624473,-0.11781409428207877,0.041063130626721595,-1.6963833383620028,-0.07588821203301321
I,0.0,0.0,0.0,-0.23473095182790207,-0.2622398956755466,-0.06205803663472399,-0.3736828245836554,-0.6743623396352937,-0.10699536204155181,-0.4254463361593313,-0.9896603328673246,-0.16774748483539365,-0.279109843207389,-1.0162905619499125,-0.2114514454625625,-0.09986389283622218,-1.016026994967197,0.05119974726052205,-0.15814042686326565,-1.2522432689182146,-0.06429501988456983,-0.23073237262568014,-1.0947865504655572,-0.12627294562407057,-0.25913853549099325,-0.9662261203384201,-0.14679254561397187,0.041145629086571926,-0.9988728410939567,0.02366610512859206,-0.0533828709132236,-1.2741252593337913,-0.1652589742287305,-0.16433674191416064,-0.9450043521666751,-0.22752255195436447,-0.20177155665002622,-0.6624776275442993,-0.20682644986262672,0.19496199168885278,-0.936793683155171,-0.027484562429365637,0.08905812101290526,-1.2194340428673045,-0.19902690738671747,-0.07550565384676272,-1.022536458908447,-0.22334750030455708,-0.16529753964593155,-0.837951319956728,-0.17370302219545178,0.3431300497983598,-0.8546340898563809,-0.08274760737768326,0.41512535203104495,-1.2278055565361272,-0.16116911924199032,0.4411084067402326,-1.488557283280464,-0.1847768239662567,0.45740780648320856,-1.7355484886337789,-0.17704926718460282
I,0.0,0.0,0.0,-0.23959512823355383,-0.2610583354185967,-0.05393379782527452,-0.3830338305609071,-0.6903229573389248,-0.09105615961487817,-0.4321231788078785,-1.0122978454049403,-0.1438602494625069,-0.2838851854250281,-1.0338390023637465,-0.18291873508547019,-0.09281713889548662,-1.0071457479347563,0.059140250848074886,-0.15556814143343553,-1.244747896523163,-0.041751683591686024,-0.2342507865360516,-1.1394057114642582,-0.09741951975534278,-0.2653776136801367,-1.0488756571885474,-0.11962871195415758,0.04690926523381864,-0.9985076696311473,0.027963449769276467,-0.055180310093480386,-1.286321667119692,-0.15630392359407283,-0.1710557572193339,-0.9609750926738062,-0.2193948206209931,-0.20654657614549196,-0.6712482173014972,-0.20021254098003768,0.19801561900337372,-0.9420392753926871,-0.024758911249941524,0.0852603148156754,-1.230078514252045,-0.19307722253078566,-0.08791634575728226,-1.0480366211267813,-0.2215494085586013,-0.17981841169512308,-0.8765449668596846,-0.17664265747063157,0.34439931638765,-0.8643601738498409,-0.08060826719567178,0.41624079284871823,-1.2403097807230943,-0.15844458338958986,0.44023473747398134,-1.5007330406842811,-0.18360783439873785,0.4553548415964615,-1.7467114424159569,-0.17908659807687605
I,0.0,0.0,0.0,-0.22970995850913267,-0.2597021974135021,-0.05946251005071361,-0.3708539069078122,-0.6844355966734307,-0.10279173482455788,-0.4299301396357497,-1.0079862717679555,-0.1617062778577093,-0.2834571483884382,-1.0379245341421663,-0.2029578860118283,-0.08901497489352753,-1.0103871478294082,0.04997169998928259,-0.15597969758237093,-1.259716015729194,-0.06386478337326343,-0.23256423742391716,-1.0947884488206718,-0.12483857601240558,-0.25776935784244653,-0.9577017362722438,-0.1460325130563451,0.04962962026312123,-0.9985444572169311,0.02111558083223736,-0.05276529682179901,-1.2833253500205468,-0.16575436768479507,-0.16506094891193615,-0.9475522294369183,-0.22627774117324467,-0.1969222151339292,-0.6569864919744429,-0.20507061736311782,0.2012060324630019,-0.9390443288054817,-0.031207271496362998,0.09017702961391887,-1.2252866661501016,-0.19744674734131423,-0.07971134025970905,-1.0454040019523152,-0.22234474130324142,-0.16761511831903908,-0.87957514693799,-0.17585238690774152,0.34780149045985087,-0.8576465218479298,-0.08791326171789793,0.4169989223317418,-1.2362148743938477,-0.16321214808173004,0.4372854614265339,-1.4987581564592067,-0.1872467724502905,0.4495342954414928,-1.744968380394276,-0.18178302817195177
I,0.0,0.0,0.0,0.2658471708895483,-0.17358074478040056,-0.07462750950076565,0.4756981852974749,-0.4756620853993112,-0.11034420975238782,0.5028013871738057,-0.8007669382920759,-0.16375795751193237,0.3605434209775972,-0.9995602530599788,-0.19988106991569393,0.3894635507840057,-0.932262221238254,0.05279045289875267,0.4960935247075172,-1.224139925641197,-0.07483727121806436,0.49112467455776965,-1.053024402795397,-0.14750001740268137,0.46963560851086233,-0.8947109066133914,-0.1595498876466109,0.24227544155108063,-0.9697840542796163,0.02866179488830203,0.3381157575784339,-1.2419141116120704,-0.14371039298888716,0.3564752632870338,-0.9577142538835756,-0.22453824046301052,0.3511679765920016,-0.7500686424209658,-0.22096171826056388,0.08858894953871135,-0.9770960886526722,-0.020342154456065277,0.18008394087959995,-1.1950002883984543,-0.1905397324130509,0.2274929343630282,-0.8770325859276414,-0.21961541768342166,0.2391474856526916,-0.6323653255682263,-0.17072868489641216,-0.07993680672382328,-0.9550869835172179,-0.07548467525982011,-0.034395281027901826,-1.2936199957519272,-0.1419231471972997,-0.0039809162700011795,-1.510033069148559,-0.14761388249813934,0.02650965938402282,-1.7262294428787137,-0.1252828239306245
I,0.0,0.0,0.0,0.2670580839299167,-0.16873311053783896,-0.07653858290278757,0.4796258554123667,-0.4743270295629708,-0.11338814418071926,0.5024234033972141,-0.8053677584564917,-0.16755522855345512,0.35059703435577927,-0.9993960335416777,-0.20392923675041014,0.3881108242925776,-0.9340234071626267,0.047731680227523506,0.4896272973197313,-1.229637332124605,-0.08207771523204177,0.4863281556871827,-1.055377122202973,-0.15485226452242895,0.4676869582445984,-0.895683724182544,-0.16696842107401483,0.23991115480490607,-0.9705072978008745,0.023626737299535905,0.33523594736003515,-1.2511933218037106,-0.1511157580479509,0.3579722733294819,-0.9754447325100184,-0.23209127572740548,0.3549966618539769,-0.7754650330856139,-0.2288503856341814,0.08602065731988628,-0.9749462966938447,-0.02551398688321599,0.17572863204431105,-1.1983700002525584,-0.2004479520699865,0.22767964057010726,-0.8738832492182527,-0.22967645489214808,0.24236043819735245,-0.6258001636866002,-0.17996279384282013,-0.08103881651075602,-0.9480484847828167,-0.08078154296149244,-0.036160662563517035,-1.2848426734065463,-0.15121419912164522,-0.005470106520771954,-1.5054370740232703,-0.1592355292286815,0.025057929237669214,-1.7296963372592788,-0.1386276500619269
I,0.0,0.0,0.0,0.26714672591881083,-0.16095793541129985,-0.08055765202145992,0.48254271533656723,-0.46291162468201646,-0.11882072297001164,0.5052557927128473,-0.7913191340722758,-0.17380938184403816,0.35519624921239884,-0.9884155502451732,-0.20983991296773874,0.3994313432536485,-0.9298195144796739,0.0465217234486352,0.5010133757219224,-1.2240660202693354,-0.08647529726307629,0.49777088145319054,-1.0429375356933455,-0.16072132894886998,0.47673230183186077,-0.8758182465474522,-0.17205610390182322,0.24928403950622,-0.9681361824045494,0.023870483166587436,0.34641770556356066,-1.2493395607871278,-0.14956992102171796,0.37129536776862676,-0.9819579678927597,-0.23030831547353542,0.36918015437614404,-0.7924194117956079,-0.22726539767920745,0.09373832185213495,-0.9722817709254997,-0.02485709985810303,0.18504565463551215,-1.1876706065228937,-0.20068539071774547,0.23619103687266732,-0.85999520500239,-0.23014125865437016,0.24871233842543367,-0.6153639699566125,-0.18021599322637022,-0.0745055277031091,-0.9466201104635428,-0.08003873555535407,-0.029959192097081686,-1.283171891683192,-0.1501892302732254,0.0024403595658520553,-1.5033213428366297,-0.15706599123355958,0.035150548245363906,-1.730298561356723,-0.13548378423846397
I,0.0,0.0,0.0,0.27860425902278413,-0.11027644590539726,-0.14852450805715617,0.4894032703502318,-0.3652656113710739,-0.22409764852028716,0.4416589080883652,-0.6825099120638423,-0.30149696587719366,0.27343812284506036,-0.8819988355511883,-0.3468313803949763,0.44011792737761385,-0.9173107516892812,-0.06480884968244006,0.5459104570490491,-1.176121363949757,-0.2551254016074502,0.48140839849432293,-0.8892464983727847,-0.33835653817591627,0.4280787259375806,-0.7021138877791951,-0.3430577927139742,0.24117175658367937,-0.968240351754239,-0.06593030457361819,0.31128759264102673,-1.1759062048214477,-0.29394614936071045,0.2917797213363186,-0.8175053833615946,-0.36162299119165214,0.2857199575790176,-0.6368933080739311,-0.3387872150310817,0.04948174463845909,-0.9811397483554506,-0.10218776232711886,0.09914168517036394,-1.1038903481541091,-0.3308704349049476,0.1362879707998103,-0.7329864642411911,-0.3577839454835376,0.15445203542570987,-0.49980494531681086,-0.29232619421606815,-0.1385345631134011,-0.9797066782228974,-0.1479235382688348,-0.10071378120120926,-1.3534947978353027,-0.24923994432858318,-0.07227989553607905,-1.579878833037318,-0.26326914702944676,-0.039282429590505125,-1.8065893584242905,-0.2370037067791253
I,0.0,0.0,0.0,0.2827354287671735,-0.11180915796627716,-0.14062166529351733,0.4830422218803076,-0.3747905560315012,-0.21770168783355598,0.44543099094156635,-0.6915418838101555,-0.29929846641911084,0.28635947055011746,-0.9005203733330693,-0.35089117707681927,0.45569767933376243,-0.9148148014789313,-0.0734895802479474,0.5684969423230554,-1.1902470369572382,-0.2608604796362426,0.5012088505616882,-0.9198609161135083,-0.3389665770184867,0.4471755821719886,-0.7261758697146843,-0.3423880823195256,0.2531699973844225,-0.9642223731207294,-0.07861404198869511,0.3362941595422424,-1.1782775571245039,-0.3144874100684907,0.31261710856023117,-0.8049106139368946,-0.38128553679277677,0.29838076012241854,-0.5989102494437696,-0.3558059523716028,0.05776235964458886,-0.9772876674451073,-0.11626366273446141,0.11382225784698068,-1.1388368153822075,-0.3421572484798635,0.1586925722963162,-0.7687047359338327,-0.3657359049564767,0.18061040212144575,-0.523847726762317,-0.3002291992405743,-0.13189230701383972,-0.9728707496477319,-0.16304204134248595,-0.08731657108373944,-1.351080088493957,-0.2633586770784948,-0.057785899526260384,-1.5810222726381744,-0.27942159383465354,-0.027981989342276355,-1.8143978695235752,-0.2561076510273979
I,0.0,0.0,0.0,0.291876773762818,-0.11505556812462336,-0.13732017345785888,0.49500603519111647,-0.37039036206537823,-0.21663167330540462,0.45928787025775786,-0.6796045537338677,-0.3045054182561205,0.29987426508898624,-0.8942764115421857,-0.36197115606136165,0.45721593485438755,-0.9181320627307902,-0.06006709001431727,0.5813186332160494,-1.185094579852077,-0.25767981097761167,0.515993167807966,-0.909392008884677,-0.34263256648083423,0.4569778233486628,-0.7131139604739557,-0.3478067870632184,0.25382719719669866,-0.9644386068524681,-0.0736880422846118,0.3493914954552201,-1.1821041827271828,-0.32064928978581625,0.3289235366932515,-0.811275677779583,-0.3952829667820546,0.31369856967728,-0.6065146163950372,-0.37216412181479086,0.05763671094359161,-0.9795132459164293,-0.12224603253512305,0.12511204318230243,-1.1302884180490624,-0.3601405147326559,0.17209351331532563,-0.758930333629874,-0.39035817658101596,0.19197831474946633,-0.5145356065825465,-0.32530989909033603,-0.1314707605750682,-0.9817480181514691,-0.18000181306883328,-0.08509613715259029,-1.3633206544438525,-0.285533294570387,-0.05178034130209443,-1.5949158087524882,-0.3045246243678096,-0.017809102297067638,-1.830061713715529,-0.2823966099723104
I,0.0,0.0,0.0,0.2794004840469879,-0.13100854455856853,-0.11617619954501449,0.48041281337612896,-0.4061665116686741,-0.1792010313026653,0.4563023177762176,-0.7246893981586199,-0.24972492677867383,0.30590425074730476,-0.9330289611840563,-0.2946628162732434,0.436755033480095,-0.9166789392176194,-0.04805183916101205,0.554346121782092,-1.2075574212041316,-0.21571377645897097,0.5073456394352572,-0.9604520150644315,-0.2878075203678355,0.46223169808454967,-0.7717171642800663,-0.28982269666019106,0.24509476797517807,-0.9676639528099488,-0.059624065136644366,0.33655295088417947,-1.2008262499709232,-0.2726392543930683,0.3216664613921701,-0.8415537259159227,-0.33875859426473065,0.30265154074663414,-0.6196231026164265,-0.31777178831599096,0.05715488717203613,-0.9838865771513847,-0.09963339653301688,0.1262041798920838,-1.172822975819171,-0.30232224092695686,0.1738085357826405,-0.8126525075368324,-0.3257439037293407,0.19212408967331399,-0.5605803542656205,-0.2667487369612747,-0.12853067175382304,-0.9794626451163794,-0.1469555015001786,-0.0835736121071322,-1.3559384691857503,-0.23085332846126388,-0.0475043520553876,-1.5843384274943595,-0.24185248515483257,-0.012495528711228221,-1.8162215776899753,-0.21962880558909903
I,0.0,0.0,0.0,0.2923903107861949,-0.16177282779540378,-0.10388632526656638,0.4981876271622661,-0.4356105321199597,-0.15859192411616396,0.48058890626990325,-0.7700609767149625,-0.22739965878832308,0.33930893111715305,-0.9986544518809423,-0.2740923298831659,0.4294873903849019,-0.9202394437570717,0.021738592966645546,0.5462502496670174,-1.2063535948115218,-0.13797338205069204,0.5074031635339696,-1.0022658967725373,-0.2213575532926979,0.46202022741436766,-0.8134709714413081,-0.2308753139684696,0.2507902217314556,-0.9680286153958008,0.004986427456213,0.33908215624436494,-1.2220783406264712,-0.20315566352904135,0.3330142771239381,-0.900468197566421,-0.2899271330665959,0.32007423867891455,-0.674312662367803,-0.2801362655400824,0.07472210041389522,-0.9880907058650467,-0.041932916166872024,0.14638813420474672,-1.1853284817271543,-0.24260425349942608,0.19230641314297411,-0.8449997241917931,-0.278295646184249,0.20762758775227255,-0.5843521711816659,-0.22334331957560466,-0.10907827347151099,-0.986058979140689,-0.09606233758406994,-0.0633615599663297,-1.3435559155647847,-0.1752643357041213,-0.027922481848705973,-1.564011255174584,-0.18426193151543535,0.006808310088568943,-1.783216911116475,-0.1585902728428184
I,0.0,0.0,0.0,0.2897364732425162,-0.16238808985491085,-0.10483590655240554,0.492731706151034,-0.44319152990755684,-0.15669529659777776,0.48232217899153257,-0.7779993272778738,-0.22125448382964466,0.34663854450857084,-1.0133426346069199,-0.2636925917330204,0.42106903258432987,-0.9212497153170119,0.020115537459108837,0.5415156185354052,-1.2052085551065046,-0.13631554260869672,0.4971903264615579,-0.9965282198524302,-0.21808621092490216,0.44797934742733864,-0.8133795749123238,-0.227087627606003,0.24685253111190644,-0.9690371388517374,0.005554404530079792,0.3400454806709935,-1.2350489475424558,-0.19622074600040704,0.3274585808889069,-0.9133836814601216,-0.2800927017902842,0.3097136279418967,-0.6911653334058614,-0.2693830602155184,0.07305942618530904,-0.988446428365148,-0.03872519674709135,0.14711556365081052,-1.188994702828364,-0.23486954101047697,0.18817969026280965,-0.8445033916032874,-0.267413465527459,0.20043383394688957,-0.5856938840178203,-0.21112968167195112,-0.10965347731362428,-0.9872895670912625,-0.09008828168397062,-0.06578950619383174,-1.3464822028762675,-0.16589975066237575,-0.028042041465106343,-1.561274039834106,-0.17118076621394995,0.010160961023457062,-1.7758000722885234,-0.1432847643047243
I,0.0,0.0,0.0,0.29097741068673144,-0.15976168569696061,-0.10619465636047354,0.49410748766196005,-0.4395649247656739,-0.15854234520604985,0.488571246499942,-0.779274130027058,-0.2231222720277172,0.3599439042845758,-1.0237066880855747,-0.26601846980461946,0.42748030028084705,-0.9169311195839079,0.018371307075419164,0.5480460229388204,-1.2092696284625029,-0.13543444289427486,0.5037041744147138,-1.006314990969995,-0.21589954672800593,0.4525693905615814,-0.820193042260632,-0.22481448255084735,0.25450647187613135,-0.9670482187007157,0.0066481938101057856,0.3466962438478882,-1.2374754560139598,-0.19331915055915083,0.33107319389660483,-0.9137646122471652,-0.27667653149369853,0.3095063538108705,-0.6838583528669071,-0.26608729954364957,0.08158727743025142,-0.9887133546668396,-0.03425438364389885,0.15338987299473683,-1.2033940459412567,-0.22654479828077412,0.19441420727724434,-0.8659731325789333,-0.2581672136115015,0.20648310894576033,-0.6058618725862198,-0.20312362733753847,-0.10151543809227383,-0.9883694887561553,-0.08239836475344632,-0.0587690595254707,-1.3441374582740715,-0.1565102701724296,-0.021851999941272245,-1.5583455601488705,-0.16213537635289552,0.01536334069768761,-1.77146618608113,-0.1353003747789332
I,0.0,0.0,0.0,0.2809073501793364,-0.1592939720870847,-0.0936281432890347,0.4886807687881357,-0.4591726083161051,-0.13551939502783109,0.49849565456597433,-0.782288967935724,-0.19410086052968895,0.3543752817066264,-0.9985094102934472,-0.2329499012099298,0.39998215158803285,-0.9328743806999318,0.045962230695125145,0.5259847692576998,-1.217167089831451,-0.10986654024243012,0.5069441165392897,-1.0343756289021429,-0.192199071524529,0.46833642097519873,-0.8678453967384444,-0.20112160821287617,0.23651102270494911,-0.971301966317155,0.02519972951218449,0.3368227487027854,-1.231257042296553,-0.17415371157224457,0.34390290611660407,-0.961120443952142,-0.2590957972945248,0.33360533010646565,-0.7858316465098024,-0.24958509597547796,0.07160753296062636,-0.9761784320653354,-0.026426686811560005,0.16622090328689118,-1.1710242047826158,-0.22867288462228977,0.21080464246274902,-0.8246867166692229,-0.25755454625195623,0.22442230416422762,-0.5702763276168022,-0.19484032913218538,-0.10191412923520288,-0.9603269866186435,-0.08526567053943124,-0.022381979877685546,-1.3021192431244715,-0.16731492693273717,0.05284877222294052,-1.5144741808485584,-0.17243920980682897,0.1323273753800377,-1.7257869590520714,-0.14256910080597693
I,0.0,0.0,0.0,0.28438927743220777,-0.16075643324747055,-0.09071388465871467,0.487193363417585,-0.4683091386562392,-0.1333572184407577,0.49472873736177286,-0.7989694743357391,-0.19378493179941078,0.3548452306756063,-1.0239641625647766,-0.2330632180414691,0.3954869825008971,-0.937657299922836,0.03950806126728223,0.5225327677223688,-1.2439820085271547,-0.12222057222527928,0.49887509954587456,-1.034373621544912,-0.20684194439806364,0.45998476949695405,-0.8510156510459179,-0.21753807946701773,0.22820590770000743,-0.9734870307608117,0.015654540277963,0.33058988967815195,-1.2535094388427936,-0.191195985340348,0.3377276350813979,-0.9548284568418789,-0.2762933851853363,0.327187795089244,-0.7532594122610863,-0.26637307863837034,0.061190514961344374,-0.9776943343270319,-0.03831497475607209,0.15929529372427384,-1.1945944415440384,-0.24144374831849552,0.2071341668682325,-0.8471388845907843,-0.26416258375321583,0.22355714252533995,-0.5889507114408818,-0.19864950774011253,-0.11363465566961435,-0.9590719897802208,-0.09955390037727137,-0.019453719181766808,-1.2960818583812177,-0.18264595136126865,0.060346392954716076,-1.5060342007605183,-0.18541481467139315,0.13960641908086452,-1.7211964163061755,-0.15440205281368446
I,0.0,0.0,0.0,0.27984591309761825,-0.1577127966811211,-0.09481386253479733,0.4848811098873105,-0.4665192221487333,-0.13764719469123046,0.4994808181287773,-0.7995847242628403,-0.19662254350984687,0.35910806743862667,-1.0250091320609531,-0.23351854957874063,0.3991614849476252,-0.9325021426630719,0.03208274780597173,0.5222626560694162,-1.2431344141045304,-0.12793087365233685,0.49891583007181567,-1.0295639980941496,-0.20827012752270313,0.4607991943114338,-0.8517012306865622,-0.2154617212137396,0.2358324245983332,-0.971711103607758,0.012672751613772884,0.3282912297708091,-1.2443047305001884,-0.1895069100090351,0.33522751710240883,-0.9450390057755013,-0.2686806378921994,0.3262592001347634,-0.7559499861865085,-0.2560008749345419,0.07187573669905267,-0.9774463711070461,-0.037014089756210865,0.16319537713787685,-1.1956386628408382,-0.23721320112507222,0.2114926673883691,-0.8455441831304704,-0.2586032713317805,0.22681681985598767,-0.592251588146668,-0.19363075133753052,-0.10156360675999031,-0.9624279083299059,-0.09413974561151804,-0.02121047191073545,-1.30645095152653,-0.1750034861761252,0.050347809182333024,-1.520721047312331,-0.17829617763046382,0.12256229219161875,-1.7393281716099611,-0.14810359181544797
I,0.0,0.0,0.0,0.2729786764688803,-0.17805186111381532,-0.08910867810393387,0.46229683892134316,-0.5007072103315142,-0.1278899023734945,0.4654204223930878,-0.8348125682061623,-0.1814803348682136,0.3181654216013122,-1.0417352140089893,-0.2147933732796126,0.37083586394692214,-0.9424525337731701,0.028409843117886656,0.4815695591487989,-1.2482311847499543,-0.11784875442100724,0.4565660203624658,-1.0512459532023812,-0.19329568963748836,0.4161825004154292,-0.8781379769248582,-0.2017681274789847,0.2092065202298694,-0.977822733555451,0.009763894481955266,0.2837881134724209,-1.2572832706142691,-0.17841406908608823,0.2911180690162958,-0.9722144610835235,-0.25508993134788527,0.2842553763349789,-0.7855434506461506,-0.2458803301551118,0.04699351723008091,-0.9804161039393157,-0.03630923950952107,0.12100184971734762,-1.2163707675127071,-0.22483443737300754,0.17138931213290018,-0.8741172129771227,-0.2466368509802057,0.18939162301735896,-0.6185592007281818,-0.18706943156102437,-0.12676397567070125,-0.9608243837245717,-0.08914030695826411,-0.0703104819511292,-1.3112408941213454,-0.16606763468497932,-0.024216605063747922,-1.5314376515578558,-0.17037237347243275,0.021745668954709977,-1.7560035795177729,-0.14373952240437257
I,0.0,0.0,0.0,0.22078734280119125,-0.24299467917337253,-0.06771752108812192,0.3682292744628126,-0.58490970897545,-0.10323030342244428,0.3571556485251364,-0.890708532627044,-0.15599724630071127,0.1969060417129343,-1.052392191544975,-0.19927208157835202,0.20675713424256745,-1.0122761657578079,0.03703616681243808,0.25317682132889624,-1.300607734943684,-0.07531128426819848,0.28024706720725306,-1.197208377523055,-0.14162232288107737,0.29182380775465894,-1.0713265711757383,-0.15468559641772558,0.055356006444773155,-0.9984044101200247,0.01115107184855668,0.09867267488867948,-1.2386064894938833,-0.1474259136744416,0.17025851419722285,-0.980416281556134,-0.22465376699339465,0.20175714700822842,-0.7783058589754005,-0.22458538764567615,-0.09467338697320661,-0.9497012994657156,-0.0347376160046041,-0.036765544093203664,-1.1673979595565767,-0.19314618797301614,0.06105191039990497,-0.8833099510104492,-0.21709230587687872,0.11141973382122052,-0.6548655037399359,-0.17043799680625144,-0.25453675149782934,-0.8604610398252265,-0.08557794351019073,-0.25527967237366345,-1.2098012373044424,-0.15110452052763593,-0.23571647923891983,-1.432412490203176,-0.1519602061792663,-0.2109312520921759,-1.6458921757148322,-0.1268526629275204
I,0.0,0.0,0.0,0.23356656519895413,-0.2413170088576752,-0.08884452673528183,0.37946385672974975,-0.5749039070354608,-0.13877940031715846,0.35584736988018034,-0.8878039668048038,-0.20383203698973257,0.18863753654057974,-1.0525300434993112,-0.25059791034463486,0.22518170931572945,-1.0162324841324917,0.016935164566121506,0.2795074567657907,-1.304241290111491,-0.12560729099637766,0.2976508062412065,-1.0916267214018929,-0.20258479249466363,0.29655369931291437,-0.9227345481517062,-0.21624515947950648,0.06813384426794772,-0.9976712135550491,-0.003151017116242358,0.11048301184541107,-1.241148215713271,-0.18364417578330228,0.17209394683153983,-0.9514021530032181,-0.2595197164645468,0.19309040955239368,-0.7565650606983474,-0.2548373915507988,-0.08345092416763156,-0.9443240305682039,-0.048979580060080914,-0.026796437142191935,-1.1561535756240315,-0.2235112644450291,0.0732406987443945,-0.8616307741008637,-0.2456358528766312,0.12114732560504994,-0.641030111196957,-0.19469947732560164,-0.2388131706886798,-0.8565796560989212,-0.10196504908011987,-0.23589489494731408,-1.18933153172669,-0.17391691869417084,-0.21983940921720427,-1.4015151673264266,-0.17897212215920325,-0.20583439051697028,-1.6168561102760184,-0.15559900852309966
I,0.0,0.0,0.0,0.24808901307685022,-0.22755798640360303,-0.08264110138901916,0.4121262719385668,-0.5474797823059742,-0.12516799549170587,0.36651901071919546,-0.8614631338457729,-0.18215345671063735,0.20673766891454282,-1.0438210800238605,-0.22704267960543967,0.2821964854093494,-0.9795712715076108,0.029749824081454313,0.3456935843415557,-1.2795236991749415,-0.10017353642384676,0.3488827016021171,-1.1733365144022465,-0.17789845765699003,0.3354903888020839,-1.0182468352764158,-0.19371700026957434,0.11564703702385247,-0.9932375484577186,0.010243786473011544,0.15173186210696765,-1.27686303257682,-0.15017937110078589,0.18700107441540467,-1.0949172034108103,-0.23200649703629772,0.2001727470899116,-0.9410728158762278,-0.23764325088473412,-0.049347606270622825,-0.9654062393099314,-0.03332786702893041,-0.005020121640411086,-1.1973638302618963,-0.20108549438928883,0.07225075377242962,-0.8990343261999804,-0.22789990853500483,0.11767228560490114,-0.6474124102352413,-0.18100879958088706,-0.2252317923546694,-0.8973830908370211,-0.08345070722829723,-0.21160910061025529,-1.2427886615849086,-0.15515566805635111,-0.18829090912895516,-1.4666400428889206,-0.15911464426913013,-0.15687885448043581,-1.684690813386827,-0.13622743543533955
I,0.0,0.0,0.0,0.32295205054844417,-0.14591590757630155,-0.10975229202472432,0.523089079571977,-0.44200320553657546,-0.15331918120868665,0.49013465050429955,-0.8168897298590367,-0.2136340420798129,0.3155427071599543,-1.0515245425196764,-0.24788977016205435,0.4722828628824634,-0.8902845630284131,0.0738620047911283,0.5856764806705276,-1.2116986762666113,-0.09565132155231235,0.5217695255225608,-0.9762162882629067,-0.18887292127062294,0.4697908107985463,-0.7832894054933084,-0.2013512674357115,0.2854924933123954,-0.9563952140683488,0.06166223130433255,0.3621137557637347,-1.2685674831397156,-0.1639907021467714,0.33049863116957945,-0.9517659403770253,-0.26803523096510823,0.30665354913787346,-0.7302388634679505,-0.262447102398328,0.10021579624581436,-0.996020207803384,0.013579514336082635,0.1612505882904974,-1.2309929220055864,-0.20453291968473689,0.18765713103940745,-0.8941434573200346,-0.2556265755822224,0.19210357223329214,-0.6249092874125999,-0.2020529294669702,-0.08768375714204896,-1.0237362601003077,-0.04173442364668151,-0.009937171954930532,-1.370495020427909,-0.12088249540150318,0.04570631860663479,-1.5773936917888198,-0.13323754249038688,0.10080537462027128,-1.7721632326977286,-0.10798773975903031
I,0.0,0.0,0.0,0.32989651323018354,-0.14095708135735585,-0.11297599963263202,0.5286188825178232,-0.44306028269968,-0.15663763213850104,0.5007236984921484,-0.8167387562944614,-0.21866720974754533,0.33111484893243626,-1.0575812393381459,-0.2554032720352098,0.48048854207241676,-0.8939082773402004,0.08066047057308431,0.5962874500617574,-1.208395253075281,-0.09811393883763056,0.5342025769905204,-0.9769863823792373,-0.1976378263637216,0.4834100238985531,-0.7820444101157346,-0.21224656912458587,0.28877470053638005,-0.9551460514636563,0.06561396728982516,0.37031818441825737,-1.2656445265056844,-0.17496027683579807,0.34272896096865674,-0.9489426348192482,-0.2906646261431631,0.3246927742985278,-0.7257061351609989,-0.2902539540875944,0.09917814748629214,-0.9937549033704687,0.012145035315634644,0.16348057508903052,-1.2190475452878022,-0.22417852968764762,0.19633973141569178,-0.8831426409022719,-0.29329554867081725,0.20742566853918426,-0.6119266587504486,-0.24762307431174213,-0.08947620300987846,-1.023603439750405,-0.04798010226010416,-0.00872647286848007,-1.3776556953348293,-0.13844106568383824,0.04578624878776711,-1.5932421481033403,-0.1639374218539512,0.10040875832226813,-1.7948608753452902,-0.14766786497241716
I,0.0,0.0,0.0,0.3167869458839787,-0.1377029416525771,-0.11179120166875198,0.5129754934163981,-0.44988327964922237,-0.1551206647304891,0.48712396805257313,-0.8239556585409841,-0.2139043051827409,0.315425397569242,-1.0548510948884442,-0.24691904540954418,0.465578295072391,-0.8989585424279765,0.06043936786287249,0.580317488438829,-1.212882213861512,-0.10956551549516187,0.5163879686142019,-0.9755988856090291,-0.19980059294184968,0.46497621423646956,-0.7880364025231169,-0.21094878973729977,0.2759427757560393,-0.9599684887423563,0.048125722122051504,0.3536097220357065,-1.2663999405593263,-0.18021958904941227,0.32658788281534584,-0.9459853522206406,-0.28158180100412095,0.308537310171344,-0.7301833063232602,-0.2747181877420386,0.08842542309053691,-0.9939505556538457,4.5220036177328376e-05,0.14770286271029645,-1.2318993296759568,-0.2225724087298256,0.18126462409029273,-0.890590268413204,-0.2760388793504195,0.19331569996249534,-0.6218358796959207,-0.22471234283092303,-0.09899836372861086,-1.0178366284156828,-0.05499501632300919,-0.02628710230020436,-1.369205898595743,-0.14039467123191465,0.027499013640198522,-1.5791862342259686,-0.15968319638021275,0.08276337878043818,-1.7801587202875337,-0.14031104889359222
I,0.0,0.0,0.0,0.3183514980798402,-0.13560504975371745,-0.10894834839510428,0.5182068535332215,-0.44797858635278287,-0.15120502669169927,0.4883543075668775,-0.8217026254369202,-0.20927788589747146,0.3155046333710071,-1.0530768401666681,-0.2412821520789759,0.46903368419794794,-0.8949545219505712,0.05437670808797651,0.5807106429506189,-1.2171968866017415,-0.11324069843567247,0.5169441679291241,-0.9747096753326125,-0.19876271958675093,0.47094640012383077,-0.7865085160783442,-0.20833320053424403,0.27976705231382537,-0.9591659757854937,0.041605616629186624,0.3576581114018826,-1.2615418597283115,-0.18301012026543192,0.326523226695183,-0.9374570987544014,-0.2774835982727235,0.3061596238812497,-0.7230129816925465,-0.26718339523994755,0.09273758350675991,-0.9932386067559771,-0.005920734110862013,0.153468841796786,-1.2305684033835933,-0.2240079683238935,0.18092279632409167,-0.8855042034590147,-0.26890122703143277,0.18924232106817324,-0.6195372880605775,-0.2135482965626648,-0.09616858941003914,-1.0134040877801178,-0.06050202559591399,-0.01986693511612737,-1.358752860573636,-0.1457448486700136,0.03304067091401734,-1.5682822167456967,-0.16259950044705448,0.08474739079743122,-1.7727122088694691,-0.14134361116642002
I,0.0,0.0,0.0,0.3242185026723141,-0.14291340382871778,-0.10910208704072862,0.5200321846878637,-0.45475680973563964,-0.15094708810879096,0.4876241137150607,-0.8280335177637025,-0.21082932671767737,0.31009253686488125,-1.056423479530194,-0.24497249715957048,0.46700321526460636,-0.9018997528191575,0.07004629587925715,0.5879772403298401,-1.227885138930883,-0.10485633474426648,0.5233071865559329,-0.9860907809305782,-0.19851426954098902,0.4693542209678294,-0.7911098475783088,-0.210311883104789,0.2741019645521919,-0.9602085192806195,0.053551027343547664,0.3575332880861818,-1.279276492208614,-0.18200640694907383,0.32729741458121014,-0.9537175038283218,-0.2895420915947005,0.3088233670703745,-0.7291477247094567,-0.2845611819692954,0.08366140088326646,-0.9946641288870439,0.0002774006354747072,0.1444976770535056,-1.2335319997822047,-0.2292301861282988,0.17684894876081375,-0.8919305024271212,-0.2890856236638875,0.18945089695370998,-0.618324408135964,-0.2393991988458116,-0.10512426491635112,-1.021471999662735,-0.05964389258770007,-0.032533536287456075,-1.378867494804633,-0.14670121340011869,0.020135166800704846,-1.5927212226411211,-0.16815373720180748,0.07502825816251701,-1.791214954380692,-0.1499203808989374
I,0.0,0.0,0.0,0.315615647978044,-0.13436482438909023,-0.10921075909620657,0.513753673778127,-0.45469539172279233,-0.14890496964786096,0.4813705046903393,-0.830169510144858,-0.20313623527099767,0.3071269457597922,-1.0602141499128306,-0.23173742518146503,0.4641035636543095,-0.8974384754229164,0.05058494204877469,0.5762396403976847,-1.2285425639225307,-0.11428352955283011,0.5140019294603517,-0.9900203974332552,-0.19815795050509688,0.46757309931424995,-0.7965253344727606,-0.20624454865008954,0.2745031613805511,-0.9607428761404657,0.04026338705858044,0.3513020886997345,-1.2751105176020796,-0.17825977862490758,0.32295475647442684,-0.9555969019024879,-0.27040150864381407,0.30636096807605123,-0.7376703780404884,-0.25976491582444833,0.08628954704962044,-0.9935301876893489,-0.004202610573022738,0.1435862058716022,-1.2342198304083198,-0.21717124824739742,0.17357097647130867,-0.8933892963855075,-0.2618283059843457,0.18589127764351276,-0.627826874671228,-0.20758639227929454,-0.10301858176821596,-1.0135721870749153,-0.05552427044041417,-0.02859456158638407,-1.3656541658117354,-0.1372060916765406,0.022826750768171103,-1.578714216895166,-0.15253552369241397,0.0737902098548656,-1.782202226770388,-0.13093528371439864
I,0.0,0.0,0.0,0.3197300410016708,-0.14173166698695544,-0.11146817301560367,0.5151397062611432,-0.45170652735059513,-0.15324099040988415,0.48294444567104994,-0.8257952164150582,-0.21142148190421212,0.3078094161248571,-1.0553409880664004,-0.24445857250828898,0.4662016946365464,-0.8996446904880285,0.0676215126378226,0.5811782727374879,-1.225046813075326,-0.10416887375464629,0.5209004391118343,-0.9937694857222042,-0.19715029900816655,0.470362934752487,-0.7982612302027441,-0.20849619007939937,0.2750769928436135,-0.9598354722271113,0.0552133522136915,0.35424942702535905,-1.278385628865915,-0.17258351690529214,0.32762857169147225,-0.960610028383215,-0.27735338982727625,0.3116318164828326,-0.7374510320214203,-0.27185889637508076,0.08610356936566411,-0.9934155661098726,0.006415162148335278,0.14348367188518646,-1.224365706319767,-0.21673420313459632,0.17582253381572555,-0.8882132469475623,-0.2754717495900867,0.1888746047353196,-0.6184248275751153,-0.22614824490807803,-0.10309079682702042,-1.0164534708945145,-0.04907691422265799,-0.030069229607041698,-1.3722203653861753,-0.132198253175135,0.020497063565187282,-1.5862450826893522,-0.1511521592569699,0.0725041682773543,-1.7850185836444696,-0.1311124893805732
I,0.0,0.0,0.0,0.2832390723975696,-0.1916462976154382,-0.04887039064032589,0.43856157345960955,-0.5429661035084044,-0.05623369364459294,0.4017571307742346,-0.8455975993065147,-0.08077595152877028,0.2336186572778991,-0.9898695674788182,-0.1004911894009735,0.32916436084665684,-0.9325127583378527,0.07492322306194557,0.41213202901805224,-1.2246380688050689,-0.022952992769563883,0.4664644630981474,-1.1907117320505836,-0.09828673438254384,0.4965448539501498,-1.0451104682493684,-0.11744110283192467,0.17433915263093128,-0.9833955492947976,0.05038902149389459,0.23497414373736886,-1.3004577488179587,-0.055407590041388954,0.31823945516112206,-1.2579053066498773,-0.13887366430812012,0.3722587090554776,-1.1276000427849855,-0.1638363696435505,-0.0015610178924923466,-0.9847552529218995,0.004113141536134777,0.050376286928696924,-1.2047080675095165,-0.1231119031768901,0.10078486848320894,-0.9806776957339318,-0.1730029799994294,0.1216920319103832,-0.7365625082194543,-0.15637643593061867,-0.18912398745899242,-0.9537053574268705,-0.045456239699369724,-0.16953024979306136,-1.3149346194307727,-0.09416887133748603,-0.13944042580293428,-1.5578634511034513,-0.10179758886154,-0.10696412884535696,-1.7557483823621751,-0.09270224031528834
I,0.0,0.0,0.0,0.26892196109822875,-0.17661084546862085,-0.05673412530366633,0.4482033404248075,-0.49995885194422185,-0.08005522683078224,0.4528750484100037,-0.8023914167759846,-0.11915464445716056,0.295430289544298,-0.9523103022283097,-0.15267187004006155,0.32716553635181805,-0.9484143351302626,0.035578204106884594,0.42880097113164795,-1.2017363519820357,-0.0671869303127662,0.45115417676187713,-1.0957656153485993,-0.13621499644782234,0.4394738278824928,-0.9455983633424192,-0.15125716789158836,0.16441617714430737,-0.9863470934871047,0.00931299429789853,0.2453821632180876,-1.2214645540261257,-0.12654871474658233,0.29719086531571676,-0.9836513129855317,-0.2036956739476491,0.3154521726307831,-0.7436042834431938,-0.2096870585199337,-0.013430674945061926,-0.9844963203051634,-0.03569216385458517,0.07565394120885789,-1.1592768920033254,-0.17910971827270522,0.1483640590372059,-0.8907270491693217,-0.22318867221788863,0.17739273617921478,-0.6493553260786643,-0.19618160118232583,-0.20185587070917832,-0.9449389296425227,-0.08274870114856352,-0.18954370838957896,-1.30670175431972,-0.13936652472059555,-0.17793726528317055,-1.5437092605974168,-0.1466265801074512,-0.16359015875320662,-1.7490547784907333,-0.13137558439566333
I,0.0,0.0,0.0,0.2639048733304199,-0.16548551144005566,-0.07390539992002487,0.4553389013266799,-0.4731610248835911,-0.1108683436794774,0.4933706398556947,-0.7861825411664038,-0.16249840316974098,0.3450578672071663,-0.9683796325429136,-0.20390122367896443,0.34438773566811587,-0.9544687595551954,0.03508296508014871,0.44189026215640104,-1.201347626457066,-0.07441032318042945,0.4304960910602851,-1.0704283898700695,-0.13801288351979124,0.4003885451094929,-0.9238860802385702,-0.1474677150111577,0.1763115649256677,-0.9842260827670998,0.014603084413653652,0.25894069712359474,-1.2252292053756602,-0.14277058633014042,0.27993793702136766,-0.918577916074581,-0.2148532358798287,0.2800458632429279,-0.6657854662041123,-0.20591722153744915,-0.0002576684791632705,-0.982910328830947,-0.027354077391500177,0.10409580816099238,-1.1833967224086914,-0.1823023407818937,0.17010193732143514,-0.9014565604841551,-0.21526767418306364,0.19071326572976452,-0.6627256933251372,-0.17424071426516033,-0.18758061040236526,-0.9463635433145151,-0.07310442530547111,-0.17645851228111878,-1.310135752842487,-0.13438262811310672,-0.16183977657529874,-1.5355644982017307,-0.14049245889867296,-0.1416954118188197,-1.7399287110190813,-0.12018773663122528
I,0.0,0.0,0.0,0.2634152602223382,-0.17167925109321494,-0.06168294127318237,0.45289750659565026,-0.48247249294359107,-0.09608081768197581,0.49351138458209093,-0.7962914129476962,-0.14444434554527094,0.3338761218290875,-0.950222365016676,-0.18458046604682418,0.33933493536470744,-0.9515431311950484,0.009247081840743457,0.4430119003520696,-1.207255335383492,-0.09698050351558916,0.4442262420326021,-1.0804967624233688,-0.15672715300264722,0.418752202868359,-0.9434943015436699,-0.1669359547580945,0.17585779063987964,-0.9843032204424865,-0.014873052740110021,0.2669289646589907,-1.1756302994456858,-0.17114553919998318,0.2766299180387893,-0.8333491862991418,-0.2361647461013793,0.25714978291324997,-0.565487841278597,-0.22722797679633444,0.00494683114063289,-0.9834020042267142,-0.056316493919639395,0.09930380853030486,-1.1692123934235559,-0.2056765124813865,0.16817402669623097,-0.871750409935073,-0.23329359017048515,0.19090625703464884,-0.6237961700373776,-0.1949209469182492,-0.17712619257329898,-0.9435496338025069,-0.10025521658427113,-0.16539776770925238,-1.3037940149788831,-0.15899890262959662,-0.15539439491477508,-1.531188186699253,-0.16434858865473229,-0.14273316568719097,-1.7404024253762593,-0.14710568674467905
I,0.0,0.0,0.0,0.2680377834446067,-0.17700775741040722,-0.08251154033043301,0.4708022914796351,-0.4723037927964758,-0.1285067304406696,0.5088865563707676,-0.7920257459519484,-0.1872473846225152,0.3538810551767313,-0.9644855911802791,-0.23373929459706025,0.35533512506006865,-0.9505278331345606,0.01644530356313505,0.46186464247631676,-1.2018214735625974,-0.09939866582679367,0.45176026490780424,-1.0300377380091608,-0.1657771836296755,0.4256158046637874,-0.8801848997743688,-0.17820222084079812,0.19145909881102005,-0.9814933597982404,-0.0037680438471672474,0.2879035076786164,-1.223027982782961,-0.16541101931545368,0.31242153559790425,-0.9153557312120517,-0.239347108745213,0.3100192605394417,-0.6788801788043947,-0.23422938411868313,0.019685950631133108,-0.9808701869910957,-0.04566866483934654,0.12670629868515262,-1.1961978842278553,-0.20034416421694237,0.20745196180049202,-0.909932243237402,-0.23405244263823116,0.23725753581804945,-0.6716411680134154,-0.19619133311309564,-0.16454853621693552,-0.9419133107719839,-0.09271307028548241,-0.15632246458990312,-1.3038030787967692,-0.15192864757634073,-0.1383038135454015,-1.5257586836232102,-0.16049035217912053,-0.11659355709153572,-1.7321300980792038,-0.144161670934864
I,0.0,0.0,0.0,0.28601103142169204,-0.16115448900257776,-0.07795201255333219,0.48602840811296494,-0.4512896686756859,-0.11783523759627063,0.4862380476777018,-0.7603816657449541,-0.171270625958084,0.34212496718678587,-0.9587196584304147,-0.20650296917140556,0.41882460121387133,-0.9188147569759922,0.003529476497514391,0.5484063823178065,-1.2082159920372562,-0.13389729746283435,0.5143109910433039,-0.9698981677284626,-0.20345223166330192,0.46334569579780915,-0.7710347362519359,-0.20874503803401986,0.24524242320596426,-0.9693047042998713,-0.017451191426539864,0.33811604854863225,-1.216701447162733,-0.1949725998590677,0.3207821340956119,-0.8618115536767049,-0.26167004836258284,0.29034523150837543,-0.6088736887492499,-0.24735336155361254,0.06712526936304175,-0.9880557987013339,-0.06156014270413074,0.14686024517060914,-1.2070656541896514,-0.22930791969884157,0.18030074470748245,-0.8760862146584769,-0.25232745703737985,0.1834890388547635,-0.624751669823965,-0.20266465323213623,-0.12291928319650178,-0.9793338033590079,-0.11019894381244626,-0.09678153770085991,-1.3495275912060913,-0.17178933958612205,-0.061890979640740425,-1.5680423097873313,-0.17358610474202762,-0.02231620381358046,-1.7790896753180552,-0.15020467117847344
I,0.0,0.0,0.0,0.2703905593609424,-0.1260095335112827,-0.09258185464053992,0.47093540586872085,-0.4116256819045974,-0.13300368557904255,0.44473330361381125,-0.7265089861864146,-0.18307996472678315,0.30724843567743965,-0.9379779000108105,-0.2182207429348595,0.4478187824278029,-0.8838667036016219,0.0011885623068624241,0.572718335041789,-1.1979910847742468,-0.13446187856873662,0.553847383213973,-1.085773016040357,-0.21438833548610234,0.4981749370780521,-0.9099824243644283,-0.2269636642782277,0.26404939189630255,-0.9644425509387629,-0.011335103789767063,0.35073811275466776,-1.2430435009142777,-0.18259244652119702,0.3316761003852047,-0.9608087836884412,-0.26261895490817244,0.29769615326312604,-0.7101516081214241,-0.25813166511287916,0.08266591775013547,-1.005458228040188,-0.04681196082166013,0.14487133656037848,-1.2259949645313137,-0.20739138143516916,0.15434989683919023,-0.9142987330597426,-0.23293771040142894,0.14545058191075033,-0.6499224318959116,-0.18412037235334633,-0.10969226113905443,-1.0141510571605339,-0.08935988216495756,-0.057125399854080314,-1.389604914771508,-0.14902458007319258,-0.0075883800427407255,-1.619624254025066,-0.14619489472935135,0.049381596954242574,-1.8265999473051728,-0.11782522339519452
I,0.0,0.0,0.0,0.27149585168117896,-0.13037805069692734,-0.08880399081042063,0.471861381474292,-0.41196840326933737,-0.1289018822571173,0.4386826282262055,-0.7255560517946845,-0.17934831669124857,0.2935697435256634,-0.9341049261830753,-0.2168702989823572,0.45839590770009825,-0.8757275410698522,0.008849305836251872,0.5800140124114668,-1.1680495861606115,-0.11760275798493397,0.5635179803319119,-1.0836552347227242,-0.19535126824887414,0.5154229363087501,-0.9092834397645037,-0.20896668716228733,0.28311065474990615,-0.9590814984928259,-0.003322110147907645,0.3655762693049858,-1.2492346433267858,-0.15324062198085397,0.37203085619292353,-1.0815321695673663,-0.2344798074717328,0.3585651731260291,-0.8905829276690393,-0.24108184106727595,0.10064142985002332,-0.9953914798352845,-0.0384238661902114,0.15321627948417282,-1.20805661841364,-0.1909529690639944,0.16358934895996438,-0.909989593336485,-0.2247976132007753,0.15657029965838312,-0.6346181640710846,-0.18565229131948352,-0.09198633950748843,-0.999189095888515,-0.08016785453808806,-0.03512569859585047,-1.3617935134906711,-0.14156284797081978,0.011725728200069835,-1.5989270617016076,-0.1461270770249308,0.06283657539319715,-1.8121882658914044,-0.12580938639315858
I,0.0,0.0,0.0,0.26570163692081405,-0.1284137853168012,-0.09416404633711653,0.4713889590740972,-0.423727259058328,-0.13360984242740157,0.4386222084385447,-0.7464494854328869,-0.1834916441749727,0.29365516057366275,-0.9509369069694176,-0.2132685996454971,0.4450267788542794,-0.8943559701567135,0.003645499067964714,0.568483755753758,-1.1945042604981204,-0.13862496115179435,0.5192384677985066,-1.0115502812116062,-0.21099253259538392,0.4632452716320379,-0.8235688556340957,-0.21589498705538598,0.26224960385988344,-0.9649374592963226,-0.01099294874418274,0.3481520705050563,-1.2460189735520841,-0.18749003341571885,0.3167997542064495,-0.9556851554926589,-0.2559981201761593,0.2912891062174915,-0.731656195900539,-0.24151887573055253,0.081764491621045,-0.9955779470519139,-0.05160507788692362,0.14656698522319656,-1.2089013910356805,-0.22557559847067632,0.15458689918037646,-0.8671895242950965,-0.24557971503506032,0.15269864610918857,-0.5983717510271864,-0.1874634001076367,-0.10505612521935746,-0.9988637610213807,-0.0990279394875565,-0.04475265630721832,-1.3721622857305042,-0.1633731340807446,-0.0006380465503353414,-1.5990857212797793,-0.16010390533903582,0.05302682468803712,-1.810938765608289,-0.12931166143940936
I,0.0,0.0,0.0,0.27726029912917877,-0.1280543257510184,-0.10228909343353153,0.48439478313178264,-0.4084600144786506,-0.15358034362623954,0.44677534933788504,-0.7384369517393531,-0.21427554208291943,0.29671141004240065,-0.9603074788689926,-0.2559236215191281,0.467928245218059,-0.8850428140518695,-0.013113468553549883,0.5816334862819599,-1.1862305634880874,-0.16041996407815132,0.5366266830025486,-1.0085599480737608,-0.23693308996944065,0.4886779553688988,-0.8098975654414738,-0.24612088241670557,0.28146327110898933,-0.9592911928587773,-0.023212805091411177,0.3562888629221085,-1.2154650655817358,-0.20958318990138844,0.3302032871438374,-0.9045881680690069,-0.2824194564605813,0.3068703173432855,-0.6629802639974748,-0.27072067301310254,0.09695066876304459,-0.9937573314516855,-0.05842093096674238,0.15363290275612784,-1.2134013912565913,-0.23421624124003376,0.1696054445324398,-0.8746286390059418,-0.25289913042787765,0.17074125077046853,-0.6009033924633705,-0.19591550834074653,-0.09610445722843852,-0.9984486824302637,-0.10115238351231817,-0.03533336238688622,-1.3710800901315845,-0.17030289043524377,0.013458248106617615,-1.5977892620975775,-0.17072811563217405,0.06796800171860094,-1.8151807452851638,-0.14233514412426165
I,0.0,0.0,0.0,0.267185779276131,-0.1312516459500237,-0.11298528647471526,0.4699225223743687,-0.41835577218927494,-0.16944040778204877,0.4374164714272971,-0.7439735934200162,-0.23487479611972706,0.2876163310924457,-0.9608928111193428,-0.27410103125277974,0.41628013523052254,-0.9198652537530775,-0.019237276985766515,0.5384110413202633,-1.217221285996808,-0.18609066173350827,0.4810835534623111,-0.9801069149402776,-0.2627533818971113,0.42757330181319064,-0.7893344963186029,-0.26610295503887904,0.22696110430161323,-0.9733246445391425,-0.03358263639061216,0.32028750003331535,-1.2435100844941418,-0.2375788216102596,0.29390663823639024,-0.9157795338368441,-0.306508699823335,0.2773923728753425,-0.7130318993214673,-0.2867341247039123,0.04562455739272851,-0.9853596604778916,-0.07782045180229111,0.11769614707896336,-1.188538019716356,-0.2754100819811469,0.15026374480779292,-0.8251596552642181,-0.2927982294437831,0.1668275352920582,-0.5646607951146455,-0.22760862827503744,-0.13582593839924398,-0.9700263946319125,-0.1304110144639424,-0.07846988625860613,-1.3311774642790963,-0.20620640278862315,-0.034297483568023444,-1.5481236022736158,-0.20625088035649208,0.015333676842852294,-1.7608096549284575,-0.17564033414485164
I,0.0,0.0,0.0,0.2565036575183238,-0.14846893289025034,-0.09356888774467195,0.4537009639668169,-0.4314445675646059,-0.1423818930500879,0.4259966306820285,-0.7359930403926142,-0.20318740240330335,0.275789329691631,-0.9310803206209813,-0.24726838528305353,0.3934437697549238,-0.9305857927533803,-0.008645080375521487,0.4925026001646405,-1.213711635440131,-0.16161495938955472,0.4680457275213078,-1.032327838280319,-0.24275566604733836,0.4342464856307302,-0.8358752708811027,-0.2524024910815471,0.206550651653342,-0.977997457916095,-0.029288233323905174,0.28101317410646076,-1.2224036791993407,-0.22032695727366872,0.2809013819456796,-0.911875646949622,-0.2984548143837814,0.276557849982383,-0.6786330924712206,-0.2891272830051492,0.024605962734119906,-0.9809910487233405,-0.07523341717886811,0.08280607955840251,-1.1649288902400536,-0.26044410772348464,0.12986620919007902,-0.8258227165251861,-0.2890048451817846,0.15801486549935406,-0.5663955923731977,-0.2360569273294753,-0.1615991254324724,-0.9488680794690579,-0.12757634253470446,-0.11960683933671731,-1.3250039836333676,-0.20010281531791294,-0.0827235566178986,-1.553857171362552,-0.20277652810146868,-0.034877629725167544,-1.77499100876056,-0.1760060912834605
I,0.0,0.0,0.0,0.26772064513409377,-0.14769144008063462,-0.10595510313657636,0.47450446952889835,-0.4253450241194613,-0.16349872492188722,0.43426982577290874,-0.736780701310617,-0.23108957487088116,0.2680308570039018,-0.9348748979082713,-0.2813348131502369,0.40159913696022603,-0.927370480650103,-0.022152967545584015,0.4972494050195373,-1.2091705565052846,-0.17489073488584161,0.4788280346329499,-1.0451649694872416,-0.2515311974933137,0.45727590586870703,-0.8652264820190394,-0.26034156874243675,0.21412882436845543,-0.9761566863644302,-0.035594525430164156,0.2883172967030444,-1.2044116477414528,-0.2315651321309252,0.29517757779872256,-0.8933373027083793,-0.306404079338448,0.2936160480291926,-0.6674909486487541,-0.2951112432470013,0.030611300813977085,-0.9846857677140689,-0.07476539499461819,0.08659633121982194,-1.1776090137062603,-0.26284933710094427,0.13651980937147642,-0.8354434735867567,-0.2864242843805641,0.1622257181859447,-0.5728061149493185,-0.2302661584202971,-0.1595137766278845,-0.9628239403359244,-0.1213302355618893,-0.11846202946895916,-1.340220392380249,-0.19853141741566935,-0.07956944725693714,-1.5715301502607848,-0.20330291378060475,-0.03318979583638196,-1.7975842703113072,-0.1771629701089175
I,0.0,0.0,0.0,0.2522777751885824,-0.158117329351641,-0.10259946104531861,0.4470516607382975,-0.43885011368320753,-0.15746458995911872,0.41876256823102026,-0.7348066166787669,-0.22341052159205615,0.2628626647161236,-0.9212820174096027,-0.26800939285689707,0.36044511565458154,-0.9510061969799681,-0.012689048976591072,0.46675288369184625,-1.223109071380247,-0.17591703768058858,0.4444447491706226,-1.0074623424518994,-0.2560196965624829,0.4124985519747017,-0.8165545390016077,-0.2630989594122702,0.17679070588976822,-0.9837148351980304,-0.03240631608666964,0.2593317831999088,-1.2190687053855056,-0.2332265926129961,0.26893974414795563,-0.8951553513130882,-0.3076228059499257,0.2697840210506855,-0.6831730739354819,-0.2944592953757735,-0.0030262949457531777,-0.9766881738400678,-0.08086832943059787,0.06782521048865274,-1.1460927323278418,-0.2785915528210894,0.12953813783125512,-0.8002353215670434,-0.30772953952984533,0.1632655409268681,-0.5543142147290119,-0.25250139144562295,-0.18654182860896928,-0.939652642005453,-0.1361954114312456,-0.15456706028266837,-1.3064790175906627,-0.2159361608250136,-0.12408870491002144,-1.5325556376642397,-0.22386832293652043,-0.08497972532782737,-1.75612442676871,-0.19991187653677858
I,0.0,0.0,0.0,0.2586960041974319,-0.15247794921265959,-0.11752504479406863,0.45555045879325257,-0.43476870992051125,-0.1813914497506336,0.42159020713539347,-0.7402029260735119,-0.2537780555272693,0.25413530504213583,-0.9310801487826358,-0.3056876046101229,0.37362140667418275,-0.9473744709632861,-0.027923788219529254,0.47142018956351545,-1.2222683969777661,-0.1907652977926066,0.45753751384639585,-1.0456614981570194,-0.2698900919885287,0.43910314452811716,-0.8649816328061648,-0.2774678052834572,0.1881476187830544,-0.9814113721671515,-0.03784431433195038,0.2671727890363368,-1.1963814199319724,-0.24525268674715406,0.2848895794272508,-0.8748912217754224,-0.31973795760512147,0.2900031991393854,-0.6583152176347981,-0.30464480237540437,0.0074926210419188535,-0.9761111942142032,-0.07656760549162443,0.07050253895695315,-1.146185177523668,-0.2777454168401042,0.13615241460005753,-0.8085004346328714,-0.30558624095816134,0.17006293103847867,-0.5616555350079435,-0.24798722837762247,-0.1772405623572902,-0.9431975312172338,-0.12317689986964794,-0.14745213365336005,-1.3129919867265947,-0.208309319697479,-0.11965434175705944,-1.5458332496686094,-0.21801899559848129,-0.08718747704829236,-1.775601469597242,-0.19292115581789593
I,0.0,0.0,0.0,0.25724805706149617,-0.1631211785824004,-0.1128603338268402,0.4556536112195506,-0.44802919002070013,-0.17404650804682303,0.42647048884860417,-0.7480499700962583,-0.2449603471581723,0.2554696996877846,-0.9229067954144834,-0.2906987783711587,0.3450057232715895,-0.9656889169165038,-0.02378890329758683,0.45899181112193876,-1.236108035434529,-0.19100927198910708,0.4319393872656696,-0.9795177703726498,-0.2660648051051873,0.395705049303863,-0.8077914588044256,-0.2703824909048151,0.1648838037045293,-0.9854161388264272,-0.04205192761743294,0.25408015367461684,-1.2130210583943999,-0.2517328005314592,0.27159709639464913,-0.8653717039120504,-0.321251245114036,0.2710971376982484,-0.6699156404533182,-0.3028434381087641,-0.011057627555601652,-0.9699443888121455,-0.09087491448509068,0.06663262353129959,-1.12541295073182,-0.29614558523364776,0.14467542007412218,-0.7774463972808714,-0.32406637319066894,0.18032490647546812,-0.5507432217695252,-0.26668349633017246,-0.18830953494107566,-0.9318843945644014,-0.14730687761792252,-0.16521806297192268,-1.2949396074878452,-0.23096101841093147,-0.13490977814038002,-1.5165698469661166,-0.24169570063980714,-0.10229355157016022,-1.7411437541674748,-0.2191279389806457
I,0.0,0.0,0.0,0.26104325475090623,-0.16236463538499776,-0.1241146108334279,0.45240139150804165,-0.44194926098361276,-0.19583083859806188,0.4242364227038261,-0.7473452144945367,-0.27687489196364834,0.25199075025507206,-0.9327402188129336,-0.3346022203509406,0.3629759866485295,-0.9595582826512367,-0.03313609279694695,0.46824237513735295,-1.2364661581550738,-0.20879323165090366,0.45177089692801164,-1.024298103303354,-0.2919329215655825,0.4274654593304834,-0.844967357204747,-0.2995773985769267,0.1777441812532113,-0.9830517336673766,-0.04490317320848185,0.26996493290601054,-1.1961065917352462,-0.26530629273607337,0.28956257486921205,-0.8623883283928816,-0.3422700518681221,0.28932815626496616,-0.6573679341835557,-0.3260325297975646,-0.0018493479979853145,-0.9714923580565185,-0.08791212718324487,0.07088393124170075,-1.1327528314581679,-0.30043961404600683,0.14642612292822954,-0.7954685483224111,-0.3316297492856598,0.1816336185597827,-0.560945735192405,-0.27354015628636985,-0.18249174891728073,-0.9374990911882994,-0.1392909673623518,-0.15769496745877065,-1.301627747308649,-0.22787662486648538,-0.13133813584135995,-1.5285487587124547,-0.23978701176309616,-0.10391074806418192,-1.7581785844830788,-0.21559796130686928
I,0.0,0.0,0.0,0.2594944512926742,-0.18148893901739563,-0.11086186669874548,0.44101419521386737,-0.4674340209558218,-0.1782287385876503,0.4152188875549015,-0.7604662844279338,-0.25644250484797676,0.24680344702616638,-0.9347577603560485,-0.3130937754325203,0.33002802878583565,-0.9769853278477325,-0.032085384693674175,0.4390327211185973,-1.2394835653097043,-0.20331321025611146,0.4278036149033078,-1.0051282772251084,-0.2848397487062012,0.40053367649955407,-0.82168363754862,-0.29334141441001027,0.15183316081452294,-0.9871437582900324,-0.049938880104597926,0.24412752771628732,-1.1944367330224699,-0.2634055426193585,0.26501510078524276,-0.8382772123942246,-0.3374395840140464,0.25875492823550805,-0.6168870922199347,-0.3225898234309138,-0.023415731523619032,-0.9634346613992483,-0.09733359156470901,0.05569105606242132,-1.121422128577455,-0.3028824632387013,0.1362124048308444,-0.7876265573741684,-0.3356460455026945,0.1707847483628161,-0.5594086329561678,-0.283547226284363,-0.19957521681801607,-0.9154011910058304,-0.1516438755736005,-0.18851964489411935,-1.2786532326844198,-0.23671406896741612,-0.163996169029941,-1.5040190337428194,-0.2509607208756993,-0.13722732372796045,-1.7303929766194996,-0.2320611422733177
I,0.0,0.0,0.0,0.25778463881601993,-0.17449690463504458,-0.112789049840154,0.43857473920952267,-0.4579562390619354,-0.1826449668349841,0.41642256291742874,-0.7539535384447527,-0.26329147841807676,0.2469359605691973,-0.9302896264109479,-0.322526498985401,0.3406722382769524,-0.970895502998186,-0.03676630014444852,0.44497853630854645,-1.235227166623276,-0.2053987944130193,0.4332988090277888,-1.0133559527134997,-0.28455763845155274,0.40915621900009724,-0.8340562002541871,-0.29233884802500093,0.1585770831042331,-0.985920459137148,-0.05304862834182189,0.25273381006397166,-1.1800886022013748,-0.26655878360451873,0.27242567082103303,-0.8355822525172427,-0.33988921657655147,0.26396323188671195,-0.6248977793934022,-0.32417679820896217,-0.018928321632302708,-0.9635562114434313,-0.09796695687432154,0.05788318080545643,-1.1199627175894014,-0.30346795402145355,0.1400844979221924,-0.7879120487469716,-0.3329513165752551,0.17478736140233722,-0.5571131110425168,-0.2774754591040871,-0.19644224205647018,-0.9168042655563354,-0.14991510097025046,-0.18026253815492319,-1.2788982803633344,-0.2377615238472829,-0.15828026522087826,-1.507485396453768,-0.25003865739499687,-0.13722055931314744,-1.7378044802901098,-0.22755054748569778
I,0.0,0.0,0.0,0.25416616966649,-0.19283457838693616,-0.10462673572276436,0.43096009719474504,-0.4780689430191892,-0.17122328331414938,0.40285158738931326,-0.7653773228154851,-0.25009489047808875,0.233243568152451,-0.9328178870038525,-0.30693165759158947,0.31070069944701284,-0.9848413410838434,-0.02992001566871168,0.4161056280665819,-1.2551086348308154,-0.2012217487096891,0.4074367350599896,-1.0109484654038856,-0.2820193687510112,0.38043786251523265,-0.828904081744325,-0.29126602827577075,0.13269318664991098,-0.989685998202077,-0.05398280447929912,0.2185907107705641,-1.2038683450304317,-0.26729846611699576,0.24943998649215904,-0.8492504878077137,-0.33967574375947185,0.2495943116816949,-0.6368042478512271,-0.3253077904574658,-0.042271709226127774,-0.957489107123794,-0.10772696703785146,0.03570052617235888,-1.1122702668124635,-0.3145956340018349,0.12360417473615758,-0.7783948276882315,-0.3457007876870545,0.16115516089145598,-0.5541063443825135,-0.29332559476969855,-0.2183947651694311,-0.9012448900162432,-0.16825670863642816,-0.22043962544119183,-1.2634162338189148,-0.25699772330916965,-0.19969092307263783,-1.4935134430837722,-0.27378571295703014,-0.1773085165280759,-1.7250267765511398,-0.2573400099862277
I,0.0,0.0,0.0,0.24517760773966496,-0.17273054596396598,-0.09980699049062379,0.42295108672674536,-0.4605405598591425,-0.16116740789704712,0.4236465308182901,-0.7390076099266168,-0.23499995797279752,0.2586619015840767,-0.8933047298082242,-0.28634156421860496,0.30786837379539933,-0.9865074208882669,-0.02866473249500492,0.4235226123756147,-1.2290332550796825,-0.1873718994602087,0.408065054230041,-0.9688136520242996,-0.25817782776892945,0.38089578356408615,-0.8086090093959688,-0.26445543264048404,0.13714719275910303,-0.9890302056811292,-0.0548625534280051,0.24355206548427538,-1.1948116864629434,-0.2590045929597087,0.2665138892557593,-0.8622308113229445,-0.32950805176360953,0.257739611701808,-0.6828003541416616,-0.31558497305712224,-0.034537550504935746,-0.9490428802610876,-0.10788137475362584,0.05520404371180685,-1.0981719318018544,-0.30796847605933725,0.14902247356756554,-0.7644104850500495,-0.33678346882527455,0.18959876651220497,-0.5520033224290184,-0.28374670493054505,-0.20278228940655524,-0.8808303408497403,-0.16715022478754013,-0.19921370191376578,-1.2329613277437357,-0.25205235763029116,-0.18303646358188516,-1.458479203568576,-0.26423738384231493,-0.16946668426515316,-1.6905503571671097,-0.24453556833198287
I,0.0,0.0,0.0,0.26070595949662706,-0.1647112607789851,-0.11441906668737825,0.4475945831924378,-0.4535269833770461,-0.176991817033683,0.4017619757478078,-0.767535545551197,-0.24738932533639402,0.23337039409105753,-0.9625494545484333,-0.2951963186420266,0.3622914975374826,-0.9501431831146645,-0.03136256605397491,0.45599725039133543,-1.2227482133010494,-0.18832799770855038,0.42040710711138907,-1.0018492042527893,-0.26232238385098133,0.39647105365405855,-0.8163962992887459,-0.2700567278745959,0.17316346416848336,-0.9840292606680596,-0.04124110602593324,0.24201451127558696,-1.206316944644435,-0.23585274117345226,0.25147768912105306,-0.8814118744305429,-0.30108707519470446,0.25405710191379355,-0.6766030924247833,-0.28464851111379297,-0.00862895516392632,-0.9736806623591542,-0.07827062224038651,0.04655716510043764,-1.1456908783166952,-0.2680386733172672,0.1052918212826671,-0.805358971386417,-0.28267428102697467,0.13327166871441273,-0.5640153275977896,-0.22135613596084938,-0.1926630688575606,-0.9316889270515525,-0.12324002651460991,-0.1697547096186438,-1.2912382796984516,-0.2028153473383707,-0.14102112283390233,-1.5114756638613527,-0.20330311525289294,-0.10877991681703253,-1.7316268529756196,-0.17319405540215385
I,0.0,0.0,0.0,0.2697208133255417,-0.1655780440369957,-0.10198459486065968,0.46133956471816756,-0.458900294882192,-0.15638842780076617,0.41285528228482254,-0.7713866603842533,-0.22061758036195558,0.2498433433224235,-0.9687921766679775,-0.26430800819951256,0.3907307588617479,-0.9352134228838025,-0.02064053268432553,0.48371499902333454,-1.227090282700093,-0.17401877804750612,0.4500504855129621,-1.0164911420046214,-0.24821386354322256,0.4204766472592399,-0.8162196800194348,-0.2548433132686577,0.1997722936778769,-0.979256349199908,-0.03388263906999866,0.2648465191845905,-1.227907441279293,-0.2261086307516286,0.26329244256208795,-0.8935673110936737,-0.29278366025641206,0.2599515280800149,-0.6592865984809252,-0.2766156698952931,0.015271493421358836,-0.9850669952028807,-0.07331689886243789,0.06580084813734143,-1.1942780595379445,-0.25446973307523785,0.11415988740619025,-0.8522589312945846,-0.27107365986633725,0.13978750459553296,-0.5933919241084866,-0.21270730700299703,-0.17277315769902607,-0.9621379436553306,-0.12016232009248448,-0.13762525565729897,-1.337061423083536,-0.19258896945205803,-0.10672638717851717,-1.5661134458551191,-0.19549386790044435,-0.07127217007514941,-1.7911932436849485,-0.16908017737919126
I,0.0,0.0,0.0,0.2788246934805527,-0.15248122827070856,-0.11639577869180358,0.4844089029407729,-0.44169717289128174,-0.1736392107014958,0.44845298237601067,-0.7768751410141493,-0.23930396520961128,0.2895827934394887,-1.000993934947658,-0.2813371917914296,0.40858982048818654,-0.9216439326130098,-0.0136351033211724,0.5197633120031584,-1.2132498843716055,-0.17173978850836974,0.47420775010304256,-0.9821692514230265,-0.24786242544139675,0.4368358878234873,-0.7881927715366777,-0.25383370267716415,0.22518112697161807,-0.9740919035140528,-0.020938566430422183,0.30748777147444467,-1.2317123477449312,-0.22106408154441734,0.29578316281107087,-0.9055841783027749,-0.29306970701475166,0.2850947081531438,-0.6834102859127421,-0.2763697972097719,0.04724847016745271,-0.9916097957647306,-0.05732709754188551,0.11243701012894783,-1.2006838053156905,-0.24841140694857664,0.15403237013707374,-0.8501038919003089,-0.26860757545026287,0.17203175146257813,-0.5848455002530665,-0.2070390168560262,-0.13671781633091806,-0.984168189969758,-0.10224849834091938,-0.08968065022201323,-1.3491146264977392,-0.1765749969545731,-0.049851826589246015,-1.5693802161114416,-0.17953254063650112,-0.007336330517713493,-1.785111649049569,-0.1506886620418254
I,0.0,0.0,0.0,0.2885051403667709,-0.1349824764018201,-0.13390393785903976,0.4986233592489977,-0.4147543109223976,-0.1986212651168078,0.4707215594225135,-0.7630777054915334,-0.27125770686812767,0.3152311659460798,-1.0048172850453472,-0.3166879248542028,0.4364378927068055,-0.910907602230851,-0.004595291124479096,0.5543434914176781,-1.1913434523547801,-0.17677968935254437,0.4954404220331956,-0.9507110766476636,-0.2612947069989837,0.4448337138822753,-0.7621661354072226,-0.26820522867304347,0.25018973127023736,-0.9681691444243359,-0.00732162219564901,0.33967180360913524,-1.2152166863844864,-0.2260750981317023,0.3206010169726566,-0.8924284269889124,-0.3094189421009665,0.30288115485550093,-0.6862902488437003,-0.29396866713286157,0.07126370560101415,-0.9965071221017845,-0.04373992686283144,0.1438970666134947,-1.1958650459032383,-0.25274164491315243,0.18305657076767054,-0.838909119878388,-0.28203196796497265,0.1952327460346732,-0.573995812009649,-0.2188792863489442,-0.1118672410483251,-1.006350808378723,-0.09017284318808598,-0.04845517491419427,-1.3646801140859919,-0.1699282220189922,-0.00013111624500361817,-1.5788365380545206,-0.17521378403092377,0.04794385441989445,-1.7946391993214281,-0.144523915554809
I,0.0,0.0,0.0,0.2754775229029145,-0.13750841509048636,-0.12235837262689135,0.48684664525238847,-0.42134812993212684,-0.1814094161956489,0.46456723244346,-0.7541722310750587,-0.2477408057461255,0.30984800190985046,-0.9801306079023203,-0.2898922078042313,0.42007324264714924,-0.9160995324827842,-0.01084730288096209,0.537874500260907,-1.1945524440002766,-0.17337441709002765,0.48995007646931665,-0.9760671286745564,-0.2531268760019394,0.4477055747327845,-0.791749422481989,-0.25976331647955825,0.24248716721291314,-0.9700160025356704,-0.016399041489522564,0.3330527098604443,-1.2259684947168532,-0.22005638508275305,0.31897193329970797,-0.9244376146185231,-0.2976569490506936,0.30474638931833314,-0.7258240984872268,-0.28354299436017105,0.06667924405033035,-0.9894363402390262,-0.052719483961991054,0.13772714096082836,-1.184010812753694,-0.24997500797360483,0.17598581441164945,-0.8297801388315946,-0.27605823091596376,0.19010384170402794,-0.5666939686368642,-0.21572492865286944,-0.11562475057923724,-0.985383069666581,-0.09797427311717155,-0.06547538294172002,-1.3458178909546328,-0.1750274454573275,-0.0220250652476867,-1.5652892103403506,-0.18098268897318548,0.025589080583840497,-1.7839969440287624,-0.15359596193014133
I,0.0,0.0,0.0,0.25988028587427975,-0.15217406084962978,-0.10573424043682418,0.459365859701937,-0.4488241169545669,-0.16295549906979237,0.4472507369876834,-0.7647777340830455,-0.23075110636072974,0.28500394133397217,-0.9634177360432713,-0.27963260538186085,0.3683201371534329,-0.9516006321599703,-0.02128990839333404,0.471680308098498,-1.2448477140216665,-0.17869445696405437,0.46446536486064377,-1.0627192051221104,-0.25256304641659433,0.4465792787973378,-0.887690138308282,-0.25652768810949383,0.1883288305426599,-0.9814193232587036,-0.036720069728449836,0.275253036699108,-1.214235922194574,-0.24314814023593317,0.29319019323452955,-0.8695883495336358,-0.3175260876144775,0.2900340596065135,-0.6289697124178071,-0.3016224301412333,0.010964313193861727,-0.9778614137013232,-0.07935015979942238,0.08720789508699694,-1.1715969264406672,-0.2761547762641426,0.15554740559955477,-0.8291321316164129,-0.30659961936435115,0.18661333675147185,-0.5759163268659828,-0.25221371469039916,-0.16921446730189227,-0.9493317671772522,-0.12879875385466946,-0.13537478460115315,-1.3279974459604975,-0.2076482631528948,-0.10020597670206612,-1.5639114582558122,-0.2191923043193863,-0.06119179928862784,-1.794587945825374,-0.1982286297212546
I,0.0,0.0,0.0,0.24758763785001853,-0.16134757770208705,-0.09951399405845952,0.4403954130502789,-0.4568149558149656,-0.15431589508291502,0.4438971404542987,-0.7564354133551491,-0.22215237999765605,0.2847819429095612,-0.9385376550909537,-0.2725483488965106,0.34450334713694336,-0.9619364505691151,-0.00345618613457952,0.4438451585642336,-1.2256224799115965,-0.15355316081138315,0.4495932612498513,-1.0792587346340181,-0.22563671872286356,0.4455140508242178,-0.9299107658701123,-0.23059948974648076,0.17127653961050993,-0.9849343330894873,-0.023847567603770273,0.26608940255925545,-1.200074327983092,-0.22619647107954613,0.2926357330488071,-0.9059917305853076,-0.3043698941891849,0.29897268321783405,-0.7075678067280563,-0.2909414672464516,-0.0027203154290738325,-0.9712026959924573,-0.07125418815700683,0.08007883823074399,-1.132933719053648,-0.27186656010864785,0.1587444845919049,-0.8067042160310408,-0.307115937497046,0.20060979390243738,-0.5669519536830994,-0.2530092087556813,-0.17880938893052806,-0.9284607447261917,-0.12487162683548418,-0.15024702396373577,-1.2887548010751317,-0.2068672314958167,-0.12721725781443707,-1.520895820361965,-0.21675865385103976,-0.09884188033478175,-1.747526127942911,-0.19269489267140047
I,0.0,0.0,0.0,0.23681361451454996,-0.1733560976494355,-0.09920481291996011,0.42496833779172816,-0.464683675801423,-0.16151217729959277,0.4386903421872721,-0.7596157926029543,-0.23849377806887723,0.2713069979935657,-0.9237346001417115,-0.2987216123647898,0.32504169982969344,-0.9705130785213072,-0.007374620428821523,0.4273813686903517,-1.2247815777775346,-0.159861265788168,0.43723573395834286,-1.0734015116362547,-0.231209662277832,0.4349622229040766,-0.9163307332676386,-0.23471204507694504,0.15408983546258304,-0.9876048804632775,-0.02988181206402072,0.2559185180683513,-1.198670873611825,-0.22721194780577186,0.2850098546359894,-0.8925864843848547,-0.296811391112967,0.29410669338999645,-0.6983169002733847,-0.27814411721933147,-0.015383511859539968,-0.964585969168962,-0.08004174806605605,0.07651431796712434,-1.1160962400314596,-0.27718191674969717,0.15728430169124893,-0.7904656174166083,-0.3054664342767376,0.1978614955940912,-0.55780654782231,-0.24793734640641305,-0.1874145849930546,-0.9081775164876708,-0.13696207970153815,-0.17326874249465987,-1.2625794494396314,-0.21784313333143118,-0.156314183366946,-1.4927052195454373,-0.22543762385041874,-0.13153450679651385,-1.7193780805061383,-0.20004054868089796
I,0.0,0.0,0.0,0.2612829475917381,-0.1782105607336197,-0.09271006659162834,0.43677767780830723,-0.4853013276432043,-0.14107695364704217,0.39877758854110507,-0.7955680838310655,-0.20094340117956203,0.23504022158995283,-0.9840046580560247,-0.2479477221207285,0.35551954197999774,-0.9440441826223452,0.0006398053556767095,0.43601544899670946,-1.224827501925769,-0.13450659352065034,0.43848994654303514,-1.1271421398501091,-0.20806717948380082,0.43888042996643917,-0.9672248552151208,-0.21934642670424864,0.17556795931968958,-0.9843563731307178,-0.014779118284221647,0.23553042582142966,-1.2378806972468452,-0.18975017123281634,0.25951371092237674,-0.98420323815331,-0.26396941528708506,0.2741976537560305,-0.769854545789183,-0.25667248515317015,-0.005695931944479931,-0.9817922776229271,-0.05395101286163482,0.046454389222457024,-1.174770133139929,-0.23125078662519405,0.1005680041820245,-0.8579037117231955,-0.2561539315666985,0.1318060319151991,-0.600821745473705,-0.2032157917857682,-0.19277507551527268,-0.9432319857168535,-0.0992595887305881,-0.18087103866389984,-1.308380077858614,-0.17182983857204387,-0.15525119079806846,-1.5347064669366646,-0.17222079313857455,-0.11793083991159606,-1.7498478643420703,-0.14467958321838842
I,0.0,0.0,0.0,0.26554250470761004,-0.16563513310649833,-0.09002709387149255,0.4525572265278769,-0.46059332853045176,-0.13713081084926348,0.4182319475712317,-0.7741859665553168,-0.1954229573735802,0.27303306039722053,-0.9790634145899971,-0.2442336765525281,0.3923953298151476,-0.9199770578879706,0.005893251953858467,0.484532527228958,-1.1893712444241331,-0.12447277553465662,0.49447524842769525,-1.1482738967911372,-0.2005001332573521,0.48720779609875703,-0.9963204650142694,-0.21273278537857115,0.21008439789708572,-0.9776490028081014,-0.008183707506002069,0.277531161486788,-1.2267913842853027,-0.18329395740894253,0.29332659465618977,-0.9713933466725311,-0.2644958591487617,0.2952477807384441,-0.7185470332114249,-0.25973089927751625,0.02730874945505117,-0.9906755228399697,-0.044702108002753385,0.08000999092856939,-1.1802882980812022,-0.2185417830002772,0.12369520611481231,-0.8697366344348669,-0.2516010434817477,0.14897696789388828,-0.5966988644428948,-0.2040419538707539,-0.16488707421921725,-0.9627119206635345,-0.08681574579562065,-0.13445005859454356,-1.330957762898246,-0.1586226494681714,-0.10461192818153207,-1.5629270999784877,-0.16357940210940075,-0.0649984314716524,-1.7735201341087408,-0.13900739268820228
I,0.0,0.0,0.0,0.27140369769739126,-0.14349202688729326,-0.08073053402776537,0.4662654928724623,-0.43084035343271754,-0.12168527738420823,0.46018512707205966,-0.743281869992135,-0.17650103563577896,0.3119340812680043,-0.9353867071143612,-0.22227752839279172,0.41440080078965574,-0.9001775847493595,0.029907012661835677,0.5155424089066306,-1.1719776643676014,-0.09293565791247876,0.5364087061244229,-1.114546906490636,-0.17086981041133475,0.5462161691928923,-0.9647475353287098,-0.18693069652665642,0.24652641403693412,-0.9690552546059781,0.012515618348008474,0.34474276786651303,-1.2386317202252128,-0.13813458733363174,0.37219542680043083,-1.0468763192320942,-0.2163141118672211,0.39222467169374486,-0.8623244399625933,-0.21821498738814465,0.06682921680699284,-0.9947760124209161,-0.027942070695181426,0.14481093790438113,-1.1982173724794745,-0.1870149276848372,0.1676616913141869,-0.8878419136415866,-0.21539083540283718,0.17606377010294708,-0.6227864163441895,-0.1690675182850418,-0.13113897255003054,-0.9802059873570624,-0.07397874098831826,-0.09995434461494057,-1.34430680816041,-0.13444912123937502,-0.06295563538214242,-1.5635913764414429,-0.13080604752722605,-0.010292532676080341,-1.7659848709975066,-0.10386422856183489
I,0.0,0.0,0.0,0.2846122708151304,-0.11945139618783696,-0.08768211687891521,0.4931853967561754,-0.40037856860838916,-0.13188043266645183,0.5230493493903395,-0.7118155128954088,-0.1884963323757028,0.3760855241845241,-0.9084769599817225,-0.2321409163857644,0.4347195538153626,-0.9031073460775959,0.007145907524750885,0.5524829030145955,-1.1391567033762988,-0.1250529386801416,0.5410925587554555,-0.9672281905737206,-0.20025502645415585,0.515990143475522,-0.7958494849166199,-0.21334661936383845,0.2656771422710201,-0.9640092474144891,-0.010090935241808733,0.3671694224387539,-1.1752067037287692,-0.1844218194410381,0.3624131823031067,-0.8589912268445636,-0.259302404672587,0.34757721807285036,-0.6200698942038476,-0.2501425205132559,0.08434121069905325,-0.9854530503927619,-0.050548856018382035,0.1808552089855155,-1.1531732541069224,-0.22144894969956075,0.21506376372790173,-0.8298159126262526,-0.2510952197575598,0.2198815840295819,-0.5817484906662667,-0.20289869719315679,-0.10885453112901494,-0.9682428286498991,-0.09598530008592801,-0.0782595623303298,-1.3368385271922565,-0.16462505139186762,-0.044953190127943424,-1.557309647506692,-0.16780607253577093,-0.0008131230525650436,-1.761456285168912,-0.14240561973631607
I,0.0,0.0,0.0,0.2964783219152947,-0.05012094672390826,-0.1357115153218212,0.5515106049266095,-0.2586251816192269,-0.21329966041495302,0.6026155258055907,-0.5788043541709893,-0.297297427640826,0.469947282251729,-0.8370145505406701,-0.3571475441877891,0.5603726127019589,-0.827216262940754,-0.05441754930365338,0.7227123015983649,-1.0678767286497173,-0.23215608200912305,0.6507502488216824,-0.8530942260424155,-0.3153785656347263,0.587495085810852,-0.6790620714387401,-0.32393359687511675,0.38095144449247037,-0.9225966777374704,-0.06075662241173565,0.5186590175186664,-1.1097833298620683,-0.29071541501908166,0.4584213009598253,-0.7592471616844085,-0.3704060108918015,0.4115932688771862,-0.5370809526767515,-0.35207974298310823,0.1977205244807582,-0.9798684309767846,-0.09718675416135641,0.3104939918337716,-1.1323487657005702,-0.3106640423536151,0.32750593548742424,-0.7731779178649278,-0.34198512092431593,0.3219085377740249,-0.5184349210264975,-0.28365629193924613,0.009147616581629311,-1.0069871152837215,-0.14252681785224566,0.1003484256439943,-1.36091136389296,-0.23063313684637396,0.16093950370291876,-1.5812425669649899,-0.2428680280572206,0.22220755152311938,-1.8012539505777834,-0.21865304256707593
I,0.0,0.0,0.0,0.3007059205919123,-0.04029720956089079,-0.14692012372967642,0.5630673201388275,-0.23092124443817807,-0.23340033457088116,0.6073194730720501,-0.5564197979672059,-0.3251918604283324,0.4880331179183662,-0.8276914231315858,-0.39099357132971135,0.5925529843192876,-0.8153570645887084,-0.06885165883114515,0.7521158212914529,-1.0475309856333672,-0.26444281836617833,0.6783924234768378,-0.805777468072349,-0.3552888803590956,0.6122725023017037,-0.6284599679172495,-0.3643480584624343,0.4079731140682703,-0.9099303182516953,-0.07473121251396006,0.5442895626267513,-1.085665525635695,-0.3223994448806167,0.47469526628101644,-0.7103507721458099,-0.4060993360509602,0.41881980649017786,-0.48371363664148664,-0.3872236286909222,0.22342275832003156,-0.9723433530587667,-0.11352813906719694,0.33380812521971587,-1.1160347098363557,-0.34395384683205366,0.3400753383784348,-0.7438783460961019,-0.3797353937932064,0.3292719038537294,-0.48986932553398105,-0.3205578581905451,0.032662866609343574,-1.0111071602844581,-0.16169639901842703,0.13691642658061387,-1.3692446984587492,-0.25640276365219944,0.21226064373102452,-1.5854584831497218,-0.27141288786635276,0.29103913237650475,-1.8051016953524839,-0.24818998713904
I,0.0,0.0,0.0,0.27637444653500653,-0.04326849631464946,-0.12037533337854166,0.5429578014482171,-0.24141703424866007,-0.18047619343455573,0.579864012019556,-0.556492363643783,-0.24706871274989245,0.46257833032622503,-0.7993703885050544,-0.28747241698676684,0.5631637858902616,-0.8257380958804144,-0.03457271615539034,0.7192323888147213,-1.0486093723435286,-0.19500041258285986,0.6201968171925332,-0.7945710332369876,-0.2657941367792323,0.540830995377066,-0.6210264882654132,-0.26764519662760067,0.3842405311167863,-0.922022839105314,-0.04725567072073296,0.5132070616250987,-1.111581008745284,-0.2467118126668359,0.441986699202117,-0.7620796368900754,-0.3123812621034804,0.3984687708591603,-0.5611950861136491,-0.29320274744825275,0.202843078679544,-0.9725761658637153,-0.0890042528050468,0.30307981588485683,-1.1140978840521922,-0.28587872212239324,0.2937152795667884,-0.7385830513724642,-0.30795757513070654,0.2768220089687776,-0.48704035931510326,-0.24889879310917778,0.011496428325967055,-0.994500091287957,-0.1386957896943699,0.11227758189093619,-1.3503472748739684,-0.21821959342005318,0.18270818678812076,-1.5585200835732589,-0.22280195332705768,0.2570677883865129,-1.768747500154656,-0.19629335997560268
I,0.0,0.0,0.0,0.28322832691247146,-0.057118812859210444,-0.11598482673955814,0.5258068155251842,-0.2671441664821368,-0.18261225933544453,0.5571301505519292,-0.567656578299397,-0.25894820153917514,0.4399560318470657,-0.8107054943816558,-0.3135254519611693,0.5606857795966323,-0.834207025183713,-0.040128062848112975,0.7094376208840476,-1.0662659975425863,-0.21182353387680458,0.6358578597160507,-0.8504884976095684,-0.29639247237272426,0.5647249902439165,-0.6604601016162832,-0.30530632045962597,0.3802739466573466,-0.9232611746828934,-0.054594219628174206,0.49232798629200636,-1.0947052331636202,-0.27063152413947494,0.43592663106170576,-0.7587348524699775,-0.350535329846388,0.39140412681596665,-0.5293932118641042,-0.33702843194737436,0.1933988638941693,-0.9721811724875569,-0.09739328510964933,0.27912022428031064,-1.1081645866750127,-0.30188488029323235,0.28333400587956387,-0.7572205665111348,-0.33554945591767354,0.27559714614108316,-0.5001433249258805,-0.2813705081849421,5.540342473092186e-05,-0.9913636886260832,-0.1474550797765271,0.0963112178090053,-1.3589775625674512,-0.23199010178960094,0.1626842976852423,-1.5832391438807434,-0.24251434182638393,0.23332031994605718,-1.799815367230657,-0.21796484186845694
I,0.0,0.0,0.0,0.2566245820907731,-0.0968108224264089,-0.0926459343886008,0.48209430784320045,-0.3366303294980192,-0.13266818542408088,0.49346314677989483,-0.6258994165927995,-0.1856210115748776,0.36367913812655406,-0.8297502089346526,-0.2272835088558672,0.47481331138341554,-0.8767010659070659,0.023542156491824773,0.5987354543826593,-1.1010241909969378,-0.10700597671443036,0.5992050616554534,-1.05009296822378,-0.18335665348020702,0.5722571494984203,-0.940134677540225,-0.19673054932156442,0.2971875957163475,-0.9548159915043534,0.0024403524121945413,0.387465042602784,-1.1426336765041099,-0.18114396370090197,0.3700816772638073,-0.8980996721315019,-0.27140925091747137,0.35577675100641154,-0.699595296078465,-0.27136420393304816,0.11667788601549484,-0.9837581443546344,-0.043412051417975196,0.19741776492299395,-1.1044695861585676,-0.23776680304125736,0.20781229488923003,-0.7757449338830226,-0.28391133818475883,0.21278440720279032,-0.5207955622294118,-0.23851779631595976,-0.07447881417050378,-0.9784235724342117,-0.0946711431700447,-0.006547961660309047,-1.3312642361199218,-0.17652105462355966,0.039796639122471875,-1.5551109543921813,-0.18658742429974015,0.1062642734557356,-1.7606425503451604,-0.16327177140801083
I,0.0,0.0,0.0,0.26935764367657233,-0.12223855250355745,-0.08618363952392907,0.46817281521590454,-0.3889195655415045,-0.13217856827011734,0.4760159448749189,-0.6759833333235866,-0.19252884705682763,0.342440657841099,-0.8829117095628096,-0.24017377414971045,0.4512500304341988,-0.9000447125246323,0.0006660919510971708,0.5773577038633816,-1.1398239944118715,-0.14604457326077183,0.5671329128647903,-1.0321593151300819,-0.2271549484249271,0.5341330842323333,-0.8825819989434683,-0.23816027122820652,0.2738201330758645,-0.9615939402753237,-0.01896388009065976,0.36528783350308885,-1.1379176474416535,-0.2074685414024292,0.35743032049490864,-0.8538053429084126,-0.29024544884974807,0.3420441199687101,-0.6285543500902001,-0.28463483626357533,0.0893412882147681,-0.9845705660798066,-0.06230328991216665,0.16056597366706132,-1.1275839855539909,-0.24702226755361636,0.18878676857742896,-0.8018918526873955,-0.2811787940618797,0.19833941460538343,-0.5443327596904581,-0.2310570127521997,-0.10307406743377351,-0.9754721019620521,-0.11054985590448668,-0.04989816172058062,-1.3500558940310579,-0.1857427137696419,-0.008962928712152827,-1.5798961710035173,-0.18948556548576284,0.04370745759843262,-1.7969814045768098,-0.1613267019576691
I,0.0,0.0,0.0,0.25110243258202897,-0.15144176367286974,-0.11294773193252795,0.4484874664206562,-0.4369247243232934,-0.17447280163109685,0.42307872633968757,-0.7338889651270841,-0.24542267266983364,0.2522894344058735,-0.9107016924872042,-0.29414192741029016,0.34096434814742205,-0.963484389287712,-0.033400747066931274,0.4500510714545017,-1.2469964351843115,-0.19949131314776597,0.4307194768121368,-1.0299106954596704,-0.27373589510050234,0.4051653292715489,-0.8532311351634396,-0.27617286819777614,0.15943664145626413,-0.9860531465180316,-0.04774043991247072,0.24939890716251206,-1.1920018144588833,-0.2588652388174528,0.26842618024207426,-0.8461766574381928,-0.32973098351570956,0.2730857612303688,-0.6282644799604759,-0.31096898935739775,-0.01716251210249931,-0.9714805333189405,-0.0908797295553214,0.05934703109329319,-1.1292989100431858,-0.2955565372823196,0.13534690953584816,-0.7850514978238219,-0.3254652847443192,0.1740305698272297,-0.5485258992669977,-0.26875439698054326,-0.19477656330031837,-0.9307263467774499,-0.14096256833711643,-0.1699233894565745,-1.3027113398860541,-0.22434716457807571,-0.14362299985907234,-1.532362373430731,-0.23577528870257253,-0.1119527697589812,-1.7627585938257935,-0.2127055457927119
I,0.0,0.0,0.0,0.25403183858109735,-0.14674054508631718,-0.1321224071467164,0.4478879141866978,-0.4267490252050016,-0.20591524608796236,0.4184235295832398,-0.7259614401486165,-0.2860531112741032,0.24401980145874883,-0.90673347009152,-0.34198191475808254,0.3588676443042638,-0.958738365931407,-0.055690898392023305,0.46391829340574725,-1.2319434024673925,-0.22945850837052767,0.43986653524156727,-1.0051636281746525,-0.3064794398811813,0.4140179814798225,-0.8377599337163399,-0.3115728696947885,0.17436585778290287,-0.9827158520683174,-0.06217798431337064,0.26438649214562515,-1.17286776766983,-0.28069679205323905,0.2783965253573474,-0.8318148146069756,-0.3515450414670215,0.2770168280372182,-0.6395438383404226,-0.33311618979672714,-0.004756661769055424,-0.9671365600205388,-0.09889426395796645,0.06194234622298588,-1.1265046085906294,-0.31060909048217017,0.13577167864090764,-0.7771010878516099,-0.3361939418307098,0.17102749800351796,-0.544283249511425,-0.2757381114190499,-0.18461487302615864,-0.9267080296513706,-0.14420827819998558,-0.1654202746566335,-1.293538201760513,-0.23327155871968028,-0.14055781843208565,-1.5180495321017269,-0.24356728246596124,-0.11267423210394899,-1.7497781522792824,-0.2182789815935348
I,0.0,0.0,0.0,0.25891951474728914,-0.1598521310815916,-0.12704912004202631,0.446085650941376,-0.45741145510653947,-0.19567127733413062,0.4015142444668079,-0.7619856784396856,-0.2713889345783111,0.22553241089960313,-0.9367900508794217,-0.3219625575119234,0.3328144585891576,-0.9724297119287009,-0.04689340381693608,0.43443097405601355,-1.2613617555482755,-0.22704208946691148,0.4151270080662917,-1.0179502833686034,-0.3063426813865419,0.39097474699094936,-0.8312764041987682,-0.30942415354733144,0.1462308458281295,-0.9876632730737335,-0.05601605796259957,0.23101162399643071,-1.212857763571136,-0.2762898324662667,0.25144591900272895,-0.8607661664214474,-0.3446690042636847,0.2553066490773105,-0.6521640726589976,-0.322640344620011,-0.03225204057889946,-0.9670286665961433,-0.09677656236709802,0.0339745719441643,-1.1363806533682428,-0.31106622892642477,0.11082516204363675,-0.7848011971020886,-0.3362923499100368,0.14914746080640087,-0.5486066189915815,-0.273603459953816,-0.20835296689059088,-0.9251090725928917,-0.14582158731695438,-0.19093880917755948,-1.2994046282250356,-0.23415596094770316,-0.16868845502344462,-1.5277712781144532,-0.24421948196663265,-0.14415208828545142,-1.7595283890255768,-0.21875225603851772
I,0.0,0.0,0.0,0.24566282972063103,-0.17292499412122034,-0.09630818007868903,0.4233658924795741,-0.5147078424346538,-0.13759487314435198,0.4079408250014495,-0.8291580319907841,-0.19190734608618426,0.24346241967577828,-1.003287661048585,-0.22355950846148206,0.29865561672678675,-0.9842109019603426,0.010036398380766486,0.3893592175378077,-1.2896742340696445,-0.1391849902282121,0.3854128714788554,-1.0380069165810506,-0.20987089158137903,0.3703670141586037,-0.8576048851460628,-0.21274258516733968,0.13663541827804243,-0.9905892312697313,-0.007983568401849515,0.20824140499077734,-1.2612659936557336,-0.19511639785132248,0.2416626942545859,-0.9556420160235213,-0.26557608171002467,0.2497047784493874,-0.771936014135975,-0.25010083831664653,-0.026503001031012483,-0.9583765001622145,-0.05372948623223576,0.04015054025210007,-1.150298343580718,-0.23849365726258911,0.11465289553792647,-0.8099390045666993,-0.25599415958924054,0.14862498420066006,-0.5764793497576973,-0.19280435671929305,-0.19310490064667254,-0.9047221344216049,-0.10686057641220661,-0.1729827067480243,-1.261091410378586,-0.17922702248251082,-0.13896818536683556,-1.4821639119200294,-0.1772195599965458,-0.10439388247843566,-1.701605799458357,-0.14483272310901735
I,0.0,0.0,0.0,0.2450993807377187,-0.1866963122529352,-0.0957338712257671,0.41868355243881644,-0.5156220662492941,-0.14264297746327073,0.3970395168223965,-0.8239773673890595,-0.2031036552649427,0.23853228975944266,-1.0095447854326012,-0.24179939462704608,0.2925932015154452,-0.989849750631183,-0.0025819161727635266,0.38527564483819704,-1.3084420366342093,-0.15837619972834804,0.38590632012592774,-1.064507939217441,-0.23172600481245711,0.36882464734765474,-0.8758335148602585,-0.23496671511884784,0.126824163350144,-0.9916858412314672,-0.02179045413875662,0.19863069321700252,-1.2622587437169914,-0.21975606648795393,0.23566763492877266,-0.9312659842152956,-0.29243089254101146,0.24252365545281257,-0.714239035572795,-0.27613862955352597,-0.03792421222042392,-0.9604822820400906,-0.0680135622673653,0.030180401343279418,-1.1679873438458737,-0.2580273008715205,0.11328252731304186,-0.8297694742600581,-0.2795005415936246,0.15162157540521742,-0.5899695957917441,-0.21863065523638106,-0.20637959856976504,-0.9071749367999918,-0.12105461718753327,-0.18246321888993558,-1.2680322401566508,-0.1956746361949902,-0.14674574636322815,-1.48956530446772,-0.19790159783784345,-0.11153325073604398,-1.712552269738833,-0.16875132025830222
I,0.0,0.0,0.0,0.2496292167815062,-0.1918490431296794,-0.09440234852268092,0.4219372240189819,-0.5240622266563882,-0.14014732632686383,0.41536007529745395,-0.8400679037486805,-0.20087887217838224,0.26040037497035606,-1.0361132404383713,-0.2402320112582643,0.29468720179815394,-0.9854715831976903,0.009217901002674013,0.39155671480203624,-1.302957975287085,-0.1470501529236221,0.3924815646964541,-1.057686288244983,-0.2249856146897099,0.37473146511753147,-0.8629347862414434,-0.23152294752276578,0.13254787139150084,-0.9911184832602619,-0.010733775172796077,0.20632479201594933,-1.2635673433448185,-0.20815923593665983,0.2419817629902035,-0.9464709081709417,-0.2861213021914594,0.2495410715681743,-0.7363343807459604,-0.27350065185856376,-0.029041407966586278,-0.9626167441027443,-0.05811252813986995,0.04568756401976292,-1.1692407522610053,-0.2467120600848939,0.1231654415578074,-0.8395583434341539,-0.26844958852074124,0.15898198755313478,-0.6032486055261054,-0.20768199034256854,-0.19583436958310596,-0.9103234802028359,-0.11278887938278691,-0.1714982963790827,-1.2625437583527814,-0.18681001623581017,-0.13174584339033585,-1.4810503434380762,-0.18785471610742477,-0.08868861974720924,-1.6987581190164502,-0.1572833294173216
I,0.0,0.0,0.0,0.24815840097360337,-0.19518037743527075,-0.09432206133219925,0.42095324335803536,-0.5257770014480483,-0.14186615161586633,0.41119182158475004,-0.8438988054995601,-0.20475926509165127,0.25356733229911976,-1.0420320354831552,-0.24631855694678578,0.2937234733172589,-0.9894055668848563,0.005512560245320216,0.3868066545718773,-1.3157361004306696,-0.15246746582649653,0.38945830863814607,-1.070190071307153,-0.22897062658086473,0.37352372838144055,-0.8763475876496151,-0.23399081022974955,0.12978729305177913,-0.9914258846947733,-0.01516488442018867,0.20104575557594528,-1.2617056060257994,-0.2172596158815859,0.23845172356542285,-0.930225445570863,-0.29396801576810744,0.24570294904028656,-0.7094023478349972,-0.27917039970862373,-0.03303279169382556,-0.9615528040281032,-0.06321046123089383,0.0388408136199151,-1.1773578075946682,-0.25489989288793136,0.12160186125484086,-0.8464651043248163,-0.27671690666241705,0.16041143715497289,-0.6079267718306303,-0.21535594326945415,-0.20152894772978056,-0.9078792972101855,-0.11828218249028946,-0.17825956281484526,-1.2641019256868846,-0.1935448714525359,-0.13701501188132112,-1.4845250970303436,-0.1959711359679116,-0.09371869647013839,-1.705912667675868,-0.16623344051904715
I,0.0,0.0,0.0,0.24454335824598375,-0.20882865575684798,-0.07626460425029068,0.41583821701381485,-0.5340801870254757,-0.12093682270546385,0.41715852420115035,-0.8502287981201847,-0.18564070606839764,0.26855528151650554,-1.0548141413230623,-0.2317439964743064,0.2889079140428107,-0.9864453168100746,0.032036071470077955,0.386514136456736,-1.2990790392941867,-0.1226710447478701,0.4033863258670683,-1.073911013174481,-0.20355964285759573,0.392809283339129,-0.8865310393764833,-0.21489289587843807,0.12645520340100794,-0.9919723188183566,-1.5196800047031157e-05,0.20988394985941744,-1.265999779183532,-0.2000362204532855,0.25167429971265054,-0.9543487359754845,-0.2842659281016304,0.258255561424264,-0.7389102690880553,-0.2762524372051339,-0.034414255767169166,-0.9666109183019888,-0.0580938300366201,0.05683144573252394,-1.1870120189734674,-0.24643815484918458,0.14260341678469018,-0.871160694219749,-0.2680367471175967,0.18434297763533933,-0.6395851854604075,-0.20959903452840245,-0.20087567721577226,-0.9063832295514621,-0.1223604793066623,-0.18596201932259843,-1.2273670364441036,-0.19429821393044966,-0.12876615473854025,-1.411596230163267,-0.19187915494255978,-0.06026751312118821,-1.5941645924659578,-0.16025026479342402
I,0.0,0.0,0.0,0.24574614154637148,-0.20240517999607394,-0.08175985865964969,0.41735078535817277,-0.5271173738524344,-0.12702712197883653,0.4123574749038283,-0.8464001837808096,-0.18995963164305846,0.2592759111939994,-1.0491534357185694,-0.23485448024385253,0.2988979280038759,-0.9765797111585822,0.022954199525822505,0.39122302698949996,-1.2955484073834849,-0.12689484791146702,0.4091929398147242,-1.0918066394138346,-0.2049898144691185,0.4069601856522031,-0.9093562726790348,-0.2160823687478491,0.13263549483781734,-0.991157734348616,-0.00376445879851817,0.2164492927151757,-1.2682966106237108,-0.19734068248737896,0.26113056936275586,-0.9645152187836131,-0.2780026149079544,0.27353723240020905,-0.7482062108634953,-0.2700139652510912,-0.03306797330350545,-0.9716093846337601,-0.05570738042500375,0.05449676045941998,-1.2005144141818558,-0.24000712523664267,0.13827980956620112,-0.8816974947167721,-0.25933057927174635,0.1816317454251895,-0.6454144167295638,-0.2011853011802729,-0.20521356770879523,-0.9137091390431745,-0.1140386135183393,-0.1892350777861071,-1.2344401435938879,-0.18441060445581955,-0.13373054448898053,-1.4179810046064318,-0.18065610968476903,-0.06573393490279736,-1.6027052273957365,-0.14906119143637905
I,0.0,0.0,0.0,0.2473846785913664,-0.22194582897488685,-0.0837889362298735,0.421765706053116,-0.5288052960752817,-0.13535752503443735,0.4150212582917444,-0.8455705667442072,-0.20313219956980375,0.266191175666212,-1.057811468449629,-0.2566829977039872,0.3140930954864339,-0.957619158200999,0.005142555569418376,0.40499451261983865,-1.280586822866771,-0.12859743910522398,0.4196403723604122,-1.125385214645438,-0.1984973822826792,0.4181264103675586,-0.958128322374589,-0.20943651487020465,0.14115046722317434,-0.9898815571266687,-0.014527507121369914,0.23655557261402216,-1.2864586556585231,-0.17889366390097877,0.2699163381635461,-1.0243277832580344,-0.24639105368492134,0.2859459545860245,-0.8151254217986849,-0.2401052647996674,-0.030479179427281143,-0.9847041526599762,-0.05728739374679603,0.05752826594678818,-1.2361134347395637,-0.22198911087126066,0.1263142433629164,-0.9289038392090877,-0.246513947306746,0.1691964414071631,-0.652600675545097,-0.20090497059379153,-0.20777541116909642,-0.938921425754404,-0.10627091664739118,-0.24106269554393628,-1.2492064061992783,-0.18184684473007115,-0.16602988155080556,-1.3330502999715241,-0.18542486273631517,-0.06394912592899149,-1.3530086612959855,-0.1583360953416689
I,0.0,0.0,0.0,0.25469987934100247,-0.2297386543705854,-0.07872241511386428,0.4257063614799033,-0.528023579115487,-0.13128036152705885,0.42029909181683955,-0.8387573801395589,-0.20157590258591027,0.27611979931072167,-1.055775044855873,-0.2596506228102871,0.32347746679293504,-0.9556621733551933,0.00790348534588485,0.4164793572630036,-1.260247433920026,-0.12356311800581275,0.42585691431376826,-1.115712053934086,-0.19200528792940888,0.4266479897269238,-0.9560131871838056,-0.2040618493059588,0.14937274401104475,-0.9886686559861824,-0.01490208096497531,0.25487031260409854,-1.2650993976353473,-0.18592854222338914,0.27218171407661906,-0.9662261364378868,-0.25171033278061644,0.278646891788925,-0.7243827857191951,-0.2410392017590989,-0.02580676447615369,-0.9863078550149853,-0.0601857074596401,0.06488775367627643,-1.2352017171253766,-0.22445351361144142,0.12676144790208901,-0.9265773124778498,-0.24618139903241423,0.16826702111719205,-0.6473908534143237,-0.19888531428606132,-0.20814902594508589,-0.9412583882016283,-0.11131261890035704,-0.24268122797566216,-1.2495688477375468,-0.18593764114379896,-0.16587163648264497,-1.3232979045948585,-0.18865588860853524,-0.06037613876763612,-1.332705800008981,-0.16096893512644467
I,0.0,0.0,0.0,0.25147150153075337,-0.22186352508482488,-0.07702784823695637,0.42167108103151674,-0.5239989875390907,-0.1292537492466704,0.4143270465640648,-0.83590493757969,-0.1999877091525762,0.2665031957348985,-1.044832820613817,-0.2568365504060147,0.32209971866363796,-0.9593744765949743,0.005312607064998467,0.41210412374596656,-1.264838124383978,-0.1300630275651086,0.4164036755212955,-1.0832153292655964,-0.19936105278739796,0.4116602830494361,-0.9094378523808602,-0.21082936534729613,0.14691137386646674,-0.9889386475345413,-0.020430360770664575,0.24341707399315624,-1.270376318177627,-0.19155421934412936,0.2641996873154749,-0.9735928761149742,-0.25596421127166763,0.270897177304601,-0.745314943794397,-0.2448749093251824,-0.029263318027952286,-0.9830850334321147,-0.0690569443173996,0.0549538011007329,-1.2358599554068692,-0.23302923918984716,0.12154250999487315,-0.9249020226454514,-0.25355116325762195,0.16222615082398564,-0.6471984614750615,-0.2056910259427873,-0.21144876594738238,-0.9374657311515704,-0.12365205554889988,-0.2502805909839873,-1.2556075603265242,-0.19809186830960096,-0.16852205589984032,-1.3196615421143612,-0.19922129359227886,-0.06243627749866689,-1.3123415800124334,-0.17009670161071072
I,0.0,0.0,0.0,0.2535465177067556,-0.22182610425491964,-0.07603022001380513,0.424152303279486,-0.5236442664446225,-0.1278831900138542,0.42094633995874203,-0.8378141708803423,-0.19917707078561508,0.27197283125258087,-1.0493304804501504,-0.25652732350329827,0.32493689484639865,-0.9584844261215718,0.007384324111201589,0.4162523671696016,-1.2670894693085746,-0.1314195300713818,0.4196766740765477,-1.0799495431657022,-0.20243490106593715,0.41480247460809433,-0.9031243834784051,-0.21401434868592398,0.15000504749884946,-0.9884845034143798,-0.01992165240372361,0.2489897864981265,-1.2810539295987884,-0.1928983850030934,0.26677950626748204,-0.9872303743148848,-0.2576470076431678,0.2723205444493933,-0.7618401321087246,-0.24584837486124927,-0.027051713829219916,-0.9838348622452082,-0.07067481401685431,0.05738614268571877,-1.236268221260828,-0.2379442438200361,0.12177336681288636,-0.924058230173361,-0.25921510922637964,0.16259450252016705,-0.647579939095059,-0.21026203440155591,-0.21011427029901505,-0.9412854148304471,-0.1272477097068112,-0.24835816449212056,-1.2610442107387922,-0.20282337242269763,-0.16581589904505906,-1.32324810258249,-0.2031925393269541,-0.05834704090640052,-1.3126745969056943,-0.17279719333495472
I,0.0,0.0,0.0,0.2518822565492357,-0.2134091642912585,-0.08843384147476756,0.42461199462809557,-0.5194502307063071,-0.14450463341267408,0.4130632316908474,-0.8369575763715328,-0.215915762145318,0.2587256810331604,-1.047036828158851,-0.2746818302426452,0.32466385226593913,-0.9528002624274472,-0.01787309188244472,0.4150683808146209,-1.2685152626945535,-0.15741119769167772,0.42025166408414555,-1.1082489353418086,-0.22913518610730965,0.416791954915271,-0.9398182930899742,-0.24273290454274654,0.14761031512382441,-0.9883145140985741,-0.0380212584108496,0.24196819886704968,-1.2754983232680124,-0.20773913488113746,0.2636240396882086,-0.9823176988291555,-0.2691688477429783,0.27176375602579844,-0.7519535311566808,-0.2589548184539091,-0.032215636911392447,-0.9844637401392204,-0.08124958298631965,0.050941003997472936,-1.2376631188133487,-0.24956225027551507,0.11759337091157904,-0.9266150413737345,-0.27078918639137733,0.15588589926067603,-0.6474029456005802,-0.22461226953932006,-0.22125055764895935,-0.9421399785966195,-0.13062687082203694,-0.243704857308923,-1.275656696134178,-0.21187907278152388,-0.16775088455660656,-1.310967774154791,-0.21122837540815276,-0.07918130402106686,-1.264662499915334,-0.1806214844188356
I,0.0,0.0,0.0,0.25153238991545135,-0.2124255244800674,-0.08809115211996811,0.4263610813225787,-0.5203180457561004,-0.14153988382888127,0.41638833605019004,-0.838312061771166,-0.20907614927752022,0.2639742987396,-1.0447003876836254,-0.2626362283402078,0.3277306159242439,-0.9501036535426826,-0.016640492365584444,0.42355183076502506,-1.2639619854706723,-0.15305016465262497,0.420800779153369,-1.0844925561743899,-0.2215937769190945,0.4120131570202836,-0.9153789803195345,-0.23353196653929395,0.15230831620383362,-0.9876970323616395,-0.03545065696377836,0.2508412250957358,-1.2879851705053542,-0.20005471078580397,0.26560439259654844,-1.0030917002951865,-0.25972824368963626,0.26912584752080587,-0.7849402788034453,-0.2492741010212349,-0.02774059036670972,-0.9844600823563564,-0.077009427765302,0.059058636441948816,-1.2387354639575032,-0.2425880522452046,0.12087198809826308,-0.9250781068067139,-0.26313029133415866,0.1564900570106847,-0.6487038736625784,-0.2164927858552781,-0.21667195404332984,-0.9432960516624732,-0.12439536148267528,-0.2397840534213702,-1.2732671176550485,-0.20303393942477754,-0.1659292770542243,-1.3085972273945128,-0.2012123961576731,-0.07830898454121182,-1.2661225689999391,-0.17003709974514597
I,0.0,0.0,0.0,0.24868966678259766,-0.21581671683942705,-0.08772366684992433,0.42381746759148,-0.5242855350844199,-0.1402967301053591,0.41454031951696735,-0.8412412735632921,-0.2082562583714096,0.2602558344591153,-1.0475881450579774,-0.2647782686872701,0.32802347100136503,-0.9516358916088693,-0.009378225180411374,0.41571150478986285,-1.2689072986422618,-0.14554741378280636,0.42371625926643636,-1.137691233450335,-0.2179356514329825,0.4201910824500934,-0.980933483154908,-0.23285422602545866,0.15221953941974847,-0.987906293039596,-0.029501999789905326,0.24584072638442217,-1.2805982335754356,-0.19688843999579952,0.2699213351462172,-1.0018671257513583,-0.26247356073842903,0.27798303251130685,-0.7761009333002811,-0.2559702127477001,-0.028031536674094013,-0.9857496471654403,-0.07270604306094634,0.053817685310111045,-1.2354162172692056,-0.2426286999769473,0.11737556262862445,-0.931945907052517,-0.26964931550037047,0.1528364031044352,-0.6560811711230997,-0.2269529249474046,-0.21961995243605692,-0.9467806387880383,-0.12167188921828795,-0.2386031690440355,-1.2836455760972354,-0.20467086365812,-0.1716318877775468,-1.3129336595542827,-0.20497296998014816,-0.0944944521158332,-1.2588065387702123,-0.17500194161992277
I,0.0,0.0,0.0,0.2454054387456411,-0.21139615252807148,-0.08740328614302081,0.41892678953937756,-0.5202966702703299,-0.1381021941329706,0.4110152336715814,-0.833706641794818,-0.20282625382623826,0.26183518936132427,-1.0381198464679164,-0.25427300270590103,0.33034839774687963,-0.9502349508321233,-0.011831354884888361,0.42222506103251395,-1.2546444549377298,-0.14581081672254984,0.41695746581050236,-1.0849146495313384,-0.21571578461824104,0.4051932815731344,-0.9227765263310994,-0.22954691534381486,0.15542507202145137,-0.9873421815067787,-0.03159847471891782,0.24870863459583525,-1.288583961968056,-0.19079382309616696,0.26424351428321863,-1.022111075993892,-0.25281877196394237,0.2674002367043338,-0.8161264775516051,-0.24614108185977138,-0.02562656367554747,-0.9828748466934257,-0.07417663989132507,0.05702290221944084,-1.226113149239447,-0.2391322811302451,0.11670935773934273,-0.9187840252663771,-0.2636784461060038,0.1490676222863646,-0.6479517212399128,-0.22029137670669827,-0.2162570168118253,-0.9421212867778512,-0.12232759255307463,-0.23341033359433186,-1.2770741679208193,-0.20158466101297462,-0.1681046628037854,-1.298116364722727,-0.197912505090891,-0.09456494314493848,-1.238576173084795,-0.16548976551781805
I,0.0,0.0,0.0,0.24341449000451434,-0.21712553014993363,-0.07735469931941961,0.414063455310479,-0.5158204913260395,-0.1250209044720261,0.4011834112943721,-0.8216920292799182,-0.1890257172975358,0.24891726560263425,-1.01477219228672,-0.24057059426696387,0.3133894550213599,-0.95644762373631,0.00986584446446897,0.40416304470883935,-1.24163147261371,-0.1192641156650929,0.40599795439270103,-1.0836626821903605,-0.18967374978127988,0.3994804111260814,-0.9281751889211723,-0.20405288940858,0.14079053190376747,-0.989932078023274,-0.014577620751577185,0.23575859743438615,-1.2677998324201498,-0.17368270260517135,0.2565093110884526,-1.007447769925634,-0.24257290977212595,0.2635976740202709,-0.800729006078187,-0.23943311887684765,-0.03622556075199663,-0.9837225635241138,-0.06122016327529183,0.04739777237281984,-1.2048518507709793,-0.2247684151969378,0.1058388284377599,-0.9025689096460079,-0.2547619967349245,0.14171348725940297,-0.6345703105953285,-0.2142694381798932,-0.2208980600445903,-0.9375688325686037,-0.11260313493712414,-0.2454756918503181,-1.248554306067688,-0.18668120044094083,-0.1807201488657986,-1.3094206260163403,-0.1869064901728152,-0.09719222652075596,-1.3008874272136581,-0.15838811299607572
I,0.0,0.0,0.0,0.2517357946894004,-0.224730838030676,-0.0746610817610807,0.42062533201240115,-0.5223428154421552,-0.12304126265591034,0.4054501341710289,-0.832889973590775,-0.18901728920164382,0.2491148930739119,-1.0243312605269883,-0.23967439367559232,0.32435508871926716,-0.9520903008978318,0.024298769500946536,0.42232350162766746,-1.2412030658703863,-0.10639036046809053,0.41060706972301125,-1.0595603236988582,-0.176629527945013,0.39573992523568174,-0.8931707107470098,-0.1898621790774276,0.14798046691955805,-0.9889893804645321,-0.0013366894368477202,0.2483178305214317,-1.2729862156626954,-0.16299990110379178,0.2565522394811858,-0.99216600217036,-0.2284353934674915,0.25839872352584886,-0.7800231218247844,-0.21963962867308973,-0.029942888017380036,-0.9892360271566101,-0.05058051856164716,0.05658929913323672,-1.2168833756173494,-0.20983963034539285,0.11296092083020613,-0.9146014317638879,-0.23239882628140182,0.1492705168429286,-0.6536688163944044,-0.18622823329670515,-0.21168059630566768,-0.9491801147419243,-0.10535699829707562,-0.23290985858935553,-1.250080714714443,-0.17115157172685783,-0.17075785031394367,-1.3206956218545942,-0.1666619618532917,-0.08719807201657413,-1.3335641937042548,-0.13506604117732218
I,0.0,0.0,0.0,0.2512905584859723,-0.21929937282158868,-0.08296004844504333,0.42180894265475866,-0.5141800260598716,-0.13363142032283398,0.40907970278515987,-0.8255860023444737,-0.19994496408106185,0.255671989697654,-1.0252649691779077,-0.2511118571047409,0.3158329083173906,-0.9583947850133853,0.02135912658029057,0.410897373284319,-1.256515959483994,-0.10961679564618546,0.41491705756160285,-1.0887637787329256,-0.18182319645220077,0.4075464380955827,-0.9218628639081176,-0.19514687424991636,0.14342002607791485,-0.9896607307278021,0.0015278007471094712,0.23392362431516248,-1.2583458525513511,-0.1674659156341618,0.2577198347794325,-0.9562818213749888,-0.24012964847986285,0.26257250248600833,-0.7261820121139709,-0.23315130669107123,-0.028882134073179057,-0.9879469007029974,-0.0413786274976499,0.055197015271493295,-1.2077779038858703,-0.2020216451798285,0.11890597083099107,-0.895972383145048,-0.22269926480061342,0.1549105754225738,-0.6444541151322274,-0.17425492316537375,-0.20655328840422127,-0.9417757898477671,-0.09052990732763976,-0.22074050605172385,-1.2304968849782028,-0.14913298773308178,-0.16259682473794224,-1.343224912493721,-0.14240674925220598,-0.08278355711568476,-1.4340698182445983,-0.11114980355911984
I,0.0,0.0,0.0,0.25125219726894504,-0.20544675269882579,-0.0922725835495405,0.42654098561488374,-0.5119827375812349,-0.1431583048591706,0.4154167346135922,-0.8322383728874976,-0.20817836944487722,0.25798538270138527,-1.0234157480421464,-0.25422547043588856,0.3200424549343322,-0.9614897142239993,0.01951219732143932,0.41730712485988514,-1.2565804500210873,-0.12511764736321526,0.40973492531488565,-1.0512472434896525,-0.20202464028131725,0.3944394382165656,-0.8751039946606355,-0.21286511537124528,0.15061305800114572,-0.9885922637356243,0.001021196169905332,0.2356382694327077,-1.251229663603171,-0.18011089488484858,0.2612802674326134,-0.9551923005691135,-0.25762459259465853,0.26628182266541905,-0.7513114620418383,-0.24969057972167538,-0.01958753222569892,-0.9822860528101118,-0.0431107372874591,0.05753220631549439,-1.1874564075411085,-0.2158608801144355,0.1293331764120988,-0.8736262577830409,-0.2376600308316071,0.16809579208248726,-0.6400464473831338,-0.18382477520313387,-0.1987778078007293,-0.9368647216260765,-0.09410970427631198,-0.19521348108309766,-1.2470667133075466,-0.15052786029822277,-0.15434310074686144,-1.411998147604383,-0.14081706727999044,-0.09977219893569254,-1.5735243221117798,-0.10682653617574113
I,0.0,0.0,0.0,0.2564692385332732,-0.20352465322299435,-0.10007816028654891,0.4364414093440859,-0.5070014435794168,-0.1538637389177567,0.4198172202597778,-0.8290793703477523,-0.22062255067509806,0.2606963849122278,-1.0249061262565864,-0.2674304006861715,0.31726898536729936,-0.9622724558446191,0.014874651920569791,0.41985663950391316,-1.2575233167605968,-0.13553269398259435,0.4123140457563072,-1.046815383423712,-0.2147079097952391,0.3942799479478595,-0.8715312132963264,-0.22480754322884516,0.14899720983472542,-0.9888366923388281,-0.001351793576217094,0.2385383324633997,-1.2575622200460395,-0.18755687347962768,0.26634344961396383,-0.9625859523464075,-0.26728373942772293,0.2712063602942743,-0.7633111476848542,-0.25938490200062403,-0.020114340066365546,-0.9814347489308988,-0.04476150003218064,0.060874560844492484,-1.1836800309790498,-0.22593816351253368,0.1332843069937664,-0.8632946551068088,-0.251732950808064,0.16886873974022582,-0.627794390618773,-0.19691114008654478,-0.20031776356332306,-0.9385036835483858,-0.09523290184301829,-0.1904660482816416,-1.2629419149531296,-0.15692556679092726,-0.15592694784693908,-1.4457674405272583,-0.15019404720954735,-0.1140049944759435,-1.6276236861009592,-0.11681953003949164
I,0.0,0.0,0.0,-0.23065490848242348,-0.12611294462553554,-0.14320942252592916,-0.3563785852082397,-0.4453384489867499,-0.24067038707417537,-0.207326360208452,-0.689772353683814,-0.32979633962264443,0.0026446769354569375,-0.7930822871867669,-0.38966174117694236,-0.36105081947558276,-0.9138258494905951,-0.14407881865246303,-0.36106016462376456,-1.1249257805348687,-0.28689951831333704,-0.3121673688071584,-0.899754435093756,-0.3386895224560409,-0.3128375008876879,-0.7866397420302156,-0.35498200246904943,-0.16114382727636062,-0.9768056915882719,-0.1410081834911865,-0.12926107018031527,-1.1725082166645977,-0.28675237470741954,-0.10055498381895045,-0.9367566342755911,-0.31050470421246373,-0.14234104931095518,-0.9065420710858944,-0.3017216242158277,0.038488417566315804,-0.968696311819653,-0.16257965275621633,0.07474079604039818,-1.232122616034321,-0.29587215614525214,0.0901692958650237,-1.0506682136113634,-0.27593916746314734,0.056452850783918825,-0.9866896300407272,-0.2353127711435879,0.21743407248191568,-0.9141841934454219,-0.19843152791378801,0.23712616873066075,-1.239199781708311,-0.28785486856417053,0.2453451416006847,-1.451739375307941,-0.30247388740549164,0.23361052398465756,-1.6939133683069618,-0.2962954913578889
I,0.0,0.0,0.0,-0.27242485515474824,-0.15118564033370685,-0.1325696255750488,-0.3873096407989754,-0.4878984704869674,-0.23437843475523235,-0.25852361492880516,-0.7483087424298245,-0.3437019740381067,-0.05742958331765346,-0.8561184727748963,-0.43735070570607654,-0.351017386776776,-0.9342745662806763,-0.08358020759056946,-0.39850350076081575,-1.2054285356000616,-0.2726726770798548,-0.35499949572757966,-1.0318776834719396,-0.3809051896944552,-0.3316386194507729,-0.8830111124242737,-0.4196683285046627,-0.1453311478166782,-0.9839690388336374,-0.1033624114032492,-0.1279290700217895,-1.2653305362714355,-0.31264757213787275,-0.10545168356688801,-1.0898765577663843,-0.4033258712180056,-0.13030248820532533,-0.9871906292053527,-0.41222024213633707,0.059675638428271706,-0.9866118225966771,-0.1543649173545075,0.10477387778802782,-1.2966409910161807,-0.3338678658488211,0.12514922456102676,-1.2384316748627489,-0.3798245250003248,0.10845478039109822,-1.222022150670597,-0.3617393346318711,0.24906434486378326,-0.9515009708715407,-0.21752169873861735,0.273662253285594,-1.2921364372763258,-0.30629334882809445,0.29031168119699136,-1.5150512767423385,-0.32926939099233554,0.2925928709484144,-1.7501871154349706,-0.32318430452091
I,0.0,0.0,0.0,-0.2713154069719346,-0.1545072883347257,-0.265619203253282,-0.4036992751872413,-0.4616878170287104,-0.46567006857392196,-0.2817193105441145,-0.6850823243656,-0.6627938200650363,-0.045791757303131474,-0.7502514314242124,-0.8360915397187892,-0.30757392371284664,-0.9546783354066849,-0.24269713834404263,-0.3386707900155668,-1.1590664769948784,-0.576402205954039,-0.326659449388321,-0.9745864317915253,-0.7479743257701656,-0.3079269211992093,-0.8094517068714571,-0.8034065213735415,-0.09573080224031848,-0.9677517464002567,-0.23300680428193166,-0.09123359502713836,-1.1867023327930246,-0.5926089746082354,-0.10371200807775666,-0.9191408184362836,-0.7043642275911969,-0.1226547958050669,-0.793513918454485,-0.6966131915044034,0.1192104252364986,-0.9427937660838058,-0.27830960716492026,0.13191795000714843,-1.156222394522329,-0.6090373044912699,0.0953833834608248,-0.9065237071907511,-0.67042996364571,0.05328088272088813,-0.7464123192523655,-0.6232364119648539,0.3162455426176175,-0.8945352584985883,-0.34576776345492255,0.394884725965104,-1.1768878484569294,-0.5301806958527964,0.43605712161154564,-1.368708125315399,-0.596089222033047,0.46545979234892754,-1.582236016262349,-0.6034193062127382
I,0.0,0.0,0.0,-0.2634170217508238,-0.18444915192304473,-0.15266238911506505,-0.4021155593117908,-0.5290819718571977,-0.26014289902570037,-0.2679855726624766,-0.7879753772983586,-0.3687096155666053,-0.03469051128294487,-0.858432633509243,-0.45733580363710546,-0.2706313220276443,-0.9629724857654839,-0.12551066834447744,-0.2936985498865157,-1.2357646628754888,-0.31730063641261214,-0.29662449145875847,-1.035470372034738,-0.4228856924748068,-0.307252223812077,-0.8648918327632903,-0.4658151627419494,-0.06489515132189845,-0.989669830337116,-0.1278367953893239,-0.06462933818746018,-1.2454980967945366,-0.3424376269301435,-0.0927118667564355,-1.0192332036783376,-0.427287086667057,-0.13135003260620326,-0.869020423994126,-0.4418580799816705,0.1456438293538744,-0.9556793002985033,-0.16039518477151388,0.1794504270883416,-1.2590282050177208,-0.3606535653761744,0.12397716311169385,-1.037220824418924,-0.39217553816346634,0.05933484381699213,-0.8486722388290014,-0.36027731297551197,0.3398595669467682,-0.8782899331112953,-0.20591253862192826,0.43516445980203655,-1.2079979746311673,-0.33159682967238935,0.4912470369816679,-1.4300361193748503,-0.37868017936582093,0.5314131790084358,-1.6439056527501175,-0.38599802893656043
I,0.0,0.0,0.0,-0.2573603693190921,-0.1837161246205974,-0.18995568906264743,-0.4028194196849943,-0.5164067821974138,-0.32388641160638376,-0.2777059730208658,-0.7661584162635885,-0.4561899495458726,-0.03380543263113701,-0.8212370358226614,-0.5626467777687224,-0.2654968158634362,-0.9833666574008741,-0.15103536089126635,-0.30068215568481554,-1.212216855804124,-0.3660444808952082,-0.29092169060453515,-0.9536066124625938,-0.4750470524072974,-0.2709621976586958,-0.7929009737342627,-0.516692767082488,-0.06210978417708044,-0.9877129960909957,-0.14340645753391,-0.07158465493788878,-1.208726402604236,-0.40015849300316303,-0.10065384881286521,-0.8989940780464022,-0.48083637035716764,-0.1182910929766289,-0.7406988394194252,-0.4781072693322686,0.14372554071167665,-0.9448718537964508,-0.1726526271485802,0.16785985620605526,-1.238338564729745,-0.40574755089993275,0.09760564798967344,-0.9699800219877441,-0.4298794232864807,0.034521612240930366,-0.7666213104084869,-0.38151471334283127,0.33183606842951346,-0.8651168479606494,-0.2182865907089957,0.4312891048139282,-1.1765077934387966,-0.3563592784939158,0.4930245450401364,-1.3919661710571942,-0.40533618638652424,0.5408031584011402,-1.6189972014541143,-0.40943415075708406
I,0.0,0.0,0.0,-0.24171683418005063,-0.1924008097568417,-0.18335073933864948,-0.38421114997189587,-0.5322664117082024,-0.30896351952775986,-0.28603791752153696,-0.7698655086798813,-0.43083960506787794,-0.04392716054324321,-0.784198078702274,-0.5235512015844904,-0.2013358081321496,-1.007392455581145,-0.1489941793804715,-0.23738326874379934,-1.2296269047990345,-0.3440241257818899,-0.2488265187049731,-0.9711521801261448,-0.4338221448860232,-0.23660578953674058,-0.8326196910456826,-0.4688631586641354,-0.0009014612246110711,-0.9899864584213021,-0.14115948253697994,-0.023196247638439707,-1.203525994843023,-0.387311706013433,-0.08027483179271191,-0.886978963925346,-0.4517336331103224,-0.10105011284426489,-0.7313243094275642,-0.4391664592074245,0.20205150365822078,-0.9157150100738151,-0.1687808437883021,0.2011504570891868,-1.1794242430880957,-0.39928594835705433,0.0939064265620204,-0.9069267997727999,-0.4176067275519228,0.013974307603779993,-0.7122988749113648,-0.36644115784304176,0.3867884417113485,-0.8046217318244479,-0.2114172851839335,0.519637868779894,-1.0957296430871621,-0.35846525781756156,0.6001274921615427,-1.3013492579863113,-0.4153691164780341,0.663888872924115,-1.5296109333451087,-0.4253209799082541
I,0.0,0.0,0.0,-0.22371887623450032,-0.20771075299576763,-0.14270953738804099,-0.36003832339290653,-0.5806899838335022,-0.2318923066685808,-0.2828897767170599,-0.8235718749035584,-0.31654252439988056,-0.062409361287316854,-0.7884736288902442,-0.3700598499010942,-0.15939748432241171,-1.0302588537696964,-0.12493079155620511,-0.19095030155587905,-1.272009275256655,-0.270431160624763,-0.21781544061456773,-1.0122146807376606,-0.3211988127892466,-0.21378235368031448,-0.8910910723300579,-0.34025559514579784,0.03846709120882852,-0.991580888908415,-0.12364313019949487,0.008866138571482336,-1.2164377026131135,-0.3321540532279875,-0.06328899393299148,-0.9241620977292858,-0.37872055605847815,-0.08975805190542752,-0.7748391175525383,-0.3634894775894642,0.23587727200503655,-0.891983024760686,-0.14911352843725312,0.22773902739455248,-1.153176428196267,-0.35052141528530134,0.09277270328353089,-0.9036202936276924,-0.36184180901681806,-0.007669271463256988,-0.727304459288239,-0.3150194139863573,0.41525580488391167,-0.7587930083101992,-0.18488105960127146,0.5660616765095532,-1.0424790537947488,-0.3219582505329694,0.6602525923709727,-1.2403148831610977,-0.37838001666939053,0.7371793829176577,-1.467925990121884,-0.3924652524728613
I,0.0,0.0,0.0,-0.22423959297409735,-0.21911227829099195,-0.15481613000185046,-0.35874601032985537,-0.5953719964482885,-0.25171085139183325,-0.28374290685777454,-0.8387877463372,-0.34390730889694104,-0.06447991032468646,-0.7940653642534926,-0.4043475981896438,-0.13913154464510283,-1.037360787644599,-0.1285521195423025,-0.16795966470430304,-1.2762378303061632,-0.2853323904400576,-0.20643809393541093,-1.0076796312796532,-0.3401387067615386,-0.20607070529864166,-0.8726844650565216,-0.3588675933375397,0.059308558624343116,-0.9904977516806952,-0.12408343479042838,0.028609588945488835,-1.2188154205468995,-0.35198520710826975,-0.055847000973567575,-0.9049863408135258,-0.40308701272788716,-0.08433688366093067,-0.7284429724393369,-0.3836721410664609,0.2535963639867129,-0.8864682581985635,-0.14918992294828132,0.24480612050358422,-1.1520856941584408,-0.36520266973637217,0.09995245132282381,-0.903176894922133,-0.381562266580355,-0.004137412154770361,-0.7211028493266638,-0.33226166283305814,0.43108952605663514,-0.7506334941960734,-0.1854990122140201,0.5890591969912747,-1.0296348754513343,-0.3304269680180496,0.6871844222185629,-1.2265330628777722,-0.39326543987450296,0.7677351561298279,-1.4507580802194033,-0.40944245366286014
I,0.0,0.0,0.0,-0.23900134069201515,-0.2137228120034422,-0.18499885780968295,-0.36461011692187756,-0.567200194919713,-0.31196407479414745,-0.26314097710698836,-0.7974613438170549,-0.4372980529427437,-0.02844770114272378,-0.8035927113895045,-0.5334892190007632,-0.17248800556225188,-1.0232179959496237,-0.14026359369927133,-0.20454261244583868,-1.2438905734229206,-0.338064774942942,-0.22046952877818532,-0.9786823042041949,-0.4267486445481316,-0.20430565337802,-0.8411687126779448,-0.45827895881711306,0.02714401272859048,-0.9908999633658616,-0.131834992223325,0.010189446686768414,-1.1949841654684594,-0.3784038771416306,-0.05038357687287024,-0.8680749392564554,-0.4407563423398068,-0.06875079941673175,-0.7187632260455056,-0.42671765480965923,0.2249028964684997,-0.9051935640544814,-0.16091789254260985,0.23806053461996018,-1.170615840808279,-0.39495632612661113,0.12140905927832213,-0.893252977450299,-0.41257072288858404,0.03442130277385955,-0.6981771485655514,-0.35958628246025376,0.4062766603033867,-0.7915421228445895,-0.20519539246779714,0.5541552467263338,-1.0712301212092197,-0.3467625529254108,0.6414082898660592,-1.2714710788148316,-0.4008562398975428,0.7106092288034205,-1.4977736052397577,-0.41027918809879305
I,0.0,0.0,0.0,-0.2457239458086181,-0.1681774931120912,-0.1692634986883702,-0.3888264088320136,-0.5083492003851857,-0.2787286473395552,-0.2694324930550193,-0.7952212833570274,-0.38924212300457717,-0.04027078284818992,-0.9025162613434882,-0.4696271895510481,-0.3240558414139123,-0.9530913118711589,-0.08937594633618566,-0.34547579464428174,-1.192863794316627,-0.27651243355595817,-0.31024675204461016,-0.9109755074458747,-0.3647803268175275,-0.27572223035471055,-0.7735619608555556,-0.39329304330798903,-0.12207573076592203,-0.989301808443831,-0.07987144525881283,-0.1074476308438249,-1.2310203151095838,-0.2955990858634435,-0.1105919999751582,-0.8918803133718288,-0.3464016920494003,-0.12052682376292935,-0.7465681802573476,-0.32352027253161925,0.07418049715312973,-0.9682700810012344,-0.10712429488945259,0.10449847354710509,-1.2654861933261372,-0.2964555603046623,0.06877690569428892,-0.9820599888596635,-0.2897971533669555,0.028892750174632383,-0.8005049903729121,-0.22602332518833157,0.2542563214212079,-0.9085334613428593,-0.15146896340465815,0.30892302798697,-1.210593304777998,-0.2548904250873565,0.33054398746669583,-1.4048354740553874,-0.27860124514298873,0.34219675532202776,-1.6224101530431059,-0.26613031591633274
I,0.0,0.0,0.0,-0.27230016189089346,-0.1422926485181222,-0.147812784714962,-0.4483819818512108,-0.4781393989773717,-0.24361083241742748,-0.33826034927299165,-0.797389703463543,-0.345168092696449,-0.10959100038442049,-0.9513936287095885,-0.4194910141640183,-0.4208559670261136,-0.9025449661335289,-0.06427712915496568,-0.48709601390745355,-1.1781153736344723,-0.24234270328088675,-0.41554075745336183,-0.9307129105786841,-0.3265592286732025,-0.3634167994747723,-0.7820918621246222,-0.34916268053983046,-0.22390456669613965,-0.9727639465015623,-0.05997540662070985,-0.23832556206883262,-1.236817595280912,-0.2680753600535981,-0.19481533811093277,-0.8985196755518691,-0.3177847092599495,-0.18405402834434748,-0.7255408520746638,-0.2921638548927454,-0.024832657507962867,-0.9925435796623351,-0.08981947818582756,-0.026715018152808735,-1.3203658058874617,-0.2768174345501671,-0.031456369308133024,-1.014618848484517,-0.26735182578706335,-0.05362354435345118,-0.796003838415331,-0.1970668572557975,0.16018305331627636,-0.9750785693826964,-0.1341982159523631,0.17155054017216118,-1.3115402835701606,-0.22762382064979841,0.17673687904082333,-1.517241863313634,-0.2385468752695182,0.17036262698916532,-1.7376278356055572,-0.21503754112990248
I,0.0,0.0,0.0,-0.2615210795704358,-0.18722318787215586,-0.17630520485101547,-0.4150099945263761,-0.5101179843825479,-0.30414169975407723,-0.31091106291003057,-0.7973605349858199,-0.4392084061000853,-0.08480022779356679,-0.919153542699171,-0.5485544014680723,-0.3510462134576268,-0.9410173808528055,-0.09040638749382128,-0.40415539835942155,-1.1845099602075637,-0.3135605270400275,-0.36280233597600736,-0.9682275459169418,-0.42491940091017255,-0.3247602750487293,-0.7906586756476345,-0.45519712187314815,-0.153222389067423,-0.9844011070210524,-0.08647172939289288,-0.17103523639687818,-1.233092866674097,-0.3390031339611802,-0.15033823439548266,-0.9235059205927232,-0.40919581759179924,-0.14465829409144504,-0.7399522773681766,-0.3877741793296269,0.04978744133760426,-0.9836984110092734,-0.12376927862597757,0.043884551621118664,-1.302066827743762,-0.35346999197784124,0.024013070489632717,-1.0168663924178711,-0.36589891501860444,-0.003267424980066756,-0.7873948989306805,-0.300032716747501,0.23875612042794353,-0.9438457981716338,-0.1778819132299116,0.2813508083574088,-1.2566085572926866,-0.3019094947674236,0.2986115518691292,-1.4596819282802616,-0.3353598618750151,0.30200382852016683,-1.670977977620843,-0.32298363596810326
I,0.0,0.0,0.0,-0.24065152982020935,-0.20356951813136812,-0.1815535545877279,-0.37814913251674537,-0.5370392154228434,-0.30642127814516956,-0.28182254896653397,-0.7888148760558394,-0.4307929685772794,-0.039765268693510665,-0.8327678013614169,-0.52453119355434,-0.2658115856585704,-0.9894025179708512,-0.10717438485396534,-0.2984480142999235,-1.2268841216237796,-0.30262058825588667,-0.2787763452806263,-0.9791970574101228,-0.3937258570211617,-0.2542651131527234,-0.8357243987319113,-0.42020809411966487,-0.06635101033467439,-0.9932177740243655,-0.09547772928621867,-0.07647960676245655,-1.2295334679815608,-0.33164080606500473,-0.08967660293592764,-0.9150718186257372,-0.393954471298932,-0.09321769654732887,-0.74934966520752,-0.37310196676129426,0.1352070926385519,-0.9508625539848956,-0.12065771405209745,0.14529643492357272,-1.25070347379563,-0.33560526896482656,0.0854809310800509,-0.9649687665331107,-0.3427224458096453,0.036314192435666824,-0.7545215526556287,-0.27859219749787845,0.3217092794316255,-0.8717757322744276,-0.16206898499364714,0.408451275537768,-1.176655054895975,-0.2760611273660612,0.454628944798274,-1.382568312524988,-0.3068937151120418,0.48634958045457755,-1.6084402465574141,-0.2963881196364701
I,0.0,0.0,0.0,-0.23470849178691314,-0.20433566621664973,-0.14209559295499727,-0.37579842263059493,-0.5487724991913041,-0.23947239055962508,-0.28115428629317224,-0.8111931198470475,-0.336861899890552,-0.04131524408831548,-0.8453577158440403,-0.40813365729955875,-0.2468545783984486,-0.984464154673089,-0.09861454833250777,-0.28635660848023015,-1.2450690935250797,-0.2617637971875311,-0.27296592947133236,-1.0365936974738457,-0.34198000849751736,-0.2591579870826844,-0.8859965778446286,-0.37120371457532186,-0.04870033291542683,-0.9941200282410586,-0.09671425450223653,-0.06394000899053158,-1.2492446064193368,-0.2980099544323844,-0.08336938779390174,-0.9784585644913025,-0.3583027647832563,-0.09693116740997161,-0.7980115866524453,-0.3502174127890815,0.15181209845995344,-0.94630810232441,-0.12293262057326591,0.15835813623266323,-1.2456152993095135,-0.3066661644769605,0.09302505571210319,-0.9942199740284212,-0.3168268054010646,0.03772480478468882,-0.788121272348687,-0.26820068634574984,0.33746633408030613,-0.854256181315598,-0.16185012974816906,0.4254289094477517,-1.164131719890333,-0.2742700536619104,0.47269072223437,-1.3723837802932628,-0.3129377626339598,0.5090041526596574,-1.5871582287455555,-0.31334515482483466
I,0.0,0.0,0.0,-0.25985420077210863,-0.22136910367421975,-0.22048748300473237,-0.38581695368784014,-0.5385852521185021,-0.3963432876666409,-0.28790440625271096,-0.7469991332246079,-0.5673991218217395,-0.08157184976038788,-0.7115993161263716,-0.7174788492468922,-0.21151540497310703,-0.9843045255643836,-0.2534346211678602,-0.23979682186428158,-1.2268436075801514,-0.5241625353048983,-0.26808752096536964,-1.0641188732613798,-0.6565386623928992,-0.2837898557492426,-0.9178888369181867,-0.7056672898718118,-0.013916353212792032,-0.967817633083505,-0.2512675152221213,-0.02766351705397918,-1.2321789796465592,-0.5539575325500905,-0.07439480286341822,-1.0132612232267642,-0.641973345583599,-0.09136394834116567,-0.8647897441487808,-0.6419659092677024,0.1883016527760627,-0.8974283147570716,-0.29047849695719347,0.19109369932617568,-1.1728072225687998,-0.569041809277281,0.11278771074012092,-0.9694704993260539,-0.6154307081165021,0.061075886434148664,-0.7965840657044948,-0.5804702137942848,0.37904790210843137,-0.7916406560476156,-0.3478801049808157,0.5084052013813875,-1.087527340907291,-0.5177008514492156,0.5752944936924884,-1.303946811624803,-0.5903833502827412,0.6292454401807727,-1.5233187634524101,-0.6153178976221559
I,0.0,0.0,0.0,-0.28903578505191796,-0.18952411017302856,-0.21257493207775596,-0.4396038350260875,-0.4742804474851747,-0.39038120969530354,-0.3903177230260401,-0.677667431572054,-0.5592038766310761,-0.20745362063399805,-0.7263138818078259,-0.7223956721790842,-0.2698702725433782,-0.9082404314271987,-0.3407479117542517,-0.32495465214345925,-1.174720686430529,-0.6286530117352362,-0.3677530374067298,-1.1406286906580796,-0.7989525448032332,-0.42146062014605307,-1.0156062461465836,-0.8834074928420167,-0.07433050579230156,-0.9332375958729198,-0.35148622385236333,-0.11833999441690864,-1.204747608802081,-0.679609401299026,-0.15508308618009978,-1.1141038857412784,-0.8342944992859401,-0.1858158807237147,-0.959259737626382,-0.8988787325639297,0.13630769030699005,-0.8934133196016212,-0.3935171322344698,0.10539915346681906,-1.164771595694048,-0.6939102911146489,0.05269544556125415,-1.0698998970654638,-0.817305388756828,0.015355678554863764,-0.9236441209017061,-0.8522183154285333,0.341591887292904,-0.8061598373874694,-0.44905722478461035,0.4584111637434254,-1.1128540386843226,-0.6707348061095,0.5069178240457232,-1.3572794170429774,-0.8037970699018806,0.5331496506993965,-1.5713458161114287,-0.8818412203286187
I,0.0,0.0,0.0,-0.24844252332837946,-0.179942284129143,-0.20305216594826517,-0.378464008008192,-0.4882894767907469,-0.3562449853854659,-0.28629845289685346,-0.7376076110077547,-0.5060002371577161,-0.050325772074660095,-0.7972088098058856,-0.6300239322534107,-0.2799469078135504,-0.968584110371981,-0.19229760519350728,-0.3169748703316702,-1.2199285577454975,-0.4406692453657589,-0.3064604966659505,-1.0149560653112617,-0.5683801592496209,-0.298740123394321,-0.8286034063159032,-0.6152182470022766,-0.07663221380412942,-0.9788209068929735,-0.18983449643490868,-0.08552027540771967,-1.2254218922984985,-0.46547827233034245,-0.10088955619356763,-0.9972963587871683,-0.5565058129350802,-0.12378428480836728,-0.8374519028190137,-0.5611582855293243,0.13848510182851767,-0.9335329528479895,-0.22733492270034797,0.14209816194667604,-1.198610633030447,-0.4819078874516923,0.09300035801674952,-0.977320540281586,-0.5283164038581701,0.043191832308047545,-0.7815984097689462,-0.49696530824396795,0.3365711953080433,-0.8479453546253174,-0.2815680850614607,0.4327895838795222,-1.1533533367596567,-0.43944687019334444,0.4713326204547576,-1.3782623933196796,-0.5070304315868316,0.49226483722691117,-1.6003163410843475,-0.5270661673977215
I,0.0,0.0,0.0,-0.2513072257154274,-0.20738801463434273,-0.19159499983649414,-0.37756560108336984,-0.5736979374754559,-0.3232342158020269,-0.2614856515106744,-0.8024093163183692,-0.45125345698688324,-0.04148601095091716,-0.7565097079631987,-0.5492898894881202,-0.19527123168525307,-1.0129294224477012,-0.15237227259072536,-0.22498600896810309,-1.2398162600720641,-0.3650702363881875,-0.23866381335763398,-0.9859800647818179,-0.4619499503614674,-0.22896320941685733,-0.8380954312657973,-0.4952500321429031,0.004544844608914701,-0.9894097182986255,-0.14507843989964636,-0.01010849564401333,-1.2218706657197085,-0.4078253975544923,-0.06253293573466974,-0.9032287022428205,-0.47527595072037865,-0.07422706166999832,-0.7400377736306816,-0.4580065358142256,0.19946437480042672,-0.9087312412982487,-0.1765872152283214,0.2106224379342165,-1.1773360282930163,-0.41791228355133186,0.10440981726696906,-0.90543755168252,-0.4384019973023258,0.02479116144423289,-0.7155466350933543,-0.3839711412046283,0.3796046494520387,-0.7920116666765863,-0.2246000958351875,0.512395034136972,-1.0779989154862095,-0.36534782935289023,0.5874307016319388,-1.2779985327931458,-0.41890402024155443,0.6469076282355712,-1.50763684501898,-0.42701217518858614
I,0.0,0.0,0.0,-0.23208887998244299,-0.19996904357945008,-0.1563698366404994,-0.36555399406192013,-0.5646688167899735,-0.26001293642769513,-0.2757330961839779,-0.802199462107815,-0.3604400865866569,-0.049194187737822324,-0.7904601378210733,-0.431724931971784,-0.18355588246051707,-1.0167107061001317,-0.13365678363614397,-0.21412748944265264,-1.2715086285373332,-0.306341022904571,-0.2251232106511931,-1.0256727378973929,-0.3823092465601461,-0.2183114625436882,-0.8801710470316392,-0.410689992527192,0.01815410662238115,-0.9911876733164439,-0.13121518463302081,-0.00101286036878517,-1.2331820341228903,-0.35655378538903554,-0.05247958802721306,-0.938483913915684,-0.41715895660150326,-0.07370477955660432,-0.7712520692497243,-0.4061196960277311,0.2231436243403583,-0.9034609638593863,-0.15836188711037552,0.2255059166911585,-1.1865619376949723,-0.3673748773072849,0.11815760643764968,-0.9283481803618822,-0.38112364421852724,0.03419274007699733,-0.7357541442999902,-0.3322796062945308,0.4097148109919234,-0.7789147878285606,-0.1979373614267439,0.5525488834826634,-1.071765853350827,-0.33277696687003105,0.6381234219325073,-1.2753541427076813,-0.3844244838132289,0.7050665721451966,-1.5032580010793903,-0.39329186139745487
I,0.0,0.0,0.0,-0.26982703489965293,-0.20240867715943664,-0.23707001282276438,-0.41139393344150943,-0.5001030683027216,-0.43319578570046446,-0.3107178864774702,-0.7166051716803135,-0.6283929433178793,-0.07866237792698295,-0.7579519621219531,-0.7993555572943061,-0.2584266564965754,-0.9779666168114933,-0.2596813865657692,-0.3133783066972744,-1.1901811575556396,-0.557937147138448,-0.31060941031656075,-0.9803954658518561,-0.6944429547978738,-0.300323666840328,-0.8249590850412218,-0.7387729455982738,-0.05290712880855829,-0.9637761552775246,-0.26141223812153014,-0.07825559232357257,-1.2042030784919453,-0.5889477166715568,-0.10893866766581073,-0.9346505179408435,-0.6768835881181611,-0.13208646343987526,-0.803720427325663,-0.6706162825812427,0.1620680454837323,-0.9084687795413433,-0.3113370670082107,0.15520968258373374,-1.2030943758551502,-0.6164402793045466,0.10398880722181252,-0.9897958150381659,-0.6773041451091868,0.059554683544289486,-0.8314850278309335,-0.6492917125937135,0.36106904574459997,-0.8300843717766907,-0.37985803619454594,0.47579445048642505,-1.114339795414807,-0.5733527854683133,0.5342133123536921,-1.3381000556682494,-0.668942953052214,0.5719575077951287,-1.5755295834012908,-0.7090020657849332
I,0.0,0.0,0.0,-0.260107300985979,-0.15669942163389763,-0.17252321944707602,-0.4206235568505994,-0.5028692574384394,-0.2839514241071163,-0.30563161854815885,-0.7929466626167411,-0.3975054865506322,-0.05615870966617941,-0.8875524059749528,-0.48066040280872424,-0.3527655984568169,-0.94287044986648,-0.09623381105293988,-0.4002591221935795,-1.1952107257684852,-0.290259162407366,-0.3498854547543933,-0.9189812479529279,-0.3773054269071968,-0.3079953047917781,-0.7754801392361045,-0.40193590098994986,-0.14521438197212255,-0.9854341705542617,-0.08850016255628478,-0.16299133880789668,-1.2327950339451625,-0.3139046590859605,-0.14504429238769995,-0.8891169506617133,-0.36320860378227054,-0.13748928037726685,-0.7371217437782079,-0.3355758339261214,0.05812811547642469,-0.9751124078976868,-0.11879309009204683,0.06058143813249203,-1.287708116895374,-0.3214891423110654,0.03051171574459792,-0.9923060293277299,-0.31616413551377154,-0.005311306799956998,-0.7930117438427056,-0.24753613246093495,0.24554527685858707,-0.9280894254173608,-0.16586856427437288,0.2944041088909673,-1.251376422682851,-0.27324503839233927,0.32162842418170723,-1.4568600126113658,-0.2964683305992721,0.334071315752003,-1.6839560595408183,-0.2818902857099671
I,0.0,0.0,0.0,-0.2694866786256314,-0.1375867666996359,-0.126271548111826,-0.4500030131645687,-0.4608028492266218,-0.21657938806235477,-0.33620465929121657,-0.7600457460318716,-0.31169380505802086,-0.0911050097838311,-0.8601429702147941,-0.380705633469714,-0.3989133075720033,-0.9138863418296277,-0.08350160504812812,-0.45376292209438296,-1.2014608103331874,-0.24154600246294755,-0.3929047963108152,-0.9595906957209377,-0.3149664403261779,-0.3572484164188539,-0.8156635847956026,-0.3392384602893306,-0.1956100452632349,-0.9767001470390357,-0.08828098870108578,-0.2152700010626197,-1.2475053778170957,-0.2605919276008522,-0.17920775932470806,-0.951978690952347,-0.2976633615799755,-0.18292776050172482,-0.8128646545531517,-0.28032601205105834,0.007999908125782136,-0.9867592952091677,-0.12046593036009487,0.0044636821503977455,-1.3084056062798648,-0.27254709310639225,0.009662864184852982,-1.0417358163854433,-0.25123650276661275,-0.011249795974844636,-0.8551638794370169,-0.1897315346660617,0.19579042830587948,-0.9539265883663918,-0.1664479299703205,0.220041371987086,-1.294518107383871,-0.24836823280367615,0.23596396673698716,-1.5036908024353282,-0.25576308951235754,0.2355377519371101,-1.722864978954125,-0.23729954319949556
I,0.0,0.0,0.0,-0.23244800907325333,-0.16587849512224256,-0.18938123192558962,-0.35002519644298813,-0.4880184358163831,-0.32235606136556105,-0.19747598529866878,-0.7095111558630661,-0.4474756463750223,0.04540648446446161,-0.7396453392324159,-0.5408065233483321,-0.24552525477713347,-0.9796307013726901,-0.17847149872187196,-0.26340207827817985,-1.1568853742102563,-0.3719324086645496,-0.23303051444981815,-0.8690062677198355,-0.45361817508896,-0.2203842465801023,-0.7358942711130664,-0.48309623087442916,-0.04725279807469108,-0.9845349778486507,-0.16869514061368007,-0.02511226365067125,-1.150233200882133,-0.37963197329823883,-0.04474060086732968,-0.8358472443395004,-0.4177058619981853,-0.0868445082801498,-0.7740080166964175,-0.40145976800966915,0.15368109904270316,-0.9289521625278486,-0.19338645608771243,0.20100585366391108,-1.155664206893046,-0.3914994257686505,0.1458033800889836,-0.8681747698489743,-0.3758293172844288,0.0736848361618734,-0.7183621918071046,-0.3162777319778477,0.33216017533846043,-0.8359494683222505,-0.23614567015159083,0.42071051063802106,-1.1254435995233822,-0.36133852044105386,0.4738509913244028,-1.3161673766653705,-0.3877209218364259,0.50830428073587,-1.5486607868929738,-0.3801576558464035
