J,0.0,0.0,0.0,-0.12871262066330694,-0.23691761550068988,-0.33930093458108285,-0.09746697303933408,-0.5093314702022421,-0.5397540616044766,0.09269733649662987,-0.6568542265086779,-0.6835107722065896,0.29748328004199265,-0.7788052776359803,-0.7901149501444549,0.2477345766158899,-0.946207725723104,-0.4955013712338608,0.29765244775686944,-0.8469149966414627,-0.7614478464693037,0.20411222132630413,-0.6254106829871724,-0.8533314424490038,0.1173590912333408,-0.4769386750734784,-0.8839162576250218,0.4192223660444793,-0.8106867363875304,-0.4087048118794338,0.482106083212692,-0.5834409985455637,-0.7095699718987382,0.25512176340820675,-0.31231730041055705,-0.7630485369985165,0.1477429776245075,-0.21261669010801149,-0.7577866459946444,0.5409326396174401,-0.5980165073936603,-0.35369666060868776,0.5874547721709997,-0.3227650917415986,-0.6657360727186865,0.326290065027535,-0.1436585208751763,-0.6739937402948503,0.15314674035738982,-0.0854559810362113,-0.6221706683131927,0.5976112378257246,-0.3603803082156588,-0.3199047566488047,0.7879490116669332,-0.20601982320277593,-0.5979029783107129,0.9065044084536856,-0.06723195086738418,-0.6816353947578769,1.0344401887291046,-0.012906620477652304,-0.6915852870874634
J,0.0,0.0,0.0,-0.12049399060589126,-0.2392503834727669,-0.37280328159006504,-0.0967638211265841,-0.4981259271780001,-0.6003662337493051,0.10101437669008696,-0.6461553118968051,-0.7675377529598444,0.3152993539058799,-0.7758244855411164,-0.899866406375703,0.26248032063886656,-0.9270614769278557,-0.5472752213354033,0.3251665249775703,-0.9166471545901764,-0.8172766323663844,0.2973294836842987,-0.7956909369097672,-0.9003865947652353,0.22658448356361854,-0.6527381562738016,-0.9205177523996252,0.44569217922456356,-0.7750293024198288,-0.4479822114422545,0.5161715417959428,-0.5402840253507962,-0.7632600571325399,0.2682089562554905,-0.2854659954307511,-0.8033145631265243,0.14118152364821557,-0.1936175776371385,-0.7790470873788818,0.5725856843862811,-0.54754555371018,-0.382617591232913,0.6141489584440905,-0.2589525298130105,-0.7198253465838302,0.3389268161123689,-0.09765785334593367,-0.7231628894820568,0.14878053143166925,-0.05244802763471778,-0.6587128784240975,0.627011137450602,-0.3047626343000754,-0.33991890512589695,0.822617404613758,-0.12594049165011928,-0.6436656864473691,0.9380791823199234,0.029816063208980708,-0.7307617642250016,1.0577622466776486,0.10672500749118234,-0.7360992163988239
J,0.0,0.0,0.0,-0.12105436620420362,-0.2132368683338519,-0.43206174411024995,-0.09722403685111262,-0.4637053103893504,-0.6844839789625986,0.0853191212970192,-0.596209625850563,-0.8645767786374315,0.28061701089197183,-0.7356339506991294,-1.006486558744164,0.28048764801866927,-0.8934130327625391,-0.614235072579313,0.33398462213528773,-0.8049822262128243,-0.9110891911206642,0.290765192406949,-0.6934800421339482,-0.9959259146458008,0.22693598320661323,-0.5978848406089996,-1.0130674427562656,0.45741454544430604,-0.7416997517127049,-0.4905643810197506,0.49356983211786637,-0.4423137984809148,-0.8098450867101169,0.225435735610037,-0.23032026066570202,-0.8250491861688231,0.12905979211006313,-0.20550058955120845,-0.7857112455291175,0.5685010802378571,-0.5190888551173246,-0.4102395968046686,0.5753977922502252,-0.17265447752347465,-0.7639190273836378,0.28938526434033524,-0.04607505917389145,-0.7560489071195615,0.12447231935134921,-0.04386934466971107,-0.6831428942088074,0.6097394148851667,-0.28420911299372315,-0.3582764598456037,0.7842325333002947,-0.07134853386989719,-0.6859987389720587,0.8917980208326235,0.0868945578339371,-0.7819051176349848,1.018441689983461,0.1699704132201448,-0.7906396092682121
J,0.0,0.0,0.0,-0.13245031401945298,-0.20717484984309045,-0.4341754751972594,-0.11777193204033637,-0.44508709495410204,-0.6750300862626902,0.06135261077392294,-0.5689016394183243,-0.8376341055668811,0.25846600054911745,-0.7175324532699936,-0.9545636038161683,0.34788893503627105,-0.8821707656101406,-0.5979681909369176,0.3952071638243994,-0.5989268393222634,-0.8385674376347056,0.25249712924395024,-0.3962133704878084,-0.8834796782884717,0.1410141621545469,-0.3124016065560328,-0.8857862762193436,0.5104842024568068,-0.7224270525195621,-0.46637434838328734,0.5197977664075926,-0.3567322368821378,-0.7490460661195092,0.23219509877632347,-0.17182417206111222,-0.7756135787611328,0.12214813382488203,-0.1570920656476765,-0.758531721564743,0.6013226891359557,-0.4970026622306186,-0.3694779551469343,0.5754254321386199,-0.1211732086466169,-0.6887771725033476,0.28403935119889706,-0.016446695739036298,-0.6981907765499744,0.11805684484685451,-0.026698444287198034,-0.6498791223146663,0.6208861819363215,-0.26089902420526606,-0.2988816221868404,0.778640704520078,-0.03396978651535011,-0.5945031815541181,0.8755361879071402,0.1508129790604731,-0.6879264200902104,0.9887323578851294,0.2516698596077493,-0.7051099204502393
J,0.0,0.0,0.0,-0.14307447655574929,-0.2548422385673442,-0.3835429545914066,-0.13115420077277817,-0.5166169839030187,-0.59187941758953,0.058746189256341834,-0.6505632970389013,-0.7323005919399754,0.25821908406836835,-0.7966458232072555,-0.8246731697783004,0.42667637491516675,-0.8848981024808942,-0.4960622173065094,0.4696442591501511,-0.4890565154842497,-0.6707666165084232,0.2717100916838773,-0.3136139197695556,-0.6830762957199962,0.1281804815544281,-0.2629844963288918,-0.6747007959573723,0.5894484036152662,-0.7118806839668612,-0.3818068507377626,0.5660575895176937,-0.2843324193775473,-0.6078454233437041,0.2673046368633875,-0.1453458647545041,-0.6349104269532461,0.1410327949787167,-0.1387311699828539,-0.6305604682849869,0.6636124752714377,-0.4759791007350292,-0.29500103006054773,0.6250120870470351,-0.07801437888175802,-0.5714314811772574,0.32787619830206605,0.007279811271727926,-0.5934433577722558,0.1548815271630882,0.007083225572376371,-0.561793944021494,0.6641286406571464,-0.22488054979485356,-0.23003562007965397,0.8247398082814582,-0.0023627498441704145,-0.48918948636015425,0.9263371212177981,0.18794123164911763,-0.579542339187962,1.0391307944961936,0.3140652388550049,-0.600930035254352
J,0.0,0.0,0.0,-0.15410638099372373,-0.25044771778709074,-0.3965370531611946,-0.16528975968282478,-0.5255080161882347,-0.6174327757083988,0.0019212557596074702,-0.6829730566664901,-0.7697276053118317,0.2012014685768429,-0.8096657638094412,-0.8745213802448367,0.38376144211399377,-0.8976721928169703,-0.5296060163087125,0.39283977156358146,-0.5733884202262908,-0.7082091814634434,0.1993411336545321,-0.38672238225534306,-0.7148066738317622,0.07151159682544223,-0.33625621670932027,-0.7035074518274324,0.5604105011191594,-0.7162675595280599,-0.41581348391206574,0.5174266328099161,-0.3270527652323616,-0.6453128688619514,0.21730228352816772,-0.1738217698084088,-0.6653669775320061,0.10272537192023479,-0.17287909014451633,-0.6555403058895023,0.6483974354587535,-0.47294237800242045,-0.3300538856773124,0.5934108500609512,-0.0969758507449033,-0.6163265001652735,0.2930729966755692,-0.009269527154334262,-0.6365735873030111,0.12015660423375427,-0.020535195835968387,-0.6039015548120659,0.6570573793426606,-0.21934172571213076,-0.26757382641219585,0.7920997558589484,0.0014615377489301377,-0.5437319183014262,0.8751311081197345,0.20028296979913895,-0.6389888641909122,0.9726580581312602,0.33213796810806395,-0.6617553091239631
J,0.0,0.0,0.0,-0.13425248583219618,-0.23643929408055273,-0.4030259371912868,-0.15856722432090206,-0.49842895809140164,-0.6401455230144281,-0.015534057620670724,-0.6438451632182067,-0.8079799342423482,0.15788343587728945,-0.8117607076908667,-0.9314951026852321,0.41957106316751536,-0.8695408800810406,-0.5557320303795997,0.3988072123425073,-0.5788254992756899,-0.7461736162786619,0.21777630035472295,-0.3806871609211395,-0.7678960522333544,0.08533280712224282,-0.30783703850076005,-0.7632444128682668,0.6021102025620378,-0.6652286392456588,-0.44151348959920905,0.5158914341006099,-0.2916356244860443,-0.6773528182509075,0.22761029516200343,-0.13518373311751095,-0.7147903578009709,0.10664263235609728,-0.11796138021359076,-0.7148486524530082,0.6912429211467823,-0.4002975405523951,-0.3534325689015176,0.5908945462536171,-0.025121669494256416,-0.6427316146249441,0.29829060456091216,0.0584477244038566,-0.676896095301766,0.12254963881606064,0.049506244193624475,-0.651694026136411,0.6985084301109407,-0.13588737695435105,-0.2882187524685743,0.8050880729436956,0.10447653610774303,-0.564664365371769,0.8627866719449447,0.3176277035582879,-0.6592035705986117,0.9333410022971687,0.46497604384674707,-0.6794330863832169
J,0.0,0.0,0.0,-0.12847230550325361,-0.2319042621371476,-0.3866570897283294,-0.1581386298153262,-0.5010927623016518,-0.6177135713643613,-0.024223578965905906,-0.6456234345524458,-0.7807888296985771,0.16043963108273476,-0.7850345978230787,-0.9003614666952967,0.43872589953001556,-0.860393931156736,-0.5452017917563428,0.4013840668401209,-0.5260302564541474,-0.733998090282453,0.2234958392971836,-0.33123565784909864,-0.7655976654864539,0.09187154403254424,-0.26060241917722954,-0.7682669642289005,0.6262680469243824,-0.6464076271640494,-0.4358273889347281,0.5161188019199701,-0.2340502850207319,-0.6631824187762233,0.24547471851380967,-0.08331639903844627,-0.7098626440816743,0.11499266765318432,-0.06402039658056467,-0.720996368764273,0.7161206941160428,-0.3772024653311944,-0.3487853911167173,0.5957365095298303,0.00958866579508254,-0.6313353556268086,0.3142348872451071,0.10599128836522526,-0.6707446775455833,0.13214274670012846,0.11329069066522994,-0.6504418129560785,0.7183472898435923,-0.11357170089263913,-0.2826941481054407,0.8185369355527421,0.13365592460432263,-0.5503487054507165,0.8671766725288952,0.356711796384398,-0.637894482488803,0.9218281383913143,0.515033455869966,-0.6537114291223887
J,0.0,0.0,0.0,-0.12541994055527383,-0.2245933336594568,-0.40436112811508707,-0.1449620913633955,-0.49448745678460015,-0.6441477152453136,-0.012532218087196808,-0.6368874833234823,-0.811263248047498,0.1707803347621468,-0.7656154375911026,-0.9349277647242814,0.45784507146399434,-0.8348401665416156,-0.5783745258515959,0.4109395997952889,-0.5010979487772756,-0.7788155834555119,0.2312683727433342,-0.3065353222817454,-0.8182379912363128,0.10169122389605793,-0.23319361576835576,-0.8256554207160122,0.6396907348287499,-0.6143369734844515,-0.46193705933191637,0.5208537079530654,-0.21078401232826563,-0.7024134255420502,0.25030027533585997,-0.06575984504867596,-0.754721380012653,0.11961712740212449,-0.03396195121322223,-0.7686847049703258,0.7204876797994573,-0.341667918519629,-0.36835047397345716,0.5903601508544596,0.0412699076400792,-0.6581082230634776,0.31317527068051304,0.1264403381394653,-0.7014401285535061,0.13392799841288436,0.14042422327320248,-0.6832934996957492,0.7173016432854923,-0.08024567524998305,-0.29713948868698176,0.8204144847399967,0.16936445032971836,-0.5683099737036171,0.8621640968725762,0.38414395725748063,-0.658859707383328,0.9066407000496849,0.5450398885297121,-0.6773114769310393
J,0.0,0.0,0.0,-0.11032748871529435,-0.21212988249733067,-0.39244570633888093,-0.13116664301300218,-0.47695189314708125,-0.6324346724221204,-0.012153680446987856,-0.6160137211343021,-0.8034931949845362,0.16814373828800727,-0.7311824920935545,-0.9317077853845431,0.4846834976284426,-0.8293983710635408,-0.5538785173889561,0.4223244126681589,-0.5265573024214382,-0.7601919878113602,0.24913158988318768,-0.32877137813845425,-0.8119262446251773,0.11661528274257398,-0.24231883754029815,-0.8242332004942186,0.6704625136864703,-0.5942944837751758,-0.44417798718038365,0.5330925181972413,-0.20206252866658322,-0.686627088819581,0.27268357908231783,-0.036126476712147186,-0.7481584164663143,0.13253161467297284,0.022530386500313117,-0.7640961589321698,0.7490589885597699,-0.31133099627062716,-0.356967273508911,0.6031788054727177,0.06787219779111435,-0.6470821800036408,0.33210421812503654,0.17275400685734305,-0.6935343876858651,0.1454801862610929,0.19996599702877005,-0.6732061347867969,0.7361216224855336,-0.04608587742253192,-0.2915847758215462,0.8172715538351047,0.21695405632276973,-0.5579504210457139,0.8464849288255637,0.43580114414728427,-0.6423528528492897,0.8736548983199265,0.5973316282592261,-0.6535018889421329
J,0.0,0.0,0.0,-0.10226846266156024,-0.20757503655598036,-0.3959706721881202,-0.12534192009247444,-0.4767575783105722,-0.6387187936721946,-0.009224504415460789,-0.6186211748666441,-0.8131416169402922,0.17677229192297728,-0.7197193382524962,-0.9443679435110894,0.4962076992732997,-0.8184567437608787,-0.5546097007244855,0.4299691936937283,-0.538656184177393,-0.7591409310379958,0.2543095957722619,-0.34864969788695716,-0.8069625819117007,0.12073581647919031,-0.26253349203906806,-0.8168718482348764,0.6849405193436893,-0.577204897854794,-0.4446245504396197,0.5393000730515348,-0.1976293322509634,-0.6839180186162583,0.27481586382692097,-0.03965430151647814,-0.7419957770178854,0.13522301375749063,0.011985223321827495,-0.7562018020960577,0.76042187432543,-0.2886877984740751,-0.3583163522102306,0.597422837148576,0.08064264643453221,-0.6519580782694817,0.3252114574511088,0.17860699218708648,-0.7015845936047369,0.13771893991614748,0.20427959152605035,-0.6836686477529792,0.7424591084389135,-0.020342675123736626,-0.29408765584069874,0.8139114205156452,0.2540082138477654,-0.568758725308242,0.8357042567590247,0.4773791911294251,-0.6585839447600441,0.8507816183075348,0.6443419549948753,-0.6730219028844594
J,0.0,0.0,0.0,-0.12209807662391298,-0.22229406081288483,-0.385812642903124,-0.1651138792726266,-0.5153514214692786,-0.6236987406347865,-0.06264111897331429,-0.6850458074927706,-0.7993844385572242,0.12655247647935491,-0.7704516646315249,-0.9315328770320541,0.45386007695080127,-0.8618511512549979,-0.5316029706334665,0.38010421966923313,-0.6818352962274635,-0.7507869321037686,0.2059716065084099,-0.48387402188455797,-0.8096096773693934,0.07397804322196647,-0.3724937718141464,-0.8219891625397379,0.6518514295264546,-0.6237296422293419,-0.4313363504607217,0.4872669674560289,-0.2800401363401168,-0.680411575965717,0.22986641964961757,-0.12566181819038394,-0.7453813648177641,0.0979498405166727,-0.07079025437369334,-0.7593589765253956,0.7313742463276954,-0.32982208027040344,-0.35747388423360194,0.5387377260625406,0.03640655184750356,-0.6626621941773504,0.257540207540376,0.11902072577594669,-0.7149387672806267,0.06395206640396396,0.1357077463989528,-0.6932191091518494,0.7150804091692854,-0.05519693270628074,-0.30612011332632033,0.7537711937074422,0.22778542915478459,-0.5945905182975243,0.7600038872028615,0.45967419430272183,-0.688290763005857,0.7597977228336755,0.6365741056409419,-0.6996265284616228
J,0.0,0.0,0.0,-0.10687920709602046,-0.25068063797306706,-0.3470351251323948,-0.13957473865275835,-0.5595131658226058,-0.5546786487455375,-0.04806030945614927,-0.7384844438665078,-0.7050216663753283,0.13235504742510376,-0.8452313440175901,-0.8116682442205334,0.4716319305242248,-0.8884557969777286,-0.47061920122970635,0.39033109536319416,-0.7456606018413118,-0.6604778596067672,0.21965784780671546,-0.5517953778610666,-0.708709339603825,0.0852505614998242,-0.43702937135126335,-0.7166533297615487,0.6659770245131128,-0.6411059298556934,-0.3813892886861499,0.48920309619383356,-0.33027428674779963,-0.6025296772352724,0.24746249121216654,-0.19324074524241028,-0.6667563890219286,0.11298782125438082,-0.146418949298156,-0.6825872790161636,0.7354438444897823,-0.3405515487933141,-0.3155835801262609,0.5284519137511982,0.004083690258753625,-0.5950185592492038,0.2535031191832608,0.06232575974551328,-0.6537014343031785,0.05616020590003344,0.06218305904816448,-0.639337268471595,0.7089926986204798,-0.05933215820577528,-0.26921157758343184,0.7340100087707492,0.21041052126578177,-0.5426331432947327,0.7405571689849308,0.4336755534840165,-0.6375640039298743,0.7346454837973665,0.6055900259660625,-0.6503005683875798
J,0.0,0.0,0.0,-0.10654701149018696,-0.24551552019180334,-0.36409431671470055,-0.1415828408316656,-0.5514415037922085,-0.5804560559734877,-0.04659994814723857,-0.7308833841722058,-0.7378091667433118,0.13415978832075703,-0.8327231061971914,-0.8500577889983715,0.4731996842950691,-0.8814169066582496,-0.48374640139205644,0.39139783854248034,-0.758401144100902,-0.6791132338565906,0.21698419692208282,-0.5618410564673101,-0.7211833966410296,0.08547364489941031,-0.44956498819977825,-0.7221875627060442,0.6633416810193605,-0.6408383871229908,-0.38639872646272116,0.4858373797336176,-0.33459473581663496,-0.614329556630977,0.23828210371634564,-0.19715087299626297,-0.670350249117217,0.12150608270826645,-0.1695134345312976,-0.6762721240763863,0.7334006111168235,-0.34296298524257274,-0.31512501198714177,0.5216476639487677,0.006542095175796138,-0.6005325157706644,0.24415276600731511,0.05509429012322973,-0.6546352689722995,0.058416749263476044,0.038375193634334656,-0.635026634413077,0.708328280955191,-0.06549593108188899,-0.26514119921885404,0.7165913206666521,0.21020970561894073,-0.5416033912200039,0.7223881969385841,0.43680468068377254,-0.6378368674292502,0.7260820722258724,0.6103537729112964,-0.6498857663466111
J,0.0,0.0,0.0,-0.1109449212506491,-0.2312066905863523,-0.3683809834533418,-0.1551822066666516,-0.5285943197130089,-0.593501117401089,-0.0655886582817052,-0.6996912240269876,-0.7593141192157556,0.10558725062642484,-0.816213188375325,-0.8818688520041059,0.4715312434266722,-0.8726638011187137,-0.503644677924536,0.37312547990489964,-0.7200204177614118,-0.7101827686414659,0.20251500799557987,-0.5337695781854861,-0.7666534629901891,0.07401998383076958,-0.4340448344895421,-0.7780103479796902,0.6651278833944426,-0.6248392516612845,-0.40887749793134215,0.47673314180090953,-0.3022589690252363,-0.6433207840630333,0.22974302117475834,-0.16875828698388762,-0.7098771723638315,0.10394066066801202,-0.138810970244885,-0.726201534759982,0.7379109420156228,-0.3223133243838676,-0.3388017955857998,0.5204337653791633,0.03795016692158857,-0.6308090796680318,0.23556312795625453,0.0922636393018243,-0.6888690170110734,0.037571717630171225,0.07860987621762351,-0.6722517682140826,0.7122262129162756,-0.03860304787274139,-0.29018285640433583,0.7222584745463089,0.24461388206075,-0.5691158461051578,0.722863464681702,0.4773721944061105,-0.6632919659879248,0.7194551841206301,0.6544903265919733,-0.6747373625594192
J,0.0,0.0,0.0,-0.10373327816475332,-0.23903418081893185,-0.35261047649398836,-0.15193282516792098,-0.5382136234739543,-0.5667764123094433,-0.07771290227459295,-0.7243234581358372,-0.7252521460816254,0.08850428099380032,-0.835066250897327,-0.838950394135304,0.45948140512256613,-0.8939982870341855,-0.46900752148459635,0.35965358403167413,-0.7733835448694883,-0.6761265540813615,0.1874391856118738,-0.5748941670749117,-0.7355307593970718,0.057418097660520986,-0.45932804160624235,-0.7474116205077322,0.6516172231248658,-0.6562464457344238,-0.3804413187181104,0.459850479937667,-0.35254082471479814,-0.6176492959010788,0.22140128570779763,-0.2109884041373737,-0.6848540908924977,0.10119456066283646,-0.1751923570514759,-0.697473703058914,0.7267146259017876,-0.35932069498741837,-0.31790747023407284,0.5011958806122694,-0.0017666875654947145,-0.6083328632347775,0.218263648591479,0.06290229681418606,-0.6631469386019536,0.023748992047090283,0.053623703839004,-0.6415437828134919,0.7080235225280191,-0.07608323949786597,-0.27660534713997553,0.6877358347830054,0.21370303861389725,-0.5490045377764902,0.6766900530543668,0.4376346218658528,-0.6392362131995768,0.6682316040599438,0.6030777704459765,-0.6464671526378553
J,0.0,0.0,0.0,-0.09109409108560397,-0.2428038490101001,-0.340274932437642,-0.1382390275550332,-0.5476939928118055,-0.5464277502976214,-0.07613993593232175,-0.7350699297034955,-0.6988873823724492,0.09082545839482403,-0.8365157502919449,-0.8050122584542979,0.4863674468905981,-0.9043588557384582,-0.4489225979715002,0.364150051880491,-0.7722278967378299,-0.6360188183029482,0.1738985562005498,-0.5743075725395543,-0.6772699575671636,0.05133020557829474,-0.4794268285959196,-0.6802817975685731,0.6697835202733005,-0.6474270532810211,-0.36363202093621927,0.4495250678485827,-0.33485427650537863,-0.5784753985540336,0.20717747121051996,-0.21752305420393647,-0.6351162386601645,0.11450785846211213,-0.2209415210709283,-0.6454168312198101,0.7358784475995263,-0.336345258472922,-0.3030966869603145,0.488798441750972,0.02029909929522586,-0.5786602472679255,0.21006935351561531,0.0601775517077927,-0.6340628176302475,0.03981285605784151,0.02189215362426967,-0.6182186277591636,0.7112986571556117,-0.046162603347743705,-0.2623858863323734,0.6777804313277112,0.25134417195549963,-0.5254322313316058,0.6611834451952556,0.4791628309778238,-0.6155356260122028,0.6597526184101562,0.6454744785316087,-0.6253343208101174
J,0.0,0.0,0.0,-0.08796323329568355,-0.2474951723976439,-0.3146900673954016,-0.13848883135489273,-0.5457540179367403,-0.5080515658430496,-0.0842046797998356,-0.7357400565293729,-0.6521256588460597,0.05897842605355625,-0.8647458670552689,-0.7504534478824856,0.48634917969766295,-0.9178353972740761,-0.42183070348631846,0.3531969706427868,-0.8121656962003184,-0.597701947778885,0.16166248362776783,-0.6307023411781816,-0.6303354199332516,0.04512579235095393,-0.5348015532190188,-0.6280144153416495,0.6650755305683546,-0.661007024545051,-0.34748273646516625,0.41907067785751745,-0.3385341740063852,-0.5490683642427007,0.17833390608543961,-0.24145696153254528,-0.6003157190109016,0.10555703242018652,-0.2700665098764616,-0.6095381209175955,0.727476879853195,-0.3500395188195582,-0.2959317222369703,0.45274146993498293,0.010716916971807745,-0.5602460651741112,0.1761312819275135,0.036406178733659963,-0.6134439675747294,0.018002621049170376,-0.011799728948838524,-0.5994365092485792,0.7036910056278506,-0.05572796825340028,-0.26244565317183133,0.6545913307257714,0.2508286279228622,-0.5180568354511836,0.623216573156972,0.47521606097910557,-0.6028036794404336,0.6140352657389966,0.6365229989320328,-0.6096986573212483
J,0.0,0.0,0.0,-0.07295898112534728,-0.2671301551174635,-0.29080083532712964,-0.1115630518093149,-0.5751582112935906,-0.46678432738376374,-0.06641913510372141,-0.7721309157013242,-0.595949304108321,0.07531610916748283,-0.8936580753267466,-0.6796249657977469,0.5100514884035435,-0.9365941308453924,-0.38039903862279145,0.33553251569572085,-0.7889996426353918,-0.5408080584550712,0.14054506553391558,-0.5995471880246097,-0.5703589903973556,0.0483949214231733,-0.5161950139336849,-0.5706635089833388,0.6843377610326702,-0.6563446719232426,-0.3176373725850958,0.4098650764922201,-0.3345679363372552,-0.5021913079499017,0.18270973144992692,-0.2621285235654741,-0.5493691694148385,0.13376308564661954,-0.3025394180514178,-0.5583282746024889,0.7439503681152487,-0.331167512606633,-0.27678935394304016,0.43856996004463356,0.009356693661255005,-0.5183914025523545,0.16956298851215987,0.007030605821421543,-0.5613781773558076,0.03209222170755537,-0.05153911132694889,-0.5462938055805464,0.7231743289181946,-0.02468730756425578,-0.25442275797442826,0.635236015656422,0.2722653812656354,-0.4870299950195878,0.5874588551222019,0.47306079816929686,-0.5582423561340253,0.5796943412496184,0.6237287228807669,-0.5594932458552283
J,0.0,0.0,0.0,-0.08426590744862922,-0.31364386649912634,-0.25596059116076764,-0.12353772693415505,-0.6431281168393798,-0.40986033674257016,-0.10633047077468699,-0.8666884161462667,-0.5223063134079735,0.00942592494262289,-1.0106742873162389,-0.5954209013584297,0.47054177064094127,-1.0067926778406675,-0.3207540017527489,0.24870153283359203,-0.9049698971926647,-0.4848967870195984,0.06793840428380597,-0.7542855064237558,-0.5334564254217663,0.008609162383143092,-0.680138821199358,-0.5482081614704809,0.6407811696991424,-0.7161349368089067,-0.2766771491119244,0.29999285308662577,-0.4516843864522864,-0.45142225097876754,0.09779476369133695,-0.3943945856697135,-0.49623783250100395,0.09072182331085224,-0.43123100978415524,-0.5053126813600953,0.7039362252346435,-0.3819816462416702,-0.25602109115939853,0.32961968983822804,-0.10462912528304175,-0.4738095648172722,0.09227776755838657,-0.12475366370497602,-0.4955910233680317,0.0104633552725769,-0.18114459299021823,-0.47381585379841884,0.6924532500267199,-0.07719196083116103,-0.25489533837822076,0.4928001352100147,0.2000268312323647,-0.4631611625634358,0.37420202562769694,0.35072913301957936,-0.5100753016265409,0.34650877386352397,0.44777425015823374,-0.4988866507362813
J,0.0,0.0,0.0,-0.08818863140361506,-0.31534953312137537,-0.2710818875797455,-0.11515752097768518,-0.6337812340835184,-0.4360592179983865,-0.08154851918951235,-0.8558205041706305,-0.5555443296062704,0.007085961717822088,-1.0447894589888356,-0.6352950668392231,0.5064230746302643,-0.9703559328426652,-0.35898442080264725,0.29801398553052844,-0.8886670516727808,-0.5235692487540278,0.11576417557303201,-0.7419572218137634,-0.5591975346629812,0.056097583314586044,-0.6809135647208564,-0.5649105939323968,0.6745105504465714,-0.6671167829144349,-0.31621308526080677,0.3390403592679574,-0.4249863602914837,-0.5078273681377732,0.11749435827252819,-0.34879488464264297,-0.5484028869705311,0.09638526524840528,-0.37899958152248253,-0.5499323267476482,0.7309493440407706,-0.32135611964028526,-0.2958541964624825,0.3622485593859328,-0.06683801461146456,-0.5412342571043592,0.09862684185987265,-0.07284554952213372,-0.5655626659553264,-0.008222240422290524,-0.12137897091850096,-0.5383145276965822,0.7088414891172735,-0.005654311668771899,-0.29345863791121135,0.5435987670713299,0.2604054049397868,-0.5297995503512635,0.4162152117942997,0.43644841234030507,-0.580271431815149,0.3695484361339015,0.5529623442874716,-0.5661588355528903
J,0.0,0.0,0.0,-0.0765101313294487,-0.3366506320840245,-0.23615579312039733,-0.09809963399311919,-0.668194158259777,-0.38563201980768647,-0.06648185634042714,-0.8915507723210349,-0.4944670941578573,0.029433635614163445,-1.054326253733834,-0.5696225648755308,0.5189086399576702,-0.9771748866233769,-0.32494496370988457,0.28155740642934307,-0.9075628884580366,-0.48831999390800734,0.10010091762842215,-0.7789667415552369,-0.5502512721459394,0.028614774751233762,-0.7049122692872882,-0.5761925893166796,0.673704332522634,-0.6778036649303003,-0.29445655731751885,0.31109940257875135,-0.4495667222172962,-0.46894982993399137,0.1160621371503846,-0.40182713390849567,-0.5315371716966277,0.0890296724876691,-0.4208534378885671,-0.5576282029023322,0.7221189166655637,-0.3346877261382874,-0.2818087741338039,0.3429188170228791,-0.10461163013627466,-0.500913571170564,0.11255447789254935,-0.12692651217839754,-0.5402673777738622,0.009204796489646781,-0.17009751360256703,-0.5342115528044104,0.696770144864872,-0.02466536160681802,-0.2854943919695258,0.5004027949120323,0.24353907159303712,-0.5024643787171125,0.37332030923593384,0.42057617447357515,-0.555111437118542,0.3264720273751794,0.5493232667810577,-0.5487542857175121
J,0.0,0.0,0.0,-0.08236354352134734,-0.33988387108907137,-0.2507949246235307,-0.10117621216895287,-0.6801999568620077,-0.40645174524042293,-0.06622599002873121,-0.9102007978447341,-0.51585073686343,0.025795138828034567,-1.087767650832803,-0.5874775745771315,0.5446240717423777,-0.9725425731216589,-0.35371337110371837,0.23862803490432882,-0.8815796883482641,-0.5058407182196513,0.051281118269333695,-0.7370370270420628,-0.5447575591491005,0.014975819170014058,-0.6800318966863884,-0.559199666619075,0.6898511429023495,-0.6499668544450841,-0.3188236013206756,0.26253559149770755,-0.4222056618327056,-0.48331378331243874,0.0669614893366383,-0.37848913978282195,-0.5238596120115616,0.08217198429495476,-0.4240975452329047,-0.5393467978020853,0.7288111003937087,-0.290460961240927,-0.30146915892535014,0.3022393359086304,-0.07996936791087014,-0.509432296354797,0.08118187696817868,-0.12101706919436435,-0.5236128719784425,0.022082183899385932,-0.186197771089593,-0.5077981681677668,0.693602808320888,0.02905573702929833,-0.3031609069946893,0.45641220195984017,0.28056670689414953,-0.5159510274551229,0.3242214390292767,0.4513231887767603,-0.5580932704629145,0.2972430600509235,0.5796494069198924,-0.5472095382282208
J,0.0,0.0,0.0,-0.08829769816485172,-0.39771156297319515,-0.2456038546850511,-0.07100130190201408,-0.7710759397429547,-0.39511291154085754,-0.016813180420575138,-1.0387116282128361,-0.5024908624340062,0.03935559500772004,-1.2474964711741183,-0.5742992399101962,0.571872890894498,-0.9775125964566331,-0.3457767528541391,0.2494629148766161,-0.9900664551763143,-0.5146253344504904,0.04369359235370982,-0.8104861525538819,-0.5597930656475052,0.03318183260949276,-0.7256068353103867,-0.5784126973985569,0.6922561643330435,-0.6456733552108742,-0.32231556169945397,0.2514696856698471,-0.5546692582021866,-0.5053516324299621,0.014504928023133658,-0.44127500456965957,-0.5345939392458309,0.04359649403689726,-0.4193730487463118,-0.5364483437070994,0.7092212776109525,-0.27855458925903687,-0.3189366811536311,0.27656548255692237,-0.15551227407983303,-0.5415722305547908,0.029832157416773697,-0.1476125240790682,-0.5343583457851718,0.009270071670513563,-0.17189263008372363,-0.49931240971959506,0.6621461496793196,0.06526133923838577,-0.33496118157958277,0.3863650394628987,0.2378837238594038,-0.5366568450034692,0.18976500575935007,0.36249554230021064,-0.5532606571784172,0.14255333331969938,0.4583569392599838,-0.5258104970302803
J,0.0,0.0,0.0,-0.07428791873431766,-0.411417884260976,-0.21952009748640075,-0.030603374822996812,-0.7962139959681475,-0.3533751880443962,0.019282413083405447,-1.0786628455392762,-0.45097304608908756,0.07147374924964894,-1.3290618373670877,-0.5104935147574026,0.5455713587948924,-0.9923085164739812,-0.300068284433005,0.26494626987567516,-1.0794150147098487,-0.48392920802562944,0.09695730892843744,-0.911748641563574,-0.5280317427424552,0.12280553307787972,-0.8366511365365015,-0.5407633930132203,0.652767908412953,-0.7015777218515902,-0.2858019558150562,0.24481355742560104,-0.6946703300434105,-0.48316320809788993,0.02887667297049943,-0.5598016495244486,-0.48772088088302284,0.11074053504252869,-0.5510483386329809,-0.4602406760877367,0.6553667271645514,-0.37214408568981444,-0.2972254307371697,0.24473271567596358,-0.32179418822073447,-0.5096142876803215,0.03965774818209029,-0.2631459338512188,-0.46331480536732395,0.083287358663537,-0.26297879596883583,-0.39877895838136546,0.5981794682704114,-0.06568382418073497,-0.3300086108094271,0.2780753596155915,0.043235141703095274,-0.5175100429275927,0.08485120822037917,0.12467999027278677,-0.5218771532028875,0.06889411823862722,0.17264544572635518,-0.4847649461373935
J,0.0,0.0,0.0,-0.0676803573172299,-0.4626942900574102,-0.21184774767602738,-0.0535395246082553,-0.8068458778169069,-0.4039192324357446,-0.017015922502307584,-1.0692515324989862,-0.5618264275292473,0.009344254685824041,-1.3541221668715602,-0.6865644653817953,0.4871312761557894,-0.9246896507148946,-0.5228790408143664,0.1968432294088179,-1.083731849256639,-0.7533091484664906,0.01813252560291991,-0.909329286482579,-0.7776709722194121,0.015284019345236516,-0.8006099101321603,-0.7739875915770041,0.5573975208874171,-0.6295108956317074,-0.5413169459656025,0.17197144640707396,-0.7161950752185215,-0.7827162623963803,-0.054146972588347796,-0.553473847787536,-0.7277344627249728,0.007140280913480965,-0.4967827078531942,-0.6637471828914465,0.5318801647637059,-0.30949914491195873,-0.5769277678448064,0.13094027945025144,-0.33084004783879345,-0.8002451714540612,-0.06705701597774548,-0.2375046865531188,-0.6819433765352638,-0.034067037443268715,-0.17508162547474582,-0.5811146747096162,0.455712753531189,-0.01033295408466327,-0.6347433629561268,0.15168660044983473,0.037177973337578274,-0.8353783884232047,-0.03765912587250281,0.04937688349751711,-0.8216389576422058,-0.06778356954994769,0.05576109459992515,-0.780238317381186
J,0.0,0.0,0.0,-0.07731456706126605,-0.33646771890669086,-0.2732340533800607,-0.0761601660826097,-0.5999049131029588,-0.4712233416225931,-0.015846398023414858,-0.28894937243418267,-0.6209500936454208,0.04940602695554583,0.129707359852512,-0.7345914607783612,0.6928518428508794,-0.8180481995051915,-0.4228452402194362,0.3313984170411103,-0.5394848222953084,-0.572352675514077,0.13116835950187822,-0.47962219625112906,-0.6272142408292662,0.14713567359216412,-0.5148792365909569,-0.6728786104350772,0.8092498183405104,-0.44126067064038293,-0.3878192260085238,0.3644051676812722,-0.11083402962175826,-0.5144753314563378,0.16866345895069995,-0.1545059943119025,-0.5225506484395284,0.2447658076955874,-0.25399156461386446,-0.5344444461701124,0.802486023730916,-0.07991829303455623,-0.37001523855766194,0.3881244525138573,0.23188796860584954,-0.5306343392078098,0.21892646115719633,0.08534575662924798,-0.5232463327759918,0.2180575332835436,-0.07344414104951281,-0.5146456215838479,0.7045320569426542,0.22607273969326094,-0.3813362832864349,0.5251123494318564,0.6137796843164508,-0.5956880865803427,0.46057013261578195,0.8586338858264405,-0.648818745347472,0.46008702428423737,1.0847107950392487,-0.6507970433886705
J,0.0,0.0,0.0,-0.07111180072906494,-0.33931699778672286,-0.26780844751033667,-0.06519274558189192,-0.6030901747134373,-0.4653085010644561,-0.010559197071604819,-0.3036166331845218,-0.6159725250733037,0.05299217135979624,0.1077479588404183,-0.7329745638980132,0.6906710357297285,-0.8145276488247469,-0.4184471079617873,0.3179771741282263,-0.5491494508947231,-0.5785318671616763,0.1285171967776768,-0.487880974120307,-0.6451580738900831,0.15389296435235023,-0.5276141271994956,-0.6965059870462156,0.8076096913846347,-0.44374255354678027,-0.3884058863526632,0.3678992403498008,-0.1220514274926982,-0.5195927904740358,0.1797618035986104,-0.15965040613582562,-0.5307703507319956,0.25716856831740476,-0.2543519958583963,-0.5425981029542201,0.797139120996348,-0.08326490617031226,-0.37607638500108126,0.39222191439328336,0.22194440064677792,-0.5460249442120978,0.22512769001679128,0.08647974993221902,-0.5388633319893651,0.2210964106628943,-0.06360816633680921,-0.5266154261794292,0.6936525141846321,0.22520081389017907,-0.39183296769830533,0.5095471799453881,0.6064069528804606,-0.6133493947559027,0.4383138262110294,0.8430605019048613,-0.6651291229054462,0.43062059108139666,1.06225047852536,-0.663228793951917
J,0.0,0.0,0.0,-0.08312672198779689,-0.3522839740203663,-0.28775275437377157,-0.08702683758419473,-0.6251968929235411,-0.4986219537991371,-0.038505018235232995,-0.31481572032386246,-0.6605378883392923,0.02712651334385787,0.10632960810055189,-0.7846071656130128,0.7026276046305256,-0.8184281778702472,-0.4357594803594893,0.30894288002395126,-0.5696182042455112,-0.6054301362965215,0.12328374933457895,-0.5354515753721655,-0.6636048895742113,0.17298227672464578,-0.5890982271456625,-0.7065820459915098,0.8113425877418987,-0.42561943764172455,-0.4007134881905295,0.33624847599861624,-0.11534385621587082,-0.5412312657638875,0.12339497203767455,-0.17870982356937384,-0.5341858354786503,0.2483276331427037,-0.29430456441425273,-0.5281516518651347,0.796842526175795,-0.056299383636443004,-0.38724160308101707,0.35443043140187963,0.25057081203944065,-0.5634825994151901,0.17169744332154396,0.08059802455703732,-0.5305835925836127,0.19550923853668942,-0.09056470506025716,-0.4979783755946741,0.690799422126888,0.24964512941557537,-0.40584328340023457,0.4777980905225915,0.6261266584061276,-0.635850812687254,0.3964233372908979,0.8560391908337625,-0.6808386362365269,0.40087027437947714,1.079618223867146,-0.6704390319206247
J,0.0,0.0,0.0,-0.07220388178891912,-0.36036446013843343,-0.29091650596704277,-0.07238544608411232,-0.6368490796877556,-0.5056359377928662,-0.04913977509810783,-0.3171378389317279,-0.6676099753358924,-0.002555932704415248,0.13231913261775125,-0.789504410662557,0.7133509377262954,-0.766418973766304,-0.47206143489087904,0.3004645663285055,-0.5435124312818153,-0.642756429372976,0.11497916966877211,-0.528302269063675,-0.6925744931669278,0.17361441375066664,-0.5870487713927028,-0.731934066946082,0.8223012563818071,-0.36608788793272934,-0.43566076488691885,0.31884064855194677,-0.08011123594779437,-0.5766462992414785,0.11911562815421456,-0.15967777901000915,-0.559192393242105,0.26066418365128174,-0.2825020154020027,-0.5462172044478787,0.7994797127162775,0.007394306154397949,-0.41816497595667473,0.3332397854010222,0.2905890723924769,-0.5977162772595704,0.16695667442156348,0.10334903151090011,-0.5525216594652189,0.20357796365881936,-0.0786509893528573,-0.5117932655915068,0.6834778835867248,0.3144959925229626,-0.43280152100877095,0.4442437279695156,0.6949719917127092,-0.6831090223849099,0.3494597200242907,0.9235098911383318,-0.7331904832774484,0.3341169643224367,1.1465046383592865,-0.7221637457031286
J,0.0,0.0,0.0,-0.07578971975659356,-0.3561678762470905,-0.31294574395859664,-0.08576179562584312,-0.6548235044604005,-0.5432919237861857,-0.06420682944269375,-0.37977000841950265,-0.7159894778624657,-0.015279447996354242,0.0653451440320612,-0.8509140475900999,0.7158162775848037,-0.758968644924498,-0.5220557199789468,0.3295422879399219,-0.6016151914555538,-0.6979811896072525,0.12052303989299308,-0.5587088612343345,-0.749756857904231,0.15473220086990633,-0.5958613233962571,-0.7902401082809563,0.8027596800455996,-0.356631231865682,-0.47790277311504775,0.31295549985410964,-0.13751503196718817,-0.631091526846553,0.11452013426255706,-0.20066241586197686,-0.6358234550162487,0.22857962760179035,-0.3066384039661088,-0.6406661141771279,0.7606238946443199,0.01298310155725376,-0.44932760496955626,0.30138175377690113,0.23653711382498982,-0.6431574900394099,0.1266702530087135,0.051314027222766484,-0.6229721590581779,0.14829008612089173,-0.13060741841910756,-0.6007022278687283,0.6276275443896125,0.3219371405867337,-0.4519219963733135,0.3926692401808535,0.6763631826228316,-0.7111346740122307,0.2745817105791065,0.9274687800414277,-0.7681752794629183,0.2351489043922932,1.1664674080807544,-0.7634589250713375
J,0.0,0.0,0.0,-0.0784222823347364,-0.35941478530082344,-0.32723645532457313,-0.09665680932825793,-0.6784615379143205,-0.5751969200961087,-0.08976396410910441,-0.46606986533847444,-0.7696431415769057,-0.047398011661799515,-0.007783259248871022,-0.9260928404010771,0.7564042195592305,-0.7635507548766495,-0.5055017755667535,0.31959896217269956,-0.6612436820735814,-0.7016374393488183,0.1090717501394363,-0.6439956950218664,-0.7670933062207587,0.1631077410699882,-0.6818216823734442,-0.8175078930457981,0.8178080999717366,-0.33043502752874004,-0.4711715231236909,0.30020827856680465,-0.17680171504171488,-0.655916780758517,0.05886403979951203,-0.26670751631468154,-0.665185729180776,0.21295328895213367,-0.3811964172430363,-0.6610770078557969,0.7431220877980136,0.05459246295374609,-0.45823608401559324,0.2663405034668432,0.23208969453369527,-0.6888568820142127,0.0652639090107962,0.026247077408843408,-0.660100095203351,0.12059833466213456,-0.14371000235127943,-0.6192769342487714,0.578374326961834,0.3682610148803179,-0.47661362402511265,0.30700734957814046,0.6915136436015017,-0.7583618692060066,0.16230257632010497,0.886951439141061,-0.8099548068524796,0.1260936796180735,1.0952895084607863,-0.7960890849781902
J,0.0,0.0,0.0,-0.06493689671293235,-0.3598375488459632,-0.35980335197167396,-0.08891042547259723,-0.7003936183129184,-0.6230882913016697,-0.11184150964478491,-0.5307861759872516,-0.8237873775647498,-0.09125360359104262,-0.06897723095194996,-0.9801072470698295,0.7647770815239621,-0.7247255154906984,-0.5675920876936726,0.28523039798768707,-0.6745551355111558,-0.7821806094561331,0.06193121644360681,-0.6476195239778474,-0.8473407373325235,0.12793752526711866,-0.6454565788054691,-0.8983948280621716,0.8106922859971054,-0.27161794142350354,-0.5186537489709737,0.27029638297191744,-0.15339531653442026,-0.7192682995401068,0.0027497884389991564,-0.2659176063179658,-0.7138828851765749,0.1771107061701669,-0.35741226960162853,-0.7025589225867682,0.7177028728357105,0.12168076026823652,-0.49339495555123125,0.22407884260088268,0.28492191948731116,-0.7409224714934,0.00024390626450313975,0.0464771776906809,-0.6919683268057717,0.05019854605922727,-0.12285189986874084,-0.6382128393591358,0.5375643130994451,0.4302590404796148,-0.5023707959766904,0.25566500349318483,0.7312306813412673,-0.8076157030581569,0.0948630567387144,0.8976874180511472,-0.8648228087325297,0.04547233781597417,1.0908752625774762,-0.8543169359199462
J,0.0,0.0,0.0,-0.0455093502459616,-0.37762155970284306,-0.34638026602308003,-0.051750753464259454,-0.714616178196894,-0.6034754677492015,-0.06765988304210044,-0.5629664551620651,-0.8001996933237624,-0.048103872726119594,-0.12086831644536286,-0.9532727519148978,0.7897700924911666,-0.7206891925008742,-0.5417260428453017,0.33979781570451656,-0.7324259143201166,-0.750363385597068,0.12220716771849623,-0.6761048219796025,-0.8163211929135935,0.18862108872505162,-0.6419547676257401,-0.8675673592869285,0.8224331944785801,-0.2777849027253516,-0.49642641794894954,0.3100068895189759,-0.2176177467183589,-0.6862338732353525,0.05204927425900507,-0.31237679683803893,-0.6811225016468732,0.22870489598301527,-0.3872363928147735,-0.6690968957478611,0.7158546047560668,0.10171429481123849,-0.47426161122160565,0.23399856813449937,0.216268316795703,-0.7067011689968468,0.0210520922018807,-0.0037710711852743193,-0.6541633929907119,0.07631032009139395,-0.14684542210851756,-0.5984052152265033,0.529106371735526,0.4006291080233147,-0.48549483279747735,0.23926064925042304,0.6664399938802026,-0.7741880259084005,0.0840628761483361,0.8163614843916643,-0.8242830758093754,0.03481911770791117,0.9972760993960501,-0.8098144539791893
J,0.0,0.0,0.0,-0.03059804542789957,-0.39257851068288535,-0.3745438252494064,-0.03398667303564318,-0.7207578223578752,-0.6518804056276237,-0.0962389276108079,-0.5399497319183224,-0.8638376501800359,-0.12597454167600458,-0.06461342523905457,-1.0359458990056518,0.808803421754753,-0.6681257916029638,-0.5938388747006289,0.3291257909499533,-0.7802401801204858,-0.8328010972427805,0.1068242056784147,-0.6808653059313057,-0.9227157072912971,0.18351427970217443,-0.5703638697683441,-0.9879487843985523,0.8207515808544131,-0.18541261117799926,-0.5403600708242029,0.28882332027737134,-0.19493604557600552,-0.7525886097564186,0.037925488255335364,-0.28356537499365175,-0.7593393841228374,0.22378236364900964,-0.34351924538184825,-0.7549840136338867,0.6817456982177246,0.21617384004102755,-0.5111015342007007,0.16485733181418352,0.25923768760081134,-0.759353046705835,-0.03467901291563428,0.028616510356740992,-0.704461163318252,0.043124638378514685,-0.10138265984115424,-0.6457186574517872,0.4691749422838525,0.5119732137921097,-0.5165053160445071,0.11472455591873892,0.7147279411347909,-0.8078818507085774,-0.06333113809547015,0.8276137282990877,-0.8491625776750049,-0.11618752688466248,0.9877929302900231,-0.8300391063069047
J,0.0,0.0,0.0,-0.03355031181572801,-0.3883760964975348,-0.4047040497000851,-0.05969457896695307,-0.7042264264246623,-0.7104514978654372,-0.17772380696547485,-0.5592194811505815,-0.945634059518852,-0.28944213690319665,-0.08979138901234439,-1.1417561064872028,0.816305060623953,-0.6040450355125453,-0.6450667782631074,0.28661526615226657,-0.8359954913031369,-0.9269714649137825,0.07173707580460247,-0.7290938514152436,-1.0545508137454256,0.14468522666641606,-0.5900799441596886,-1.1378707883767278,0.8018599637365262,-0.07734194214485048,-0.5924852931016258,0.20485209403715834,-0.21077936495225158,-0.8197333581238433,-0.021419668195381575,-0.2851524411398039,-0.8424231802998584,0.1790144542156265,-0.31901761189139144,-0.8480220444272769,0.6226757326437207,0.34194623639212574,-0.5653032862251177,0.04166736146284176,0.27566311414805644,-0.8224713103789982,-0.1136843118770971,0.07591187206525778,-0.7578820983413299,0.006675489617247308,-0.022347267315242097,-0.6904169260263753,0.37538456406563353,0.6377726698444381,-0.576207677764384,-0.06846089655043064,0.7479575201501036,-0.8555652825278842,-0.26426439750932673,0.8420149390581128,-0.8702585280428647,-0.3304574865609525,0.9956873647401343,-0.8318351911226078
J,0.0,0.0,0.0,-0.016232585827004927,-0.41659755520075825,-0.3791381048410923,-0.04021985971059944,-0.7437310525046934,-0.6686531228648092,-0.17052737909842064,-0.6052467389057776,-0.8904742912091863,-0.2935291475943938,-0.15462746272513236,-1.0755566165305104,0.833160738649841,-0.5716411616336764,-0.6353217743002721,0.27418451531211435,-0.8876482949443413,-0.9116332609549094,0.043675272950469204,-0.7255125335049872,-1.0284973043347223,0.08824000265858252,-0.5304490723756836,-1.0958865431331415,0.806759726041441,-0.03833011483276567,-0.589635096253985,0.14535182465690097,-0.22748137162475968,-0.8135794217286455,-0.07845983637825685,-0.27375469305009037,-0.836293537871606,0.09419122594868709,-0.29625082915563916,-0.8401584309082224,0.6275913587182262,0.3835161471417087,-0.5654438277778571,0.019308156137644188,0.25278108525090315,-0.8413826615125428,-0.12841777450998743,0.0972909967783632,-0.7995495215491936,-0.019507021272338276,0.014549422191384241,-0.7420249754816489,0.37611815369179263,0.67361022396151,-0.5731723862885301,-0.08482808020654709,0.7499668949426009,-0.8718737372042499,-0.3259659099434473,0.8579666213947688,-0.8919092241585993,-0.4306708584850045,1.0207126567924434,-0.851012977477528
J,0.0,0.0,0.0,-0.008621943332642573,-0.41232516346914416,-0.3782665760106285,-0.022944957118962873,-0.7263468141074468,-0.6673631406015726,-0.17398948411231407,-0.5942337459116227,-0.8876660708344503,-0.34023296784440593,-0.15734426476827254,-1.0727637659677796,0.8438509114123378,-0.5305044667998591,-0.6484649017279086,0.26453831508949716,-0.8867699900058087,-0.9258234498346263,0.0513067993162632,-0.7428245164487551,-1.0441088797487756,0.09280743145401454,-0.5408715634661062,-1.1098360493748938,0.7987717404895972,0.004587892951643503,-0.601616703419614,0.13099174073913553,-0.261151123065959,-0.8235587932823571,-0.01771658403524015,-0.2929805937957778,-0.8516828694112618,0.17219436801321958,-0.27011323841895896,-0.8593005080056773,0.6059838544481355,0.42220149112685473,-0.5736240896027434,-0.010031176796144115,0.19255508081502964,-0.8425284328457108,-0.10682783388055854,0.0362247767095204,-0.7945201505028873,0.02979623421647414,-0.02004197870565224,-0.7322153417263704,0.3473021676424587,0.7138963409894379,-0.5782753218758857,-0.14044462510067202,0.7189294695073096,-0.8612375396195145,-0.3799349404245174,0.8165855924619083,-0.8679763119082097,-0.48272606633016785,0.9923634601020807,-0.81797253088555
J,0.0,0.0,0.0,0.0003685939432913069,-0.3936336890905078,-0.3630382109075826,-0.01255718349178859,-0.7106114649981754,-0.646324478684941,-0.1562397533954407,-0.6040896375321876,-0.863883149115778,-0.30990906729557494,-0.13673099919726642,-1.0440939167662766,0.8562076344369843,-0.5003235877589803,-0.620663728447855,0.2918812833008131,-0.8636816402028231,-0.8824647784824863,0.07818460623672582,-0.7337641625208463,-0.9921167910954218,0.11972118698750779,-0.5430888149874,-1.0572028631783548,0.8138096128507514,0.023649709318144682,-0.5806501573933115,0.1513734109482774,-0.24205775971858587,-0.797587953539492,0.01699662334926421,-0.2949700797210777,-0.8282035504191643,0.22582314013815033,-0.2876601537920477,-0.8383739840055587,0.6184291393359221,0.4279552690002919,-0.5573342911064317,0.001320621425822432,0.18779045783793089,-0.8133387501849481,-0.09235568976269952,0.005114848344900179,-0.750163934879058,0.05228029592458837,-0.06655654325924122,-0.6798961156917434,0.3554439552278219,0.699113381711616,-0.5671305775451162,-0.14084522952097184,0.698474242590551,-0.8441495769074654,-0.37477986593846413,0.7803442676472757,-0.8415687251538739,-0.4722202084970371,0.9374229019852165,-0.7851543288460194
J,0.0,0.0,0.0,0.012495857457810603,-0.3960842922867597,-0.34236681142235137,0.01241536498199827,-0.7069664426232319,-0.6154431872150529,-0.13139934272778725,-0.5815236287358506,-0.8229081336612273,-0.29404106926949036,-0.1280714070044144,-0.9913174029857642,0.8713039914957728,-0.46228712725477383,-0.6094237629241318,0.2936166855353139,-0.8380580300764772,-0.8765235723877676,0.09602889372880662,-0.7261094372378596,-0.9912850347348524,0.16232592201957985,-0.5393444582163743,-1.057992060870508,0.8173240246101546,0.0485866284850182,-0.5741260996745559,0.13946948410061427,-0.23331925812253554,-0.7841538323572722,0.003150852276585706,-0.3158874122473046,-0.8017405820193325,0.23290480750239545,-0.3006647437259111,-0.7993937125676426,0.6130327509137616,0.4372116659121904,-0.5548250315382798,-0.003921182396168406,0.19952611912830295,-0.8097806671591701,-0.08530250065417264,-0.014286900674928405,-0.7408662633198014,0.0705610743817848,-0.0874251043674025,-0.6618242790476664,0.349290077103554,0.6954618414420208,-0.5663477863416952,-0.14134821273819148,0.702413651182817,-0.8489445381565404,-0.36515257517736205,0.7638475638498307,-0.8475968885987378,-0.4630303982016366,0.9159598469917598,-0.7860234841837471
J,0.0,0.0,0.0,0.012670113376336686,-0.40755200457245,-0.347689052742686,0.01187455216804657,-0.7333366705223123,-0.6241497945767313,-0.13589188597087257,-0.620681075845105,-0.8359024387216677,-0.31260017209439145,-0.19225429753674145,-1.011799750509284,0.8777816232006568,-0.493483412965093,-0.6155113025687632,0.3116802609073975,-0.8799470370104806,-0.8862132384037666,0.0859822630057824,-0.7533416039660181,-1.0075754215058512,0.12341404483051492,-0.5544713302514035,-1.0755730028227801,0.8142157950113011,0.026965832776793326,-0.5799357576635268,0.132619774766548,-0.2548350788359725,-0.7834548744895443,-0.021646649233974427,-0.316939881855375,-0.80762666425745,0.16466236087557792,-0.2968011067329102,-0.8156389653012309,0.6038156310444031,0.4301537452394943,-0.5608668451729635,-0.022759180976215508,0.1836377496426623,-0.8160887325561366,-0.11878940990824352,-0.024617464271411555,-0.765712187612188,0.01277495747602816,-0.10834958480541018,-0.7030446748152054,0.3333662702186647,0.7014829605363977,-0.5716860770385508,-0.15025308939372786,0.6876727981956418,-0.8379726742914891,-0.3871995355790193,0.7479788805146895,-0.8309093690935868,-0.49645457632179824,0.8988141855650097,-0.7715047370403247
J,0.0,0.0,0.0,0.010132371919608802,-0.4214162148804096,-0.3586902730810469,0.007369984690428481,-0.7757292357012685,-0.6364059039848121,-0.15503338001821373,-0.6888722413835566,-0.8452069031271836,-0.32322311949710775,-0.23703929947595934,-1.0198112783663333,0.8696844585621162,-0.5686021108437187,-0.6202456497781001,0.2913632132392593,-0.9212337280535099,-0.8807462860610198,0.0491220248304596,-0.7699404970727767,-1.005632681542319,0.08293605390002541,-0.5727101462635843,-1.0824976470796328,0.8138375196898272,-0.03420783034228554,-0.5800847488844915,0.14473186090898854,-0.3189982919701261,-0.77588352087846,-0.002734020930300554,-0.36869884921724466,-0.8115515152106121,0.18311671631162502,-0.36963861419309474,-0.8355418747366495,0.6112996942797421,0.3809853088456121,-0.555672396887465,-0.01603151148293823,0.1507553219056799,-0.7890401429900559,-0.11243665453376286,-0.03530711197418172,-0.7381351561945145,0.026103998993800854,-0.11332686603687853,-0.6858825075512688,0.34854757057354613,0.6634745982519841,-0.5642617822285027,-0.14206192680208302,0.651955779699474,-0.8198640664866566,-0.38959500585745266,0.705976419205615,-0.8125365436942426,-0.49944227256507967,0.8326611855057084,-0.7603787995818168
J,0.0,0.0,0.0,-0.0364795409546581,-0.6771212572658173,-0.23390740372120214,-0.05500191129491943,-1.147272292849567,-0.448280772657496,-0.21784460447930143,-1.1536496110287804,-0.6304426498115702,-0.40190682057250054,-0.6930620244844607,-0.8021819949432878,0.8043121705254688,-1.012534146669988,-0.4344148390249538,0.30175747431632416,-1.3796270612652457,-0.6755738853771057,-0.042355520609637064,-1.1659000060810805,-0.7827100871908115,-0.1042945187983521,-0.9674060011625958,-0.8335561980163044,0.7697323598621195,-0.4387826380745176,-0.4636613966090549,0.14278390847997458,-0.8410083901026667,-0.6508322580135719,-0.17744237516879205,-0.6933425643086307,-0.6513129961501837,-0.18699833315817746,-0.5782309692458859,-0.632177998373463,0.5626804857345659,0.05158486881707821,-0.5162118617768812,-0.05108633943661053,-0.24158542755687754,-0.7419688878657843,-0.19676329144380703,-0.22442230824720766,-0.7465275663704215,-0.10178801345343119,-0.19019682425096768,-0.7252820588817621,0.2939562947998847,0.4099250532639821,-0.5850567653635812,-0.2593510145663838,0.2736641638865882,-0.771004993762695,-0.5405755207104778,0.35524244797721344,-0.7576128690454734,-0.6377638421602776,0.460028566934742,-0.7204629727499497
J,0.0,0.0,0.0,-0.050310188437361916,-0.6731895612569927,-0.18826001801323722,-0.05075114073001205,-1.1600076152995897,-0.35904830988540276,-0.23540037375375408,-1.2047859153988947,-0.5077859019325376,-0.43498709592926765,-0.8075706012998157,-0.6514442079896167,0.7752703853866969,-1.0724282090798654,-0.36726620367276774,0.2902744368391048,-1.4090280549498186,-0.5730110161733629,-0.10747005684927412,-1.2203680716451841,-0.6491829000126468,-0.24127421193780293,-1.0102408582837068,-0.6805193386194616,0.7498399262233576,-0.5228414066171542,-0.40543427157548634,0.14529912195557557,-0.9307270662740925,-0.5775162261157506,-0.20607465181474016,-0.7975136104347404,-0.5662043907511964,-0.2718089609649353,-0.6656126967998264,-0.5352394185337728,0.5475319721465854,-0.0482367548707944,-0.4662702619985868,-0.024927250448418543,-0.3507169500963014,-0.6719638234651677,-0.1535670695380649,-0.31753354026369324,-0.6873892795598395,-0.055168031280450794,-0.27382345354000404,-0.6769426795314275,0.2881709802049926,0.3060693332265849,-0.5372739878840708,-0.2664873261949905,0.20061597923956073,-0.703546801187986,-0.5271492563333202,0.27565099265766263,-0.700969422144104,-0.6121924501079125,0.34241198020352687,-0.6802099905093922
J,0.0,0.0,0.0,0.25735883735007986,0.06580484476469955,-0.28335178750151324,0.48995659860636714,0.07971086687490345,-0.47391177136783114,0.5565131926322006,0.09322494370525246,-0.6150865662711371,0.5463547566545498,0.024548363194190306,-0.7377793890821068,0.3462798602929169,-0.8598440194997452,-0.4700344482227976,0.27552994282025345,-0.475055200655894,-0.617422892712231,0.3186858858552074,-0.20362048336077562,-0.6547249901423366,0.34473473432492413,-0.10896324303773916,-0.672300532974143,0.07501455442570847,-0.905561222264958,-0.41753046518105447,0.02201857515212021,-0.36393860221530755,-0.555896132909182,0.13293071922121064,-0.06203750512573007,-0.566371796807672,0.21204574445341898,-0.001262215579487063,-0.5835850804201137,-0.16836047440754484,-0.7916491120603953,-0.38003007937509975,-0.21305507051008396,-0.27200489053964527,-0.5661470867219693,-0.06617993818314835,-0.018090640622002913,-0.5919908670106686,0.022257514458546544,0.07506689563762531,-0.6035374053205617,-0.34147138810390015,-0.6169295710110139,-0.36082191481806647,-0.4726433756436663,-0.3656349485290302,-0.5467430053258743,-0.5756104808693205,-0.15767617107264,-0.5976301024864848,-0.6961509526930234,-0.05861646565856858,-0.6196444367728208
J,0.0,0.0,0.0,0.2584755681552358,0.0532614451381133,-0.2765689543019552,0.49294261797220046,0.06281146641541867,-0.4674285661757253,0.5685197531297622,0.07642309535389485,-0.6136736230171863,0.5274419960674658,0.03623555988806162,-0.7444513066016388,0.3494712187935086,-0.8736356014359545,-0.4472066106185857,0.29469160763093233,-0.4870320186932864,-0.5963565204524324,0.3254387539028594,-0.22249263872022454,-0.6398906717311807,0.33797710063356506,-0.12907974818099946,-0.6615518037371665,0.07261071342268745,-0.9132750899755613,-0.4008195283745274,0.034007622590742824,-0.3722056897526498,-0.5421474841338411,0.13504970313239573,-0.06475420140882211,-0.5589860528687267,0.20345308674579166,-0.002573516690642395,-0.5781122550457221,-0.17482072747392763,-0.7934804756157039,-0.37057948723370643,-0.1997839301657745,-0.26036394107001787,-0.562201586842795,-0.054101844286737706,0.0025483217397990975,-0.5937854438133356,0.026322708620458865,0.10495376689622918,-0.6056674734236503,-0.3511497472753662,-0.6171876593697564,-0.35822959192586246,-0.4701889670730029,-0.3612255712880634,-0.545707803065846,-0.5750300376350547,-0.1438668010198542,-0.5972279025811479,-0.699231725558637,-0.03337718136581257,-0.6185430012307318
J,0.0,0.0,0.0,0.29665675589998597,0.07176650262123399,-0.27258824848081936,0.574852130017526,0.09055309494133017,-0.46707286099220724,0.650297515065811,0.1434363811389564,-0.6183060164990466,0.5736130679842598,0.18818174316077713,-0.758109108937545,0.35163426451502633,-0.8858791883300493,-0.4724182620843637,0.303083865066557,-0.41841041637842674,-0.64387445941945,0.3528284741831075,-0.1148257616807541,-0.708884626628836,0.3836236385902673,-0.012501577423395142,-0.7447467491393245,0.044562616434744455,-0.8976985896978339,-0.43835079020233303,0.021627859916322344,-0.28649886900780275,-0.5931682427765839,0.14945116980243514,0.031793036862351076,-0.6209905479375945,0.233206351312951,0.10373969030573327,-0.6522593187242426,-0.22504173812645686,-0.7449948202779577,-0.41932971144689274,-0.22283915338323756,-0.14651982679513487,-0.6232378614857641,-0.043112637080897354,0.1287556954169292,-0.6608853058269928,0.06196867025287782,0.23887208231348828,-0.6776250610796707,-0.41185517524850346,-0.5429200878911717,-0.41844708980058953,-0.5310828938495947,-0.23597583041283415,-0.6071765137015394,-0.6231911179044758,0.012964063381763246,-0.6555494806530232,-0.735960899060446,0.14830663134869115,-0.6778323333733288
J,0.0,0.0,0.0,0.3160208449047235,0.04969416862296864,-0.29025015551679106,0.5989416551906285,0.05752548846421251,-0.5036367981095516,0.6978102964956245,0.135853115781154,-0.6740879369446965,0.6607959426950981,0.20404922603815037,-0.8332976822779649,0.3313393615992907,-0.8893735402514676,-0.5072380547548462,0.32856901193475524,-0.4076330241390205,-0.7126780420374059,0.3871304446664999,-0.12685714073663634,-0.8022621302078285,0.41205363187252986,-0.050271069424239444,-0.8550878818655839,0.00028359820266101376,-0.8818147096333119,-0.4715959472327741,0.03434590029345317,-0.20667222211156888,-0.6567799552359195,0.17413070101748662,0.11035890148719062,-0.6913346915764019,0.27344587222554695,0.14858553864479215,-0.7246994902083757,-0.2735374255399584,-0.7134092191573433,-0.4530916114221143,-0.22308235566095333,-0.05179542572471994,-0.6702764715911035,-0.022019402097198795,0.2163807041217995,-0.6925045182012011,0.10326064660834065,0.293518649109073,-0.6966723647270708,-0.45680621992684417,-0.4992397127282412,-0.4571697561301681,-0.5283729478135761,-0.09548640393800605,-0.6489947312754323,-0.5761975517880705,0.206571092090629,-0.6833959849326195,-0.6491961249902187,0.3627932242105876,-0.691954176799369
J,0.0,0.0,0.0,0.31470560168856654,0.0314653894130889,-0.25772186180122786,0.595874192159413,0.012103781704946042,-0.45229829505265745,0.7118985465548453,0.08519362737546697,-0.6113806179465178,0.6710863458083872,0.2003595086404704,-0.7655235923523545,0.3341869666537502,-0.8955515348191777,-0.4598742821267985,0.3592218509864828,-0.4173339961290422,-0.6682596974296954,0.4041747418825649,-0.1368282837803236,-0.7734294864117763,0.4260343991549512,-0.07278470724373252,-0.8371656264079045,-0.0006970944812822947,-0.8981587447829626,-0.43967076685763073,0.06237067745449549,-0.1994456254358882,-0.6138345564955079,0.18882080755350153,0.09498793251046513,-0.6539061901103399,0.28347155571871635,0.12967387289248186,-0.6928338738071703,-0.27441047651888384,-0.7365770955950397,-0.4362526100309365,-0.19534693969731576,-0.03077238046722804,-0.6476182957507881,0.0065962246108882345,0.22424967701730975,-0.6732830547398222,0.14851355345053643,0.30265774074970136,-0.6789551184710837,-0.45911293669459724,-0.5278225777014125,-0.4542288062940218,-0.4950664144411141,-0.0756309210296714,-0.6434758820159081,-0.4902579945960493,0.2852370177127038,-0.6713854512095477,-0.4895214491633538,0.5006749608638704,-0.6728737989962782
J,0.0,0.0,0.0,0.3260985244154175,-0.011510014818360963,-0.26703545410912244,0.6235924012494188,-0.05361939297400417,-0.4751968424267129,0.7510847527062979,0.05866779700583116,-0.6460084837800204,0.757863562331723,0.2350760461801454,-0.8143914424653711,0.31019648468291816,-0.9298644661943885,-0.4996212529369673,0.38444858969896584,-0.41191806243527845,-0.7180392643778946,0.45325622510232827,-0.11333776958651136,-0.8237884414149154,0.465548113077116,-0.026057997852628585,-0.8889600136056464,-0.030335053175014275,-0.8768680139052457,-0.47977314507873287,0.0784135246424411,-0.17056038683413538,-0.65594789141186,0.2238588507855067,0.11105143339455424,-0.6901929098628238,0.3157034348732766,0.12337249673503588,-0.7296085624735787,-0.30111695101396085,-0.6637343739230189,-0.475398172433128,-0.1810266163090641,0.062399979060235,-0.6817792806021813,0.04789009718847173,0.3029211609573052,-0.694420806692328,0.20319403251911516,0.3555279422662898,-0.6969229606579112,-0.47894120458078837,-0.42435675978447107,-0.4942130193949156,-0.49191638228454404,0.08311075851915803,-0.6776519655128547,-0.46483884528280417,0.43500110553306526,-0.6960844020306955,-0.4559548798185895,0.6276277939536825,-0.6959653692030815
J,0.0,0.0,0.0,0.31037340608878544,-0.040945966113321464,-0.2340434622547872,0.5890102938529505,-0.11157152636994645,-0.4105655688193588,0.7146301774203092,-0.0689725824483966,-0.5578737731618489,0.6863506533372891,0.011436952320451381,-0.6987053139217786,0.264075654834629,-0.9872125343870863,-0.40205836238462256,0.36429570817281137,-0.5008431984466147,-0.6110275181015716,0.4326941421246271,-0.19027954420645898,-0.7263390155028804,0.4504123092558287,-0.10899529659850729,-0.7955963398000974,-0.061602956576824484,-0.9190619651573343,-0.3892687759660833,0.09321100381711997,-0.24879289097713253,-0.5486223421826865,0.22159471771870057,0.0019023554380564502,-0.5907287715891083,0.29544201505956535,-0.0002686672038238648,-0.6328708804036399,-0.32256340824895524,-0.6979770973552286,-0.39431750677036653,-0.15877929164437532,-0.04980013272868805,-0.5779697269960624,0.04878661060220281,0.17500068869402044,-0.5881676078574893,0.1865368625486855,0.22609561831772074,-0.5870840507090782,-0.5010661001905662,-0.4477590472640534,-0.4214497109464893,-0.4463905591533513,0.008055603467069844,-0.5819594538841938,-0.3738043334719179,0.32040927974377714,-0.593500292537799,-0.32902982818519455,0.48644157728622056,-0.5854108377595013
J,0.0,0.0,0.0,0.3168919160989275,-0.05020929869431622,-0.2471910374207953,0.614263951045068,-0.09221469374503098,-0.4388481044322176,0.7459918733776142,-0.059485503438427435,-0.6005251364289729,0.6568921876554072,0.005075025059278234,-0.7557617266261833,0.2616680093103244,-0.9941864993825038,-0.44284015872829446,0.41965197096524015,-0.4425151909224521,-0.6758424187400384,0.4979871673686358,-0.13656047930715684,-0.8027150443793621,0.49713626176897757,-0.0824187430570533,-0.8781775007884258,-0.07858459976881271,-0.8972860898956557,-0.4343985883482367,0.1417836793070652,-0.1325148099560545,-0.6151753835292956,0.2810925303528047,0.12262670005657778,-0.6577438033431697,0.3376517454272664,0.10459123572576529,-0.699508264073229,-0.3460811790660124,-0.6462111884471581,-0.44391229311532465,-0.11693563534764102,0.09154330522015959,-0.6464464977436948,0.1061410042317259,0.2986718666035496,-0.6463814128012758,0.23806551509936547,0.31429812109858996,-0.636088522573435,-0.5267494437718797,-0.3699676196753526,-0.47755337281240834,-0.4342764775043192,0.15903318960985482,-0.6553914094612305,-0.33438709538519207,0.4820801673740217,-0.6628217625596882,-0.26964518262172854,0.6488464617612094,-0.6475864178315128
J,0.0,0.0,0.0,0.3051403086179683,-0.05965811272818544,-0.2302503314518182,0.5921218834877072,-0.11561471278566253,-0.407977661806741,0.7108865044055964,-0.10430495055636929,-0.5587455298216117,0.6339609394854008,-0.04974199309424735,-0.7028247899646299,0.2736025543904557,-1.021240436289363,-0.38829044593353457,0.4223421574348965,-0.4933672682921382,-0.597927177135377,0.4866630623485034,-0.19005618809227082,-0.7155971614702991,0.47523238283547664,-0.1291579642025539,-0.7868679097306902,-0.04853140225038644,-0.9225982303383735,-0.3826972803301752,0.15830637743433,-0.19819580336892564,-0.5446122587803618,0.2838629917907608,0.06583391787648576,-0.5883892785147375,0.32881379865417243,0.05717221837901988,-0.6307978574970097,-0.30528958603221507,-0.6768774226232274,-0.3946142393992401,-0.09362194721141762,0.030195030957397066,-0.5818342210756653,0.11228703819899173,0.2358219619788843,-0.5888547713842064,0.22602585726089067,0.24907258841275318,-0.5841260418953418,-0.480427378651915,-0.4101300274165471,-0.42857713928726215,-0.4063052770877905,0.08778001814506807,-0.5891604807001702,-0.33435369233055645,0.4034112546786033,-0.5933287108823468,-0.3009922528013613,0.5650054736072014,-0.5778904226535955
J,0.0,0.0,0.0,0.3054995642549119,-0.03686331026765551,-0.23999576153176647,0.6083168054438557,-0.07645189395316106,-0.4291326201576084,0.7185445349927905,-0.07212354213687912,-0.5864182471174859,0.5938196567656735,-0.00445640006161199,-0.7381016295424544,0.25790053924085937,-1.0039452077910584,-0.4268001551370705,0.4026040211790072,-0.43313690450512105,-0.6465177646540908,0.4819851023701677,-0.13544293114657185,-0.7717643357845952,0.48061831780794567,-0.10667716712670042,-0.8487363839213724,-0.07448728330929362,-0.90302847228186,-0.42307354310272227,0.12787095805203383,-0.14402350160087785,-0.5953061601209279,0.276591033800592,0.12480730008617993,-0.6448438382453118,0.3390836619869887,0.11002983680615191,-0.6942261056727773,-0.3382003030364464,-0.6529713898239133,-0.43572867696230727,-0.12193310535479558,0.07909260468443993,-0.6363058167377298,0.09623996401596832,0.2837258766783137,-0.6526670909686166,0.21412677157867813,0.29173685321373777,-0.6569678127298717,-0.5120324861579534,-0.3832116028000463,-0.4697300688063204,-0.4762148363263003,0.123819441992897,-0.6392439686909196,-0.44610944949321624,0.451291121774067,-0.6486764546917422,-0.44741716059638575,0.6247289243280606,-0.6402724356059973
J,0.0,0.0,0.0,0.2929945935881876,-0.0672357916618398,-0.20727219047640244,0.5798489219936004,-0.14617746796383607,-0.3702899758598344,0.6578076975446645,-0.1613896380628108,-0.5060623894696644,0.5268348024996452,-0.06983502362736874,-0.6363525969239292,0.2386522130059541,-1.0166047688955404,-0.3703792427266908,0.37127543976037564,-0.5272506547053424,-0.5648328051885733,0.4436930064657132,-0.26460430496958737,-0.6709977311473591,0.4423082024300296,-0.23930420051623413,-0.7365282672235725,-0.07353734124305053,-0.9260506781781184,-0.3701653696508497,0.1256858803747429,-0.21452830149378227,-0.5225450322701418,0.262515827689762,0.036838602042159885,-0.5619111289701093,0.312368648430434,0.02136613511482122,-0.6011219193806175,-0.3134120775347561,-0.6839203266431116,-0.38509933973051436,-0.09975620631977257,0.01297150012811553,-0.5681520879259616,0.10772801464030812,0.18578418355011891,-0.5834780911833691,0.21907851423267063,0.17252548510324395,-0.5858142863539199,-0.47034403900388155,-0.4194784269673935,-0.418239858650851,-0.41889549907018897,0.061341376210735134,-0.5815773638885958,-0.35768258993048613,0.3629461903406035,-0.5963030030976166,-0.32401774103531106,0.5162410952170438,-0.5887560764182119
J,0.0,0.0,0.0,0.28591323231283444,-0.04043588317238078,-0.25901816328377875,0.5690902549462317,-0.09869937028610898,-0.4524293826186647,0.6414843106187681,-0.11575503525706402,-0.6098925439795889,0.5026019989398613,-0.03723035679124463,-0.7580712226138427,0.22798010784243003,-1.0034819510782444,-0.43556282504249016,0.36501301918178347,-0.49588189318568576,-0.6505814950241646,0.43947007607852606,-0.2333458528515901,-0.7659997369146951,0.43102691478197674,-0.2212514277906415,-0.836485191766365,-0.08860263047637348,-0.9051531669786731,-0.41574910484707656,0.1051836828559275,-0.19198558474096256,-0.5950595765258818,0.2540433246410478,0.07421672437835511,-0.6389033647215875,0.30860561531604225,0.05635822774707856,-0.6777863543314286,-0.3320618673624772,-0.6633032500989592,-0.4137052066535817,-0.12088423052619532,0.030555392192149197,-0.6154613611403035,0.09243168482363025,0.22680996840348172,-0.6232570999207666,0.19727819603518837,0.22719631616651378,-0.6170695463131857,-0.4912183579325066,-0.4034493257137718,-0.4342041771486682,-0.43174621008687764,0.0685594532503536,-0.6054516882791234,-0.375510418266008,0.37135799941539105,-0.6176543638474359,-0.3604744417070524,0.52183591378235,-0.6075553543706852
J,0.0,0.0,0.0,0.27950062792332436,-0.05937230255454855,-0.23977188989048373,0.561842328518225,-0.1562605559888142,-0.4188595173714323,0.5908688808215158,-0.18766862036944398,-0.5621167691689071,0.43178991838041314,-0.09845426132558868,-0.696053617628051,0.1998074001782918,-1.0057092642581038,-0.4066090254818089,0.3240558190533935,-0.5319174024123687,-0.598760670241475,0.40094982867992623,-0.27377734758961253,-0.6976557235723139,0.3979028412013809,-0.2609994763385178,-0.7592292877936746,-0.10079559782905778,-0.9158354261673513,-0.3886974654344289,0.07601026692848101,-0.2289872192977191,-0.5481303926703883,0.22854181009965097,0.029873597312971772,-0.5852738500204341,0.2832439120642239,0.00526072156232013,-0.6202261795424496,-0.3253206900313215,-0.6817634183427363,-0.3862665134158127,-0.13575014600216764,-0.004972656701318604,-0.5740173138210607,0.07539444134095276,0.17539456280738644,-0.5824924410742317,0.1763176415897048,0.1612292550962889,-0.5783168797512007,-0.47169961390025944,-0.42832942230872323,-0.40371161706150016,-0.42610981179772567,0.020411829921807567,-0.5664623871001397,-0.36878106679166417,0.3096466995760944,-0.5782892365578365,-0.3547594317298089,0.4490293170915324,-0.5686909321790576
J,0.0,0.0,0.0,0.28149937687625814,-0.05399191332474801,-0.26173236546541745,0.5565498637153098,-0.14545588573604024,-0.45340554090423635,0.5674993900405813,-0.18027149115595917,-0.604170227446504,0.39688586379643076,-0.09811009307495498,-0.744100663743508,0.1842985862135794,-0.9926521219483894,-0.43692986116386767,0.3051315012599277,-0.5276956449102738,-0.6305660445167757,0.3801882556027949,-0.2856946048831418,-0.7272100487797826,0.3791705408771066,-0.2786975521530122,-0.7874134362151253,-0.10797584825413668,-0.9059693202855172,-0.40934191929876595,0.0653332023280311,-0.23859133197511143,-0.5792702421767625,0.21224878242679757,0.0015789009757420757,-0.6234560036288367,0.2704922418433186,-0.031226500801657054,-0.6625255603920709,-0.323632578792802,-0.6741192630716629,-0.397369134436325,-0.1378857964921613,-0.015193680668402753,-0.5986021287910984,0.06886070904094523,0.16046125280809417,-0.6177203586708854,0.1736398020015493,0.1535801214693618,-0.6185002468172596,-0.45990550746427233,-0.4247276476962369,-0.4057177625391276,-0.43038667659287,-0.004896270834412764,-0.5792640237215559,-0.39591032896973777,0.2653658881662641,-0.60294830099842,-0.39494183390365595,0.39977744546746913,-0.6017025566936016
J,0.0,0.0,0.0,0.27746707468848175,-0.056268491545737626,-0.27196465019785354,0.5485746441906426,-0.14464942866081895,-0.47129021033225715,0.5509373501448042,-0.17492619079521127,-0.6261464547794087,0.3713291846326823,-0.09616901759130836,-0.7690984250040125,0.1834679527522201,-0.9894880145013975,-0.4582743021353344,0.3054026184155283,-0.5138622054566032,-0.6568548162412382,0.37598031432271234,-0.28028217437022473,-0.7544130730488466,0.3698798149426319,-0.28536432576546583,-0.8165284878173508,-0.10477050568650913,-0.8977199006517174,-0.42792770547379116,0.06458867761676555,-0.24544647105310827,-0.6035732669895463,0.20841811376523176,-0.014299962405826762,-0.6456909381882692,0.2627485672175305,-0.05698751569294577,-0.6841441739838039,-0.31705741759856826,-0.6641640141743952,-0.4139113844621535,-0.13635569768775224,-0.01834689924722273,-0.6221044854891583,0.06692954945077562,0.14975318312732097,-0.6384381402290872,0.17111919822659025,0.13174153582020076,-0.6382797562146556,-0.45090727454449986,-0.41227590005439646,-0.4208715301204171,-0.41248858055809345,-0.003741143634831066,-0.6034040236772616,-0.373511325878925,0.2628955143118828,-0.6296789612661263,-0.36593009192191006,0.39398918904314667,-0.6308487617986825
J,0.0,0.0,0.0,0.3059866168510719,-0.08493548569631913,-0.25630270285702045,0.5897200000183049,-0.208259993383596,-0.43456131505204293,0.5537048844434277,-0.22127127131724142,-0.5692159304877413,0.35837604444904186,-0.08404220686470813,-0.691275152529958,0.20212023337906074,-1.0059565447643095,-0.4116613329260187,0.3540207609507303,-0.5260431862002956,-0.5965555696853838,0.41874485921822624,-0.30738226385811,-0.6927366450320261,0.4045609649358623,-0.3387681925497306,-0.7555898409679516,-0.08605665121924587,-0.9183305277385826,-0.38634608138857257,0.10799227722117485,-0.2757200037650462,-0.5421345859975566,0.24605530753086713,-0.06592758511168938,-0.5900165743966714,0.28636674048910365,-0.12700514945863392,-0.6347528939928299,-0.2939875905574413,-0.6914622159140338,-0.3767249793002274,-0.09402956367979878,-0.05097077224411715,-0.5736417998942458,0.11375638838751387,0.10814408606221877,-0.6000584459631346,0.21529800387257156,0.08003921699827837,-0.6074013459523636,-0.4285657234734515,-0.43491313669848547,-0.38661408816202253,-0.37143518899364864,-0.043026764741874196,-0.5622001768166645,-0.29946033974401587,0.20560073721907965,-0.5914814776838202,-0.25619320136883605,0.33057606488535496,-0.5949814056558234
J,0.0,0.0,0.0,0.30171516731840875,-0.0998497101945405,-0.22779234327357187,0.5725453307925147,-0.222432018488024,-0.3915903724495376,0.5781683029115998,-0.28866914894028056,-0.5229063640738739,0.40024260730894246,-0.1862402071500606,-0.6439926923848299,0.17502400174607832,-1.0601831411610096,-0.3258182465722436,0.3443219367478871,-0.5956026069870614,-0.5068251186425194,0.40857461228822095,-0.35509135990177676,-0.6197494198205843,0.3940508654081551,-0.3470226893836596,-0.6915559924903878,-0.09776425986925835,-0.9445600699361181,-0.3134460460342284,0.10923283718376017,-0.3527886411526046,-0.461572904977714,0.24155292264201322,-0.15486095554384385,-0.5263559522167842,0.2825100614456602,-0.17625542272721323,-0.581197394654019,-0.3039107096416255,-0.6997925542527181,-0.319123743439363,-0.08080437766625213,-0.0922298045154618,-0.4946853183469662,0.12763930957996625,0.07837057480089517,-0.533625406143963,0.22495468798730697,0.09137239310781867,-0.5496759214466568,-0.4344864083847232,-0.43747282876301774,-0.34373172490248677,-0.370452575677148,-0.0387143642143672,-0.4824317524327846,-0.34383806842221903,0.19129720843654335,-0.5060324329328145,-0.3600112126823579,0.29703917297816784,-0.5105781595170248
J,0.0,0.0,0.0,0.2874376253264078,-0.1132676820708057,-0.22543070805429846,0.5464337294562257,-0.23902617654341274,-0.39006989499488054,0.5699177548732702,-0.3047351715257135,-0.5240401634760696,0.40279012698119254,-0.2079391469414165,-0.6471442677950836,0.17006782814757626,-1.0654285504438605,-0.3184824637343548,0.3443564224494674,-0.6265853579386392,-0.5077396504450047,0.40819842841549636,-0.3909862836410628,-0.6267692527833681,0.3845244702295361,-0.38799825858763587,-0.7025991136929847,-0.10067017482219742,-0.9460211322018627,-0.30807390887378633,0.11132747556627684,-0.3748320917179455,-0.46723079404541284,0.24185091407248413,-0.1757305119594326,-0.5356836229402894,0.27359416822319804,-0.2144783909781606,-0.5897550226895449,-0.3055130646377323,-0.696527530749003,-0.31624878946682355,-0.06673472302929856,-0.1009170418743612,-0.4935712124530148,0.1362860989194473,0.05960871426939949,-0.525947917439147,0.22374774776521777,0.04225742210670759,-0.5359808768331278,-0.4364100489763304,-0.43137216198883876,-0.3440421992500587,-0.34683693530202075,-0.025481963284787003,-0.48019917121509925,-0.28897302907704264,0.1953509769152609,-0.4989150642786817,-0.27847320856042745,0.2768856530063374,-0.49847883380043473
J,0.0,0.0,0.0,0.287907019760703,-0.15254775630866785,-0.2483603981412939,0.5581040728580551,-0.29595800050196625,-0.4270775523684217,0.6050749984957099,-0.39570061473454615,-0.5738814696450726,0.44083760639957953,-0.28603409599137414,-0.711975142903354,0.09330694189690193,-1.1044066056782789,-0.3593261546797335,0.346879735147375,-0.6623495963315238,-0.5687673276092752,0.4130096107997338,-0.4333480316133239,-0.7041837211259722,0.3754758650805411,-0.42102914055694607,-0.786327271697014,-0.16844192926735185,-0.9230595248765651,-0.34581560115087673,0.1411041920780688,-0.35516100305650233,-0.5195213296646507,0.26090794017121993,-0.18605907429987062,-0.5972924866889179,0.2787408837160287,-0.21316381506049126,-0.6578135446218757,-0.35520835622350044,-0.633226456276095,-0.35275666841940406,-0.0414420311118066,-0.05349894842837391,-0.5448281814006635,0.177672498601449,0.08027045011079133,-0.5922507879309907,0.29323766707247695,0.07031803946484218,-0.6097855949940276,-0.46810207575335805,-0.34268638840119037,-0.38120623323307407,-0.3186133104739795,0.06671990553667123,-0.5226680182880448,-0.2589843650043558,0.2898541537171184,-0.5471622684754591,-0.23818218941844826,0.38684357000878494,-0.5503378166160535
J,0.0,0.0,0.0,0.3057241533065161,-0.17388354393439903,-0.2472058912738801,0.5894093802472574,-0.3174785667335879,-0.4329865434363501,0.6673406479787884,-0.3923203633602604,-0.5887967396699201,0.5146706436742043,-0.2848245843174388,-0.7395288653908998,0.06707694663205019,-1.104379687858776,-0.40342837627408884,0.3804799802402196,-0.6631531212021378,-0.63113176403241,0.457197961837997,-0.44300118050705917,-0.7764969338832134,0.41814363935824994,-0.42371962846532146,-0.8654314807439855,-0.2038015149773242,-0.8931513106631782,-0.4009310149559328,0.1722663038216345,-0.3127104855845382,-0.5925171946583394,0.30009080791332216,-0.1548198939909547,-0.6788244222501759,0.31674044441488874,-0.18535881480417998,-0.7502135776081676,-0.39463766089754804,-0.567598195884393,-0.4170893683250132,-0.026948650352336595,0.01971800360047036,-0.6352194028299559,0.21616470776635413,0.15878084401655757,-0.6952077339649395,0.35522974921373723,0.158587153262519,-0.7218214391430129,-0.5059702259063984,-0.24676823532173534,-0.45416454288435787,-0.32855182571079544,0.18722153464265115,-0.6263931378609965,-0.24859405551789301,0.4436271797020969,-0.665524172755027,-0.20628000568892868,0.5709392319191291,-0.6788695433917418
J,0.0,0.0,0.0,0.3195534502708879,-0.22636152995669184,-0.23449597132195235,0.6198363505761769,-0.42066568657142317,-0.4048142408273913,0.7113822482145632,-0.5232394752821093,-0.5482251506002431,0.5584319470321101,-0.36309355358444456,-0.6876229679907165,0.05990099008126474,-1.1337491321214068,-0.3734102903539175,0.39995931530143153,-0.7196921152199169,-0.5772084889045447,0.4745598076204106,-0.47717439520251814,-0.7052170916107666,0.42866101961236064,-0.4673242462843208,-0.7872474087135367,-0.2034425396224059,-0.903757211974694,-0.3766085963911521,0.21410110611703342,-0.37264990704137396,-0.5444313486863406,0.3297822688947195,-0.2099194813927119,-0.6188706695518398,0.33182718771750574,-0.2570589951570186,-0.686018550336655,-0.3815572861667575,-0.5655274594642229,-0.3973723825911562,0.0312658538051327,-0.038437407415456114,-0.5993543939270235,0.2756176511966431,0.0869916199346526,-0.6548907611960005,0.4068438582694182,0.06312134678002584,-0.6827621572882874,-0.4821776230947777,-0.23018496744762432,-0.4380227931172612,-0.2857114135191075,0.1475838934541949,-0.59750386656739,-0.16897514738988742,0.3735193879881853,-0.6291706007589979,-0.08120698572623639,0.48464166450588253,-0.640731740194658
J,0.0,0.0,0.0,0.3259955235091231,-0.2855169454847805,-0.23160381702929628,0.6112064321298584,-0.49241152679938854,-0.4026058248600139,0.7357325384574602,-0.5611900243634911,-0.5522535104296947,0.6238399964745132,-0.3851983995449024,-0.6967593425885734,0.037320410369347856,-1.1807349077202134,-0.3576983942038682,0.415862731552436,-0.7808956382084121,-0.5843216923907573,0.48707216023519556,-0.5595354846383506,-0.727279657248321,0.43781043912021383,-0.5632266952250886,-0.8167382416022819,-0.20968542812777624,-0.9073316341685764,-0.36439172173342765,0.24447825743850793,-0.3965480645550396,-0.5504888510569784,0.35530484123292205,-0.256678748340175,-0.6218754925754888,0.3572654178221078,-0.3239395737295152,-0.6811757846009496,-0.3686237647290973,-0.5387376177036938,-0.3933163867404339,0.07516403269900329,-0.040439892513368124,-0.5993315429738807,0.3016468884368103,0.051512885898813615,-0.6465239722765918,0.42050831241816355,-0.013779064029349619,-0.6628952847286121,-0.45364711270356955,-0.18300736352500677,-0.44395406083155875,-0.17869884453707618,0.195820055829718,-0.5921329737337485,-0.03719273541563688,0.360435714597705,-0.6205145414064067,0.06062989899340696,0.39828852952402766,-0.6277858853701541
J,0.0,0.0,0.0,0.3502340850658313,-0.3811516601109927,-0.19649570303185132,0.6409526694363082,-0.6043000477026971,-0.3540196984128897,0.8028469622779812,-0.5808798044982281,-0.5011203209053018,0.7286519864799648,-0.3216289551052675,-0.6511888421816243,0.056523218091727424,-1.2129357048043155,-0.34727348520056867,0.4880493559373974,-0.8005195543949212,-0.5762126836138814,0.5615549346507002,-0.6313060978498031,-0.724009526504195,0.5160286807067128,-0.6423126215632275,-0.8201656648399477,-0.19550849667639797,-0.904893801969522,-0.3780788738933693,0.3209193305337434,-0.3920668830449102,-0.5683766452774387,0.4271267980088531,-0.29916466846923195,-0.6413015496476332,0.4211908618966021,-0.36812391170526737,-0.7038592782137044,-0.34951573219520415,-0.4895769468248681,-0.42757189732695733,0.14173372299113188,0.029070777790492074,-0.6353266132782787,0.3825873960412356,0.08917024325917214,-0.6790091872172763,0.5212033151749723,0.0027230907757333157,-0.6924664926288608,-0.42557565456824714,-0.0872389339020761,-0.49819149165070997,-0.09553067950557971,0.35447118937487493,-0.6575695059148422,0.07577355103580359,0.4994282870792203,-0.6883910696698696,0.2074679289807913,0.5156828738089143,-0.6962775035428005
J,0.0,0.0,0.0,0.31836474241020213,-0.36708943047301285,-0.20287864313853182,0.5965627100267349,-0.6236252731890255,-0.34758870680146275,0.744560112479305,-0.6570026510031575,-0.4744628640587492,0.6611383936894387,-0.435583057915762,-0.5994666444441182,-0.018702415090172807,-1.2205457473606838,-0.331725460859112,0.4592788750271514,-0.8112348686336189,-0.5370382901469046,0.5053390797646992,-0.642415403438453,-0.6621445402476376,0.41860462472106524,-0.6839010189676457,-0.7453285617849555,-0.257037903712426,-0.9013283540428494,-0.34862402994275893,0.3030510021607443,-0.4061099522287669,-0.5188977326142575,0.3761545485287707,-0.3323400143036246,-0.5715409397494389,0.3316768714561107,-0.4229629040150854,-0.621229208616501,-0.39585012121686336,-0.4934749276609943,-0.38550558099210297,0.12558076474697918,-0.017354335968231424,-0.5766819550131975,0.30604482342191286,0.002303876559437927,-0.6136762295175869,0.38050213415368417,-0.12001410084390483,-0.6264825074058797,-0.4644131898273559,-0.09918621749660546,-0.44340861817659216,-0.0903384922583833,0.302444847094166,-0.5956762125159525,0.08044400571380782,0.4385730890157282,-0.6279681829157571,0.19783125411867314,0.44928814546061585,-0.637252994958352
J,0.0,0.0,0.0,0.31501801293990583,-0.40148902277424353,-0.18581463095103487,0.5713079093108605,-0.712667476918795,-0.320957202725087,0.7281269921436171,-0.7782339871800718,-0.44359781695458117,0.6508277985249556,-0.5296194757200936,-0.5583519943398988,-0.006498346568708346,-1.2412855368780276,-0.27846506097661594,0.4315938313516043,-0.8657745341803859,-0.48760356033452074,0.503385580447839,-0.6875448004028615,-0.6160965497993753,0.4333071313487536,-0.7343944102595507,-0.6982890377018341,-0.2114905230685883,-0.9290923537482364,-0.30341251928478,0.32153079253691264,-0.45659830634268006,-0.4716902134655735,0.4064116808052686,-0.3841198685983504,-0.5172321411893623,0.352517633335028,-0.49549880144135366,-0.5538786265259911,-0.32940960849330225,-0.5359771002628922,-0.3513796312420064,0.18913513088356237,-0.09140822531631893,-0.5218763724180183,0.3375388872597327,-0.08010430243752362,-0.5258049556249894,0.35914301543729404,-0.2360454589972312,-0.5130184745678329,-0.38057158324477713,-0.15471733529812728,-0.4228082217059478,0.02045794665441396,0.21215854831802147,-0.5463590187825114,0.1845063591701311,0.31343809403185924,-0.5489901847258459,0.2750505935510684,0.2845670605286984,-0.5341794092385064
J,0.0,0.0,0.0,0.30668031165693344,-0.3859802920004094,-0.1617783246079118,0.5590412589409022,-0.6930423859913122,-0.2881127057243871,0.6949585943642127,-0.8336470293052922,-0.4053982041220521,0.6034198069133148,-0.6443676098741549,-0.514150502520349,-0.008580687413596444,-1.231178119928418,-0.2802674847875348,0.44862178158360094,-0.9105715797385223,-0.4740820111218554,0.4979530255980706,-0.7051896312442865,-0.5868472019777726,0.39981001575104896,-0.7214045530721632,-0.6596284019641082,-0.1991743372157067,-0.9283123363259282,-0.3139518906134835,0.3645066833572573,-0.5133722537268206,-0.47658848746517,0.4105056878513789,-0.41981828165676194,-0.5148444542873805,0.3271481521662686,-0.4869268834626648,-0.5467099214996844,-0.30254531711192295,-0.5474274968321582,-0.36574565421980737,0.2330090315868092,-0.16573131103432373,-0.5321808322991025,0.31532184415889675,-0.14632172784528838,-0.5371870767264728,0.28774230732493117,-0.2717419321045841,-0.5273335265406675,-0.3461636545460263,-0.17812735032367635,-0.43739518852246045,0.07889501332399737,0.11709843211534554,-0.5653741229340358,0.2481552217948413,0.19671134686881675,-0.5753847876130128,0.3529761272010769,0.19291729665842694,-0.5650134068879149
J,0.0,0.0,0.0,0.2964324031595747,-0.39926164392158714,-0.1524583237369394,0.527993142837078,-0.7376065680747583,-0.26893031284650576,0.650647100862267,-0.8929722309216414,-0.3775377185105243,0.5681334096218074,-0.7073825917438687,-0.4776490431282791,-0.04577403991584409,-1.2342837443054964,-0.25975517088706634,0.40735920250651253,-0.9431908731312332,-0.44940685192191104,0.46582880305275093,-0.7302879797669357,-0.5634964208247064,0.3675859449211957,-0.732265627675506,-0.6362867743212188,-0.23123480921803152,-0.927274035082523,-0.2944373054958841,0.3193796914973811,-0.5437511822139606,-0.4539054434167236,0.3732052818094171,-0.4438074295132064,-0.4946209886123643,0.2887903491166767,-0.5036965939439646,-0.526154203069076,-0.3284326242054971,-0.549634009876944,-0.3463238325729368,0.19774378201574944,-0.20268907546545928,-0.5104580752216754,0.2745616125438697,-0.1756944749330452,-0.5142660157302577,0.2334361602075357,-0.29070626154750767,-0.5024219000110042,-0.3683610420599612,-0.1866144950553771,-0.4172346576654229,0.06101836030781191,0.08261638809031119,-0.5440175278679158,0.24938151863854746,0.16064322461879837,-0.5498349816504794,0.36639618724468664,0.16073406731798137,-0.5346579717081
J,0.0,0.0,0.0,0.26662876343592146,-0.3933753411369084,-0.14155968391653928,0.46800275084503173,-0.7280240834596148,-0.25001888441874215,0.5740041814752951,-0.9040099199760696,-0.35038710189475236,0.4926986523645865,-0.7319623698304654,-0.43976340761396976,-0.08765481650881247,-1.2241878857402029,-0.22852009624312183,0.3407092039839362,-0.9907156447053796,-0.4040795515971551,0.39381194070237063,-0.7784480265193849,-0.5140113540792031,0.2930049281949929,-0.7744463155779371,-0.5857735452583339,-0.2460009247162856,-0.9340619993780506,-0.2588662325538252,0.2819092061367523,-0.6097669658466309,-0.39812477044907,0.3304518788563436,-0.5041184360322551,-0.43585043686232344,0.24243115136331583,-0.557289801388618,-0.4674969666018932,-0.32098746927928684,-0.5754321558673247,-0.30645504309886057,0.18086627591036641,-0.28227685181007794,-0.4508203160033662,0.25603490862092015,-0.24697451897947179,-0.4555942888531298,0.21353676010635736,-0.34210833916950617,-0.44745623883256014,-0.3431886168129791,-0.22927147451796218,-0.37189009127056183,0.05795477057816396,-0.0047736475955554285,-0.48295993112255414,0.22555989033022097,0.04854267271959131,-0.49194670489488185,0.32204405757459653,0.03214682492080284,-0.4814090648488629
J,0.0,0.0,0.0,0.24506561778141564,-0.3783254016793764,-0.15558511661941712,0.4260829865567128,-0.6979123657742622,-0.2726652945034187,0.519048355112082,-0.88733895171897,-0.38037084833841556,0.46730685971799835,-0.8051432635680967,-0.4756170757699741,-0.1327697956559085,-1.211981635473441,-0.22895859483537317,0.2847096053068486,-1.0517838435561089,-0.40947401464645783,0.34992791797878525,-0.8340987002406884,-0.5217421157246318,0.2609792114478234,-0.7975864418464153,-0.5909495834357842,-0.2780232672838589,-0.9268657402218938,-0.2522359261717668,0.24278007629587958,-0.6670676166401793,-0.40390971009627163,0.2930313780914282,-0.5545029324648612,-0.45152357900331186,0.20838339404673634,-0.5882548595435975,-0.4836107448070633,-0.33879187021899326,-0.573620608266279,-0.29515656289820197,0.16295159433755108,-0.3296135277749238,-0.4508940757604918,0.23902585445703617,-0.292819242509133,-0.465986741113981,0.2026670786182682,-0.3713300649550313,-0.4598417127314848,-0.3521715032845737,-0.2311076958403856,-0.356193278665652,0.05784793907556203,-0.04645619408766545,-0.4753040634034643,0.23032829558293155,0.0031841743558442166,-0.49080542690074486,0.3331506906022159,-0.01147651359595805,-0.48123759839009
J,0.0,0.0,0.0,0.249006059104057,-0.4039145935910614,-0.14504261193823034,0.43788124092098984,-0.7362671565676042,-0.26082991032074976,0.543963037406327,-0.9229091001862944,-0.368928275615833,0.5003147171179538,-0.8220029602394264,-0.4654393155354349,-0.13568413088729536,-1.2254874180162914,-0.243421034391798,0.31740941616607604,-1.0622428415099265,-0.42630024224158214,0.37887935279620183,-0.8525013510955064,-0.5338698425577293,0.281373323528508,-0.8168973270945123,-0.5996191031547201,-0.2750417287614132,-0.9213912271616431,-0.27457285727015057,0.27073153486000767,-0.6632112199259129,-0.4261755751982455,0.32382130589707403,-0.564371432770881,-0.4653431162045413,0.24300337548208414,-0.5969160750660727,-0.49196172509089475,-0.32729917125931257,-0.5528044296421096,-0.32308832803382587,0.1922215048105212,-0.3213408873285214,-0.4808530769830288,0.27012098388276307,-0.29389790208649613,-0.4852722820665148,0.23546912340832937,-0.36828914287342746,-0.4704999415307059,-0.33078377388812347,-0.1996711544876462,-0.3893847706458337,0.10533108827398928,-0.029845428233527472,-0.5155226089763408,0.29308677936998306,0.004587526300801547,-0.5278005041754875,0.4082972407198679,-0.01628121213053153,-0.5130205427971624
J,0.0,0.0,0.0,0.2440022469848553,-0.4037026906645391,-0.1669578371978279,0.44061098404094523,-0.7139157690565264,-0.29951252429893105,0.5509149103182615,-0.8889844498223534,-0.4207994389880922,0.4975925070972895,-0.7986285928505503,-0.5291915791758117,-0.1493499897526976,-1.2293743677494824,-0.264588171857607,0.30556934153699816,-1.0707038482619917,-0.4584915298944623,0.3857683347905817,-0.8688174050469468,-0.5733934443713892,0.2981757186777772,-0.8295361416086909,-0.6413272175994749,-0.2767770472549203,-0.916871152506409,-0.28764866732598743,0.27279884572425467,-0.6684024240116498,-0.4486138488632869,0.34071832594661894,-0.5690261904252024,-0.4936546417537537,0.26320641776865367,-0.5951636278762229,-0.5224390997160924,-0.32190713004213295,-0.5445224600837401,-0.3295774203510388,0.20111826313920883,-0.3235311797153928,-0.4945273980683619,0.292349249395682,-0.2991044881229151,-0.5018515977569361,0.2607791453221328,-0.3734319808485786,-0.48705844720601477,-0.3222833285749615,-0.18785358123487,-0.39065736622362407,0.11637056220381074,-0.020456105640150084,-0.5199295459123107,0.30730646599297273,0.017952235927446703,-0.5305292720664917,0.41920569037605526,-0.003019963108480558,-0.5130408690081112
J,0.0,0.0,0.0,0.2604654668747148,-0.513874004198353,-0.149927512810598,0.45639228154771927,-0.9419170491984354,-0.2723314003819536,0.5993449002898282,-1.1393135502164127,-0.3827304311203623,0.5594209233314255,-0.8813426374266302,-0.4850490239655448,-0.183953002348732,-1.2481021378322987,-0.3092723857119971,0.3577341628262411,-1.1247017968904178,-0.4863009702439657,0.4649467946509925,-0.9493696226163681,-0.5769407400895664,0.36996980698949977,-0.9054052789507209,-0.6326235066040327,-0.2900469088804066,-0.8924472626122728,-0.34555849592331234,0.3574212649130148,-0.7116432166331806,-0.484269379769593,0.43382379552917494,-0.6246799381637369,-0.5019134472227358,0.3371461421035767,-0.6389348200125764,-0.5206871447035587,-0.30879465959434127,-0.49308963914857523,-0.3937629491178417,0.3119803788090938,-0.3470977615296387,-0.5471331061092018,0.36805601129054455,-0.32753460854693367,-0.5391896718734858,0.2820683076143978,-0.3933633883742398,-0.5222385131256148,-0.2794335582423154,-0.12026367825678044,-0.45969690496263677,0.22100652217571226,-0.02566424856085065,-0.5892206533380171,0.4276548482690528,-0.0005333567753975319,-0.5902465258502705,0.5583185108120644,-0.001977628291755476,-0.5712127696580392
J,0.0,0.0,0.0,0.22706801572537397,-0.5387844382230322,-0.15373148313230697,0.4304777201775662,-0.9562536018474843,-0.2961901333341656,0.579462116669072,-1.1476114317116086,-0.4250524583342443,0.5599296521612488,-0.9391337805756389,-0.5425397899020872,-0.23298838897245713,-1.2311438757018418,-0.3758367423222227,0.3190627828087171,-1.1590381477878642,-0.5733365115307936,0.4552806597945448,-0.9543927083586743,-0.6646876121200667,0.3725321566016202,-0.8936056398164581,-0.7206971285822779,-0.33482709690861834,-0.8433166477828111,-0.42036632446963296,0.333869542513432,-0.6927197511266664,-0.5907141982254739,0.43063862122197405,-0.6027181130147955,-0.614859824048334,0.34315892937934633,-0.6266791575465881,-0.6377556313790778,-0.3272438094980868,-0.4220747223339824,-0.47159243110661275,0.32539350980383497,-0.29944793596909397,-0.6429083284193211,0.39012246698472797,-0.2530229370259016,-0.6154348801435299,0.3059755829101177,-0.28925670560408184,-0.5859735997935455,-0.26878575553127704,-0.03958714077092836,-0.5409491004909505,0.2867600598089012,0.044937630187217616,-0.6896264015731448,0.5168858185424102,0.053602855604336794,-0.6852702332508028,0.6518568682251735,0.03726822145857155,-0.6592359831239657
J,0.0,0.0,0.0,0.22976882553915765,-0.6081635630816427,-0.15804492637456968,0.46374002531027053,-1.0597769380713091,-0.33175648453425177,0.6654908028808243,-1.2289620167448552,-0.48990225805861454,0.6785723669179523,-1.0101748245922644,-0.638189646867107,-0.17196525970058893,-1.228560952983915,-0.4565388292686845,0.43531525948635236,-1.2011548036731363,-0.6593221387068652,0.5869237690953173,-1.001001496233094,-0.7345219708227504,0.5172824143353928,-0.9048440722634243,-0.7749012512052151,-0.2427167016559724,-0.8286221055312335,-0.5044541693377416,0.507973262064701,-0.7213802693039291,-0.6519708736714014,0.5856794913933783,-0.6164480678051961,-0.6327597687465227,0.46741468406730463,-0.6232809780330915,-0.6285305061546549,-0.21104108285999845,-0.401492718233241,-0.55601536369416,0.5005847428296386,-0.32444349467084044,-0.708391385202781,0.510858609247103,-0.26706951435816584,-0.6330843765868701,0.3819549323000779,-0.2758192882254414,-0.5761315006585284,-0.13985879891330438,-0.013130063602204185,-0.6273528839430601,0.4633140835340842,0.022395239583319366,-0.7789759685508562,0.7016292611895895,0.01634435343064043,-0.7488333003862572,0.8494803109705743,0.017257803788420567,-0.7015787668913618
J,0.0,0.0,0.0,0.2481600619883609,-0.565261353761923,-0.15738672350548605,0.4963429582473184,-0.9593088094494947,-0.3240568554452351,0.6954333144371538,-1.0758945059768181,-0.4746978685686837,0.7034028554465377,-0.8557277374551605,-0.6156029829950439,-0.14252251021268672,-1.2258897849563541,-0.4505019777307213,0.46168687833465,-1.1141459686519772,-0.6439533156539367,0.5901926983986836,-0.8952411741519575,-0.7140035932763079,0.49547525596464825,-0.8249868469503939,-0.7539493588297335,-0.2492137367193343,-0.8321034010959365,-0.4954759765265731,0.46559521746137283,-0.637388344866524,-0.6386758717193604,0.5250211529748604,-0.5328747466324372,-0.6225713680958264,0.39200721360976715,-0.5694860743934673,-0.6221566089418513,-0.2415138938171079,-0.3972061964534323,-0.5423652949115074,0.43413301771987195,-0.24048647849732058,-0.6913335391424327,0.44307314208666937,-0.1833371197623122,-0.6188130374412173,0.3128429540214172,-0.20919718492705938,-0.5632847216329779,-0.19139482642761063,0.001541059551151563,-0.6085268328227513,0.3923985676363808,0.10499654305720457,-0.7573823645568707,0.6183243929166141,0.11507076953029892,-0.7304964063570426,0.7515661675594377,0.12367725983226852,-0.6853954236452621
J,0.0,0.0,0.0,0.29708793242011744,-0.4349003483551564,-0.1407519070666838,0.5330466652766979,-0.7722819052970056,-0.2641002889482942,0.7148688940106284,-0.8669020072393299,-0.37844705785511135,0.7392001280100963,-0.6658617941620295,-0.48574819050910634,0.0011691435132456295,-1.2436764122150386,-0.3177345284666435,0.5489774979406349,-0.9630233615849092,-0.4961981307289192,0.5949862255594093,-0.7183085753386401,-0.5799237899985317,0.47262588954075613,-0.676937976286712,-0.6321896770229481,-0.15620826797716014,-0.9204707203712925,-0.3582354392780389,0.4598082646466655,-0.5375172366433811,-0.5014466283492746,0.47845520202983827,-0.4149056900540799,-0.514569281233124,0.35925090230304635,-0.46423838685366825,-0.5305786954688864,-0.2301106359280181,-0.53031039859242,-0.40905160587817435,0.35418937247031695,-0.19661597666133476,-0.5706127816518004,0.3801344402803244,-0.13504884919871674,-0.5526678187720016,0.29304827609510914,-0.20096394825301087,-0.5266907548000795,-0.2576481232875576,-0.15403014960463646,-0.4768827177594456,0.22789244408460335,0.09368125565710557,-0.6219843415125662,0.42501021573925163,0.1859358957504907,-0.6202479705418178,0.5520910813992709,0.22394357921708252,-0.5940729185777748
J,0.0,0.0,0.0,0.33313678890064363,-0.2777120893370071,-0.158296513662231,0.5850652869167717,-0.5232174032372612,-0.2846693349988937,0.7306822738350857,-0.6575679254743558,-0.3996791583683672,0.6932577016269796,-0.5824620525107539,-0.5018023587935181,0.14255080886875898,-1.2047184169639849,-0.26965724589191165,0.5518895085926848,-0.8749668384365324,-0.44447193235969756,0.5697244558067385,-0.6357066978628769,-0.5347783951410676,0.47268014016202414,-0.6158010459221502,-0.5896316107162777,-0.05104517178177952,-0.9549659274596141,-0.29229175121608786,0.4237773397883141,-0.5136875840742697,-0.44346539115819666,0.44834398462251157,-0.3604196009597692,-0.47319342415000293,0.3663872392830888,-0.410200202589165,-0.49136335530387454,-0.1708203093027244,-0.6257382092548858,-0.3306040944399933,0.2919409309711781,-0.20730003723061244,-0.4946481745273997,0.3477254666302782,-0.10352968794541303,-0.4874022106725251,0.3046448905715058,-0.15073999872394908,-0.4616765017560159,-0.24003067299008965,-0.2948487487731311,-0.38622914283513066,0.14556566432712034,0.010359765570131811,-0.5200601394278113,0.3208013347524,0.1263969076991401,-0.526737104509824,0.43364734450509584,0.16392574336953594,-0.5050290933276856
J,0.0,0.0,0.0,0.38349306641506214,-0.26616655774581804,-0.17653579086952553,0.67770482183712,-0.48409314317378294,-0.3221442591884271,0.836669348303769,-0.5908368523368326,-0.4532253435963024,0.7400647660961499,-0.45870951573656016,-0.5703263535988257,0.22690235086794872,-1.182688477740507,-0.31738881843451333,0.6037030075098125,-0.7835107262846397,-0.4984873266901009,0.6249867331761785,-0.5447009529097486,-0.5824770635304204,0.5384724460394718,-0.541909513111192,-0.630420963481785,0.015340071455777614,-0.9416837111565295,-0.33614947620098634,0.4757405655933627,-0.4192487023903098,-0.48317172930977814,0.5029837576995894,-0.2738699037949317,-0.5011228532573748,0.4228152902223946,-0.36843284816412963,-0.5142655480430363,-0.12016631528675194,-0.6141395438952363,-0.36964843964634586,0.34337871968101197,-0.12485778045862744,-0.5239579795215182,0.3923491937379768,-0.03069851300144535,-0.5025200264865496,0.3392457982549095,-0.10750897455328245,-0.47151582007470166,-0.20587696912396164,-0.2847080242973205,-0.42370957953112126,0.17214436836446165,0.06828418198220268,-0.548383455624662,0.3485880353615622,0.18797415386212024,-0.5452158940489247,0.4651921809391143,0.23420608932875633,-0.5185488019136192
J,0.0,0.0,0.0,0.4193450215537657,-0.14459179739067843,-0.17533886793092132,0.7534836269841578,-0.25842740021311716,-0.3131328374013329,0.9282328218589075,-0.28468942109915224,-0.43440946495042687,0.7923058837526853,-0.19074096084549777,-0.5443860712932436,0.39999780418833764,-1.1071497525965779,-0.32805658264914334,0.7265389872546353,-0.5558138513562314,-0.5164013411850726,0.712186538917023,-0.3311692011706409,-0.61368976670192,0.6184725829401735,-0.39395686094450344,-0.6712815835502451,0.14051206208446226,-0.9257997785341544,-0.35092895360013104,0.5247995545965398,-0.2253699173435703,-0.4998289681893633,0.532219009354338,-0.10835597039210973,-0.5252269612630618,0.4632034666065468,-0.23691986750523683,-0.5485208684003028,-0.06209348778466245,-0.6255544154503915,-0.388683957807005,0.3351455726944709,0.02572959293681143,-0.5550721780012817,0.35982247740757495,0.0779163811787177,-0.5512172988661423,0.31813848186487326,-0.06858438918226106,-0.5345913389392554,-0.2108232778333419,-0.3059051754248865,-0.44523863401601266,0.13335181567036508,0.18606660725249863,-0.5816995363940266,0.2881693760747564,0.3648124531089781,-0.5846921698510085,0.39546061347422434,0.4578506729674455,-0.5646277971107606
J,0.0,0.0,0.0,0.4604565130596984,-0.11890226011414193,-0.18535065210727045,0.8525881974670999,-0.2101597614919413,-0.3254763412424971,1.0623364291546722,-0.18310621065760418,-0.4496460084755274,0.9065694686667771,-0.02683843932303638,-0.5675355216414427,0.4981425990226464,-1.0843803370043659,-0.3453990570785183,0.8390543074668727,-0.37907670349815703,-0.5535642940355556,0.8188759548964426,-0.19618727837139674,-0.6726588920201294,0.7180871442461982,-0.3094857580646893,-0.744550219309206,0.19166812311290993,-0.9081281203631214,-0.37224541311897774,0.5839779511000331,-0.05141778927252945,-0.5166585801829943,0.5935996574278107,0.00843538447816581,-0.5326115330493615,0.5150235515978658,-0.15337339154438154,-0.5541971082982909,-0.05350166460055156,-0.5988698894546782,-0.416845862428062,0.3450705309960402,0.1865717101152776,-0.5834889278881028,0.37533136377351267,0.19085189908397315,-0.5656291621358137,0.3436865353387027,0.007954103859496894,-0.5392469280137056,-0.2425757549296503,-0.2666732662539601,-0.48406147875595573,0.11632371201110533,0.3465744980539734,-0.6264779241344178,0.2578136573232226,0.5393264093194743,-0.618382644626778,0.35112197214306595,0.6475738140444294,-0.5885079523572695
J,0.0,0.0,0.0,0.4241883079327136,-0.01096625899961563,-0.23788281181702892,0.7793209207597905,-0.03690801744941288,-0.4091801542097494,0.9067220306801621,0.029652704735726967,-0.5580690973469561,0.6736026080494742,0.19215299536291172,-0.711400008620865,0.4381583683104848,-0.9671143811761024,-0.4214180001097383,0.6279269473314013,-0.3335515813085535,-0.6650584754643508,0.6356536899836033,-0.07201494605660629,-0.814654787006458,0.5945305167312132,-0.0945303445613606,-0.9073931316087374,0.0760597970493042,-0.8972955178830196,-0.4348283119345638,0.30631979744545906,-0.09411016996382097,-0.6288688522780717,0.3704755415529794,0.08127249502622746,-0.7035132420261959,0.3701261410454509,0.008850784199662603,-0.7716497679501936,-0.22979184841549194,-0.6691346024975521,-0.46551245590839996,-0.00852850134346466,0.12190337860830877,-0.6763479113086698,0.16859133231066692,0.32203551937811475,-0.7196595684222875,0.2710821975183925,0.3013802129569365,-0.7418470966426851,-0.46725814115561976,-0.39266552824176687,-0.5195109633641738,-0.30201568978619414,0.22226074024788905,-0.6906302716709952,-0.1950003487526217,0.5441624593463618,-0.7089520445959441,-0.12226529495491294,0.7153195386675365,-0.7097432989222683
J,0.0,0.0,0.0,0.3945507078130964,0.050931467310441556,-0.2984586856505121,0.7353616855745552,0.07954370067631479,-0.5099197795677908,0.7721386039625807,0.15470104211260222,-0.6719221432527195,0.5280739739605548,0.3319589505695037,-0.8341597160156264,0.3895200387228715,-0.8579545956743153,-0.5763330417810987,0.5093954504961659,-0.2099134174498407,-0.805363677366525,0.563249443840134,-0.06128419157313253,-0.9273757980196004,0.5537162429337463,-0.13663569248559074,-1.007309800366054,0.02595847574489773,-0.8321710396995532,-0.5539111103980187,0.18483600274696146,0.03688618816886598,-0.7378351731091153,0.2700997708350939,0.148333433754917,-0.7988593349148043,0.2802129534142489,0.04856248671238218,-0.8697345933804147,-0.26639399783755924,-0.6254379015969151,-0.5434237449100784,-0.10362388176104008,0.2414915029048157,-0.7595908745952363,0.102336437004525,0.4013893217986785,-0.7988542679693218,0.2362165923555348,0.39580128870537634,-0.826077203631082,-0.47312126122079734,-0.37110529015954363,-0.5585066463656831,-0.4138327118278527,0.20940642916561872,-0.7534916674801397,-0.4392692187540584,0.5332858781442704,-0.7833141664764103,-0.47833771831204797,0.7345193976805768,-0.7958871675023476
J,0.0,0.0,0.0,0.384544663341292,0.08547845218608491,-0.32751923498954955,0.7158376308237664,0.10189035904984371,-0.547285545611759,0.6846466336215632,0.1821406109579788,-0.7079113358601735,0.44011490071338427,0.32272712795930125,-0.858493819440692,0.4117693796919419,-0.814952346662255,-0.6028294145182251,0.46679239896145097,-0.15774195664306825,-0.8519508903642538,0.511890588556283,0.04922702769052051,-0.9698266246141006,0.5144103707220565,-0.022313227423572914,-1.0413082750889315,0.04417500353455669,-0.8245239548028844,-0.5641000062213551,0.1318418934859365,0.06346223220500485,-0.7728011596918141,0.23109975242353867,0.20280160771121586,-0.821033502213342,0.26133829746625503,0.06639173975973925,-0.8695569844693527,-0.2510212730858081,-0.6503748723914732,-0.5431488114645506,-0.16013800985474963,0.20462132160278182,-0.7899357363717457,0.02525504992104482,0.37978877733774546,-0.8059935524113814,0.13870798114797497,0.34935058534100216,-0.803223269822159,-0.45633628816890986,-0.4271262581672944,-0.5485520650314721,-0.4660284378666877,0.11921386143953668,-0.7713035902140934,-0.5017879890611481,0.4330232322767305,-0.7982215920497397,-0.5386434252775675,0.6035425939775206,-0.7950498423272745
J,0.0,0.0,0.0,0.3425105772000643,0.07621095247226653,-0.22959029327822536,0.6629783522915862,0.07447214383016829,-0.38450206853115876,0.6888490773902752,0.09152849558117332,-0.5080137358232779,0.44827428064979224,0.1586605010425836,-0.6182459994047712,0.505325902345464,-0.8468786720052943,-0.3630458440417119,0.48145016442619487,-0.3168883987061053,-0.5762829628402609,0.5024513349348732,-0.0799381339522053,-0.6891131362759031,0.5292777051928953,-0.143936467891543,-0.7543583372023781,0.18152513509235474,-0.9165405359219125,-0.3563734997747107,0.15746813877403723,-0.16067940161079014,-0.5324564309349387,0.24744862402789994,0.07793398845367568,-0.5703874857116369,0.3290729062873221,-0.02831675949426691,-0.5972176719359548,-0.10378919528942865,-0.8141618489742708,-0.3703894167801361,-0.10118021913302212,-0.06266961447515638,-0.5454245153952693,0.04455000731527796,0.19374856552978822,-0.5286067887366254,0.16762077150164192,0.15658614176421212,-0.5025956042785334,-0.3255469534300461,-0.6494732659742857,-0.4087919977921129,-0.3377287898348558,-0.14750465077582536,-0.5293522377525007,-0.33088345509578054,0.11284143053621462,-0.5121479219083779,-0.30982949705334434,0.17928859724641372,-0.48368494730554534
J,0.0,0.0,0.0,0.3013603752004738,0.11845437548555429,-0.2854278070313496,0.5902504292726238,0.13898214420498672,-0.4782807675691152,0.5129664631875185,0.1384873493921031,-0.615084291673681,0.2612289105867758,0.18926746970870198,-0.736730342342944,0.4152887456714953,-0.7686557853151785,-0.5286566293347608,0.3573286304746754,-0.19449140891407113,-0.7182280000284109,0.38062513670107534,0.06858800940882841,-0.7876763059460722,0.4081942831609386,0.037269486878172046,-0.8296054421663774,0.11727631627779422,-0.8653236489957611,-0.4872999570377282,0.04410101194419392,-0.10738340370743597,-0.6517806619469803,0.1362039583548586,0.17713157020014123,-0.6655539220291801,0.22152013500920945,0.13038042231970615,-0.6878311260769788,-0.140050552903962,-0.7809265723543872,-0.4587135596842921,-0.20543147141129334,-0.0517048147432894,-0.6634178505530579,-0.044741510154238225,0.21232465934846856,-0.6672835282689397,0.0746949957387986,0.23475900426146454,-0.6624089912800553,-0.32512594193667527,-0.6257324388091777,-0.4508890261841225,-0.4555725026585055,-0.23749691033285542,-0.6274830043064719,-0.5639932349887307,0.013441759989598307,-0.6456447089860046,-0.6658921241320528,0.11540454976955916,-0.6460508634216052
J,0.0,0.0,0.0,0.29748749245175926,0.12679698726738678,-0.2926284858072541,0.5911752780063422,0.16191267666141737,-0.49132244433878813,0.5322355819333163,0.13893796475588263,-0.6356537894378538,0.28127517472053976,0.171345828226516,-0.763633566736053,0.4301524892000017,-0.7725943888185373,-0.5101924847062899,0.3748767441194649,-0.2386664156830977,-0.6958596493560301,0.39618337205737725,0.020699797828598085,-0.7633262017557895,0.42187952193762973,0.002466455084803541,-0.802952827728492,0.13744319137025146,-0.8738825134475008,-0.46630325093938496,0.05818045960339108,-0.14677947860586413,-0.6324352685175932,0.15328603913705768,0.132457899110295,-0.6517048286681599,0.23761427703772742,0.11308187327261443,-0.6751816672703964,-0.11990175405652426,-0.7952029122363163,-0.4374549085050162,-0.18916837870724582,-0.08410764974757431,-0.643619574024221,-0.028588832322028787,0.18044013694267247,-0.6570147440448756,0.08095001844973847,0.21997366620723666,-0.6570100041341479,-0.3094561316476439,-0.6448167261752128,-0.43006408116672407,-0.4351544319155913,-0.2473268402634136,-0.6084013081005967,-0.5396353725643307,0.011186675461991582,-0.6331889750913791,-0.6460762055308755,0.12251405254833303,-0.6372932516368514
J,0.0,0.0,0.0,0.2943275836291407,0.12063407204454947,-0.281908485603496,0.5881707868347922,0.13861537434077129,-0.4753948724380128,0.5106575085177345,0.134409300800428,-0.6147221643532615,0.253910694320441,0.19947233110906615,-0.739265009472748,0.40627917958953425,-0.7676309075706633,-0.5197324231539611,0.3508347009779745,-0.21123102837588326,-0.69728334530283,0.37146092681950416,0.04928638391252844,-0.7560084506867197,0.3943834746686861,0.029719970641418257,-0.7922034153453273,0.1067083191844664,-0.870347327511626,-0.48073783303396933,0.039560314998161185,-0.11560054599995052,-0.6356914622755578,0.1338518086691824,0.16597709305737893,-0.644115528407761,0.21346234854588306,0.13679212808919042,-0.6641549559965326,-0.15374630304904854,-0.7895796566232568,-0.4544863063838824,-0.21725469583409848,-0.06975004372151727,-0.6512404793630644,-0.06577190668182656,0.1806490768438571,-0.6566614360203628,0.036076880034819334,0.20300381090893369,-0.655762714960647,-0.3471633873572214,-0.6384425199649664,-0.44928834043524124,-0.4666994321404064,-0.22087980777062222,-0.6249680636536185,-0.5734358286781877,0.056790225541558034,-0.6455533715141685,-0.6889032990823394,0.17704903177856415,-0.6492409048751296
J,0.0,0.0,0.0,0.3169937634242931,0.09461392904509949,-0.2886246223985031,0.6201541080518064,0.1007143873639173,-0.49587582774946054,0.5630872012878733,0.15808585558703492,-0.6446488926920058,0.302384174363349,0.2928929317989432,-0.7832004927144337,0.3816373945929701,-0.7922816971999118,-0.5806441154412849,0.35847819844012935,-0.14560226372494406,-0.7943581215483778,0.4062530801136081,0.10411545550293229,-0.879867706558066,0.4357534831672887,0.023519000577998578,-0.9315773640704641,0.045872625079056796,-0.8352362015966605,-0.5479746251522409,0.03804763693940181,-0.018920518078674457,-0.7168709622476646,0.15871093172469464,0.20730456952870846,-0.7269845781315858,0.22793972906915566,0.08873180569442439,-0.7525502053463471,-0.23145167867447985,-0.7148613832064741,-0.5271730115675425,-0.24133436841304967,0.058997114453310476,-0.7277805910362727,-0.06540411190312571,0.26296785668464207,-0.7167230323960607,0.04156868383506526,0.20204448988557996,-0.7060028645671271,-0.42894343620200714,-0.5465052142055435,-0.5290191682048722,-0.5228577968044948,-0.05199378302951614,-0.691922632328099,-0.5933875725898665,0.25998447283250875,-0.6872842008581546,-0.6737106473478656,0.3828308536096534,-0.6749010747241584
J,0.0,0.0,0.0,0.3447048440431195,0.05999050045654731,-0.28676430730036045,0.6432178680650114,0.05255379524952203,-0.48532201893740673,0.6002471566850905,0.09207602410301685,-0.6350224941864905,0.3537807981294228,0.2011410243338016,-0.7733155022189695,0.38133001376747055,-0.8456557323838997,-0.5009579535452426,0.40337783416138745,-0.29569119984287784,-0.7014899406867608,0.4461313142518551,-0.07717103041638622,-0.7881456461173311,0.4684439976186692,-0.11810218135644093,-0.8412267921478395,0.05461530991544988,-0.882456150754884,-0.4672133451836674,0.08134965144347434,-0.07661999218096475,-0.6433496936155295,0.2000662943550707,0.14364329143991575,-0.6717271998350828,0.28456477239732103,0.07046356499901468,-0.7007300805291788,-0.21567395166296452,-0.7347749507543345,-0.4497611798215468,-0.18398219182545061,0.038647911429631795,-0.6564134852205714,0.007317690192058903,0.2563786274289085,-0.6566268006977738,0.13978345604622733,0.25067283962401554,-0.6432206001985407,-0.4029849690634402,-0.5332029302983731,-0.45593201847645265,-0.45067988324617686,-0.06190860652299572,-0.6292118781618348,-0.5006206762388454,0.23504810680696256,-0.6344365346090293,-0.5562797106032372,0.38021843663739624,-0.619672831131644
J,0.0,0.0,0.0,0.38279569760071047,0.016845170254794213,-0.2765021708112361,0.6999042225642688,-0.03965215482976881,-0.4726239897892111,0.6677971782026886,0.0798486954285482,-0.6223598431065911,0.41350172513333555,0.2887100064788564,-0.7649351707971029,0.35667444451009794,-0.8850100971567566,-0.5204974800273402,0.4421506392745542,-0.2301205562054307,-0.7467768537886819,0.4963441335934171,-0.07511706216296378,-0.8523419187979578,0.49718564282644473,-0.19442936639918101,-0.9175039144732643,0.0008015930592738306,-0.8646982140230806,-0.5022911069428385,0.12452007070067352,0.06545516839175056,-0.6766794888824369,0.2608757637337046,0.1915006363535881,-0.6923185231497598,0.3109027179225826,0.0045885889569104625,-0.7160541377533782,-0.2779417671545564,-0.6522376357011859,-0.501633648053638,-0.15774204327386096,0.22066505493673275,-0.6953785133776454,0.04899989605259905,0.3455544524191349,-0.6584681092471315,0.16083166410854335,0.22290390271649244,-0.6222836890413066,-0.4654472440832185,-0.40061602134263624,-0.5294692531255392,-0.445374108712353,0.1559349168409467,-0.6981796615231687,-0.47625839670012077,0.41929556456533024,-0.6828389768139371,-0.537092825223678,0.5186767559942939,-0.6516671697657347
J,0.0,0.0,0.0,0.39857639368718817,-0.05210530315711338,-0.2835028960701403,0.7478471054816984,-0.15939448288757477,-0.4768164172045289,0.804159308657836,-0.0020168197900089914,-0.6202453347125403,0.5856094728450116,0.2916058538445544,-0.7652079200556471,0.29753838800609517,-1.002176217698968,-0.5460339625875353,0.5054962925476493,-0.23221308575288319,-0.7925206216906222,0.5631065265168348,-0.12057447155357465,-0.9269791151065362,0.528744486363473,-0.2819012777609041,-1.0141486752948063,-0.07884587549349793,-0.8425251159017318,-0.5328552871018895,0.2106378935981044,0.08204237411821877,-0.7027167346797271,0.29242080380766355,0.10243333543988818,-0.7350828657857184,0.23535780539583204,-0.1330765351524116,-0.7828914380804312,-0.35036105766067044,-0.5302935883181351,-0.5359321890812124,-0.06682475897535081,0.314063137938806,-0.7386469382810404,0.060232611796016876,0.33219545455559724,-0.7273645968778186,0.07570087135064923,0.11634338904306347,-0.7175527643319264,-0.538926595529015,-0.21260307665629133,-0.5671769638319605,-0.3572882034720732,0.4700276900338362,-0.7664311273750354,-0.3101761580571587,0.7801305893667845,-0.7687709256763446,-0.307803855642292,0.891432924684475,-0.7517478741690534
J,0.0,0.0,0.0,0.41793356656832253,-0.14068498413753064,-0.2753448572811571,0.7998201933360582,-0.2560363692153213,-0.4719671632852634,0.9102927352825142,-0.029793113341074918,-0.6227871676654151,0.734844211764093,0.3418174771997457,-0.7837813978310739,0.2631434198611224,-1.0620127625602263,-0.5704941404764655,0.5899227045555561,-0.20889705010511475,-0.8330664068605419,0.6678692123927941,-0.15198857749835123,-0.9881586531956336,0.626035658432307,-0.3534883319702113,-1.0929870691113743,-0.13697548893749603,-0.8074352114505582,-0.5738345534560689,0.29134103806561296,0.17016600276171737,-0.7449471453826877,0.39898551219518236,0.1523493304779519,-0.7801336552351505,0.3213806969352723,-0.11491160116193727,-0.8376661623130703,-0.40944882074849237,-0.4179520071201149,-0.5909542038746094,0.005448020834974363,0.46610183747601547,-0.8004353080948937,0.14883601795496817,0.43330771803401863,-0.7885493652077247,0.15161325803246087,0.14317771284451353,-0.7834614775018706,-0.5877516782479079,-0.0390434519855258,-0.637486611883181,-0.2914256476561894,0.70523395431474,-0.850296545627216,-0.16368624080209473,1.0271988603278022,-0.8495486185412872,-0.09208328278140855,1.1320053490327981,-0.8317293118929799
J,0.0,0.0,0.0,0.4198639101186861,-0.2015782441932385,-0.26575349987945934,0.820981138519688,-0.3813559122396513,-0.4607787557239174,1.0244231067894989,-0.2514249087903364,-0.6232906533611603,0.9016420405893255,0.10683219938077952,-0.7921896294770683,0.27942334738792923,-1.1344340124715995,-0.5205874289969504,0.6854017830174406,-0.34082602351498903,-0.7726761694042515,0.7259833180340393,-0.18576187470613373,-0.9049057402631387,0.6186487969804978,-0.3382726062481832,-0.9888292738584937,-0.09579633979103375,-0.8357095542736811,-0.5407518859683489,0.3805801418961906,0.07394918975594403,-0.718190561085013,0.45365826160331524,0.09668923654656439,-0.7431300328497921,0.3556093134541645,-0.15646151916597859,-0.7820017835558132,-0.3557375837833933,-0.4207858579134309,-0.577150032910802,0.12266762880895604,0.4213550430891462,-0.7751508875595353,0.233949248465574,0.3847522707712755,-0.7552562286652835,0.20956574288512173,0.07334726452016196,-0.7396309197165029,-0.5369438251549743,-0.002876514009812422,-0.6455272256600023,-0.12611240573927057,0.6808748933036977,-0.8178058060044955,0.0702117505046568,0.9575560685245299,-0.7938838123036234,0.2006704376450953,1.046524184426609,-0.7603259424265659
J,0.0,0.0,0.0,0.4459441826992441,-0.34462504471387295,-0.23516654268701562,0.8315058404887998,-0.6100217020129814,-0.4123437204138551,1.0553125318999046,-0.5335142571521457,-0.5691463541247581,0.9181903992696381,-0.14252981723721964,-0.7261655524939775,0.14596311617034471,-1.2459170072979464,-0.46434781585538065,0.7113115692993803,-0.5993172533425487,-0.7397569393927732,0.7637128989372204,-0.38762354744767946,-0.8904316367316198,0.6293178711132978,-0.4860923355784028,-0.976487491709798,-0.14996981269070359,-0.8557730986124528,-0.4951378181605161,0.5096244369889232,-0.07619378621290239,-0.682109684273879,0.569421856031789,-0.03390656146411957,-0.6909980401293989,0.4377303623987222,-0.22625141100052248,-0.7049944410681833,-0.3282912244058505,-0.3729573866995188,-0.5468896849078723,0.32127827304473944,0.325744365482651,-0.7596345940366184,0.391218451450393,0.29265707547713143,-0.7156446619173623,0.3123246743417736,0.04406842380939452,-0.6630414414847695,-0.4371055100038216,0.08993468476092177,-0.628255796199545,0.14357108383907696,0.6464190459033222,-0.8045001051959182,0.3767300716844107,0.8237079722263034,-0.7698070862673095,0.5183890085990531,0.8879842703808423,-0.7133393632888384
J,0.0,0.0,0.0,0.45573152792161126,-0.37252109112638343,-0.24028083051543705,0.8289908936374569,-0.6644759042948745,-0.41146751267240117,1.0577674234200114,-0.6115271536205266,-0.5612734598366563,0.9567114889687733,-0.2268224873153071,-0.709681417810353,0.12774967199207068,-1.2619334372520188,-0.448642477769476,0.7229507349219356,-0.6442914012985065,-0.7075055143639134,0.7640967843851394,-0.47971477549276287,-0.8453915828885943,0.6185829385226054,-0.5999528253490559,-0.9281827554374783,-0.139462568724948,-0.8675395795142264,-0.4774151965542343,0.5537768164572576,-0.132507189167036,-0.6577666301636057,0.5955739105276611,-0.11879390903883424,-0.6638409263242888,0.44927650923417783,-0.31733752647938024,-0.6772495072783371,-0.2939856361930426,-0.38028895133505747,-0.5288669156623297,0.37493233379580243,0.28010879984809844,-0.7398887366332602,0.4258681314766874,0.2350033269712557,-0.6996582233814602,0.33346023198570385,-0.01275253879578156,-0.6500339799738137,-0.3845669307689905,0.0895409710288073,-0.6110219605367447,0.19911454978973012,0.6142438526688061,-0.792839380319376,0.4236972255813149,0.7576126890369518,-0.7698355770369109,0.5652675493290599,0.7988352161755767,-0.722329235195137
J,0.0,0.0,0.0,0.19165878993675564,-0.02120150964124918,-0.2457122534832521,0.31467321283318983,-0.12285855876396318,-0.3999721253304953,0.1363857970373625,-0.14150296040764282,-0.5116184789632753,-0.10451357575963552,-0.11808935903536175,-0.598750039858491,0.10627125159388595,-0.9712741898059583,-0.3344689233469889,0.1621299052713515,-0.5835610333467545,-0.5088362001736627,0.18798636051072556,-0.3142390818123807,-0.5892605754973838,0.1822129727339905,-0.2795715352756657,-0.6294567909866037,-0.11591714355624123,-0.9495078243876339,-0.2915443486957409,-0.03472458691444907,-0.5046561599396175,-0.4509656595560117,0.03478284091724135,-0.24039918589802264,-0.4832795970111614,0.06314005727648409,-0.24457578984821923,-0.49418089740869203,-0.28854767958091804,-0.7803959341566159,-0.2693275333339502,-0.21915121175454627,-0.3975657114314651,-0.45735236142464464,-0.10955566775131745,-0.16184331638261445,-0.46023753828168945,-0.04928566036240309,-0.13814694037177916,-0.43515897336085185,-0.417330289003838,-0.5678647003443842,-0.2630990361604005,-0.4652077975487443,-0.4415275454136819,-0.4128601732920064,-0.5368869207345304,-0.3358358864725775,-0.43035375497427397,-0.6262041770157627,-0.317268116582571,-0.41731227013040817
J,0.0,0.0,0.0,0.20206981267683302,-0.027552547238100945,-0.2440300103884987,0.3492937960662886,-0.13814601304823845,-0.40215608618532633,0.18744135405535584,-0.1565652589597024,-0.5199715629971694,-0.043101959372455236,-0.12767141837345544,-0.6144184811652231,0.11691173738331874,-0.9887659390302174,-0.316530705589157,0.1963958396894296,-0.6096030718029166,-0.5118090130702874,0.22922099070323756,-0.3397622872985506,-0.6172147159490282,0.21245482385141243,-0.30103938020075227,-0.6723623186743464,-0.11067075353580333,-0.9547134062366595,-0.2761780155331208,-0.008159475983247576,-0.5122084173433605,-0.4511763092371617,0.07257352570805424,-0.24531668653491168,-0.5003646770058007,0.0925882361927516,-0.2465515336063452,-0.5199666007738738,-0.28758200627703434,-0.7860887150912197,-0.25800270900578964,-0.19826409480347898,-0.3842666675839967,-0.4495900225813511,-0.0795526073356783,-0.15599210021232152,-0.4563060624608284,-0.031229510786652603,-0.1403044484413786,-0.4319059761602833,-0.4165618707152278,-0.5778181433150019,-0.25681506892588496,-0.4329113864641454,-0.38815160537615817,-0.4003192731233092,-0.465662060215039,-0.2592982117617815,-0.413641305700151,-0.5314934614362037,-0.23818478599517565,-0.39597179464112603
J,0.0,0.0,0.0,0.18764495056784308,-0.06503143887400936,-0.24567909937033355,0.3194222522922676,-0.21433917582809817,-0.40599102691147043,0.15716857168677914,-0.22883821034342286,-0.5239541376036736,-0.0836993417883427,-0.16475451695313945,-0.6195665102943032,0.00852745899896041,-1.0036198836330983,-0.3283940192230116,0.12128718732921119,-0.645311850523802,-0.519434213891241,0.17936676161391743,-0.38360219161660614,-0.6207360888076904,0.1711540060468134,-0.36010381605873437,-0.6772535275341292,-0.20900877826090666,-0.9345900839950521,-0.28784840716600263,-0.06297738446124365,-0.534319689158725,-0.45841100272055124,0.03375012547252063,-0.2826827904255071,-0.504180228692647,0.051651176789976154,-0.28736023895806584,-0.5259549624755726,-0.3622880448283516,-0.7463984703701119,-0.2684438376993074,-0.23228748459159151,-0.37633579669964456,-0.4539790159406726,-0.11053533938671131,-0.17344780977372717,-0.4601037021201155,-0.0685021780427227,-0.1735251873502067,-0.44167706318166217,-0.46762368031731666,-0.524761394661027,-0.26638309713689623,-0.4612820080257549,-0.315797450387387,-0.4090498646411836,-0.4717428678115163,-0.1625195686535256,-0.4247723563515045,-0.5205618868189827,-0.12008411315352252,-0.4126677856541961
J,0.0,0.0,0.0,0.17766733107759616,-0.07697612810322375,-0.23970440869940562,0.29160618138427175,-0.2357725012666376,-0.39298573733729447,0.1218246693892529,-0.24318195817443677,-0.5034799434475379,-0.11533421357495131,-0.16641545654229112,-0.5896572670832242,-0.02659663389638062,-1.0092052111557117,-0.31845920554727514,0.08168789398992979,-0.6472633327669998,-0.49407123973897565,0.14557770410641732,-0.39005690612572297,-0.5823785937074012,0.14410709900050322,-0.37425408665848403,-0.6307631624352376,-0.23698772472993673,-0.9312541589715565,-0.2767715840282502,-0.08858235102254196,-0.5279955301486654,-0.4326611057243881,0.00796173877460881,-0.2849630388679157,-0.4706592081474595,0.026915903315548877,-0.30233593857326185,-0.48945411927191157,-0.38234139795942174,-0.7354715081645292,-0.25540548645882444,-0.25050515811070906,-0.3757294367451501,-0.43396762770126307,-0.12568776157574948,-0.17564851123123126,-0.442634335044736,-0.07383020586466775,-0.17435516504912293,-0.42726877402697094,-0.4807343356138579,-0.5097992068192543,-0.2504217314968716,-0.4773437079393789,-0.32330468637060966,-0.3899546690524759,-0.5072069221562941,-0.17513300296524942,-0.40848648794059106,-0.5717206972416657,-0.12613294244844322,-0.39997462796005073
J,0.0,0.0,0.0,0.17933315841467973,-0.0805617006204845,-0.24589076407152982,0.29482931680956226,-0.2420168314601448,-0.4046287212915782,0.12171213920845561,-0.24394024500286743,-0.5199329160781083,-0.12105383109179799,-0.1516615527598697,-0.6113892382833566,-0.054447610074229824,-1.0053238908058164,-0.3326953169767029,0.06802723248691049,-0.6571360740899845,-0.5102575982266296,0.14186076316706406,-0.3910980361821609,-0.5987359948133981,0.14084909091267003,-0.36777085201083315,-0.6470818063634595,-0.2641367740122186,-0.9199127910881069,-0.2898141152651249,-0.10061880704487841,-0.5277127670361732,-0.44784585931777293,0.0033145487438598457,-0.2838415465150211,-0.4884353452147893,0.023830273055471418,-0.29940862757410547,-0.5098140043248599,-0.4054697231076589,-0.7146824026256958,-0.2668405957112425,-0.2644108115067897,-0.3663160151113965,-0.4469785461006976,-0.1314672558854994,-0.17539395528156573,-0.4599193057264576,-0.0752480174472442,-0.1771741687801328,-0.44841123335301664,-0.49981039296488233,-0.48074693001234486,-0.2602378331237295,-0.49525752441472753,-0.30371905192480264,-0.39989586539575667,-0.5241877107933509,-0.15630284819580398,-0.41962137099847735,-0.5883839128423728,-0.10053827848287725,-0.4132003342463758
J,0.0,0.0,0.0,0.17375501507134197,-0.08406433045655913,-0.24744859114161105,0.2853460082748149,-0.25470835240913586,-0.40522774279433565,0.11751516340135,-0.2670015555141222,-0.5199173765194746,-0.1181662975607739,-0.17194967454460244,-0.6104711777048607,-0.06756126073195033,-1.0101590098406632,-0.32415307926311476,0.05341330671182749,-0.677290191533778,-0.49726097899943156,0.13065054288665146,-0.42016732942588436,-0.585472482414993,0.1336595001691036,-0.40030198429905284,-0.633772533085778,-0.2732956267703414,-0.920475262985895,-0.2793470791314162,-0.11043695604981622,-0.5499658815400048,-0.4306224403494299,-0.005733974045280262,-0.3113294424526159,-0.4685159779084814,0.014454230742720887,-0.3290730175105762,-0.4884102585709837,-0.4105421180806789,-0.7106400039242091,-0.2552060855750672,-0.2664441657217255,-0.385286133422463,-0.429972532989033,-0.13332513397912918,-0.19129773351619517,-0.4391215770981109,-0.07608083002994274,-0.18433594516198043,-0.425171899182797,-0.501593280512969,-0.47249902243006175,-0.24810173471323432,-0.5000926937858976,-0.3171162111594711,-0.38331694295879415,-0.5338540337947588,-0.18037769925313324,-0.40087662507295146,-0.5987104141892894,-0.12332325302922581,-0.39336628834001724
J,0.0,0.0,0.0,0.1715131051512429,-0.08070918237236593,-0.2596742569141353,0.29094069779910975,-0.26016100032639833,-0.4244525069737328,0.13965539387667072,-0.27951096150420146,-0.5449203392416756,-0.08948321301039834,-0.1780993425777347,-0.6413356818525959,-0.07039628451109728,-1.0144129203789778,-0.3350383085279415,0.06174797172834892,-0.6860816651328051,-0.5156240032145165,0.13088304395862874,-0.41791354670000685,-0.6058834147344945,0.12253591619816513,-0.3988180465287546,-0.6550641808964128,-0.2734131413069282,-0.9184449013935101,-0.28583949563512584,-0.10188692653975992,-0.5584148469478601,-0.4527666722564853,-0.0005506038688643432,-0.3075178071367041,-0.4953670414938787,0.01369585105800293,-0.3223378917963046,-0.5150136077319927,-0.40966137961900245,-0.7079910267120326,-0.2580243781355313,-0.2613959933753651,-0.3936444542542179,-0.4460045054649955,-0.13143700926747393,-0.18780398787446728,-0.4552110693925646,-0.07953805668303543,-0.181152874656345,-0.4375573748651014,-0.5028399916723557,-0.47293494088266325,-0.24787740935531768,-0.49163698450415616,-0.3118881833278151,-0.38985534816876166,-0.5148366348200355,-0.16252495078642992,-0.40797825769955276,-0.5728103817378785,-0.10480011849916947,-0.39887333531340474
J,0.0,0.0,0.0,0.17527399065806798,-0.09116221204319079,-0.27006717093361643,0.29703800152617293,-0.28000641713269275,-0.43999405927533336,0.14521480499554984,-0.2941086316780188,-0.5624739455341871,-0.08063221485539575,-0.18215512069358183,-0.6608126420143108,-0.09706424623895125,-1.017560054447702,-0.34258606818761805,0.059400053248520726,-0.7020602338963373,-0.5268421934475186,0.1328494242609356,-0.4315912412246973,-0.6212407535553106,0.11485441090882677,-0.41142122677364557,-0.6728961031192232,-0.29588808614383355,-0.911180752383017,-0.28670520916938086,-0.10780768362443514,-0.555696861207147,-0.45902060198063727,0.0014460699739234435,-0.3093174671062321,-0.5066689782358069,0.011509261488635795,-0.32780000684516925,-0.5275512461642291,-0.4257314907618649,-0.6992132415199037,-0.2521977874374085,-0.26169756077482675,-0.36390357632226955,-0.43668287237267117,-0.12636367239746257,-0.18012752304608154,-0.4465850150878646,-0.08238960091876589,-0.19352152718013385,-0.429368418305188,-0.5140268320203133,-0.46562004394983564,-0.23657613811461237,-0.4782298617222135,-0.2718978796146525,-0.3704418249427008,-0.4847272374007146,-0.11824182645352069,-0.38435763729485983,-0.5405581055912768,-0.06699865905511332,-0.37261404643370216
J,0.0,0.0,0.0,0.21885849009656305,-0.11721416616028828,-0.2846804526308951,0.37868911051833554,-0.28708903641848044,-0.4726970616867936,0.25710356221734765,-0.2654831212275784,-0.6153835812651078,0.05080592108202823,-0.10068832632212193,-0.7386382497248599,-0.11823697287411744,-1.0096325868617666,-0.397861826828643,0.1117679326480006,-0.7031382753201754,-0.608588615983664,0.2185259210423732,-0.43198228639687686,-0.7226168001336973,0.19419965742818682,-0.377559999822701,-0.7878675129656318,-0.33534919860289786,-0.8734158457316651,-0.3531085887106605,-0.07024626175469295,-0.4885756841550091,-0.5439652073776958,0.09368481329859456,-0.2556156755831198,-0.6110993554706019,0.1020931629705643,-0.25821107991667797,-0.6499351436847263,-0.4667486714463937,-0.617223987802718,-0.3287119863724019,-0.23792898149919645,-0.2512747451038748,-0.5432274005317539,-0.036209055580372594,-0.07828937604473055,-0.5710500224086279,0.014711289926515627,-0.06561262621443517,-0.5650077206928054,-0.538994592303277,-0.34076904067525815,-0.32340984458545197,-0.4763828389085571,-0.07900046847857821,-0.49441652466381675,-0.42268290265519093,0.10712506933154443,-0.5229701248322459,-0.4475502830656507,0.20132183965362546,-0.5181744034030635
J,0.0,0.0,0.0,0.22518756070493862,-0.12919729614029757,-0.26162792067287455,0.40471535691930843,-0.3085262190895314,-0.43833334978101224,0.28771792681767294,-0.26285204349279323,-0.5730403000319473,0.08357788274700272,-0.07272651194962032,-0.6888430013951292,-0.13772060077305404,-1.0169298906833042,-0.3799550395222388,0.1121549141325943,-0.7082758931190719,-0.582032109726267,0.23959405532024022,-0.42291408608603437,-0.6890572465068459,0.22703640955241558,-0.36261186913515236,-0.7508093648494187,-0.3719656377794236,-0.860274057144233,-0.34866905643596735,-0.06967635329187254,-0.4662502038178692,-0.5259132447482434,0.11527501469228363,-0.22280165796755333,-0.5847959197044312,0.13303257186214748,-0.2349725096457946,-0.6214084878159698,-0.5053290886392177,-0.5796267954574535,-0.3356277259080812,-0.24092679441877485,-0.20932573651462244,-0.5432936152326368,-0.020268164012633955,-0.04064604458023666,-0.565747703866047,0.04142789512694044,-0.04139426921254546,-0.5592870128222784,-0.5720359854678904,-0.2801303833455081,-0.33970124123341955,-0.4774972075166188,-0.008197037189084056,-0.5057517229212621,-0.4135245778984633,0.1955362293914481,-0.5253804661531652,-0.4375636480253911,0.29847322357392686,-0.5158971416644322
J,0.0,0.0,0.0,0.2456123040187274,-0.13171502419648107,-0.26666422903373344,0.4468471750532357,-0.31382434696723593,-0.4493210825411072,0.3521212075587046,-0.2545546424376407,-0.5900273844804079,0.15923555654585908,-0.04375649326174073,-0.7127179167070309,-0.1268942739874213,-1.0218800980751255,-0.3955567747457459,0.1475501967425168,-0.7195780134321782,-0.6100997650190378,0.2931541103419145,-0.4363182146811065,-0.726213325881588,0.2811344914282251,-0.37794181661589493,-0.792527924208981,-0.37064396044251946,-0.8531903310469203,-0.3670004272416183,-0.024014238955434933,-0.45438312532149655,-0.5493912645269757,0.17228093562447389,-0.20939297064808352,-0.6124569671197354,0.17674081502079456,-0.22515455780492943,-0.6522624793924496,-0.5056527876214202,-0.5591191249915142,-0.3568434762925096,-0.19134620435023342,-0.17244524272636347,-0.5713595776581764,0.03776926343116795,-0.010429368091965478,-0.5934743559544357,0.09041648453748607,-0.024870651923320754,-0.5852311291337771,-0.573341870297166,-0.24720819974701935,-0.3642456624354898,-0.4460103176545318,0.04287145255340298,-0.5334800873460782,-0.37361257648586194,0.25713113907831414,-0.5494791637863915,-0.3950898331465993,0.3654389533792247,-0.5360736195083586
J,0.0,0.0,0.0,0.2179623874482744,-0.1696153119856403,-0.25519747083795746,0.3838353585982793,-0.37007711871126986,-0.4302602290191163,0.29520961867579093,-0.32646805626094944,-0.56732870477205,0.11717178954105839,-0.12214172388554309,-0.6861204964178441,-0.2157155657562589,-1.0321244264256029,-0.360514963443241,0.06129004771045921,-0.7696530604742651,-0.5761510994946957,0.21797770842810404,-0.5003403024922529,-0.6973930509616817,0.2199322824298693,-0.4309374129375079,-0.7642946948031153,-0.4228065689419223,-0.8422911664322846,-0.33433545461063646,-0.08505212137722672,-0.4984447142628317,-0.5252689764070011,0.11734070334368008,-0.27307903784863136,-0.5952788161533094,0.13483841138260685,-0.27244934557763345,-0.6328717128490292,-0.5335837645265881,-0.5431044129049691,-0.32761177079530956,-0.21988861763735487,-0.18360853740078667,-0.537745281184828,0.013415049938825639,-0.041681683187752776,-0.5602853151979346,0.07196762157822538,-0.0551285241597249,-0.5469562542584027,-0.5802351905465777,-0.23396993868652163,-0.33854410383080535,-0.439309945389906,0.011578830506244264,-0.49013327760758246,-0.3634094282894141,0.1924924075549987,-0.5001169068451903,-0.384547975672605,0.28150098046098,-0.4818114480228081
J,0.0,0.0,0.0,0.21354896020265005,-0.19917130450715703,-0.2707363146100549,0.37287712548847657,-0.41197512000398623,-0.454646094967474,0.295658124685014,-0.37722862135500984,-0.5963362467461057,0.13651237529963628,-0.16666135909159685,-0.7170648904141211,-0.23852874740459334,-1.0303047767831077,-0.38549340217910066,0.05822126141255463,-0.7932030887387734,-0.6101508472274068,0.21308191581131702,-0.5245052134550534,-0.7335533386877363,0.20068621446977955,-0.4522866092519291,-0.8029422115721662,-0.43290781087879543,-0.8296832845193155,-0.35244357657555586,-0.08683519115472658,-0.5298195220803971,-0.5550395157904476,0.11528572996766223,-0.3166359532366213,-0.6232976152633533,0.1263664700636335,-0.31189780280809387,-0.6593406563744917,-0.5324555997092747,-0.5308524661056375,-0.3399496261792522,-0.2080298533577842,-0.19972004436310822,-0.5550959378864454,0.026472314845492347,-0.07889487694408842,-0.5749898560070886,0.08081285516935896,-0.0962814624003579,-0.5606338365533666,-0.569516243631122,-0.22790777744625623,-0.34705412397690627,-0.40551222537152254,0.015775245002305437,-0.503291360943434,-0.31821241457669586,0.18473004572163026,-0.5186314097292547,-0.3369727148660994,0.2673336729361922,-0.5049300264786002
J,0.0,0.0,0.0,0.20548152141351342,-0.20529328203021116,-0.2592972574504291,0.35250347888859856,-0.42989196789745165,-0.43379495856096084,0.27254410405574053,-0.4023975983249831,-0.5692102635326368,0.11251115828665119,-0.1951303813917872,-0.6852108034795773,-0.2634482002348019,-1.0337745923924133,-0.3539949978046665,0.026706048084666503,-0.8239326217026789,-0.5719458127702154,0.1874882676416948,-0.5589902943863232,-0.6960621040153518,0.1844664913966292,-0.4823118472782824,-0.7646011317618362,-0.4539341155900431,-0.8304907934070435,-0.3228449484963714,-0.10458521196349733,-0.5529222449901458,-0.5193432196239876,0.09102645074782884,-0.33895355866157834,-0.593512667828561,0.09822854112540742,-0.32729339975812094,-0.6317952537990537,-0.5516434328196295,-0.5333103535466439,-0.31209695399201537,-0.21752810519580462,-0.22144871528677534,-0.5176628331722142,0.006302519782619407,-0.10529046499545858,-0.5432634353481386,0.051988696996965164,-0.12689765706451187,-0.5321179877525464,-0.5894119521376792,-0.23295728807236799,-0.31998953939706687,-0.4229589751118541,-0.007557019234353021,-0.4607554613501597,-0.3288529133182191,0.14914747849593463,-0.470578398346969,-0.33810795493482615,0.21918026494944587,-0.4536978658808009
J,0.0,0.0,0.0,0.19663205539842676,-0.22874321928056482,-0.2714639984261312,0.33181921063458714,-0.4585764363053808,-0.4566175057959898,0.26275172647907447,-0.44619443013658255,-0.6006445355183034,0.10960803612376045,-0.2369186535951625,-0.7228848314741184,-0.2919923283270065,-1.0324000542095408,-0.378068471673196,0.02389439665092612,-0.8407725305969811,-0.6086436280882194,0.18176014711306215,-0.585012023297543,-0.7373809982784274,0.16291919587421477,-0.5108679906149881,-0.8089574265710427,-0.4683147602486373,-0.8141340975648909,-0.34331757385176487,-0.0999328847604821,-0.5643804001559442,-0.5531985888326468,0.08846435409816757,-0.3665904816130612,-0.6233336895897899,0.08301598981468274,-0.36278045306803763,-0.6585289388264599,-0.5547456792438518,-0.5101831998480253,-0.33093234136906063,-0.1859067952628263,-0.21240245826416598,-0.5395778586170203,0.03215051137481014,-0.12422923951315473,-0.5560678874152533,0.06594278785670894,-0.1674031856010621,-0.5390710791557816,-0.5813615506402355,-0.21017842246276466,-0.3395621670267867,-0.38740711016745305,-0.011765622281297362,-0.47316204350608954,-0.2885210853037513,0.09982675482611884,-0.47952104052995903,-0.2971165270286607,0.12882766185630531,-0.4628697862829677
J,0.0,0.0,0.0,0.18568030787610013,-0.25710352075052,-0.25872359049676696,0.32562817771052,-0.4921462058744664,-0.4440697504415811,0.2804585151320583,-0.49753191460169904,-0.5930629619214236,0.14532720893257484,-0.28218000106132435,-0.7219879544593325,-0.32957397558212753,-1.0278855911306621,-0.3696303308568354,0.015222664127592133,-0.9005340374814705,-0.6070787218453141,0.18595757408301206,-0.6448168477655102,-0.742528462663175,0.16795999978192017,-0.5528212317063513,-0.8182571701100612,-0.5025935216140955,-0.7925532752257117,-0.34533904783638214,-0.09786897609489946,-0.5928103250822889,-0.5566400646253671,0.09908220309217089,-0.4023730283373321,-0.6308734079752458,0.091663833321023,-0.3928560531271115,-0.6700420369233653,-0.5785642749659345,-0.47408549730869254,-0.3430983903017751,-0.17053557803369404,-0.21522264753850362,-0.5549454154421417,0.05883439037045946,-0.14746384480408203,-0.5759300647676304,0.0974980388721389,-0.1953711364917357,-0.5616751627402784,-0.5901161593244507,-0.16510546924494912,-0.3608880383654369,-0.3778958551859273,0.022066455887524546,-0.4976529904990744,-0.2614702761673513,0.12834484110125038,-0.5050569349337816,-0.2493912113316391,0.16082994939755435,-0.4880775177394564
J,0.0,0.0,0.0,0.17146957332719304,-0.2642754514187824,-0.2780895960045399,0.2908868771590004,-0.5128051654606132,-0.4732626764599641,0.2263148360606032,-0.5144746270060737,-0.6272048258480363,0.09095315840302039,-0.30742331575481857,-0.7570188254875575,-0.3862245003665206,-1.0064160084875975,-0.37635044747661184,-0.04995935531754769,-0.9202176757517226,-0.6131336761184503,0.12272107650966463,-0.6666484543119435,-0.7474602473413327,0.09773901887500626,-0.5828703739755628,-0.8250476442519268,-0.5530955941346746,-0.75983110089356,-0.34167522863633537,-0.15072936501903098,-0.611788179422954,-0.5575931400453896,0.05005199130197614,-0.42282779717024815,-0.6296027888579966,0.02824408919700241,-0.42813679106835206,-0.6653112147291426,-0.6175279489561569,-0.44509228849491467,-0.33121967419424647,-0.20183660101319206,-0.23641435526412052,-0.5458451213917025,0.02254825768012915,-0.1662317956305569,-0.5621774770554225,0.04212520700596244,-0.22362711098670196,-0.5446161842287142,-0.6211812119389034,-0.14459195643804426,-0.34233931056126843,-0.3877811876700682,0.02140660155582915,-0.48253300291155937,-0.2645658084766945,0.1101994741559727,-0.4918257102902226,-0.2616743208520642,0.1142772882215048,-0.47586417317681834
J,0.0,0.0,0.0,0.14987242252889327,-0.3029024847359146,-0.25954726215882473,0.24562678796241996,-0.5913666387360053,-0.4396499564742026,0.16239074626306635,-0.6010010972519925,-0.5822943388245964,0.03445111825522469,-0.37980280812129535,-0.7017751966079183,-0.4585571601185046,-0.992898031090288,-0.32689759460676465,-0.115290064650435,-0.9516443256974563,-0.5512862884991225,0.06392445386091797,-0.7111412617142291,-0.6841286666669829,0.03208019916008698,-0.6260000940087552,-0.7629246137360367,-0.6104872836799822,-0.7340784337890436,-0.29737876439124145,-0.20028708391727518,-0.6443047942459891,-0.4983343725505005,0.0006042042763622262,-0.46858193101123974,-0.5680149030561097,-0.032074103330592525,-0.471351589070956,-0.603675864176881,-0.6578465001788196,-0.4227228264353468,-0.29267520442440914,-0.2367412200287369,-0.2788612503661924,-0.49363865648191474,-0.019072057597124086,-0.21284485125405947,-0.510286546120376,-0.01122636645955405,-0.2602743490811859,-0.4963655540906184,-0.6475569192812811,-0.12496952473121951,-0.3089385861708249,-0.3866701186250053,0.015381212127333942,-0.4402280293638349,-0.25779442221155907,0.09523657850470353,-0.4509301544868658,-0.26298412458057424,0.09578484458099899,-0.43814684145878663
J,0.0,0.0,0.0,0.13841381116328408,-0.3127861884096443,-0.24601631784343578,0.23014830950124454,-0.6147802516902864,-0.41745068088348525,0.14164735968887418,-0.6352547294426694,-0.554211356055546,0.01732773108405225,-0.41016531826698477,-0.6707192210280594,-0.4823763930861287,-0.9814060094357471,-0.3005824267949333,-0.15357472398409844,-0.9775879831150988,-0.5181381451640958,0.03659451522737682,-0.7467969094477026,-0.6531333709914029,0.029167934836656625,-0.6441953207403797,-0.7306478778806792,-0.6303889831837796,-0.7267232625857629,-0.27291579195280136,-0.22941408056814605,-0.6779465371144728,-0.46285419471691114,-0.0235659868751851,-0.5062967610975626,-0.5392759218195234,-0.03415007449505332,-0.47729704969501596,-0.5793053425667836,-0.6732133250963157,-0.4209838067699892,-0.2685054640126675,-0.25925024623155524,-0.31950508258394855,-0.46073512644229986,-0.04551502014489487,-0.2535559367897355,-0.4900675185167805,-0.02311368463549912,-0.2742723478178268,-0.48446857454520376,-0.657703949447702,-0.12364440341353813,-0.28295969941964255,-0.41022091449787396,-0.005525009951628037,-0.4084882546144499,-0.2652302485630736,0.07273726624310853,-0.4207393772832638,-0.23943144531830463,0.08357189558733888,-0.40815664999859763
J,0.0,0.0,0.0,0.12820873377574468,-0.3394533436624916,-0.2308804881284846,0.20651781086025556,-0.6247175021054352,-0.40417769202979076,0.13447237773458365,-0.6812937601365207,-0.5479942587901167,0.022236447908976508,-0.45657675845434664,-0.6702710489911957,-0.5323280224909916,-0.9718991265291886,-0.2919162837026437,-0.16983937135554605,-0.9879106852224756,-0.5254613919376643,0.023471481138777932,-0.7671713460694978,-0.676186494379214,0.01647844366500296,-0.6573718465113261,-0.765076895981279,-0.6628364481007952,-0.6940987294449724,-0.28084657172911437,-0.23481974168291048,-0.6794958691040907,-0.48685120215207567,-0.0282968122716729,-0.521883436406814,-0.5668593639545246,-0.035043062465958244,-0.4770423705289409,-0.6077442012354387,-0.6879023578704684,-0.36515779266717013,-0.29358461141334163,-0.22776674404048913,-0.3074708090729891,-0.4851539911894079,-0.026903835182998114,-0.2484827995024173,-0.5065905741047496,-0.022759636941494518,-0.2549926823245693,-0.4967372720616899,-0.6498441032653236,-0.04940425407833242,-0.3265109245414997,-0.3296346832412565,0.02568854493555586,-0.44341339616618947,-0.1997799697140121,0.06140360002329475,-0.45367572527432926,-0.2101143241466844,0.04285653053999206,-0.44242720677654007
J,0.0,0.0,0.0,0.12308924068447648,-0.3438460484065181,-0.2249665277903264,0.19643999167789775,-0.6383669338446928,-0.3931852129902007,0.12804084055647325,-0.7082873443700587,-0.5327679535588192,0.019628768485053523,-0.4846889832619867,-0.6495789693453172,-0.5358289851839263,-0.9665201333107901,-0.2822529784537914,-0.18549198880463363,-1.0058377247543941,-0.5093349964638441,0.0065806679090831335,-0.7858927377463701,-0.6534464683941663,-0.007094386899236957,-0.681572509786313,-0.7404249722536804,-0.6690623670542571,-0.6921411926869178,-0.2707325587691393,-0.23564760384473632,-0.7105080936806638,-0.4733229334801243,-0.0333345740779955,-0.5451455684895153,-0.5479567609618936,-0.04789018664831165,-0.49575799951708627,-0.5851435039181694,-0.6945486173488745,-0.3651281237824188,-0.28254918086448744,-0.22268524369177048,-0.33494224916273585,-0.4670473766649292,-0.030435679522993676,-0.26567086107986004,-0.4810312507499887,-0.036128915965282914,-0.2652135788238358,-0.46765470466121134,-0.654422280269715,-0.0500212160226082,-0.3148607260820292,-0.30674341789053167,0.01053340994177375,-0.4273780957330835,-0.17459137831708094,0.04318459305328997,-0.4362748856068417,-0.19082489840594175,0.024690709407752327,-0.42462581006594075
J,0.0,0.0,0.0,0.114604792983219,-0.3936637637950016,-0.22306160373371917,0.17742370571421667,-0.6990667038274737,-0.39673344001994587,0.12105700470590755,-0.782936413939053,-0.5457863034842964,0.027856743228769864,-0.5563380585646858,-0.6732531568152962,-0.5744732620949062,-0.9638526111827433,-0.28323824823497284,-0.22538433840888691,-1.047222102178202,-0.5224978122377277,-0.027585474727619776,-0.8340113898725937,-0.6774811928856384,-0.023005739045536575,-0.7092096139311429,-0.7698186848948682,-0.6851215135660175,-0.6722471105014344,-0.28052153940737157,-0.24917892625576796,-0.7614609909313378,-0.49540292659443785,-0.04647444299970263,-0.598773494427931,-0.5787455620082825,-0.05095182003401853,-0.5210633877491331,-0.6189763083398473,-0.6895560301771517,-0.33399644851036564,-0.30210610277538286,-0.21219707233964402,-0.3874334497062538,-0.4875271882005474,-0.029227915079249836,-0.3159252643464166,-0.5009271287746919,-0.044014218539938775,-0.2921843876627633,-0.4864341117751631,-0.6243682200484441,-0.011402681023010189,-0.3454992294762301,-0.2668764832707996,-0.016307938906473494,-0.45222701814588656,-0.13366845817004253,-0.02144142402223774,-0.4556075209958021,-0.14713929024582098,-0.05782974245784527,-0.4408544479265041
J,0.0,0.0,0.0,0.10882126687355881,-0.4073091776996184,-0.2217161651961825,0.1647944336491961,-0.7203853246210258,-0.3969660330392489,0.09914628373607665,-0.801063591650272,-0.5467208793986776,0.00552405650176436,-0.5705204158129227,-0.6737221609519882,-0.5917267173687805,-0.9547433945212773,-0.27895937741187454,-0.25580524917416325,-1.0573670897687015,-0.5108704269423407,-0.04864461173290679,-0.8577207858961389,-0.6606216030430858,-0.03324185008079908,-0.7341568601915047,-0.7502933632023783,-0.6973020255872405,-0.6622912014445863,-0.2741172187240666,-0.26679536302812296,-0.7738837401834899,-0.4825627185756192,-0.05313302092017933,-0.6146396439007066,-0.5632949520010659,-0.05901594715990201,-0.534497506510289,-0.603093696564314,-0.6945360098948254,-0.3267672086718594,-0.29268140980195967,-0.22082886202656565,-0.40351693955451645,-0.4705362324177981,-0.04254962610257239,-0.32975797106885435,-0.481036434705242,-0.06935502055994945,-0.2932545750615099,-0.4673242123275644,-0.6236099373709252,-0.0075576516835281285,-0.33259751201941373,-0.2632523399788254,-0.034045138302330004,-0.4342387787032593,-0.13336288202432006,-0.04344408173733212,-0.4359565957027211,-0.15992504254819204,-0.07100582135455769,-0.4218865004474684
J,0.0,0.0,0.0,0.10005059844792104,-0.4213037195275996,-0.2079945336751835,0.159253965316293,-0.7383399389624677,-0.38206258002641913,0.10775409233940385,-0.8548332334505375,-0.5340696290073411,0.028767964229060108,-0.628743434525556,-0.6641142151355941,-0.5931312796973349,-0.9645458502831845,-0.2766783926732383,-0.2608990070165921,-1.0970730321453706,-0.5020192085000741,-0.055772594448308926,-0.8857309387563828,-0.6498689774939342,-0.053736959874076694,-0.743447095277816,-0.7413186709918077,-0.6876907816122682,-0.6708383823575832,-0.27759188324115075,-0.2642625093892029,-0.8032528511083465,-0.47936888257575094,-0.05048295023827639,-0.632762283131724,-0.556269639215076,-0.06677768795597047,-0.5372617161912625,-0.597867396988939,-0.6755844988969779,-0.3436570883461781,-0.2991304866492182,-0.21949500844855555,-0.4469667059015182,-0.4611913886230478,-0.04593935948004105,-0.35884670084282866,-0.4620935855161054,-0.0808593126763669,-0.2957756640653556,-0.44792693396046523,-0.5982019384337465,-0.03634872606588276,-0.3421674387827022,-0.2329118047212593,-0.10098951655704133,-0.43017461891140624,-0.10979473638525486,-0.10501820519674615,-0.4260055308841,-0.14920854344302956,-0.10711323779160108,-0.41183060475480376
J,0.0,0.0,0.0,0.09610335979555025,-0.43074954165049895,-0.19432274205223754,0.15624021468266167,-0.7505353497331335,-0.36412777714024813,0.1075065472908364,-0.8804866849196576,-0.5162093390626226,0.027074101175561523,-0.6622617412614309,-0.6476597986543685,-0.5980559617725631,-0.9643829143151709,-0.2626824939950607,-0.26702743384030125,-1.1282615672285778,-0.4837872970007117,-0.06474120653321606,-0.9205477892531582,-0.6296809144860587,-0.06225467121504012,-0.7746051399871932,-0.7199869794130688,-0.6870720005515141,-0.674011360573956,-0.27136829563415227,-0.2701276687544303,-0.8426466310994597,-0.4741120786030953,-0.06222008152253144,-0.6714176685279568,-0.5537440586126086,-0.07135675267157834,-0.5645692168817058,-0.5950905979365285,-0.6727304721668304,-0.3523338172463877,-0.2992957503770238,-0.21896380801779375,-0.48344444202410497,-0.46081238640785155,-0.04676348129790267,-0.38610672943867,-0.4641152117246249,-0.07510563346893726,-0.31003864669054776,-0.4491998332093266,-0.5924183767857996,-0.049389801765185884,-0.34755862352622435,-0.23563924915989354,-0.14661607848557998,-0.43208172423693847,-0.11007652578475496,-0.1532678189929075,-0.4247533897314288,-0.1356925109534297,-0.15128283421610753,-0.407265491984489
J,0.0,0.0,0.0,0.09086859934489538,-0.443259075011072,-0.18487076511903006,0.1438240613729608,-0.7610608568699556,-0.3507586302121683,0.10200847969333583,-0.8902078443028552,-0.5002584257602511,0.022193945537721024,-0.6924868570932126,-0.6301022144073706,-0.6094081288210542,-0.9552282025824718,-0.2662814500611696,-0.2865629185457125,-1.1484451454072924,-0.4812847387653995,-0.07774138293557765,-0.948256793590222,-0.6180300775017653,-0.06556778748242395,-0.7961496027609364,-0.7015787331611146,-0.6928238603744966,-0.6648706449676589,-0.2791811669079229,-0.28126848078871175,-0.8692882538786582,-0.4824206722393829,-0.06909872371868939,-0.6963370972341854,-0.5617966104799791,-0.07022576280898898,-0.5778612248428154,-0.6007424796028236,-0.6728466276668239,-0.3455306263808346,-0.3085236045944517,-0.21613584767586094,-0.5068320176061921,-0.4727324536380015,-0.04215026080034847,-0.40026085316927507,-0.47645204913823247,-0.0669243821234762,-0.3150832291293316,-0.459338852672125,-0.588085564711969,-0.042558955495847345,-0.356507910660414,-0.2379010749809458,-0.16942343847667596,-0.4460013444274702,-0.09966143509031343,-0.19371395562162153,-0.4362243607708328,-0.10353741977903416,-0.2092130672738017,-0.4143584347399213
J,0.0,0.0,0.0,0.08589088973459082,-0.48318535655099987,-0.1559248249903313,0.1323039371522813,-0.8339699981852825,-0.30299140362593624,0.0897726939876544,-0.9965434535709572,-0.440917295676383,0.009972921890928636,-0.8013562480262444,-0.5610739302266532,-0.6260797753617426,-0.9521484809722491,-0.22870961271038182,-0.3069177583836843,-1.1993392093251871,-0.4263122299591402,-0.09525712376154202,-0.9987566879701557,-0.5521255070178951,-0.08592047557049572,-0.8446759715405294,-0.6314341720613923,-0.6950837472279441,-0.6720353116904701,-0.2553960144181038,-0.2874092859350234,-0.9366943374101214,-0.4442485984194993,-0.08173461447373487,-0.7633781937162095,-0.5217867472348087,-0.07745144092875672,-0.635589661097967,-0.5624929364255434,-0.6631748885207364,-0.36972581459086357,-0.29631449534855064,-0.2238072243124448,-0.5875668590423669,-0.45191275574228357,-0.05066057537724106,-0.47269575189929847,-0.4600305476966155,-0.061953096840698746,-0.37378602499899216,-0.4481462204010964,-0.565583335369542,-0.08458964763855698,-0.3539234424146992,-0.23596664641350124,-0.25317473100659316,-0.44364734650729964,-0.08608337589589976,-0.29945179051587745,-0.4393475086511341,-0.05649611416759036,-0.3331338388701802,-0.4217983849194638
J,0.0,0.0,0.0,0.08202049251984049,-0.49734667442097047,-0.1402012070178236,0.12182507339104189,-0.8483179518003511,-0.2778202655873803,0.08102505757908812,-1.011162349988863,-0.40981494763167287,0.0071962540977925085,-0.8184880135382553,-0.5235044943096003,-0.6345121621341185,-0.9519510600259548,-0.20988886229736795,-0.3120225711854212,-1.213308805293615,-0.3986332600521619,-0.10244328577496192,-1.0120095021496356,-0.5151241586010873,-0.09648278084718069,-0.8579023953053564,-0.5897508498261574,-0.6978680715043117,-0.6735707008313763,-0.24348031903293846,-0.28017399339755084,-0.9538370816992866,-0.4272121847404249,-0.08045827201911752,-0.7752124051438546,-0.4995016865780472,-0.08333314224321461,-0.6477945966010676,-0.5380471988984722,-0.6579084434526034,-0.3741103334672882,-0.29052616841728335,-0.21033725429059585,-0.6080302461119497,-0.4460261187332931,-0.04193145080541266,-0.4852512142360201,-0.4537863992276832,-0.05729838869800743,-0.38426708085901007,-0.4420683213879394,-0.5512566324864275,-0.09376046565602794,-0.3527359569244518,-0.21792833576653373,-0.27823100835135767,-0.4456416159664789,-0.06771342938354753,-0.3307597826354668,-0.44450866788342835,-0.035834589803844526,-0.3716902801733811,-0.4289844576785741
J,0.0,0.0,0.0,0.07372762198758048,-0.5140149387193179,-0.12914551828391632,0.10838096627189195,-0.8738960334753904,-0.2605556698938485,0.06855329233561229,-1.0639278928309985,-0.38862818791699694,-0.00018159335315033557,-0.8755377598913219,-0.49810335322529453,-0.6475355951222316,-0.9466980337878851,-0.2076908812891476,-0.34108744376996514,-1.234400995078645,-0.3873491077509579,-0.12609352428949214,-1.0485000242029348,-0.49019980878805747,-0.1089354745466903,-0.8971951092322682,-0.5556464225753174,-0.7097378040531197,-0.6603802622713048,-0.24529606336086635,-0.29449109377757,-0.9628468712644686,-0.4222706985658654,-0.09398825181763935,-0.7918904208357683,-0.48780157851476824,-0.09632302350100082,-0.6727253675470785,-0.5240311639135528,-0.6640791459289265,-0.3643324738860244,-0.2949646152865751,-0.20980013339781012,-0.6265529155308369,-0.4482491770423911,-0.043336316938220064,-0.5021124672418482,-0.45765636128326825,-0.05826048019385508,-0.39863235967938254,-0.4490350907359608,-0.5524777800727931,-0.09188875882397467,-0.3587342829153033,-0.2155786933141297,-0.30096702261258496,-0.45589339247976707,-0.0531791090440948,-0.37966270005634284,-0.46039156612706117,-0.0030460123165336047,-0.4480428661891997,-0.4486090759722086
J,0.0,0.0,0.0,0.06954858516967165,-0.5149565980699224,-0.12211001007300375,0.10055346598238919,-0.8846762888776938,-0.24832553418627493,0.060667098481931844,-1.0845591548181757,-0.3714782203113074,-0.004606959003364084,-0.8981433511488195,-0.4758868788230592,-0.6536363424881793,-0.9441899405290385,-0.20367122557007583,-0.35104333992179565,-1.2441420008818156,-0.37515464116041136,-0.13462821525651059,-1.0651958391038254,-0.47010374187459336,-0.11649184064813486,-0.9137095824299031,-0.5308036342569119,-0.7109705025351942,-0.6598006972978526,-0.2432775870690123,-0.30208087864253663,-0.9741075013897568,-0.4122030559676104,-0.09840937382121671,-0.8121433689265309,-0.4731521370697166,-0.096489178645698,-0.6955280794588583,-0.5071771564154434,-0.6595237909937655,-0.3664999587139155,-0.2939254526739667,-0.20491533703215098,-0.6392404491425395,-0.44348048553874725,-0.035583807769723697,-0.5228875108779604,-0.4552733068872544,-0.04685987810980884,-0.42289037320021333,-0.44907229478618993,-0.5405954983163532,-0.09939355021802711,-0.35773443142869943,-0.20650058519221332,-0.32124293863944514,-0.45615995512277785,-0.03560824596398446,-0.4195594113839499,-0.4643746924001899,0.03049347565929005,-0.5055789801001681,-0.45506104499776523
J,0.0,0.0,0.0,0.07367724676338318,-0.5305599482132484,-0.10773340787294337,0.11181790448952161,-0.9028303628733277,-0.2319386525655727,0.0811803858865853,-1.1267878171016892,-0.3556639899679134,0.021825516912117454,-0.9445718301810796,-0.46229695956166894,-0.6489850570700499,-0.948868220075604,-0.2126152077587488,-0.33360146808869207,-1.284781850312677,-0.378650506970255,-0.12015624312045062,-1.106200005484155,-0.46727653115334866,-0.1108845941962485,-0.9471011477952713,-0.5258350136781079,-0.6972578995298793,-0.6678194528535913,-0.2604776380680514,-0.27792305822095653,-1.0180070344020986,-0.4184859117181503,-0.07712657760467516,-0.8533232292305002,-0.4669540323761342,-0.08149771857390149,-0.7320750094731183,-0.49685495640461924,-0.6341025852911206,-0.38369636799437995,-0.3178844868481847,-0.17434645971731821,-0.6907495247084792,-0.45817064633109966,-0.012382443648334572,-0.5723686196121984,-0.465033684454646,-0.027330502307711387,-0.46492922338532333,-0.461052381121395,-0.4995754480592319,-0.12780043895913587,-0.3875663246067686,-0.1627909498328733,-0.3741113395646969,-0.4836111234188996,0.00926518008119906,-0.4905993893222524,-0.49502005111779634,0.08715436239990022,-0.5918549310183804,-0.4915702710512958
J,0.0,0.0,0.0,0.07961538635012393,-0.538647407892492,-0.10007869859124212,0.11446405566927123,-0.9163305166384559,-0.21654198947964032,0.0856609582047806,-1.1440255567945217,-0.3328411531735577,0.028544739692924107,-0.9601911747712464,-0.43221372742515035,-0.6472700485475752,-0.9530296057452846,-0.20415886083775847,-0.3292460853308097,-1.2887170200626505,-0.3665913277054002,-0.11231444674192961,-1.1140005896733147,-0.4534534914619161,-0.10488277640933003,-0.9619214491616609,-0.5116902690567785,-0.6895249137617061,-0.6781851756271796,-0.2542051550646511,-0.2689616417265122,-1.0326836554262584,-0.40809566810987463,-0.06590074408465899,-0.8686275545001372,-0.454636878457553,-0.06855839640615799,-0.7490409688328061,-0.484269476005054,-0.6214147590557275,-0.3956917294427726,-0.3136336530483067,-0.1583505495792184,-0.7056487874144715,-0.4519459377308714,-0.00038229723401032574,-0.5900114622567016,-0.46137897744425993,-0.018609347683143467,-0.4837418646903474,-0.46020426259759867,-0.48355216143150487,-0.13807904000907353,-0.38451781140787433,-0.14001581994697082,-0.39049602818773055,-0.4813898257032666,0.02979858789898822,-0.5191663285675244,-0.4969554297657239,0.10708225019328167,-0.6314854727234825,-0.4973893985540475
J,0.0,0.0,0.0,0.07821008743693067,-0.5440411012819567,-0.10441208676397777,0.10843201726816434,-0.9223236016940187,-0.22386036148798108,0.07711690371030919,-1.1588182167685352,-0.3415990877541461,0.01242853546316641,-0.9943442335548578,-0.44105564735565345,-0.6536581253631237,-0.9462209674236373,-0.21682122541927104,-0.34106607828094077,-1.3135591339364268,-0.3803423856399473,-0.1272041334484686,-1.1441625639617201,-0.46231762711741237,-0.1254216426868038,-0.9863195840255098,-0.5170543740732255,-0.6890426135322211,-0.6739691385157777,-0.26643174935616576,-0.2774694448754273,-1.0675350211575294,-0.4228638096147288,-0.07636457017810482,-0.9029199527677355,-0.46346709097044997,-0.08079526048427908,-0.7798833558887313,-0.4883319043759599,-0.6110980342701127,-0.39777326354850184,-0.325972319781303,-0.15149722589158415,-0.7457890998051958,-0.46870105217183594,0.00555719838761655,-0.6276897596477667,-0.4734030009151453,-0.013128346914403224,-0.5191423749120978,-0.46846234836936956,-0.46117284859507496,-0.14843536968179907,-0.3971364568622946,-0.12433751449138362,-0.4245338071333489,-0.5012144388959038,0.042143717768375076,-0.5718509998224108,-0.5189429956605697,0.11875351173141122,-0.7062613438902535,-0.5202174258441852
J,0.0,0.0,0.0,0.052886261207411,-0.55470196893005,-0.09080603690894982,0.06703922174966936,-0.9348395401845835,-0.20243470352352763,0.038048363888998904,-1.1858064217029125,-0.31349631996125,-0.017439793248425466,-1.029131003348675,-0.4058226165519042,-0.6715137429798754,-0.9322651784970167,-0.21723669834933787,-0.36307605890560235,-1.337624115832579,-0.3803167749561868,-0.14397925318848073,-1.1735446856957565,-0.4592004449700519,-0.12611078957726016,-1.0100625506614183,-0.5094475580370807,-0.6962868227998955,-0.6651743885718902,-0.26968072453039554,-0.28229041160509116,-1.0881529015624407,-0.42700999116155397,-0.08609219767319787,-0.9176142620799246,-0.4617431332806868,-0.07939759754894159,-0.7883555707453125,-0.4809158291701471,-0.6103308566399789,-0.4003437460381759,-0.3312457609607184,-0.1574760709336144,-0.7800611051612542,-0.47272304232453505,-0.01783355091164785,-0.6540214007197219,-0.47547660154096555,-0.03540795601203417,-0.5420288389475163,-0.4687629254056025,-0.4532046325515675,-0.16567191713949828,-0.40322031570656075,-0.11955296085339191,-0.46887485582628835,-0.5090253663195672,0.03407335508403728,-0.6273770721875509,-0.529931099821839,0.10804292766126333,-0.7773620295520176,-0.5329782676431813
J,0.0,0.0,0.0,0.05231518146432405,-0.5699118557546611,-0.08148157378317733,0.06064931748517353,-0.9513851399078281,-0.18841461776096669,0.030485917467868315,-1.203584520553464,-0.29596623595402116,-0.01888277307794109,-1.0465623559926787,-0.38471791548893036,-0.6654842893562788,-0.936946692935934,-0.21163237729268855,-0.3624882320605171,-1.3482771637148083,-0.37098052077922367,-0.14245364149004544,-1.1885758769838892,-0.4460687529756879,-0.12289661093534701,-1.0270288460476344,-0.4949121944524932,-0.6837674650744714,-0.6781895168576606,-0.26929729469492353,-0.28067642422530065,-1.1126207009526,-0.4260243825164093,-0.08357122071193476,-0.944104976660504,-0.4588771058773533,-0.07135654047099506,-0.8157024048288034,-0.47641332405258424,-0.5918708394770891,-0.42098363189795207,-0.33523242373381484,-0.14585664605957815,-0.811866407217907,-0.47551468530531776,-0.00672974534412561,-0.6841947561498583,-0.47585243769622515,-0.022812140381707716,-0.5694068753928401,-0.4678269651304795,-0.42859504373124135,-0.19516279316607946,-0.4109552891981585,-0.10368241108500406,-0.5044147980705815,-0.5178485307806332,0.04556583561215317,-0.6687028709637491,-0.5391777590888885,0.11789349216357305,-0.8256421788314342,-0.5428904516855365
J,0.0,0.0,0.0,0.04393386041110911,-0.5659295297595061,-0.08115577177151119,0.04722628506494031,-0.9462966780642466,-0.18872780118831026,0.0203639124338936,-1.200716356801948,-0.2961428877847065,-0.02304304579906796,-1.0481281990568636,-0.38431129715091583,-0.6777770113641656,-0.9268018329424804,-0.2217362057134097,-0.3670111062361684,-1.3457712591676945,-0.3788304078608153,-0.1464102654042841,-1.1864061077400234,-0.4480561529151744,-0.12503931296730494,-1.025537446658685,-0.49316916221327106,-0.6932390557362482,-0.6644386397954705,-0.27917898479051073,-0.2801827320885278,-1.1061340245164057,-0.4331909341386816,-0.08569978252418972,-0.9356631424060011,-0.4597582629687534,-0.07814394817278658,-0.8107575183721083,-0.47456730204993053,-0.5978993908145677,-0.4059622426617873,-0.344268360332019,-0.1468125816338046,-0.8094868487900513,-0.48430932529140674,-0.01064977823894027,-0.6775287319164003,-0.4813145325420678,-0.028847894253578327,-0.5613252043572383,-0.4720946368739744,-0.43128478294497535,-0.17947694688099772,-0.41899607879565,-0.10480819701733472,-0.49792648512718457,-0.5292394716892621,0.047050294025762295,-0.671945567914891,-0.5514935475178163,0.12597674191026936,-0.8369189611747047,-0.5556819914583347
J,0.0,0.0,0.0,0.04609143323683742,-0.5783876223930395,-0.07593600629624378,0.05160251497058437,-0.9548337915875776,-0.18792117632564415,0.024552121278667006,-1.207267220537391,-0.30037151580007326,-0.020125481621535643,-1.0515207074861292,-0.3935522453162794,-0.661721794185621,-0.9346864447924648,-0.2376418095877049,-0.3521578406551585,-1.3570865082287573,-0.393828337215704,-0.13508410035276763,-1.196876325790919,-0.4565726569462999,-0.11318401303057195,-1.032860016162227,-0.4978603644478202,-0.673396915215669,-0.6757054543485229,-0.2999312146837628,-0.2669307443597365,-1.1218646738572158,-0.453429626410587,-0.0746173734811319,-0.9463633291429625,-0.4722659444512874,-0.06957286633839713,-0.8234842276154022,-0.4825107921815064,-0.5755266349632691,-0.42284300953327775,-0.3681785709985536,-0.13344456499856086,-0.8262663946210673,-0.5058432687880708,-0.0028502311750267417,-0.6887871761013615,-0.49207310264862625,-0.02506489486546345,-0.5677643220112861,-0.4778365382502145,-0.40896567759349767,-0.2033898446159518,-0.44588102789711753,-0.08769345260853126,-0.5257965899783077,-0.556989656841308,0.06291844762501188,-0.7012905287466719,-0.5746634617924787,0.14172934979981403,-0.8667557587889491,-0.5765801029553687
J,0.0,0.0,0.0,0.0412584294983674,-0.5715043279715195,-0.07218131719527897,0.04293013476152313,-0.9506878395552766,-0.17729559501997666,0.017786859818427835,-1.205898236003474,-0.28337371869880434,-0.022726913726586733,-1.0578844488402053,-0.36964384713918114,-0.6678490586823518,-0.9359043318803173,-0.2150399819379546,-0.36044013891333054,-1.3555488281626549,-0.3642695128955324,-0.1425842526225598,-1.1994618550595153,-0.426439340710899,-0.11651813744711814,-1.0378972937813713,-0.46757000717063774,-0.6789953973001787,-0.6803237119941716,-0.27590740719242,-0.27546552943843117,-1.1224913325029084,-0.4219530341214665,-0.08341865384179846,-0.9494549306169652,-0.4421961537031263,-0.07526567080848084,-0.8266166879906252,-0.4531585644050138,-0.5807113341512457,-0.430278555098058,-0.343232105322178,-0.13938535375558953,-0.8290809274632018,-0.4751001782740579,-0.009984282483367152,-0.6925919451323937,-0.4645287733300603,-0.030857097590348097,-0.5733030070712809,-0.45187795258886154,-0.41308324604050134,-0.21290004834214982,-0.41986423558910174,-0.08652284846599657,-0.5393915222733038,-0.5247445369362284,0.06500744753398388,-0.716889897019634,-0.5421702929845306,0.1444271270356148,-0.8826293369999835,-0.543916402460642
J,0.0,0.0,0.0,0.05558110076554815,-0.5418660620527791,-0.10011409383491318,0.07191595387052596,-0.9178698227620444,-0.21559792320023632,0.041151085560451696,-1.1581743777429443,-0.3288857945950346,-0.011158032794851058,-0.9833313080486837,-0.4225519964733925,-0.676909618351783,-0.9412528624845405,-0.21194012251399072,-0.3681844745171663,-1.307738519438488,-0.37503922755235336,-0.13939683223989985,-1.1452747481837777,-0.45982427039130475,-0.12102576075970585,-0.9920187077358424,-0.5151206836282153,-0.6993926839189883,-0.6659012232645339,-0.2596640801793563,-0.28315356314220436,-1.0414483741746452,-0.4132448353477505,-0.07663705934386472,-0.8909319925216341,-0.4566605784273503,-0.07112695504862435,-0.779077806089115,-0.48509751537899737,-0.6114987879350616,-0.3901491778819608,-0.3170347924401581,-0.14996955964736017,-0.7337200394233249,-0.45797317498150414,-0.0015890951771421555,-0.6286229978468876,-0.4684789144558663,-0.018281933228536325,-0.5257610352834006,-0.467729517718662,-0.45415581234636404,-0.14746438099233858,-0.3852385990347606,-0.11898990036943609,-0.4414281945539505,-0.48862756018749065,0.04627814596302659,-0.6092737325006109,-0.5095074349202887,0.13134575079499625,-0.7539145072280905,-0.5128972391260234
J,0.0,0.0,0.0,0.06720546597575071,-0.5374578656436227,-0.11014926458632915,0.08531180688148625,-0.9117215903967095,-0.2321007617491733,0.05946264167347799,-1.1440503677230278,-0.351332637087979,0.02019630541376309,-0.9614703377452651,-0.4517933069336717,-0.6643668062489255,-0.9506815584870246,-0.2173056725492519,-0.3559715216849684,-1.298120610266533,-0.38464957118959875,-0.1304519604579708,-1.1316511411733892,-0.47406498363173,-0.1096730004426723,-0.975288777685122,-0.5335757918964228,-0.6939312450670319,-0.6701074044435249,-0.26346820231231205,-0.2850946512992968,-1.0228639404583737,-0.4209781035011293,-0.07971517128665169,-0.8728613575900623,-0.4695012886431055,-0.08058503485587701,-0.7647615603831277,-0.5022702382406766,-0.6138327106882205,-0.39019236275044067,-0.32012111124342874,-0.16068947814736523,-0.714657203926198,-0.4630459358370498,-0.005892797460519747,-0.6104515592313079,-0.4745866242334273,-0.022366846003748518,-0.5080995225373688,-0.47598251532436764,-0.46628465433430605,-0.14109964204380512,-0.3890933421095759,-0.13170644052507507,-0.4148171296286089,-0.49414673671564296,0.04063577153707908,-0.5641568399293468,-0.5137803524904002,0.1279881229296587,-0.690787703522915,-0.516877965667801
J,0.0,0.0,0.0,0.07002170977353313,-0.53107149616869,-0.11057320912219339,0.09959906540173089,-0.9056352827773874,-0.2322334157309262,0.07757834389197835,-1.1272364930981331,-0.35197141916649033,0.02920362753424025,-0.9438925702541251,-0.45292566719544447,-0.6467766221096857,-0.9646529721407109,-0.20047060053538304,-0.33708266299155953,-1.279937001806533,-0.3671215846869265,-0.11791913907442635,-1.1074259100667372,-0.46122319700628167,-0.09949480195610277,-0.9580218522229003,-0.5227269179013003,-0.6846836055435951,-0.6863164204159231,-0.24531231393327227,-0.2728102368651277,-1.0070441643400547,-0.40137038738399355,-0.07335179968896599,-0.8531132765249692,-0.45530941663921987,-0.07710951062802222,-0.7444816856629627,-0.4895832064584972,-0.6147858847324306,-0.40216418754572036,-0.3012505111010921,-0.1662385535370171,-0.693191819724082,-0.4403214582698369,-0.009410832692047772,-0.5902024311325859,-0.45322423578700033,-0.02644487312153979,-0.49563671879268884,-0.45307426902356734,-0.4778291563138748,-0.14856642786510849,-0.3698111456854359,-0.15376920902608807,-0.39277131916356123,-0.46563726570884223,0.014449997736492711,-0.5157556891438395,-0.47932510118020716,0.093305216596045,-0.6227134290138704,-0.47714935026563243
J,0.0,0.0,0.0,0.07450504075073275,-0.5083123273868784,-0.11966794220518545,0.11362946533962852,-0.8617543570261238,-0.247976160955565,0.09080982840003583,-1.0646638417257301,-0.37347493839714857,0.030636406716242463,-0.8966889902164108,-0.4798729647483764,-0.6272972611860493,-0.969684334884626,-0.20464710073091913,-0.31997196954847223,-1.255820538305654,-0.37647845881525505,-0.10861661673940622,-1.0731457382634797,-0.4725429285442065,-0.0884067672121545,-0.9232053887519458,-0.5330861225799998,-0.6816435218321549,-0.6896343124153508,-0.24447213396144546,-0.27092328702324914,-0.983281218867847,-0.40916236460911953,-0.0755897412956556,-0.8124643190104148,-0.4653278422647626,-0.07585908003141523,-0.6950646360560004,-0.49634560814550105,-0.6278256198358739,-0.4024403423229759,-0.2960671169112948,-0.18091832671539887,-0.657750027855183,-0.44203008534537586,-0.019981436287704907,-0.5457626543272733,-0.45460348213271035,-0.02803746281144505,-0.45288241556754766,-0.4496434956317629,-0.5075574793456196,-0.14393916766730022,-0.36075504494842403,-0.17246423852763995,-0.35554322156873647,-0.4585850169731336,-0.002013394497444672,-0.4505465141683233,-0.4703866446005829,0.06883003860922088,-0.5377125742431539,-0.46383935223530404
J,0.0,0.0,0.0,0.08789845099331794,-0.4881507354671684,-0.12876212660456174,0.13049126572542194,-0.8421056923875032,-0.25584299851480186,0.10040931652653862,-1.0157349120562162,-0.37892757541220096,0.03223428790264471,-0.8172740810459598,-0.48481253401552027,-0.6183629943235842,-0.9705234538405454,-0.19506617123121214,-0.2969035194734024,-1.210134270761579,-0.3715698274224519,-0.0923477463733976,-1.0151624365209482,-0.47995416377282385,-0.07939138693934922,-0.8734449361307257,-0.5485933808159492,-0.6831687769136648,-0.6930251971969419,-0.23020968333331882,-0.2640935814946288,-0.9431114698691484,-0.39415280565411676,-0.08018713851517448,-0.7664546200359426,-0.45829982692469357,-0.0879115018835243,-0.6476495446734046,-0.49422994175222745,-0.6448952777497204,-0.3947209997503116,-0.2787045206615973,-0.19847370553708155,-0.6049299246702416,-0.4242449398382625,-0.03647864903380838,-0.48501869818102467,-0.4401834276844627,-0.045368421624909366,-0.39168490414352264,-0.4356838687407505,-0.5399391368933169,-0.11643369333936716,-0.34147685551224566,-0.2022701036800812,-0.28496442402192496,-0.4382655640959628,-0.03221594611100335,-0.36201829070728747,-0.4477181122363675,0.03605326055843371,-0.43679230796430496,-0.4379670690733377
J,0.0,0.0,0.0,0.08864384540885575,-0.46862278778388616,-0.14505081602145647,0.13763412515692067,-0.8023692886734288,-0.28124427135077223,0.10194669083480215,-0.9410974279489417,-0.40934666863700647,0.02036454544397672,-0.7564043198172893,-0.5186648804847952,-0.615818487164801,-0.9606727618558943,-0.1987387819177179,-0.29241995468139226,-1.1767707488005261,-0.38208603081680464,-0.08758522431100021,-0.9783849437607829,-0.49918238722552116,-0.0764651245818298,-0.8330883176567097,-0.5716771104151818,-0.6897261578502147,-0.6884662719627969,-0.2242588226733319,-0.2823489674773421,-0.9101760776680167,-0.38761178818990494,-0.0904261745426704,-0.7399157503556806,-0.45165066090540235,-0.09221625140241747,-0.6240596023713604,-0.48517555524780726,-0.6589483165837197,-0.39002052343747345,-0.26542440547311946,-0.21631052115373212,-0.5718957484305726,-0.4073719669899837,-0.049647075605516865,-0.461465649869143,-0.4178971646268213,-0.06011988804997057,-0.37901980912153427,-0.4086453673766132,-0.559747314168555,-0.10964951517373933,-0.322250167356129,-0.21369178978857786,-0.2562986477070588,-0.40770278608306354,-0.05761138569467285,-0.298942483408399,-0.40656972518661877,-0.01638045346791563,-0.3404222232883947,-0.39013257245165234
J,0.0,0.0,0.0,0.10106949462343855,-0.4333758454099394,-0.189417841209559,0.1633594947610338,-0.7535657676914087,-0.35042980443984656,0.1225203275268715,-0.8792351232668592,-0.49489232716177484,0.034629064920974735,-0.6865273229035558,-0.6192388878506945,-0.5929430838468517,-0.9638118704836544,-0.24304644676409873,-0.2629683914056867,-1.141807899258703,-0.4501534781233705,-0.06294241234238779,-0.9370606741048482,-0.5868764873142102,-0.05179700774151142,-0.787624016086696,-0.6697742533114979,-0.6792691929717328,-0.6902187326199523,-0.24938216580188258,-0.26739610498829325,-0.8658675610155498,-0.43848021835815365,-0.07140540314619082,-0.6850001414377082,-0.5156482280341284,-0.06652661734619385,-0.565688184271492,-0.552823669800162,-0.663027943935318,-0.3868625994255417,-0.2751755180980773,-0.2170600484536156,-0.518972362001524,-0.43419551798151096,-0.05431693663647076,-0.40526807671250537,-0.44871809179651606,-0.06491589744697678,-0.326429342522647,-0.4374967873188098,-0.5801074830359415,-0.0972120677244473,-0.3203068034978918,-0.23559922255677523,-0.20242086522924008,-0.4145264115060689,-0.085421845321812,-0.23543691426868527,-0.41637754724550624,-0.050054887008410855,-0.2738264449894549,-0.39968306246990665
J,0.0,0.0,0.0,0.11150487581320329,-0.4122125874820765,-0.20395862497470094,0.16971547798471948,-0.7356405583204154,-0.36629709191587917,0.10035000559537902,-0.8252366695942384,-0.5057930320814962,0.007278710980826751,-0.5942388560625359,-0.6244062615533568,-0.585084447345706,-0.9587694186969695,-0.2584671805146838,-0.25093810274779865,-1.0835080895599494,-0.4722161605474133,-0.061068858736629615,-0.8638715542878698,-0.6182749442483765,-0.05959007235497577,-0.720714146640204,-0.7101581114082856,-0.6878887293832945,-0.6787375016123143,-0.25714684499816504,-0.2733492800122079,-0.8011365868028854,-0.44752451018763456,-0.07796427589776689,-0.6264899358743719,-0.5269694280188009,-0.08062425350491957,-0.526351109739566,-0.570343966208196,-0.681115965511774,-0.3644522760226898,-0.2759907461215176,-0.23793616330661807,-0.4609059763906903,-0.43237808308615644,-0.07363112077370475,-0.362954580685152,-0.44098134875473305,-0.09236901245863778,-0.3000278728531201,-0.4313016421746783,-0.6050321587687847,-0.06465678893580717,-0.3158026249593184,-0.2528113264148076,-0.13285785842496634,-0.40765183994026294,-0.1190836560191792,-0.14712139633395607,-0.4090734576562302,-0.12102403298745826,-0.17165179041107953,-0.3963756519821177
J,0.0,0.0,0.0,0.12203443323819574,-0.3931416257478545,-0.2219030852566769,0.18345147034690992,-0.7140841816623575,-0.3916049417304659,0.10290156005216669,-0.7745657629381602,-0.5333071299560432,-0.0003187925677738878,-0.5403195373153133,-0.651553020262143,-0.5677922581155695,-0.9661733939692562,-0.27459479372145795,-0.2398188899193614,-1.0559152748374707,-0.496263584289106,-0.04789654431218159,-0.8361150688208228,-0.6414114538628345,-0.048261081308479205,-0.7026333583005439,-0.7306586566086414,-0.6797242648094823,-0.683386655955165,-0.2663786821268277,-0.27249885149990194,-0.765050035285292,-0.4614749463968108,-0.06928756107060677,-0.5937424695835263,-0.5373926127395737,-0.0868966837964307,-0.5182359711855173,-0.5774770104274265,-0.6807739044097167,-0.36379125573028714,-0.28047064783493214,-0.23592245751146432,-0.41678653078299915,-0.4436885640104574,-0.0656570846424988,-0.3306818638943805,-0.448035924782087,-0.10364233610787264,-0.2953283355010132,-0.4352914472085824,-0.6149120336627804,-0.05596458491506423,-0.31649879573403283,-0.25949431330416023,-0.08897575034243549,-0.4110594886740499,-0.1265113588979792,-0.0871550157047992,-0.40833348420720805,-0.15342433101277256,-0.10829036011465377,-0.3927996159916786
J,0.0,0.0,0.0,0.1304617537187795,-0.3045467952635283,-0.24303489550986052,0.1998909152419008,-0.6318652259584094,-0.4084054155487925,0.09178290678717486,-0.6620877541599073,-0.5363273750912093,-0.04559697419484376,-0.42195401580708386,-0.6385412205617818,-0.5117911548450719,-0.971541646941148,-0.28483631557560724,-0.19508926830683027,-0.990141493723632,-0.4919052057432859,-0.010152419332532622,-0.7506927395939733,-0.6160196968411976,-0.04391901180393474,-0.6418090558584986,-0.691805412372949,-0.6481951289172444,-0.7169565553007023,-0.2565470184182772,-0.28144173682635154,-0.6996446993615156,-0.4369270863129814,-0.06799944367414838,-0.513281511224704,-0.49481256544126884,-0.09986508044834645,-0.48469764595582876,-0.5232343871293137,-0.680815991027834,-0.4182148768505722,-0.2519897260900748,-0.2862853506037551,-0.35019071541759206,-0.4203210201925227,-0.09249989961889861,-0.26409929488343054,-0.4190300952267741,-0.11930782058955339,-0.27066248224286993,-0.40055699364290387,-0.6592268958571366,-0.12209399213901953,-0.2688585295391227,-0.3812474235232605,-0.035650654736311085,-0.37299935992955385,-0.24867808075646772,0.015743078468584838,-0.3723815715561629,-0.2754916921464219,0.00495724433778834,-0.35660995207827956
J,0.0,0.0,0.0,0.13994027307635146,-0.2676235996969417,-0.2552297923339809,0.21966440016950847,-0.5726627946564112,-0.42812872706670674,0.10871163131975985,-0.6172692981835544,-0.5637959978410708,-0.04915219719976761,-0.40173698450528156,-0.673180325633368,-0.4516725575186474,-0.9993960693890873,-0.28911987154488317,-0.16471061283682886,-0.9619016340479956,-0.4988376211322605,0.0038297217943259456,-0.7085771987539659,-0.6241130764523167,-0.01732090534813185,-0.6052575357083818,-0.6974456990225164,-0.5988506963569565,-0.7596771790815054,-0.2535121832487633,-0.2675995144861277,-0.6949432366842553,-0.4381457922354893,-0.06687995200826853,-0.4897748412017215,-0.4972735119472577,-0.08204115902844461,-0.4589126758542783,-0.5225185816093731,-0.6486601252446201,-0.4691502766494172,-0.24347413015796746,-0.2905137335398446,-0.3509029811460837,-0.41591795837124723,-0.10303930426071298,-0.2483748378343012,-0.4173837773703921,-0.11432192596534331,-0.2542970272961812,-0.3962036934952841,-0.6440135855813931,-0.18203896900557223,-0.25568028540926924,-0.40508742793189845,-0.07277199163790656,-0.3573555263546541,-0.2913797614797614,-0.004984598989112953,-0.3564115463700254,-0.32085312852019515,-0.003865069873506223,-0.33895026669519784
J,0.0,0.0,0.0,0.14010618872966263,-0.23902550194114053,-0.26691604212762404,0.21368215242211,-0.5410665288665201,-0.43789485397296174,0.07997615583678708,-0.531648745721749,-0.566311288682651,-0.08503936796987643,-0.31397685861708036,-0.668973998183429,-0.44429695158576815,-0.9881240000230993,-0.29825144596092185,-0.18446013559275026,-0.9171877549254074,-0.4929736679231765,-0.009955390941806593,-0.6750400257427055,-0.6069159730219897,-0.03290722876364605,-0.5929400323139438,-0.6734415485252345,-0.6035100308116242,-0.7572877613723983,-0.24958142796557167,-0.28718859037294264,-0.6533363487972036,-0.41993857104690285,-0.08087303790361651,-0.45171882450313566,-0.47687737239966443,-0.09843002580486457,-0.434495038718576,-0.5037895702782303,-0.6601031154142067,-0.46888316577861483,-0.22551363681043377,-0.33572624873769386,-0.3266534870856857,-0.3975327710182697,-0.14214329295897288,-0.22078281641321765,-0.40567962360632437,-0.14342082846114268,-0.22864930644821108,-0.3891483142082469,-0.6642767456833363,-0.18521448988926958,-0.2222104253727316,-0.47372180976628875,-0.05981369076852874,-0.33076796178348766,-0.3708336195947366,0.03883256009275749,-0.33355374961601675,-0.3968906508514419,0.07235474404098544,-0.3169546091662765
J,0.0,0.0,0.0,0.14429496087881655,-0.2122965329452663,-0.2916366558216382,0.20183447348277767,-0.5015187437466079,-0.4696205567059391,0.05019051330064418,-0.46224234460600405,-0.5971297468672102,-0.1237924831855006,-0.23099874082241512,-0.6962757448280544,-0.42468119582010116,-0.975847676183481,-0.34259675077195606,-0.17829998060473637,-0.8525412900408752,-0.5385187212029113,-0.010327445315167254,-0.6086278856572136,-0.6424531552045931,-0.0427758485596095,-0.5584456669381758,-0.7032438845926084,-0.5916747976763254,-0.7553882381147646,-0.2816195013001603,-0.291104216807089,-0.6042549131127783,-0.46184455925367335,-0.09200902889984229,-0.4008218318291405,-0.5129992312641759,-0.11495598891409319,-0.41118124584424925,-0.5350933182051216,-0.6547478330344911,-0.4759154439728906,-0.2456158978160711,-0.35166986926713756,-0.28825278157608747,-0.4258053365897169,-0.16022677849941022,-0.1780120895014791,-0.42954066317315603,-0.16062491841651994,-0.21343530987831885,-0.41073814269970416,-0.6664670400217078,-0.2052115778230881,-0.23228391311774987,-0.4879935644183698,-0.04447952106081816,-0.3501549290551607,-0.39595982457749157,0.08303118113355824,-0.35655484677872684,-0.4313431272803503,0.12399621884620908,-0.3435018321883414
J,0.0,0.0,0.0,0.14285277864222365,-0.1779094019184554,-0.2717965703171582,0.19212422344439103,-0.42554113684095735,-0.44179697171329124,0.011220597333141636,-0.36096722206360193,-0.5643108434835696,-0.20494149074324786,-0.15663737402519104,-0.6603893354534949,-0.368781748975317,-0.9849932239998356,-0.32627514696125565,-0.1673794128480373,-0.7686890319561287,-0.5216877370469584,-0.027173001501365934,-0.520763218404256,-0.6251150888859971,-0.050397725108403076,-0.4924755091353102,-0.6859557962944098,-0.5441996513949373,-0.7914653196902539,-0.2782613648159456,-0.3041144029667553,-0.5730612224336968,-0.46268293631331053,-0.13742832133171348,-0.3708564668981516,-0.5201904973122674,-0.14238749451450403,-0.3867292247709213,-0.5454865351542991,-0.6259402359774151,-0.5225145859822964,-0.25422698896398305,-0.38604014816772575,-0.2816789945697999,-0.45435998353050466,-0.20906846224917344,-0.1515158449324354,-0.47357801345066003,-0.19061502825616225,-0.18142013574096008,-0.4619152770671104,-0.6541498306104344,-0.25456215391779297,-0.24923754423246605,-0.5266476841263339,-0.05297074293100467,-0.3997513009187255,-0.4633001180777084,0.11581609483884725,-0.4214161143887188,-0.5054667048827879,0.19170165559906266,-0.4140258146201541
J,0.0,0.0,0.0,0.13589897640282023,-0.18779397369544695,-0.2550637986010905,0.16969979280068545,-0.43073082450503297,-0.40767613757928334,-0.02613257448625089,-0.34976550904946585,-0.5156781582038396,-0.2370580106330198,-0.1412971893754907,-0.5947646772761278,-0.3606175918597156,-0.9821542311293237,-0.294463641125399,-0.19194476880129216,-0.7477737850936609,-0.4724805519001609,-0.05316538199828484,-0.5153594345750155,-0.5625355386575871,-0.06248254235340052,-0.4957900114778535,-0.6127811145832345,-0.537157646885918,-0.806479204485438,-0.24708896196414493,-0.318381072322669,-0.5459073419165876,-0.4095997779726919,-0.15586805602390535,-0.35843943027610303,-0.4540450536049349,-0.15766583981692167,-0.3975004909724824,-0.4724291698848159,-0.6210291894802142,-0.5488065281266234,-0.22417224783796788,-0.4086481251466903,-0.27250120746917117,-0.407022043685736,-0.22739014497251525,-0.15330415213259693,-0.42134211915974257,-0.1888296607779959,-0.19582817625795224,-0.40742102964502164,-0.6540902054418074,-0.2913539646100534,-0.2199829581309038,-0.5620758288137383,-0.0863425732833171,-0.3564333901274509,-0.529455876742431,0.07289842286698588,-0.3753522817057021,-0.5848285898860577,0.1489655989282644,-0.36732369512203555
J,0.0,0.0,0.0,0.12990316850451275,-0.18158310432411062,-0.24511150833935205,0.15563082905872025,-0.4152948769549831,-0.3903254781711975,-0.039250261263740704,-0.3340660145249254,-0.49418104267412094,-0.24225160407263824,-0.1433881677837816,-0.5684517769982593,-0.34052683472771134,-0.9910148481499303,-0.2664740486702782,-0.2002357327661913,-0.7436441489191827,-0.432619716013148,-0.06288218042717678,-0.5195348208364463,-0.5156116217164176,-0.0612764171453132,-0.49804121384606337,-0.5604520312982428,-0.5167064313132547,-0.8274502829504903,-0.219864715415354,-0.32731432158405893,-0.5635929301769449,-0.3706832032748674,-0.16647925580266593,-0.3670997820600651,-0.41076860555638567,-0.15605488043086493,-0.393793650291507,-0.42635700731078596,-0.606760862926074,-0.5768620939335948,-0.1977777470884695,-0.4260407694023048,-0.31288580800176813,-0.3741798464105883,-0.25409920186219986,-0.18167503733643103,-0.38857241501328715,-0.211610248243704,-0.20888406172700183,-0.374399905882422,-0.6447306878200184,-0.32294609551576675,-0.19377553450188642,-0.5768183636358423,-0.13841334947924178,-0.32656711816083345,-0.555642132594299,0.025136970244415285,-0.34542593330036614,-0.6126838335955186,0.1144630604965627,-0.33725811997399713
J,0.0,0.0,0.0,0.12308655405266314,-0.17736116195264237,-0.23085596981269482,0.1407030699368665,-0.40110871450437496,-0.3669838016167429,-0.058169905170701676,-0.31792169271612697,-0.46388847853913723,-0.26599235144795447,-0.14296347603754356,-0.5303415671155757,-0.3254802467427641,-0.9991299932526425,-0.25127141225305716,-0.20598269648127718,-0.7365113451467676,-0.40827383666614336,-0.07807168863931148,-0.5169796372626418,-0.4835946021307967,-0.06339645202352107,-0.49969543654428816,-0.5236847805396101,-0.5033200751288098,-0.8380869147606292,-0.2104262941728974,-0.3332734931758068,-0.5637483974814903,-0.35517907191234904,-0.18291024512104453,-0.36998942957705977,-0.39099063040713883,-0.16263752831519207,-0.40006933874126116,-0.4034851834134111,-0.5979395673384101,-0.5854983836505436,-0.1933689752114776,-0.43441630722955205,-0.3187096360071241,-0.36504307276101966,-0.2685424767056915,-0.19448144262160688,-0.37868353298818624,-0.2168063920377089,-0.22911415242956096,-0.36430874740326563,-0.6382952249576473,-0.32575040819929024,-0.19340628815497482,-0.5923129163407723,-0.14770953328148606,-0.32527913917244533,-0.5906289651761676,0.009821446275687162,-0.3454920641099286,-0.6554426875154894,0.09361774015853036,-0.33827419528199665
J,0.0,0.0,0.0,0.1179548887042815,-0.16202023682208652,-0.2346090201174623,0.1344880059224349,-0.35845247970124533,-0.3718846350374816,-0.07515215383077208,-0.3001548915497177,-0.4682842403625949,-0.2901578930404156,-0.1664005597245587,-0.5323775864141397,-0.2716030384512448,-1.0083903065265545,-0.26575535782606,-0.19509635948639464,-0.7168067255308713,-0.41688960796855656,-0.08501509390471244,-0.502913979328717,-0.48273013096198464,-0.051285213477630646,-0.4887543610350694,-0.5154696891445276,-0.45855700953592315,-0.8609827633630927,-0.22007760039841384,-0.3295866348382069,-0.5529156683913607,-0.36215911701744435,-0.19444535745929345,-0.3600994370208041,-0.39125713261089007,-0.1580511669432089,-0.38790610677301607,-0.39884926543964944,-0.5637846140878584,-0.6184425238244201,-0.19735668135530696,-0.4369157309935634,-0.3319752092578623,-0.3674466848390347,-0.28409268092736334,-0.2044010199335082,-0.3796253749649324,-0.2202024082795663,-0.22855325997980153,-0.3635655148230046,-0.6168352815189649,-0.3660800318385011,-0.1918929896038248,-0.6032016845345662,-0.20260557709183172,-0.3267482783556682,-0.6168808322086102,-0.055204355910206684,-0.34917024060383456,-0.6802219029470897,0.026911379862849433,-0.3416216727140153
J,0.0,0.0,0.0,0.11970460798909248,-0.1415832560414493,-0.2536594623270618,0.13886030485823275,-0.32347371614029014,-0.40007264392234954,-0.07592179816984877,-0.27716472966114264,-0.49984035699553564,-0.29169351440026353,-0.17088129227913645,-0.5661217183998578,-0.22363312951997769,-1.0015002013934688,-0.3043467417476874,-0.18077901890962675,-0.6853186237872906,-0.45189661912305595,-0.0781711510271018,-0.46586846776450996,-0.50878474773654,-0.034902442555638034,-0.44838057052205404,-0.5351337972263462,-0.4138983069525823,-0.8759569392948968,-0.24776527602330042,-0.32419033259715213,-0.5352491873717244,-0.3895397055304196,-0.19580308863206164,-0.33765455759750784,-0.41337310276756567,-0.15152308030091413,-0.36597557802941094,-0.41758143051857693,-0.5291833017422117,-0.6503598915989707,-0.2128529668358715,-0.4406033524904402,-0.33593238186673136,-0.3826433484929548,-0.29098423313632893,-0.18362746567618787,-0.3878574747089542,-0.21531470181889573,-0.1920948296858388,-0.36745654911003306,-0.5960572988968516,-0.41289306660009945,-0.19647808545719828,-0.6102384592755009,-0.24866941866685632,-0.3356597634555619,-0.6385821231290494,-0.09598386974766807,-0.35645866313597246,-0.7037776367890455,-0.005681744765120016,-0.3466990693505549
J,0.0,0.0,0.0,0.13159767243206183,-0.12946275045528305,-0.2622958814686725,0.1589600717365742,-0.29823584599352526,-0.41412990498124147,-0.05622777343894051,-0.25507236761044766,-0.5188918674091487,-0.27969350213254335,-0.16441171606480473,-0.5908826734758652,-0.1897220874472547,-0.9913360813844011,-0.32683946485614085,-0.15207282400127656,-0.687652911795227,-0.48404311879145356,-0.05918795533883214,-0.4542022901594825,-0.546823123163474,-0.01757033905722246,-0.4266973066797726,-0.576956472283511,-0.38396718177193057,-0.8833942598102471,-0.2686704022709367,-0.3031742833073243,-0.5416801620637077,-0.41885150553029016,-0.18054421133510284,-0.33236899328076086,-0.447612822021708,-0.13593696816119263,-0.3515274416024727,-0.455777686377357,-0.504265018312807,-0.6662521632907235,-0.23261052830650922,-0.4292190142361837,-0.34332173032121294,-0.41378772696483734,-0.27477682850878565,-0.16947065380949464,-0.42440808765076055,-0.18920007894052712,-0.15687651846937833,-0.40584954104259713,-0.5759824580301619,-0.43101739915298454,-0.21471077339671205,-0.6146726979740746,-0.2738990796861613,-0.36558187364529987,-0.6544066348771773,-0.1230208582301702,-0.39451909996229106,-0.7227383805489053,-0.028914822518419203,-0.38954989743223867
J,0.0,0.0,0.0,0.13400658321911146,-0.11131062720600461,-0.2688009984352774,0.1729198903110398,-0.2680465084271959,-0.42748107427669574,-0.04284349404211659,-0.23148445274995721,-0.5373561926040938,-0.2719895192192968,-0.1536666549574155,-0.6139655436688954,-0.16670353294386872,-0.9834546655544805,-0.34434931684257575,-0.1369278544068197,-0.6751788032590675,-0.5064887242262042,-0.04818077704617353,-0.4397521412071289,-0.5714939811167525,-0.00634683995863258,-0.41139814584412426,-0.6029385223807128,-0.36367293578189863,-0.8869542933734286,-0.2846999776013636,-0.2986804225842509,-0.522428251508289,-0.43968408194277697,-0.17294874395534332,-0.3135921462583378,-0.468766110855868,-0.12371961783280831,-0.33552027473692303,-0.47685971838103136,-0.48728515393868826,-0.6776603769671948,-0.24698339544417708,-0.4297582006085305,-0.33361833868324886,-0.431964610005416,-0.2743186495066871,-0.15728746672146038,-0.43988930348788585,-0.18615281278073312,-0.14979321350769084,-0.41921374376812154,-0.5637216636592105,-0.44730971214034226,-0.22777340048250208,-0.6163460622261512,-0.2819090815348017,-0.38163543869380906,-0.6624681317512681,-0.13308390779349422,-0.4091751200953586,-0.7349322961413142,-0.04615877777259189,-0.4026192915880553
J,0.0,0.0,0.0,0.12250960001765436,-0.10612363682434833,-0.2475326325069979,0.15568373882641187,-0.25190538682688723,-0.39693492721588314,-0.05768504609221674,-0.22672549680509954,-0.5023445657888816,-0.2857125908996117,-0.17394911946670602,-0.5725703088131595,-0.13162884106326075,-0.9883514267456877,-0.3117200072727267,-0.12646210446501613,-0.6653064978028642,-0.46856279666771494,-0.04766486187914524,-0.4348275458136047,-0.5286640840445413,-0.002734791307774251,-0.420558498432999,-0.5565040427870229,-0.3294812770577067,-0.9070728721204442,-0.26203223605425147,-0.2944137968471425,-0.5318790931666186,-0.41603293662031376,-0.18064337719925133,-0.3242216613517518,-0.43994930685569605,-0.1292472118822484,-0.36079387804327717,-0.44163667657358147,-0.45854890156814737,-0.7042929383878181,-0.23454203756320668,-0.43256743478373616,-0.3730746479664951,-0.41879292553950687,-0.2859417032470809,-0.1887338278558767,-0.4187830363670505,-0.19546384483602422,-0.19213839303577593,-0.38928157798182933,-0.5412492818524778,-0.4758710924962428,-0.22409044809089854,-0.6099573533582215,-0.3494574054195731,-0.37313406251479125,-0.6765755658271057,-0.22589702149339472,-0.3952524229708463,-0.7634523414232101,-0.1667004351695668,-0.3832417065690669
J,0.0,0.0,0.0,0.13303961435124745,-0.08604445763607893,-0.2544619448272594,0.17181162095797892,-0.2203432373552254,-0.4052615731551534,-0.04329976272984012,-0.21048858717477,-0.5114398582048557,-0.26925629316621574,-0.19002295698803126,-0.5823220192787423,-0.08725985650508104,-0.9872782928465524,-0.31837435085121873,-0.09891420428798704,-0.6566380473916922,-0.4766408194281902,-0.020064224304520015,-0.42391368280107566,-0.5397862934315614,0.0287485199688526,-0.39214958716552695,-0.567061208161095,-0.2909635182285956,-0.9193863899573359,-0.26470530221598354,-0.27638735731495145,-0.5268783647497481,-0.416647691400568,-0.16121885037094463,-0.32239265638901,-0.44612063477862574,-0.10893673253537912,-0.3370354254414863,-0.4531223960775182,-0.4287455681719935,-0.7247447894816984,-0.23319575908702092,-0.42860532369742604,-0.38632448978679534,-0.41635306619175283,-0.2887732765027766,-0.18966068538402328,-0.4237940099312185,-0.20608366476571874,-0.15960715703565337,-0.3998441511297416,-0.5221923144645707,-0.4973497149246455,-0.21847502097515023,-0.6117419255743496,-0.4043292926669437,-0.36725987290218226,-0.6954696339403527,-0.3037307170984168,-0.39225106290049744,-0.8018758961271011,-0.24835938726041987,-0.38231171496077165
J,0.0,0.0,0.0,0.13836123290997562,-0.08603611896131791,-0.24215112840255912,0.18557576041076232,-0.21381097774905905,-0.3869363855266059,-0.02200831335429729,-0.21245055537916685,-0.4899811301961123,-0.24490598200406055,-0.19662405353631343,-0.5584291533094309,-0.05245736395650621,-0.9839870629137308,-0.30250724358083636,-0.06953418605428399,-0.6520726853846276,-0.4557662606204172,0.0013288735728391838,-0.4198252598546928,-0.5174186250473084,0.048340405278446394,-0.393221816408416,-0.544586680424683,-0.260925122713768,-0.9309352112713418,-0.255495034691454,-0.24826545087813026,-0.5340962774795898,-0.40238003953047385,-0.1409934860782374,-0.3258662500617376,-0.43234207549534664,-0.0897120318300709,-0.34477481443689656,-0.4403269087252384,-0.40347820286046465,-0.7410484192794359,-0.2298387522577127,-0.40585328553153666,-0.4030790627765363,-0.40955014101020726,-0.2652823621289791,-0.19984665161912787,-0.4147446982461941,-0.17679818398623415,-0.1692954657698938,-0.3892547042635864,-0.5005178411494957,-0.5116800604866272,-0.2201097923806394,-0.5955294335350381,-0.4383179537232439,-0.3659973453532356,-0.6836057080391177,-0.35067571418468146,-0.3884622000749882,-0.7884224434764351,-0.3081312053345355,-0.37688630111993304
J,0.0,0.0,0.0,0.14384357254767424,-0.05548543881513883,-0.26083342943677246,0.2022456519638597,-0.16129943941231667,-0.42201046289102434,0.0017774335795840306,-0.17582094610968493,-0.5392388845193197,-0.2273471894817373,-0.17282521180847737,-0.6226057788912409,0.01829915713010574,-0.9607933806398945,-0.34690543708789956,-0.026203050189365303,-0.6066204900153748,-0.5001761007707942,0.029614227775124905,-0.3660164876040156,-0.5572005241845329,0.07880793188377533,-0.3505983708555358,-0.5850131553352181,-0.1915485109192832,-0.9364307490337037,-0.2939500301561164,-0.20013541271313007,-0.5214935997279069,-0.44484550680143886,-0.10738572612155714,-0.2961862544928864,-0.47121491955463557,-0.053225388686303964,-0.3211917841792041,-0.479489071004567,-0.34562142796312795,-0.768327479450924,-0.2608592637588973,-0.3679506588012302,-0.4189200245328419,-0.43843573562083044,-0.24348810344533342,-0.1994925146330032,-0.43347848560998,-0.15208220432166789,-0.16582775510523734,-0.40499690056246523,-0.4605196058172826,-0.5546705879235194,-0.2459287975273466,-0.5660745785736074,-0.49002203923820853,-0.39086876823534744,-0.6651264705244396,-0.4085378085062178,-0.41077219045690483,-0.7665925728302859,-0.3710828337623895,-0.3998316872788902
J,0.0,0.0,0.0,-0.23657070164200822,0.16531239172600623,-0.23816560176601587,-0.41419949896435554,0.31808441182419034,-0.431452979864024,-0.4500944787304343,0.42039157716420483,-0.5916495745970205,-0.3382917002650765,0.3788501217399645,-0.7188825266047455,-0.7758183330504035,-0.5606506280295553,-0.41089665251794266,-0.8315074795859403,-0.04042752289515277,-0.6119351504577099,-0.6353155375220186,0.20214207365815043,-0.6825952826332404,-0.5307239761987345,0.21233446999254588,-0.7196510882657624,-0.5389057128105594,-0.7401768074573946,-0.40214291788159334,-0.5763444327499553,-0.13862878816927426,-0.5957098759268958,-0.4048773624183098,0.1991890880060793,-0.6127547050269863,-0.33973259155431595,0.20076605628040614,-0.6083534920114267,-0.2560636578334821,-0.7309227094038925,-0.4127378633098229,-0.22990264168353927,-0.12702024181565527,-0.6282230333476774,-0.15616473867140973,0.2587200359345488,-0.5955995471239761,-0.12770033905190603,0.3682407199301268,-0.5370405571111891,0.015905615883762738,-0.6047156929954166,-0.4419946308705042,0.046435767705000255,-0.3494447627145948,-0.6302838229109488,0.043664601618627306,-0.29714819090769057,-0.650389269379909,0.03339222769045956,-0.3587582685850536,-0.6262112947906585
J,0.0,0.0,0.0,-0.23476370215212783,0.16665893619807554,-0.2367747300283091,-0.4127314818975528,0.3173402716997796,-0.4286853905216944,-0.4425637023346742,0.41593317673401176,-0.587664011098405,-0.32489927310273176,0.3775837333678837,-0.7142011014126829,-0.7780081290065769,-0.5585989834529578,-0.41054435888582996,-0.8335974126717892,-0.03229037882093477,-0.6122291219307399,-0.6370616610013703,0.21012508812471944,-0.6853127377546935,-0.5272443857076613,0.22144436576684842,-0.7235362573194412,-0.5416207101873877,-0.7383074703664996,-0.40193169257615163,-0.5750802793548507,-0.12843312970844467,-0.5946920171300427,-0.40387250663131524,0.2085538277971662,-0.6131669755320535,-0.33356100109779463,0.2147746922778448,-0.609955203932828,-0.2591916332246728,-0.7288676161799329,-0.4124157066378986,-0.2328296783649794,-0.121222026753347,-0.6272183422791598,-0.15941810321949645,0.26153930455006735,-0.5969469607980643,-0.1289921399095782,0.370771841737707,-0.5398142529691112,0.012485752265358505,-0.6048399613933336,-0.4412324609604833,0.040082217763556215,-0.34335025452667034,-0.6275939696912229,0.03673015761602791,-0.28738941703434295,-0.6472535194495221,0.02785717493488079,-0.3459785029486706,-0.6227115279984283
J,0.0,0.0,0.0,-0.24193658026290732,0.1751291852664596,-0.25249917341652045,-0.42801479181531094,0.3402179795336933,-0.4509628365441216,-0.4643385140267159,0.4327758729874575,-0.6130563805240312,-0.32986699836962485,0.35026560028535964,-0.7388867514692248,-0.7877866489895946,-0.5520091671282473,-0.41950029142740153,-0.8457394769821023,-0.02848724894613165,-0.615372359420811,-0.6398190652617823,0.22103666731295038,-0.6785929296364932,-0.5284121950303734,0.23464797763757278,-0.7102713190123235,-0.5515040243252318,-0.7314133773102808,-0.4010957275322725,-0.5951238681045093,-0.11536848537868831,-0.5895450448438146,-0.41435923540575287,0.2272967653561038,-0.6028744309720209,-0.3375980618443161,0.23249553574099632,-0.5964566158793787,-0.2712520696486191,-0.7249538103972948,-0.4023977697980388,-0.2497853441073294,-0.10649945886986723,-0.6133577889032743,-0.1663521212086813,0.26790368210334026,-0.5816191033920906,-0.12800161019811523,0.369334072347097,-0.5239134967842848,0.00013548556073439123,-0.6090396233043999,-0.42371263438931644,0.03497681933174554,-0.3467911981550434,-0.6019958353066929,0.038826084126100106,-0.2758458543492932,-0.6183492099881742,0.03294742782170586,-0.3112556635546984,-0.5927224487438764
J,0.0,0.0,0.0,-0.24005229389653168,0.15566252678886472,-0.22736082826193157,-0.41266455104819083,0.29761900091077603,-0.41915905895530303,-0.455812864971263,0.4017717144448741,-0.581732223645247,-0.35549873196622844,0.4012578178331783,-0.7161732276988247,-0.776184613362948,-0.5709271346722657,-0.3977198409289203,-0.8312639864851649,-0.031078815519942734,-0.5996060606965599,-0.6327537402883816,0.21837162875484015,-0.6765093242463246,-0.5131414108368566,0.2363804404583353,-0.7161395822576087,-0.5347510705251112,-0.7463313919723997,-0.39627105108598076,-0.567269568045626,-0.10748139775870162,-0.5890448567065039,-0.39130619637521924,0.23067671668054013,-0.6119630811822686,-0.316685893878163,0.24779217405739268,-0.6130859531365702,-0.25203421414481836,-0.7350663124939723,-0.41311191594471286,-0.2334717884934997,-0.12168906037941198,-0.6246614135960677,-0.1513253365364712,0.2551387382960968,-0.5996873526543177,-0.11635479354847396,0.36729849536716674,-0.549308840572671,0.02113162297356623,-0.6142255315507413,-0.4475482750486038,0.06124284649590775,-0.321004082671186,-0.6192647133986268,0.06803136787520579,-0.1997803437441769,-0.6307489525663346,0.06018105066101123,-0.19302168180103244,-0.605027477077994
J,0.0,0.0,0.0,-0.2966090962271093,0.17785667240881994,-0.22745152243401764,-0.49520897199517583,0.34705515790756464,-0.433193894095963,-0.5258247954309225,0.48604660575694486,-0.6108249240886647,-0.3841288489477027,0.5168437380717675,-0.7634423227665303,-0.8271714651509203,-0.5629423613853058,-0.4187074904631948,-0.8937208433534923,0.046862383144789306,-0.6349686626133134,-0.6799511013294458,0.3251913861810101,-0.7252895687222117,-0.5534924386533632,0.33768549416509497,-0.7756809014155599,-0.5538299850319466,-0.7149231534023853,-0.4267988195961926,-0.6147092567210873,-0.009412927159652223,-0.6295165930212837,-0.43011862578408905,0.3484805575606041,-0.6562529262173069,-0.3468657466924085,0.3502242414347534,-0.6628598462307195,-0.2445647340991499,-0.6744248495000033,-0.4526041867328961,-0.25107549619946057,-0.0058738879095596675,-0.6548892113304624,-0.177062031975905,0.35732555682331923,-0.6254494496204591,-0.15109480921043106,0.43146391932192124,-0.5798047482202401,0.04629063339121064,-0.5256395118209393,-0.49784602622452745,0.07224425034704059,-0.16240933936066218,-0.6509298442869301,0.07795181105555919,-0.0241388465481475,-0.6503155190503643,0.06525850790331578,-0.022771233367528582,-0.622895685012563
J,0.0,0.0,0.0,-0.3177982980843968,0.19636592128300387,-0.2280552660269813,-0.5265858273210722,0.38577147655653077,-0.43981577013680556,-0.5590034147080295,0.5432496981010629,-0.6253108236041681,-0.4063665668756461,0.5787853241051462,-0.7861370783309627,-0.8603874055261043,-0.5492381132579406,-0.4192358913080472,-0.9506861397984813,0.08393399318218941,-0.641308557868944,-0.731027307000347,0.3673980560946531,-0.7357410146458225,-0.6038711315930776,0.36932738012159305,-0.78792601297815,-0.5796010402755376,-0.6915278201340816,-0.43110544892418107,-0.6706172498430841,0.04757282692019255,-0.6348120234755856,-0.48188908124951524,0.4031135262816023,-0.6614487691678279,-0.39537594818669985,0.3870847352240142,-0.6678667108610087,-0.2603058364682021,-0.641458565812079,-0.4611128469679405,-0.287938459419751,0.07095415522302273,-0.659910705271762,-0.2166710425671898,0.42574949155694186,-0.6248763057975916,-0.1901745278016757,0.47639107820362475,-0.5752902143607028,0.03973130364118428,-0.48834715117116373,-0.5113869414374321,0.044674087289046066,-0.09901016465617343,-0.6515067133688517,0.045967063969386907,0.05974455445414622,-0.6369686483662449,0.03228369458121123,0.07776304014102839,-0.6007119422606836
J,0.0,0.0,0.0,-0.3551672947150204,0.18042983537186993,-0.2274985407750322,-0.5985211861644901,0.36612503498298643,-0.43384249490659965,-0.6398235114271041,0.5443088392906898,-0.6141073050287348,-0.4604971878795581,0.5906802180034302,-0.7706341126335446,-0.8537357201407257,-0.5962847079367772,-0.4179067715626975,-0.9728107120364295,0.046939294839902904,-0.6314359115345325,-0.7678577902046948,0.3669542211871531,-0.7138783230539911,-0.6396658896256208,0.38257040215168453,-0.7587008685497321,-0.5614904117220736,-0.7083945675602691,-0.427674706050376,-0.685016706977242,0.056659942787136396,-0.6295296828237152,-0.5006203746959242,0.42510790916774027,-0.650411188224008,-0.4036210325606901,0.4164813794223181,-0.6522005937056956,-0.24488664405843916,-0.6290177408657197,-0.45542207383073435,-0.3060980357738614,0.12233887768399429,-0.6545236047102836,-0.24127519423718097,0.476702141997509,-0.6206343203390965,-0.20987167732165896,0.5313822594296507,-0.5706824191131163,0.0426591464668974,-0.4548891156325411,-0.5027521990920425,0.02678089935565736,-0.045886413048782666,-0.6405885637476331,0.03982736731418841,0.11316942840012965,-0.6245670638930753,0.03923190717525151,0.13297452814953536,-0.5876666060612789
J,0.0,0.0,0.0,-0.3799101608254799,0.15291033431198436,-0.2048760030986219,-0.6475549645260993,0.3399148312130147,-0.4002401977226645,-0.6936804260555095,0.5451063965897138,-0.5724379219423034,-0.4982509885300282,0.6324223199786405,-0.7227794152675233,-0.8696976716820765,-0.5932885110887867,-0.40735778105366,-1.012450510594304,0.07263379145591227,-0.6049202603645136,-0.8016871974036739,0.38032552249148155,-0.6755156596072364,-0.6722196433310708,0.3636494610701999,-0.7184720535187908,-0.5804595436073858,-0.6950747738842165,-0.42419073179987155,-0.7102857018512574,0.1103399558617683,-0.6140787351733814,-0.5249423291284682,0.4455909979336994,-0.6269002048607336,-0.43062910959908834,0.402663950226808,-0.6289396451526611,-0.2659685226913985,-0.603492766924545,-0.4560861864395393,-0.34151113575238434,0.1828674882579387,-0.637046776055183,-0.27608022511245,0.5170040195242008,-0.5978339581527745,-0.24378569433793987,0.547279789406498,-0.5522658729583608,0.020237110487138055,-0.42258615336390676,-0.5067602693810185,-0.002047784611110562,0.03193431417441401,-0.6356533150623312,0.003373523593201195,0.19539170669091435,-0.6226631450088865,-0.002839487165484803,0.20945192482510566,-0.5932230969879583
J,0.0,0.0,0.0,-0.37482550378857676,0.18449133657838845,-0.21777976248154354,-0.630634524837802,0.38249850217229264,-0.41714471646382273,-0.7326478097314842,0.616102373158654,-0.592243388838389,-0.6414512539966669,0.7082298338917136,-0.7455444075173213,-0.9173734300792437,-0.5596555599383581,-0.41708913759901045,-1.092768031217781,0.1428785059815456,-0.627789761748553,-0.8705761898567547,0.4861727589816481,-0.7026289985106449,-0.7262765700103333,0.4800221952252091,-0.7422952572434279,-0.6182114189313538,-0.6586747999081408,-0.42890808976848743,-0.7678633326440342,0.17828191496806273,-0.6320614647653201,-0.565319849615053,0.5421198542669946,-0.6427549859097118,-0.46389399561406236,0.49657240073024034,-0.6398705411956266,-0.2950904904141192,-0.5574137151081423,-0.4577497907559903,-0.39275829503685866,0.23458740375924894,-0.6586212762685353,-0.3055442354824402,0.5905090436851392,-0.6118968296034996,-0.2609009631829713,0.6061749058367856,-0.5578659755332739,0.000798925687994859,-0.3679647109986074,-0.5041235495395113,-0.044385051909854346,0.10854339163549116,-0.6434266868216172,-0.04152839662817521,0.34312751640566563,-0.619344151564165,-0.04696791160381515,0.3896632572494655,-0.5796562105161269
J,0.0,0.0,0.0,-0.4284775293845853,0.22830157599663772,-0.19373878361394006,-0.7319501367708389,0.45375955991260025,-0.3872044374602744,-0.8409129651566681,0.7184390744499223,-0.5524410157635258,-0.7200689480579706,0.8074561932461745,-0.6983701371640204,-0.954355562163369,-0.5331201826238066,-0.45923737630493483,-1.1682269790409772,0.2156800351768315,-0.6395102052987164,-0.9704934926672519,0.5689876644673147,-0.6731448330253387,-0.8451268793318045,0.5360952474045458,-0.6939236609539826,-0.6429879666138268,-0.5991282859996684,-0.4770867549040909,-0.864090786029077,0.2986166022002321,-0.6620629449963578,-0.6763636084746188,0.6323098298730271,-0.6350558504234933,-0.5818747365055665,0.5485571139432661,-0.61389811930456,-0.32627758558005376,-0.4631201414139738,-0.5038598733226617,-0.5032002445234598,0.40476880768893025,-0.6810047510277005,-0.40428041125427266,0.6948454216693818,-0.6046859799359571,-0.34915884541421083,0.6252301825478747,-0.5422720024073323,-0.0428175958323344,-0.2385409316917408,-0.5448387503144243,-0.16520211419349265,0.362659241234569,-0.6763595708413518,-0.1656142289877934,0.6012864746126457,-0.6430728972920351,-0.1619178017033829,0.61134126752536,-0.6033903233454045
J,0.0,0.0,0.0,-0.42025648504461516,0.2349638193472546,-0.19953745286563998,-0.7283498823696989,0.4667886725599347,-0.4042847453285282,-0.8501217889767254,0.7358216584686678,-0.5801012551223683,-0.7261009679829401,0.8021246084352831,-0.736045218994673,-0.9432745786575806,-0.5196963929323042,-0.49858138929439183,-1.1878710019095498,0.23828978492755523,-0.6980923692077459,-0.9849600358019619,0.5946164085856601,-0.7357270738850363,-0.8524740451624381,0.5552139850251525,-0.7574421384680792,-0.6283589822555239,-0.5786560058929362,-0.5199252025655579,-0.8811969959913679,0.3289036470461746,-0.7322327267862815,-0.6906858975160381,0.6541562119318476,-0.7056291850262151,-0.5920199048782928,0.5728267082589283,-0.6812584412533088,-0.3096988039701026,-0.435574118151306,-0.5501087584950198,-0.514960057848185,0.45149867928359905,-0.7504736205265556,-0.4034580295727555,0.733921153575525,-0.6683279626938028,-0.3350103271913429,0.6697601674354813,-0.5981435849775096,-0.023741384015546974,-0.20690012358181015,-0.5944488696130052,-0.17907509816156875,0.4083966193205416,-0.7446911547712801,-0.17633407997026754,0.6634681281906021,-0.7143012843217637,-0.1671802930673727,0.6981862156356705,-0.6749061192923731
J,0.0,0.0,0.0,-0.42059586551155415,0.18414431025651185,-0.16451276618658167,-0.7481310142154429,0.4017440738475244,-0.3607923900193273,-0.8497448449096285,0.6857773702583266,-0.5351037520722264,-0.7019992961266639,0.7840156042722349,-0.692510402760828,-0.9117895219032272,-0.5551388780224461,-0.4976540222337738,-1.1934737411643663,0.19518059693297715,-0.6893419995914933,-0.9798368435410467,0.5449991591065317,-0.7195956501626956,-0.8348129887178244,0.4995395767672506,-0.7404311953778944,-0.5931317034917816,-0.5989948654644358,-0.5379590444078245,-0.8683765141876328,0.30820747498392603,-0.7464338400221152,-0.6769273895093278,0.6082677696079707,-0.7150954071050218,-0.5777035774025677,0.51119794124097,-0.692203341977611,-0.27552908019286454,-0.4309177489622893,-0.5823870516948245,-0.5024757574495207,0.4627955480270685,-0.7675402285948182,-0.3877730982820678,0.7203452041143761,-0.6803947622084582,-0.31711828774773754,0.6440794275489109,-0.6156288885195434,0.0070371204056551995,-0.18008779282187282,-0.6388242849469743,-0.16328854295464507,0.4440069089451741,-0.7879728238699358,-0.1787322499958818,0.6876112814623819,-0.7637277851160696,-0.18449173233566044,0.7241010423259352,-0.7340374522624182
J,0.0,0.0,0.0,-0.44078755659038693,0.19788787228155016,-0.15391325027743943,-0.7860577659182505,0.41814366146428644,-0.34381520324109965,-0.8995138666975321,0.7011535886050361,-0.5151198825837776,-0.7543528672363314,0.8108199712627575,-0.670007763294631,-0.9410558521320149,-0.5573245134288262,-0.4751016465682797,-1.2383415721084756,0.20433029174980888,-0.6590922249137718,-1.0235929334708258,0.5385488736792339,-0.6887592507271102,-0.8809557666992799,0.47038410999592506,-0.713743893845309,-0.6174987447861251,-0.5877558418506674,-0.5227220777411005,-0.9211936959069793,0.3416919506540346,-0.7219349072930896,-0.7277096524114867,0.6248413869831437,-0.6888363101304867,-0.6277048721882836,0.5202336480306922,-0.6678301278917071,-0.29880419135411856,-0.40774752457435015,-0.575389709825594,-0.5566889528043751,0.5002167818582749,-0.7592202579580467,-0.43097512884690364,0.738195473779654,-0.6746667959349392,-0.3508774315365129,0.6566678917372405,-0.6128555272796092,-0.013728312164927769,-0.14937296088893337,-0.6399118649552131,-0.20420716560172894,0.4949579948258792,-0.7977385590770277,-0.2279568314980342,0.7513591621955679,-0.7822092947626127,-0.24323122975284348,0.814959813533796,-0.7587631373547843
J,0.0,0.0,0.0,-0.4832793741837282,0.07250335389224268,-0.10658183374980039,-0.8610665837330039,0.257853132574573,-0.291519026466212,-0.9678141190226393,0.6045285933283328,-0.46177362729855387,-0.8326604246319939,0.8432762846458898,-0.6239751140220928,-0.9107855089834584,-0.5717479698111183,-0.5424956488876838,-1.2937721649289282,0.1731082685449507,-0.724920591231829,-1.1141557239691793,0.5058969828917811,-0.7164977041929856,-0.9492606356232955,0.4895592666892048,-0.7105878378866796,-0.5985249330208224,-0.5221561856640065,-0.607553143622215,-0.9901664705283664,0.4280415457408985,-0.8269289545578228,-0.8211375234399348,0.694126262737997,-0.7674325745373608,-0.70758278931582,0.6061799080570065,-0.7255019283086003,-0.3004234522030861,-0.27959409240008254,-0.6679145221452328,-0.642745216609315,0.6208938314430537,-0.8600890596550673,-0.5406240640973545,0.8098849448328049,-0.7689793735383199,-0.4608591465511169,0.7121014482901314,-0.7059373523301175,-0.04482340181045812,0.01582552159833997,-0.7311635908673448,-0.29897525931680446,0.6770505202901208,-0.9128814902231137,-0.3664621959709187,0.9304028915755806,-0.9191407835060036,-0.4117497556739253,0.9989763527981014,-0.9133225162017737
J,0.0,0.0,0.0,-0.49203589927224173,0.030510423297101068,-0.08770109120788706,-0.8902760385752124,0.2006642614841442,-0.27000174559561924,-1.0098050829894794,0.5744564037705199,-0.4416859447136995,-0.8999424746075965,0.8614346420164549,-0.6059869399033851,-0.8842346000058168,-0.6189327216472372,-0.5423816665630482,-1.3078451042532624,0.11222842712909184,-0.7256599180404473,-1.1344057658181528,0.4594746407962767,-0.7125896110693339,-0.9560127399050772,0.46147199928723137,-0.7014393018860223,-0.5838744292542012,-0.5286795194117131,-0.6161076339550426,-1.0261061542580836,0.41432151121167105,-0.8380833629811769,-0.8392999105184482,0.6709038351123233,-0.7710585198942002,-0.7120982626272852,0.5640832695296263,-0.722950488486939,-0.3078694058852282,-0.25446323668525733,-0.6832333020061938,-0.6861141330590976,0.6375840807568285,-0.8732161197732328,-0.5640009137512291,0.8026146507601338,-0.7757639647251521,-0.4718482397093692,0.6820971691034113,-0.7101251500799062,-0.07388077274914481,0.05944450158812213,-0.7512712219084696,-0.3659272913757084,0.7109797855267896,-0.931174607463894,-0.44910444483493867,0.9768786383401935,-0.9359255536525333,-0.5049720527939374,1.0636460336128133,-0.9318645155035151
J,0.0,0.0,0.0,-0.5022943298314191,0.008909696524758773,-0.09482647921487376,-0.911720236026269,0.16728237975378943,-0.27954995291160617,-1.0433303870190767,0.5406165954579142,-0.45202579740811866,-0.9286860849550469,0.8310733407686451,-0.6163778269289221,-0.8754809944943922,-0.6411137692372169,-0.5519112981782734,-1.3196538264518398,0.07858924725322616,-0.7349444994946375,-1.1532433086587508,0.4347100711087365,-0.7162445897251721,-0.9703870677596221,0.4463121540005693,-0.6988701605358019,-0.5735411482247845,-0.5333507990294489,-0.6217615913416042,-1.0443121560195414,0.3961883258856047,-0.8452569685151067,-0.8652036779549498,0.6655069560959488,-0.7755017096499208,-0.7298548390207967,0.5753779738281875,-0.7234158560162254,-0.3003873673195403,-0.24671853301143912,-0.6846306027833831,-0.7091768546159375,0.6398962630807435,-0.8775272046775078,-0.5907886549496562,0.8131211853928066,-0.7784716365004367,-0.4854610751753845,0.7062419669363558,-0.7081984365090214,-0.06964745249514169,0.07726313647221496,-0.7482724086018542,-0.3943205784239194,0.7221089135210668,-0.9245506123389334,-0.4834266185646987,0.9826442234970235,-0.9233828080280416,-0.5322676937216784,1.0717996713896234,-0.9134202558394842
J,0.0,0.0,0.0,-0.48397283396967034,-0.03938701418847152,-0.09748316852096532,-0.900009014681617,0.09517372911042922,-0.2827788713836174,-1.038859410623209,0.457364216072041,-0.45349423358383917,-0.9190947967963333,0.7624715136841804,-0.6154105624237278,-0.8190600142368687,-0.7103862983543202,-0.5632271142556797,-1.2857939595544179,-0.030008660025131712,-0.7401788725714693,-1.128297154716108,0.3243727931589817,-0.7133722132913219,-0.9524914738231445,0.3150429541584447,-0.6938728497801996,-0.5240019069451832,-0.5735054521587171,-0.6296931775571633,-1.0305194468076535,0.3061586253366711,-0.8582324353915978,-0.8594543193097893,0.5919023189616338,-0.7844553858514401,-0.7275352058925251,0.4941642525024436,-0.7291301040334734,-0.2728715013527018,-0.2634506860554217,-0.6889755965558422,-0.7180338637181827,0.578128491048361,-0.8938558339932038,-0.6076289443766456,0.7635791521703242,-0.8040176117444505,-0.49989675438008024,0.6618399531562904,-0.7377250834483771,-0.0699562109407555,0.07561390824258338,-0.7477088404979739,-0.4134440611759397,0.6655783574448789,-0.9399929244996371,-0.5262287943837826,0.9214892896093333,-0.9555941568784818,-0.5895391744076756,1.015293895945897,-0.9578195515428409
J,0.0,0.0,0.0,-0.46579615629444104,-0.07627068610349161,-0.07313847761514568,-0.8794334588945419,0.047955300011770466,-0.2594156925035724,-1.0428124621959516,0.42330398515441925,-0.4356815075517587,-0.9664350099703549,0.7504360459135043,-0.6040663427814399,-0.7978402869567992,-0.711515114587821,-0.5780568647241208,-1.3122492370390153,-0.06707910865110862,-0.7534682608952126,-1.1613922681362436,0.2839134824112577,-0.7171523732517064,-0.9761541230563199,0.28076864445618765,-0.6927364768904621,-0.5107813867899635,-0.5492840334634898,-0.661354236011989,-1.0800093152969514,0.28725810305563526,-0.8848091447007023,-0.9023740114490093,0.5514339337469336,-0.7943408007306242,-0.7560598623545965,0.44080849380372317,-0.7294590531759666,-0.2715497335512875,-0.21132146487336148,-0.7341296775820044,-0.7797051210121438,0.5921377516345345,-0.9245393947068268,-0.6497209703952352,0.753037362306702,-0.8029311250562727,-0.524705378816802,0.628205815975218,-0.7221524071748986,-0.08212708537691205,0.15163928544527158,-0.8058081780053181,-0.4677870255814212,0.7243627483859897,-0.9984082157918522,-0.585002478097885,0.9589410884052222,-1.0022321657990088,-0.6535703487960972,1.0316981006019494,-0.9967561984874413
J,0.0,0.0,0.0,-0.4058391519403224,-0.22513998071317118,-0.07048446927954256,-0.8371260168488459,-0.18142526919338076,-0.2663562071239204,-1.1006849775756373,0.15423180729870758,-0.4477337810142756,-1.1202074213720248,0.4906938756367025,-0.6169787386737229,-0.6991812782624721,-0.7788432035717697,-0.6243640689653868,-1.2978625634073448,-0.25415469733327095,-0.7911122934725412,-1.1808418046761602,0.08508406449384606,-0.7227491333606636,-1.0007475671951211,0.0861783338985682,-0.6742450873998075,-0.4557944661448684,-0.5365094392100999,-0.7102175907918492,-1.1283935084086922,0.1479006137889241,-0.928923041533206,-0.9593281190275282,0.42282884405959525,-0.7998734668775289,-0.7997367713690465,0.31272880488387844,-0.7054929122245679,-0.27995420601647353,-0.1619675216050718,-0.7845835425892107,-0.8723925490875205,0.4706149799159674,-0.9868513970318562,-0.729345360933326,0.613783816301811,-0.8485519586612904,-0.5665576011190973,0.4845215992465137,-0.7539980472113704,-0.15566569146154846,0.2028433441539089,-0.8554334732826858,-0.587053069431501,0.6505264223751782,-1.0788805429949355,-0.7575840457308364,0.8754848180953505,-1.1001039646511073,-0.86598246169806,0.9808576779775385,-1.1056422666032781
J,0.0,0.0,0.0,-0.42553247763326135,-0.23522219550044085,-0.08734152017887312,-0.8689117696133205,-0.23932212845232467,-0.2781622400174679,-1.1334648123161188,0.07577924874313673,-0.45101655540572655,-1.1461760381789257,0.41648994349361673,-0.6123443903987288,-0.6801813091951331,-0.8311908480347214,-0.6141570292167648,-1.2961956311235565,-0.3231074503468375,-0.7871748924785609,-1.2009525342443401,0.03131782700649129,-0.7357205003501321,-1.0337317806117519,0.04510892794465678,-0.6958467958166102,-0.4423827816173877,-0.5747095634332474,-0.6884812214046429,-1.124979653840044,0.08696026899084221,-0.9152640083389667,-0.9988358757002366,0.38067871820048166,-0.8131600358784086,-0.8443551832610272,0.3025630022248541,-0.7357416033015562,-0.2777766997753785,-0.19826633645658434,-0.7520794760759092,-0.8843818439195662,0.4246282725466665,-0.9554075406865,-0.7973581049832192,0.6125012443356105,-0.8450534418577135,-0.6590483948017564,0.5273487411530289,-0.7653974520649693,-0.16891559448704457,0.17016920645638017,-0.8136524112297673,-0.6165198262152103,0.5955447812294342,-1.0203894884971403,-0.8043658957683691,0.8125991075572117,-1.0450318559306044,-0.9154086596150058,0.9174356705903527,-1.0530103019356505
J,0.0,0.0,0.0,-0.4202432956930066,-0.2646570900082783,-0.0824373220247792,-0.8776334218142214,-0.2803788796707529,-0.2726201615445776,-1.1634405074742826,0.0348689863060357,-0.4438977518308799,-1.1724193105953633,0.3714651400462578,-0.6027999955251296,-0.6594780226128018,-0.8596244170234795,-0.6225259227875137,-1.2998589895497183,-0.37917362418529565,-0.8007028250350637,-1.204466366485966,-0.027962676515561353,-0.7462551701338477,-1.0298425765319974,-0.016734182857718407,-0.7049701683215865,-0.430863444730082,-0.5702667747987717,-0.699394379128067,-1.1501056063685378,0.05585030384811257,-0.9372733526985656,-1.0055018141556311,0.33882661545928333,-0.831624548851774,-0.834353491016173,0.24709038859178475,-0.7494491822285072,-0.28098089581987207,-0.17086646274834766,-0.7656303540252557,-0.9258479378130011,0.4026241004155319,-0.9871839802333743,-0.8141169859065643,0.5651004701746059,-0.8814580177130231,-0.6600487209406865,0.4542209411076376,-0.8026163763661925,-0.18553277692781814,0.20566648494026593,-0.8271813126805663,-0.6490748265653146,0.5977643086481741,-1.0571159448417455,-0.8415728167504886,0.8102917493321007,-1.0958620936434627,-0.9656504545744934,0.915522387244585,-1.113139226914915
J,0.0,0.0,0.0,-0.4169162842196333,-0.3838828098596192,-0.07787652122229614,-0.9319731991194768,-0.47625466655945553,-0.2570433617177097,-1.2551355923807248,-0.15859911872196786,-0.4105024978133737,-1.2489181081474847,0.24216242744331928,-0.5558092223921431,-0.6348670612267538,-0.907780544139647,-0.6418080408577923,-1.3472263998228113,-0.5242720908893925,-0.7996863759441315,-1.2791885994450505,-0.2045573520849924,-0.7419078754323791,-1.108412850463221,-0.17636383651129112,-0.7004709781677371,-0.4329661506555202,-0.5583689768200253,-0.7076470858496481,-1.2265609152319705,-0.06839792083191265,-0.9198143934903685,-1.132068915111818,0.1679408754229693,-0.8261470049179098,-0.9581299842878624,0.10991464076156035,-0.7592449240897372,-0.31974554901714813,-0.12528517957978447,-0.7545687854590112,-1.0336602606296537,0.31975206174504606,-0.9470557983432969,-0.9518665769732906,0.445844819584176,-0.869988017238521,-0.7990978526571926,0.3566189444450941,-0.8163880161488822,-0.26453765560532,0.2748336104398822,-0.7934902668178385,-0.7588331629176694,0.6046905870011506,-0.9957910421827038,-0.9791620875656788,0.7828287243820748,-1.0448720450762825,-1.1171631178766703,0.897907290394615,-1.0769090720679106
J,0.0,0.0,0.0,-0.38244080747816306,-0.45693444782784304,-0.06837544602392635,-0.9087164077357487,-0.576979904230313,-0.23901389642550097,-1.254971108087615,-0.23748987880913414,-0.3830770371528737,-1.2567930505194371,0.19668698224775577,-0.5179305752316129,-0.617050701787224,-0.9244090012294094,-0.6401979116305963,-1.3329430325228226,-0.5745391290520397,-0.7740002937621504,-1.2768731464837202,-0.24770946674779246,-0.6911764084239457,-1.1081773699532307,-0.20250738217701345,-0.6355389290537113,-0.43176863845092794,-0.5609844883460232,-0.7063088890035168,-1.2302545242085954,-0.10873669278152971,-0.8959677708892664,-1.1458939487869628,0.14531401505250094,-0.7819559754987601,-0.9592632073393699,0.10163447271641463,-0.7023765382683137,-0.3324417257707127,-0.12413155544074334,-0.750728376348679,-1.052450704881677,0.2774617666270993,-0.9181768050827073,-0.966778010391497,0.4000270425308651,-0.8215409885150257,-0.79881625263256,0.30586396943682914,-0.7582121292549091,-0.29090898384448854,0.2738008542640918,-0.7874138733214846,-0.7674552714041367,0.5930759826843653,-0.9737554811524459,-0.9977121355819718,0.7591820768852909,-1.0165404120269108,-1.1454842871846453,0.8606342551967623,-1.046713140897838
J,0.0,0.0,0.0,-0.3899702182146995,-0.4385894911929315,-0.08555266111090455,-0.924078433703484,-0.5560626189257853,-0.27202308006568937,-1.2606332172546941,-0.23920238723949283,-0.42764974377607107,-1.2262305456668405,0.17156747824947952,-0.5732015539693219,-0.5907625162788676,-0.9178138733122954,-0.6705440181303648,-1.3079334021226732,-0.5796560734757626,-0.8059864585307935,-1.2461943326905405,-0.27334542748367924,-0.7234575918911729,-1.0781300306930448,-0.246585258546306,-0.670084430430968,-0.4080838343606706,-0.5487028952759162,-0.7296524630598595,-1.2094527627446565,-0.12140215520549667,-0.9223640125855175,-1.1097897870169149,0.10776662567152645,-0.8092487185660011,-0.9200487713818571,0.04327019421079279,-0.7323946395688342,-0.3206856692899161,-0.10837782231551799,-0.7662841226772041,-1.0464492608933673,0.28914559127748035,-0.9328960323272938,-0.9545868813880005,0.39121099829401407,-0.8394116751580439,-0.7832014652062586,0.27931062792850236,-0.7818302368318495,-0.29632973748691194,0.2978573186774414,-0.7963943814119486,-0.8002596466962474,0.6082554140496219,-0.9772986558827692,-1.0232259226028257,0.7605389240513265,-1.01594342289924,-1.157866321315309,0.8530103660195482,-1.0463484448825169
J,0.0,0.0,0.0,-0.3431371221898914,-0.4783887182526255,-0.06906070445997116,-0.8551286788015355,-0.6237429373246406,-0.2492387785880033,-1.2200196914819685,-0.2945526632793266,-0.39623884643355844,-1.2334091245583843,0.14988971967662465,-0.5322455783440668,-0.5501292492969325,-0.9152590618239578,-0.68460032478625,-1.2631125617688377,-0.6380257694211723,-0.7966615151784349,-1.207432936103706,-0.34277552945871864,-0.6903964720776226,-1.0444320061759915,-0.294085646393958,-0.6248179626498627,-0.3947406703652883,-0.5356771730601401,-0.7464782444397556,-1.1999322296908532,-0.18575598635155002,-0.9216278338160745,-1.1083481261439496,0.03813268402815415,-0.8006063981651704,-0.9163399623474368,0.004822690541901638,-0.7223802216256126,-0.32889476327439576,-0.10256146428923602,-0.7801066915779927,-1.0514848416992952,0.22023340087403526,-0.9288739873478,-0.9537552774183045,0.3111484447695597,-0.8359159768350665,-0.7793827569609201,0.22146488425071034,-0.7855076396645179,-0.3201084476739015,0.2859736414563545,-0.8045495846712638,-0.7935716363437891,0.5654512161792273,-0.985642188091697,-1.0165987369116172,0.7035983815590806,-1.0370125105711834,-1.1652605277424362,0.8000437907786947,-1.0804360330137024
J,0.0,0.0,0.0,-0.3063650357936456,-0.4973514523979225,-0.06724802488332082,-0.8279078928978457,-0.6884051821223339,-0.25050556748669106,-1.219756900674125,-0.3880050194426843,-0.4012585751622575,-1.2486352722041685,0.08161912380251307,-0.5383770455949825,-0.48169044123775295,-0.9571012262544207,-0.675901881884062,-1.2123194026256003,-0.7441503139057426,-0.7860616081632619,-1.1440162420828843,-0.47191190679780326,-0.6831757905977184,-0.9740091347406581,-0.4319372201386445,-0.6208432396267929,-0.35578506095959705,-0.5731980148253699,-0.7381470220750272,-1.1804290297176177,-0.28584680936998963,-0.9115491496694742,-1.0766833853243245,-0.09409170742124429,-0.7913425992319338,-0.8772836310050197,-0.12352446948779529,-0.7148675938128132,-0.3271777069740283,-0.14465741954252495,-0.7722462922697134,-1.076766824710427,0.11025247236605985,-0.908980660720741,-0.9573610516889329,0.17137214360679,-0.8137457534797148,-0.7685240818087614,0.0748943906637326,-0.7662201232990038,-0.3528940466915065,0.2322118115230034,-0.7977631797623352,-0.8557877196207446,0.44441164905149144,-0.9622616830182235,-1.0948924267375963,0.5419317524793974,-1.0100606574185989,-1.2625354716270403,0.6197624072321454,-1.0570375934055076
J,0.0,0.0,0.0,-0.30090337020164853,-0.4962831880511805,-0.04729007600960732,-0.8143363591196426,-0.7218096636023696,-0.20906242592323737,-1.2212102635222253,-0.47143509741546097,-0.3454494776690068,-1.2616194243075098,-0.025850369544822838,-0.4707807909374728,-0.49968196119197134,-0.9877388833521731,-0.6192664984518952,-1.227620877520811,-0.861807639407965,-0.723895279988557,-1.181201110328623,-0.5576255951971689,-0.6298228327779604,-1.0221296490435898,-0.4900059099164888,-0.5753699026332725,-0.3938917371120662,-0.6113614011586241,-0.6863574408485734,-1.2026436480338623,-0.40620932358944384,-0.8451401960893271,-1.132209865761332,-0.18687328029549466,-0.7325504886450719,-0.954431350487224,-0.19823879059218436,-0.6653698754585714,-0.3735439740181234,-0.18409679499406495,-0.72632478533909,-1.1141833735182356,-0.012093369146930762,-0.8634591071186758,-1.0178875992042717,0.08049676583100858,-0.7765554400310541,-0.8395298961824005,0.01514023891812179,-0.7318034203907104,-0.40503060872484853,0.193382685515271,-0.7559217150934204,-0.9145552103103881,0.3611874844618129,-0.9244229760069984,-1.1676234515103758,0.44300760067079364,-0.9770919336337356,-1.347149054018052,0.502573057223867,-1.0244293937874718
J,0.0,0.0,0.0,-0.26803621649841836,-0.4951836011103275,-0.033622846772894635,-0.7244609038852051,-0.7633517877247576,-0.18453455490331994,-1.114002388152881,-0.6035599080234036,-0.31371116055034876,-1.201056362151892,-0.19003696705695491,-0.4360228452378998,-0.4485624488509453,-1.0169538799662603,-0.6028532220687429,-1.1461801790267312,-0.9502161713666628,-0.708342672950255,-1.1350278077935332,-0.6383828695509712,-0.619132472510571,-0.9914479072935358,-0.5487793701034093,-0.5653420222624748,-0.35183123798105576,-0.6516733437446461,-0.6719647557970507,-1.1446256911038093,-0.5157609615502496,-0.8150294817567516,-1.1023668800153468,-0.2690678127862505,-0.6868399626892013,-0.9433298724955983,-0.2585208047668429,-0.6116306768668964,-0.34276217054025604,-0.2355092075975553,-0.7156527884313348,-1.057904877338605,-0.11647871079294145,-0.8426088195391863,-0.9649653323771884,0.006607080350359117,-0.737610105731125,-0.7763692014834713,-0.017750565231977072,-0.6817084064534239,-0.3888138947444309,0.1306493235453221,-0.7494391648421129,-0.8979588116422887,0.20905812466400106,-0.9231243875364536,-1.1632667623046693,0.24529697821001983,-0.9740288392079628,-1.3461343144472313,0.27044909480381024,-1.017728954162378
J,0.0,0.0,0.0,-0.23030902621143282,-0.509481351532547,-0.028094488330138036,-0.6568349025321477,-0.8376014931218464,-0.16936674042525476,-1.0431787531168728,-0.7728435080512779,-0.29020278300732577,-1.141656854223313,-0.39429392364626686,-0.4045645151687976,-0.41192878637023045,-1.0521579513968824,-0.5850461006725867,-1.0959691393047983,-1.0451740963330114,-0.6966308597091468,-1.0868991177634668,-0.7444217488418567,-0.6173561105953342,-0.9489225109435854,-0.6550754998458446,-0.5686210483935736,-0.3310090288133125,-0.6827826699407833,-0.6513377376389327,-1.1150924730049572,-0.6225039404635239,-0.7929367391057646,-1.0823179647770573,-0.3716134096307418,-0.6605008895523733,-0.9280894543427407,-0.3463579292656458,-0.580897223344002,-0.3387227768265541,-0.2727029559627843,-0.6937816547906731,-1.0518870196867747,-0.22878694832143762,-0.8175431523027341,-0.9861585100117327,-0.08593680067471839,-0.6999309509791283,-0.8074175626931775,-0.0728311809444526,-0.6323270678488812,-0.39985121520673184,0.08407526988423618,-0.7274489379895184,-0.9186066137778899,0.09398046553052664,-0.896112886811831,-1.192810883633585,0.10116696182520482,-0.940541534470089,-1.377281617495793,0.11131471171892074,-0.9765676846414394
J,0.0,0.0,0.0,-0.22789279102636353,-0.5128594366723528,-0.034115839884534094,-0.6661422516037608,-0.85504055818734,-0.18090051871501273,-1.0691508179498443,-0.7746655819610812,-0.3084717863805297,-1.1714130087706218,-0.3767313934629515,-0.4299219076349258,-0.39748044745953515,-1.0757416833025453,-0.5749448926199516,-1.0994571704276388,-1.0895968021404105,-0.6949543723365987,-1.100219084779347,-0.7801965274054058,-0.6296502488540016,-0.9670792627479814,-0.6924328506363304,-0.5895326395303425,-0.3291972498539284,-0.6930320023694182,-0.641354671286056,-1.12512891033818,-0.6579639992554231,-0.7948852026003618,-1.1030136082342104,-0.4094456591042028,-0.6804063150083172,-0.9496803863557912,-0.3851521801715969,-0.6107363374936993,-0.3516116959892261,-0.27941512914229244,-0.6846195349204163,-1.0790660685672298,-0.25462794478475453,-0.8153161118161208,-1.0344292251944371,-0.11003962157333302,-0.7097597249380201,-0.8715144435472268,-0.098825096564762,-0.6463362045626068,-0.42844381758933847,0.0781511818957324,-0.7196037620025407,-0.9502709799000563,0.07052026105458324,-0.8745464729880976,-1.2227511495381267,0.05873053153852936,-0.9129147178524377,-1.4058613724352291,0.04754568538660979,-0.9457222599003078
J,0.0,0.0,0.0,-0.20271473166496726,-0.5109592325401927,-0.02020234883215349,-0.6152844639609301,-0.8646813135092578,-0.15516248344234038,-1.02032041983213,-0.8338804471854668,-0.27378285039930766,-1.1401392814844173,-0.4843941043606698,-0.3878216297916282,-0.398088281102167,-1.0914060824921026,-0.5501442020961721,-1.099445085136571,-1.116335572668537,-0.6705623503369909,-1.0958481098974964,-0.801902119273444,-0.6098293713420737,-0.9624654055890126,-0.7136238928532109,-0.5718218012569175,-0.33688350911000553,-0.7074931345456792,-0.6212591776871054,-1.1299930048031022,-0.686215164419612,-0.7765243969869599,-1.1038314297454006,-0.43005585701541704,-0.6678322844296238,-0.9479040599809783,-0.39899403889659363,-0.600857024570561,-0.3622999785009289,-0.29234904412019713,-0.6689148615907294,-1.0851680004012005,-0.28401318428333483,-0.8021901243932283,-1.0502908708346468,-0.13027529818141262,-0.6981606906613562,-0.8968163694617858,-0.1113759527181546,-0.6337599458952985,-0.4423741159305732,0.06604583981916179,-0.7069818031143644,-0.9642089559885432,0.0344781283858185,-0.8596227498962363,-1.233519056636226,0.01666387149943792,-0.894125521549315,-1.415268803365679,-0.006074172970924688,-0.9226924050624005
J,0.0,0.0,0.0,-0.2061037181819773,-0.5092446564347682,-0.0212969157981653,-0.6253288660565338,-0.8707825391597905,-0.1506544107561447,-1.034660100396141,-0.8463988781430966,-0.2628805199926939,-1.1579540319358528,-0.48477724788043935,-0.36952336120143287,-0.41490617901676957,-1.0935022749315308,-0.5442213573617141,-1.121229906324896,-1.1140380964157075,-0.6644690611868848,-1.1105189204964203,-0.7996001372752869,-0.6031564133729795,-0.9733662344898736,-0.7155645049475826,-0.5646179950250808,-0.3525447099395181,-0.7066125337363067,-0.6135233937352493,-1.149674650722297,-0.6755124625483775,-0.7715358199362208,-1.122910076470876,-0.4217290331782378,-0.6651452098618413,-0.9661593595137167,-0.3939438302953559,-0.5988068003500996,-0.3769551796580612,-0.28527368974663453,-0.6600736993910852,-1.1039992656355115,-0.26859266698601597,-0.7997048063886423,-1.0713108381743073,-0.11816927815555561,-0.7028319181244439,-0.9178902522934547,-0.10550687189395377,-0.6410244164703586,-0.4548943233891483,0.07854301171728229,-0.6964078730586255,-0.9808223750360262,0.055684599764200884,-0.8535311439816,-1.2540468581497857,0.042253993709788745,-0.8937553472773407,-1.437114705007149,0.02287770789187548,-0.9254690925842949
J,0.0,0.0,0.0,-0.20795818255801338,-0.5110830361155194,-0.018170134301885,-0.6276956841952183,-0.8686559734251219,-0.14384812346961756,-1.034661297366964,-0.8484660100482444,-0.25248593335076885,-1.1580000469279483,-0.48981722106112296,-0.35676246528082567,-0.4258797111485284,-1.0891705511291354,-0.5398162609745958,-1.1336662781808688,-1.0920989127318599,-0.6599371844099704,-1.1194408043633135,-0.7824001146466548,-0.6013063008833099,-0.9807447191628076,-0.6969039771523637,-0.5636483411071713,-0.3641546413298869,-0.7051472366813416,-0.6084067486464705,-1.1614504608896767,-0.6579729879328111,-0.7618794285795147,-1.129424474752028,-0.40586778282995006,-0.6544807249793968,-0.9693309388411885,-0.3742410363717086,-0.587673896506642,-0.386574611976824,-0.28516127372826244,-0.6541133110360748,-1.1094133341991943,-0.25945458684134276,-0.7892628748540004,-1.0708685865242618,-0.11004693570403175,-0.6906875414772478,-0.9125544558775209,-0.09201025121368127,-0.6282205144919729,-0.46117949416794685,0.07853646346970604,-0.6895878204976649,-0.9834817324661477,0.05853004951134052,-0.8448792152054676,-1.255644713853928,0.05104532961792167,-0.8837671924153603,-1.4374553758142947,0.04068621007528938,-0.9143311641074447
J,0.0,0.0,0.0,-0.22052541718389976,-0.5198094320708159,-0.004259201145251849,-0.6197452841411193,-0.8741659009018281,-0.1196329598201818,-1.0001829693949826,-0.8721239178804597,-0.21772855671551344,-1.1098469879381274,-0.537909807048445,-0.31259946675660005,-0.4460704879633271,-1.062461459558691,-0.5554349545581455,-1.141525378250193,-1.0476937586686337,-0.655089389496296,-1.1434062836514367,-0.7229987727423147,-0.566445375442014,-1.0125784468955448,-0.6224481384846291,-0.5101709324868315,-0.3713226605076756,-0.6848936822325453,-0.6269291234513251,-1.1636025425029493,-0.606297724493205,-0.7659693800253099,-1.1513739232936513,-0.3366942531023064,-0.6386322093486012,-0.9981461421073332,-0.3073510976961622,-0.5604569516689998,-0.3763435639780441,-0.26932990503509013,-0.671860131994709,-1.0984990617886192,-0.20828804885071522,-0.7979710973352885,-1.0763983061482405,-0.04516172762730166,-0.6907758940716895,-0.9230603797415654,-0.028052659632884586,-0.6264806527349642,-0.4322556213465345,0.09539872828055222,-0.7048029269427298,-0.9531884565478133,0.11581355899487242,-0.8695993934223353,-1.2347593233062555,0.13683614135059452,-0.9142714825807029,-1.4185896650353094,0.1422654414252367,-0.9479742014320087
J,0.0,0.0,0.0,-0.2525992132220166,-0.5278869742723016,-0.010192024552878678,-0.6875107237293137,-0.7826907117241839,-0.15557902548651956,-1.0861977259345574,-0.6631128302367698,-0.28024534469171164,-1.2244535090729387,-0.31331325623168776,-0.40203306322943433,-0.49856391847685444,-0.9779700829403621,-0.6269574590100552,-1.2129650187466339,-0.8795061794039379,-0.7150434689456162,-1.206664053201906,-0.6059122798126227,-0.6005840258237598,-1.0670398139191157,-0.5244201713058368,-0.5256924153332135,-0.3995580677547331,-0.5887794806482249,-0.7026322463847717,-1.193218864931673,-0.43950091835842015,-0.8265495764090894,-1.211751878661566,-0.24362580024321248,-0.6832153689356981,-1.0900550310787045,-0.23703758688985563,-0.5976598415518958,-0.380231567503974,-0.16106638758500263,-0.7453934593572263,-1.1237265415304678,-0.053906048742231275,-0.8561677011168659,-1.1027868398902136,0.04621845681217449,-0.7321716070482129,-0.9473974675769599,0.03613397310164373,-0.6624625442732525,-0.4098947228088128,0.21509883800319826,-0.7761143596867442,-0.9456393782663907,0.33998985593767883,-0.941094933170078,-1.215914601855262,0.41012319383811835,-0.9721640701168777,-1.3844508544834728,0.47277560654870276,-0.9945271336295378
J,0.0,0.0,0.0,-0.31971657930013675,-0.5051213226955632,-0.0393230416917144,-0.8206490308580119,-0.7264385281356034,-0.201991133296656,-1.227648427379549,-0.4964286707529197,-0.336054722229897,-1.2695230700648008,-0.03705824246515453,-0.46490009438707935,-0.5356518558344987,-0.932750901390742,-0.663880675333123,-1.272632905272465,-0.7689281853112926,-0.7436729366962943,-1.249332861683427,-0.4958636328356513,-0.6243651150292979,-1.100798723668295,-0.43401095726951705,-0.5548115484856155,-0.4183269835346618,-0.5412267384817572,-0.7294355025628999,-1.2454839293969502,-0.3099216617273385,-0.853466069497001,-1.2206762455515296,-0.10972843317815906,-0.7185681744322983,-1.0654905610059595,-0.12409485758305493,-0.6464409779598534,-0.3858417202065428,-0.1117898236806197,-0.7616882235055537,-1.1340966993221202,0.08559457422597194,-0.8705571577788696,-1.0774285002105517,0.150632172551602,-0.7791733987424597,-0.9116855713132399,0.08956292680185401,-0.7422731018792516,-0.41052916581537036,0.26773521757413254,-0.7824136147318446,-0.9232982947159994,0.46635520650247525,-0.9446529486453297,-1.2022248293017845,0.5633074681980795,-1.003457789400628,-1.3878234261806977,0.650535319368466,-1.060163941261706
J,0.0,0.0,0.0,-0.3502780315656413,-0.5017047149070332,-0.061962433554464943,-0.892693581216671,-0.6638601855924059,-0.2301215483254301,-1.2722936683536188,-0.34343469203085125,-0.36334987998313634,-1.2740024290958056,0.12800522850542567,-0.4861669753621521,-0.5664833899473949,-0.8866133598265029,-0.7005260159367283,-1.3115198326042459,-0.654332989908412,-0.7939678332732727,-1.2636824965264166,-0.3960934944988263,-0.6753842681317758,-1.1047445171181245,-0.36927600628453755,-0.6025926451587322,-0.423347879880932,-0.49981077481076985,-0.7556227643363969,-1.247889485269876,-0.1887898536870956,-0.8965585228822567,-1.2147218054063846,-0.013904049099902959,-0.7623710252243358,-1.059979399445965,-0.054737092261710724,-0.6877679300214949,-0.36931649352682666,-0.06504706895184809,-0.7786764323996832,-1.1276191452862059,0.21539544760464988,-0.89506273499039,-1.0365912138398308,0.29007051551791246,-0.7964614491631138,-0.846489009336076,0.21525805647098015,-0.7514130037605908,-0.37087940063798003,0.3174836971740784,-0.792817597357091,-0.8800600682405711,0.5674175832838205,-0.9599179873353273,-1.137575190468955,0.6912396831904378,-1.0173042561001826,-1.2994108285333754,0.7996733124007641,-1.0701981002841519
J,0.0,0.0,0.0,-0.37672319410727084,-0.46833701746412587,-0.08048796117052698,-0.9328142367439474,-0.5708714384516117,-0.2645249617889698,-1.280772108478108,-0.18279619737797093,-0.41190089153254666,-1.2459228064195635,0.3051377204267374,-0.5461783689549639,-0.5996971010833694,-0.8547811756171952,-0.7130114355028706,-1.3196020541023465,-0.5423050246087152,-0.8190797183595075,-1.256081567068746,-0.2643119300724805,-0.7078495406988995,-1.0946412050573417,-0.2493923889616478,-0.6395601948630097,-0.42789601990681786,-0.481575851561893,-0.7648461906424989,-1.2278650772667765,-0.08095915151091947,-0.9295816913139788,-1.1512441595428804,0.11216528680554969,-0.8000520113057571,-0.9776333651991876,0.049256445563157315,-0.7208666325893418,-0.3519731367597345,-0.05019303848495099,-0.7869341874534743,-1.0936658690733017,0.31824441595263026,-0.9160059574387631,-0.9901815011723544,0.40140977877836104,-0.8131051260008837,-0.8064734404867896,0.3045498150651609,-0.7603384765661597,-0.3341470416599523,0.3341303903863911,-0.802222694408168,-0.8274120048297584,0.6252197115785073,-0.9669033777681717,-1.067796714251177,0.7681624870325574,-1.0161894988683688,-1.2195900537632403,0.8848035042800811,-1.0619739890299218
J,0.0,0.0,0.0,-0.4104725788777192,-0.4317997687202066,-0.08809795710865774,-0.9910564111323948,-0.4780301551499788,-0.27391997136867197,-1.3216661366248954,-0.032755808918879935,-0.4257003830359392,-1.2538923992559916,0.47576389006355674,-0.5615007366457115,-0.6410598694770683,-0.8593511893120418,-0.6931616687071239,-1.3721904722910983,-0.49640858614219724,-0.8300325908166754,-1.2719375783657514,-0.20042406118949654,-0.7479143015506591,-1.087611808162345,-0.1889699765592528,-0.698391709706302,-0.45074131840489623,-0.48753362911711934,-0.7477588009261456,-1.2575662072640847,-0.023509020966306388,-0.9537219161893772,-1.1405019868448134,0.1775284131980123,-0.8466559290692132,-0.9460057312903356,0.10129774306176789,-0.7738213993405977,-0.35821658554963237,-0.04366521834748166,-0.778539971881943,-1.1102308037913922,0.37936991587994606,-0.946451373660096,-0.9934560954162368,0.4614165462618693,-0.8605581755991021,-0.8126139452971441,0.341336053663514,-0.8087366195435272,-0.328585002453405,0.3525040103763994,-0.8026591509026517,-0.8144999191391765,0.6842237294454057,-0.9903904524654397,-1.0484004390405923,0.8416482300206481,-1.0538308155211864,-1.2037482702310094,0.9569186940520329,-1.1057331676031
J,0.0,0.0,0.0,-0.41735917402775324,-0.3878648274823198,-0.057344623825111345,-0.9328814572096843,-0.39609467214199867,-0.23824118792221882,-1.2212907167503881,0.017505918890415476,-0.3885218293549584,-1.1819031738090577,0.49907433459342065,-0.5310063197569038,-0.6717408603903231,-0.7551483168550612,-0.7111512019064061,-1.3387179192393617,-0.33326113429720633,-0.8136758295046428,-1.2506396086858802,-0.06426337948971438,-0.6987799775060548,-1.082589962228965,-0.05339619163061179,-0.6276719557645081,-0.4743614006855426,-0.42512615668034864,-0.7708754843979965,-1.2143995600058586,0.08363101954795504,-0.9205574097071645,-1.132967644571882,0.2918657633152847,-0.7804637479232763,-0.9723598277493749,0.23549704692612988,-0.6988637932790479,-0.3606967763017102,-0.02025797881415952,-0.7988489986344414,-1.0411683376683432,0.4325153160916503,-0.9121833334303409,-0.9492495036021508,0.5359777345663136,-0.7993201769925417,-0.7735029927463114,0.45516807786724284,-0.7468129380593459,-0.30671876623133315,0.35366130640718296,-0.8194394684235676,-0.7525311122703546,0.7125061454834407,-0.9836238053804278,-0.9769480075250687,0.8998748384181453,-1.0311218288844897,-1.110024951970644,1.0398484838422613,-1.0754591498050396
J,0.0,0.0,0.0,-0.4082434247056193,-0.37139590963359825,-0.07839682934577502,-0.9217491319252743,-0.3501147735569522,-0.2724912834040453,-1.2003773823645698,0.08814543623654578,-0.43021800483620015,-1.1377288735394209,0.5462016882908097,-0.5754156622932397,-0.6490912328754798,-0.7430718090396558,-0.7402594415192714,-1.2998549103542199,-0.29815642093597755,-0.850137808263137,-1.2015620771307272,-0.057007735373958375,-0.7350051687562591,-1.0379206514791102,-0.06721221455825174,-0.6637512396480415,-0.44510050662635764,-0.41306296391817016,-0.7945215710351079,-1.1723195689990342,0.1195020584872804,-0.9576115475819127,-1.0761811901066745,0.2952173255625486,-0.8214213173634161,-0.9179715022617753,0.2151791558239884,-0.7416544475097303,-0.32877974423253215,-0.009108915558685475,-0.8176941528269007,-1.0035976683361023,0.47222906008648763,-0.946057903557264,-0.8937460090449058,0.5535817148388029,-0.8353656371587753,-0.7157956072143222,0.45197189571754853,-0.7827488461748333,-0.275651525460912,0.3640345384406037,-0.8344586201766372,-0.7170595473773544,0.7358789738315641,-1.0079854706078262,-0.9198104100327162,0.921067334506689,-1.0569705263712077,-1.039637422481427,1.0566219273516613,-1.1028143073582681
J,0.0,0.0,0.0,-0.42866324980697573,-0.36186668144542095,-0.08818349333260986,-0.9630331488657699,-0.31834142651341846,-0.281743473540717,-1.2382387174824774,0.15440097192599364,-0.4390129801823315,-1.161530314853284,0.6191576695842774,-0.5812784754208166,-0.6934588604517405,-0.7597190770107539,-0.7177045459087535,-1.3481120639525581,-0.26606144061626724,-0.8562148751986368,-1.222400866029647,-0.0335349785926562,-0.7711950882500856,-1.0489277138545043,-0.06974360720748439,-0.7177747962451246,-0.4702658465341259,-0.42834352389444563,-0.7716034338448932,-1.1947602961080557,0.15590113517500262,-0.9630939355412004,-1.0707127651616792,0.31449776499974136,-0.8486371890331105,-0.9072775503314773,0.21149140959613907,-0.778869585833226,-0.3364353977206601,-0.009181032181855503,-0.799776632052964,-1.014609141992785,0.5190025345466073,-0.9581371909593672,-0.8919709205035029,0.5871337765544122,-0.8613809641279598,-0.7210943001956465,0.4598287482673307,-0.8097809750085447,-0.27089108918318155,0.38302816792940064,-0.8215887409101901,-0.721833045782362,0.7874754896542765,-1.0071012616860393,-0.9262120432311312,0.9771260779471108,-1.059031319818157,-1.055772529314213,1.1091937315119893,-1.1037893895459114
J,0.0,0.0,0.0,-0.44054723150047054,-0.3590369392972584,-0.0791605981306557,-0.9738049284722953,-0.3061815789010389,-0.2720722320305305,-1.2506010194998858,0.17024148691184945,-0.4319740823704769,-1.1828554356762173,0.6474288371414454,-0.5797462482697773,-0.7065588511767735,-0.7511446946582369,-0.7095261100480876,-1.3705887823121945,-0.23640032049791818,-0.8365050009797306,-1.2528009511450646,0.01486087976272983,-0.7421914270209046,-1.0755977640994758,-0.005709197847135821,-0.6816052757843272,-0.47648748696186943,-0.4289743599620453,-0.7674247020157196,-1.2089271131374184,0.18523087168903896,-0.9456205144092212,-1.0848324177566895,0.3525160687013111,-0.8250177994509451,-0.9192655115479994,0.2539581191467884,-0.7527094444052023,-0.3350373630337815,-0.014500829623791005,-0.7976736356556161,-1.0197097190903586,0.5394382485137306,-0.9402178229449994,-0.8934891257932535,0.6164736318472744,-0.8372792352597624,-0.721485163938992,0.4958453676636825,-0.7853599209039083,-0.2601887572888183,0.3766382475179535,-0.8213463842051523,-0.7132723106526591,0.7938888015741964,-0.9949929167166803,-0.9175524486387063,0.9978454846813282,-1.0395032930144552,-1.0453478186090717,1.1461365612492538,-1.080931404024462
J,0.0,0.0,0.0,-0.47944434932634655,-0.30907097070473166,-0.11152291340387717,-1.0147720547519532,-0.2255687423621333,-0.3145848307593279,-1.2761692020097657,0.2321266417553796,-0.48764491420374134,-1.2032524334781114,0.6833190130197528,-0.6460473386827809,-0.7518490269408598,-0.7622047796337942,-0.6798128954975223,-1.394750703452221,-0.1672114970516749,-0.8471339919378278,-1.2508315950125048,0.10050263937429571,-0.7935214795896882,-1.0689195371745497,0.05730067941340584,-0.7551227866544586,-0.49602164766279155,-0.46090277288209824,-0.7358880071039903,-1.195692854727919,0.25625848178612093,-0.9536605159346172,-1.0421468903217161,0.4257568022145169,-0.8603811884065693,-0.8730379864215451,0.29422086146581927,-0.7975529480679947,-0.32226823084347106,-0.048738379156771976,-0.7751049610849233,-0.9620472800825635,0.59852504037724,-0.9643881423059323,-0.8372194819460749,0.675021245043443,-0.8765327686740226,-0.6804091579361885,0.5290310381726147,-0.8198314989122244,-0.20994778987957152,0.3474576789207607,-0.8114367241870235,-0.6617180330393079,0.8148648541886595,-1.0034548530679026,-0.8675293578788815,1.035503013595075,-1.0433669207624645,-0.9958196977148183,1.1814786303729636,-1.0732595026680365
J,0.0,0.0,0.0,-0.5157564837691723,-0.17953122705132485,-0.12458632257744885,-1.0030198476627654,-0.08884056137832859,-0.3325675565825876,-1.2240910293945073,0.3199912999965841,-0.5172635554471864,-1.108115487683712,0.6824628322058957,-0.6871353758309465,-0.7763650860208866,-0.7894882237666188,-0.6242573521338829,-1.3818488998332659,-0.1404173010545158,-0.8179474831493749,-1.2244194752715742,0.16534486458939637,-0.7954806234523265,-1.0494553356651872,0.10910563679015219,-0.7753701781064211,-0.49974765152634865,-0.5345291194212692,-0.6815650411256593,-1.1502968447092694,0.26217338459208117,-0.9264887245993262,-0.9978854606134403,0.4798391845533983,-0.8560406922967141,-0.8564974312566609,0.350768755666683,-0.8012914400330385,-0.29699410405751936,-0.15145280089834456,-0.7313124904005139,-0.8726048324658069,0.581090282855752,-0.9525595121275344,-0.7750555268968901,0.7135979524109356,-0.8760612814688561,-0.6535918059540772,0.5911057699141561,-0.8142022144611494,-0.15536440471723903,0.22601476742482882,-0.7811582886216767,-0.5764932726888948,0.7386077154230886,-0.9807472442235257,-0.7487645433385584,0.9787101003275122,-1.0121059047629037,-0.8561809544683617,1.1097019199934675,-1.0270710500667841
J,0.0,0.0,0.0,-0.527922469539228,-0.10936573323301688,-0.11399435203209003,-0.9768314952212144,0.019435162027509723,-0.3248781140469021,-1.1489048298361768,0.4170535537157562,-0.5162742513224059,-1.017033912167044,0.7420798589893829,-0.6939095708060876,-0.7565553381642004,-0.7556473942535485,-0.6372303088869993,-1.3140676055737541,-0.09297896759703286,-0.8163003576409416,-1.1571661427642723,0.20972562557893468,-0.7684027410851062,-0.9893231361356276,0.14182167597995668,-0.736500529017444,-0.4682264654390985,-0.5283248180989424,-0.7082632728323048,-1.080092238713093,0.2970933393570449,-0.9447811355276685,-0.9124916527597854,0.49651573742741706,-0.8487707758670562,-0.7856451215912227,0.33040612582911577,-0.7777585223211724,-0.24859368239022794,-0.1596287826087083,-0.7710880296737166,-0.7899284682000602,0.6080688376461033,-0.9891272891898124,-0.6725958149166236,0.6873749303473852,-0.8844028654693236,-0.5652311858770026,0.501796322469045,-0.8077034054396902,-0.0825820854822429,0.2092690375731555,-0.8345582097627934,-0.4795952974989639,0.7341760729565691,-1.0453329587751752,-0.6264608931562085,0.9567792940934575,-1.0634866048873048,-0.7256756530170437,1.0615712991173227,-1.0686918476758782
J,0.0,0.0,0.0,-0.5352968669136312,-0.0967437880770357,-0.09003266209515981,-0.9741930474728338,0.032922824977644205,-0.28565231466997654,-1.1416577992756252,0.43729738277803765,-0.46589861631350044,-1.0291483815831997,0.786613605643553,-0.6342289002154454,-0.8293025258627411,-0.7126537405640675,-0.6085505397990421,-1.3467890386020236,-0.06512429264505305,-0.7955807024873663,-1.1939029461621804,0.24652684885145604,-0.7545201971806235,-1.0105952262409528,0.19852319154903542,-0.7260093580324669,-0.518514763291153,-0.5053367217953125,-0.6897660747342438,-1.1247169759525761,0.34782974168309316,-0.9345778543959773,-0.956452297951227,0.5790446215472583,-0.8397521490791617,-0.8095391987171388,0.4366011604812925,-0.7664476399283343,-0.2751856857713519,-0.13744967877037703,-0.76239756313924,-0.8286827632224171,0.6730386743023345,-0.9792959435888525,-0.7218253839481027,0.8079757305703201,-0.8560767251483887,-0.6080822413627578,0.6616338816428267,-0.7644409694282608,-0.09080524565900173,0.2407220668898278,-0.834742020236338,-0.5066498065385174,0.7720437347468599,-1.0526534471911995,-0.6518379056160146,0.9903854450095809,-1.0656882366870786,-0.740142129548082,1.0714302200454422,-1.0602023002811927
J,0.0,0.0,0.0,-0.5436756803337727,-0.0802735913055992,-0.09983461720383041,-0.9933695407607562,0.061248115554129685,-0.2899712909739413,-1.1519253730626025,0.4708304144789039,-0.46222016217108153,-1.0249541069507169,0.810336045489465,-0.6214067587548826,-0.8440241734243817,-0.7159913728144354,-0.6006450034254716,-1.3549999739052223,-0.04567631808700244,-0.7829356572034093,-1.1953062782739197,0.2783946031114116,-0.7418134769183374,-1.0175499418569347,0.22816897929386812,-0.7137132368729218,-0.5275761132915328,-0.5208749251021394,-0.6710832713486758,-1.118026781573826,0.36391117084037544,-0.9102292403735444,-0.9413535450105482,0.6121280563986392,-0.8178144433218542,-0.7974285090140988,0.4826430393704995,-0.7476390311339659,-0.2730016535093611,-0.16345018372272893,-0.7340464590563148,-0.8005886837029224,0.6912369395337286,-0.9510828827652772,-0.689696582554076,0.8419213275418539,-0.8424993484642324,-0.577754490188822,0.7121000341381168,-0.7607038336365042,-0.07765621930287842,0.20568141387452624,-0.7966542658098067,-0.47052849949985504,0.7630789241956227,-1.0134116821374193,-0.6156203912540986,0.9939894776234861,-1.0364626312876715,-0.7044097030387038,1.087370509987497,-1.0400491915352288
J,0.0,0.0,0.0,-0.5233771614147341,-0.034160094158395084,-0.11049255372394762,-0.9287313006757624,0.10411367691710022,-0.307751224369866,-1.0615459295591805,0.47092898354244617,-0.4862745525552593,-0.9407750055961563,0.7486843065507375,-0.6489455225259688,-0.795235110294867,-0.7193705119469582,-0.6030841241194175,-1.2687216972650492,-0.058150138070971996,-0.7885523201229873,-1.113360802602439,0.28505282259448955,-0.7458706610269703,-0.945963876341273,0.25083816259191316,-0.7138107124260693,-0.4954752580291463,-0.5518045168279616,-0.6708323515523165,-1.0256852567632222,0.3149987283994567,-0.9151527519454692,-0.8538187057905544,0.5771833467340844,-0.8204797334039198,-0.7216252749394879,0.4438116346852278,-0.7445898130939456,-0.2519008324073442,-0.22409782961433505,-0.7339180128590539,-0.7226610028693544,0.6016828992167044,-0.9573390554872776,-0.624640114009887,0.7496187466323424,-0.8499178358214745,-0.5339211582114574,0.605678483156881,-0.765620086255344,-0.0607993098059747,0.1197050143005948,-0.7981773940000445,-0.3987439987932515,0.657899019147975,-1.0166992764121017,-0.5297489173507438,0.8848663300931948,-1.0416281086219918,-0.615732751502077,0.9673743199701783,-1.0453308274453514
J,0.0,0.0,0.0,-0.5221176128441088,0.03369206569190489,-0.11430400446640855,-0.9297237284655343,0.2072625925853083,-0.3058283602307709,-1.0563230561620218,0.5708183576007061,-0.48297139870381117,-0.9131526731328926,0.8011361154775765,-0.6492840809122312,-0.9043631531220719,-0.6582193257795352,-0.5449315786730815,-1.339088315967822,0.03200635326922756,-0.7491497646851574,-1.1635829198729815,0.35603456658420385,-0.7607996187131075,-0.9952132745430484,0.28612231022161094,-0.7687766285305154,-0.5731846371505512,-0.542729213844266,-0.6139253799726608,-1.061083299348241,0.3661578916870177,-0.8530144236302823,-0.8959509175212536,0.6273352427872855,-0.8030574247163914,-0.7673633045332957,0.48508038669663306,-0.7645365267392711,-0.28530740428994084,-0.2495239478304549,-0.6807148358823795,-0.7112895421932712,0.6512887211942905,-0.8782332954923775,-0.6415748011403362,0.8681493510867367,-0.7777512415044746,-0.5727480804014423,0.7602605617177112,-0.7041650317932572,-0.04943100126984254,0.08611010891337442,-0.7536824127369326,-0.383970471823223,0.7222107368668144,-0.9206335148254012,-0.46237677381156894,0.9301723526369764,-0.909942222293513,-0.49889492333662855,0.9493123492298221,-0.8909961030374158
J,0.0,0.0,0.0,-0.5316114355724121,0.042377519814642134,-0.11852482264734973,-0.9405005463979671,0.23383624278241755,-0.313368312122314,-1.0474194695501982,0.6164059237148565,-0.4923888688983543,-0.886237934908758,0.871127881835757,-0.6612944951326956,-0.9013396256241306,-0.6438096423487256,-0.5729178729363733,-1.3419078922114618,0.10754609997436167,-0.7786031022670743,-1.1589880453342076,0.43546013860905625,-0.7791498368446274,-0.9824101377661849,0.36167596681709413,-0.7762654597291677,-0.554040551264486,-0.5304908796502054,-0.6415750105502049,-1.033411611570698,0.44522682694788757,-0.8855098454636292,-0.8605395009647429,0.6986418940037743,-0.8250335477805545,-0.7282193711450716,0.5443109481638329,-0.7767344789178915,-0.24944185644009342,-0.2338109739191491,-0.7076231834791648,-0.6625757727139818,0.7158109049571961,-0.9107643472918058,-0.5847113157705061,0.9007578963978066,-0.8094188446037173,-0.5087309343587874,0.7621841773951517,-0.7338067250608192,-0.001176547360240416,0.1025879490622484,-0.7790843014114742,-0.3311571790714512,0.7499518660886224,-0.957940769642855,-0.41314391474496587,0.9598205011657222,-0.9524853311374263,-0.4460870590413143,0.9830460405267104,-0.9354525720762326
J,0.0,0.0,0.0,-0.4961687073477316,0.08442922349120781,-0.12960127845814556,-0.8694921131051269,0.28414917597018813,-0.3319644840881839,-0.9708710989280506,0.6470483883386521,-0.5154591472472801,-0.8161814704275343,0.8533139279203512,-0.6854522200228125,-0.8971412307259232,-0.5909736592090825,-0.5725445300566891,-1.2895122668565673,0.1178221482299872,-0.7769956604975037,-1.1095925573252068,0.4474924442928174,-0.7842810415283198,-0.951859992916787,0.3748049251904256,-0.7897886694786572,-0.5577020726151679,-0.5324690064201228,-0.6367457541301027,-0.9787633462810846,0.4075498936997535,-0.8773583735079747,-0.8175089905073861,0.6653795793037269,-0.8248736555255651,-0.701759599820067,0.5053005002356432,-0.78419684233807,-0.252152254489983,-0.2778308125425127,-0.6987549457912398,-0.6134672226573328,0.6593683365929378,-0.8963887952875959,-0.5423075808320296,0.8485194030181987,-0.7931310875950512,-0.48035998013226927,0.6993551378553301,-0.7185701145598633,0.0010894093353704234,0.029314312451118388,-0.7681681787601718,-0.2740533506433366,0.6874222073597737,-0.9370152118794671,-0.3302193906778695,0.8742144672727794,-0.9223799175917309,-0.3513648890926513,0.8593792547825417,-0.8995857305486781
J,0.0,0.0,0.0,-0.4820633756293076,0.11350140135188286,-0.1335914584285748,-0.839953056392581,0.3107520348913363,-0.33782259823518906,-0.9298874627329684,0.6418558326900172,-0.5220375407218081,-0.7655330284515499,0.8264417350396462,-0.6935387244729136,-0.8780104439224097,-0.596493449657545,-0.5706040142235475,-1.2485317791469468,0.12805672871102217,-0.7688706691159626,-1.0647513821817947,0.44667876185523325,-0.7822437645611223,-0.9153389248075863,0.35701924053799033,-0.7974343391966733,-0.5380727223653754,-0.5544134967146155,-0.6349042605834258,-0.9330636991150265,0.37152634550864894,-0.8641176332833205,-0.7799870365684662,0.6301282174467326,-0.8179604512811423,-0.6786058190014707,0.4734367907326167,-0.78858492160231,-0.2294720675348489,-0.3094101642400398,-0.6968553193412986,-0.5669163260225372,0.6112374014135031,-0.8854200039606969,-0.5046514735634496,0.8114640700831997,-0.7856164593020268,-0.45224522709591886,0.6728703142690351,-0.7197167790281909,0.028234991851643812,-0.003254053738198425,-0.7676856517932622,-0.22508261156679116,0.6387575877521445,-0.9338573911770267,-0.27386887122541453,0.8162453982406798,-0.9204195349791059,-0.29050768430779156,0.7900970256970847,-0.9023966348945062
J,0.0,0.0,0.0,-0.4795421658199552,0.1519797973350507,-0.15342239286422127,-0.8335135090485654,0.35550546947734657,-0.3533902965175555,-0.9413030081398093,0.6562735445448658,-0.5309036890800778,-0.7846111644360403,0.7848767030514313,-0.6936500921785078,-0.8924395440993343,-0.6363979007242938,-0.5265478009560016,-1.2480757778324545,0.09577348445203263,-0.7266966169571988,-1.0621089556031036,0.4471206505957771,-0.7562619793067688,-0.915863083707557,0.35892155489517746,-0.7790593324821766,-0.5467537728212248,-0.6079526649896809,-0.575720304520955,-0.9260726337413405,0.3110682883186392,-0.7948145946033208,-0.7781348467284239,0.6120021724624793,-0.7566180067871552,-0.6759239251408249,0.4723475164672889,-0.7300100088461621,-0.23545830340222154,-0.37573243326509703,-0.6272547592498626,-0.54302263272315,0.5626763260135887,-0.8073816498163623,-0.47995137076435623,0.7831757216123276,-0.705593053186827,-0.41810371353492176,0.6325849893782752,-0.6341851340416104,0.016850456351333757,-0.07229223421892855,-0.6904860330696381,-0.23395730409828105,0.5855958130038892,-0.8309109341194206,-0.2551974293397658,0.741373701735971,-0.7965256013020338,-0.23869149321431032,0.6614361173628095,-0.7617186845240327
J,0.0,0.0,0.0,-0.4547812870010128,0.14629337612957025,-0.1863988388631836,-0.7973577137466364,0.34921401362249443,-0.3837206451789834,-0.8663728035358127,0.6398954552069664,-0.5496196507348902,-0.6611877373964498,0.7432141485013307,-0.6979698132209655,-0.8345901663940457,-0.6674701249021152,-0.5280588573266983,-1.1588040308925327,0.06490090751607808,-0.7204142945965493,-0.9754236257365174,0.43540232684735286,-0.7523850245654315,-0.8350833875851482,0.36930232755841436,-0.7780544706659244,-0.48416277987663214,-0.6791806449902971,-0.5516339855852754,-0.828479239433098,0.2375281502419236,-0.7553217109087826,-0.6854114811285309,0.5338804164038985,-0.7250363710428651,-0.5924997201344241,0.3871035720446317,-0.705783720447414,-0.16363414150940517,-0.4676668647785904,-0.5798153417278838,-0.4299107129356849,0.48529046603919873,-0.7485828499773123,-0.40072184104783365,0.7123815542965214,-0.6594753099516197,-0.36972118241879626,0.5718042843509817,-0.5975256311409891,0.08968265996860147,-0.1729306294895816,-0.6225298730255865,-0.10791582131708369,0.4799463656687962,-0.7574711068586383,-0.12700410838884033,0.6042206898241125,-0.729957088392233,-0.11322334808221374,0.49376822774134804,-0.6998841366769333
J,0.0,0.0,0.0,-0.44696521936902334,0.09504422206077674,-0.21908501568931366,-0.764125699849661,0.2756467391642952,-0.43019918223694353,-0.8547584517116207,0.5454802405475941,-0.6078990583696863,-0.6255933195436576,0.6567684047281386,-0.7632125282779731,-0.7937633404480975,-0.7454864512303805,-0.49190706827739317,-1.0912184898238502,-0.03299397828421815,-0.6879682947021426,-0.9239597119491535,0.3154103668961008,-0.7365123033678856,-0.7990271975740983,0.24672871707564092,-0.7695921704994435,-0.46089067589058397,-0.7336295129644705,-0.49936712205013484,-0.779313482896465,0.1790183640407335,-0.6947996232920925,-0.6427033360563206,0.4972681956986854,-0.6768436358517981,-0.5476310546908353,0.36758715728166746,-0.6637209064208867,-0.15545830040484668,-0.5221149666581141,-0.5182772969438424,-0.40718670651825645,0.36181019128480674,-0.6796659912815097,-0.38292823994444025,0.597060086334818,-0.5945962104446776,-0.34099326687082626,0.4857163168248206,-0.528681866777771,0.0909699767984268,-0.24544260857872394,-0.5583091134569328,-0.08085784822409058,0.3185295692384307,-0.6733751892671731,-0.10899209180743998,0.43866582453485414,-0.6368320511239625,-0.10237334666932182,0.3565974910619026,-0.5951608611786073
J,0.0,0.0,0.0,-0.42913324043657003,0.07722228256081663,-0.2245498482766163,-0.7260510600864619,0.24165797637198091,-0.42529469827614047,-0.7854956980985912,0.49073110931350544,-0.5936279461678501,-0.5372326473834591,0.5981530991758721,-0.7352873808183749,-0.7567322799884258,-0.7746199060018757,-0.4418378868058864,-1.008938509907376,-0.0653757321915321,-0.629541491294387,-0.8344879726533413,0.29941697659058414,-0.682637191484035,-0.6925417699257499,0.26608228200518286,-0.7172384343361032,-0.4248869248205,-0.7901958591028458,-0.4416577921573376,-0.6958516964769893,0.09770392452831658,-0.6269821023171332,-0.5618473584275313,0.446128641817133,-0.6283718641935422,-0.4659431774624321,0.3389377848768066,-0.6295881474938918,-0.11507859011627197,-0.599267434813768,-0.4553773784253415,-0.31592192937672126,0.2697558347742937,-0.6185743630281069,-0.31344133180820766,0.5498571447699006,-0.5660285701622721,-0.2947028960571955,0.4892080378725816,-0.5204656551556521,0.13606047590240325,-0.3393015829407168,-0.4906260941896901,0.01887986504085533,0.18974105408473815,-0.6057850223290504,-0.020214765069411868,0.3047747923849116,-0.5887543065875364,-0.03672452954463231,0.23872233049301192,-0.5621511650297633
J,0.0,0.0,0.0,-0.38935711486434776,0.10971316794048927,-0.2299344643462635,-0.6592322722414147,0.27148337358168906,-0.43299952334274366,-0.7106452212740785,0.4650298457421067,-0.6042849942677804,-0.48645423362195006,0.5165918677098763,-0.7461286858510194,-0.7435079487250482,-0.7456882239620325,-0.4271602345301544,-0.9605723476196479,-0.1064019772866207,-0.6340669089135849,-0.7831865849039934,0.24708554886170894,-0.7081250311654574,-0.644732255348385,0.22810966722876552,-0.7536405746667169,-0.42304542561063424,-0.7986462170362355,-0.4280149388556754,-0.648790816143277,0.017068182581113308,-0.6303134713376045,-0.5105921834382424,0.3798853013328959,-0.6425809037686634,-0.4207802523343745,0.29197187756400733,-0.6431021158946288,-0.1170566812156944,-0.6462789706111697,-0.4465423900478984,-0.2629526247336236,0.1848235328691104,-0.6232188029058663,-0.26275391652752406,0.4812060975444537,-0.5726787745103004,-0.2585071762203795,0.4302605890941788,-0.5224032586573786,0.13767269937905047,-0.4181943717010878,-0.48786371136965573,0.056750996813172375,0.09585657122700794,-0.6124748557622787,0.02701061201532062,0.19675237587581468,-0.5985400458945042,0.011297121375874838,0.10898033742430223,-0.5696426250929232
J,0.0,0.0,0.0,-0.3664943297961992,0.09835533806710821,-0.20618549482002213,-0.6187275147065227,0.2514225808293354,-0.3972863342853193,-0.6768795676402959,0.4284674794046181,-0.5608020394692957,-0.4798368115612417,0.480272595927901,-0.6956897196758334,-0.7505084168764361,-0.7288012911573222,-0.39927760433822806,-0.9655123594814031,-0.11770048671378479,-0.5934099433970931,-0.7876899196656819,0.21514264525312649,-0.6627930400602109,-0.6534434972836585,0.20374177142086095,-0.7064566740213651,-0.4481764805794899,-0.7958172497192337,-0.40720111407595244,-0.6724317285345479,-0.00463944229878694,-0.5930374219533879,-0.5179581054328427,0.33566250521397706,-0.6029110747960202,-0.42135090457899155,0.24589060311785685,-0.602569761448151,-0.14628839275665415,-0.6574597453586217,-0.4300176593776563,-0.2868143356108763,0.1524164692909206,-0.5931718103040611,-0.2678873915766156,0.43208052210702463,-0.542349466555848,-0.25426034024138977,0.38118955280440237,-0.49383978786300864,0.11320958527424775,-0.4360348378367631,-0.4734593691017554,0.043656497226060076,0.046343296546629206,-0.5946706859560035,0.03225917160107305,0.1062344548933141,-0.5842044421773246,0.02999735074317873,-0.01270500128926306,-0.557264033286722
J,0.0,0.0,0.0,-0.3554077406272277,0.11874337753199629,-0.1980119466777651,-0.597799305117849,0.26517709634656433,-0.37504289634832993,-0.639267998660946,0.38806104807523845,-0.5259500825540024,-0.4253013136247314,0.37221890494783727,-0.6433560484335846,-0.7578123131002592,-0.7014285814628163,-0.3692982943329503,-0.9438195272647267,-0.1415763937464892,-0.5501611505355967,-0.745665597642153,0.16577067979680438,-0.6057995942848553,-0.6204244419255307,0.1500682056458544,-0.6399883711088081,-0.47376381902629605,-0.7958342144996927,-0.3770885132343278,-0.6437237947557496,-0.07144942043285603,-0.5573232070553432,-0.4767924549375829,0.2700755642139079,-0.5604774367749119,-0.39390363491518277,0.1939480837669121,-0.5513460940888558,-0.18378364693804097,-0.6883320241615348,-0.40163738525199016,-0.2800435673771167,0.042994070559444944,-0.5727452605481469,-0.26253003669763103,0.3671929872060797,-0.5273263169230159,-0.2526509700365922,0.36912159458965743,-0.4757636783960286,0.07049865055661476,-0.48857770151643487,-0.4457344617785647,0.04520603737254504,-0.11963104115974131,-0.5820436105180604,0.031585296061082825,-0.062138310008283404,-0.5847613166841521,0.02654050831364748,-0.15410870694356882,-0.562397459852628
J,0.0,0.0,0.0,-0.3207743208549761,0.11715530502353175,-0.20938221810423135,-0.5437017374523988,0.2596959657203637,-0.3901421364585858,-0.5899667223574436,0.37179394119415976,-0.5411784782125837,-0.41879190119891097,0.3562292600274948,-0.6565944762609315,-0.747742171946547,-0.6796529565868297,-0.39057268484032387,-0.922957142075548,-0.1337264708643193,-0.57885835665352,-0.7311343344309774,0.1602842505401309,-0.6362477323033636,-0.5994613245558085,0.16643485439430672,-0.6698858191883986,-0.4688627947517538,-0.7905807236384658,-0.39389059281589184,-0.6373810586696163,-0.12085868578058487,-0.5799828400811862,-0.4730630767021038,0.2219067216493221,-0.5841811356491522,-0.3850400557227291,0.17712770356617524,-0.5737647756252758,-0.17770757442366653,-0.6978429476712777,-0.41475261200380886,-0.26814221641589636,-0.0006498526368670594,-0.6064628452467309,-0.2595599749263802,0.35014527638250637,-0.5653005710889645,-0.2563541065572037,0.40588775003768435,-0.5109872995590947,0.08251142105827627,-0.4987207195606608,-0.45410968477076713,0.07616126217382808,-0.19951851139623053,-0.627614876262716,0.06164355732219088,-0.17915243841007963,-0.6491858047637636,0.051759012981976896,-0.2781066744474063,-0.6325093224569613
J,0.0,0.0,0.0,-0.30087176627710666,0.14558332155045833,-0.21256444593779347,-0.5342776171595418,0.288972282690224,-0.3879418305922826,-0.573270698355769,0.36178343875541,-0.5327077477400587,-0.3830388959104249,0.29482057540875767,-0.6420528564830255,-0.7473683459670704,-0.6569258703662859,-0.3759000313887148,-0.8934564851767138,-0.15416787017335376,-0.5541313057914942,-0.6886887002709989,0.10791091750632825,-0.6145842136351898,-0.5635159909326698,0.10667866804679017,-0.6518762020401991,-0.4814499425385997,-0.7931320310146212,-0.3730248439557359,-0.6178632682304012,-0.17178175429868894,-0.5410970491948578,-0.45333950003195744,0.1706447007078459,-0.545495922280447,-0.37508525901081297,0.14839829428596668,-0.5383723065466404,-0.1975711537934848,-0.7256931147573615,-0.38812383567663467,-0.26042382148017346,-0.07899947606742032,-0.567302544387752,-0.24344364462913445,0.28485899721071994,-0.5287895622943871,-0.2380801593099056,0.3650991093907164,-0.4776068487430135,0.06152845931225964,-0.5469854563918815,-0.42293363226734293,0.057418705055087386,-0.26836936599527494,-0.5891576840185534,0.04446294458820189,-0.23890102136778774,-0.6111470836650955,0.0381126297614958,-0.32204835946671106,-0.5950670374565746
J,0.0,0.0,0.0,-0.2969776004252792,0.17145883122819403,-0.21315971274625764,-0.5379832160055834,0.31729181883857444,-0.38771310871203846,-0.5784204564250802,0.37620241249249836,-0.5326888021662779,-0.39262116768233307,0.28602488153071076,-0.6428418140284891,-0.7825123705436863,-0.6169413708784227,-0.3647109087192449,-0.8917374255472108,-0.14694498009817622,-0.5434957974114094,-0.690650130251866,0.10384596581962104,-0.6130463620727092,-0.5765979112061315,0.09937851273646015,-0.65661682452617,-0.5264115441794581,-0.7700148864573569,-0.3605106944164931,-0.6049640427969429,-0.1717978958832071,-0.5241287281957638,-0.45082746065491774,0.15841618293776036,-0.5355499509859651,-0.38342411161335754,0.13498291864996254,-0.5343305468284048,-0.24474754009206065,-0.7219726090255164,-0.3752338718873747,-0.2580270392928787,-0.10136462902611638,-0.5514189619817156,-0.24911743211882628,0.2652823250069231,-0.5202528571516614,-0.24727627614694364,0.3611348270449606,-0.47385257882583554,0.012573308364883873,-0.5574781251002686,-0.4102516392430667,0.03003935459676792,-0.31784694270342856,-0.5750212860583712,0.02260435879970629,-0.3137919795114649,-0.5994243813989567,0.028505421444800616,-0.40650682492206597,-0.5843575229339554
J,0.0,0.0,0.0,-0.2876891628409951,0.1586221956396029,-0.21837497465438188,-0.5132779089331007,0.307726623221334,-0.39825758809951217,-0.5472169769747378,0.3799943091296217,-0.5483262378417711,-0.36949306521535846,0.2928519352352512,-0.664616986886285,-0.7743367945318255,-0.6226287987383403,-0.37516530558611527,-0.8607665620553374,-0.13622992772638576,-0.5634753825038709,-0.6531604750679123,0.11330953752434862,-0.6364249640399953,-0.5440464862505603,0.10459588579866408,-0.6804126311231795,-0.5141954976173354,-0.7735562511656765,-0.3704236986378783,-0.5667916165746608,-0.16028899467922772,-0.544650721943013,-0.4047658360373841,0.17805905784174944,-0.5579195931277005,-0.34813171192248554,0.15094985406586947,-0.5570905494820473,-0.2253014780215026,-0.7278719893994589,-0.38562738323692985,-0.21666894072553977,-0.10150299552169333,-0.5727646684902973,-0.20654178953318814,0.27409048975567923,-0.5426047056236423,-0.21574944863410936,0.36527775035671484,-0.4950792634354918,0.03700282154692085,-0.5686256226156253,-0.42071629224465396,0.06209851334169394,-0.3336185248876355,-0.5893716034403471,0.05396466873098781,-0.3316196545003412,-0.6135798682341393,0.05426145383756894,-0.4361940171561008,-0.5982819283749192
J,0.0,0.0,0.0,-0.262256460514832,0.1557632271122003,-0.24348953357415984,-0.4684983765179441,0.2988036806340113,-0.43353877298967364,-0.4780280687014886,0.3347882546587649,-0.5868728339280715,-0.2979219712781537,0.19369747212723873,-0.7008181031028422,-0.7605549135106594,-0.6085805446221356,-0.39800585713928566,-0.820696969847693,-0.16921775752790524,-0.5831931990533704,-0.6272802445811906,0.07851779544960537,-0.6450939565753421,-0.5259994821393603,0.08642653102778043,-0.6792129828353982,-0.5095701009448329,-0.774448786114792,-0.3749231786758427,-0.51618385741679,-0.21445430185446934,-0.5433472033205402,-0.37687795654323347,0.1264508924867814,-0.5469488009393131,-0.34506310000320656,0.0877684693318435,-0.5387585262439964,-0.23014760482510646,-0.7533403385902001,-0.3728826862921796,-0.1833380714173521,-0.19852908382699005,-0.5586161809627966,-0.17248574317671148,0.17159193390484465,-0.5173270181642909,-0.1830584769295691,0.26187977860573747,-0.4596493473994436,0.02837459113470932,-0.6224079397115275,-0.39282770528549826,0.0672180584098643,-0.47222731134805157,-0.5698563547255164,0.06258479890469162,-0.4917675233298854,-0.5923224776473143,0.06826527733113294,-0.6017352332098843,-0.5709159256443778
J,0.0,0.0,0.0,-0.2555089868642767,0.17685471429783292,-0.2591072946191807,-0.44932231286973906,0.32457362432875,-0.46275053978264824,-0.45660438091771827,0.34892047737232396,-0.626875178246756,-0.28629981976460567,0.19544952445137817,-0.7518777846237658,-0.7657117583217948,-0.5765802687423343,-0.43358243450179484,-0.832636996791387,-0.1429861596748747,-0.6293785792507187,-0.6389883625027277,0.10090561543676486,-0.690846105145624,-0.5398042607460009,0.11049322267238952,-0.7230229846933475,-0.5189706861466274,-0.7518620829937613,-0.40666058952986944,-0.5390183176893845,-0.2156938590296835,-0.5900856994239823,-0.3895374814991082,0.12251209680910283,-0.5936185322936607,-0.3592076984972699,0.07956029428025431,-0.5821907811967653,-0.23999667840403308,-0.743282832298615,-0.4010725865424611,-0.1914560762259975,-0.20426538369480737,-0.6041239663221807,-0.16330060048970832,0.17298134472964632,-0.5622205344822422,-0.16650622263972278,0.2588319355671588,-0.5007721284700264,0.022015965526605313,-0.6217340444275932,-0.4175672151877782,0.053825077027747685,-0.4990955680908645,-0.6155698233685927,0.058919946374121984,-0.5308396430213433,-0.6470790279219422,0.0761269717091191,-0.6613667367148572,-0.6291674638793552
J,0.0,0.0,0.0,-0.25858133413975304,0.18108247234014738,-0.2573049486184031,-0.458146881908746,0.3225704856323749,-0.4587184495082052,-0.4576168956053768,0.32801899113645183,-0.6206688244191166,-0.2790695077095806,0.16170883089653487,-0.7438048626501653,-0.7689680251420853,-0.5748256363287509,-0.4288382699428781,-0.8258912176595266,-0.15370261521562031,-0.6217325918480758,-0.6297652108309885,0.08503337391842948,-0.6845159922803441,-0.5336840354214417,0.09269189796341315,-0.718706910887483,-0.5234450322662955,-0.7516559029698324,-0.40127135672303194,-0.5318078180351292,-0.22703519181927315,-0.577596661407276,-0.38578076776427667,0.10833716237527241,-0.5803414634796423,-0.36033469476314783,0.060246311176177875,-0.5706285802052251,-0.2462836757300176,-0.744536172079787,-0.3950970019686977,-0.19104824829539407,-0.21923919496930855,-0.5904255949279272,-0.16461566471768863,0.15845230062771093,-0.5484371042616001,-0.16438310655592925,0.24699151747483078,-0.4891959913714259,0.01380499043601579,-0.625363288655248,-0.4114076132765388,0.050298005723230836,-0.5165451862638002,-0.6047247714576817,0.05441903945421081,-0.5472089250173089,-0.6356870839595083,0.07339658737847206,-0.6701839339054397,-0.6186922232450005
J,0.0,0.0,0.0,-0.24047943646182923,0.18254241824754444,-0.17542543134908906,-0.42294196346064133,0.2829772545465397,-0.32935591287017135,-0.5143819680837659,0.4006057258705568,-0.46635967040413356,-0.5869295670860796,0.5802050024296919,-0.5795869486983681,-0.7907024357481133,-0.4940878604093835,-0.337127788345907,-1.0071410957028606,-0.3493034307098433,-0.530864463093968,-0.8439838419153303,-0.09243056958258779,-0.608614078369788,-0.7061267333626429,0.08219828879954673,-0.6367041442609499,-0.5790282649032369,-0.738697775376297,-0.3450389327268111,-0.6599638681903277,-0.48047721810278105,-0.561748595622317,-0.49335239945534914,-0.08212661740853593,-0.5972498366536698,-0.4078247798625099,0.11370586869447016,-0.5864463478629954,-0.3110131703223605,-0.7841631784105363,-0.3701146181626434,-0.26923898813320774,-0.4530259216814025,-0.6017894333404396,-0.17236983958900734,0.05042868291374478,-0.5946939295783626,-0.1365295294266402,0.3494395630903548,-0.5375373652235355,-0.04336306626592743,-0.7054177345821507,-0.4054813491538245,-0.015265285245149664,-0.7604954680775892,-0.6203526120282975,0.03421450882986056,-0.9094182356198597,-0.673928058369098,0.06643721634655977,-1.1118447060079046,-0.6676607052724683
J,0.0,0.0,0.0,-0.33327671055924274,0.19857573455795513,-0.16086527387757416,-0.5876604867403189,0.3347608461692854,-0.3374503853689421,-0.7020110941607407,0.5339829071223153,-0.507370579361811,-0.7507594287252037,0.7532057223784482,-0.6611317150036183,-0.8878861412902128,-0.4750227305203677,-0.36617978051264716,-1.0409563862170004,-0.29863628964243244,-0.5770591847229293,-0.9035752257606918,0.08385279943218558,-0.6688572992557786,-0.7731140416566328,0.3625301677299151,-0.7044259518302841,-0.6279382941301845,-0.6682081949471567,-0.3989878531613922,-0.7272339242261848,-0.4394690285564244,-0.6527763362815242,-0.6547103812151395,0.02529298293038995,-0.7313115341752283,-0.5742844342308614,0.3260213517604387,-0.7508319282360844,-0.33343110436447193,-0.7165839142945304,-0.44258221630730116,-0.38830890174770666,-0.5661195320375649,-0.7002326649572563,-0.362829611208772,-0.10202181642967413,-0.7259733755472237,-0.3278919031511666,0.23339872543066958,-0.6908500067824922,-0.05910896392821591,-0.6644706860624706,-0.49158826920912413,-0.05777289686508761,-0.9185150546326101,-0.6972404583846844,-0.05012249693335085,-1.1002874529655877,-0.7505508855086886,-0.059981274552173565,-1.3084613357486221,-0.7526552558232575
J,0.0,0.0,0.0,-0.5111749122442378,-0.06343712484812959,-0.2583565127663857,-0.9163623241981332,0.06602763125913877,-0.5530037332944058,-1.2259327955863544,0.3116373706585567,-0.788971991865676,-1.448664041277661,0.42643231745340665,-1.0128800459821112,-0.5701770680932858,-0.36629292653699635,-0.9593546363782512,-1.0167495405438254,0.8197438679764281,-1.1504405475631685,-1.0232271830359663,0.9357523059784755,-1.084725786711693,-0.9786889173924891,0.6923036160292618,-1.0196636077355947,-0.14713801121608525,-0.16435840946559185,-0.9753649157588743,-0.6168488538946079,1.2866632404097187,-1.1339622702124375,-0.6379514329526216,1.1550082538023452,-0.9410104924146384,-0.5962927312899261,0.7586679305339548,-0.8358117063503897,0.1915466138925501,0.12882414947406767,-0.975219698741679,-0.21809503756507845,1.4448817918004182,-1.1116744862951256,-0.29554319575946864,1.2580834302539983,-0.8623897240122043,-0.2632827192153112,0.8572844627950973,-0.7215286667469607,0.46000016009170674,0.37548165374068015,-1.0004425181638767,0.11085605564408278,1.3957855012210134,-1.218816289814093,0.06007249473597718,1.337764214058727,-1.1585863275258206,0.11364862706100914,1.0831832288652636,-1.098141567933915
J,0.0,0.0,0.0,-0.5271446799684517,0.10548533254495597,-0.37200004542738324,-0.9142569496365401,0.05077252409904825,-0.6329767284773046,-1.10549878743913,0.06954940478006746,-0.8236378969694236,-1.115645410331293,0.09026505846845101,-0.9801521427541213,-0.6687879026085786,-0.6903472396442089,-0.7067747866988023,-0.7292357193862004,0.2920926874881196,-0.9418041865848021,-0.7364549309325473,0.4737616070746744,-0.9565620768885812,-0.7849018333914535,0.2801995834441125,-0.9500973107730205,-0.2489561205351322,-0.6998904873854818,-0.6694581060196446,-0.3256803443954902,0.4053405863042669,-0.885763171408937,-0.3417807670592169,0.5259526516579659,-0.8259822042139008,-0.40669206510507794,0.18921541232398142,-0.7637115784218785,0.1186411304576612,-0.5717760952682388,-0.6522303751840833,0.07216629535566178,0.373771654141597,-0.957487863648815,0.008837724620018212,0.4633841886574526,-0.8944465416125394,-0.03322866681196494,0.24982517100583979,-0.8136305667641216,0.42321104530590853,-0.37230036098086816,-0.6635980740080164,0.659892648976426,0.2811155177947879,-1.0266432852926313,0.8880880438805969,0.45734545432072976,-1.0895993896485305,1.1106433306738581,0.43347363219103524,-1.068392587681354
J,0.0,0.0,0.0,-0.5021247678857629,0.07406056950099674,-0.3973287005981467,-0.9093309118254207,-0.04983933682535333,-0.6485003548568012,-1.0832201711037404,-0.0580984959154567,-0.82604091946428,-0.986840510812721,-0.014638980534399552,-0.9690553060666641,-0.6430357428290743,-0.7394440202053499,-0.6889587652071074,-0.7883778945675199,0.19806376561944328,-0.9179732499569639,-0.7543895165513604,0.3280143969096436,-0.9481907680631774,-0.7326072196808694,0.11255815058380923,-0.9518115000610179,-0.23780663705285604,-0.7428818711427252,-0.6257591620592501,-0.39050337970213594,0.3650225481332642,-0.8360541605594503,-0.35172678203807584,0.3931728171861876,-0.8014749962324359,-0.33622884180403423,0.057535544191433086,-0.7614958661674258,0.12105518919510445,-0.5886319809053627,-0.5849542725849146,0.0347076058541992,0.3984754736557634,-0.870138394632669,0.06588994451840463,0.426882402192078,-0.8335895699845076,0.12883814210086697,0.2151396698201881,-0.7713844105493021,0.4156841790177751,-0.3626636507384377,-0.5776002406015268,0.5947533542984391,0.358148634826342,-0.9168095630135394,0.8239180787458906,0.5386097630195442,-0.9940161115393965,1.058841097317231,0.538171116759602,-0.9863806036939968
J,0.0,0.0,0.0,-0.6026840851885252,0.2304479800981504,-0.5555087661987201,-1.048241095070921,0.27875208762677395,-0.8845496866969802,-1.2851315145555284,0.34846010153183044,-1.104714542389824,-1.3231770756553274,0.4083552687565136,-1.2748561220066412,-0.5802179516302527,-0.4946206700369973,-0.9880893210576351,-0.9022559402288101,0.6804184206729279,-1.3013623589760366,-0.9579489183782229,0.8248583875125298,-1.3450171445627763,-0.9389526505143246,0.6144049853900823,-1.346636281462456,-0.1316880814321417,-0.46836852491776393,-0.8736642227280911,-0.4529392881596387,0.9095447792018763,-1.191385659422033,-0.44319007192566806,0.8799136280797535,-1.150753033415789,-0.3806422029827101,0.5088506735169743,-1.1159214547624996,0.26157731294706105,-0.2818100751613254,-0.7883535647672804,0.010866475153239675,0.9569397165683855,-1.1660501366793574,0.03563304998551267,0.9519111915607774,-1.0880772586768528,0.15329606383487518,0.7146819829426203,-0.9920504596580194,0.5980258779140356,-0.06911441636226373,-0.7515083117842514,0.6039922354470024,0.8465884715826848,-1.1486673448983977,0.7354510179731885,1.001875996415785,-1.223934280842901,0.940772137333083,0.9449479570341683,-1.217205647759448
J,0.0,0.0,0.0,-0.6568855169094756,0.09974860307897435,-0.4966037875811715,-1.100866670128809,0.14470473263592837,-0.8068538019156329,-1.416143947631829,0.1949459111630025,-1.044049416964748,-1.601992166620376,0.09885536398862911,-1.237272674604475,-0.8143230391145987,-0.6905405495721989,-0.8209152769788796,-1.089936888867405,0.4337395150268452,-1.1830944942779826,-1.1467322627897438,0.7000251691661868,-1.294215518688491,-1.1310047651942134,0.6057501809516618,-1.3421686521227667,-0.267907137162494,-0.5715450623926567,-0.7756042853878328,-0.5122998624113623,0.9097796253033296,-1.105991017400911,-0.5379901288329297,0.9218992696024895,-1.1015373726012425,-0.5380017611445929,0.5118700791067547,-1.0886809897206267,0.25483211273963036,-0.29303078756067924,-0.7740037711370205,0.05545184192524296,1.0832939205673426,-1.1608712689589684,0.03187008504935685,1.0395190828711298,-1.059581843754822,0.09715551591848275,0.734272531383337,-0.9462920819744289,0.685152952591364,0.031071435019641047,-0.8222058513465613,0.7111279045352141,1.1053004175532644,-1.2584447828136631,0.8335224756281193,1.1826197809514005,-1.31970267882615,1.0340127138659447,0.9967336038932155,-1.2885384914266687
J,0.0,0.0,0.0,-0.7146440856343088,0.1412028980557618,-0.5022882435615885,-1.1834594222152592,0.19114152510846427,-0.82445789674792,-1.5136110279631307,0.2642633350347025,-1.0652029045376692,-1.748270387560829,0.3463294328101541,-1.2641046243000018,-0.8077090621915359,-0.5578162664514345,-0.9381483177107286,-1.1804447684258796,0.6931732185906109,-1.2735717279654644,-1.2205918827185045,0.9257165532629504,-1.3256443243113196,-1.19685798798097,0.6968868407674219,-1.3373321414408863,-0.23828521892765694,-0.38411886090983727,-0.8920049636262838,-0.6314978779650954,1.1262483895458815,-1.2065506896504221,-0.6217715604626795,1.1401763533413554,-1.1246718715213788,-0.5719956081153927,0.7419580776459432,-1.0651428026595122,0.2682778584007217,-0.06758460116733007,-0.8817055233900479,-0.03197137823084737,1.3009679188145702,-1.2492018660269888,-0.027467263554887322,1.2689388678557911,-1.0867864528079507,0.06415714855900558,0.9491047250716342,-0.9434212976128633,0.6944078537825807,0.24921858901303193,-0.9209741472576173,0.6632658344544885,1.3432276102064273,-1.3287815326475536,0.7859350998874585,1.4319984760426627,-1.360857442697777,0.9851385827955309,1.226991988325215,-1.3227139855426662
J,0.0,0.0,0.0,-0.4075079663730712,0.07974143339494073,-0.2364593676715793,-0.6507854889731183,0.30513854644808175,-0.5781816925802917,-0.8341966425887739,0.5409830457101047,-0.8730223906938842,-0.9618955292437513,0.6475622407319247,-1.16135551896388,-0.3649585954356397,-0.07216878198953869,-0.9447952814604865,-0.47265013845834136,0.8790397441386342,-1.1771186815401389,-0.4373102077972953,1.037391779467359,-1.1540253794649764,-0.35838984088468706,0.8844115276175669,-1.1124174401939568,0.061241939274971346,0.047193841389161106,-0.9970066028912624,-0.16258207542416994,1.1372893149459447,-1.137185499654631,-0.2272766360015778,1.1293855201016414,-0.914628047368906,-0.25689047974637325,0.8581418540287756,-0.7790671206744634,0.39297640352031116,0.24290718531767144,-1.0379920058586856,0.1857055523049618,1.267259217599519,-1.1320379673142142,0.0667094804396657,1.2027608489317763,-0.7881028047683124,0.04177907829778187,0.9321384943548984,-0.5800878829307516,0.6456978608593757,0.43959057687217595,-1.1117563781237632,0.4848040157044119,1.2462045521157625,-1.2700910434536754,0.4131549975254954,1.2114939498732331,-1.1254800133394465,0.4275533903873591,0.9939039832094639,-1.0027866926884368
J,0.0,0.0,0.0,-0.6029432878367591,0.1508970558685991,-0.5138957795825544,-1.0455136212769216,0.15485495093707524,-0.8307930803761495,-1.2860624080274454,0.20181120456486346,-1.0557103389613185,-1.2862588408889088,0.3153863006179156,-1.2286058173105836,-0.6744144761201978,-0.5779585607161923,-0.9150317659640529,-1.0198748749181874,0.6346197899228466,-1.2437961521595662,-1.0351986251499556,0.7420004381394012,-1.299473655815062,-0.979690729348108,0.47159357258391005,-1.3049337513212038,-0.23603735977474447,-0.5018527491247848,-0.8321238988194388,-0.5668825291823137,0.9041330562761889,-1.146520512773348,-0.5270075098927745,0.8367230890172562,-1.0852632655609777,-0.437764824897221,0.44785415032351716,-1.0275463516552155,0.15646161278083734,-0.2676718502083803,-0.7845922558705718,-0.07956439249324451,1.0065886898303278,-1.1526776326889172,-0.04943068318469177,0.972365089383096,-1.0411207991286473,0.06230328058591497,0.7077915985430308,-0.91617679639025,0.5049528116681993,-0.017883338543641648,-0.7885884014131552,0.5159655418608837,0.9118461685763132,-1.1731233272039685,0.6478957559601097,1.0733894881287105,-1.2291045637521896,0.853585374088811,1.0271709931814765,-1.203639683184852
J,0.0,0.0,0.0,-0.6765228443311289,0.09982491342873599,-0.45402481545237655,-1.1193257816498994,0.16598162743223285,-0.7830002657395033,-1.431984408608093,0.2568118638009145,-1.0421779122247474,-1.6376804638594,0.317480584952974,-1.2703232510157179,-0.7851952414219785,-0.5522732936395353,-0.9150517536280662,-1.159092429533388,0.6619219921685934,-1.2505461994857645,-1.1803350020523817,0.8778363841180222,-1.318798968852572,-1.1394057706295562,0.670978966849353,-1.3397612020783922,-0.23055585971762008,-0.3854598097425917,-0.8934566193291502,-0.5920213133129112,1.078378532777948,-1.1792287078297794,-0.5928241586307248,1.0629085677304764,-1.09460746765805,-0.5610279416315784,0.6531404706931088,-1.0374045860735812,0.27200790254557955,-0.08323023202314035,-0.901311311006398,-0.017940493241124247,1.258584783604536,-1.2215640637356302,-0.031216604822193145,1.201392513992222,-1.0267781846908157,0.05811940479104454,0.873829181280308,-0.8692697207806014,0.6921467211474017,0.22601454639650687,-0.9576001887733633,0.624939192865245,1.3024362009711268,-1.3291044916816317,0.7274352694719635,1.3799906311392331,-1.3235593926778813,0.9211631577965173,1.1801282594581788,-1.2599971150033364
J,0.0,0.0,0.0,-0.6398270010972149,0.1308586734504255,-0.4663594834403533,-1.0687604596441347,0.16827196951651796,-0.7693780920745262,-1.3928540620839593,0.2160440467305402,-1.0007745800423402,-1.6547426210475875,0.19223804750612797,-1.1970449123468219,-0.8287741060188164,-0.6171815729204866,-0.8552829923232108,-1.1393786652912516,0.5130822315523984,-1.2054078242286674,-1.1585857099155081,0.7532852331306159,-1.3001984499955341,-1.1110365995530114,0.601620231903629,-1.3415652703021033,-0.29436348530335626,-0.47677714994537257,-0.8282715060956936,-0.5848757523439939,0.9634295348438012,-1.1518729114675252,-0.5642920905190233,0.9826540316642636,-1.1280631509939305,-0.5216250815951242,0.5952561982872137,-1.1100056945697456,0.21068110719648012,-0.1858195510015532,-0.8378761567825764,-0.013054844561787118,1.1583188116735337,-1.2138985433577267,-0.004538774613239222,1.1383733586098121,-1.093895963422112,0.07969094047464213,0.8414615517604785,-0.9804177215430612,0.6395592001554367,0.1242473000877835,-0.8925528343454912,0.6106198480470506,1.2056918955743,-1.3201380355105314,0.7292857552482672,1.2974164262327568,-1.3701485073379112,0.9186005598899283,1.1076237924949792,-1.3421354756781367
J,0.0,0.0,0.0,-0.5297327234446124,-0.010710674379379274,-0.19438811123134955,-0.8964442001602612,0.1726669178274619,-0.4719900752110754,-1.0903347523428115,0.4713051422905687,-0.7156760812086105,-1.1543001674885436,0.5000469583796625,-0.9622459657454433,-0.8312588596835501,-0.34719930766733065,-0.8198706565983442,-1.058983060358048,0.7158380421465331,-1.0180622979871252,-1.0208694900005404,0.791378674515471,-0.9787236534860432,-0.9681193328685542,0.6048873092869395,-0.9399868479683554,-0.40746696002497623,-0.23603644372879912,-0.8821890238037798,-0.6325346022362711,1.001420937392292,-1.089412597829666,-0.6282002173752558,0.9436494293809827,-0.9682174441757372,-0.6200465577488983,0.653941534319762,-0.9009861372006298,-0.037989541182982846,-0.016935703225490893,-0.9308929579530165,-0.20867931497374276,1.1360639886194672,-1.1376207013259487,-0.24806338344372353,1.0343838644652985,-0.9764908995084851,-0.28301764239258426,0.7031467911887215,-0.8801663413801214,0.26167730161866276,0.209981621306251,-0.9912351536752403,0.16973506951748205,1.1452737269182067,-1.2291541177070404,0.24613292197455477,1.1868747596737856,-1.195458228556539,0.31740530311981596,0.9893910228078681,-1.1578292186733044
J,0.0,0.0,0.0,-0.5380986282379914,0.011941695177114027,-0.15493546451091608,-0.9857191120098563,0.16394037822872243,-0.40238296540046226,-1.286520920240665,0.36667981665056687,-0.6234974115469829,-1.401887378917885,0.345535018793038,-0.8338021767436106,-0.9938104989250345,-0.35203932596133397,-0.6416981324773788,-1.231916657608582,0.4837389470739575,-0.841979757127905,-1.1433421689023562,0.5706667605488542,-0.8231072370997627,-1.090430578016444,0.4087046324280147,-0.7987079358361321,-0.6536452732624821,-0.2823338075522136,-0.7021648509108703,-0.9254330798857534,0.7629225933140632,-0.9172071571437589,-0.8284484284180124,0.7251458556595075,-0.8283050432617102,-0.8040552766884311,0.46429522032617915,-0.7686078165237916,-0.3498118947339179,-0.0978787837192922,-0.7543225989154982,-0.6313987588820734,0.9056405795645674,-0.9467020223162381,-0.5682727419437728,0.8005969387268845,-0.7905454543077965,-0.5363593600224377,0.5006916625657927,-0.685644302673699,-0.0938040924588682,0.1398826010877906,-0.8140072266080473,-0.35895160221779016,0.9460895147465728,-0.9844743603041568,-0.34161131609220274,0.868073825999506,-0.9280765335705223,-0.32570692116906164,0.5972903432785586,-0.8743735026520639
J,0.0,0.0,0.0,-0.4514232831466945,-0.07136973481045678,-0.16590157347092804,-0.850854409042056,0.10826896697808343,-0.42158441331426,-1.1244721196890313,0.35683440484936846,-0.6391008532274929,-1.2040690692090004,0.33038782710308695,-0.8539827257310163,-0.7767837179654685,-0.23726960327766577,-0.8289095124367619,-1.0024595012172037,0.6090864858738888,-1.0220554046421624,-0.9668031722178061,0.6474365438807976,-0.9592445045232585,-0.9275026370452722,0.4863179702761917,-0.9048481718950028,-0.435110248556559,-0.12339858429785795,-0.8918810800742069,-0.6882640690796037,0.8821249039453632,-1.1056842379001903,-0.6347362120287904,0.7833623764524422,-0.9734771078597598,-0.5829647641368373,0.49916210604329453,-0.8868048574656314,-0.11164928555444646,0.09715233133536288,-0.9367353002100116,-0.3551962262289502,0.9800409156081858,-1.1651121323850393,-0.31373622324377676,0.8274405002011076,-1.0158394062864284,-0.2669471362555075,0.520555903442933,-0.9134120100732922,0.15475043218921536,0.32234555608850424,-0.9823127094935745,0.027681141769949652,1.001090769623266,-1.2401159737379974,0.09795900458589236,0.9867959933312046,-1.2234142423541599,0.17765528258329852,0.8270331793178859,-1.190331929309243
J,0.0,0.0,0.0,-0.42058663130476953,-0.12980281062019486,-0.1454940073895288,-0.8388600455847918,0.013352865212968662,-0.3730739316644803,-1.1193841454387004,0.25642436321323026,-0.5617655839542763,-1.187503476025197,0.243965729894988,-0.7440587778669975,-0.7063374978755734,-0.25469894464313375,-0.8581526654327626,-0.9799849918745965,0.5788883130854106,-1.0448231993012902,-0.9333696934226424,0.6116695822170244,-0.9585583508250366,-0.8857737331313251,0.43398944629093733,-0.8828208379755592,-0.38058060452829406,-0.10598125867145348,-0.9186546556063887,-0.6528397941568643,0.8625536363167983,-1.1327246043915744,-0.6165566156450448,0.7352808658941514,-0.9738549544033206,-0.5570222854035258,0.4349839518876665,-0.8636368512055458,-0.08393956493326164,0.1392102049838373,-0.9573655427579288,-0.3318827559817596,0.9655901033031288,-1.1804222414684113,-0.31626886845086977,0.8010432032501759,-1.0098547100447404,-0.27313153342043406,0.4876841429354094,-0.8865898944573694,0.15396877280286747,0.37509249012166374,-0.9961282504606905,-0.03840969188992725,0.9913204100681657,-1.2529463189087433,-0.00533096905274539,0.9687606978955603,-1.2351443694028075,0.06586111443560921,0.8013601130471771,-1.194712085853919
J,0.0,0.0,0.0,-0.43118556587766366,-0.1646554772950094,-0.12473332110920618,-0.8491848086567576,-0.005473846173414285,-0.33581752212190846,-1.1484978844192533,0.2631085568006185,-0.5149352400045941,-1.3168522894567571,0.2113126086197899,-0.7036532579343454,-0.8146066841306225,-0.26856898668439205,-0.7922286886728864,-1.1343726100076588,0.5859970768510763,-0.966989183052009,-1.1275442854660096,0.6852745968031989,-0.9024163920493915,-1.0626364651460258,0.5710551094278312,-0.8494202528311962,-0.502417938511379,-0.08284350995136877,-0.8606469473140039,-0.774331549514655,0.9386973483305203,-1.056745200038477,-0.7425801049425418,0.8515379502750097,-0.9329324042036028,-0.6683787640998827,0.5598640342492104,-0.8535730668795641,-0.1866330603829442,0.18745995733319484,-0.9069133055827702,-0.40254254334202744,1.0897205526177756,-1.1365743909426798,-0.36644327611719085,0.9570810664511752,-1.0132502503896492,-0.3234334859564273,0.6536605274785336,-0.9265333064495436,0.08337373683491614,0.4382119224128831,-0.9486435407392781,0.04261089174623451,1.237169355005821,-1.2345541210743451,0.1659387170548705,1.3549061778089686,-1.2456210483333328,0.26996711523441597,1.290026512801048,-1.2264632480927735
J,0.0,0.0,0.0,-0.3808538696321867,-0.13902901251651226,-0.082399729553873,-0.7336594505780014,0.00659131661482945,-0.2946238625242338,-0.9944737136296949,0.24718163110000804,-0.4753796015314628,-1.1683609167231115,0.27877066366933206,-0.6657670812833124,-0.6673484423487555,-0.221530522402466,-0.8349182419378766,-0.985300052510633,0.5446756849567043,-0.9615878184367792,-1.009447058202932,0.66535129873322,-0.8379218905719583,-0.9464080774404842,0.6034000118060081,-0.7495475260217774,-0.3849652983160283,-0.04779067447946534,-0.9216928829741766,-0.6877435457180217,0.8831010554287573,-1.0705441387888155,-0.6489997697768822,0.8095733572669369,-0.8939740757226868,-0.5649281593236777,0.5513365437596338,-0.7883665830694524,-0.10997928256315481,0.19787199994405485,-0.9767294483535498,-0.35301403871839643,0.9963126994048183,-1.1503131639367625,-0.31341735822271843,0.8623511518668057,-0.9897563712227175,-0.25001159305555815,0.6073311709342892,-0.8992869638601612,0.11867205607566997,0.4255519422418209,-1.0254760747318137,0.08720252804317821,1.1257263228744578,-1.2799899336958394,0.19360308858667583,1.2402930267681591,-1.282481299463698,0.2952173911550107,1.2356701591766879,-1.271400207527584
J,0.0,0.0,0.0,-0.38227489011095733,-0.12809061790399953,-0.08032807164658098,-0.732722766892635,-0.00040269018324724635,-0.2868960876301089,-0.9930871176811156,0.21927196593523055,-0.4601581395993302,-1.1886764709163153,0.21958006222927826,-0.6420745540164007,-0.6733091444713966,-0.23782369283887417,-0.8350299753799326,-1.0125374865321546,0.5345247540088064,-0.9544422701040256,-1.0086954424761108,0.62730170776613,-0.828428387760445,-0.9327380482957333,0.5403762520561907,-0.7412198165370565,-0.39268588023317336,-0.04363359639426315,-0.9186369841951719,-0.7132049499339802,0.8445412373918695,-1.0672866179931704,-0.6582998587951525,0.7703280013128767,-0.8991103406940388,-0.5746836903603605,0.516370054978141,-0.8024750221040138,-0.11991907149316716,0.212437390902028,-0.9688443562731895,-0.3885252479552304,0.9688822401280395,-1.1370969914916838,-0.3488920737660054,0.8471918647519039,-0.9852201739174383,-0.2877985771187888,0.6129687350899551,-0.9062095454630478,0.10570833810338737,0.4538824642349929,-1.0123943503217165,0.06652015488588962,1.1381346894553528,-1.2695489206111004,0.16281373639732774,1.289532542196257,-1.2836752189624574,0.2522599194081894,1.3276132441405561,-1.2828418601216927
J,0.0,0.0,0.0,-0.3980358418358475,-0.16467814189701924,-0.08398727278008021,-0.783182865535344,-0.03124123236253859,-0.28924232664216,-1.0611068813070632,0.20611742489658064,-0.46126822474139256,-1.2285338084175572,0.2259521655851021,-0.6422689013357986,-0.676803814986921,-0.26194057109282304,-0.8390453000274463,-1.0469319167267832,0.5265780076429176,-0.9594705611298606,-1.062430835090241,0.6246972870434415,-0.8326824293683414,-0.9889230881762884,0.546591505612863,-0.745176210199725,-0.38513500201097967,-0.05551633179800898,-0.9211888878670303,-0.7304175839066172,0.857502337765236,-1.0731041780160704,-0.6893002730864625,0.7753701618183745,-0.908804457966276,-0.6058345608510838,0.5160051939334359,-0.8152941894066761,-0.10941200060205582,0.21584157708772334,-0.9693466395874767,-0.3991303381729869,0.9977640818298699,-1.1446676345966407,-0.3510707635754279,0.8659847714917509,-0.9967752544164876,-0.27568798170759223,0.6163486599369399,-0.916971278812382,0.11737941822341562,0.4715646702615469,-1.0106481087375192,0.06710123229871043,1.1771437034187318,-1.2706021393597815,0.1640413408603678,1.3316711845233162,-1.2876326905312292,0.2568989536926637,1.3697154729947818,-1.2891218989746704
J,0.0,0.0,0.0,-0.3987702011648132,-0.11330237920527539,-0.060353965176213324,-0.7389206335609815,0.0256643553956778,-0.2774001430507633,-0.9899489439874658,0.2303456589530896,-0.4668566472167578,-1.1782149865186817,0.22600398249962625,-0.6628104804137409,-0.6681304488970278,-0.22154925507156398,-0.8302590050649925,-0.9967944481236889,0.49039696179985803,-0.9411977754792452,-1.018316790982304,0.5917804919126984,-0.8041427701639595,-0.9551845528243955,0.539285263747863,-0.7088320399649759,-0.3851200664154645,-0.02672885115793422,-0.9224793238658117,-0.7204464499070112,0.8067109935833181,-1.0526020499065523,-0.683350159372623,0.7585791762056565,-0.8612486777110564,-0.6085616682885286,0.5443211413079022,-0.7507875760488751,-0.12304519978233142,0.2194165330270859,-0.9803960518175284,-0.42783971030615786,0.9349419405103794,-1.11847257081721,-0.3862134331583215,0.8371552804301153,-0.9361958780901938,-0.29151645459188075,0.637769693258148,-0.8411003826735528,0.09040574523076833,0.44563137100300854,-1.0333953056689724,0.027146831590561797,1.0810307243145445,-1.2648112183607865,0.07964141096931632,1.279150205449612,-1.272835810100807,0.1574126960604037,1.383212573290538,-1.2719316455987961
J,0.0,0.0,0.0,-0.4001135111353566,-0.12490741887255279,-0.05359539554956841,-0.7330119814594178,-0.0029897160846323635,-0.27151109845099347,-0.9822879004253193,0.19265833100566987,-0.4632015610018241,-1.1694567983303163,0.1810465560237469,-0.6618642652095463,-0.6558688056737308,-0.23336193612249273,-0.833248897700504,-1.0069937978169643,0.4577090121303523,-0.9417370973741442,-1.0332409066816366,0.5774320644254602,-0.7986596148402407,-0.9611953251342429,0.5395457534624232,-0.6979506115089157,-0.3776009810965737,-0.03359067919379757,-0.9253589386536472,-0.7294754873633846,0.7803866311788173,-1.0480701031084494,-0.6924984414477607,0.7479632885549744,-0.8446878497703459,-0.6137125257404641,0.5421287141827515,-0.7250428284234769,-0.11956201823132195,0.21372957409506943,-0.9825490476205362,-0.437483358268323,0.9053099289082575,-1.1126308887359175,-0.40275389236846915,0.8191150027343609,-0.9202055278275079,-0.30724593643394527,0.6306833347255918,-0.8183079359207982,0.08805804538200224,0.4392552141474504,-1.0346355476306142,0.01760628404560593,1.060559277012471,-1.2625969080940052,0.061112747991771625,1.2636408746209262,-1.2676029182183324,0.13467740684804694,1.3729823623616397,-1.2637044182637684
J,0.0,0.0,0.0,-0.41456655764609623,-0.14335696753756796,-0.05646357694779468,-0.777774101727431,-0.01892476257703529,-0.26650399207770853,-1.0374851502095173,0.18107594619991174,-0.4481757743618422,-1.1880264876367668,0.15672778140304466,-0.6375154213091779,-0.668400857578123,-0.24120662238540136,-0.8361129626483651,-1.0338436163685027,0.4541010780517053,-0.9339012423984362,-1.0525610306422872,0.5926571859151222,-0.7819071398192894,-0.9828463841232535,0.5603908041137079,-0.678692679382123,-0.37759054942396125,-0.03704086677139188,-0.9252315122035862,-0.7427284232692409,0.767466734633505,-1.0446236604873376,-0.7075641415815915,0.7611749577196583,-0.8457320992541405,-0.6278004010151613,0.5703103469412332,-0.7311568179335514,-0.11447251950149796,0.2150211857430883,-0.9769825799401347,-0.4463175545049499,0.9149942230033413,-1.1033926388957176,-0.40513652269288575,0.8415524492637112,-0.9169396535565809,-0.298593831700917,0.6562328297501443,-0.8194657967735596,0.09849807446175975,0.4429092460354322,-1.0237658311487543,0.020131695580598404,1.0666155962725643,-1.2430916506066536,0.06132831998506708,1.2849905164117545,-1.2488845475028785,0.14107845850280396,1.4065185180976332,-1.2482513887240714
J,0.0,0.0,0.0,-0.41317383011663916,-0.17749161287066495,-0.06463883632602624,-0.782726499599877,-0.07708105286882587,-0.27564383719442775,-1.044894795656271,0.11692067018767574,-0.45467361667642486,-1.185019115245569,0.1509316466058004,-0.6422614105694661,-0.6503666722177524,-0.26579276626554216,-0.8461585732271676,-1.0246664031000254,0.42212218198716056,-0.9481105583600995,-1.065488474504153,0.5476259177537215,-0.802382747057103,-1.0064411077357334,0.5196725503254885,-0.7013029659650641,-0.36513967900182615,-0.035485238683323476,-0.93027620234747,-0.7543193469738978,0.7480186565608445,-1.0447497864596305,-0.7301363982322437,0.7200739231722321,-0.8451546170624503,-0.6504921978706963,0.5231331398210707,-0.7301021371976583,-0.10846877559533256,0.2328881091934046,-0.977497176365334,-0.46223443571094974,0.9013628530836783,-1.1070696202834396,-0.4272644167380567,0.8139252696900736,-0.9241114150388278,-0.3213629396160324,0.6263833026227104,-0.8271738144547195,0.0985618792877132,0.4713169472740357,-1.0198977826670002,0.0012662151181896762,1.0947912427015345,-1.2442769627947994,0.032673198394619,1.3094626905702678,-1.2513665885781748,0.10717200926002422,1.432561846302522,-1.2502996205281502
J,0.0,0.0,0.0,-0.393359541570788,-0.17392124315324778,-0.038464946407532064,-0.7379878956965905,-0.07744005140017876,-0.2479169643120061,-1.0037160453109513,0.09453469496636732,-0.43076994352872444,-1.1838509140050801,0.088064913461956,-0.6214542140719697,-0.6570453362844352,-0.27450493776904067,-0.8256609306793486,-1.0387183631360857,0.3778992948782888,-0.9184297043864967,-1.0831067612419192,0.4985679894430357,-0.7626222785266754,-1.012679259864621,0.4791161659996793,-0.6529623593733024,-0.3906670185924278,-0.04725740901651352,-0.9193182353663771,-0.789674975486695,0.7277131241381614,-1.0126461279726453,-0.7533896336740155,0.6916194985535059,-0.7899002437281428,-0.6592245855486375,0.4921961499246801,-0.660286568490109,-0.1468764311739048,0.22083032494275787,-0.9759233333286302,-0.5094749757199653,0.879114443008271,-1.0758578216538737,-0.4736254837601263,0.7895778349898868,-0.8702844055815009,-0.35911783704161837,0.6067587788055728,-0.7659499015848275,0.05247061567855027,0.4647358459193855,-1.0273779010880082,-0.05957341339070967,1.0767184110450634,-1.2373616720431049,-0.037634729109925186,1.2901402502766302,-1.2390915262861826,0.0316623518325694,1.4172631774543851,-1.2364018085201889
J,0.0,0.0,0.0,-0.39327632498951937,-0.17609430618445052,-0.039572392909476034,-0.7305602282452012,-0.09457601862949407,-0.24938328805701054,-0.9839728619427669,0.059671121410261804,-0.4295558209174762,-1.144722566120256,0.0672727820989779,-0.6173593750924234,-0.6275799986692606,-0.2725899296779297,-0.8404470910786966,-1.021652834924472,0.36983327573826463,-0.9294896448717722,-1.0652855059267325,0.46799740916360744,-0.7695185733651246,-0.9834194995670408,0.43533154770302135,-0.6574604276585627,-0.36619716684779524,-0.041395701214575045,-0.9296160664024702,-0.7714006600339326,0.7121509966996116,-1.0153533845004417,-0.7303092922339227,0.6587771136977786,-0.7866596960430786,-0.6313654931522581,0.45526943883853327,-0.6566190609849015,-0.12911047136342543,0.22923505230943392,-0.9810037567070529,-0.5086622334206969,0.8807342270759215,-1.072302668630674,-0.46127203800382705,0.7761058294360361,-0.8680823132504799,-0.33530692796733214,0.5875869328160178,-0.7692923495449506,0.0637924156347611,0.47420104319544154,-1.0270711744862557,-0.054217434837087006,1.0783624664232871,-1.2351703903447775,-0.03737913582568849,1.2816819790042844,-1.24407591709083,0.028724942393022264,1.4090481351936806,-1.2502872587835552
J,0.0,0.0,0.0,-0.4054646053657086,-0.18213850786215038,-0.06010435313634909,-0.7523356293096741,-0.09692540042616257,-0.2589491993133029,-1.0040786397653658,0.06481801300323746,-0.4145395510964735,-1.1253796305592836,0.12471279810837937,-0.5737893152081557,-0.6252395619766401,-0.2490144080669936,-0.864310774479067,-1.026990011029401,0.3553854572210752,-0.9436302662039533,-1.088828167030928,0.4771597604493182,-0.7715713018583934,-1.0161987146129408,0.47115106071760193,-0.649531672785583,-0.3654452118010695,-0.0060361122750339094,-0.9308132801589558,-0.7862358619473347,0.749458772100903,-1.0055549582519892,-0.7696149394549141,0.7136550708488463,-0.7722257966056528,-0.6749902462146564,0.5234720358515468,-0.6391646625240531,-0.132753594542367,0.27094054981557564,-0.9596152663527233,-0.5269886272073293,0.9468845578924092,-1.0433606672904272,-0.4994361014938935,0.8400210561849994,-0.8531261323966579,-0.37464950038427425,0.6430452253944591,-0.7638307457657136,0.05707226636981112,0.5132479682160447,-0.9837572823868841,-0.07601417159792791,1.1463317348958972,-1.1933668082523097,-0.11072169552607414,1.3912318283992642,-1.2251059105888278,-0.07615172092771127,1.559369663619608,-1.2499926881179182
J,0.0,0.0,0.0,-0.3947904311023331,-0.20155492709355527,-0.05294565192674187,-0.7275068633462558,-0.14315702565819954,-0.2352286449749165,-0.9820673156800782,0.007752948696137343,-0.37115739205952164,-1.1293073362434953,0.05995491835897042,-0.5067158080878436,-0.6206706758113008,-0.24922352635697675,-0.865327413486665,-1.0235555785448578,0.30359309546021235,-0.952871887237523,-1.1002608736259851,0.4409372999446581,-0.7808201781813504,-1.0209876978415147,0.44119186685568207,-0.6539987159294328,-0.37770199708372965,-0.01790222898292897,-0.9257541312877869,-0.8063603817972065,0.7211527724285177,-1.008603609855378,-0.7898618939925789,0.7051226184274015,-0.7622849975595016,-0.685054365294361,0.5109173657154901,-0.612516596696788,-0.1532864572873247,0.2511916940465399,-0.950365206561985,-0.552140349695267,0.9055335697116397,-1.038538614961521,-0.5273507940310999,0.8166632528873696,-0.8402437511251699,-0.39649111450048613,0.6139725414940105,-0.7409662002289585,0.02728969888499774,0.48706211472290917,-0.9701793653710887,-0.1054417405693705,1.092901117386479,-1.2094834462947293,-0.15914559199563363,1.3571198320233915,-1.2662680141785674,-0.1311183421963943,1.5343006075025136,-1.3011413968179355
J,0.0,0.0,0.0,-0.40766000363622346,-0.2193856863024962,-0.05211894468341549,-0.754117314219131,-0.1833161774969328,-0.23566720272957994,-1.0163311927001424,-0.032863262227757144,-0.37207537097178406,-1.1338404600186887,0.05189518621887329,-0.5091267860905987,-0.6103615445550973,-0.2623437199492178,-0.8719294621469078,-1.041062126146268,0.30545527582819837,-0.9572987776499138,-1.1291444195228022,0.4239824938137375,-0.7813456262901713,-1.0405775564981727,0.40916961207116403,-0.6488848561578461,-0.37006155515975825,-0.0038792957765237416,-0.9289991369517085,-0.836130404971998,0.7331927011337755,-1.0072999860254837,-0.8182011668988382,0.6930877968213013,-0.755836207862523,-0.6838821011629214,0.48091040622148906,-0.6002385660561186,-0.1501969374863221,0.27972958919823354,-0.9485012127107656,-0.5854472865546059,0.9381163676263949,-1.0327251524830674,-0.5654228646905126,0.8299990202059887,-0.8366965125775675,-0.41953083235912775,0.6109493752219523,-0.7377855051900734,0.024574833715738417,0.5308713411888063,-0.962355587336927,-0.13075100285836921,1.1601075823492015,-1.2024427720430593,-0.18870991451738742,1.4284480127872319,-1.2630841343321504,-0.15656271348836157,1.6024168933223686,-1.2995083713176028
J,0.0,0.0,0.0,-0.40882355265702264,-0.23964678897000066,-0.055115083990559435,-0.7671471243918472,-0.22962710829347346,-0.23362166169065274,-1.0461689286452063,-0.093409998163079,-0.36400494837628977,-1.1688124215712148,0.04195077544281265,-0.49343907798066794,-0.617809838854506,-0.27701770346961585,-0.8678966324504073,-1.0646243720275401,0.2982402284960171,-0.9578865532654817,-1.16705018934246,0.42517660013830366,-0.7851516545154396,-1.089727166785331,0.4171707345033442,-0.6537395620668038,-0.38414061141537903,-0.0013155410172615608,-0.92327366474586,-0.8601120778278101,0.7219771426950298,-1.0073416752020048,-0.8678500604546238,0.7048981602519082,-0.7593541256747531,-0.7441162655741338,0.5073648193811725,-0.6032632081954165,-0.16404944668845597,0.2951810605234615,-0.9430945376220801,-0.6073693167712052,0.941464706249327,-1.0338513085357646,-0.6195936400286001,0.8674565506885092,-0.8425543565399747,-0.4978869967131319,0.6699449434115506,-0.7425210456733436,0.0149905816592736,0.5529602526410192,-0.9575074502376663,-0.14709065760485887,1.1783174112314767,-1.2033144781801741,-0.23522466123012445,1.458365963142363,-1.2701784557047606,-0.2266158530162899,1.6401342161028616,-1.3075742321184693
J,0.0,0.0,0.0,-0.39977488632344693,-0.24756678967293713,-0.05381114442131768,-0.7576105432244236,-0.2522732037499543,-0.23011398476661368,-1.0361661296225058,-0.1304544347611766,-0.3576806777115521,-1.1665108994114584,-0.0019382341279179217,-0.4850997778323258,-0.6248100321067889,-0.2879192374345274,-0.86371698795069,-1.0785938517463627,0.29497221963917863,-0.9645240957926938,-1.174565127730227,0.3775537139695652,-0.8032264285744363,-1.0916020189673477,0.3454079435912702,-0.677131996077792,-0.3943531091092313,-0.007449677619871268,-0.9189287935630502,-0.8772142109132559,0.7209732627729765,-1.0238211265250563,-0.8664673714827502,0.6671492354189851,-0.7967743087848631,-0.7346469603186694,0.46160625981077175,-0.6506995822400855,-0.17947877543845644,0.29313004481428506,-0.9377249436005655,-0.6223708470743616,0.93898460477477,-1.0438586709342497,-0.6278972076253171,0.842464676082335,-0.8724602696487467,-0.5077494770922223,0.6439720598991682,-0.7815359592812053,-0.004474789853171806,0.5501181866749721,-0.9488828217722547,-0.17056755388383246,1.1698659262971227,-1.1875306035136162,-0.24752269419083212,1.4444817698814043,-1.251867223294663,-0.23594131907483676,1.6421396864553561,-1.2893119920169258
J,0.0,0.0,0.0,-0.411620660253229,-0.25328979201665613,-0.06144326688447537,-0.7732943184207678,-0.25900881298512707,-0.24143932149982447,-1.0376986848556913,-0.127514224968091,-0.37192813520347556,-1.1325225237343586,0.00958734677690523,-0.5005997448793427,-0.6228784010666762,-0.298677678679563,-0.8690397721476268,-1.0690355010265444,0.27505190561346166,-0.949695061484905,-1.1446944095966458,0.3533822621569413,-0.7688845611526557,-1.043753977598895,0.30947230674957177,-0.6355482009415236,-0.3855660798660556,-0.020135652970991125,-0.9224604888753525,-0.8717510448495962,0.6832077341772957,-1.014029885996984,-0.8417196225838939,0.6383560257368331,-0.7801154942478534,-0.7002687651622708,0.43248087406392316,-0.6353254468994082,-0.17023738589205037,0.2783032263330833,-0.9386678761142361,-0.6174564388387596,0.9021691556482613,-1.0365827424319944,-0.5976653804089392,0.8086859223789052,-0.8655973479063341,-0.46413555589142536,0.6071987892571986,-0.7820250889857585,0.0008876550512464968,0.5371290985097764,-0.948345973055955,-0.17472751838531925,1.134318320646545,-1.1921039567563592,-0.2509754227341057,1.3960248303299698,-1.2661699358461989,-0.24252509389518376,1.5763926235090011,-1.3151112436451047
J,0.0,0.0,0.0,-0.41325346639929406,-0.25689822214349467,-0.0569000771057389,-0.7636248960267624,-0.26891206841329746,-0.2372329801050915,-1.0263110675254998,-0.14017763028489771,-0.36750919596800724,-1.1119045644851373,-0.016316055742108253,-0.49528035657097486,-0.6013370474925264,-0.3047176667587739,-0.8752048825939264,-1.0525423579699722,0.23808256756337592,-0.9509231320601442,-1.129787449709198,0.32552200790963093,-0.7602275578025651,-1.0342157899693751,0.2879754525149653,-0.6199180175216271,-0.3699055794758744,-0.025431068330812396,-0.9287212299910943,-0.8701361639889246,0.6619501686078227,-1.0099355699807362,-0.8396394650493029,0.6211699065710962,-0.7569404817780483,-0.6918258709718826,0.41633853532842546,-0.5978264785561483,-0.16235730838722345,0.2771836854476085,-0.9447928220992365,-0.6187693995417054,0.8939661508460592,-1.0313090517847987,-0.596118796381052,0.7924776586751522,-0.8454339275999105,-0.45766109401554,0.5843278270248488,-0.7534054372645982,-0.002416438188332858,0.5378687440716328,-0.9550416552698476,-0.17607738177972176,1.134736623546141,-1.194665482805074,-0.2635512334292916,1.4105448127306912,-1.2683854870051883,-0.26629043689779075,1.6084821342527713,-1.3180034798092324
J,0.0,0.0,0.0,-0.37648878219021903,-0.33546871450011373,-0.06785969847059892,-0.718383008696365,-0.41645324551975893,-0.24286837576663572,-0.9767075253912818,-0.3242485868499252,-0.3634426916703586,-1.0840728840268143,-0.15190493254069978,-0.48158100792306324,-0.5696382375686179,-0.3813608975097334,-0.8824758068897693,-1.0492750657211436,0.08620346125363608,-0.9637786898692685,-1.1040583641809707,0.13090267520864263,-0.7819888151497114,-0.9910175852076916,0.09504708688281563,-0.6463256334354682,-0.3607913080259326,-0.08940090294954549,-0.928351824797443,-0.8918633249108415,0.500702044302688,-1.017726662486913,-0.847631274667574,0.4501029548623412,-0.7844766939496781,-0.6932366070472583,0.27334150967776616,-0.6405007825859534,-0.18458937646564905,0.22683273244463925,-0.9365091683712815,-0.6677203416780297,0.7501306501583037,-1.0281855607909203,-0.6300455992958943,0.6422446050811441,-0.8580839055731154,-0.4857271269918895,0.456724923131257,-0.7755377792985014,-0.048453539545704256,0.4973434156572316,-0.939042139297729,-0.2687892932178135,1.0427261111184334,-1.1707072317393936,-0.36682622785575913,1.269401369172824,-1.240225755400304,-0.37975784534259704,1.4455205415987433,-1.2876454245263367
J,0.0,0.0,0.0,-0.3737387965487977,-0.3697657601393942,-0.07110377198534741,-0.7279761242460765,-0.48955481891051383,-0.24320527546389864,-0.9907341629276141,-0.40968025894838594,-0.3607537077670035,-1.0789449036413452,-0.19893729212297107,-0.47712445166867934,-0.5618588026141983,-0.41049441090478933,-0.8826390554700024,-1.0582055530328787,0.0458316333095831,-0.962025705570955,-1.1046353099430075,0.07967000074807212,-0.7803650259014658,-0.9926562654043873,0.039148422981237364,-0.6448621430810219,-0.3535394382742097,-0.10434845167513107,-0.9295812316402258,-0.9140092178381258,0.4602626307484603,-1.0197603441767666,-0.8780892797183577,0.41636441194592083,-0.7963802684240359,-0.731280179754213,0.2529564786753272,-0.6595873428181754,-0.18613820120664484,0.2244074280574242,-0.9377359485729084,-0.6961956036476051,0.7310990301583556,-1.0302608148310008,-0.6570622633733949,0.6347503834458158,-0.8690147362342998,-0.5128989216002641,0.4639280427791224,-0.7912222182880456,-0.05650264853129643,0.5008344842053856,-0.9403958468017601,-0.302463422042059,1.0304615419025502,-1.1562195648896512,-0.40766451799881903,1.2498765939339855,-1.216394224135934,-0.42710644157988703,1.4276790857236217,-1.260192362892887
J,0.0,0.0,0.0,-0.3761861153977925,-0.4219017544844971,-0.056717928431724386,-0.7627732442246574,-0.5756673581049624,-0.22179234416515942,-1.0580293531969678,-0.5020833864175045,-0.3354820048507197,-1.1452733136830753,-0.29070786133713217,-0.44691813196020774,-0.6127445415796811,-0.49442597088422774,-0.8488469378828071,-1.1778451700260593,-0.02541656098512773,-0.9381375766614989,-1.2439099335156534,-0.02181720448013357,-0.764463073801842,-1.1073168398945676,-0.06847427746669416,-0.6286041859356079,-0.4250707459414494,-0.12174044511864042,-0.8969359648085782,-1.0574478549476112,0.43247660423832734,-1.004319004376669,-0.999699560436062,0.3438687991833385,-0.793696493843198,-0.8280568214083333,0.17665018633488375,-0.657367344746667,-0.2726492666585535,0.2528571145030529,-0.9059875509807369,-0.8695196848970791,0.7536227254634803,-1.0077108013041998,-0.7916986806534659,0.6104873208175021,-0.8540812507081637,-0.6031021770493131,0.4276966853142918,-0.7757457804300314,-0.15499969238163894,0.5680410972228339,-0.9068467067726403,-0.45152568482069744,1.1086826730582031,-1.1308021651258195,-0.5898959192870666,1.33628894280564,-1.2041307681036,-0.6460999042557963,1.5452372222723543,-1.254787568005655
J,0.0,0.0,0.0,-0.3595685705847679,-0.4656190822345235,-0.03843354793210796,-0.7532073338046515,-0.6883836572488019,-0.18798157633540946,-1.080895100470327,-0.6677533194894352,-0.28754455315701993,-1.2281679351573451,-0.4860928863364828,-0.38116146364030634,-0.6358317335199097,-0.5926714821541886,-0.8157363379966992,-1.2663985910992104,-0.1629470253045872,-0.9178033110223296,-1.2837269710986072,-0.16870267417551613,-0.771322689357557,-1.1079604987067764,-0.22628883833426955,-0.6543354730254516,-0.46764169839537123,-0.16768954391837076,-0.8678660373481274,-1.1408698779999866,0.3168255109179466,-0.9960779490548972,-1.0504683935749797,0.23602394762428042,-0.82786500656586,-0.8520015906681757,0.07655780047964894,-0.7229054581503531,-0.3356817427131481,0.24875141817224902,-0.879253079991644,-0.9715698769411037,0.6813549142417958,-0.984940631392544,-0.8816065826324538,0.5585617222531206,-0.8617753682714056,-0.690679252836592,0.3783154717766803,-0.8079569449507616,-0.23094267768094087,0.5970040977759582,-0.8793170297175361,-0.5577823512382457,1.1055965281067706,-1.0782911786857934,-0.7368721268887838,1.3616824678939548,-1.1546591257051277,-0.8455625387563701,1.5929236354759388,-1.216265098481796
J,0.0,0.0,0.0,-0.35101080992279854,-0.5328888731590752,-0.05357888426839846,-0.7522580242083272,-0.7922470731254979,-0.21445466076536848,-1.0808548194656924,-0.7781020384981177,-0.3247008755717037,-1.1923652851908417,-0.4994574745988355,-0.4302542161340138,-0.5723910180227729,-0.614400561470525,-0.8415339521221978,-1.2173628973517847,-0.23825861652359145,-0.9164129271582075,-1.2468113298751806,-0.2682264599755305,-0.7362338724487925,-1.080290667891891,-0.32481638550120157,-0.5985811069014534,-0.4292763546989988,-0.17529070229460406,-0.8859994249351428,-1.1255232854796817,0.22804761285230407,-0.9887097902279447,-1.0519151370139619,0.14478562156327676,-0.7996172105597271,-0.8495116036929512,0.0021723680490552534,-0.6839653951658389,-0.3255088168938288,0.24173125957546016,-0.8865931123255404,-0.9718881040988697,0.6081616882110581,-0.9697364360437464,-0.893028871932272,0.4720837147311384,-0.8391119277772394,-0.6958636642375149,0.30368971299581177,-0.7868332702498081,-0.24905054951065195,0.5877963057476381,-0.8784670052464657,-0.583457861302767,1.0657452394430802,-1.0561000376116623,-0.7778033597373908,1.310475170859706,-1.1261254390938233,-0.893440975219454,1.5373518371368957,-1.1908469768951535
J,0.0,0.0,0.0,-0.318963597008132,-0.5295685851824842,-0.06918945569446311,-0.6838873529920593,-0.7925002879657965,-0.241119187738276,-0.9625872764527302,-0.7865670885634867,-0.3580168896293405,-1.0515794506252178,-0.5391316681515939,-0.4703639673451046,-0.4822581062882493,-0.6058438060390844,-0.8776845694938485,-1.1008082013959295,-0.28744412150137894,-0.9457219824765936,-1.0966037411114113,-0.3230339463039813,-0.7568584053092537,-0.9209505002767062,-0.3699050905256977,-0.6150499306294128,-0.3571265754186261,-0.19324230094737507,-0.9138479207473904,-1.0331445218069084,0.14524317020530123,-1.0026613879879893,-0.9497948655082784,0.0733461076004708,-0.7925825026800294,-0.7370441015152259,-0.03348638281406019,-0.6648545103590018,-0.2759556571575982,0.20133097093865035,-0.9066211158326924,-0.9065124020797347,0.5011924773547217,-0.9766558938593278,-0.8085116857973075,0.37567557936705637,-0.8300322691580126,-0.5944332230164342,0.2392313826544616,-0.7695146047314793,-0.22453071776280725,0.5250273932107544,-0.8932195501565765,-0.5716469581440886,0.9581467485122542,-1.0795301711540772,-0.7456612980654597,1.1528503744976055,-1.1496864569680365,-0.8378398200651138,1.3428565611304528,-1.2114729244530296
J,0.0,0.0,0.0,-0.300784143955485,-0.5583281068060434,-0.0750115354791228,-0.6675904114197864,-0.8458170678406718,-0.24322866629705603,-0.9519427553672588,-0.863188549445652,-0.3541186715025987,-1.0464691514349695,-0.6154694489589503,-0.4590135423371283,-0.463417658453947,-0.6471619909487213,-0.8787143353594749,-1.1006306258845044,-0.35158593488709433,-0.9396935118273079,-1.0914193998816986,-0.3793219399360695,-0.7435277683145275,-0.9035915992923157,-0.4134395350223674,-0.5974137568966578,-0.3450040901796358,-0.23195552212411397,-0.9094882151602909,-1.0384495140429881,0.08739576557586032,-0.9946278161388886,-0.9556177300053739,0.025704943646824584,-0.785136338240117,-0.7371596007660209,-0.07166738250110764,-0.6589309650331551,-0.2759647854446963,0.16522884109400593,-0.8967322044961303,-0.91656855815233,0.4499082079242795,-0.9658505356875513,-0.8175396093589372,0.33381264041266334,-0.8255690433756047,-0.5990894642358061,0.20625188200646846,-0.7697817421574649,-0.23501718628347296,0.49622129612773447,-0.8777977099348621,-0.6025216565643179,0.9282740872393012,-1.0595261345541926,-0.7890609185601825,1.1191638778703379,-1.1309891888564798,-0.8891154189352146,1.3020783511014817,-1.1954771399920954
J,0.0,0.0,0.0,-0.25821792790471926,-0.5209314229507157,-0.05653252887386475,-0.5861034937421845,-0.7913191962358703,-0.22893826495883082,-0.8618312413168773,-0.852714850926036,-0.3517112582130613,-0.985608565511619,-0.7374781200311894,-0.47084053302063295,-0.4196127253506961,-0.6899087394082337,-0.8523493262736832,-1.054502282623201,-0.4808967766896252,-0.9299433421920507,-1.0411736991763703,-0.48091011194069755,-0.7553501387501877,-0.8664453969409052,-0.4843290163108701,-0.6240632822305777,-0.32341476416246534,-0.29274940180362413,-0.8998336946710526,-1.0184864682775503,-0.034372879662937075,-0.9913634448425157,-0.9374181431958645,-0.06650638966365027,-0.781781638270047,-0.7298294010232532,-0.13923653150636087,-0.6545729872837469,-0.2713869645976484,0.10420228689142999,-0.9061276950477263,-0.9146494720137098,0.32549188826997544,-0.9810545813751259,-0.8247708323038914,0.24454723176668686,-0.8238530060029581,-0.620765145092034,0.15334363961103537,-0.753367313918118,-0.2415836309688423,0.43864149361900767,-0.905280589098653,-0.6390479330652378,0.8028732387721425,-1.0937741248770743,-0.8171519588578792,0.9668130053840849,-1.1467226917778404,-0.9102185173389381,1.1344040907420325,-1.1904362798050145
J,0.0,0.0,0.0,-0.23231603737568332,-0.5361489185738173,-0.055005300762268006,-0.5386086167327532,-0.8220634131277795,-0.22355443445975012,-0.7896421483588459,-0.8803631058138859,-0.34072349167388816,-0.9043829626254473,-0.7771866490484585,-0.4552917035897257,-0.36075007339003584,-0.6817132410390844,-0.8683251922885254,-0.9778077580311858,-0.5572929358634853,-0.9412642091561312,-1.0053215511796432,-0.5681567938330385,-0.7547244861094538,-0.861874932667237,-0.5605728391702047,-0.6142440214136387,-0.28010838996821624,-0.2934732238953823,-0.9140091666530836,-0.96856886940288,-0.11595942661198501,-0.9925546258654279,-0.9248773896685294,-0.15538125315578544,-0.7548490839091636,-0.7270949701888862,-0.20803337857921236,-0.6054833055068576,-0.24544604649259852,0.0895449988349558,-0.9194300117845119,-0.8694377897885248,0.24700145509903856,-0.9876893493280436,-0.8095930843860155,0.16489226949388716,-0.8121018493162351,-0.6257833526392397,0.0888169807708839,-0.7267979914145952,-0.23679162091741043,0.40335808734948564,-0.9188697803280248,-0.6312236136241196,0.7285167610322018,-1.1245601851901155,-0.808796728633023,0.8669759512992872,-1.1822531706760393,-0.8952318275395138,1.0126651773257358,-1.221786753037739
J,0.0,0.0,0.0,-0.22132066573304085,-0.5314253928294402,-0.05150580167544438,-0.5053108227155539,-0.8204494463246644,-0.23007541382503627,-0.7480665134557614,-0.8898320534884873,-0.36050868680509085,-0.8713531166860352,-0.7963437703175246,-0.48914253550899994,-0.3390456822676692,-0.6832403688296133,-0.8607271939279441,-0.9500210848960214,-0.5670851816872168,-0.9395043264458056,-0.9649370973067688,-0.5854323087947014,-0.7615197091578216,-0.8161055946305842,-0.5728061136647922,-0.6270032509452385,-0.2676570398831778,-0.303186975125935,-0.9145694982421843,-0.9506176892802062,-0.14890131968356457,-0.9967703725400556,-0.8888260265243867,-0.18083447530474525,-0.7639157566266128,-0.6892696091005542,-0.2155031334995647,-0.6188776572237156,-0.24597208804571352,0.07911530864735852,-0.9291027960876923,-0.8680502004597456,0.22089077954751357,-0.9965038190301986,-0.7867451355442812,0.14280707737126985,-0.8186071501060369,-0.5944779748133726,0.07780654069436017,-0.7343927172030812,-0.24683291369058633,0.39353590044781084,-0.9380951965446985,-0.6472445856238206,0.698061737064408,-1.1398042047176222,-0.8135468915907201,0.8212818335764449,-1.1921613929481543,-0.8967613914709522,0.961886966796855,-1.2303570137571702
J,0.0,0.0,0.0,-0.18865514435287317,-0.5762290323210918,-0.06109662678574293,-0.4857416928185973,-0.9268981773224574,-0.22814715914538922,-0.7424031463678574,-1.0438079657561956,-0.34255364518045806,-0.8684813169791773,-0.9068178768121838,-0.45499108588492826,-0.31332130740720043,-0.7446512652459155,-0.8596350913619405,-0.963633511077366,-0.6747236115353895,-0.9340209489549937,-0.9578704283817886,-0.6863008057069429,-0.7622414343135718,-0.7934075216975827,-0.6563993666636161,-0.6339201367701024,-0.26980912975109367,-0.332992268352972,-0.9035038365829444,-0.9821699532688716,-0.23877887703453918,-0.9956076157129726,-0.9171773531309951,-0.2698972415582416,-0.7963836502620751,-0.7057809633868761,-0.2877703096045652,-0.675540366926865,-0.269839081426545,0.06632029927507999,-0.9046878786101128,-0.9129849109401713,0.14639776757625772,-0.9836014311422296,-0.8422422230135272,0.06112201960229969,-0.8426776095850361,-0.6463730036876553,0.0032480928045029284,-0.7813423625789279,-0.28624705296732467,0.39893222889216173,-0.8981087316143409,-0.723927399899621,0.6792840314531872,-1.0909875376292755,-0.9097830926818684,0.8100080397234067,-1.1484399223281272,-1.0039105908357795,0.9568501697227629,-1.1941838959915434
J,0.0,0.0,0.0,-0.15430967991202652,-0.5826198282730237,-0.042656309172305056,-0.4106301173521786,-0.9484299942501372,-0.20480906214042613,-0.6575291023396388,-1.1018323111651147,-0.3168714443867505,-0.813067818033432,-1.0065651825503,-0.4238907156977405,-0.28367711674458257,-0.7736655798865801,-0.8451104365971626,-0.9270858550275409,-0.7702576126855112,-0.9053970676286093,-0.8858369126420771,-0.7498255623089068,-0.7243568833970949,-0.7061722655095614,-0.699922015225896,-0.5943764645745621,-0.2606201723367583,-0.36058164423491684,-0.8955769110534294,-0.9608867019505963,-0.33950624828887715,-0.9764370528731731,-0.8896939930210258,-0.35559555854349423,-0.775093282592154,-0.6766267305030483,-0.35304297000110163,-0.6595224103995364,-0.2802121242996018,0.03645677402900084,-0.901295109510266,-0.905276377212361,0.05647452498160531,-0.969421766409791,-0.8297954329519454,-0.016310479985147765,-0.8279081101523285,-0.634134732317287,-0.06180433741947946,-0.7739396241010277,-0.31090225992010057,0.36523093442500426,-0.8973158659361418,-0.7575014436903662,0.6068891104630162,-1.0876140670110706,-0.9618011537210598,0.7236043469771725,-1.1487562342294917,-1.0753086415010307,0.8556042391992572,-1.2015090744043644
J,0.0,0.0,0.0,-0.08477584824109369,-0.6179185064004556,-0.037270848144247366,-0.2886982230878449,-1.0371581955475337,-0.19473287790782756,-0.5249828197241396,-1.2457693903551366,-0.303580695628418,-0.709235774062904,-1.1789060565874616,-0.40572762462317247,-0.20771474005672713,-0.8171672206409585,-0.8329907574915272,-0.8448202520869019,-0.9476052556870116,-0.8921109771656325,-0.804598536575218,-0.918490293981493,-0.7095017074317417,-0.6263486866594402,-0.8294063466540167,-0.5792183846531134,-0.23288005824825844,-0.40534914094190094,-0.884001669912422,-0.9283517699709583,-0.5345128427415972,-0.9760120043181492,-0.8441966657188892,-0.5216640264355794,-0.7800279992104596,-0.6218672024547801,-0.469371201091026,-0.6651529365842263,-0.29609061919626484,-0.024233807433134927,-0.8907261859135971,-0.9165456330237626,-0.13054857200670358,-0.9609590020617879,-0.8328157802503104,-0.17314541098287994,-0.8218885041187597,-0.6342831876048792,-0.172565565669296,-0.7703767013561742,-0.3644997334036657,0.28332928499910476,-0.8881627548411393,-0.8327753553047011,0.44910819710434574,-1.0784638968918412,-1.0666928818836368,0.5246775798028004,-1.1495563747740056,-1.21261509228756,0.6301582640532889,-1.2126636626187757
J,0.0,0.0,0.0,-0.025128035845561236,-0.6568628442013261,-0.04531645846482653,-0.2147930474884298,-1.1156231999582915,-0.19106066437605168,-0.43922181958216094,-1.3427782867933706,-0.28396033423301587,-0.6272881113894871,-1.2584580133903627,-0.3660429028325229,-0.16688452130294573,-0.8453099646337656,-0.8334589118568445,-0.791576217898087,-1.0531340383801047,-0.8910186080681576,-0.7345748538370284,-1.0196808416628373,-0.7020250365781772,-0.5475092668653265,-0.9098889312129905,-0.5658135759011581,-0.219406396581837,-0.43302654259757994,-0.87427046532807,-0.9008627858711817,-0.640010702296352,-0.9604472782785056,-0.8056971342100581,-0.6181114722066394,-0.7580146067837452,-0.5841174481490489,-0.5571095066070566,-0.6399343668496045,-0.3115778544645633,-0.06474942065602265,-0.872380737928329,-0.933473850736909,-0.2521567078541677,-0.9396385740853322,-0.8256947558073161,-0.2726115138990452,-0.802503596071685,-0.6103036933189683,-0.2512828930887246,-0.752256157974601,-0.39713930601971914,0.22294220977340518,-0.862130919244304,-0.8731093453650534,0.3299778651282656,-1.054167634614662,-1.1146524354763054,0.37754880986611383,-1.1347700764857294,-1.2698842978748885,0.47026632276995733,-1.2050952147449612
J,0.0,0.0,0.0,0.030504869531699928,-0.6574613736657042,-0.05398448749051365,-0.1101286495525198,-1.1376350829069026,-0.20966145399065259,-0.3157515033007829,-1.4062567705481237,-0.3081583587492131,-0.5119536115223567,-1.3255007389507203,-0.3947639467593523,-0.09508273197544513,-0.8424020464700146,-0.8473288307452563,-0.6904606958981333,-1.1484155301061336,-0.9154856735622514,-0.6511287005956793,-1.1462847476137772,-0.7319862470390612,-0.4822694994110997,-1.0216914591978234,-0.5939356768639226,-0.19719345321398543,-0.44628739412082225,-0.8728930655345989,-0.833554925086429,-0.7814827563115322,-0.9693772087812265,-0.7561083236283636,-0.7824547305540133,-0.7727331662729314,-0.5574714371131044,-0.708588905950038,-0.6519564623483268,-0.32983950605064866,-0.1116011389786892,-0.8546377739902065,-0.9181473024644252,-0.4212057097067647,-0.9268537262119954,-0.8261948211914607,-0.4741837734723634,-0.7988944575641646,-0.6161873044669911,-0.43947263932268793,-0.7485281645089549,-0.4454399238113623,0.14680435266288974,-0.8271663795191972,-0.9324768147255214,0.19941374731690775,-1.0070847948647093,-1.2121515460065277,0.21280549657935185,-1.09151650436929,-1.4009994865306927,0.27018072057917675,-1.1639395205348926
J,0.0,0.0,0.0,0.06816051112876738,-0.6270989367839904,-0.03847295172211465,-0.02250938744481224,-1.0996698820703512,-0.1992156663768932,-0.2182139071789529,-1.399105771299558,-0.30843737253742703,-0.43740668533678884,-1.3611891528367583,-0.4029929491639266,-0.0559910483865509,-0.8251965963235117,-0.8343256254983651,-0.6239488054860822,-1.208588555509508,-0.9183619003218203,-0.578809413625159,-1.230133471690881,-0.7435132781268462,-0.4156518120141052,-1.0935012297769786,-0.6058591983412042,-0.19285631795360383,-0.46393003217049134,-0.8646244074022345,-0.7791223068082868,-0.8504264461376652,-0.9705282759015252,-0.7090083891199515,-0.8661303422609262,-0.7690917404068262,-0.5418959753382822,-0.8084071474585631,-0.6432218535574523,-0.35128926454257015,-0.158487603573393,-0.8514137523320365,-0.913913862515773,-0.5090723659087633,-0.9194609237650522,-0.8186919506697823,-0.5470922597500688,-0.7663955098166996,-0.6122964938146455,-0.4942747228445662,-0.6973810800785459,-0.47837681765193785,0.0721419550311715,-0.8298215338596086,-0.9577269321993611,0.08069879238912676,-0.9950888486188388,-1.2345168689405137,0.054758246941776,-1.063541070112082,-1.421233179195983,0.07501074995314955,-1.1223754429561967
J,0.0,0.0,0.0,0.1271335150811652,-0.6254116475905783,-0.04803223299946571,0.09188668802970834,-1.0962514851079415,-0.2123816245756647,-0.05792139475438107,-1.401596833604654,-0.32292599048735116,-0.2794737281649803,-1.376820666333074,-0.4181143539235239,0.028248607168013994,-0.7869958507713035,-0.8572262101646644,-0.46482947611136965,-1.2532912649719337,-0.9543100518194852,-0.4446091621759316,-1.3261487994888734,-0.7726655549750472,-0.31449805083860993,-1.1889829277720994,-0.6210860858830259,-0.1498135691934057,-0.45520799057344724,-0.8776910503153242,-0.6647889788559062,-0.9424151586836265,-0.9815210418255563,-0.6022132801982074,-0.9605669439065652,-0.7527133130948133,-0.44883049694403887,-0.8854945764286916,-0.5987250436124888,-0.3395674362080938,-0.1949958263158837,-0.8569020548142271,-0.8419884173523395,-0.643922792623734,-0.9284161048498409,-0.751191695973467,-0.673664617527331,-0.7465742496702752,-0.5538423524611547,-0.5887901702048738,-0.6487367125356293,-0.4948530890934616,-0.008875181470648492,-0.8296765105834419,-0.9606431440359581,-0.0775945917607782,-1.0089316761706368,-1.2269094085737866,-0.16003368294783868,-1.072539124580315,-1.4029634067251862,-0.17673400810610165,-1.1172180036480237
J,0.0,0.0,0.0,0.18468249025135644,-0.6084928475471314,-0.049013938506746575,0.19590677830960374,-1.0836794305006265,-0.21267194998006225,0.08098636497086129,-1.4236412925349418,-0.32357454429452187,-0.13409076463687442,-1.470072862424965,-0.41977755325774174,0.11950455912280152,-0.8005131292657168,-0.8423737356677561,-0.36420272387761216,-1.359415246724551,-0.9408695478597003,-0.3397117315857466,-1.4476315501977597,-0.7675709933203178,-0.22205267407432286,-1.2991311241386685,-0.6205382676742452,-0.09453004446129114,-0.49404837686747105,-0.8642802045683817,-0.586613539276022,-1.0588369291314164,-0.9741784280167964,-0.5338707549681038,-1.0978364349040872,-0.7643815932351117,-0.3877803610466738,-1.0100978111069647,-0.6229553268352408,-0.3105541641574527,-0.2585846682375654,-0.845811529184527,-0.7883427985828639,-0.7775320784821934,-0.922053548030374,-0.7278252840759052,-0.8333105368704682,-0.7633079588160342,-0.560836522758687,-0.7507779109448185,-0.6802775196081163,-0.48202237650658275,-0.09048753216119082,-0.8202117673569131,-0.955961939161879,-0.22794179336025808,-0.9946533580402127,-1.2266184808003007,-0.351823635333012,-1.0597508336993575,-1.4060865249611194,-0.3909358893003029,-1.1054052463907502
J,0.0,0.0,0.0,0.20240582412028651,-0.5817760685438031,-0.025785955383847623,0.2517283552545089,-1.0466146692223322,-0.17395519020417038,0.14728196459574472,-1.4029475641030758,-0.2731689911455472,-0.06248799733114772,-1.5164583126992113,-0.36021626458205136,0.14503685082530565,-0.8548041926934796,-0.7879858712671126,-0.303666122567525,-1.4538143827024392,-0.8583265426547305,-0.3053343646287919,-1.5073075189898288,-0.6749251902530782,-0.22027523267899635,-1.3344168197876218,-0.5281496110524253,-0.08182776385769269,-0.5697013394698734,-0.8177680605576876,-0.5450753764250306,-1.1742229972490938,-0.9078959539839183,-0.4823934526823197,-1.1483498894938067,-0.7045254053313333,-0.33629325189254927,-1.021646762464039,-0.575246144019634,-0.3087986027220452,-0.34509972727936045,-0.8038659114577344,-0.7603610804186017,-0.9072542423475718,-0.8622791586905734,-0.6801076824082519,-0.8953938613236474,-0.705106630490561,-0.5154087514450197,-0.7781600422400499,-0.6325985346275853,-0.49019752640544306,-0.16900029792533916,-0.7796585920009558,-0.9483592011570359,-0.3711146783528194,-0.933121426678222,-1.1978407012610834,-0.5052155043314389,-0.9870175341334759,-1.3762369317107481,-0.5674666739795676,-1.0329302848769573
J,0.0,0.0,0.0,0.24609651795592222,-0.5598969221146118,-0.025127914920773625,0.3388006059110678,-1.0357531697059688,-0.1542456876847514,0.2807182349562821,-1.4074041566137643,-0.2284329249987218,0.08326168177518911,-1.5374240055933814,-0.28526307581144167,0.2149615013790687,-0.8457852851870715,-0.7875495579646147,-0.16483927736848633,-1.5245472488829626,-0.8487958050024679,-0.17112406311297182,-1.5395372621248522,-0.6496716690255763,-0.09334710267914065,-1.3360696900927718,-0.49075480255231935,-0.02843652775050243,-0.5834448258907778,-0.8116547905549347,-0.4599234424077574,-1.2967401044091524,-0.910108312518152,-0.4192436245771315,-1.2871008099522123,-0.6993980175478004,-0.28165888680802503,-1.1193381696885123,-0.5551215888514038,-0.27371355587128704,-0.3872291956460584,-0.7913781789159597,-0.6698163876329386,-1.050080578169548,-0.8568548899520785,-0.6074409962039226,-1.0648228348421562,-0.6958554278516887,-0.4642931768761971,-0.9336468434133284,-0.6086815381497044,-0.47407684509477155,-0.23398064554000056,-0.7600693211848464,-0.9081652860406323,-0.5386066486315509,-0.9165978884102693,-1.1460545589722906,-0.7193428435211098,-0.9671426155670712,-1.3189854341956588,-0.8031003676794717,-1.0018949603665837
J,0.0,0.0,0.0,0.22085469560749244,-0.5244344621360237,-0.03477918836777945,0.32555595525164466,-0.9696503187523691,-0.1525096215814086,0.25997729703046557,-1.3380866159731788,-0.21634234646791045,0.08439244230462416,-1.496541214698614,-0.2565091707638862,0.19889912591034808,-0.8553301296203352,-0.7460723014889304,-0.10236777062310462,-1.469212388383271,-0.8373154921084297,-0.1872876906965485,-1.5577963401460775,-0.6568499292877246,-0.17132317903003305,-1.3881486877860205,-0.49160855508358337,-0.05744552958969273,-0.649956629555711,-0.7577970644088957,-0.4441058144272364,-1.317482669590303,-0.8872723915014964,-0.5264677442938953,-1.5226107416965646,-0.6790881642886384,-0.4998191919622023,-1.500928451030174,-0.5104171074738721,-0.2971655568455528,-0.47084746012244627,-0.733214184570645,-0.6187741996107528,-1.0170291474693303,-0.8427208313155428,-0.5906663126351024,-1.1584932071762983,-0.6811219080664944,-0.4862317154685944,-1.1141072146914093,-0.5551700878463443,-0.4905352447096533,-0.32047382697026255,-0.6973552364372478,-0.8627874465946873,-0.5942150932016977,-0.8646546279367571,-1.0936403694438948,-0.7984791665705256,-0.8961022585627423,-1.2440433924017507,-0.8942914717954311,-0.8898146866288125
J,0.0,0.0,0.0,0.2298431931297633,-0.5113151486116138,-0.02249221559533434,0.3290327925494747,-0.9745853350043048,-0.11893450929035165,0.26822619579130874,-1.3724463914159102,-0.17106866684818464,0.11735066266118262,-1.6318275888426579,-0.20395661016495117,0.19101540048546245,-0.941042150590493,-0.6391124625966185,-0.09161033352308438,-1.5776651320309794,-0.7316409617643775,-0.20086989534149752,-1.675826124755876,-0.609444747794459,-0.2263721431963092,-1.554628578162205,-0.49489727327289573,-0.08388646708784589,-0.7492636159849575,-0.6569376640143765,-0.4455158519789883,-1.4150697889470685,-0.8025834511227709,-0.6031151509028548,-1.723788116841961,-0.6958294758398688,-0.6882116123655578,-1.8658880853463307,-0.6130748105448774,-0.34072791849061085,-0.5715734417855953,-0.6374595892593401,-0.6422033200676731,-1.153479133510744,-0.7519280351275047,-0.5924178960794937,-1.2707985828398032,-0.6638780121126451,-0.49892727779937623,-1.2457960668023516,-0.596048933194769,-0.5434680657323875,-0.41287466916285886,-0.6037558791374662,-0.8943079890690497,-0.7399136304971177,-0.7442864221924786,-1.1143874608086464,-0.9382800892009799,-0.7834936319989402,-1.2751847726357364,-1.0740316481555598,-0.7965207391129251
J,0.0,0.0,0.0,0.2311498770514674,-0.5081749476299834,-0.01877082004696375,0.33543847372746305,-0.9760163623548311,-0.1110326751687647,0.27382215652200886,-1.3781372200772748,-0.1594727307512707,0.11846732712673762,-1.6204485459737483,-0.18623450090197632,0.19233760922621962,-0.9478516797212997,-0.6261076238688199,-0.07937907196236199,-1.5887663745318037,-0.7056634357094611,-0.14904443764060907,-1.6348454620424198,-0.5833277204517341,-0.1394468111867027,-1.5157229428781438,-0.4766172475371257,-0.08473176541881922,-0.7599446359433004,-0.6444413691174821,-0.4328489831727423,-1.427953093585795,-0.7870172939488049,-0.597337278497023,-1.7640407251051766,-0.7041881420534383,-0.7015969743124195,-1.970809867914412,-0.6499578605833239,-0.34478599658003084,-0.5894441676347154,-0.6219563010764432,-0.6212524230509221,-1.1976259382857783,-0.7341738964965893,-0.545740508551035,-1.281365070300174,-0.6670579995926219,-0.4386229622510098,-1.2436872406514103,-0.6212250457849104,-0.5487487387883414,-0.4450345070177689,-0.5837902930172574,-0.8802500260449547,-0.795523818483943,-0.7147207589865074,-1.0962870555441728,-0.9847593490738777,-0.7588818297677472,-1.2594423383723035,-1.1258898735843854,-0.7847661233428518
J,0.0,0.0,0.0,0.4321755200662194,0.13587434572751883,-0.2585317279415891,0.7375842819223319,0.17197340116691054,-0.45903400593995874,0.7311578695521096,0.13913135046966335,-0.6219168616666204,0.5770695212176797,0.05990101696907183,-0.7712464925921327,0.6527953001967948,-0.5791053585436474,-0.6097290547873649,0.5046833194037206,0.05483344854994579,-0.9313335683431149,0.43454549934737463,0.3506879278538166,-1.0669576007112211,0.4456447069094663,0.2572842808034074,-1.1370739820857305,0.29080717713866844,-0.7277822821010563,-0.6210991350697709,0.09237392036344508,0.029856044292693402,-0.9119336549022661,0.08814765271670369,0.30845807936796504,-0.9274797977932844,0.18146705244708314,0.16244524700815716,-0.9226594441740866,-0.055197236182360575,-0.670374851813104,-0.6469332910244034,-0.20518426418762795,0.0005162032610968554,-0.9289345295986889,-0.15861726987241134,0.24654785593551945,-0.840604899320927,-0.051910418273287025,0.1030801970850003,-0.7508283255088963,-0.33250390590353646,-0.5390032992300783,-0.6952587178469013,-0.49473392864481835,-0.06529284545097643,-0.9113151154333399,-0.5396814650328625,0.08359310525433938,-0.8690275667452015,-0.5365308162513918,-0.005393838358326779,-0.8068379704900728
J,0.0,0.0,0.0,0.42955054795541403,0.21276027003884393,-0.26982254463716765,0.7864321290204215,0.3061324146540398,-0.4678458489937056,0.8488010722830801,0.31134525509852423,-0.6315117478778066,0.7386334443802769,0.21459197980745276,-0.7761335320644699,0.7922468571867202,-0.5139174315070102,-0.5685818346989835,0.6731434844922812,0.12242642648487627,-0.9022265459166786,0.5129626827085183,0.44734512966312046,-1.0542176269008439,0.4561340983261033,0.3649350851696682,-1.1395351234727265,0.4198842663411903,-0.6868654686062735,-0.5932225812588431,0.19044959452134969,0.11549486221254461,-0.9190138456431559,0.1484999562070809,0.4126630216039153,-0.975602290903812,0.23191402685636647,0.2856682321123568,-0.9932236099032945,0.044949221451871496,-0.6351300510862278,-0.6364072333414835,-0.14264668610771872,0.13918107996211485,-0.9358325596849385,-0.11515801627700298,0.40072382188231426,-0.8492789054060317,-0.014487015086719261,0.25073164170059514,-0.755386708680321,-0.2720873924290356,-0.5178207261801439,-0.7059381565196858,-0.3835130008685428,0.07348943489014277,-0.9297100240258173,-0.38453867386349405,0.2706414539721861,-0.873164872443397,-0.3520131541502278,0.18187463038167853,-0.7933040512395584
J,0.0,0.0,0.0,0.33458766544029844,0.0019897483295629923,-0.29341881151432514,0.6270699770394698,-0.11911889690522193,-0.47490805722877716,0.7117415024664829,-0.22611122691498883,-0.5925212402092536,0.5110644562197059,-0.18197481813145003,-0.6915355714645376,0.2756166165047557,-0.7738499497729702,-0.671009260903094,0.24957309005835035,-0.054749132261294076,-0.8736125575479804,0.3176499034894234,0.08126094679733525,-0.9161901543672076,0.3536395349913342,0.08880511625889387,-0.9228506259730349,-0.0722604995168341,-0.7770976455888617,-0.625218097490648,-0.04943830296322536,0.05283115783348946,-0.7831437515417974,0.06141971080430782,0.12022743749401262,-0.7399732144076356,0.12407730169792193,0.12369660706390145,-0.7235192671455523,-0.35254564213759626,-0.6073520749755864,-0.58944799891784,-0.354834497216936,0.08266097731367529,-0.8115517153804146,-0.2276423546600508,0.13270203457432053,-0.7845537425179733,-0.11245710700323983,0.08789344122921189,-0.7571719989971504,-0.56217465166185,-0.35748090350891293,-0.5754524908876695,-0.7875476327301811,-0.029050852930081583,-0.8198586656448442,-1.0285086602029536,0.12889362346061045,-0.861890341378656,-1.223512125993081,0.24515972748696246,-0.8733811233341473
J,0.0,0.0,0.0,0.3093512842745383,-0.041102832663010735,-0.22829856024339729,0.6034483341091568,-0.2710677063763661,-0.3670905075350745,0.7165313839135397,-0.41826458995322424,-0.4566564352616794,0.5194368313307044,-0.34770236462908277,-0.5290636054396067,0.24847140585018943,-0.8895924206273486,-0.5396151198374286,0.2424751333017387,-0.2456700539107365,-0.715513204083109,0.34664286955297746,-0.061258185668974806,-0.7413759631475912,0.3830685157117356,-0.05907668237238462,-0.7377763946615352,-0.10291101660694989,-0.8478578530193748,-0.5201407345462383,-0.03238811880086885,-0.08261596286518912,-0.6465187966804508,0.10582404108835793,0.017410937921016566,-0.5815769946300128,0.16627836054862016,-0.003239530927991721,-0.5438266127649471,-0.3670994889566208,-0.6351458734324423,-0.5115228720345437,-0.29988978780265957,0.017826811750058444,-0.6997180695253882,-0.17513174793526615,0.09157207138109737,-0.6505933770171096,-0.10185709782071885,0.046733417991287704,-0.6036158129132361,-0.5549382808150427,-0.358472528287763,-0.5215625050335811,-0.6818019570878426,0.053368909452690565,-0.7313947711338805,-0.8792797328550614,0.28194015093089747,-0.7543789906674927,-1.0700512129539215,0.4356708320511888,-0.7460855068075614
J,0.0,0.0,0.0,0.31169313992353465,-0.03963389760097721,-0.2969635986110502,0.5729151268162199,-0.2660302401226944,-0.467816398922069,0.632983064537263,-0.38661056994270687,-0.5713215346813083,0.45758793333826936,-0.2792984180504846,-0.650919991078416,0.1303930535986457,-0.8518096773194314,-0.6515518022696739,0.1774646308281737,-0.12531612698262332,-0.8362646836981215,0.2994332017501719,0.0191541258407388,-0.8535310217236781,0.3515718447108101,-0.02741726157440279,-0.8453590634476079,-0.2054321011984016,-0.7756722128872828,-0.5967665120897414,-0.07658877855610063,0.027857142788311782,-0.7408644093241368,0.06586413729015321,0.09714343587712147,-0.6711253729976195,0.12573185617406624,0.04834491758558037,-0.6283744353847616,-0.44768817653193294,-0.5380416071344463,-0.552549768225824,-0.3636009810126774,0.1026766785152398,-0.7620489485328457,-0.25555969528245526,0.14247320926158039,-0.7071580468463899,-0.19396389204552483,0.06558317352584356,-0.653502828368532,-0.6111342017993612,-0.24564221746555198,-0.5305167999083841,-0.7412905941601143,0.1696057913759095,-0.7646580100603732,-0.9264959481886693,0.403645177172827,-0.7953880287754573,-1.1170882750624784,0.551707650331737,-0.7897971928529968
J,0.0,0.0,0.0,0.3169765151524443,-0.07128586317822826,-0.2938115789514799,0.5951032199704948,-0.30161393771385203,-0.47337547157945925,0.665348691886472,-0.45376584872979703,-0.5880168395585991,0.5016839421207984,-0.29828323058197437,-0.6766889139351315,0.11990152799737379,-0.8450473988507418,-0.6714021984755882,0.21747698705317864,-0.1513158147651906,-0.8564744171774337,0.33545706517390567,-0.05131442520249784,-0.8608081196898283,0.37939184236852647,-0.11025339050998723,-0.8414460017715351,-0.2218649645223312,-0.7497408658022487,-0.6234296846185615,-0.04608845986211404,0.06696336487942717,-0.7611871641068775,0.07906202393990029,0.07561767407014601,-0.6718187187536573,0.12971685563305776,0.007326973653061008,-0.6152574476308968,-0.4578722657664383,-0.49454918621003574,-0.5844521899019824,-0.34346487668935444,0.16453431314794115,-0.7856757190266203,-0.24072252905574953,0.17557933960282554,-0.6989333521776623,-0.17143669075858978,0.0922575318583941,-0.6216394113465189,-0.6107850447418673,-0.1816610449450692,-0.5704069806162277,-0.7011288387147894,0.2603067668708017,-0.8051125559537479,-0.8821203227656981,0.5094692699663196,-0.8195009488467778,-1.0601368698436386,0.7008555723105226,-0.7963643932855253
J,0.0,0.0,0.0,0.31546651428636785,-0.06775362020249238,-0.31801332242896996,0.5936206047679493,-0.27662383049744854,-0.5198536959177092,0.6627235711086845,-0.40270051756590286,-0.648430704178205,0.4993133220342721,-0.24167524070644858,-0.7505560599507568,0.08641573622314386,-0.8044492329562886,-0.7320322898122565,0.19391515163702894,-0.07136387918192005,-0.9353728195710463,0.33233669397045057,0.00831941285838799,-0.9539927320797033,0.38152310138651746,-0.0905317084430171,-0.9459300390300281,-0.24912244765028313,-0.693046393579829,-0.6764796393260663,-0.0635495964411867,0.14883130461664357,-0.823023499014537,0.09153803259948749,0.1511716679380945,-0.732060206815873,0.1499411330685064,0.054012331633913634,-0.6786861759669957,-0.4835150678206409,-0.43143126903707446,-0.6313360222196092,-0.33628064496699556,0.275272151868042,-0.8388955911515714,-0.19707538560254614,0.26600778852693036,-0.7515129644506947,-0.11202969637672355,0.1521699741561894,-0.6784755957491163,-0.6253646432613204,-0.12443300970148291,-0.6138395686580533,-0.6994053476150657,0.3520513466287547,-0.8510669673862331,-0.8636607602846015,0.6175314090298814,-0.8661600074745672,-1.0359287174437912,0.8210587567528196,-0.8485246249080691
J,0.0,0.0,0.0,0.32484863860088187,-0.0703575872819294,-0.32669427632992193,0.6232441873021057,-0.272897515538033,-0.5420740107013594,0.6926365789148662,-0.38841605975628957,-0.6831994279891583,0.5230114667134823,-0.214459318988368,-0.7991437305707926,0.08486056241083284,-0.8201519384423824,-0.7434221535044291,0.22242575492848618,-0.03611180587981517,-0.9521482901004337,0.373287850444111,0.03024197832626673,-0.9773295584267908,0.4150402825503379,-0.09423876791957465,-0.9762102048944975,-0.2625793080716842,-0.6739333204839706,-0.690554839613803,-0.05445175255556444,0.20347946935313324,-0.840012923380523,0.11781224731174078,0.19836514590605828,-0.7559204619319446,0.17471070867247052,0.07273209459664277,-0.7128454367788118,-0.502222506929681,-0.38463500595949585,-0.6476914262757714,-0.31268253383954137,0.37557187546547083,-0.8497682664617318,-0.1518216072376731,0.3537922190605537,-0.7602964867341007,-0.07144429652332698,0.20755316961654588,-0.6927834077456881,-0.6369703051177851,-0.05736101176019936,-0.6345626989834855,-0.6775076015017254,0.46403314156716,-0.8572540248196712,-0.8051714349452455,0.75080455754601,-0.8613127471143198,-0.951504807187418,0.9641811614179843,-0.8418987648630502
J,0.0,0.0,0.0,0.3268467463795066,-0.07343430718995922,-0.31783158223398694,0.6260179627678532,-0.28370451171482236,-0.527161655859008,0.6921104061236496,-0.40491686075578287,-0.6642636133413095,0.5347244263602502,-0.223197935220365,-0.7777021192592275,0.07937528290109004,-0.8207634413392348,-0.7369216144218942,0.21737284693203648,-0.05055189341687201,-0.9291146220864933,0.37195394770712814,0.03532037660542049,-0.9353212701022412,0.42514053470024077,-0.06028038658489141,-0.9205955778450694,-0.268408613001814,-0.6768621345040821,-0.6854301330850727,-0.05322304421447615,0.17874277517525772,-0.8190238199124189,0.12236687942984249,0.18898151430525412,-0.7163893727613,0.1872858656690703,0.08765215811039288,-0.6575070042628651,-0.5041541929928272,-0.38598516868160304,-0.6425434868127136,-0.32588861957465104,0.3358892232374432,-0.844944128616316,-0.1731260360285939,0.31610551814314247,-0.7474345583976778,-0.09381792749708001,0.19185124060645528,-0.6707507492558882,-0.6356114866482715,-0.04933608386867688,-0.6275482050388419,-0.6867541421883446,0.4706112222817121,-0.8664030818165482,-0.81812525717797,0.7857520978612872,-0.8719019167579514,-0.9710027197556004,1.038626211271552,-0.8475781240755518
J,0.0,0.0,0.0,0.3441163611468618,-0.08852247851295622,-0.33418342477796725,0.6625668666490405,-0.3347298789506251,-0.563194032154133,0.7430085276828751,-0.4559447359251124,-0.7218059825149665,0.5895618670570177,-0.2398680098287971,-0.8525166271159893,0.0735792585366637,-0.8323903674349311,-0.7586235868377889,0.25831516619535017,-0.038959601538529065,-0.9823237180005289,0.41609171655940824,0.009133328224877014,-0.9947840505319038,0.4476733637269981,-0.1385738242649204,-0.9757310923331829,-0.28502899170737855,-0.6489448801158403,-0.7054282503966741,-0.007015981491967567,0.2690989415480473,-0.8568705186400717,0.16484977935883793,0.2365797651630134,-0.7300189719906661,0.18751346567756974,0.055375363513505554,-0.6451264392438489,-0.5242491154916005,-0.34222492311485175,-0.6668541775438688,-0.2666473537293132,0.46507903719536303,-0.8673152687671908,-0.11888084547172745,0.4040655244388788,-0.7285769187470209,-0.08192490653162793,0.22021638546398128,-0.61671412248868,-0.6549881405826861,-0.01196067373204179,-0.66331740087225,-0.6299975784272672,0.608469273885274,-0.8818544316521043,-0.7119401619498485,0.9311285249766429,-0.8581953199162005,-0.8335624816745224,1.1785428260260085,-0.8075782293666142
J,0.0,0.0,0.0,0.34071754981875274,-0.09894688606585063,-0.3421635730720282,0.6686133363759552,-0.33653694247684307,-0.5794863538019525,0.7573345731467923,-0.4510385911894564,-0.7395075597546042,0.610888933937124,-0.23786025491238827,-0.8712391531089624,0.0832672540395366,-0.7978419400669923,-0.8115923467891062,0.2885851521822474,0.007391487850684689,-1.0467064496248077,0.4351452685214134,0.021404787532452892,-1.0641414788262058,0.44851262491078214,-0.15256586259675442,-1.050514640943309,-0.27715578804898416,-0.5954986611232422,-0.7540331648882378,0.018569002299053124,0.32434374796463383,-0.9224869916491012,0.1803480817051221,0.2523537090224182,-0.8037022745042052,0.19562209122152818,0.06963197245347125,-0.7283189223511002,-0.5189188199932531,-0.2827034634096749,-0.7076113086562332,-0.24267706281227208,0.517345368383562,-0.9204151179841009,-0.10123285631984753,0.42618455091262203,-0.7904709104495233,-0.07593276118524009,0.2233687493492434,-0.6874164063604995,-0.6460722212516945,0.04675245968683737,-0.6953081024344714,-0.5892753271301547,0.6776977867119484,-0.9233920104877609,-0.651741843171609,1.0076598448618566,-0.9068602951464981,-0.7642840656123812,1.2601720356975934,-0.863795216871288
J,0.0,0.0,0.0,0.3419118963032335,-0.11022743571896712,-0.34286088336669823,0.6721087791820665,-0.3521196754077578,-0.5856053571410212,0.7584707576366895,-0.48835746636392946,-0.7520775815414762,0.6037545900090631,-0.33779014424380743,-0.889976055721372,0.06200738769015211,-0.8148722206325106,-0.8027276538300703,0.29944162627640286,0.030684942653846085,-1.0336905094534672,0.4310548236784584,0.00530660660127611,-1.0458054737780702,0.42855513055219246,-0.2074298575448461,-1.0275725508445623,-0.28879857802685976,-0.6024903903692697,-0.7440434871983954,0.04584727480515371,0.3278889404059303,-0.9010642912531769,0.18842912564526398,0.22236221792853728,-0.7663987266381643,0.17763367675028077,0.006450659700484519,-0.6772366080705506,-0.5240493749849483,-0.28842426914001695,-0.697946726892188,-0.2118106100662582,0.5264526283376977,-0.8961132055226655,-0.08325219893502392,0.41132837441963777,-0.7409066948659803,-0.08193945686742364,0.19212399462693355,-0.6189200172813302,-0.6448600275889524,0.04382607132441237,-0.6887488238106751,-0.5469425322584371,0.6913049709570701,-0.9092553824516396,-0.5828366741168971,1.0042072028126285,-0.8819129326839217,-0.6784173595506645,1.2441390380083297,-0.8263077429017094
J,0.0,0.0,0.0,0.33022665530976425,-0.13516316344726859,-0.3314675645352529,0.6397224043894404,-0.4422125593768995,-0.5499516843097376,0.7233070302605122,-0.5886159871483152,-0.6926531413389095,0.5734660727291646,-0.42156837907007527,-0.8052581450679961,0.02003661161968896,-0.8506702200811979,-0.7649452074789225,0.2734080205161336,-0.03732349176600508,-0.990546780856551,0.4229790557919296,-0.06291949491986365,-1.0059734386712853,0.4228153484311618,-0.2771349615031373,-0.9915356025490459,-0.3312953005814431,-0.625282862982193,-0.7065867003230696,0.03621099630840636,0.29598453234916366,-0.8657508570133825,0.18199434996929473,0.18086902427211202,-0.7446709928147858,0.17178895003285846,-0.026756246591681233,-0.6645009159580619,-0.5553921629496333,-0.2914263867268329,-0.661843107467025,-0.22169533385264106,0.5033585578884452,-0.86788205725314,-0.09865934534177455,0.3980641921926943,-0.7311318418917613,-0.104354672452296,0.1882793808763915,-0.6193529675450019,-0.6671787922829768,0.05620099680454337,-0.6515397754487009,-0.541810623513553,0.7142266312050667,-0.8832891448923064,-0.546174366644972,1.0324594486252447,-0.8694885169347223,-0.6164338954635472,1.2648777770162736,-0.8215363897341054
J,0.0,0.0,0.0,0.32529910244617916,-0.18240844234050502,-0.35403693856116814,0.6174445498870003,-0.48437707904492694,-0.5957031923335981,0.6556741206204081,-0.5813822055618689,-0.7497575970923495,0.5206267247098432,-0.3425313199051769,-0.8702365069989053,-0.08454489253278101,-0.7688107191676381,-0.8451404337287269,0.30377658059548557,0.03884451875576232,-1.0679154447185235,0.42768918366516956,-0.06003428009074306,-1.0742377297841392,0.38163891714786663,-0.3004639661348569,-1.0540475678597256,-0.4090422398156065,-0.4750444644426097,-0.7791130873301167,0.10080930403642568,0.40191605805856556,-0.9120987682731547,0.20103874816428244,0.21754663493635465,-0.7682769552887345,0.1296291651569452,-0.011456022051593826,-0.6792708479508655,-0.6016654415909249,-0.10513535547362146,-0.7237797908219964,-0.14894113583914825,0.6458160079759503,-0.9150081165246422,-0.06598476293657474,0.4643514853161555,-0.7626021529988659,-0.1371899123795557,0.23620725161898906,-0.6431337972426273,-0.6628152930739489,0.24698869232808576,-0.7056464842437169,-0.45418153323791327,0.8848774223153557,-0.9250698390688135,-0.41925205726256276,1.1928680359566088,-0.8955405555914041,-0.47114556548919784,1.4718396263667006,-0.8373306926845818
J,0.0,0.0,0.0,0.3106441017431732,-0.22291282366314774,-0.32875525979072695,0.5833773611313187,-0.561472477735161,-0.5645642457690079,0.6062466373743268,-0.6811022835159503,-0.7175840555769764,0.47033685999132185,-0.4660523884256386,-0.8414250160269862,-0.1336284781265135,-0.7967371001572696,-0.8192322959261968,0.2739517516472036,0.0007183574703928463,-1.0141838984866136,0.39000178384357476,-0.1089536807362705,-1.0111586507891344,0.3326972646538382,-0.3429930634408363,-0.9898901679286031,-0.4368640350255459,-0.47614428230866956,-0.7631752336953554,0.10489039415116182,0.356729901482919,-0.870571732671063,0.19018007969264245,0.15737508854470247,-0.7312359743854456,0.1271593111611819,-0.0589086040153767,-0.6497054049377441,-0.612302892794821,-0.08662996119758129,-0.7127723771026097,-0.1247384547145659,0.6258629803390338,-0.8789619504386617,-0.05945037556005786,0.427677617156742,-0.7333314716753683,-0.13817642971741986,0.21044993869742498,-0.6252373513211966,-0.6551234163444031,0.27920588236879856,-0.696892974133369,-0.40068054204262427,0.8931502178691633,-0.8993539219848031,-0.3377864940729512,1.205053954910936,-0.8683911515753688,-0.3641787665058104,1.5081675638407677,-0.8121972475950128
J,0.0,0.0,0.0,0.2996458754997858,-0.2536294442510588,-0.3417118131670777,0.5692156078783691,-0.6008649457854345,-0.5884976343439231,0.5968487517164817,-0.7215971640853436,-0.7511845355465454,0.4674246160992718,-0.4776005546972509,-0.8820731000739455,-0.1458428645944326,-0.8011552498475425,-0.8306245833235811,0.26973517906270544,-0.009016199268343352,-1.0409124789732989,0.3857442654153075,-0.11317472342198356,-1.044148767693561,0.3205131207293252,-0.3492140890725613,-1.0245807465712067,-0.4345268491196201,-0.4649113100381339,-0.7713908809370259,0.10568060139674812,0.3369252382893461,-0.8986043843976761,0.19059022624857755,0.14755715669862587,-0.768009221665364,0.11645608265707234,-0.07112143365051728,-0.6879597947272196,-0.5993443198290294,-0.07311646910466825,-0.7191036010994675,-0.09710172318818956,0.6144609221256613,-0.893251716529499,-0.034706876481762884,0.4277183794344307,-0.7503698799440259,-0.12974390245406583,0.20824222641504583,-0.6432426682127168,-0.6344764233147202,0.2850772145605096,-0.7024503280656603,-0.36467303377698196,0.8767971190692054,-0.8995112773328641,-0.2974660428721416,1.1763939733292512,-0.8672761839871304,-0.32375013509293876,1.4498399312370038,-0.8119415245817942
J,0.0,0.0,0.0,0.3082325313846299,-0.2623295451781598,-0.32259499364675265,0.5841831615314009,-0.6404242850395876,-0.5680641544139569,0.6049798392717093,-0.7765858713063124,-0.7312702724591081,0.4731818230002008,-0.5113289100540561,-0.8639728152089592,-0.1485529226917167,-0.79306473558331,-0.8332549022906639,0.28968293354694796,-0.01390798176355118,-1.029139199859118,0.407632418147454,-0.13025364982237878,-1.0189206307210668,0.34013502079588603,-0.3651194231733945,-0.990536718416554,-0.4412883512996122,-0.4397144267988501,-0.7822504802633417,0.16187742517615247,0.37600379994906263,-0.874556935618328,0.23549567714060457,0.1538845606265529,-0.707407072107925,0.14478285165413526,-0.08711041706944651,-0.6076786233869843,-0.6004866814343083,-0.022433893210384973,-0.7381593024251494,-0.05212169967956078,0.6680520456051665,-0.8964741474063939,0.00022778069167527748,0.4519913718940784,-0.7300251604084257,-0.09197096311922703,0.2369951220310388,-0.6092586014435185,-0.6290160460719948,0.3533903874985377,-0.7291982864386088,-0.2986398581647597,0.9518056673935936,-0.9308066593505773,-0.21901380696005116,1.271560328091654,-0.8935420554823216,-0.2412279352215764,1.6074710524237439,-0.8335543236837532
J,0.0,0.0,0.0,0.29552712901997236,-0.27598861686297915,-0.3244240607771549,0.5817732012130777,-0.6658857070653957,-0.5956699495033303,0.5990101906599035,-0.8251619888373332,-0.7895345416646093,0.48276187494324696,-0.5426213782476849,-0.9570887918610509,-0.1575165891137928,-0.7280251468920113,-0.8716212925416992,0.327239581864046,-0.02033619710387181,-1.068611907760221,0.4050785390812841,-0.15862986747577798,-1.05224330220931,0.3154901695407648,-0.3684452720494909,-1.020602970659993,-0.44095746087696885,-0.3510391071293498,-0.8260315145094437,0.214477184505555,0.38791350359442434,-0.9248551748115957,0.25265930235931344,0.15322110503861472,-0.7497691020220182,0.15869747073118787,-0.07069443099698869,-0.643525189598375,-0.5811349863216586,0.07649442217461809,-0.7831600901507865,0.0028003477210013557,0.7035624738514862,-0.9412414341829168,0.01242812223402998,0.484400751882565,-0.7579604746923773,-0.09767565997111356,0.2811465444490052,-0.6275136764906442,-0.5818573706127589,0.4544207161257652,-0.7762367805237348,-0.2315378030830688,1.0132308986918412,-0.9753466908654403,-0.13880855952263943,1.3209435144994466,-0.9247073345240843,-0.12248053265845363,1.6510160743686646,-0.8560088729095936
J,0.0,0.0,0.0,0.2912907614688464,-0.34411889368629744,-0.3422074369817137,0.5334680420328531,-0.8044293220352136,-0.6074247517806695,0.5341855368360401,-0.9931171137858349,-0.7916129969135753,0.41738895705081125,-0.7202771097673056,-0.9479112955384449,-0.23447127202217236,-0.7475446845455551,-0.8793636855929747,0.31247739019236354,-0.11309111157442113,-1.0896373110964641,0.400483039896368,-0.25283920829018497,-1.0828584493046547,0.3035481231838546,-0.44935238890608814,-1.0553073245999587,-0.48738013327320767,-0.29732717814313464,-0.8210098384477685,0.25603960590179203,0.3386000227683771,-0.9353636265201912,0.2979644507550934,0.10676967221207631,-0.7683444897047426,0.18032008008070904,-0.10181460909168555,-0.6650693342610977,-0.5800951548078374,0.16904531025869113,-0.7666554054041227,0.08703276071103314,0.7003802736820216,-0.938404359446665,0.09934279531185847,0.4946219620087784,-0.7524500998772747,-0.017632421793362003,0.3198737722639504,-0.6137846995274645,-0.5510732610529477,0.5609897981383847,-0.7501219236709424,-0.11846097367062193,1.053114649520858,-0.9607054355437871,0.007377322803692501,1.3395470303373596,-0.9111259555389302,0.042257515711093915,1.6604392605711562,-0.8368639439135507
J,0.0,0.0,0.0,0.2897259179749487,-0.3460662639108946,-0.332463735093825,0.5355365514055989,-0.8207578637843221,-0.6006806102731623,0.5389382800375963,-1.0394461968352844,-0.7926740818627178,0.4102369316886575,-0.7919465542314696,-0.9600313898460809,-0.24592848749764631,-0.7640634326263802,-0.8663887498129771,0.31657886253583595,-0.14950590364015162,-1.0655356233055484,0.38416171936574384,-0.29704821207826415,-1.0539200240929891,0.28035128943867543,-0.4837803102589999,-1.0245679979886737,-0.4927145551070595,-0.3036977268257535,-0.8154753570197706,0.2659873891726716,0.30546518915002524,-0.9205756439212052,0.28699627133743416,0.06816288712709191,-0.7510291443412865,0.16669795283339311,-0.13840112161146637,-0.6476442791738893,-0.5771184648956409,0.1728737848885323,-0.7676392454936503,0.09663580208816981,0.6758205486436321,-0.9377734463455278,0.09187195241261994,0.4662038406253344,-0.7548264511951988,-0.026508796738031436,0.29610973805068924,-0.618571415532263,-0.5356760236742334,0.5775041057184155,-0.7563961244085131,-0.10102150757538418,1.0461675398011208,-0.9672594529979002,0.03461527367174481,1.3277620501743377,-0.9161673613605056,0.09254926461717662,1.6505929314920544,-0.8411946535471624
J,0.0,0.0,0.0,0.29499874788971764,-0.37502782400521667,-0.34588706147165754,0.5370790257324388,-0.8611524246740171,-0.6181735618841058,0.5447766476622025,-1.0623860865095818,-0.8088799918286507,0.4235943866277975,-0.7924127838906764,-0.9736946204923161,-0.24513084945653985,-0.7309422013863853,-0.8999026572450727,0.3708125014686619,-0.13987206598567992,-1.1215184055189602,0.43679618617493404,-0.2971143194796858,-1.128004166165696,0.3139476598225973,-0.48209490701458946,-1.1101290364561085,-0.47932699756252145,-0.24713690703732227,-0.8421217124547522,0.3245249904176587,0.30242671574228885,-0.9589881019746663,0.34104033582860077,0.07543739805138946,-0.7975538174468619,0.20011443920878216,-0.10425786409958625,-0.7031447872608476,-0.5514223725920185,0.23323952653617627,-0.7877858885456941,0.16227339387426998,0.6781515269809266,-0.9658395831609059,0.1571030318322481,0.4784282092335221,-0.7845579499410754,0.013977889997465515,0.3232284008000762,-0.6520768490809464,-0.5042019709362824,0.626830062990836,-0.7707257856476467,-0.02532498278550325,1.0527344393372684,-0.9816456363935745,0.12803822473626938,1.3137834928095595,-0.9282913955138792,0.18318564765080186,1.6192681631325783,-0.8549441681305842
J,0.0,0.0,0.0,0.25693280458035817,-0.3761067656556107,-0.3336327920773929,0.4873195701679637,-0.8595716109376293,-0.6163029479303379,0.5030096474922124,-1.07093787495848,-0.8230437899006475,0.4053552009763113,-0.8604936507930221,-1.0072061609985157,-0.29148779256468305,-0.701242552113808,-0.8992400554739941,0.34217219419905537,-0.17506083408413967,-1.123079258333441,0.36588803636940936,-0.3607246839828081,-1.1408203388837286,0.22995681073854637,-0.5460851404639024,-1.1337223666853564,-0.48804601508378853,-0.20056783027574904,-0.849460789335984,0.3243495125020341,0.27771879386408127,-0.9620399262813907,0.3066487900026257,0.036146121841135276,-0.7999739420578528,0.16000621905224252,-0.15806566943913625,-0.7105359433280111,-0.5306648248481617,0.29344533504131737,-0.8013772693708789,0.19250117635177943,0.6728163235752728,-0.9692383510844731,0.16458703483602224,0.4686541486453473,-0.7849068478918022,0.03341257193005253,0.30628025727486075,-0.6551696095214172,-0.46121658468990634,0.6889928216180126,-0.7913210343421648,0.04962836596970094,1.0693763016038487,-0.9976393558412089,0.2048578202806057,1.3210448586704076,-0.945685622703089,0.2780875036008413,1.6228951118253,-0.8759745241871338
J,0.0,0.0,0.0,0.2423004340064312,-0.4009891680528727,-0.37068631798681306,0.43939021477356294,-0.8856294630679107,-0.6546261039618873,0.443519809222212,-1.046791004073312,-0.8462403104571815,0.38556109194614474,-0.7908698209126943,-1.010909574558735,-0.3124820339959146,-0.651442286846829,-0.9459871270282814,0.3483150345056367,-0.15847077611666577,-1.1958695783686706,0.4236881978075631,-0.3342728772632621,-1.240473209386163,0.293367106486613,-0.5172267976529785,-1.2545541962518925,-0.46775103031253046,-0.1373498505269768,-0.8731231254535544,0.32533370058818273,0.24749984858337667,-1.0028744027192529,0.3780208057898142,0.02358895351808182,-0.8611395356278012,0.24673332621640487,-0.12511228936253424,-0.7942024706939737,-0.48704875574100975,0.34459882620101034,-0.8056878465831446,0.236097081651145,0.6369444149039836,-0.9792004507289483,0.2735382259465737,0.4282697520040949,-0.8158038595352827,0.16472550305054437,0.29458456452348897,-0.7101676558491649,-0.4153209686835242,0.7079232595997964,-0.7780562599047621,0.10100549374661398,1.0499052252061927,-0.9868131904022639,0.2969242413452323,1.2686960717378823,-0.9546013296248227,0.38095803211206264,1.548461545192576,-0.9082885978009013
J,0.0,0.0,0.0,0.236637999583463,-0.4179117851743899,-0.3634283326330525,0.425722742684675,-0.9298012698618056,-0.6488291896062066,0.444584999671877,-1.093454457887242,-0.8433167872815575,0.41042132436953804,-0.8219932177616165,-1.0128480476092359,-0.3145431076932232,-0.6244582924848678,-0.9552428329225282,0.41248810362063476,-0.1591296211151414,-1.193514711267823,0.46875490850049184,-0.34550376156140633,-1.2276117048604775,0.3172862552674858,-0.5176080161351869,-1.236366995654597,-0.4530647198991836,-0.07773124041580827,-0.8880823238000485,0.39769024718208074,0.2622322792558161,-1.0102624068319868,0.41898594438636344,0.028292677982556927,-0.8669445755791829,0.2618038890678695,-0.10828119155219457,-0.8009128799081794,-0.45844365218888,0.4173180172714433,-0.8225019235727054,0.3093597986685429,0.6653417861276146,-0.9911320964468355,0.3246230120783965,0.44526950422487177,-0.8213819538493041,0.1952771214992348,0.31745145610792436,-0.7129424595645694,-0.3762886021154611,0.7848191374225924,-0.7968532549726918,0.1743160709653051,1.1049539575029932,-1.0028712610934156,0.38671801063415323,1.3188073298234886,-0.9631746841955968,0.4879037022773195,1.6008794517679026,-0.9121204610803478
J,0.0,0.0,0.0,0.2167977833240355,-0.4795812281995037,-0.3847279030104712,0.3564422405586175,-1.0317941623949065,-0.6668401773354549,0.3440649068317802,-1.1910769310550569,-0.8527202691346987,0.3025472807803338,-0.8984551793638477,-1.0133478696159315,-0.3794404651630594,-0.5850213837470342,-0.9573071386625405,0.3807912213533976,-0.22404921129321972,-1.1912321850818728,0.4218216343511151,-0.4109865819460819,-1.2309763025636928,0.2529504066854726,-0.5527241984198422,-1.2470050814908455,-0.479616420721352,-0.03058389310776323,-0.8769451034453707,0.37542674920391866,0.19948642266469793,-1.0078176919741315,0.376502685399522,-0.02896043908481153,-0.8957685046162809,0.22481442758486592,-0.1445986447072366,-0.8534409200217933,-0.4501654084927858,0.4587357602204857,-0.7966989913340882,0.32248640868662554,0.609762257146919,-0.9653762180124564,0.31992513585281185,0.39990553558179753,-0.8225662907033837,0.17531252024494204,0.29045926848939513,-0.7363664969719285,-0.3381592833413174,0.8145084586297683,-0.7562872770182113,0.21803889447142927,1.05488399366426,-0.9525761319063308,0.44452717742963266,1.2163610779580472,-0.9207756209389929,0.5627659158851193,1.4474567517288823,-0.8804285441444002
J,0.0,0.0,0.0,0.15751891317195094,-0.504270080740794,-0.3540397924259279,0.24967792442215034,-1.0660522936155368,-0.62895098282143,0.2359833746559336,-1.2056415403820124,-0.8117209207954124,0.25608875127221764,-0.9193716928597271,-0.9726537647199497,-0.41490730185432395,-0.5278749834578347,-0.950632199458804,0.36489932271871983,-0.262983677173895,-1.1586228950137636,0.40158160626888195,-0.46155923740064025,-1.1720667474767315,0.2358536579942736,-0.5930884026188001,-1.1735071318769192,-0.4635593447837597,0.040514660839885745,-0.8851391394129402,0.39141640861134097,0.15019071597180378,-0.9915893088303653,0.4004413350430517,-0.0934466476630856,-0.8547406133299947,0.25158361219440156,-0.19791356403914442,-0.8005699647518824,-0.39078988595978587,0.5249246794673991,-0.815345927911734,0.3791552720777807,0.5712517056611766,-0.9656288574287315,0.379901981187282,0.3401728562127686,-0.8116567684055982,0.25091614496392795,0.2394869599175313,-0.7248258910937401,-0.24200099236017986,0.8591475118281878,-0.7833066184227301,0.32720436678133996,1.0323035479566842,-0.9748327399079568,0.5743876721387773,1.1648150300983808,-0.9417665509687914,0.731150522482767,1.3984800944583067,-0.9045328392426338
J,0.0,0.0,0.0,0.10793653409422146,-0.5122047259680023,-0.3576773577145308,0.15359267260388976,-1.0837164712364074,-0.6419024742084382,0.13499976288289953,-1.2269469515392695,-0.8335084381157833,0.20319056996799417,-0.9450412725201492,-1.0032588126158275,-0.4185276074069908,-0.4373045383191336,-0.9671867400151691,0.3712751340532586,-0.30828947235469484,-1.1856925760487655,0.3908143366758968,-0.49655562087798577,-1.1983093396907678,0.20580124814450979,-0.5753161562638106,-1.198097171986351,-0.40346761952814714,0.13506531931885707,-0.9049702975841724,0.4497045025520045,0.11283420554471235,-1.0306068021731962,0.4321451755522796,-0.11349921145620556,-0.8986569277734788,0.2547519538460225,-0.16301747912772022,-0.8464535183650402,-0.287086418884656,0.603779941301125,-0.8392852427495635,0.47615260532611353,0.5307604039087883,-1.0060495928487374,0.45014326750244854,0.30748017102709946,-0.8606488916734494,0.2932549588517803,0.2464367968862668,-0.7812934494455588,-0.11820502344602724,0.911882007757376,-0.8104081671377342,0.46802574497724675,1.001661546801227,-1.007028663968364,0.7289770574409932,1.0895673831456179,-0.978307463034423,0.8998185546862546,1.2944893199643492,-0.9487047239935908
J,0.0,0.0,0.0,0.08863667478655649,-0.5206897922164,-0.39621722226367384,0.0971677375683856,-1.0540509372733005,-0.6843383084903757,0.0878562712761716,-1.1745503675429758,-0.8669499826349452,0.17189512395047174,-0.9272788001111462,-1.019552446848972,-0.4317000694403444,-0.3438656020172792,-0.9889673971578893,0.3708394103414649,-0.2684732853308598,-1.206825653964575,0.3761668765940744,-0.45608794078610904,-1.211953658568967,0.19305742048308547,-0.5194867428174004,-1.2015129271166654,-0.377668028272745,0.20230975472567486,-0.9035693794963475,0.45412350083663333,0.127767439448756,-1.0302659008959287,0.4263698122945373,-0.09513457187391844,-0.901289045323066,0.27112114525210307,-0.14455937166471952,-0.8458651333885654,-0.23654808361244412,0.6481368022399041,-0.8188224248885634,0.49910886170414304,0.5186885473628806,-0.9879822118591289,0.4552109025987565,0.30910153862440803,-0.8582370757182085,0.2933996246329405,0.2743779431829024,-0.7872304732610262,-0.047501699946815114,0.9223232203771197,-0.7728275456222266,0.5171849536526621,0.9863222388767244,-0.9729461875415314,0.7859348862717361,1.030369161906534,-0.954368868617802,0.9776640160235787,1.1945570598609494,-0.9303039559442496
J,0.0,0.0,0.0,0.002570371906812445,-0.48000222344894067,-0.4020219725693151,-0.08228229656207516,-0.8962109024875796,-0.679721820302173,-0.10453292594847638,-0.9336981166841088,-0.8437986818498274,0.035987077190394345,-0.7193197471808503,-0.963208589940814,-0.4380038428876414,-0.10104975247184625,-0.9705127950570832,0.2942862285118786,-0.21567540192512547,-1.1897585822891519,0.2850598559505605,-0.4075765003953784,-1.1855735055562222,0.10370663477333916,-0.42923963847087754,-1.1658351847937174,-0.335274385887729,0.35250616538598306,-0.8736878673373439,0.4086790013351531,0.11339112274000121,-1.0158714419847323,0.35676793241473737,-0.12368726257824192,-0.8856763375450366,0.19870751809929313,-0.1531163842281018,-0.8198201047512995,-0.15283425122923397,0.6998128222397925,-0.782042496202897,0.491019750866607,0.42355193073845304,-0.9626952949323766,0.4227959390011553,0.19900523855666194,-0.8471824073412213,0.2566008977178019,0.17361451565523728,-0.7805835880244973,0.05349740457206098,0.865551150989067,-0.7261382321636989,0.5406014299886355,0.8315642564735191,-0.9247505888288435,0.8004571449160282,0.81797074566398,-0.920365758815224,1.0097864248616475,0.9109256191870946,-0.907914029340882
J,0.0,0.0,0.0,-0.029200185725482077,-0.4208937865106028,-0.4423378194566047,-0.121013307536559,-0.711748388377387,-0.7382232813293486,-0.0676363197275384,-0.6865794288103023,-0.9153086593073533,0.10952228263921207,-0.5153728917725913,-1.0387930517466006,-0.3066650594255799,0.055794785293672745,-0.9920531694440146,0.3242242531872748,-0.13703647498138097,-1.2260259080296503,0.3082676400417333,-0.36459969737695397,-1.2390700376048087,0.1276842765741253,-0.34731185165043105,-1.2389219762782158,-0.20647239950620244,0.4668027662397935,-0.8599211159594977,0.5217830676418318,0.12776417105233637,-1.064649690207792,0.42089144098463693,-0.16756217606830273,-0.9922221206112408,0.23446390638241776,-0.17856738389997712,-0.9602429264023687,-0.037124398605665895,0.7313672471278263,-0.7297678801155907,0.6085256021009029,0.3738665772772026,-0.919168808665618,0.4993783104254778,0.12216613354876446,-0.8363298157951795,0.31497144644282116,0.08805221752024138,-0.7951402542022981,0.13788262347355415,0.8555786793187946,-0.6353011621626092,0.6376085115280934,0.7715223584720903,-0.8482107110866592,0.8914401587872338,0.7196311147670502,-0.8868872615002131,1.0818514226470424,0.7524244996768109,-0.9040839249048145
J,0.0,0.0,0.0,-0.05154900464875208,-0.4326401478280031,-0.47555907174976575,-0.10613780651730559,-0.7154105508474853,-0.8021205152849017,-0.03516204159177218,-0.7421197136948506,-1.0148565620855587,0.11801223687475006,-0.6299006813089113,-1.1717140140569866,-0.21802387906920642,0.0293984994489783,-1.0445069690080846,0.37202321569018587,-0.1880149285392024,-1.3319115203457712,0.3424501533348987,-0.3948448314685897,-1.3584526460029513,0.18218049338942838,-0.374176108764085,-1.354680337148265,-0.0794373940620152,0.416153964223597,-0.9058176298160802,0.5960227226762063,0.010183824946217076,-1.1638434813207545,0.49066444261222214,-0.26308350396813357,-1.0842106865543537,0.3066189292169876,-0.2555836764012464,-1.0299758306296456,0.10741150765526689,0.6424583838068527,-0.7771084835648875,0.7041995188587066,0.2619474361156902,-1.0096133716477644,0.607885288095244,0.051857641359056864,-0.9044122278618043,0.43898877974597833,0.03213603736286856,-0.8301285181084777,0.27397284781436015,0.7442640046884049,-0.6874719884484566,0.7688103375759555,0.6220260700001019,-0.938031827460703,1.0240788515507735,0.5925419946828652,-0.9844524349507459,1.2106532282556701,0.6198562693889731,-0.9913317262389616
J,0.0,0.0,0.0,-0.08103893909079034,-0.34221476225728664,-0.4573821809154346,-0.16130775586456428,-0.5683938877264559,-0.7631525167526194,-0.12916908431873525,-0.593794301446589,-0.9405904732989568,0.035365386570290105,-0.483413852052609,-1.0670459450230445,-0.17127310365255824,0.08441700402208471,-1.07814135545149,0.29178949755032696,-0.23157910517564884,-1.3519902024848767,0.24877475421064577,-0.37240113248631707,-1.3667772508555536,0.1061042833640034,-0.2926834743328032,-1.3507047906006648,-0.020562965748299827,0.3424664705251333,-0.9393049989251054,0.4745821913041567,-0.07575144073538424,-1.1283649036021912,0.3683101857477748,-0.26431417784072525,-0.9879425600256707,0.2206884108061571,-0.19703870682584318,-0.9005979788833409,0.16796465217965045,0.508190994108516,-0.8130823011081004,0.5840645395994545,0.10558674416978646,-1.0008630428649228,0.4796903443942401,-0.05821734781293514,-0.8639339951149075,0.3342508326427267,-0.01303858825787923,-0.7753296853301942,0.31877877284401235,0.5631188872989469,-0.7254946977578124,0.6977898094365227,0.37968854926380957,-0.9335481408875256,0.8780070551886067,0.3031404906042672,-0.9540989836457652,1.032597424767063,0.29071555060613324,-0.9524801895348994
J,0.0,0.0,0.0,-0.14137618170931865,-0.3164647679730106,-0.48140404346176696,-0.2739605764631888,-0.5111712334400675,-0.79073466253485,-0.2332599094442043,-0.5318952120569616,-0.9782998358866908,-0.054424569392136225,-0.4977131410973652,-1.1070315649485793,-0.25376286049572716,0.1940888520836458,-1.0167099347647301,0.21936017407933406,-0.14600182571723758,-1.295554684681474,0.16195894445473874,-0.3325205180293039,-1.3231761245070994,0.026162025994362174,-0.25869648697820297,-1.3215936275816331,-0.08232170985399533,0.48410559071170217,-0.871128528478082,0.46051951804601565,-0.03498156159381628,-1.1092367579298736,0.3283954485696835,-0.27639119283464714,-1.0178494836575431,0.16712472543409285,-0.20873230605567528,-0.9547898659377325,0.12357515184069474,0.6277441111246236,-0.7414674945810563,0.600260727671402,0.14660075684527862,-0.965510664444905,0.482102056192785,-0.040110802279578896,-0.8556842788613472,0.3246026759905061,-0.00411998678720352,-0.7755714022810528,0.2968920833432983,0.6592608011949125,-0.652732345038892,0.7344979525474258,0.4460198899664309,-0.8979428536608624,0.9530731971621667,0.3535482206654866,-0.9453777182083772,1.1231383172741767,0.3358566743081124,-0.9528325562639038
J,0.0,0.0,0.0,-0.16797475716423663,-0.32124105511137846,-0.4786045977317901,-0.3259739538980774,-0.5100469666773059,-0.7825866131790111,-0.27099769204102475,-0.5288193994538052,-0.9657815317325574,-0.07968202953947495,-0.4663127766097614,-1.0913296128529464,-0.25861959710199467,0.25563000417271975,-0.9930009289810359,0.20879720395621082,-0.15225660733174548,-1.2568356217461452,0.13055345369505397,-0.35456333882473806,-1.2863794268045223,-0.010993285351690585,-0.27166980328617546,-1.2892111040661403,-0.06673308331411636,0.5338123050020761,-0.8429656687076655,0.45212876363630644,-0.050332433047812875,-1.0698809943384653,0.30280855658788824,-0.2856849573132498,-0.9974270696571853,0.14191507041542872,-0.20877407069612422,-0.9529422953394658,0.1488085048762033,0.6533843862817715,-0.705495508769235,0.5925268739846196,0.11015642885690445,-0.924239183427589,0.4684348030245312,-0.059194965066257856,-0.836594187085252,0.31276915658661136,-0.01370015382685327,-0.7750295866077884,0.3291293582783922,0.6635619125397498,-0.6066919697142295,0.7381784507328377,0.41626569994385504,-0.8455851294755549,0.9577841510050773,0.2965994233536274,-0.8970049642699532,1.132846412674288,0.24558019567402203,-0.910690919538969
J,0.0,0.0,0.0,-0.20582130674155658,-0.30764330161017633,-0.45807636384479,-0.40495496541674947,-0.5057056094353659,-0.7457722731742059,-0.38535365436310837,-0.5285708133319452,-0.9108531621420959,-0.177290396231593,-0.52288183833973,-1.0211116679205758,-0.23551893972833707,0.24577957663297445,-1.005511943497997,0.1774874592918162,-0.29977198249476084,-1.269755840525191,0.09105074631741286,-0.4433643081642558,-1.2943798178710653,-0.039712084698107,-0.3048628739718381,-1.2924107672204825,-0.003893288127120416,0.4835373078479722,-0.8753150942527465,0.44340926497026883,-0.2117512961762313,-1.080198843322578,0.29185585020530036,-0.38708700495405096,-0.9810879018517077,0.14587636122610492,-0.27216074747649477,-0.9225147852635093,0.24864216175706172,0.5801858228578615,-0.7589245806764693,0.623253581226518,-0.08313389586811196,-0.9738844713879232,0.4767054532856435,-0.2099879265039574,-0.8742940145915755,0.32126119213701226,-0.10598344388016923,-0.8054046037111038,0.4423446648227658,0.5496292707018867,-0.6811352303410863,0.8198257073827458,0.1984226804331341,-0.9054384523929536,1.0138960519187352,0.03827418506553109,-0.9357447258445268,1.1821422303834679,-0.03579165012901706,-0.9393111794282524
J,0.0,0.0,0.0,-0.24700248048604145,-0.27912768864981957,-0.4721709866574488,-0.4759887758506368,-0.4567505903131939,-0.757820196131428,-0.4587899075200698,-0.5367975611427703,-0.9195419362532806,-0.26014017367436437,-0.6242720775455992,-1.0309343173158045,-0.23555766798101752,0.2576869602905966,-1.0222858857481407,0.1012165232696366,-0.37501044162122915,-1.2811686946948586,-0.0014283912936498859,-0.5268497883010692,-1.305095028958604,-0.12228889814743252,-0.38611394394196996,-1.3084623652216536,0.029233358443918122,0.470039547658069,-0.8821611158918122,0.39883692371090484,-0.3191574148254871,-1.088249465231854,0.2355518729887724,-0.5028460388845106,-0.9935179097583693,0.10058813808490286,-0.3676390628958908,-0.9430274796325351,0.2996323028771384,0.5242646274015663,-0.7554857057939128,0.6088135642578778,-0.21609407210419393,-0.9838993370530544,0.44281645716502877,-0.3432302583803528,-0.8987067102889004,0.28474883112758664,-0.2396074760230884,-0.8411833141258884,0.5040020655426399,0.4647277686124645,-0.6667437205743947,0.8504157063296457,0.04881463724018106,-0.917612723899062,1.052455584933519,-0.16513201876333378,-0.9668869486011445,1.235965752949302,-0.283379578472746,-0.9851229719540434
