M,0.0,0.0,0.0,-0.22383116479350473,-0.0681665121557985,-0.2342195843441528,-0.3425225385000479,-0.30617803858129017,-0.3938894305306739,-0.22890023955528874,-0.46339124731234693,-0.5310037342252191,-0.07536849975181353,-0.5856806104120602,-0.6494193464877551,-0.3300714264523485,-0.8938836178537793,-0.2527355167568993,-0.3455009766956704,-0.9818390716720132,-0.5475424463544172,-0.29409839973170465,-0.7146695816989007,-0.7471661556711792,-0.2509263898198832,-0.4842587703114204,-0.8522882422296345,-0.11809242414216657,-0.9606854864123472,-0.25127191557533574,-0.12363898467275669,-1.0979033079485678,-0.5730472682200666,-0.10354187691413895,-0.7493028584623955,-0.7039482212854142,-0.08995359763547162,-0.5053378892511873,-0.7290434247415316,0.08266684290297191,-0.917420983751602,-0.2871453945606965,0.12402269009056582,-0.9639982719463068,-0.5632827378980678,0.10036171439371741,-0.615307904915357,-0.5932163207445236,0.05200796453870828,-0.4290966098940998,-0.5538317923309759,0.26391292972968206,-0.810532629049255,-0.3444994292571827,0.28984201647844593,-0.6358855028476184,-0.5380862430788598,0.21189015776713213,-0.39852164026493875,-0.5724129632487638,0.12587705167629784,-0.3354478089089326,-0.5573263443576002
M,0.0,0.0,0.0,-0.21532344042640358,-0.09319740040050564,-0.20098689149436327,-0.3459772756939718,-0.304046361462966,-0.34633678489473024,-0.2760986872577012,-0.4661158001818539,-0.4771165209292709,-0.16767839168952342,-0.6210838452273933,-0.5895611582516432,-0.35052850915119743,-0.9135842918034371,-0.17831145540998364,-0.35020443631289405,-0.9825136223509932,-0.44573595976697833,-0.3333268453507268,-0.7689609928858452,-0.638730683231595,-0.30650402315641523,-0.58108840244836,-0.743644071157343,-0.14725699207854065,-0.9705889664681591,-0.19045323954779947,-0.16060061466026185,-1.1611276136158972,-0.47034772832681276,-0.17302799892046405,-0.8620816391930685,-0.5944451021160744,-0.15989058462924222,-0.6494773929261134,-0.6240459414074212,0.052451035808561516,-0.9179524962689894,-0.23812045622258987,0.09238328219739937,-1.0672844729377196,-0.4929712159944249,0.042533794673112725,-0.7445286998874395,-0.5250440400365144,-0.0035206293499895373,-0.5609604615074198,-0.4905579995131114,0.2448602086370332,-0.7911960632936487,-0.30288453783971536,0.2522987955065111,-0.7340017994583404,-0.47915733792095505,0.1557145934058416,-0.5209650187283865,-0.5017562249176434,0.06742136408808225,-0.44027591146134376,-0.4805812247540269
M,0.0,0.0,0.0,-0.22100774970548748,-0.1111300401091479,-0.18191464149581194,-0.35617346080176693,-0.3186423404388376,-0.31871269281666675,-0.30120091559034495,-0.48844542630187426,-0.4463582669474803,-0.22003923540128842,-0.6727145176881352,-0.5585622598763758,-0.3547357762982042,-0.9331046589493991,-0.152798169765021,-0.3745740982242004,-1.0664000416493757,-0.39872801982820405,-0.3715179126557147,-0.8828272188036599,-0.5810563392268167,-0.34636807588082924,-0.6902671095567865,-0.67985670900728,-0.1470984697887034,-0.9742816038305947,-0.17069679734285004,-0.17360409046658573,-1.207610062441713,-0.42669043893097236,-0.20090534938874685,-0.9269555346343344,-0.5515439909608457,-0.19030818303851546,-0.7135286950892619,-0.5863346741232606,0.05714688137713846,-0.9115296359227602,-0.22178017002580622,0.07734865139761278,-1.1263054532267383,-0.45777730355567586,0.01315673027151829,-0.8389332612011974,-0.5028453493728299,-0.024002547752553664,-0.6547084097515302,-0.48158193430983987,0.2559727268745083,-0.7752542964681209,-0.2870094467676904,0.23747158539099256,-0.8004184261455983,-0.4538588362486836,0.14732375315812707,-0.6326090867583877,-0.4803655629249808,0.08314362934845758,-0.5581807249189034,-0.4639569988012842
M,0.0,0.0,0.0,-0.24322184518116313,-0.13960669037155357,-0.17783469955136574,-0.38641755762904495,-0.36695321118977575,-0.317447524691903,-0.3460668131520264,-0.5525045835068952,-0.45619598517875104,-0.26001823525567735,-0.7534312661446403,-0.5846246405396986,-0.357839495572043,-0.9399617718876738,-0.138325815451715,-0.39264076447057433,-1.1793392428260978,-0.3915472429658866,-0.41091460128528295,-1.0440140138023006,-0.595381320179612,-0.40067864812554094,-0.8149541309693027,-0.7091455087983132,-0.15199965260208098,-0.9749649415000846,-0.16229438824119335,-0.18507128108892934,-1.302202265692225,-0.4273317756298458,-0.22808925304725927,-1.1114782505369638,-0.6059200029295994,-0.24686820608838858,-0.8642711136472973,-0.6854550961530019,0.050926600282629984,-0.9144921547565142,-0.21901930187294416,0.0712597757866805,-1.2159554314992143,-0.4642400339728449,-0.0026733015100080994,-1.0099418713085255,-0.5837572085015176,-0.0698656647202053,-0.7704123066915353,-0.6177367827979543,0.2500636311051682,-0.7796241786130074,-0.28728411077490906,0.23227668843079008,-0.8922570793869412,-0.4745796404322967,0.14794122958806888,-0.7975403766180521,-0.5539761850611268,0.06577322714549147,-0.6897718009856134,-0.5799466665986193
M,0.0,0.0,0.0,-0.2563509496096157,-0.14602352016834716,-0.14856329713298003,-0.4069639286890188,-0.37694909262418613,-0.27394516097919025,-0.3606517154637663,-0.5584199895099238,-0.40248620988263784,-0.2680412424567182,-0.7414027542340805,-0.5193906071371847,-0.35077904222486683,-0.9506370868430154,-0.11917637367362258,-0.40295072251300795,-1.1907234621241978,-0.35711242692917605,-0.43575208571591134,-1.0355628844641094,-0.5387005205000891,-0.44074178813665243,-0.808798865319981,-0.6356185683806381,-0.14904505266990273,-0.9769956311276298,-0.15252904324144337,-0.19555946842665364,-1.2986557952359499,-0.3981114993623288,-0.2534075074319681,-1.084171785522919,-0.5408014317300555,-0.27774427119885203,-0.837253853284683,-0.59327292745458,0.05169310165729439,-0.906904057482009,-0.216873695361532,0.0551795041434934,-1.1984049551458547,-0.4412435820653302,-0.038584698319913076,-0.9703670110938356,-0.5199522332363253,-0.11278813143475767,-0.74318169587621,-0.5253787151568557,0.2513556168520411,-0.7632110071682198,-0.29168093620228347,0.22114371899803625,-0.8935031214265398,-0.45289167798583824,0.1200111192003656,-0.7934263321837755,-0.49915257558679854,0.03335656337413634,-0.6981475691121599,-0.5007916767977919
M,0.0,0.0,0.0,-0.2584135279927425,-0.14025835728304376,-0.12209012200575088,-0.4143703125503132,-0.375942503116863,-0.23053660223341704,-0.3583495667504894,-0.5477365378082187,-0.3455237102796367,-0.25887079755424136,-0.7125829610880303,-0.449514875466299,-0.34294047815932654,-0.9437416807392245,-0.10455902463033488,-0.40970830258680513,-1.1913909638367695,-0.3264608189599898,-0.45416893552231563,-1.018365933612064,-0.4876592237971198,-0.4626291687695036,-0.7823516481111562,-0.5695349807743062,-0.13799862962956472,-0.9798930938246252,-0.14410379209155685,-0.19731181578677504,-1.311484430059873,-0.36846412557541597,-0.277715378732313,-1.0771111402214497,-0.4813851085018284,-0.30898336188155384,-0.8245667342228968,-0.5121991496088223,0.06393663421536895,-0.910341597403887,-0.21169191221125774,0.05792645028354609,-1.1940567110356055,-0.4184631188718121,-0.0495557801713633,-0.9368067574384726,-0.4685540387748316,-0.120508442081961,-0.7119298965619506,-0.4535720854820357,0.26470434308091506,-0.7642355137644604,-0.2884757561769109,0.22273107743368856,-0.8844929302819207,-0.4350799414598718,0.10869705486666081,-0.7785912403733674,-0.463128627478647,0.023821803619500873,-0.694840006470523,-0.4503906971923935
M,0.0,0.0,0.0,-0.262174353736241,-0.06806390469810529,-0.15523609390424958,-0.458703609492767,-0.2528328137839143,-0.2828475216199553,-0.48831923116781595,-0.40914565719652785,-0.4084304976355803,-0.44787076243705504,-0.5704139570703173,-0.5253345587336398,-0.4106224456521437,-0.8941904493374072,-0.17117427221217424,-0.5626038924802047,-0.9704982842164688,-0.4156264234250452,-0.6451461557001994,-0.7340275025137986,-0.5890254467235869,-0.6915948185878795,-0.4909374273155733,-0.6773990038314496,-0.2092180699520993,-0.9575338576907388,-0.1983852579739995,-0.36995038974573324,-1.1021988739528485,-0.44488872775718796,-0.47404909425268676,-0.7920340979245433,-0.5541984169260598,-0.5117252271918713,-0.5135688534811286,-0.5817018173281165,0.0017003756312653701,-0.9153371017910734,-0.2552035020648148,-0.1113331047130074,-1.0456760843441415,-0.4826827944623164,-0.2241933291938981,-0.7238816294750443,-0.5202001599387054,-0.28379286224241423,-0.4693269040656733,-0.49449371442276363,0.21060992431826386,-0.7954551752939513,-0.3240107010343502,0.10433898812753789,-0.8177367020482627,-0.4899454757843379,-0.03161217772081105,-0.6272201022879914,-0.5133168085368436,-0.12278226836653251,-0.48141174251403746,-0.492683087809999
M,0.0,0.0,0.0,-0.21334797158790728,-0.002541543863463219,-0.27942226942035786,-0.3019801283257744,-0.19975217009271637,-0.452535862641729,-0.1256648163113401,-0.3898849261016118,-0.5776290206063892,0.056679560529732144,-0.5662512202113948,-0.6838419532774702,-0.3787498748103061,-0.8466842844000326,-0.33216208591975194,-0.22280385412012252,-0.9488619086152252,-0.5843586571924161,-0.09861622241892788,-0.7849616009215076,-0.7604417954484775,-0.004880239474670429,-0.6042700376885405,-0.8564720806963398,-0.15661958922110394,-0.9459639221359767,-0.28394112468843324,-0.0009520258228884324,-1.1001465239942478,-0.5377525430299757,0.10338088807575277,-0.8858119624510123,-0.6706929472005205,0.1528603077666214,-0.6923292939312181,-0.7267871857499676,0.050236590217127765,-0.9337407487503009,-0.26438411747974594,0.18193889636238797,-1.0274618259124437,-0.5028334801551958,0.24776585454231023,-0.8322397174276172,-0.5727223179678196,0.25428767428204285,-0.675281615734431,-0.5803723325929697,0.22712977132078982,-0.8318793863469324,-0.26452553338723594,0.3512338010266457,-0.8874068811372808,-0.4574797757291284,0.37021210204602273,-0.7121758027523171,-0.5057063536319686,0.3399833919433222,-0.5659502962333409,-0.507904740468053
M,0.0,0.0,0.0,-0.1928726746811004,-0.010032862226029277,-0.2882671721632547,-0.2863131177691817,-0.18014224889395486,-0.4722146166532414,-0.14100014331391947,-0.35593207570014873,-0.6095552332337657,0.015574949220020786,-0.5466259573191239,-0.7278937555028941,-0.38032461722570865,-0.8483773925095461,-0.3339605304305958,-0.23321606424946728,-0.9603401586439361,-0.582206872530576,-0.11345689402530414,-0.79985438431026,-0.7614415958035771,-0.029470725908259544,-0.6254876798932519,-0.860730095047643,-0.16725883852581278,-0.9450752667814625,-0.2808152792369809,-0.017483275871017046,-1.0868463577096021,-0.5299284263785147,0.08714268542115049,-0.8736727797479914,-0.6680583336612057,0.13126894688614218,-0.6715782117378744,-0.730262165529862,0.033869624324424565,-0.9374219495360813,-0.25615509538274717,0.1610301498469268,-1.042123972782373,-0.48973748347067664,0.23701657993743064,-0.8371757366914307,-0.5583778564869147,0.2558431508002359,-0.6560206911410051,-0.5656006221899976,0.20797963309427522,-0.8515627423507175,-0.2523753434248347,0.31891905933102865,-0.9365072695729078,-0.44190247554950085,0.34777289804699973,-0.7427468109520159,-0.48594944753756253,0.3344331159541127,-0.5622163986486127,-0.4846575239504338
M,0.0,0.0,0.0,-0.1987054347735144,-0.05406473649307946,-0.18747125354448388,-0.3185081432887343,-0.22195722342678456,-0.32865256387362285,-0.19229151433683841,-0.3974771688968793,-0.44946319583820316,-0.03753713190062203,-0.5678066985989434,-0.5548365604348479,-0.41210722543054507,-0.8683067684797688,-0.1825390748274435,-0.3487163803918357,-0.9883623245154968,-0.39796360502393724,-0.2531762006182924,-0.8574037753974999,-0.5628334861814742,-0.17632940419898777,-0.7008473939655117,-0.6542241608128662,-0.20416884786445863,-0.9620354160176926,-0.18111581899261264,-0.13745675206150898,-1.1162937449850117,-0.39408460556246644,-0.05422810155774364,-0.888695118546034,-0.5051861473203731,-0.010190600068189648,-0.6842075571403008,-0.5446428728969347,-0.002856288657119193,-0.9520252975129847,-0.20725611161208987,0.06585973749474158,-1.0632782065365425,-0.40580805309913476,0.10770589380655883,-0.8411760345311634,-0.44522301658522684,0.10484158856138583,-0.6725984543156703,-0.43297716375474105,0.1914424059967603,-0.8607185262254803,-0.24896329116175125,0.23988556428323923,-0.8960125301228288,-0.39936583085666066,0.2232504940779523,-0.7001211344207446,-0.41518743403902764,0.17976245386689746,-0.5569136720856062,-0.39556158066217817
M,0.0,0.0,0.0,-0.1933366481003304,-0.06355036651724319,-0.20177483049714084,-0.31313752837931025,-0.24855097792198952,-0.3454343111041705,-0.21006246727755465,-0.43220685670395564,-0.4666114479765981,-0.07139442255585217,-0.6109418409447933,-0.5700693118075812,-0.38561818155861205,-0.8909969884552308,-0.18589579304278686,-0.31629547410008846,-1.0234316099658032,-0.40658004328252306,-0.2241223213909758,-0.8618304341688099,-0.5718226320812393,-0.1528338672473071,-0.6794174538886756,-0.6614171294296056,-0.16949136182201469,-0.9690661154129896,-0.1793977207940424,-0.0979052387094199,-1.1580289009808757,-0.40583203576110155,-0.01584652070980436,-0.8992418531493674,-0.5199303684626775,0.02173788571980015,-0.6715799256783326,-0.5554168940833208,0.031348154492892445,-0.939760300790229,-0.2020092475300986,0.11739037089464992,-1.1168417861313082,-0.4188100383358681,0.16284537986447817,-0.8676397661369306,-0.4603626299704741,0.1537090314234919,-0.6667051611236166,-0.4419405818176341,0.2131418614648662,-0.8313635364918172,-0.23932848813568441,0.2567514533839179,-0.8816652403548179,-0.404347634812715,0.22973059624850603,-0.6819010749495839,-0.42443329999912555,0.17008495900566264,-0.5306408495029153,-0.4032816132576053
M,0.0,0.0,0.0,-0.20108754910787646,-0.06788073305146994,-0.2065686242251576,-0.31980227707448566,-0.26877141086293493,-0.3525977691476547,-0.20849850626928262,-0.4488745732011658,-0.4769302885959408,-0.05851086194975277,-0.6192764792690593,-0.582653348316359,-0.3826280500739799,-0.9035368061886893,-0.1919647242629004,-0.30790381242134846,-1.0468729176915674,-0.4173796722738794,-0.2077958717215699,-0.8280368867199933,-0.5804250725740009,-0.13933922331657062,-0.6290636997027618,-0.6673710313127347,-0.16223375161259723,-0.9689945078997109,-0.18635947386140359,-0.08552922033135676,-1.189696473438008,-0.42392104958715154,-0.0009531777699557788,-0.887987759758656,-0.53844939517703,0.03150252529703849,-0.6501099984864372,-0.5694747748263745,0.03991832780845413,-0.9310101510618866,-0.20986658033581446,0.13297653899702935,-1.1509443408146878,-0.43895542456242603,0.17711601901383436,-0.8484805455397668,-0.47600333434991315,0.16127522892056695,-0.6223266481329178,-0.4485751707711269,0.22160982282316266,-0.8182518933371552,-0.24750557726084454,0.26485336027722656,-0.8732074912870076,-0.4195010217366113,0.2371363760394657,-0.6488773258330014,-0.438046064018227,0.176460820649533,-0.48964474796524626,-0.412921728882373
M,0.0,0.0,0.0,-0.20011713275237833,-0.06982564260757404,-0.20229011086082802,-0.31859129891798643,-0.2713596461548504,-0.34780666995388304,-0.20841504072095424,-0.4452265883368767,-0.47266211665737196,-0.06631848250744406,-0.6246290438051799,-0.5796272168781696,-0.3813015100637554,-0.9119675521173215,-0.1812083717932623,-0.3156148635131959,-1.0408148145241691,-0.4035762331470492,-0.22621543757486828,-0.8226646414741051,-0.5703020009838522,-0.17057535479319913,-0.6270086601402011,-0.6621761907051592,-0.1646662550925121,-0.969891830216623,-0.1794292677153235,-0.09360101468106058,-1.1543507241843585,-0.4133985520536871,-0.02038201685648089,-0.8619095988529014,-0.5347471122264765,-0.0016648341267824559,-0.6333707908179408,-0.5737578941726901,0.036049666429535866,-0.9315837934237022,-0.20672484915077904,0.12823818742658777,-1.1336697506541318,-0.4358972850223946,0.16620590384785777,-0.8303377168632194,-0.47627596883543105,0.1440785140242295,-0.6130986394447837,-0.4540283726040027,0.2200887954629782,-0.8228821838853082,-0.24790439379338844,0.2558377543744124,-0.8574733969664967,-0.42662585287813054,0.2270133848900055,-0.615022817391763,-0.44639302243936635,0.16513985849074492,-0.45368185344192646,-0.4222090470643545
M,0.0,0.0,0.0,-0.1916471935574025,-0.08077080471640175,-0.18065860105771872,-0.31382051190271687,-0.27975042423453883,-0.30965394909698724,-0.23042713222366026,-0.4540356994713419,-0.4217846741175916,-0.1189745174743427,-0.6269472140308201,-0.5145806216796939,-0.3647869464135232,-0.9233035984326574,-0.15067979042248467,-0.3074174965389367,-1.0083589600156342,-0.3614999076795212,-0.2479529750134802,-0.7852051370022498,-0.5194272749015915,-0.21085147566152665,-0.5945516678692236,-0.6068612736472535,-0.15317669751534044,-0.9757369079163829,-0.15644291568514646,-0.10716047881217099,-1.1391633239279122,-0.37428436512406166,-0.07050571153419619,-0.8281936252844928,-0.4772632812251042,-0.0572730874058902,-0.606218239472559,-0.5040803066286762,0.04775182586407103,-0.9237078877114351,-0.19083787479975525,0.12660101137325624,-1.0870615446454768,-0.3955839354239292,0.12964974664690979,-0.7734311591416709,-0.4151641935646242,0.09893155707525018,-0.574531444681846,-0.38291692650513975,0.23835808821467955,-0.7933125770651511,-0.2400810316733935,0.27742083448569554,-0.7791496761603969,-0.3904929925166428,0.22329934116835948,-0.5553416710842447,-0.3986626350944498,0.14900452743809897,-0.43730955689926493,-0.370690911221182
M,0.0,0.0,0.0,-0.20409793916611102,-0.0703317287704293,-0.18930025956956967,-0.33497946599833595,-0.2932566747246512,-0.3213002786627288,-0.24539440258600242,-0.4748997729290749,-0.4378075469218867,-0.12056623659342368,-0.6488649223488859,-0.5356292150010847,-0.3777530115234848,-0.9093642826914379,-0.15780557044116914,-0.3440463531547214,-1.0384402121260046,-0.3855353336173321,-0.2667287837927046,-0.834135629870423,-0.5533676354378366,-0.2105985395106068,-0.6421192284597516,-0.646051333338144,-0.16806064355865172,-0.9716832514038904,-0.16609418721862465,-0.15332579954015263,-1.1812241785409126,-0.4087630905634249,-0.09101829850731158,-0.8683585586781681,-0.5227784432858209,-0.062042844975924015,-0.6469968148545217,-0.5514701841750547,0.03447072062993936,-0.9247102865762925,-0.20524012342666004,0.09488560481395229,-1.122243766162424,-0.4353205501202523,0.11779915296010078,-0.7962070665529134,-0.4628138903830234,0.088856528472307,-0.5972529438337303,-0.43054060764452745,0.2274683956450169,-0.8005931167196285,-0.25940749726878015,0.2687142663607398,-0.7781657082464236,-0.4318826915508286,0.2204715370867438,-0.5464072761443803,-0.451101004798625,0.13853384198005889,-0.43559643719695973,-0.42820454574366235
M,0.0,0.0,0.0,-0.19577495911267678,-0.08893027811781559,-0.17070000458024934,-0.323769830626897,-0.2987031095634261,-0.2923514359509772,-0.24080227853496683,-0.47441323224912235,-0.39997437643360173,-0.12214497823864914,-0.6360538602506112,-0.48841737463923246,-0.3705220366443235,-0.9149572462750022,-0.1388952455383551,-0.3188616059882261,-1.021260903047165,-0.35027003483196395,-0.25761854548463736,-0.8172733945727466,-0.5064094051262356,-0.2202202185435574,-0.6336387545656617,-0.5928830365953629,-0.16052750647446265,-0.9756008827925463,-0.14977929482907706,-0.12237571239798321,-1.1543317056902693,-0.36793596324420613,-0.07696714169045157,-0.847302552885391,-0.4684551234569224,-0.06284806230151618,-0.6416873438371029,-0.49252282290835786,0.04029848122650158,-0.9238593535971605,-0.18932143025259918,0.11790757956083105,-1.0919065458259662,-0.39436439048773936,0.12429695442384228,-0.7782464855519351,-0.41355634328210067,0.08441806998757191,-0.5998136116355106,-0.38156393367986935,0.2313992555068234,-0.7894799555021692,-0.24291664231365215,0.27371638515691626,-0.7428242743766131,-0.3928535169876205,0.21893696638519797,-0.5242405714655437,-0.4037665595570792,0.13554518959726194,-0.43538940849882735,-0.37854312327960976
M,0.0,0.0,0.0,-0.2196952120765023,-0.07405972787593962,-0.21241677455121372,-0.3628669215037825,-0.2840753438960219,-0.3670248805219263,-0.28346874411437795,-0.4848603359139127,-0.5000809640267808,-0.16509333873483356,-0.6753043454314862,-0.617281125856929,-0.39880627550134956,-0.9031831991086438,-0.213055004344434,-0.3665752356683368,-1.0423099814041352,-0.47894425231842797,-0.29715240945277066,-0.9181729227599063,-0.6787803149706693,-0.23085706592312386,-0.7450324447863029,-0.7869066680119824,-0.17159043329620702,-0.9612145782192469,-0.21592419461471932,-0.13177097644735916,-1.1746230208021788,-0.49129704864679696,-0.07937890919886634,-0.9233335477679219,-0.6345945816797607,-0.05076494980894352,-0.7200097975364611,-0.6805576314376673,0.04143752056031293,-0.915168710064057,-0.24996444209153973,0.10890242004094411,-1.1140814375435022,-0.5008216286281337,0.11301327688493601,-0.8777784381042724,-0.5576381831473314,0.07589113456456917,-0.7134681307752884,-0.5439758753213425,0.22886060280711243,-0.7904698559848573,-0.2989409033651761,0.24864392725866796,-0.8117161700360761,-0.48283198699819,0.20079149213036157,-0.6482796635406581,-0.510789725212161,0.12961688560393242,-0.5649893116625271,-0.4915954154165474
M,0.0,0.0,0.0,-0.20674146345380204,-0.06308136569412774,-0.22455748230643668,-0.34951322978014077,-0.2614312111798895,-0.38583602666748856,-0.2555228939978156,-0.44400977867761393,-0.5220788554887473,-0.1023409790532559,-0.6016488041031897,-0.6390046609075921,-0.37535468347095274,-0.9045768471043899,-0.23271879320908037,-0.3132258038787778,-1.0424262645316742,-0.4832157308594359,-0.22862312241594498,-0.8491081118509679,-0.6653439571682854,-0.1693673885850932,-0.6404696369915559,-0.763093545804569,-0.14682849548131272,-0.9627144399864032,-0.22720541357186116,-0.06409683575906609,-1.1698606163770846,-0.4816609459776132,0.0022580570224269084,-0.8659600682076294,-0.6029222255623401,0.01735032574407702,-0.6373813155351259,-0.6371257369039919,0.06058635785184434,-0.9094514312136709,-0.2519865299043998,0.15741729377893138,-1.1038821054561838,-0.4888969311489596,0.17746820327421867,-0.8094045669162984,-0.5199821802376506,0.1382102289029749,-0.6070490350411049,-0.4892492257411795,0.24043718122770302,-0.7766404966841058,-0.293098989799182,0.2870307970871918,-0.8070310783185857,-0.46610601439031446,0.24758106113347525,-0.6052278853604292,-0.47587040178208856,0.17134002757451114,-0.48406195974940436,-0.44379139921792726
M,0.0,0.0,0.0,-0.2064936156133391,-0.07144831705611485,-0.22707780516979229,-0.321200371485958,-0.2795370987995536,-0.38038967570084037,-0.2009753414179805,-0.4519937553051544,-0.5112460342587616,-0.04266667988596524,-0.6126561885958798,-0.6226877026386072,-0.3555970865145036,-0.9137462971891548,-0.20228200355869372,-0.2979121094920684,-1.0709605653863985,-0.4457561746410177,-0.20284928348153886,-0.8554994633292103,-0.6220016997572747,-0.13253166113383455,-0.6437834529857821,-0.715031299792349,-0.12635647169627737,-0.9738578814186912,-0.18877200231805022,-0.05000584029110207,-1.1693969757836706,-0.445735813293624,0.0226090074448362,-0.8658706028871018,-0.5735194118287248,0.043624244966251176,-0.6186445190396412,-0.6095619636547412,0.07512918326266718,-0.9348952215000288,-0.20806311366126568,0.1752711764681909,-1.110960141464904,-0.45300850844334,0.20027677267654226,-0.7960125652377122,-0.49720583807580604,0.16500952278399916,-0.557539999160632,-0.46959390213814545,0.24900298954686856,-0.8298156597268145,-0.2439113891455072,0.2922658496845209,-0.8515562266176708,-0.42882283460689324,0.2535774280276124,-0.6209617567235992,-0.4533184663259502,0.18102145367328099,-0.4576525809728077,-0.4279020653901116
M,0.0,0.0,0.0,-0.20964229125052236,-0.07394400258071769,-0.22928778178320036,-0.33310648534628473,-0.2808842894456525,-0.387990702634511,-0.22516266330552942,-0.44423334259337893,-0.5251094348488623,-0.0636853075196175,-0.5927253955397636,-0.6443879479955104,-0.3460685644224775,-0.9131144561087463,-0.21761884668743448,-0.2933053238176254,-1.0570620094655852,-0.4838138471434495,-0.2154617984409602,-0.860910655268181,-0.6802899316355984,-0.14762380611122347,-0.6492423780895324,-0.7858367623805017,-0.11927816823927177,-0.9701228167005541,-0.21126864201406445,-0.052185865656999966,-1.1658632712437123,-0.4909977504297924,-0.003254316064098418,-0.8838629764976216,-0.6325582573201279,0.01739712805834002,-0.6443322766811556,-0.6750820601923874,0.0830392100925818,-0.9219769661107632,-0.23884069575449654,0.18106717500423516,-1.078879470458019,-0.4979736170836903,0.18291978749123022,-0.7818493769150822,-0.5544581208555284,0.13861758470243332,-0.5610403644509037,-0.5347110813581952,0.26001118484940705,-0.8026728148491469,-0.2838315779756914,0.3067419954435461,-0.7812078491952466,-0.47815199136624187,0.2518711408315205,-0.5661491325080039,-0.5131471847718723,0.1709137916620184,-0.4304434858141724,-0.4954183133021369
M,0.0,0.0,0.0,-0.2108556267776915,-0.07392217450083824,-0.2202421753941781,-0.3430406812383407,-0.2715755729270962,-0.3806905153765881,-0.242199748557207,-0.429870318217246,-0.5205674089326155,-0.08391776961578773,-0.5804452980241696,-0.6435174918950883,-0.3422179356567631,-0.9127428688352878,-0.2188078134224162,-0.28777105411480414,-1.0491198450897994,-0.48610824107023165,-0.21694836670931902,-0.8606840924027266,-0.688445065716476,-0.1516532803336241,-0.6428458427957383,-0.7992342326384743,-0.12125318444862593,-0.9683363280726042,-0.2182256194765717,-0.05562845271106865,-1.1520325737934816,-0.4988900917956111,-0.016150570996638164,-0.8857032862830787,-0.6450136623721994,0.0017945838786863665,-0.6381902289783434,-0.6933782336335026,0.08105377606040957,-0.9202506217413826,-0.25037404972242233,0.17472366828321526,-1.073759582051189,-0.5047870050565334,0.17440542144700513,-0.7987117902399119,-0.563378048569872,0.13490177906460063,-0.5788734413367277,-0.5494708214068483,0.26342266346908544,-0.7996897837408729,-0.29974040890698556,0.3079525997230953,-0.7846343830889005,-0.49324371812852474,0.25163727185622353,-0.5772115362966331,-0.5292827216463071,0.17404613991844697,-0.4363002265376663,-0.5142082854564956
M,0.0,0.0,0.0,-0.2167115478305172,-0.06333029221237806,-0.24608458477383321,-0.3522501476596437,-0.2650501447306026,-0.4183798706856468,-0.258026089694891,-0.41935501307405254,-0.5667691005472516,-0.09974042031433966,-0.5673141951951257,-0.6979035284571441,-0.34544393238665316,-0.9106654259806284,-0.2454209631086143,-0.2876042240444782,-1.0522425765457792,-0.5296677143922632,-0.2135287184615495,-0.8530033801315042,-0.74122768858033,-0.14668814052046322,-0.6268311303671208,-0.8561514590728317,-0.11926285755725546,-0.9638453838759845,-0.23828228383208394,-0.05693722932518781,-1.1768973165882097,-0.5416043115397423,-0.0075732992135743174,-0.89606981352049,-0.7007341680604758,0.018463429441201638,-0.6420706242154725,-0.7533463026937287,0.0844565689023636,-0.916899521578285,-0.26612276578334043,0.17864091407455202,-1.090811478117222,-0.5444316417436937,0.18512896252992234,-0.7938008959602812,-0.6148958958869942,0.1465789884005497,-0.5570782809713205,-0.6029537250142429,0.2663543964442927,-0.7976428183426842,-0.31226183134789187,0.3148685656904518,-0.7920639838223382,-0.523654535718155,0.2646618418699741,-0.5712083712519553,-0.5692851149708965,0.18767452930943745,-0.42046882917427647,-0.5582471068446417
M,0.0,0.0,0.0,-0.20784896175128176,-0.07381620936722075,-0.23973706666014505,-0.3426545927731094,-0.25799223296678686,-0.4080077670569096,-0.25919151991426,-0.4026702047219525,-0.5502324247775232,-0.11197312779128087,-0.5478547399912472,-0.6709280788419515,-0.34262439880721574,-0.918962258106644,-0.23476144320674633,-0.27914669025108657,-0.9756748891317771,-0.5150384250210113,-0.21885868094087213,-0.7765890200071006,-0.7180268099317463,-0.16262774142199182,-0.5951606473038554,-0.8276733188727015,-0.1265305293619854,-0.9663350700343258,-0.2240235647451633,-0.055205865237930155,-1.0753337663509193,-0.5201503829193308,-0.02858434512189636,-0.7831395900465862,-0.6576313839586944,-0.008695427731814814,-0.5704061569493741,-0.6929337778805368,0.06895280863058317,-0.9158826908082693,-0.24900550092276327,0.1570448988505361,-0.9828270576499852,-0.507085247515517,0.13436401711778617,-0.7035113680790047,-0.55065709530502,0.09104827498143851,-0.5359346401465473,-0.5229137824669272,0.24345959479257065,-0.7967321966567397,-0.2947818612095131,0.2844753821743728,-0.6961985633177871,-0.48077451888655026,0.20820412099039037,-0.49318541501056373,-0.5122807275712905,0.12451752589481756,-0.4069132172097251,-0.4924363951560268
M,0.0,0.0,0.0,-0.22064946903904842,-0.053490015486785676,-0.2647046682016176,-0.35777850442334824,-0.2734198708197349,-0.4501630446219104,-0.25850562672959393,-0.4267168783426906,-0.6093639444409431,-0.08824435711656073,-0.5661959692086228,-0.7514259174930539,-0.3358005207641381,-0.9007227594254662,-0.2897398790180684,-0.28536517259099925,-1.072756988617838,-0.601930337238188,-0.21796651482772486,-0.8487823422816457,-0.8277483686181729,-0.15482124555496804,-0.6026288538609966,-0.9495000068155869,-0.10629732664022044,-0.9527527115638246,-0.2845402413665277,-0.04818673393531791,-1.20580360925119,-0.619820548334277,-0.007975996388416,-0.8960527712728638,-0.7871704423436717,0.011545966170626261,-0.6270302354973648,-0.8399376889683007,0.10079402010095541,-0.9013639109488522,-0.315984973120084,0.1939482762929826,-1.107982222406386,-0.617278980833078,0.192061850158066,-0.7806022773785418,-0.6855437586997638,0.14208846445674464,-0.5324534206421223,-0.6691498654811404,0.2858452325617127,-0.7789306399805218,-0.36751051700796433,0.34473068396934414,-0.76406378276249,-0.5949914346927531,0.28666676376159433,-0.5269220153545715,-0.6433950409585905,0.1964778780136616,-0.3808325748919106,-0.6336378696788368
M,0.0,0.0,0.0,-0.21355477289918962,-0.07752392862569811,-0.2102503360564933,-0.3611241701558991,-0.28116845000507634,-0.3614047167416964,-0.2739354171737468,-0.44085647974442127,-0.49467343356657856,-0.11418481393666208,-0.585006582980194,-0.6095971941608085,-0.3427029959286944,-0.9272078321584935,-0.1984422245563916,-0.2926576394511885,-1.0896150280051755,-0.45054451717721783,-0.22580782252511794,-0.8775737226133552,-0.6350238190905262,-0.16757993832650497,-0.6524772680560605,-0.7344135929940047,-0.11344111632833986,-0.9732627376329155,-0.1997267049281664,-0.06029350488511217,-1.1920967438349335,-0.4654196281121389,-0.023121139168549215,-0.9045851951886046,-0.5967465676314652,-0.007621452024706909,-0.6577580077579085,-0.6345387006677713,0.09005508268602552,-0.9202693582739316,-0.233469231830655,0.1740375232932517,-1.1054489039776874,-0.47537776573924834,0.16579079979853753,-0.8048652881461249,-0.520662292961173,0.1187459584145024,-0.5792097277988405,-0.4982340973416682,0.2715131275501308,-0.7960841406299738,-0.284066306949112,0.30321656956423576,-0.7835277254168551,-0.46825985655607527,0.2364807754562688,-0.569741894083419,-0.49888515141028117,0.14969341987443252,-0.4335205482723641,-0.4807956167210974
M,0.0,0.0,0.0,-0.2226582693853367,-0.06617852588369581,-0.24894111816148812,-0.3670851909391937,-0.2894116862734569,-0.4217435752617726,-0.2765379635380538,-0.44688849156242527,-0.5719822411680692,-0.10499787521457689,-0.5841820765057824,-0.7047299133780264,-0.3568159991134563,-0.9128112501759934,-0.2519128583324745,-0.30449807640438964,-1.093155718464058,-0.5407059685148858,-0.23909925236483281,-0.8769475698765083,-0.751699135894673,-0.17503939398838142,-0.6374267386676156,-0.8663285664131937,-0.12447100572399837,-0.960555024668844,-0.24867853409068638,-0.06904895572168467,-1.2289026855981482,-0.5566728676749385,-0.03317722505393344,-0.9297222325969156,-0.7144159862494202,-0.012691168796189239,-0.664340066883803,-0.7649639526237161,0.08421987471941289,-0.9077697070492609,-0.28114978328338963,0.17267495347347947,-1.1285362582798,-0.55891027811411,0.16490847907639358,-0.8152051520708163,-0.6246954014426777,0.11719323603578068,-0.568283072731034,-0.6107241057043877,0.27141177315675724,-0.7855165777826115,-0.33280204116644163,0.3193131217696426,-0.7976420898203288,-0.5388150790744686,0.2574514874809491,-0.5714288725188357,-0.58074642848521,0.17131159993003808,-0.4194353151213253,-0.5701153252507977
M,0.0,0.0,0.0,-0.22254753084805584,-0.08234817556138965,-0.21351513700453661,-0.3658795169875827,-0.2890723952838317,-0.36640674845143967,-0.2714726504006224,-0.4500319086192442,-0.5020788124621361,-0.10494897019114308,-0.5879900017068149,-0.619799358483531,-0.3592094272971497,-0.9221776042695634,-0.20184611334242197,-0.3118849424984372,-1.0881311634071478,-0.457532383832443,-0.24553050737571752,-0.8741138531423679,-0.6417777359234106,-0.1819465991818172,-0.6525539951831947,-0.7402665596566765,-0.12918541929661137,-0.9701920943213412,-0.20503274752470227,-0.07733171713722678,-1.2116917149784667,-0.4766535897149992,-0.040955097786658214,-0.9197343950077369,-0.607909112320111,-0.019785442456952188,-0.6712052655814796,-0.6429345540688812,0.07747623185610596,-0.9196546667743004,-0.241065414840394,0.16306629980256218,-1.1186214344425296,-0.48920999853751745,0.15451004789270295,-0.8057580409152998,-0.5337506489131035,0.1105691686201873,-0.5746096663782152,-0.5076983104967432,0.26435290748149587,-0.7999492029178317,-0.29384436723444424,0.2953133766490629,-0.795108310032598,-0.4749406292032765,0.22887069182725384,-0.5722364965601104,-0.50006091772231,0.14609714337766086,-0.43177729493723666,-0.47799216021692775
M,0.0,0.0,0.0,-0.22208278431750333,-0.07793748228802706,-0.25671186744274793,-0.3650978331492141,-0.2848583048443927,-0.44015139232380646,-0.2728517114893922,-0.433328655914903,-0.6005195592665173,-0.09261716200568305,-0.5706666231739503,-0.7431090616674042,-0.35903915031002936,-0.9221185733945776,-0.26288918462401545,-0.3024255749576688,-1.0719978686247194,-0.5588908155671107,-0.2400142888499929,-0.8585162501235587,-0.7762634879419533,-0.17740727367941495,-0.6338664580242533,-0.8952979129023654,-0.12718282063934003,-0.9573448762873106,-0.25945195697981416,-0.06684687278495323,-1.2067802104275651,-0.5752734437412214,-0.03452834338065766,-0.917337879298838,-0.7422407779737927,-0.012665594804195972,-0.6655724540302582,-0.7994292781125374,0.0817363627930582,-0.8972192080976243,-0.29212031688097834,0.17297356449914386,-1.1111181003084252,-0.5749178340738804,0.1617109293328719,-0.8163936660397255,-0.6519433808629006,0.11656651381747135,-0.5806473972592018,-0.6450862924218059,0.26855060053518787,-0.7691208729806092,-0.343963495035243,0.31239085969261854,-0.7935640065050426,-0.5488586450013131,0.24932855149802377,-0.588436662963902,-0.595137244723836,0.16678603842790485,-0.44634933234040697,-0.5881395786943979
M,0.0,0.0,0.0,-0.2223176387444486,-0.060593219703598634,-0.27276751024395796,-0.36738676343792565,-0.27518674699182255,-0.4666949816026414,-0.2772734028122897,-0.42665380380744566,-0.635384258915899,-0.09998236903938947,-0.5733450873840037,-0.7881735566280534,-0.3581118623608391,-0.9079823104577724,-0.2974538754830532,-0.3089541944420447,-1.0920271678911757,-0.611499723757438,-0.2441523365061793,-0.8790275143436482,-0.842798133902152,-0.17781329446097868,-0.6378638552028394,-0.9697415545573349,-0.1228007214151839,-0.9485890337286128,-0.2917170339725248,-0.062349046770100135,-1.2211631644675272,-0.626515732985729,-0.026518812817878813,-0.9281265830856038,-0.8079039352736508,-0.005635784783464777,-0.6693548857507743,-0.8743589822066056,0.08904401515827233,-0.8928477303899919,-0.3226076914876949,0.1807807281329127,-1.1183362887463135,-0.622101818614638,0.1726372327512064,-0.8199550089196419,-0.7124122204642268,0.1261572249781453,-0.5759334762786669,-0.7140657675010932,0.2773631514497291,-0.7699210983198895,-0.3730341031930044,0.3244754574690059,-0.8014770534140573,-0.5926677862589738,0.2650771358479122,-0.5909837976522557,-0.6483001858320848,0.1820021211589171,-0.43979410231723004,-0.6479191121627441
M,0.0,0.0,0.0,-0.22852377559020207,-0.07464829737725924,-0.23498443135129254,-0.3743492194891473,-0.2803777274773694,-0.40724461683405466,-0.2843214662209971,-0.438305395453843,-0.5612209149934803,-0.1116710336286748,-0.5843563600166926,-0.6980018311199788,-0.3611440509332668,-0.918780760995561,-0.23517299367922004,-0.3258816686539204,-1.1116313332243997,-0.5152926262832025,-0.2709697810554463,-0.9104187803704514,-0.7224450271328687,-0.20902581441146872,-0.6746077186989475,-0.8343485840575278,-0.13455132595352434,-0.9628040943738988,-0.23431648798367757,-0.08293630147885875,-1.221410578863507,-0.5288680964175269,-0.0547754260502517,-0.9558893243786217,-0.6836938976404151,-0.03574646166619856,-0.6995234427483357,-0.7364603463539854,0.06876728346132313,-0.9123540205898477,-0.26896226456777206,0.14876367649777622,-1.1214153868257217,-0.5322041623106712,0.1386494817122459,-0.8548202757188161,-0.6032848281237017,0.10199183995388152,-0.623234733917708,-0.5965123851291583,0.2523260212873402,-0.7943019731444254,-0.3217532224936218,0.2886097105223302,-0.8626100754662913,-0.5118957512089205,0.22866957398119758,-0.6816304609016779,-0.5524705576199429,0.1532918058365108,-0.5297913720381734,-0.5438414594993436
M,0.0,0.0,0.0,-0.2272209528055091,-0.06585532772588482,-0.28318365721252287,-0.3679269661601825,-0.2694786660228683,-0.48300005529637585,-0.28340733857753714,-0.4166016994388384,-0.6569191480012783,-0.10923778160212919,-0.5577983135125358,-0.8138369827610831,-0.36472849220513737,-0.9112705300387535,-0.29369501684964666,-0.3177402864220416,-1.050174484329876,-0.6202164609795947,-0.2632023844171242,-0.8406331289864736,-0.8606852086292243,-0.20181007617229396,-0.6150209824398761,-0.9914329259665727,-0.1410687124590327,-0.948915266133777,-0.2822400327087103,-0.08042187457412764,-1.179875824087032,-0.6330432657918695,-0.05294940129431929,-0.9037951707955281,-0.8246504457786478,-0.029789639758623858,-0.6530775477302935,-0.8937013883450162,0.062448430154241986,-0.898910869536244,-0.3106281811887617,0.1472523354132771,-1.0648514280097545,-0.6205886710160664,0.13252077681034824,-0.8003697940488765,-0.7252214693467764,0.09482317627057743,-0.5782431998989985,-0.7319137229465645,0.24515728708537343,-0.786786315815538,-0.35979640347564135,0.2792657069128936,-0.8043550496517949,-0.5803601705966969,0.21525958446618434,-0.6229522829317283,-0.6466525344055373,0.13851674849052256,-0.4880030092225006,-0.6524941722486731
M,0.0,0.0,0.0,-0.22804245355679936,-0.10756694732124725,-0.16716744521437252,-0.3500711887481097,-0.3221455609428768,-0.29738558786443153,-0.2191710881168396,-0.4594404068937918,-0.41798322254094544,-0.05138897726644066,-0.5819888139022242,-0.5245173638551981,-0.3234602082335579,-0.931160202583257,-0.15026884720099137,-0.34809064934743733,-1.011523276147634,-0.3863437773428571,-0.3360856739781072,-0.7848373106959137,-0.5665975945088313,-0.29584771886373856,-0.5688042836589123,-0.6693931310860606,-0.12207168879332518,-0.9772467468548646,-0.1734569069156074,-0.14060093796091483,-1.1483803514500355,-0.42991497648507937,-0.161926177294888,-0.8700078493230983,-0.5597566769941648,-0.15158615475805925,-0.6308330684461918,-0.5994385721363364,0.07200336787069729,-0.9181950027792487,-0.2262865824900408,0.12044924444779177,-1.0572162274391215,-0.45441146578956676,0.06420406202092056,-0.7761406529118172,-0.5057996084652947,0.014649403862283234,-0.587074030754226,-0.4945026998566387,0.25920340007959325,-0.7897498229097626,-0.29341057139818427,0.26389513523023655,-0.6990311477819193,-0.4610173625595306,0.1769991081241877,-0.49835837333691774,-0.49699768097263347,0.10129394096689823,-0.41328754048021316,-0.49044263859676496
M,0.0,0.0,0.0,-0.23592114978588227,-0.08057932352237329,-0.22225077806006566,-0.3677133006025997,-0.3093611343634242,-0.38920856755039174,-0.24881276269553038,-0.44274551682663665,-0.5392047936080782,-0.07783954168965387,-0.5687870073489478,-0.6752382465745043,-0.3319234740433216,-0.919531526225375,-0.2376382636383287,-0.3533899009901312,-1.01881536452478,-0.5332086825180145,-0.3381358745994811,-0.7661492721510988,-0.7518000494544564,-0.3026692431709958,-0.5294890613171982,-0.8748195387154654,-0.12783635306749866,-0.9587947783432985,-0.2537133024814172,-0.14470013095481513,-1.157432073294105,-0.5770968292946618,-0.15985595397476784,-0.8508529067184182,-0.7408205207191029,-0.1521225537945206,-0.6013734676189985,-0.7951786221678958,0.070706887950809,-0.9019078248368756,-0.30452827357293893,0.11894111019167669,-1.0620959643918664,-0.5881046548932856,0.06868749469421478,-0.75348126785548,-0.658269580110504,0.011926638004156874,-0.5507876665413136,-0.651389120004389,0.2600286941460252,-0.784671672696086,-0.37314548715766693,0.2751095967540609,-0.7044051707090093,-0.5787686494710471,0.19250765263427233,-0.47868841155056985,-0.6282995135178541,0.11094675645361386,-0.38739546912406236,-0.6279495775631155
M,0.0,0.0,0.0,-0.22852260368310726,-0.10545508709931362,-0.19963936854336267,-0.3531156209315654,-0.3255424463664226,-0.35350031405319104,-0.23450881616785849,-0.4615187072577166,-0.49361034809331716,-0.06989959835666774,-0.5934962544726045,-0.6182328360336281,-0.3252413454121869,-0.934862195387685,-0.2009025684250178,-0.34214973343765087,-1.0554140658136768,-0.4703050179802777,-0.3286829641956596,-0.8078838540546676,-0.668549014335116,-0.29615522574340564,-0.5693963201038889,-0.7780026407280438,-0.11738868283379111,-0.9687573274398311,-0.21846999261725514,-0.125707207034325,-1.1771984738137253,-0.5088207708728005,-0.14526807358173577,-0.87273797696198,-0.6481905790245647,-0.14200200014223835,-0.611511159441086,-0.6885535688330444,0.08294133860688845,-0.9023781688886329,-0.2694469945091348,0.13202497933431961,-1.0785783783755627,-0.5272845371479632,0.07815720483518636,-0.7690936807750894,-0.5766996214354431,0.023095721997021323,-0.5531998788906796,-0.5570360434235275,0.27540158089852057,-0.7717996366865916,-0.3367807244638965,0.2837284754730718,-0.7244270399145432,-0.5240302054831291,0.19512388131226874,-0.5032150278940456,-0.5574735698487268,0.11361271411040262,-0.39308787703070686,-0.5450272305780884
M,0.0,0.0,0.0,-0.20949785171467727,-0.1521149206426742,-0.15668051280484357,-0.2936688822080804,-0.3870960954228491,-0.28273184227885717,-0.12659470723254657,-0.5076673559676207,-0.40049499002770667,0.06384730521226076,-0.607341992962561,-0.50299552623473,-0.2507792452825982,-0.9754442819867186,-0.14015719294900747,-0.22042485962824443,-1.0871242009268078,-0.36169277034942343,-0.1916910141129953,-0.8507690803945491,-0.5293559282230756,-0.15861267176140667,-0.6320569867669844,-0.6250321898443139,-0.03718085609398592,-0.9858079435958313,-0.16370791759556508,-0.007800990376941962,-1.1821969870145372,-0.401953832979151,-0.017622605463916575,-0.8989584105798268,-0.5227157210860174,-0.025285257048495945,-0.6474718807731018,-0.5606981736268599,0.1552431340331464,-0.8971622021329602,-0.21545476432249494,0.22542591676484447,-1.0849485489351751,-0.4311610496874726,0.1817165675982677,-0.8104558387877817,-0.4795132298836803,0.12428642566855361,-0.6047842624015459,-0.46829477726826674,0.33637867870349125,-0.7397651550612667,-0.27970175610717396,0.33399266391331356,-0.7083214063134037,-0.4434235210144543,0.23898245966022436,-0.5236637120724303,-0.4790883321642809,0.1467432033766963,-0.42136063802260076,-0.47327469931158916
M,0.0,0.0,0.0,-0.21458481039331628,-0.06209101261874228,-0.1350754781188101,-0.3521457337442291,-0.2574529413425351,-0.23751239102555774,-0.2567069101982447,-0.4454746674498801,-0.33440942104792964,-0.13821900595561232,-0.6168881213321048,-0.41583798207329253,-0.4219781868441196,-0.8888013777810966,-0.09601195559596738,-0.41638711003371337,-0.9936240042129765,-0.28569755266725994,-0.37859089697836085,-0.76016941897327,-0.4297775247794296,-0.33938619462478503,-0.5540375133664487,-0.5094461031672156,-0.22095911051649658,-0.9678386738032375,-0.12027207893168268,-0.21355108688693153,-1.1693265902312167,-0.315069903644154,-0.19832155022524747,-0.8504741918262742,-0.4029591545428736,-0.17966552095890767,-0.6085780782280795,-0.42277470435605774,-0.014772948099181395,-0.9330191468913499,-0.17155080857574623,0.026259639946636708,-1.1526922834881577,-0.35335891293191535,0.014292512793356851,-0.8413264498215193,-0.3692227948437079,-0.00046708988066275123,-0.628079682383769,-0.3398230419897398,0.19734011453220152,-0.8111675391755607,-0.23420316314035644,0.2119249140143478,-0.8608514631656072,-0.3641047969469776,0.14558261776045864,-0.6443068442706624,-0.367521280482762,0.0834955431360264,-0.5059154416752552,-0.3420382458306839
M,0.0,0.0,0.0,-0.20377078053014724,-0.06586396780868535,-0.15299782658166206,-0.34064388271001006,-0.26593737727960126,-0.2595575763171312,-0.25096981505398197,-0.46418752560844395,-0.3572602793658342,-0.13070109073316707,-0.6512479396935014,-0.436896863185644,-0.41491785172450696,-0.874135928689423,-0.10930265080871215,-0.4279014535146413,-1.023784088316034,-0.29916212100265505,-0.3568045674598785,-0.8078694617159307,-0.43918411940036683,-0.2910294240937465,-0.6094457409860599,-0.5159703290041578,-0.2125706223449429,-0.9691677837354079,-0.12460954010540817,-0.21975982384513,-1.2106494748207026,-0.3225053829660829,-0.16282056699511963,-0.9111383892220798,-0.4132374591543361,-0.1258260448788263,-0.6759572261078515,-0.43238419531070565,-0.012499572943756677,-0.952324180626488,-0.16803345536380318,0.034315628421314935,-1.1688683021890347,-0.3509687357511251,0.04565855264573568,-0.8799440602941611,-0.37326267852996897,0.027028805855036624,-0.6781894229685399,-0.34781214248768044,0.18065775946023402,-0.848562642202217,-0.22480686367735525,0.20842076155299416,-0.8653030458984119,-0.3558577274720503,0.15909852247962347,-0.6536805279294188,-0.36522664110041464,0.09608058421313644,-0.5208959247285331,-0.344080979520956
M,0.0,0.0,0.0,-0.21298901654542313,-0.08587972354441815,-0.15728023440826414,-0.3387502358060659,-0.30006657605186815,-0.2737824219130747,-0.23530767317146123,-0.47357858320735413,-0.38319848783749605,-0.08286833354590463,-0.6273769112836648,-0.47571138585691086,-0.372021483289465,-0.9052617996242166,-0.11829563094192551,-0.3519362760291072,-1.045610636330576,-0.3192695309747307,-0.2944131840967311,-0.8148835032869085,-0.46853239560709653,-0.23634949297906296,-0.6073529120070733,-0.5519591985013859,-0.1669400674159967,-0.9763441720722505,-0.13741568888483635,-0.15506486250962767,-1.2215102898877688,-0.3521097276528739,-0.11181521557482543,-0.9232152141352892,-0.4549495735592209,-0.0795168754138087,-0.6735660395367518,-0.4812265248137507,0.03033305024868998,-0.9378788065258905,-0.18523193829028972,0.08646719178021658,-1.1870501950273713,-0.3826899372381095,0.09387421387164956,-0.8890896230463136,-0.4135490604766436,0.0723082442347929,-0.6595096046634401,-0.3908743381758114,0.2245543292822344,-0.8197531762331225,-0.24646033363503975,0.2447696570115778,-0.8595460701826365,-0.3903160293378737,0.1869238320738888,-0.6545697351484312,-0.4096595980781477,0.11429221279199518,-0.5113308543414445,-0.39419778723491644
M,0.0,0.0,0.0,-0.22527159691118784,-0.09001525719982226,-0.1597254599462802,-0.34571901357353574,-0.2995338848011545,-0.28555681901613306,-0.22225639543433112,-0.4252635635367685,-0.40405641922486657,-0.06232098426457812,-0.5416141633498586,-0.507719506376844,-0.3084643404025839,-0.9283616407386044,-0.14281815899609374,-0.347742716152971,-1.0110493836938823,-0.37107147661044787,-0.35069413954487827,-0.7277723803754772,-0.531711875058801,-0.3319429472244665,-0.5008680209550559,-0.6175139149625167,-0.09755064882022549,-0.9806374677873304,-0.16980585292152203,-0.12715869964924123,-1.1502483191856094,-0.4138174048028298,-0.1598263571746689,-0.791269014595044,-0.5125018832211466,-0.16246868541084875,-0.5575047017712773,-0.527061462255456,0.10206496180236029,-0.915556612058338,-0.22659762549721943,0.12917043023320815,-1.0554182519173976,-0.44924686563739497,0.06464246302220711,-0.6933043524042596,-0.4635199874710442,0.013360093924706473,-0.49533129955992683,-0.42247326636274496,0.29269874607932533,-0.7793139975930281,-0.29675572287708296,0.27820871345505466,-0.6844511705917621,-0.44692718267908627,0.18135635847959936,-0.4336911953285286,-0.45101627214945095,0.10706185503819067,-0.34571183037625475,-0.42055997823242436
M,0.0,0.0,0.0,-0.205661527845938,-0.11779187410586223,-0.1654364249428991,-0.31241916316835044,-0.3588648262969251,-0.2836094607420546,-0.20626594821931274,-0.4701015412319515,-0.39064237304772237,-0.0381667789380837,-0.5319860816568927,-0.4824773335744811,-0.22931477371305786,-0.948971003323238,-0.16558398891448634,-0.2916188724471257,-0.9869299675246671,-0.3937496686175829,-0.3059597435229585,-0.6852574110017697,-0.5477680712626503,-0.30103277662716643,-0.4425723954405975,-0.6250396386902105,-0.006414754985573598,-0.9841204363535954,-0.17738606954798986,-0.05258126399028375,-1.0378115964622812,-0.41224272465746353,-0.11020818707421012,-0.6885723145274525,-0.49490191498040037,-0.13216748436155373,-0.45171045399009363,-0.4989104131134702,0.18748052992989217,-0.8958124072486361,-0.2188007033268207,0.17976533028877503,-0.8350442765383204,-0.42461000192517845,0.08986736336278309,-0.48508239898434774,-0.4268232288705508,0.022181173120607772,-0.29930574311419145,-0.37925839033371606,0.3541587013302347,-0.742712499213895,-0.27665635185908755,0.319312822561976,-0.5100340216986863,-0.41101625584474405,0.20331291115049138,-0.271429412305083,-0.4110135935415257,0.11876022874442328,-0.1966429886176224,-0.37678040637994153
M,0.0,0.0,0.0,-0.21125712545981232,-0.10502808036261801,-0.1974712845185859,-0.30560549279184684,-0.36872671351160813,-0.3315270771628295,-0.1737748510126231,-0.4799727784699284,-0.4475380006582806,0.016333120390237557,-0.5337937447932373,-0.5499449032647207,-0.20248740033012885,-0.9570752099539537,-0.20927402596618722,-0.23709251819755908,-1.0145525154751933,-0.4578812062591544,-0.24654175825352428,-0.7199575168942609,-0.6269079131922929,-0.2396539572440016,-0.47752895968099596,-0.7150381411651284,0.018253838560243763,-0.9765739660818433,-0.21440635752933046,0.007748905105293621,-1.0771031747703665,-0.4844385191212852,-0.04885739145638475,-0.7362180016167028,-0.5892998676100996,-0.07259666739450507,-0.4862545256262809,-0.6039639152760037,0.21283117339715732,-0.88244268034788,-0.25116744697874505,0.2375268877450304,-0.8945660272759026,-0.49668304586724255,0.15449957337400258,-0.5526757167988504,-0.5228405014416714,0.09384177481942545,-0.35430626358954714,-0.48537535415478633,0.3822179633993397,-0.726990589239375,-0.3045579386359168,0.35394494241252944,-0.5448529379177873,-0.4835446567520411,0.23795114607738244,-0.303982952292195,-0.5087998927284028,0.15936059163043106,-0.21816824416950803,-0.48766244910936984
M,0.0,0.0,0.0,-0.23466469458225472,-0.0910783711844344,-0.21823176248753104,-0.3587484818791007,-0.3201137958941789,-0.3771030491486984,-0.24844626519590893,-0.44179547841703126,-0.5206617687629119,-0.10451558272063662,-0.5506407759103288,-0.644491891553286,-0.2974864013740937,-0.9481235476354166,-0.2057936927978545,-0.36595799954133684,-0.9381396369988834,-0.5183081145102807,-0.3842202423371861,-0.6793503867446912,-0.7364788101176489,-0.3698828921892257,-0.4781399763281314,-0.8492466478058353,-0.0981919888477755,-0.9711414493535077,-0.2173536718661242,-0.13475050992968735,-1.070852422108625,-0.536253977403721,-0.20602242810641944,-0.7730829255394633,-0.6683956169563691,-0.22171799452265564,-0.5991447530132714,-0.6945139516241238,0.08881380983265565,-0.8928500116334359,-0.2700475179187044,0.097612184261554,-0.9058011162858861,-0.538370684581838,0.01726780585532368,-0.6079301138723824,-0.5585322078359711,-0.01916638558292672,-0.520689944940176,-0.5128014224547298,0.2609300825886074,-0.7478211840768705,-0.3443578543798439,0.24581572221995443,-0.6328585077396511,-0.505926403588222,0.1551445756654836,-0.4552947546706812,-0.5102874510327557,0.10748327725846851,-0.46703519691536854,-0.47678496660665587
M,0.0,0.0,0.0,-0.24834696953290056,-0.12190139681976779,-0.17231085625806947,-0.37418235513001075,-0.3544949250413734,-0.3115162096384872,-0.26058080438689774,-0.4831567721845781,-0.44450248601539627,-0.12250751737720307,-0.6029675512346211,-0.5594509317946014,-0.27446749197869813,-0.9704187352630235,-0.1619695342306182,-0.3689966796195011,-0.9911696720862013,-0.4481765200350463,-0.3966677808546316,-0.7564063298663835,-0.6504341820112539,-0.39054374695010524,-0.5710117205439946,-0.7557055908162369,-0.07831337861813338,-0.9782590602193146,-0.19203183545505192,-0.14584529378171948,-1.0644076805955052,-0.47900413487761206,-0.231590511546051,-0.801090285607292,-0.5998869096032465,-0.25773624665508976,-0.6503051397816645,-0.6293027169682707,0.10503371845555594,-0.888742922676991,-0.2602469197533068,0.08055913559796317,-0.9381520161683988,-0.5032213554086119,-0.011223498372985488,-0.6783180352660565,-0.5229100054648254,-0.04965695023730301,-0.5926842412070167,-0.486563053979663,0.2765070744381524,-0.7294920151843473,-0.34685879740056297,0.2355297868495569,-0.6846598333829321,-0.5006186562487829,0.14078812152256814,-0.5448369095410568,-0.5073684826879105,0.09487687840001609,-0.5533321537578307,-0.4792674953781213
M,0.0,0.0,0.0,-0.25440001648182925,-0.17738674249765377,-0.12734486306572196,-0.3901008723403938,-0.45451400896914584,-0.24178458779155326,-0.3001689441974398,-0.6074468391032737,-0.36179294932293243,-0.14431652017526173,-0.6873256882473628,-0.47633097306898836,-0.23234681691656373,-1.003096575457791,-0.10983108615972415,-0.32521577128612994,-1.1603853380918552,-0.3518475849592562,-0.39505316299039556,-1.0029887532155741,-0.5486777606699563,-0.4375598760402929,-0.7942364989356467,-0.6586031822521562,-0.036217727896086134,-0.9872292735133589,-0.15513425703025982,-0.10441217549439748,-1.2271396808322947,-0.4037377384717758,-0.22754194789514187,-1.0676730595552906,-0.5654223827149808,-0.3047893747725946,-0.850924742226814,-0.6361795992959622,0.15045184249285978,-0.8783359109382463,-0.22946533168138566,0.1274497641532751,-1.0949336860343264,-0.44672892526420865,-0.007717791273726104,-0.9447823899711187,-0.5456209140174875,-0.10979941375222385,-0.7730912874739992,-0.5716765031916681,0.32983017586770774,-0.690699168580194,-0.3144052083774327,0.29303373737417454,-0.8203725243633773,-0.4745193011428785,0.17051969238856443,-0.7592332239593798,-0.5327142042388348,0.06643055319270472,-0.6869572417829414,-0.5473366542779923
M,0.0,0.0,0.0,-0.2602602449799169,-0.1940294833658481,-0.13914915186396917,-0.3964992937832032,-0.4608510128763814,-0.26541494575210184,-0.3466713254196891,-0.5959800699357665,-0.3940043798429159,-0.22978375979906135,-0.6800254674064745,-0.5170756028594412,-0.17216515446691136,-1.0199130918707806,-0.1461300409713144,-0.3019668782695499,-1.120658325580383,-0.3968448926135379,-0.40745706538683873,-0.9380479606691667,-0.5925763110605363,-0.4873919397592277,-0.7277517677863382,-0.7011683084399494,0.019313229229902622,-0.9819988258538136,-0.18789706011123355,-0.08821173371321209,-1.158403688898843,-0.4436095137056769,-0.25258938678138554,-0.9879867191690777,-0.5943943667469103,-0.36311195454701334,-0.7952495086772028,-0.659185222404307,0.19185423400859072,-0.8469122035070485,-0.25885031661359414,0.1319535609046573,-1.001019401893234,-0.48836987851899766,-0.0479531066024876,-0.8304646761259487,-0.5725962506323201,-0.17209449962520917,-0.678916311814546,-0.5878900973289396,0.3400184822480503,-0.6394292439367292,-0.34042551211863714,0.24893770207814425,-0.7110832872464241,-0.5099288551693649,0.09384091783214193,-0.6503376825739692,-0.5635923048916429,-0.01725148750295379,-0.6136684468445119,-0.572848454971118
M,0.0,0.0,0.0,-0.23753696785795003,-0.11072593850561517,-0.2284578542206788,-0.34311134892110756,-0.38135297165346177,-0.40020140365581053,-0.20632350696528562,-0.5451650890222914,-0.5524363307307297,-0.03582418119900249,-0.6651884448744881,-0.6934959802480516,-0.30101626159390155,-0.9457665464432589,-0.2867460323799906,-0.333643140899962,-1.0438941610722068,-0.6151319966657401,-0.32483758395194123,-0.9003259711966508,-0.8635028177088823,-0.3107651439956727,-0.740364178888214,-1.0053790601389636,-0.10441421842944598,-0.948013615906641,-0.30061246655018115,-0.11844354211247904,-1.1414147990391013,-0.6272114078219259,-0.13667398150611257,-1.037470673569301,-0.8226099104515627,-0.14584037561460939,-0.9254962468605304,-0.9177746417604997,0.08906880190124275,-0.8674481384361757,-0.3499269656911982,0.12040428603320967,-1.0088960960404891,-0.6311372386860552,0.08562452329753402,-0.9120161324055074,-0.744646897745227,0.0485148073887613,-0.8540540472253265,-0.7841731133270137,0.27215975387068075,-0.7150197637130141,-0.4181685669222783,0.2928321231664454,-0.7709051514997824,-0.6320362967039351,0.2271767134458828,-0.7138629499160587,-0.7139415705047352,0.16472655910555814,-0.7087626715364298,-0.7473528624953514
M,0.0,0.0,0.0,-0.22372682865490232,-0.0675324721758473,-0.29528625830232613,-0.3448313283184022,-0.29830215935875054,-0.5059053936542316,-0.2324848102019119,-0.4662911497730612,-0.6887333561341422,-0.05543208164337298,-0.6300235984478421,-0.8591246899357656,-0.35909962096220976,-0.9186917062282909,-0.32113910793070105,-0.34986460056550395,-1.0340750858688665,-0.6812920938320636,-0.2930915399198284,-0.8591586799099099,-0.9644952207089067,-0.23358298249465845,-0.6371465560023374,-1.1209046733987957,-0.1540151610323936,-0.9398129620579142,-0.305009715451976,-0.1205419242554846,-1.1239102222311694,-0.6702185079871368,-0.06899182206325645,-0.965781986645082,-0.915492079336944,-0.0316092090402398,-0.7732456770799188,-1.0350646589767591,0.04715134808189904,-0.8877772464465741,-0.33000552641044517,0.1025736003408197,-1.0192268595423726,-0.6420274151062285,0.1246056427510775,-0.8876364980266505,-0.8061339032297958,0.1200826619521383,-0.7207048984164013,-0.8660212056601388,0.23295432016138934,-0.7749877786222115,-0.3768637967553898,0.26251127920949013,-0.8473575627636325,-0.6071124481363808,0.24112253864126024,-0.7748194242714858,-0.7183569249470954,0.2042610921300555,-0.6805794688595109,-0.7647656316632464
M,0.0,0.0,0.0,-0.24821422761159817,-0.07436150596580296,-0.2662879544568953,-0.36315266407711555,-0.2875746269929819,-0.4933608447457422,-0.2180472730002604,-0.46007031864614734,-0.6970016356170949,-0.024845784905709767,-0.6595559791472514,-0.894077368912522,-0.4163400440205361,-0.8690497076991937,-0.3787413733728595,-0.42348499719062427,-1.062490989545553,-0.7442195583808076,-0.32700234875163403,-0.9749498335683704,-1.0400098795642778,-0.23410287192417703,-0.7846515385590974,-1.215895444297589,-0.2044010946755028,-0.8993044741069685,-0.3866156429150859,-0.20315776970133625,-1.1085318402097186,-0.7714364306591549,-0.13828061322608332,-0.9970680489816764,-1.045100261856193,-0.10077799623547248,-0.8281460722850433,-1.1981474418661888,0.010238855464550748,-0.8513554055586917,-0.4276708944021228,0.02602246297796517,-1.0389277071847278,-0.746414965870958,0.049715886924279,-1.0179269531706954,-0.9523902558664329,0.031016702610704758,-0.9179788909907785,-1.0601248602265587,0.2199572921519907,-0.7286962857602931,-0.4846936515685739,0.2686761774490315,-0.8525858965010713,-0.7368292950768269,0.2518259943465865,-0.8823140172886766,-0.8902818728803733,0.18904393727093868,-0.8705758316895778,-0.9818176775408547
M,0.0,0.0,0.0,-0.19884633660226284,0.002865796904089491,-0.31955455894111684,-0.3167498171814899,-0.16582659275098557,-0.5337157288481352,-0.19460110026368027,-0.3216216937830709,-0.6967439224134784,-0.005503108436639078,-0.4850740064866385,-0.8433083237584958,-0.37248100696383357,-0.8501048598142513,-0.4388089729449666,-0.2600456514150768,-0.9369772938597526,-0.7255441208650782,-0.1509625807624442,-0.7186649875105884,-0.9193336607672148,-0.05664578720736895,-0.5118406851315332,-1.0267429940809594,-0.15489559020097032,-0.9102612318306582,-0.3839685481421958,-0.03795852621715604,-1.0165313086578873,-0.6922224264893067,0.06264369219500784,-0.8058182727137384,-0.8577887754953397,0.14015817441350226,-0.5997485186764864,-0.9323285749580443,0.05121220829049034,-0.8729571139551471,-0.35578665406384313,0.144336504987787,-0.9325749601628432,-0.6283447493032669,0.21351444151625898,-0.7614472881458434,-0.7226608322579045,0.257405497480776,-0.6023589367155436,-0.7449106612122592,0.21896551213622198,-0.771259477637323,-0.3489457309798946,0.3126403601881,-0.7986108164578136,-0.5671063514663738,0.3590274821827601,-0.6713608629817289,-0.6384696029873802,0.3881898682113512,-0.5519122090812841,-0.6558698572615866
M,0.0,0.0,0.0,-0.19185047038073816,-0.003194760801030375,-0.3074737995045759,-0.3226902195079353,-0.17501817338704956,-0.5155651548098972,-0.2275827405635644,-0.33127410753287967,-0.6792193919123398,-0.06952188742096121,-0.5043531703006761,-0.8143112338908302,-0.3725503253984749,-0.8743532297557769,-0.38515926240934006,-0.2976893200539028,-0.906993883319448,-0.7117998259435625,-0.20559198424360994,-0.6536317651937993,-0.9198757096216026,-0.13089017517166945,-0.5009102383468915,-1.0294790093750839,-0.1666897495378203,-0.9247592705079588,-0.34210352089478197,-0.06504022062546413,-0.959139518419882,-0.6853674102683535,-0.0040090789076326905,-0.6918915887627786,-0.8182779090792475,0.02664433008524348,-0.5695590467333943,-0.8536330257889544,0.03548326554173366,-0.881051767159294,-0.33680946343446505,0.12218939040726662,-0.836879802434064,-0.6126126299548807,0.13029985705600816,-0.6143048681796024,-0.62667998566504,0.10558484410204177,-0.5681221128380183,-0.5872570812128654,0.20537298518269925,-0.7813396818895142,-0.3599892690086577,0.2942595155414478,-0.7070967081478547,-0.5438955797106727,0.2697970495540121,-0.5671048403210192,-0.5621704887390426,0.22708535639763305,-0.5636354451124909,-0.5400438217269102
M,0.0,0.0,0.0,-0.18483553822802348,-0.05841557890076432,-0.20485702794933425,-0.3106309206213672,-0.23393715323228972,-0.3484831826886298,-0.22265632682118355,-0.3745549431090337,-0.4671676368070349,-0.08416867718542663,-0.5195778630041388,-0.5599674440963603,-0.3229363940265333,-0.9290013194086149,-0.19824975399602618,-0.278404573835071,-0.9012966163580473,-0.44186137259152847,-0.20970269632501576,-0.683197402584512,-0.6203488452106849,-0.14715028599996435,-0.5473957111782044,-0.7208798231211648,-0.1198840946101693,-0.9749574603491203,-0.18731191731732777,-0.051640742171522785,-0.9233157274146947,-0.4377989969993856,-0.021246910450217107,-0.6943076196237588,-0.5537501096525158,-0.0020191747958751443,-0.5808725989003953,-0.5917323925988298,0.06913087784696101,-0.9212005476935398,-0.20857767703177035,0.1203786834512394,-0.8143171448174206,-0.40558993902574303,0.1125772182021324,-0.6433124585596904,-0.4255039761428439,0.0913077183577318,-0.6169030789282235,-0.40350517572570355,0.23594760931462036,-0.8069613247219861,-0.25321677207653165,0.28234582866234836,-0.691362477818941,-0.38282374320225077,0.2366096370862611,-0.583189398872267,-0.39785376505192954,0.18406452653707644,-0.6019441443168195,-0.3816905829012634
M,0.0,0.0,0.0,-0.19521199890435612,-0.07450505022314619,-0.1856429807210347,-0.31359636641839933,-0.2680793649078688,-0.32059092266351963,-0.21442883785748368,-0.41471238786910564,-0.43535702411905214,-0.06210384416993899,-0.5511793522914253,-0.526147939626893,-0.30298275936407293,-0.9423078098284514,-0.1701967180482097,-0.2657360232386492,-0.9198661063497048,-0.4095471787074896,-0.21101992349635723,-0.7141335234098362,-0.5912249272350598,-0.15751491958055439,-0.5627335697849172,-0.6937147349850735,-0.09652455695341348,-0.9805365775870404,-0.17097084523052794,-0.03337550135319646,-0.9441744584313029,-0.4143662351990425,-0.02558212865466993,-0.72560310193342,-0.5346286546205503,-0.019786754658521723,-0.5943482212476472,-0.5759167518439183,0.09126636094788373,-0.9168366700116797,-0.20349096149883977,0.14450606960187615,-0.8397862624647223,-0.39554459436071493,0.12815417993204697,-0.685122318752623,-0.4242526008683552,0.10031993604506291,-0.6501183157095473,-0.40890375285900915,0.25830595932604816,-0.7873174870696553,-0.2575301990071334,0.2942493750870171,-0.67403900533935,-0.38509587360153935,0.2421604769554756,-0.5830531107893924,-0.40370095146232243,0.18310024215861706,-0.6030853983087319,-0.39044497166113
M,0.0,0.0,0.0,-0.2106157607647165,-0.09269524421147447,-0.2126196846059777,-0.3357788154566508,-0.30251967868089485,-0.374290591904832,-0.2498138218093805,-0.45962127318254214,-0.5184025362474467,-0.09592138757292756,-0.5928988082717183,-0.6454357200549351,-0.31422855615973166,-0.9474589934074088,-0.21456712443029188,-0.2966200950020545,-1.0465535327819442,-0.4997561714348688,-0.25522562516656183,-0.8527876907046651,-0.7212434247961205,-0.20816912002394902,-0.645404522578462,-0.8443259427084091,-0.10591303754651434,-0.9697715572528528,-0.21983074221101945,-0.057815619086372665,-1.0886963337323312,-0.5171055328866493,-0.03856409710963866,-0.8738787614748924,-0.6903777759693602,-0.02326103752510888,-0.6833845301623415,-0.7609414660448826,0.09018131601337809,-0.9056709026953371,-0.25960995029878386,0.14786171525738692,-0.9714765311316883,-0.5094000978869556,0.14825641101347595,-0.8208147547506307,-0.5990573563952106,0.12852570775116326,-0.7092140997646571,-0.6142335264535794,0.2696917835645695,-0.7758847912306935,-0.31751099543421746,0.3145123243503839,-0.7957642578171966,-0.4890444059335265,0.2828566928277151,-0.7103659406476227,-0.538843519889998,0.2372654634331975,-0.6666546755161762,-0.5437104668235369
M,0.0,0.0,0.0,-0.22193479943083275,-0.1421397000792459,-0.16763626621820663,-0.35069196206339764,-0.38494011345603213,-0.30448327420700955,-0.27565229556940624,-0.567425320491779,-0.4354464286670976,-0.12460435671825043,-0.7122383177189585,-0.5543751310957181,-0.2641744078148454,-0.9872258433079342,-0.16069139485594497,-0.279609958588465,-1.1979077081924856,-0.40355994199624806,-0.28702447136778275,-1.0427070780820653,-0.6018423218336031,-0.2767525254300844,-0.8070298390023144,-0.7123495535054772,-0.05742360597773148,-0.9819056196735879,-0.1804546578227936,-0.038502312371229835,-1.2206545822003405,-0.42751559553345525,-0.05640202948141613,-1.0941753861029937,-0.6011813927973506,-0.06323753425777175,-0.8917631313613426,-0.6843283178833126,0.13499439735754304,-0.8994635938355885,-0.22963705944628504,0.1935067676909435,-1.076748621074435,-0.43693164152222047,0.17169639613223597,-0.9988972687870495,-0.5537784662150419,0.13734643105512026,-0.8493453490294877,-0.5993085598816308,0.31910862334499007,-0.7461246177735041,-0.29255989425531814,0.36134914896940346,-0.8788655847765486,-0.4408104791943413,0.3267574910466948,-0.8619507545466484,-0.5104872990391149,0.27706622164713474,-0.8003752598950032,-0.5384166386386312
M,0.0,0.0,0.0,-0.2146673380280521,-0.15276300455934486,-0.1491616676999875,-0.32916177288079745,-0.41544125862636344,-0.27242138576000924,-0.23261853397945043,-0.6016788055098897,-0.3928238364766593,-0.08128182937576724,-0.7541753880020449,-0.5034379953887071,-0.2680845139775745,-0.9776211985873957,-0.1284692454560521,-0.26498298435700834,-1.1955358358855706,-0.3596085118350645,-0.23788126685044292,-1.0941111078120715,-0.5593983471357441,-0.20014262588523152,-0.889568256859224,-0.6754198872633445,-0.06085479199189961,-0.9862590594981222,-0.1535895890010192,-0.02352610013344129,-1.233928085533294,-0.3918862292711362,-0.016318351615364907,-1.1187930491359972,-0.5749710869936269,-0.015408300480132985,-0.9241715047929723,-0.6689858952581645,0.13102157345847518,-0.9185909940859464,-0.20565766684389514,0.18181444719397985,-1.1144849953391007,-0.4030376354948423,0.17560174472987686,-1.0494663493728662,-0.5262901351539484,0.1520947067813776,-0.9044338457210077,-0.5806420870138775,0.31113814062661943,-0.7768838325319732,-0.2704717447298144,0.3294777566288363,-0.9273853891741967,-0.41917099981839484,0.29083063435538825,-0.9254163776001858,-0.4951082690910435,0.24440075836161276,-0.871545297388044,-0.5293939634497576
M,0.0,0.0,0.0,-0.21855304568510509,-0.1385963666720185,-0.1307768057427548,-0.3387463061935903,-0.3910347456604688,-0.23584040512585988,-0.22591797580797107,-0.5801106922385284,-0.33760618702213036,-0.07825632983246578,-0.7220888951158524,-0.42170986467016025,-0.29504565797037824,-0.9794354614000771,-0.08602786406242326,-0.2771910378693461,-1.1420838320369833,-0.28216334338465326,-0.24841925623370859,-0.9894470275154138,-0.4324756256132281,-0.21576950011134544,-0.8361644590709536,-0.5139047979035558,-0.09866751383301539,-0.9895471664893442,-0.10517189266587307,-0.06494473416565871,-1.1701134196266862,-0.2983027524097273,-0.05959487571290898,-0.9664985656399555,-0.39666052421015174,-0.0628520945284345,-0.8114698701982206,-0.427521713484384,0.0880807579287961,-0.9381190744609214,-0.15232038139427095,0.11583165186618481,-1.074553075099053,-0.3020230212584086,0.10280743915948266,-0.8954175906664812,-0.3078028679878419,0.08243419140514159,-0.7988830899617667,-0.28138676299264404,0.26068516788491264,-0.8270606077182492,-0.21638953534104804,0.2826470754246125,-0.9366133869682477,-0.30155382512949835,0.25566232411316725,-0.8122018913960101,-0.28221216775739233,0.23047159695901417,-0.7530183802299769,-0.24667244853262446
M,0.0,0.0,0.0,-0.21148575703419922,-0.13848315266290942,-0.2352658410006151,-0.3014177811174316,-0.38784316882562536,-0.4022670852036154,-0.17036125979051764,-0.5652986340343369,-0.5476477412283939,0.0030578279427552583,-0.7104421216687322,-0.6821402779313769,-0.26916466366538194,-0.9799280635014863,-0.24153358007135725,-0.17195092900173492,-1.122480590981105,-0.4988029809024092,-0.0971713732120157,-1.0121297898240569,-0.718742132825894,-0.029164744673118144,-0.8138080768392978,-0.8500537146826302,-0.04973435081024227,-0.9720249773121429,-0.2295516016733754,0.04311214114522465,-1.1946019656809592,-0.49263448467986387,0.11726942950598071,-1.076925866239318,-0.706536683835869,0.1731542171830729,-0.8927867672607234,-0.8285674290277053,0.14721496261916658,-0.8865383416675999,-0.24554729974404838,0.23145137805306423,-1.079430654283276,-0.4761420567847496,0.2863152547458417,-1.0036131314510852,-0.63371171886767,0.30789596184690277,-0.8311421598918237,-0.7102753048973411,0.3201578184541001,-0.727746105795099,-0.2783387978030808,0.3954702367143395,-0.9031227385037559,-0.4585552820993677,0.411112983071733,-0.8789129459414502,-0.5600560792762321,0.3990063031505115,-0.774094215934939,-0.612732321424765
M,0.0,0.0,0.0,-0.22172254371659625,-0.1265641972876909,-0.1797306247274258,-0.3362316422061058,-0.36337189103117173,-0.3209465505750518,-0.23003079596984663,-0.521905075684848,-0.4540822525859581,-0.058121967875826484,-0.6331103004358337,-0.5763670834438891,-0.26137489022282395,-0.9774722521326917,-0.16927606874180842,-0.23541052904123091,-1.1101361179743916,-0.4262673128424379,-0.19530830136252267,-0.9424698640271796,-0.6392029644427172,-0.1488078799776615,-0.7269893430745908,-0.7626289317693273,-0.04891939623270322,-0.9806580556146874,-0.18951694021972945,-0.0005306881210973286,-1.1728184448364052,-0.4633592985087975,0.01817528310598425,-1.0058548554566342,-0.6574391144406971,0.034978522840894775,-0.7993865073912958,-0.7513256934788072,0.14284302923429812,-0.9120261601524428,-0.23952598727622723,0.19913448944508516,-1.042259537202845,-0.4733333043634567,0.20743667070996794,-0.9353422096669977,-0.6045023463279592,0.19982762884112193,-0.7869169066287071,-0.653645270072024,0.3171130531144551,-0.7784261060355763,-0.3039720409312368,0.3401061888511825,-0.8708564852431723,-0.474931335042903,0.3137457480147113,-0.8252432655376841,-0.5544548976532311,0.28289821874131693,-0.7550852492064849,-0.5854233756690176
M,0.0,0.0,0.0,-0.21767898023675197,-0.134734692884875,-0.13360588017957942,-0.34841593697135065,-0.386968834515905,-0.24680238207651117,-0.22946144208473804,-0.5437172895263701,-0.35564353653133607,-0.0594207640250715,-0.6339390960431521,-0.4506234209029752,-0.23240814976752913,-0.9810675647502447,-0.12132714700936321,-0.22897545584165696,-1.0885462517795825,-0.3377038099801019,-0.2597172063473752,-0.9403330341842564,-0.5075594866413695,-0.2825202800338598,-0.7826935350474574,-0.6058010023582415,-0.03819048828280472,-0.9880137769407891,-0.1495669187351184,0.0010676718319742977,-1.0992356606647484,-0.3685906438147023,-0.06924138928390758,-0.9185271060727237,-0.48093140372169685,-0.12694684655632357,-0.7798007102571997,-0.5210141385258816,0.14663324220017235,-0.9093963482719599,-0.20592079178210776,0.21063072341768393,-0.954531280387832,-0.3798394517835003,0.1440508161576359,-0.81086887874896,-0.40922879889819597,0.08942396523158695,-0.764269330558049,-0.400669922704431,0.324998515093163,-0.75305711198587,-0.2786799901980949,0.36645588778311744,-0.7325880621269224,-0.3897342180300838,0.300483879411033,-0.6301381676779592,-0.39836341243881507,0.24518650893813032,-0.6264620645464343,-0.38526755508532773
M,0.0,0.0,0.0,-0.26296605983519744,-0.15613970930095467,-0.17047178912488764,-0.3983318637697912,-0.4148615579996567,-0.32140277448373716,-0.28634830450146176,-0.57477715324456,-0.4705322762563576,-0.11094035870715377,-0.6737464982998036,-0.6113439092487275,-0.2419013378148789,-0.9864604523978278,-0.2252508987912303,-0.30582671290662183,-1.1983310848764925,-0.513559005685745,-0.3597075375723614,-0.9942642954211073,-0.7272978704801321,-0.38021855910048175,-0.7559766530073037,-0.8460915177996775,-0.043056182781443936,-0.9634474164812432,-0.264414902756839,-0.07047404352489711,-1.250800851819234,-0.5754768785963053,-0.1702277600666477,-1.0696497839547094,-0.7557234526035074,-0.2324478818117917,-0.8373145344643574,-0.832876367525143,0.14765759443796447,-0.8622472756675624,-0.33479323696659263,0.17339835991517868,-1.093706358329434,-0.5943104669612224,0.07845742246855175,-0.9844116704708374,-0.7218617841181605,-0.008164041187244115,-0.8307446911547726,-0.7666413540499551,0.3361777445650109,-0.695593789689486,-0.4175827237823629,0.35066721692431546,-0.8307802829683476,-0.6088720803224091,0.2663772423223239,-0.818632436571777,-0.7039183289895823,0.1744120508081371,-0.7879016087254929,-0.7480994270814064
M,0.0,0.0,0.0,-0.2629929369350304,-0.171259267665946,-0.1442020710841061,-0.40729437845944055,-0.41642747817547826,-0.28240542701938925,-0.3200029608232222,-0.5719847894679914,-0.4226615929575988,-0.1511858938569211,-0.6594257710303011,-0.5512552974515533,-0.26144293129977636,-0.9941135181775659,-0.17477431647535838,-0.329015597286571,-1.225662613534783,-0.435268077991161,-0.375610287136096,-1.0175424928924857,-0.629236473481895,-0.38772992805503403,-0.7744735914270044,-0.7344083374376456,-0.05694798756892312,-0.9745280882179158,-0.21691457301477918,-0.09116609334443018,-1.2773826312889758,-0.4903217019562352,-0.19410600332620265,-1.1067998978829814,-0.6403182467794686,-0.258430898809322,-0.8804952401634276,-0.6975700431228464,0.13721802179700848,-0.8701090067981633,-0.2886976016928463,0.1549827421827777,-1.1374912953047198,-0.510958591130835,0.056768871796198384,-1.0180801785905833,-0.5976509635095337,-0.029631253122091198,-0.8608583764554385,-0.6160927821217933,0.3290433444402802,-0.6949353601796735,-0.3730134472753441,0.33290922227048664,-0.8454659249185023,-0.5305183606129694,0.23482348508152404,-0.8380215666062648,-0.5916183262372352,0.13446248128840302,-0.8149481163974083,-0.6108527998197864
M,0.0,0.0,0.0,-0.22509481503348552,-0.14656883444423854,-0.13837116405733682,-0.35360126194555214,-0.3998981029906834,-0.2513285116075394,-0.24542904194396747,-0.5635723284349134,-0.36202375359958827,-0.09107968449343706,-0.6773333154562943,-0.4575093154606386,-0.24879949901050843,-0.9977679353090839,-0.1097954275306269,-0.2607296061873869,-1.1747763616090412,-0.3257246390987224,-0.28872507399951103,-0.9939035955353936,-0.4956423923204932,-0.30369624260765227,-0.785663805529596,-0.5913806647005153,-0.04465576375024261,-0.9892420045216156,-0.13930584788133749,-0.02330869267907814,-1.1964079394669143,-0.371494563037581,-0.08994439704158587,-1.006954448706136,-0.5006559287667182,-0.13966374935793738,-0.8047384049851467,-0.5472429140478502,0.14564661096376688,-0.9029122135187202,-0.198863853201997,0.20767541283927496,-1.055041575049852,-0.3934696301539627,0.14869399476806766,-0.9239123970558681,-0.4567049515508831,0.09361622055626999,-0.8154687365051867,-0.46349196632070017,0.3268852316905449,-0.7497974047767371,-0.27204244970539326,0.36374066233231,-0.8272133874062848,-0.404226963475519,0.3011310451203806,-0.7476695047579248,-0.43543451290958296,0.24125775095928384,-0.7021395675622991,-0.4344499350250243
M,0.0,0.0,0.0,-0.24112121905859926,-0.14931845116215278,-0.16719542639196056,-0.37188525033468195,-0.42334023992833025,-0.3058486300224452,-0.23682908111888412,-0.614992132966959,-0.43822916608240875,-0.0608596183392939,-0.758669661030121,-0.5561651584866147,-0.28037418741273995,-0.9743726615564391,-0.166895838591787,-0.28649072113534985,-1.180794786962659,-0.4327879142838711,-0.31580027971554736,-1.0159194917555465,-0.6332683025736003,-0.3339571356895803,-0.8123030593912438,-0.7423631063561411,-0.0722171396636988,-0.9786823707861928,-0.19226414603641273,-0.054437796927180454,-1.2228151795982032,-0.460231358742248,-0.10961790000899418,-1.0700551271736598,-0.6078110606855281,-0.15701122662061046,-0.8999014379988424,-0.6640201083281863,0.12546526323587884,-0.9036901530889877,-0.25093204239154654,0.15536577771786253,-1.0978384629049904,-0.47285218036089444,0.09389493720360918,-0.9673543864769446,-0.5365806621467837,0.0361701232466469,-0.8756519797524359,-0.5407960469668214,0.31898143780779653,-0.7628917294083329,-0.32531452015451634,0.31744637541424764,-0.8707309405483975,-0.4808490577162764,0.24001239519764112,-0.7938892098254818,-0.5152288497668517,0.1717816745868523,-0.7595963040311706,-0.5127000392921981
M,0.0,0.0,0.0,-0.23155004133669116,-0.17162381973065935,-0.15800538624337182,-0.31633450817777725,-0.46599711774762503,-0.2691506024881335,-0.13028830302845418,-0.6754064884510137,-0.37272978854677935,0.07622509324178207,-0.8091106921751208,-0.4607117965990379,-0.2354109870338642,-0.9788294944433625,-0.10922562746825275,-0.18543527588126865,-1.1680264400157454,-0.3184046004107853,-0.18884375208928889,-1.0419082595623077,-0.4804666081316026,-0.1706514239790061,-0.8840604705698392,-0.5708113267928016,-0.04271901694048673,-0.9924938396747371,-0.11459085390787349,0.030084448143754484,-1.2154567186155565,-0.3133972342750561,-0.00011794328924939355,-1.0584433359688838,-0.42696768592103573,-0.025665393104827565,-0.9090751603657234,-0.47278258162418274,0.14050864057528112,-0.9246944792548721,-0.15042140470680138,0.22676909555772923,-1.1176704890322513,-0.31828257365333795,0.1683284078628728,-0.9641784348056145,-0.3531124626155541,0.10814232918969979,-0.8519652590469571,-0.3458587116824711,0.32473224007490853,-0.7787916302221759,-0.20277307122395344,0.38839382747301326,-0.927212865459852,-0.31262333750346605,0.3340060615126873,-0.827934101734175,-0.3204662215301963,0.2729994708920023,-0.7612185043804524,-0.30504036357593145
M,0.0,0.0,0.0,-0.20155496476634122,-0.103022234816375,-0.32974654259847674,-0.2574545197423686,-0.35877106230630457,-0.5265870654999772,-0.114217254023769,-0.5245359590864092,-0.6730235677851345,0.06605629965623407,-0.6923091274234979,-0.8066425264131311,-0.24569273504751735,-0.9515772552196522,-0.38084630883792525,-0.1026021933126718,-0.9791785891875484,-0.6847099151842366,-0.01741678021580407,-0.8575836298986368,-0.9272703940976668,0.052319448266351515,-0.6735452674643453,-1.069258430650485,-0.037798547073607955,-0.9465429830868299,-0.3203555072231618,0.09744776108565777,-1.0727334952700123,-0.6309781188677606,0.17519134202773642,-0.9778626390022807,-0.863735381115588,0.2371817063378474,-0.7970557322271604,-0.9947890566273419,0.14706827666640646,-0.8559779672928306,-0.29311929703025463,0.2681601822967329,-0.9508822359529021,-0.5718083519327514,0.31476880936797336,-0.8821861497714187,-0.7624913704219802,0.3317115901794009,-0.7278269155417214,-0.8550553707881362,0.3007638287178218,-0.6983233580447028,-0.28757206166285804,0.40033898380271943,-0.7957912495779195,-0.5177839896529128,0.42510399996868303,-0.7714197110260967,-0.6611412598179138,0.4215149694523574,-0.6843476391791471,-0.7384821280436209
M,0.0,0.0,0.0,-0.19848037152863282,-0.08052562782568656,-0.3304034902377127,-0.30381942391168654,-0.31412830018834265,-0.5393929752412973,-0.2216861221786541,-0.5005790706794863,-0.7023292713556978,-0.0956185356577579,-0.674128428259351,-0.8372367950980395,-0.30424130164048446,-0.9216758615104966,-0.3786266159925989,-0.2113830222229791,-0.9733375228394111,-0.6945805430567349,-0.1470643069900039,-0.8199770259800121,-0.8731607151910733,-0.10533802089716424,-0.7307926930036619,-0.9570791064044425,-0.11665507148219956,-0.9396848831007211,-0.32153369149976674,-0.01266375856234237,-0.9986638021810285,-0.636741467458599,0.023569452574652455,-0.7573486066741302,-0.7396198586780002,0.0212966765657689,-0.6965798532783946,-0.7569671304958278,0.07680856527435101,-0.8864101841378355,-0.3082360074968963,0.15738514850297797,-0.9400283679019185,-0.5817418146427334,0.16579815371476703,-0.7432590251667576,-0.591859608158363,0.14142372955196322,-0.7131165319099732,-0.5490437635204641,0.2503603984203505,-0.7901364486430789,-0.3239405348871357,0.3372113040175156,-0.8478405543125761,-0.5175207811234921,0.31558640864171367,-0.7124173907740826,-0.533903665208949,0.27130327532602727,-0.6810590850993663,-0.5078068143335945
M,0.0,0.0,0.0,-0.21148367208180385,-0.15340031294516293,-0.1618153505676584,-0.3018411051979132,-0.4260520462607235,-0.26325618076292984,-0.19085491328753657,-0.6501353858830472,-0.34949863534742137,-0.05469368200145877,-0.8359879413134951,-0.4195211225356884,-0.3142781620088421,-0.978923625104825,-0.1105734436061453,-0.2804159161330281,-1.0953456614043846,-0.28785478321745,-0.20255968901475058,-1.0840111820633624,-0.4294760480379383,-0.12493299237585635,-1.0348586258408874,-0.512421959024379,-0.11710125044792968,-0.9876841449613983,-0.10376573102620537,-0.06700073547680388,-1.1146468943341408,-0.2841123654743855,-0.016496997045145866,-1.0507959691823558,-0.40059689927912545,0.025571016748676238,-0.9834603152762568,-0.4558783402135732,0.07386405911474202,-0.9219519010475371,-0.12432125638409562,0.12108574612346351,-1.0529728856927185,-0.2867259386801488,0.1412550177185197,-1.001576173529755,-0.3360192075293767,0.1457793469170599,-0.9670156392456779,-0.34071128898287006,0.2516610963838812,-0.7862742395457868,-0.16156882375054918,0.31458548136935344,-0.945012148457667,-0.28504639148850547,0.31927817554348586,-0.9487052022292485,-0.31483852063948925,0.30600440873993034,-0.9679338677233221,-0.31276656583859386
M,0.0,0.0,0.0,-0.2208216014971871,-0.18160953493167067,-0.1338288454577512,-0.30311686285499356,-0.47075757744197905,-0.21707869954781442,-0.17135920201033078,-0.7250304766154104,-0.2998586446602031,-0.008182684215874708,-0.8808869056798413,-0.3728422429657465,-0.3269052104150676,-0.9665162095721291,-0.03867515452819323,-0.2796257056270958,-1.1641487645433328,-0.20407879567840115,-0.1760241498881714,-1.122611221898079,-0.35624263759908,-0.05979626935219275,-1.001322905098873,-0.44423877601229195,-0.12119636055588011,-0.9915525815808642,-0.04620519611832435,-0.02851255855787033,-1.2212838792581058,-0.21836910751469094,0.0717507996676828,-1.1311079350447892,-0.3652419665145286,0.16515669326013424,-0.9835452812107625,-0.43791940848081745,0.06793434221577609,-0.94585513967599,-0.07967841335836676,0.15747020099695128,-1.1559446493837104,-0.23872928313365652,0.22909525788244028,-1.0935506434929432,-0.3385596761576515,0.2962018845667319,-0.9589135822775919,-0.37273437752693417,0.2472225560465993,-0.835070828193506,-0.12576836409139766,0.30751261183738965,-1.0192667281425787,-0.24360269067606452,0.3475613599414687,-1.0025912670757844,-0.29505816793146755,0.38848943278850656,-0.9263959520945242,-0.3082477110512003
M,0.0,0.0,0.0,-0.16250897705353337,-0.1309634690531528,-0.3479118030772597,-0.16657968948262503,-0.43845349405436856,-0.510611710880598,0.02314422718395667,-0.671693230425937,-0.6179864766731987,0.1988322067554265,-0.8584154720223287,-0.710948743708746,-0.24389546978448623,-0.9682545530555785,-0.3037875947904796,-0.05050843645173867,-1.0910420663494529,-0.5421551972934144,0.09893256148737903,-1.022260335993226,-0.7379713046781935,0.24992220477560784,-0.8988181561535907,-0.8483342500780563,-0.03638442370383375,-0.9780934558175928,-0.2049618632783634,0.18998967347500945,-1.1103511780117892,-0.4598996404599016,0.37400200426046365,-1.0302147913204802,-0.6602113761247473,0.5464821068302044,-0.9215742385252385,-0.7636080400536933,0.14596758267896773,-0.9188283762381608,-0.14197950760917308,0.3613379055588559,-1.0227096748074758,-0.3816664145476961,0.5110730718073024,-0.9904445909092756,-0.5474955759877701,0.6457634741286448,-0.912677395568099,-0.6150002093784973,0.2972544539766223,-0.8062627745934468,-0.1030343949413215,0.46617765518356546,-0.9155219331833059,-0.29034666008923665,0.5955356558858051,-0.9198903107218371,-0.40274190200354826,0.7095687115520556,-0.9075674778560519,-0.45256209716471124
M,0.0,0.0,0.0,-0.13842851044178867,-0.19627698082980305,-0.31184541312004377,-0.11080844573262666,-0.48405784023104276,-0.4377245272714901,0.09959908010120012,-0.6949434264814327,-0.5091153060237191,0.28929426596075636,-0.8700433239952732,-0.5608707632318869,-0.22431100342563967,-0.9981439914481696,-0.19978454163840625,0.009722593221652334,-1.111597343678099,-0.38571886705493696,0.17417334510119087,-1.052332297664801,-0.552776464554657,0.31461905381626815,-0.9294695291858261,-0.6535315344686184,-0.020762899716154495,-0.9943033696266251,-0.10454525883327151,0.1861803809460897,-1.1805642173047757,-0.3086370702134652,0.3382715330663424,-1.0981861464302543,-0.49024721163426144,0.4709913069379156,-0.9698005161464274,-0.5887787250427138,0.15535067547983203,-0.9181760854122043,-0.04556713653375065,0.32922991636818916,-1.085308760742925,-0.2549656470723434,0.44275120825127523,-1.0345103272204172,-0.4213680557740565,0.5341625444380137,-0.9321487440794075,-0.49487574157625813,0.3054054437104562,-0.7933663154444314,-0.007365001344508424,0.4219194660294306,-0.9386551508630953,-0.18553944721917673,0.49936277066820073,-0.9395722233241416,-0.3069817465213168,0.5627129986830932,-0.915610178511595,-0.36766765670943313
M,0.0,0.0,0.0,-0.22567274281159774,-0.15066636227668254,-0.15871296702199994,-0.34174337751419315,-0.4371189778257763,-0.2744371635052913,-0.22997034055588117,-0.5613428657996337,-0.38066727112049487,-0.0863264116280456,-0.6028234264684936,-0.4815440605707261,-0.08104501588886909,-0.9754621145329985,-0.15307391743771454,-0.15255858487888665,-1.121773801252999,-0.36636350012308705,-0.284714645461011,-1.0344850642811738,-0.5343926371346944,-0.3852883802115347,-0.9064425501480745,-0.6310075161676841,0.09228660607282983,-0.9821918186789106,-0.16365333378752914,0.006534040090357719,-1.1929326332822745,-0.37413821575271705,-0.16949809641188843,-1.1015066861234624,-0.4930939914514158,-0.29367728621404016,-0.9655957600093821,-0.5451468748264189,0.24561579619626858,-0.8956044486072308,-0.20375932981639194,0.16456902743792085,-1.0771334742401852,-0.38860768769302867,-0.021963673676186183,-1.007402025738244,-0.45366272692319853,-0.15032805846730282,-0.9224463580425036,-0.46627618397147436,0.40022348549569864,-0.7197030104354866,-0.2596668827292918,0.36633482164756254,-0.8546167729248991,-0.39906286941854385,0.24887459966576625,-0.8595887872010937,-0.4443589887250581,0.15046850713427976,-0.8596584637628701,-0.4538395750204431
M,0.0,0.0,0.0,-0.2551303414447584,-0.12257897585083422,-0.13780492886647722,-0.4130507344001769,-0.4014852896149488,-0.25625883418921586,-0.3169874473468909,-0.5885659135758571,-0.372722606103104,-0.14559880973019396,-0.683848497401507,-0.4792731437101832,-0.2652281829870499,-0.9849642355625252,-0.14888076315759916,-0.30195951005273375,-1.226072196438785,-0.37477485129186433,-0.3740476786245431,-1.07020759057174,-0.545507123495571,-0.4197868561902751,-0.8534298521768827,-0.6364900697004977,-0.04645258470071815,-0.982152195779329,-0.18226141034367424,-0.04912409104765027,-1.2775918684280196,-0.40825628551652837,-0.1486660947951901,-1.1109958780072327,-0.5289354321167944,-0.21458975847253461,-0.8904031709645237,-0.5696224897762462,0.1657844383900687,-0.8773545842799916,-0.24367089440034043,0.2117340733457182,-1.1535983035736201,-0.42799326403750076,0.11642406836177284,-1.0377631045862417,-0.483222818798161,0.03625739804647784,-0.8969232368782192,-0.4855621863652397,0.37879885131853097,-0.6844126877334354,-0.317739556130037,0.41166013891012,-0.874681821129971,-0.4475215846820688,0.33008584913565964,-0.8428060956694501,-0.4755680882051659,0.24650821523806582,-0.7963958995092637,-0.4717230419743091
M,0.0,0.0,0.0,-0.25203242332055975,-0.15150755723064352,-0.09742852883225041,-0.4081866994873127,-0.4579570681954866,-0.18060715757175272,-0.32671486326076754,-0.6656285558286458,-0.2695442532339653,-0.19813181651546963,-0.7886403886807379,-0.3509237663561074,-0.28375710087886796,-0.9831703976620164,-0.08757251320055509,-0.3144851255341368,-1.2819538162775537,-0.27212703085879164,-0.39654778366838633,-1.1460021563581826,-0.41316292471214483,-0.46649480095549767,-0.9267079539735779,-0.48412727711610076,-0.06884258706990888,-0.9893291013284803,-0.12840805064365646,-0.08677291742721625,-1.3312791726853503,-0.30106230973129927,-0.19924222159443802,-1.1741238773704215,-0.39593544492065386,-0.2776396467388269,-0.95505901775668,-0.42501078834109846,0.14711626363502947,-0.8929336690271655,-0.192467746507256,0.18573087601900623,-1.2206160002892694,-0.3391759529364368,0.07967340283498743,-1.0896407108138264,-0.37331286603156855,-0.0021569250975160136,-0.9289659921163642,-0.3648934527697019,0.36191989779775463,-0.7117433432467348,-0.2655484495267835,0.3871186474933674,-0.940462775165973,-0.3645370580104211,0.3168324418998493,-0.8826249642594828,-0.36448963254515365,0.2614155990204559,-0.8044162068654732,-0.34199758140541725
M,0.0,0.0,0.0,-0.2560545788900659,-0.13469665184619597,-0.09185874978850618,-0.4174789170815954,-0.4514985881580391,-0.16564249065829173,-0.33596197396334343,-0.6736064726688636,-0.245337670308246,-0.21133958693666902,-0.800848827543272,-0.31942775522877775,-0.2994238527022057,-0.9775056880386139,-0.08172862124926607,-0.337409441808013,-1.2685458060563317,-0.25674468801320205,-0.4152165234481346,-1.1414523050809864,-0.39208618005502754,-0.48330447805909477,-0.927862738670794,-0.4607405162106107,-0.0838610149628901,-0.9887544252043674,-0.12382252140937385,-0.11713630052383199,-1.3249955437360241,-0.28930015533309783,-0.222546788875716,-1.1616886620010825,-0.3796733833547652,-0.294206076862327,-0.933799839665927,-0.4061754684477775,0.13388799114746663,-0.8951452781657331,-0.18806060718234827,0.1660327760127961,-1.2248901944243262,-0.33436445506249174,0.06831871876157318,-1.0782359220738922,-0.3659181750885563,-0.00457815655263407,-0.9033446567741406,-0.35605080326631,0.35013360768334206,-0.7148767092698972,-0.260214503725813,0.3763810864774503,-0.942185778733955,-0.36170870168303654,0.3100927209766753,-0.8503587017573698,-0.357384426303142,0.2607136015125729,-0.7376995042038774,-0.3316690740936424
M,0.0,0.0,0.0,-0.26833235393318944,-0.1455042761601123,-0.07764936009948041,-0.4340374459900624,-0.47388240720602115,-0.1410130297065059,-0.3510362549507714,-0.7124163952088002,-0.21096975546340355,-0.22454574720239598,-0.8355988032525206,-0.27553757142637175,-0.33510442048299727,-0.9638113162115218,-0.060920044121512584,-0.37709332043822136,-1.2679127182639818,-0.21854184850943248,-0.4391783451337258,-1.1721623273872694,-0.3414638050255473,-0.48348699924571226,-0.9887002302634921,-0.40515877901054576,-0.11232586469665856,-0.988321487705239,-0.10297347746022423,-0.13586987296151318,-1.3256975419703834,-0.24639502165024663,-0.20646128885457232,-1.2030149989888257,-0.3288029236805604,-0.24693697907829434,-1.0170377320406405,-0.3557284739047421,0.11284227847301852,-0.9119198299942936,-0.1652280237803264,0.14153610575585546,-1.2208728221088878,-0.2881655900764994,0.07420138292334996,-1.1131889304278686,-0.3087234356795525,0.026453295694038842,-0.9844305446339013,-0.299450580807789,0.3358285734375748,-0.7469244547796134,-0.23579422048925022,0.3521129776744819,-0.9500856248697109,-0.3199651180736884,0.30170723736519467,-0.8662343463344709,-0.30888895216321427,0.26929194462308015,-0.7763450170859096,-0.2832999746856661
M,0.0,0.0,0.0,-0.29308164610923754,-0.19566749290549015,-0.04395900377337452,-0.4626825559411924,-0.553015543278648,-0.08254503779794808,-0.36793324370014496,-0.8254985044222203,-0.13311158709145526,-0.20200565849276272,-0.9483450238554091,-0.17757172425185708,-0.3253717247856111,-0.9587935315027984,0.022258653686757376,-0.36675416783350306,-1.1956910058238988,-0.10355065257297998,-0.45234848281625695,-1.1904878847129412,-0.21911046990558528,-0.5447835569833572,-1.0874731505753923,-0.2858897832893797,-0.12171241680479523,-0.9923348551427936,-0.021392121546645482,-0.17235722777402385,-1.2461489777117134,-0.13468885859962984,-0.261423900581115,-1.2399569162832529,-0.22356076019984372,-0.344205386746514,-1.1537781846652508,-0.2651930872743904,0.08990197418241058,-0.9354650180678544,-0.08512752593301788,0.07275257176700739,-1.220763939340324,-0.18446240137603934,0.002972001116076767,-1.2559379563521205,-0.22280273450320293,-0.06785543349952484,-1.2261030397449382,-0.2313677670533361,0.31281995299867527,-0.7923798350369674,-0.1564811003437291,0.3049783626668178,-0.9988745761852525,-0.23753535515221316,0.22710378644108617,-1.0610015728956415,-0.25266539147494615,0.136117038915167,-1.081271435205737,-0.24750556593562686
M,0.0,0.0,0.0,-0.30029452953151675,-0.16965167967318978,-0.05650193457655619,-0.49991246870676354,-0.5074578277107133,-0.10517117609111032,-0.417341645918599,-0.7736675067565475,-0.16819920877591826,-0.23147648625403866,-0.8729968999311893,-0.23158685784628533,-0.2950237597316591,-0.9497812793571504,-0.006754700461818936,-0.3635209134151139,-1.184332820822286,-0.15723376206824738,-0.5096706532858609,-1.1277417493036355,-0.29113833510731363,-0.6393688829368,-0.9819366903299018,-0.36751738339341733,-0.0940402232044914,-0.9942172218200912,-0.0518512512480564,-0.1570806130100334,-1.289963276134645,-0.19421527694205304,-0.31490543672936117,-1.219252945280432,-0.2963327793600173,-0.43700439604937796,-1.0624481004277166,-0.33987502437985184,0.11512646676441828,-0.9307838653203344,-0.11727174922789471,0.10058939464481885,-1.2719899429132326,-0.24792764474836002,-0.049067394244026626,-1.2218799504849727,-0.3076184417701244,-0.17823377693452833,-1.0867923461148363,-0.3196707291097073,0.3346719075652937,-0.7668139707158992,-0.18864272090968623,0.3047466675511506,-0.974889659504837,-0.29354717523542107,0.17704526657185835,-0.9989178207379461,-0.32717125967329413,0.050142925217128126,-0.9642754568122457,-0.3295454090344801
M,0.0,0.0,0.0,-0.27258183184622947,-0.15322106862188262,-0.06200406367612389,-0.4747972947895996,-0.479527599603923,-0.11520993972764998,-0.40656615128282747,-0.7351370281482476,-0.1819735564588691,-0.22221426538002131,-0.8261529799642395,-0.24812918728637348,-0.2896704656209105,-0.9472227167371187,-0.018020900054241333,-0.3843417831774101,-1.1518028914033935,-0.17182809595212378,-0.5290666796670263,-1.0547834979546897,-0.30471670906929627,-0.6429397120103814,-0.8905566705281569,-0.3801853202993623,-0.09660812486588582,-0.9934322068966799,-0.061313297989013846,-0.18085692923183588,-1.2754508514216798,-0.20023088488303634,-0.3370823627756162,-1.1788888882317117,-0.29443086308393973,-0.444576710841449,-1.01109703533735,-0.3336858874414804,0.10436328642005605,-0.9279790267747868,-0.12514342422110086,0.0631476302604867,-1.2334680741417887,-0.25261783187128056,-0.09112975852535468,-1.1401657422295686,-0.3016073786659414,-0.21095158765355712,-0.9878941278393293,-0.30742240023603207,0.3172619272919739,-0.7710493797883673,-0.19617558440794475,0.2682831772616089,-0.9627473620838107,-0.2955294338510356,0.1356025120281944,-0.9612610442561128,-0.3216774342383915,0.016037491650741635,-0.9159642111927379,-0.3202536384896513
M,0.0,0.0,0.0,-0.2792606455263146,-0.153782783862302,-0.05362369742919839,-0.4775324250854363,-0.46733607811308814,-0.10650532760474973,-0.43204442058554715,-0.7105129706944701,-0.17371707657210053,-0.29319375880332016,-0.8200090911374601,-0.2406030283064872,-0.33006328087340975,-0.9429485825792834,-0.02232273900914353,-0.42852449340093585,-1.1549345638892876,-0.1805935244490097,-0.5646730648808984,-1.0531914236539814,-0.31445002844217224,-0.6716574291586868,-0.882348374818637,-0.387733906763462,-0.1359540925307462,-0.9880811148999823,-0.07219553381026704,-0.2247397864552501,-1.2788799357964353,-0.21616730188801908,-0.3812332774661363,-1.1625957037855639,-0.3112240829669695,-0.4868579252094706,-0.9826936226180727,-0.3492864383453207,0.07154752925086032,-0.9241774918527587,-0.14074715466046045,0.041277857017666376,-1.2316952851635898,-0.2710487732507145,-0.11120378305035508,-1.1266163346625044,-0.3164778232514161,-0.22787642758963908,-0.9732493409036308,-0.31901493912255896,0.28691676801840454,-0.7661399492405785,-0.21494433688613945,0.26133258777707163,-0.9668270635453242,-0.3099992637070211,0.14300976263055562,-0.9573351164911137,-0.3266683893015498,0.0403892311066928,-0.9087974028380612,-0.31800592277961814
M,0.0,0.0,0.0,-0.25083942697617245,-0.13623857917345064,-0.09481201813148084,-0.4058630612241535,-0.38441128779492517,-0.1810651934616162,-0.3273270441292874,-0.5754945780774342,-0.2692693857854523,-0.20829733655462895,-0.6968752388343669,-0.34878203989635187,-0.382315104699467,-0.9683324360385441,-0.08529816790080991,-0.41168666060706055,-1.2153017578627416,-0.236126373817408,-0.381864027324495,-1.1355687397376837,-0.3562923625852319,-0.3441663119331611,-1.010628344129007,-0.4240016694101676,-0.1471142011162713,-0.9818249012931379,-0.11990527524108797,-0.14021140709595256,-1.240548658730409,-0.25787431472007416,-0.12892885765059434,-1.1420283835421707,-0.3390257988838072,-0.1100833579876188,-1.0242309088161055,-0.37388429763456626,0.08166162988424386,-0.9094816469783673,-0.1750015085037035,0.12147975024618697,-1.1108519676375266,-0.28925708448609033,0.10643774557852104,-1.0166002474474978,-0.3076243947888396,0.0946471973515858,-0.9409900126720133,-0.3042427182443138,0.30507297613539686,-0.7626414833496004,-0.24143602904938277,0.32665510729271086,-0.9114061850585506,-0.31166518158605505,0.28714130176221087,-0.8454047681554869,-0.2991012398954901,0.25448823226881284,-0.7993463220586063,-0.27807414750229076
M,0.0,0.0,0.0,-0.23973728053822585,-0.10667149719589869,-0.1596343117459831,-0.39325786970741466,-0.34134389784904173,-0.27974772111350693,-0.3283943892486458,-0.5528706856934227,-0.39034029032410017,-0.2382783641380621,-0.7231290288429161,-0.4784124493802695,-0.3554053921328984,-0.9514978262133452,-0.14993258105375118,-0.34365118548719165,-1.156575648127194,-0.3686919182981999,-0.306469425937407,-0.9186932566908836,-0.512576198232178,-0.27145962018837977,-0.7282571673783761,-0.5852222559946759,-0.12624046150406293,-0.9774175622752364,-0.16946461233890553,-0.07731000564397021,-1.1771008760404513,-0.3931354630584523,-0.06220353135510125,-0.8527750980368007,-0.46957546939799644,-0.06224034039556467,-0.6768272233814263,-0.4744222502079981,0.09297655042276455,-0.9211420497420726,-0.21947813839745417,0.14417109289148125,-1.0243476561788876,-0.3941931168348817,0.12943469272799,-0.7426876337205307,-0.36523112459936,0.10325553007552735,-0.6340379261164933,-0.3101097793671341,0.294823442278931,-0.8053619681320981,-0.28826165768303036,0.3305729554518817,-0.8251974122601442,-0.37734353059766024,0.2867415435563438,-0.6207121718150731,-0.33401361432675936,0.24795010482988653,-0.5554618658113144,-0.2805246784047258
M,0.0,0.0,0.0,-0.23256956964307549,-0.08384651585619039,-0.17611004694080432,-0.38492979043791253,-0.3353370082408622,-0.2935536944054775,-0.2893934454029804,-0.5404310231156159,-0.3936963106363216,-0.15663806542009523,-0.6815443915001127,-0.4645769810593019,-0.3128031289161264,-0.9591339332773097,-0.15674753503703207,-0.2929163265191323,-1.0512039586689048,-0.38063063684665255,-0.27593096909397885,-0.7691764028621232,-0.5151814207018974,-0.25417774381646907,-0.6414083703905923,-0.5835825841679991,-0.0962221661081113,-0.9816329242169446,-0.1647364466132285,-0.04522084465439895,-1.061844493235144,-0.395375367030489,-0.05704314397414474,-0.7299667212382195,-0.45444581691553493,-0.06075738259645578,-0.6294604728844835,-0.44654602930491427,0.11162633963154313,-0.9185654019149179,-0.20785549072535753,0.16502079285841476,-0.9009034212635664,-0.3903018822107683,0.12793507383049849,-0.624347315742008,-0.35344341343671337,0.09955643849996047,-0.588471272175679,-0.2925394467616445,0.3030944313992168,-0.8022364251389191,-0.272809430652846,0.34118810758941,-0.7160139045349826,-0.36883254795171916,0.2879137549851885,-0.5167126302555171,-0.3371434806258175,0.25033008355174213,-0.5131347735022366,-0.2913043714984801
M,0.0,0.0,0.0,0.25489580894915426,-0.03159085840390472,-0.28905951318083384,0.42110818064394695,-0.23217191853975516,-0.4669257589099517,0.3988344599668035,-0.47160311062274307,-0.6239157654531948,0.27572654073920316,-0.7308012632920259,-0.7731635914201035,0.4968359266253813,-0.8508404108671728,-0.27778985659272154,0.5340168383768544,-1.0445058754274266,-0.5807675570994631,0.40378441628421213,-0.9084190813130703,-0.8103645022230662,0.28706906011363414,-0.6870351861532614,-0.9366979372614507,0.2570460254405168,-0.9324395981244586,-0.253936481535701,0.2829963870294017,-1.2434737636647808,-0.5734236378892571,0.18460462041054346,-1.0609071357687698,-0.789991200967406,0.13696802620483287,-0.8237239899322018,-0.8977837956112973,0.024529409873177064,-0.9294224163818986,-0.26841157526904946,0.02391173216188459,-1.1517937806318166,-0.553607316586706,-0.031238773191693457,-1.0065557007973196,-0.7122858417733885,-0.06247703685341266,-0.7949566918806396,-0.7742506736201799,-0.1935533679659173,-0.8560116305759022,-0.3030065587099239,-0.204658955902319,-1.0241048047881693,-0.5133350864814187,-0.20246186265332486,-0.919932930141345,-0.6205559248029473,-0.18642797342342043,-0.7852677246551646,-0.6723076741544939
M,0.0,0.0,0.0,0.25323585639917956,-0.041950714055965455,-0.2152076177747913,0.43148411316725904,-0.2496407623118441,-0.3378230880251949,0.4034138368738692,-0.49885275076432384,-0.44913926071215365,0.28105947931838415,-0.7428493084598594,-0.5518973647876145,0.48766713502684306,-0.8683004794755127,-0.15729191654084926,0.5311125634289567,-1.0688266118395964,-0.381343762286031,0.40667542601110424,-0.9286405161911292,-0.5589673508913602,0.28666402043967115,-0.7131657099413182,-0.6553014354299047,0.2587117143485157,-0.9555701162804277,-0.1412586341809305,0.2855756337306243,-1.2454448392511808,-0.3695802519767939,0.19766041296494113,-1.0432843413285742,-0.52978952570202,0.14509620676849325,-0.8141530493974023,-0.6064814759170227,0.033726724303659895,-0.9580478731334112,-0.15714673348250485,0.033387990404054976,-1.1972522899111553,-0.36216183928655704,-0.010942660888554823,-1.0289454139692065,-0.4676666403922574,-0.047378108570870166,-0.8101124743193591,-0.5017873851713802,-0.18149186342043333,-0.8824949092790624,-0.18948777022556804,-0.1847324092242968,-1.086175883689278,-0.338096077449933,-0.17695275264451515,-0.9766228872681469,-0.39846917770601353,-0.16831542081065104,-0.8322209829655608,-0.41883204619753067
M,0.0,0.0,0.0,0.2523156950616246,-0.02709992391087838,-0.21836588695582107,0.44637779908450936,-0.2285321891000455,-0.3411129127540438,0.44176861447090626,-0.482071607090216,-0.45147413964231153,0.31222723744913444,-0.7311270466443147,-0.5505792087982294,0.5057901913301123,-0.857426330783079,-0.15680764825016044,0.5685445064871042,-1.0623504571456168,-0.38399509466467385,0.4626123515192986,-0.9250149955725263,-0.5560907924619303,0.35443138024764514,-0.7208614282161528,-0.6462819417739702,0.2739977467225408,-0.9516019863569343,-0.1392080972950482,0.3103606091378125,-1.2417537774268599,-0.37375401510155287,0.22983423029601835,-1.0238458219795101,-0.5223055091762308,0.18624315857417564,-0.7952563111212327,-0.5854687088075318,0.04720401705866959,-0.9584396348298894,-0.15482594167870273,0.05532683223247762,-1.1844067718587628,-0.36741996081692935,0.01861398505964184,-0.992399878291136,-0.45599766365091643,-0.008825876199492608,-0.7784712121815377,-0.47266209706920986,-0.16883576432208006,-0.8896548130810232,-0.18751040568208774,-0.16035858475075312,-1.0779234263213522,-0.338841360966313,-0.1470917536370975,-0.9487253357842724,-0.3883356720954611,-0.13246749176333483,-0.8058107281605315,-0.39653703095934084
M,0.0,0.0,0.0,0.2934344426966584,-0.025305400108431027,-0.18289373216281332,0.5267659075347974,-0.21342648476243195,-0.3019967742800612,0.5263136562896797,-0.4487999700763162,-0.41987006024080525,0.4015833967545592,-0.6609435605389176,-0.528705176722552,0.5389291510312256,-0.8385823928418857,-0.15584739901635225,0.6709728726575611,-1.0659090580126005,-0.3988377936405721,0.6470462738771757,-0.8385168012536237,-0.5760220321416991,0.5723765893237696,-0.598955651302591,-0.6643128917077294,0.3309801150784894,-0.9285420829279669,-0.1681123542587594,0.45227287931784477,-1.2734641310434016,-0.4182838392946264,0.4541438931527642,-0.9954011321749284,-0.5794181537518012,0.4222501211578132,-0.720285207462253,-0.6508005422346639,0.11264487160038981,-0.947822427143187,-0.21063974910832678,0.19279889483620818,-1.253105521748034,-0.43453894374807894,0.22855388929899526,-0.9958296822579009,-0.540074396837756,0.2175391875844238,-0.7300770945670826,-0.56714229528582,-0.12186517486465036,-0.9032036114304962,-0.26634654033193006,-0.058542008295847055,-1.1206146473823912,-0.4206131330132904,0.01688735362329118,-0.9873311620594312,-0.4843030475067982,0.05584613889929646,-0.8336062511710498,-0.5069957045330044
M,0.0,0.0,0.0,0.24051466110313524,0.04021279880928063,-0.24536430258235725,0.4728444103262463,-0.0263315247829889,-0.41368213501893475,0.5560101455553942,-0.11612589054757387,-0.5630781778748093,0.5167389927451755,-0.2030858067392248,-0.6901477391669234,0.5815260862094473,-0.7951087875647629,-0.26973419883315597,0.6221110421656044,-0.8473069756117843,-0.5575402973357249,0.5367182585528448,-0.4719654603476084,-0.7219035414434419,0.47746060577875415,-0.18773064036954426,-0.7863187456925486,0.3197861428756417,-0.9141596886036611,-0.2490961391848071,0.35798221969461375,-0.9725130718524042,-0.5594277087839088,0.3030870310425112,-0.5174827711755059,-0.6540495676467578,0.28797487873490185,-0.1911194406529803,-0.6492875503604217,0.05971300271729902,-0.9418091694741123,-0.26413467725476036,0.07292766264609005,-0.9371892229776474,-0.541631918965315,0.045435591655977235,-0.48169057766954687,-0.5398899609448565,0.050445512758114236,-0.17544114863957555,-0.46443218565830774,-0.17739664823387172,-0.8895308698454379,-0.29879187854055256,-0.17904067721388148,-0.8180011409026076,-0.4807485570419689,-0.1568363725104347,-0.5002786080667369,-0.4801964502595483,-0.10779817106547257,-0.29930999770952593,-0.4280059987406883
M,0.0,0.0,0.0,0.24016660081896973,0.04988358059742919,-0.21356978109991281,0.48488107765448124,-0.044477511461914754,-0.35571601855765045,0.543178544755982,-0.19663137501295955,-0.4849640016106255,0.5276280236693853,-0.35904312418760903,-0.5953659556720399,0.5760580247553074,-0.8085625179270842,-0.2069976826010895,0.6824529132766339,-0.9515672819257899,-0.4726844906865977,0.591179519476522,-0.6317230725579603,-0.6352232209958965,0.49522249426218357,-0.350019250917312,-0.6985612565319063,0.3369134500947085,-0.9205619845108395,-0.1976232775225257,0.4233690013532036,-1.1241425758478867,-0.47568732427375066,0.35800397066779294,-0.7026393337865442,-0.5751879584546438,0.32001899268749595,-0.3772893796551174,-0.577134651548744,0.0929476635754871,-0.9442334019102275,-0.22157103156195257,0.13903233924908176,-1.1237011953201508,-0.48007933428173044,0.10619399299486658,-0.6906791007458509,-0.48504619890674167,0.09141827443135357,-0.3776249074735935,-0.4172888829532378,-0.14708683193922067,-0.8823581413133859,-0.26081388789101373,-0.11957004111896236,-0.960437570495914,-0.4413686896513484,-0.10199119119498355,-0.6642580398934613,-0.4355027087445671,-0.08061006703016459,-0.447301540820527,-0.3794747223257152
M,0.0,0.0,0.0,0.2421336030140248,0.04569140450763901,-0.19024549194913656,0.48653856074125007,-0.05863951674026279,-0.31214458281922963,0.5430929477327411,-0.22353231318476122,-0.4254599808436261,0.5160203881980712,-0.415978258778013,-0.5208027036245677,0.5750287033973004,-0.8140199356880297,-0.16544883390988685,0.6866864394221555,-0.9580853096402496,-0.4160707175635686,0.6090182704342609,-0.652831976771153,-0.5719788265698479,0.5183858384815334,-0.38206621525565626,-0.6327371438245099,0.34283847421925545,-0.9250549556553611,-0.1635087447584104,0.4394402167964725,-1.1303032355679057,-0.4213667884269499,0.3805889148025458,-0.7194058567017312,-0.5170972692220599,0.33945370207167347,-0.40532326963678444,-0.5201669967607019,0.103643461820392,-0.9412416407987869,-0.19432690486438634,0.158422110915778,-1.1391437250557273,-0.43856615959017475,0.1324338974975133,-0.7231494559866548,-0.4473388511130055,0.11681515636324982,-0.42312783682411487,-0.38504466944583143,-0.1335471744907452,-0.8675097563531282,-0.2387360992309148,-0.10019900218421114,-0.9719151114103416,-0.4126273463462975,-0.0762014016210075,-0.7050620403239404,-0.4100410172447319,-0.05737245668817016,-0.505122716750257,-0.35786189871897806
M,0.0,0.0,0.0,0.2548713385015255,0.0215303383472607,-0.15026477895722587,0.49295616307117995,-0.1033786460581815,-0.24901468403447669,0.543511396058893,-0.2916390286656469,-0.34733931431957804,0.5041267848687945,-0.5058702024371513,-0.4304907703100995,0.5636352847232398,-0.8219914483272239,-0.11857724398486524,0.6857563516171649,-0.9937221706658168,-0.33798174341986437,0.6301335351251512,-0.7090786355026502,-0.4782168800840703,0.5432213768306889,-0.4592707168630401,-0.5347381818880148,0.3462381634264256,-0.9292491733495711,-0.1288996044068192,0.4629628626415021,-1.1734443584801824,-0.34614215945345345,0.4220882417730369,-0.8042026451715452,-0.43146771874490836,0.3720142684154921,-0.5187820881949924,-0.43929787897172706,0.11759231614380741,-0.9387032258935191,-0.16821437587992782,0.19423564015171915,-1.1788684359169732,-0.373177012501169,0.19027400620922805,-0.803936459206649,-0.3811736466364543,0.1742108174613628,-0.5244679008065436,-0.3310751939331626,-0.12099659630219564,-0.8570774576893884,-0.21910352580823256,-0.07468540706978426,-0.9931412707661568,-0.364966560972021,-0.021632993668134873,-0.7696533149554333,-0.36382981481394927,0.013913744260022901,-0.5943326714376267,-0.3227157127214028
M,0.0,0.0,0.0,0.32234710823286317,-0.0473468819238115,-0.1516280187213051,0.5554236882251543,-0.27052362126480034,-0.24940967276108045,0.5028943459406542,-0.5715744730115823,-0.3476663519354545,0.34549000617365394,-0.7887355998495422,-0.43983508134800114,0.5842885226583384,-0.8135461978735432,-0.08650660213405748,0.7244962058006538,-1.0307874435471043,-0.3055260427919311,0.7357714663230602,-0.8540698582650779,-0.4778602972664492,0.6805090109376782,-0.6351313215794784,-0.5641886217863996,0.39769328992163094,-0.9117065669493722,-0.10310762790744223,0.5396741955159969,-1.19540820129218,-0.32541488072561625,0.6003879420588757,-1.0151835326245882,-0.49275664301932925,0.606928653968754,-0.7744984548472464,-0.5708277723875805,0.18727847611696471,-0.9292218843783732,-0.1504415899711138,0.2917637666499902,-1.1874125089950083,-0.3486488196255026,0.38822084278010344,-1.057232800809016,-0.48316761180561385,0.43610538629753104,-0.8630437261718191,-0.5374768065851804,-0.05025977387531064,-0.8848631279468082,-0.20876625285570288,0.016052241410235597,-1.0533893299778079,-0.3575047425564895,0.12859380189661904,-1.0128145833600883,-0.450465134000083,0.23396947231169987,-0.9279218376278694,-0.4969373736702608
M,0.0,0.0,0.0,0.3442107496381901,-0.02218661924496647,-0.21684533205502787,0.5634969583544431,-0.21006472555613484,-0.37082286188232294,0.5244066192781411,-0.4781443842534604,-0.5220879531321109,0.3747948328552252,-0.7148781279507178,-0.6674110811184668,0.5969950481415796,-0.8117813993166487,-0.1865835303751854,0.7278713998684622,-1.025005706763855,-0.4792649629631727,0.7285267483454576,-0.8207222455794185,-0.7069257662693711,0.6699456356746037,-0.580195791607766,-0.8279833616039641,0.3949706779092166,-0.895831356497703,-0.20367705886382775,0.53161992540109,-1.1840565601212856,-0.5175393628854876,0.5823877894198565,-0.9735410840935229,-0.7557051483339956,0.5825361157594319,-0.7208054100808309,-0.8781601567024285,0.1754155194877413,-0.9179221696245001,-0.2572986358056624,0.27603834796253746,-1.153915724487106,-0.5392238657280005,0.3668598065469105,-0.9924936697049852,-0.7404870534657819,0.3942309219335328,-0.7690680306812635,-0.8303102671276333,-0.061375938738533746,-0.8862640190224466,-0.3243164943998975,0.016790166495493298,-1.0582409068713161,-0.5269645783330381,0.12243387042218022,-0.9916674862220974,-0.6649229356293546,0.2028820081335653,-0.8789111880255974,-0.7437935188332033
M,0.0,0.0,0.0,0.26193873217107366,-0.14405063630081888,-0.12652603064914308,0.45098521413298015,-0.4453334736319851,-0.20313830091929383,0.44383046851708113,-0.686179415171102,-0.27980292983634364,0.37002245069091155,-0.8784992248675886,-0.34495526537994176,0.2859140315384343,-1.006069003793166,-0.08876618025948459,0.35021041629721883,-1.1469223236277473,-0.2911262040380768,0.3987450237326024,-0.9124586379650217,-0.4251989151368653,0.4220877479074927,-0.6962524553584741,-0.48337962159132986,0.06938792893875731,-0.9921136039919469,-0.10438348572307822,0.13559697246218466,-1.210967400334738,-0.32025856526272484,0.23127619012142403,-0.8731604086323711,-0.4052894786931197,0.2920846666624319,-0.5960782138092265,-0.41196753948325937,-0.13754272639853055,-0.8951980260564842,-0.14579580368147887,-0.09066180128255265,-1.1106656212945372,-0.35765997711718794,0.0453156311209987,-0.7642735267992521,-0.366498136893738,0.1266724423594828,-0.4967001398459082,-0.3143560212095046,-0.33364547566053676,-0.7130567305905209,-0.19573902436247312,-0.26122167011750774,-0.8378034644631852,-0.35762869814393206,-0.11930203999464081,-0.6389143977168632,-0.359961470516037,-0.025033268596111557,-0.47624382586975267,-0.31708099154627334
M,0.0,0.0,0.0,0.24152617257013445,-0.11255523745555086,-0.13921381734055643,0.41485399067906087,-0.3780478396412045,-0.2339402010196652,0.46615678102559027,-0.5827944826921088,-0.3285775265508441,0.48016146553597594,-0.7598647973532194,-0.411382877381357,0.3001098124368728,-0.9925423031097624,-0.13136703134641345,0.39163921149250985,-1.131962999229603,-0.34937599544983766,0.46840236045134565,-0.8795277086338339,-0.4896976126566578,0.5043164189670729,-0.644853588980321,-0.5497491372538742,0.0850603700294546,-0.9854805378219217,-0.14694503402520387,0.16757213712266816,-1.1957193631543142,-0.3786655742859755,0.2966408655709809,-0.8761005955829261,-0.47381943877294874,0.37020264109093365,-0.6077776913302617,-0.48804738410599724,-0.12146611169532003,-0.884324471653248,-0.18893842531900856,-0.07084909710156617,-1.0955466632859168,-0.40716941085041475,0.09141340529590831,-0.7881697195603721,-0.4340829172811025,0.19083540550385988,-0.5424653268066602,-0.39553200413664735,-0.3133393489533804,-0.6935163667883876,-0.24066417183391653,-0.25449560598373744,-0.8339921443199056,-0.4023071466710132,-0.10999128639887736,-0.7167862905492358,-0.4238554663299861,-0.005239685326762416,-0.6173603514431202,-0.39950903490968825
M,0.0,0.0,0.0,0.28183046863146133,-0.12596676155648961,-0.11671408721407789,0.49300789560994235,-0.4290779034330661,-0.19178604220615755,0.5013529893413206,-0.6900552728130116,-0.27044279564379764,0.4372450973382374,-0.8768570722700436,-0.34069493431323017,0.3497847112725889,-0.9790952924861224,-0.09946534456699853,0.4502962977751292,-1.2303024145818895,-0.30394853129849186,0.5566692227431592,-1.0043506444228802,-0.44310651609464324,0.5944080037719445,-0.7504292234088953,-0.5032433949244809,0.1455825214359339,-0.9817696547086611,-0.12220505122781296,0.23648472454738081,-1.3092212351300743,-0.33018798765062873,0.3769797857257045,-1.0138776409242858,-0.4293343605535865,0.43685410870921126,-0.7365820818343431,-0.4534434874327154,-0.05988339950525201,-0.902483584126784,-0.16867370941800164,-0.004084015868973885,-1.212406585753772,-0.3744004232657179,0.16406441429120242,-0.9036221988700265,-0.40639467368193494,0.24825627505698858,-0.6360818060742854,-0.3765038373607813,-0.27261347025735494,-0.7424047403533186,-0.22285872893279016,-0.1805430489778964,-0.9291462158504437,-0.38634020361490395,-0.015386519662546396,-0.7530647660461235,-0.40562610174830643,0.085037094398463,-0.5870590932118064,-0.38119311759136726
M,0.0,0.0,0.0,0.27856128427184323,-0.14643172850746874,-0.10468185590886644,0.47291910050894675,-0.4125646103389237,-0.17812004571093032,0.48642081476358573,-0.6684358113351725,-0.256820261813152,0.4109451925755323,-0.8962451791164239,-0.32688585140920157,0.39712377408257116,-0.935458860504637,-0.0834597983943418,0.5025686738817067,-1.2214421545356646,-0.2628687212753233,0.5937879329681539,-1.044256528731473,-0.3874978219493471,0.6137429611258121,-0.8345595640140693,-0.4442892137072365,0.21555026750203962,-0.970644694407377,-0.10670969683495839,0.3180070906357574,-1.345090763438402,-0.29137425725529853,0.4304444891295205,-1.08543182588338,-0.3921562933653659,0.45872527050107076,-0.8354396158141469,-0.42611798080436364,0.023940017706103944,-0.9297409195894323,-0.15113941043679507,0.09144805658256545,-1.28539963959802,-0.33103704856281174,0.23221654793917182,-1.0192679556592148,-0.3763822100287888,0.2903735705926671,-0.7713646041729246,-0.36612625245846514,-0.18503568253691668,-0.8107917766511747,-0.20298961147590708,-0.09183976747906097,-1.02098067595011,-0.3448626596800473,0.05531961426358992,-0.8935845264419606,-0.37790955643212226,0.14611987712096214,-0.7598603093622912,-0.3734288722502162
M,0.0,0.0,0.0,0.29477909361576576,-0.13167324088577298,-0.09754340486259137,0.5008003104640167,-0.3809991250292275,-0.1648897337565488,0.49003026581353465,-0.6451737386891662,-0.2403705724918411,0.40840974927235324,-0.8680408089984745,-0.3076078961579647,0.44780284655158176,-0.9131279895887429,-0.06137344645235062,0.55417584635295,-1.2364396096513375,-0.22791950129732266,0.6177725865428031,-1.0659900403012534,-0.3468160507479022,0.614579407408442,-0.8572764476060499,-0.40122516153822685,0.262218355047113,-0.9613228298111725,-0.0842612079205249,0.37230319893843217,-1.352322729918086,-0.2559559943340412,0.45942808622406417,-1.1092905128107478,-0.3587900665547526,0.4679605509878696,-0.8623480788441149,-0.3964630648907988,0.0653554379273433,-0.9369292037026224,-0.1279431268409892,0.13704432569720615,-1.317002904878138,-0.2893469452694828,0.25838039675455066,-1.0722186205010436,-0.34172395301504643,0.30763083450334483,-0.8259083813354843,-0.3406355752680996,-0.15380032955468617,-0.8409893125383217,-0.17912020598576722,-0.07680950327975761,-1.0555239146411846,-0.3032906497692116,0.05822579069408804,-0.9579472451562959,-0.3414562309658332,0.14943166321207868,-0.8394810841023699,-0.34471179062315993
M,0.0,0.0,0.0,0.30249522479360247,-0.07286564528326678,-0.1415836634808718,0.5231440257660409,-0.2898377580636058,-0.23088196943320374,0.5249305166947945,-0.546467498971058,-0.3218773722004478,0.4419980269272009,-0.7844119103209805,-0.4024949302532048,0.5275298263821057,-0.859347067092719,-0.08280965937542077,0.640222369163214,-1.140466705986799,-0.2722993135224497,0.6640208010917101,-0.9596381511896955,-0.4137832426064161,0.6276209635800583,-0.7405503748871657,-0.4833191204628112,0.3374560690421499,-0.9366566102580263,-0.0937965667098938,0.46061630029456235,-1.2918947864095693,-0.29641112115343,0.4890712009427579,-1.015336054377135,-0.42698476036919486,0.46400725310143065,-0.7585295783287942,-0.478703408061124,0.13329453915073433,-0.939355689782936,-0.1304173825344647,0.21736128301761098,-1.2824360628401286,-0.3172280298977198,0.2856786453778668,-1.0057728100254484,-0.3903671599160908,0.2967057236461008,-0.7472114707655789,-0.3989479767853024,-0.09154391629446293,-0.8674426767721404,-0.1778543516525779,0.010485877802240461,-1.038801105732649,-0.31836662771782354,0.11406190076980718,-0.8923661323931759,-0.3672610084933801,0.172142742051181,-0.7552052744882671,-0.37689063032885683
M,0.0,0.0,0.0,0.33782122470190024,-0.026479478993859943,-0.15568281413390755,0.5944192534761044,-0.23430678602261876,-0.2432704448051537,0.5939951864760291,-0.5275223969059647,-0.33463418596838956,0.4748549131537302,-0.7923054072056732,-0.41961673872483557,0.6288626302850635,-0.7795454725123514,-0.06537806430264746,0.778922300884192,-1.0598290510512611,-0.26041746897410173,0.7743319767241631,-0.9105321838973899,-0.4201959881018862,0.7059327852330252,-0.7089141831055056,-0.5054381597898654,0.44423805148061285,-0.8927411941645572,-0.07527093634563606,0.5962902049019108,-1.2645726784649738,-0.2870335989618037,0.5899033421568746,-1.0346983407104182,-0.45744726450441625,0.5340257631527152,-0.7827722316436829,-0.5412125280529057,0.2398580126770594,-0.934814041967418,-0.1136930882036479,0.3488215399223487,-1.30250828724271,-0.3131607302813972,0.3766242171335844,-1.0729541545502033,-0.44046684321600255,0.3474010878570559,-0.8085182126353802,-0.488058918715219,0.009627987289649326,-0.9119842398719024,-0.16301718362547024,0.11404816527634087,-1.0932019172624692,-0.31522511199704134,0.19457995386278956,-0.9742318740875583,-0.4026609541201999,0.2336975488453426,-0.8325607429201355,-0.4457480001007475
M,0.0,0.0,0.0,0.33531542952711574,-0.02319526180268318,-0.13445079788641912,0.5941683276074383,-0.2347722189493317,-0.20579215337358403,0.5929603787357182,-0.5355279266833173,-0.2805434358909913,0.4808014352635102,-0.7809501515627886,-0.34648967910654505,0.6248158638955957,-0.7731407218804666,-0.055983102560058604,0.7772392429808986,-1.0470500245403733,-0.23744927085926704,0.7679896991822442,-0.9013261068948959,-0.3757908078258938,0.6906128734181786,-0.7080106127696969,-0.4444545050029826,0.43804294727017484,-0.8963966181120152,-0.06776045590313659,0.5923768049587288,-1.2640541316130565,-0.2615530623564256,0.5762916037722955,-1.0267088436470135,-0.39060980332953615,0.5088046438955209,-0.7716735984411224,-0.4418264835072713,0.23221667725925585,-0.9370516832424991,-0.10634317056514492,0.3415241258211521,-1.30162826625424,-0.29060843137802383,0.35503395932508586,-1.0534081341106452,-0.3696934890726283,0.3215431171234873,-0.7934359294580614,-0.3815672472017822,9.496363037666663e-05,-0.9091478919058298,-0.15530337804268274,0.08946809514343175,-1.07306273226638,-0.29677183677270125,0.16418320959132718,-0.9479214990886392,-0.35456413777092055,0.20548060814301242,-0.816495857312462,-0.3713315039466669
M,0.0,0.0,0.0,0.3184126427866931,-0.028747119817848898,-0.15494578638785636,0.5681555931517527,-0.22664827579540717,-0.24237855951448364,0.5783544313003267,-0.5026566979185939,-0.33190808131127536,0.49069323973053414,-0.7662610046811973,-0.41168936109906956,0.6092522084611568,-0.7819898200903813,-0.07186921006982251,0.7564878885847095,-1.0396067081892644,-0.2673874720265748,0.7448370722511386,-0.8923913682773551,-0.41519506058344696,0.6654505063606178,-0.6935394852045266,-0.48836861637202206,0.4207412605399207,-0.9036581386568222,-0.0798671404181104,0.5721665975442611,-1.262859448793425,-0.2920799911241624,0.5390038026896723,-1.0044192799603373,-0.4322553064198119,0.46789058232524283,-0.746866115041987,-0.4861792343953354,0.21438796430874937,-0.9427016727434359,-0.11678730042639904,0.31981412604068743,-1.3007827066079938,-0.3175325656127698,0.3204607456360044,-1.03816369107653,-0.402951284408702,0.28337058306335633,-0.7765662377829823,-0.41456757216621404,-0.014650215235121437,-0.9065421815328993,-0.16522141594734582,0.07764954026403365,-1.0696840494007351,-0.31812566769318623,0.14310306117891133,-0.9286484356080824,-0.37824212331976986,0.17728400452960205,-0.7909773488518635,-0.3935908043540123
M,0.0,0.0,0.0,0.3068509936797252,-0.03627330927362407,-0.12063902791531766,0.5522671002939845,-0.22717690754505387,-0.1876276298067387,0.5595727965401652,-0.504455094180236,-0.2571832524950894,0.4666266908950355,-0.7387796144672351,-0.3198757078264389,0.6154520976585527,-0.7842234457493926,-0.0585434077609102,0.7206951413765114,-1.0203964238606953,-0.22583513622117818,0.6856652358069977,-0.9070490124579008,-0.35080205241465817,0.6031047966994185,-0.751170563261167,-0.4150304358814069,0.4153189408840873,-0.9064648029767617,-0.07636581897171436,0.5197788417200017,-1.224408781952811,-0.25049749190252063,0.482096490805086,-0.9951350995745882,-0.347218663105597,0.42344457289869625,-0.762012853301217,-0.3785388174853409,0.1964239301980946,-0.9263122568819767,-0.1184995408079124,0.2731089790305581,-1.2627213684310727,-0.291026360146246,0.27170525347170976,-1.0223051772516587,-0.32839542942638533,0.2541610622335147,-0.8001795273061001,-0.31567509336632743,-0.04730124250847096,-0.8630335285901186,-0.17006091516661273,-0.005573632648004353,-1.0264792812480068,-0.3097346860039608,0.03456153072687621,-0.879670908081009,-0.33215288546123856,0.06466160921165241,-0.7490038399747964,-0.3197288860231689
M,0.0,0.0,0.0,0.30270032846161843,-0.05416562198605852,-0.1290136275016408,0.5284103978505174,-0.28181625821175643,-0.19668977997065948,0.5036930852341567,-0.5507655340305861,-0.26708906711092645,0.39095044285579006,-0.7590871833453262,-0.33032202916618286,0.5416649399540744,-0.8353689002185041,-0.048930399713272205,0.6197885343520227,-1.0741538501022463,-0.22457902659371015,0.578323659325867,-0.9336487830954237,-0.3577628830454525,0.5076604509433699,-0.7302593847551839,-0.424839814566341,0.334852697298057,-0.9403361259023498,-0.060346014244320324,0.4200554850532154,-1.240986263494734,-0.24432676831164948,0.379749690390209,-1.006621293696548,-0.35346380774819447,0.33464286139758714,-0.7549956601145289,-0.3901554004882995,0.11625614798359528,-0.9443213470410885,-0.09882019133382411,0.17293149592434987,-1.2637104118849958,-0.28027630531830705,0.17262989142097004,-1.016183914313804,-0.33493174049222024,0.16774234822737458,-0.7701810800621192,-0.32995267092053393,-0.11770672861481161,-0.8584469736730808,-0.14705519814973492,-0.07702998394305909,-1.0035828255652064,-0.2954248378862962,-0.02608747460762117,-0.8603988904728339,-0.3347287560937776,0.018988072779785516,-0.7227410031973204,-0.33262652149197286
M,0.0,0.0,0.0,0.30489676029986523,-0.08678132330839307,-0.18605288777574283,0.5168262527679338,-0.3313642353224763,-0.28924540967012263,0.5054582838048773,-0.5853300655527267,-0.39044525690016835,0.38394298540621524,-0.7959978408495361,-0.48248224214025154,0.47139139325785917,-0.8921288862238398,-0.0796453780078551,0.5618904219334768,-1.1096419184727595,-0.2960973848907372,0.5499570645700189,-0.9576915464420527,-0.46520562189303766,0.501728986131214,-0.7355895416124287,-0.5528109540065591,0.2683373921377505,-0.9600624365702969,-0.07921591928025525,0.34563172993353714,-1.2783010194659339,-0.32284044065277967,0.33917534217014644,-1.016650939105065,-0.49010543506593374,0.3247027427735719,-0.7435718984415812,-0.5576278866587672,0.06371711234085421,-0.9498973011310208,-0.11216116361442563,0.10657202501452129,-1.238666396828663,-0.35443197858284947,0.14093781264460348,-0.9591231962872443,-0.46691831930399263,0.1519827777964334,-0.6736197060057134,-0.4870028464591179,-0.14664465241212182,-0.8631373182049354,-0.15713797058989615,-0.07594791774907121,-0.9863414048825224,-0.3468024955136167,-0.005301109042160415,-0.7999281596553086,-0.42247526064821017,0.03877178619211039,-0.6196733272237063,-0.4411131865174529
M,0.0,0.0,0.0,0.29103496107474447,-0.09925514087629728,-0.1351236288489918,0.4986905009798026,-0.32567465457786937,-0.21927697454393222,0.4901617304822987,-0.5540312340772476,-0.3054970306882773,0.36619002216493146,-0.722775405468148,-0.3820388747882323,0.43411778669586293,-0.9137533518156996,-0.07772660934798979,0.510422367886409,-1.1378352398506875,-0.27384422301557115,0.5242793261834455,-0.9546205132755919,-0.4142592155916155,0.49559587120601706,-0.7501077407124844,-0.4822804273338543,0.2339322421597907,-0.9677762718525427,-0.09319224064956542,0.3091363206170387,-1.2762095074661473,-0.30232931476334823,0.3363057673800646,-0.9846224097414052,-0.4096003033808006,0.32724006818490775,-0.7269660132951953,-0.4392735635375811,0.02519454961269317,-0.9387280773899576,-0.13542659388309586,0.06310219327210914,-1.2375226133560175,-0.34366776563897655,0.1272950858041042,-0.9098291973685737,-0.3815135720045617,0.1540767926251218,-0.6473992634839602,-0.3553294685836297,-0.191377249360764,-0.8309818716831264,-0.18754013036596662,-0.12511268179987983,-0.9661272773503874,-0.3498891378462505,-0.02956601895563994,-0.7630412872254252,-0.37352669478419526,0.029911277179528697,-0.604188820507438,-0.3536707648722297
M,0.0,0.0,0.0,0.2881113145655743,-0.10035611459414222,-0.14555643477137706,0.5004763996192134,-0.3432644781928736,-0.23510495372256865,0.48258208956397464,-0.5971471951459247,-0.32465981309431896,0.3636439850711118,-0.7855258336337109,-0.40395990258728465,0.42353488456508215,-0.918320345923215,-0.08122855857762903,0.5080122297381182,-1.123392676149784,-0.286449648402441,0.5097595194251904,-0.9262880067391447,-0.43307669502242413,0.4729219550196416,-0.7056857697424549,-0.5028283591899957,0.22578284116292333,-0.9697044783290075,-0.0932487712791196,0.3118025982770564,-1.2807907486031873,-0.31159147771704737,0.3371100846432283,-0.9865622458897791,-0.42657808949701975,0.32954399413085017,-0.7169962118931381,-0.45867391845520267,0.020026551633053488,-0.940095675459413,-0.13338936924848652,0.06862809203736708,-1.2365850264228975,-0.3570330703320093,0.1364065367153665,-0.9007593962682068,-0.4071704187185984,0.16349020896401734,-0.6206319888773533,-0.3849527789638651,-0.19626233911362803,-0.8303781856974838,-0.18274287733016195,-0.11746266227502644,-0.96654995632742,-0.3618536192222124,-0.013369637122941386,-0.7484486664404963,-0.39546377004312466,0.04748599844000005,-0.5676542250939699,-0.37928403992586535
M,0.0,0.0,0.0,0.2962619595121075,-0.10497416125690646,-0.15308359464176968,0.5000120311884816,-0.3242014537545936,-0.25137667786210416,0.5005146451303202,-0.5601752636103072,-0.35004363848820996,0.3900696489166435,-0.7476021621911897,-0.43867526938660606,0.43047460700083184,-0.9111364922624562,-0.09124090491321922,0.516781740449586,-1.1093981816691492,-0.3036947122181879,0.5209026593970383,-0.9291601595000374,-0.4579500723055802,0.48237869963180585,-0.7208934340221023,-0.5336829557127057,0.2368908103409088,-0.9660770062779017,-0.10284921933177017,0.32039663185650075,-1.2622427623402042,-0.32809053888917245,0.3463151174021897,-0.9841902507072656,-0.4492505317732104,0.33909630012083686,-0.7234860188275625,-0.4871193509536098,0.0318131555989216,-0.9373750015289252,-0.14385028755172036,0.07840114866879398,-1.2133629429539943,-0.37053481991108067,0.14199064732206892,-0.8915016626576046,-0.42485108520201,0.16949538541320394,-0.6178200271497366,-0.4065165973797909,-0.18190575314653573,-0.8283274095070595,-0.1955912239174558,-0.10288284059998394,-0.9445058368287599,-0.3747250998279236,-0.00067354685711716,-0.7398634290720513,-0.41255962198763363,0.06363760037817748,-0.5693435505435128,-0.40080614343500187
M,0.0,0.0,0.0,0.28990484144157663,-0.0950942128742685,-0.16985187864630227,0.4934148272034691,-0.31614631443365054,-0.28174353549832565,0.500564341366146,-0.5412451668084548,-0.39241129518044565,0.388860306485482,-0.721826067473486,-0.49248138305928685,0.4227610148692955,-0.9176803874924295,-0.11960597155233901,0.516609789589578,-1.1192323593468843,-0.34826981832676723,0.5248031182952281,-0.9064155606392789,-0.5108598737230342,0.49111289609873576,-0.6808243429140156,-0.590455225458549,0.2283622499176463,-0.964681091481892,-0.13130527236122672,0.3235297021377956,-1.2756568311876977,-0.37601712919755104,0.35591761798232396,-0.9724676033167253,-0.5110139225320591,0.3525402378608507,-0.7040221364008898,-0.5565895981059557,0.021814123760746863,-0.9355246925237634,-0.1733391947186827,0.07629188796227913,-1.2242186844772238,-0.4186049164150218,0.15073420548555916,-0.8836237223838581,-0.48841847650580267,0.1799186692686639,-0.5974949539062889,-0.4784296144583664,-0.19290603630039527,-0.8282793951655181,-0.22636581975465758,-0.10546564279901138,-0.9579014667887472,-0.41852139894245016,0.0012719027915731233,-0.7347248087421347,-0.46642193138271076,0.06124471048690268,-0.5471104690457973,-0.46206492885083056
M,0.0,0.0,0.0,0.291609933949013,-0.10483771598842034,-0.15782110661371365,0.49769725235589235,-0.32106008882243225,-0.26211826051505793,0.505552744305718,-0.5476186611903874,-0.36723990623962194,0.3931378650617798,-0.7255675764118367,-0.4615978575283598,0.4212083171462554,-0.9172325198407869,-0.10001285384384172,0.5148467807587194,-1.1263579418193228,-0.3193636162741592,0.5257897393082499,-0.9218529485060446,-0.4749408317296247,0.49438635958185356,-0.6995652013129295,-0.5494905446908743,0.22897883794017315,-0.9668503645177574,-0.11300028498834662,0.3232019026005219,-1.28189985840124,-0.34705805995670513,0.35653659541183397,-0.9864483483517128,-0.47134133142626067,0.3526388857931402,-0.7160344801072892,-0.5085979229710085,0.023371362633873995,-0.9382269480392833,-0.15589179390088215,0.0762575075469662,-1.229793797051097,-0.3916087774945262,0.149264933631255,-0.8937199617127196,-0.4506333565102295,0.17989315378752482,-0.6091818662557864,-0.4325651033715368,-0.1920778202271405,-0.8311458609208034,-0.20937541918058628,-0.10592641080153749,-0.9595000742315493,-0.39401337861457675,0.003042042765914842,-0.7436780220140295,-0.4347450780940031,0.06760494425895275,-0.560774831413938,-0.4239362983488933
M,0.0,0.0,0.0,0.28798142133021426,-0.09343580721624048,-0.12998166216091087,0.505196946454522,-0.32905796295362416,-0.20783051073812628,0.4738558882620836,-0.5680376567752101,-0.28666904304820323,0.35539381552513527,-0.7442215119136354,-0.3541440854090109,0.4239784515734539,-0.915473997829393,-0.05935114505056724,0.5057495323611109,-1.090629366545759,-0.24571851000478132,0.5080269460276864,-0.8811139568708172,-0.37621775563259513,0.47834685067198107,-0.6716486419869776,-0.43804277032208006,0.22850252258301662,-0.9708059500544041,-0.07295481143943604,0.31361974548344035,-1.2416064012410442,-0.27586162605407416,0.34602288447206586,-0.939895802031873,-0.37774300550741463,0.3451577403072495,-0.6785151896090466,-0.4016537716158311,0.026325881096504983,-0.9393117584958004,-0.11326407625428382,0.074683736219024,-1.1987035364870497,-0.32210632975453807,0.14907711258251274,-0.8676035579018159,-0.36398806798469185,0.18409265931470495,-0.6067393254346634,-0.33825430257069294,-0.18326763846598462,-0.8236661526159368,-0.16185579362655564,-0.10337748650537425,-0.9270515925597088,-0.3278970264482685,0.0033627612377769454,-0.7230893447988876,-0.35751809423317865,0.0701316391706961,-0.5661881855776472,-0.3399207556540812
M,0.0,0.0,0.0,0.2861600134830779,-0.09605213783765279,-0.13574998582557019,0.4958107598194752,-0.31112401846870247,-0.22483176374349523,0.4908161221200108,-0.5405968381049464,-0.315044112456166,0.3855430229399733,-0.7233031611215196,-0.3939256774637908,0.42720801917861123,-0.9133875412889659,-0.08387888789883911,0.5093966323449393,-1.0974310790217718,-0.28259688718409587,0.5179635368282605,-0.8865976872049819,-0.41957445040279123,0.4883835649177023,-0.6775785756471405,-0.48413847342540783,0.2308386582850396,-0.9679235273373082,-0.09918446989355753,0.31925405018128156,-1.2425973530148005,-0.3099450868526361,0.35555289392906514,-0.9457876861552893,-0.41075735485891196,0.35263742713114243,-0.6885436886136946,-0.43533809731415707,0.024279892997369917,-0.9348397475482729,-0.1416753634905751,0.07711561745147258,-1.2016980469722216,-0.35570092012006305,0.1539925828652015,-0.8705415692993348,-0.3917622150441705,0.18800270467180544,-0.6057026883177026,-0.3627813778220707,-0.19187325668624539,-0.818721994451217,-0.19346862519235242,-0.11007261707253109,-0.9336299093319453,-0.3635597698882046,-0.0006015796493647802,-0.731894873013062,-0.3905900948223139,0.06791683965682413,-0.5714138409677669,-0.370979689540451
M,0.0,0.0,0.0,0.2664842983752486,-0.07047825616026213,-0.1469243860807286,0.49307572420478135,-0.27433018445999,-0.25008456060811546,0.49580130084089297,-0.49834428677587744,-0.35417712884876495,0.37229479510084257,-0.6824308030084977,-0.44726132314300054,0.4502743083629362,-0.9054671615699622,-0.1217578624362116,0.5516531270075694,-1.1446300260978965,-0.33263042355871875,0.5727454233186952,-0.913368062972339,-0.4764167157878235,0.5436811693748981,-0.6796820422408084,-0.5434316386492866,0.24432979287897955,-0.959403978468331,-0.14087923342655267,0.33849220594111,-1.304880623356538,-0.3635752238725324,0.3890316076661382,-1.0078771101314616,-0.4859994379567081,0.39024156869522725,-0.7379255935488794,-0.5272248027998913,0.0302851177807091,-0.9293718810208929,-0.18596826512704603,0.08134823024013016,-1.256428420071642,-0.39596195185084104,0.17260623555392635,-0.965328338663997,-0.46380924769575405,0.21392486953184794,-0.7044848021613872,-0.4623973027527723,-0.1929058852043594,-0.8202776340265034,-0.2407180617960993,-0.14298418393633583,-1.0024733276794349,-0.3980207967246522,-0.03810832101239349,-0.8688384894307385,-0.4465944347311624,0.032566436327942344,-0.7452249607265408,-0.45207325231174106
M,0.0,0.0,0.0,0.2695406152638685,-0.0680994923177005,-0.1397057391849371,0.4976398175863874,-0.26981836274296844,-0.23765015087771219,0.5242258416194553,-0.4830564975399593,-0.33860517614732855,0.4092863380399255,-0.6654080021758826,-0.429069902490284,0.4514085540933806,-0.9055950877437384,-0.11285763907897585,0.5541498830614975,-1.1562149289168242,-0.32122229779838657,0.5792958097608585,-0.9243418437637901,-0.46216977372316637,0.5477057882101939,-0.6911682290698181,-0.5263457831937806,0.24880646939904372,-0.9591240053559418,-0.13482018815873983,0.3480109031630652,-1.310559367101622,-0.3536025935825194,0.3956532399460747,-1.0066744747310528,-0.4700762702548061,0.38703423468936987,-0.7346093986223886,-0.5067465089856645,0.03278757883219967,-0.9268601212253618,-0.18241637040268494,0.0880782558972493,-1.2700193400045303,-0.3902998688410458,0.17479452699580436,-0.9592393443817925,-0.44800301179964097,0.208815122919456,-0.6897074363310353,-0.43866417871119784,-0.1935356043986096,-0.8156581573259696,-0.23949896668773438,-0.1393599553777796,-1.007199431347616,-0.396872205798499,-0.03789126763034566,-0.8548620688807124,-0.4376921887258423,0.02557321109928487,-0.7152347137263708,-0.4356714212308094
M,0.0,0.0,0.0,0.25662671951306965,-0.056932813505553674,-0.1548294998043152,0.4815285835451523,-0.2736435676464861,-0.2655795609566798,0.4668459411406271,-0.530705024616226,-0.37400759407668965,0.31558140922494304,-0.7484038757922031,-0.47521766038163443,0.4382787055844019,-0.9133984135201325,-0.14956171537334315,0.5353522355245978,-1.2201721302085577,-0.35890182404017157,0.5844721417972424,-1.0535895703747535,-0.5134470463318852,0.5724438586564626,-0.8332941566709251,-0.5892382533134358,0.23878304995262734,-0.9569458563351148,-0.16503721731286908,0.31793921318442864,-1.3454346930467376,-0.3720586578558432,0.4010559671499302,-1.1347361875699977,-0.509312970745193,0.4243851526767009,-0.8917339758971048,-0.5709244489504318,0.03329975343722652,-0.9160202147972826,-0.20344239115198537,0.07129757386266163,-1.2506465318555402,-0.3895805964596002,0.1892827957280511,-1.0503625438894202,-0.4726428031781799,0.2507978303625323,-0.8292052268970409,-0.4949404494726756,-0.18358792433628993,-0.8045164299455486,-0.25310341620959437,-0.14473993664072773,-1.0036292137504619,-0.3911524342174873,-0.028414162541728506,-0.9082951384119331,-0.4418031021835354,0.05629351598581732,-0.7938712302663382,-0.45693900097702883
M,0.0,0.0,0.0,0.26543936464350615,-0.06094887855910349,-0.16706521532410928,0.4787883877326747,-0.2752857851742231,-0.28911753263290757,0.4643730218465643,-0.5126488900007369,-0.4092471875316119,0.3135197234885769,-0.7465096727130276,-0.5239085159679417,0.4395839218101491,-0.9039768519153426,-0.16763879012160146,0.5646364998358663,-1.2216140116629668,-0.39691666936447595,0.61783315353159,-1.0661939374393083,-0.5717825818638199,0.5987783976826292,-0.8346106084673772,-0.6615591931946455,0.24334362228894044,-0.9520057810922881,-0.18565794962284846,0.3401636096206093,-1.3419567551183764,-0.41758038898094857,0.4282787108666758,-1.1268401083736146,-0.5858295811567695,0.4533742194221207,-0.8796407923797834,-0.6701054512964271,0.039022356402885705,-0.9143730466651265,-0.22776565540573632,0.09071950984929726,-1.242445196743453,-0.4337543177126352,0.21431036227028072,-1.0467716445079631,-0.5496926460846877,0.27872557493762384,-0.8192894168136399,-0.5955645282008674,-0.17906074849466427,-0.7985751289440787,-0.2813117724202013,-0.13517120570807523,-0.9758956914472859,-0.43901785072606625,-0.010408063134735933,-0.891546951976364,-0.5187116309549535,0.08601184476871222,-0.786503067192255,-0.5571535212400524
M,0.0,0.0,0.0,0.25214300195048434,-0.05019480462845014,-0.18340614490572407,0.4551432128236287,-0.24346857280668893,-0.3169019246188785,0.4721512817848768,-0.4571320264525302,-0.4447226490995594,0.39101418080103334,-0.6992347469018408,-0.5655122523979906,0.46614495412846196,-0.8750116984372796,-0.1989490319990442,0.5906356049724312,-1.1717760027121964,-0.4409726863600862,0.6592058131981118,-1.031012897352414,-0.6162540178313538,0.6675661340304383,-0.8078590875675202,-0.7038726515168267,0.26716144876722875,-0.9395444492505917,-0.21419847846097761,0.39332141482461563,-1.3038595583293693,-0.4685221817432943,0.48012580592233617,-1.085281812100534,-0.6347405923238919,0.5161686229544388,-0.8363619575983656,-0.7099941926465603,0.05530058065657387,-0.9166071311203419,-0.25532279920906176,0.13493761569306786,-1.1914590455434442,-0.48167693272058326,0.25741573645046995,-0.9798120298095808,-0.5934656687008161,0.33581412558433754,-0.7479642517538376,-0.6288657832054408,-0.16844977889017004,-0.8113564565575948,-0.30902927344730097,-0.12056207353270186,-0.9735304025906044,-0.4805749933310351,0.004469204743962827,-0.8917698013248362,-0.5608497450487931,0.1141882755350705,-0.7933268281329208,-0.5942278967848246
M,0.0,0.0,0.0,0.2635761688659708,-0.06162295077201903,-0.17948457778726606,0.46074658984100475,-0.25827593105974445,-0.302727238540011,0.4744553745559436,-0.4829708845448238,-0.4208752226724799,0.4314696545835426,-0.7341503310472524,-0.5305032173977368,0.48040187026150777,-0.8770378032768988,-0.1649700067973967,0.584573594108644,-1.1775329308144926,-0.38966046389665043,0.6533359232620055,-1.0518545693762866,-0.5597537512350306,0.672087582839011,-0.8358665192088138,-0.6474101990423468,0.2825334744663951,-0.9434550890635391,-0.17339933888586895,0.3983526361561021,-1.2921036921890958,-0.41007408947975077,0.48289215537414204,-1.0920737734389199,-0.5720070643419776,0.5263427846734139,-0.8606634931745841,-0.6475857786669621,0.07485189476564742,-0.9284582679682565,-0.20848994830835713,0.1453750425432917,-1.2024086339509445,-0.41658546698495663,0.2604967723727178,-1.015312289064391,-0.5231031843784603,0.34028865111874773,-0.7981147959473069,-0.5586087168914339,-0.1477708526511078,-0.8325566362813924,-0.2572892406408221,-0.088226759204936,-0.980746653896406,-0.41452564718701995,0.03301277014626185,-0.9105943476606627,-0.49038374826296277,0.14162101850126552,-0.8278700787866357,-0.5221610473243059
M,0.0,0.0,0.0,0.26799387787977735,-0.0629550464381078,-0.1931183719259441,0.46730415626352784,-0.26842922513076595,-0.3267639006207184,0.4957439724996148,-0.49071553116632327,-0.45373173173645304,0.4462123181817303,-0.7542106355711433,-0.5751891696084606,0.47667842999859916,-0.8738072209306291,-0.18833114964221914,0.599423295542005,-1.1719906387138361,-0.42802235122641313,0.6710091637409369,-1.0623464749064653,-0.61456948174136,0.6893070837438788,-0.8426778088190984,-0.7138946377185819,0.28463306095736685,-0.9381208175010497,-0.19726467595898145,0.4198128275431291,-1.3104534292082979,-0.4506487744768398,0.5113428506752727,-1.129411343861404,-0.6391606977023148,0.5570626466924624,-0.8897886601558156,-0.7348170043114816,0.08197988799957666,-0.9215656756126268,-0.23331575889302172,0.1687345657433239,-1.2048450483246576,-0.45973956547341244,0.29384522548953335,-1.0376672587912343,-0.6015982451099585,0.37613266256814276,-0.8154748566298532,-0.6624425380449485,-0.13597808842731662,-0.8254922885563978,-0.2825452122075477,-0.06776789781175217,-0.9842142842601537,-0.4595270662847718,0.05480055068993206,-0.9175742053159115,-0.5616846881590208,0.16094290567465747,-0.8243262691483575,-0.6148433448891978
M,0.0,0.0,0.0,0.25835394083586277,-0.05400179539977382,-0.1844524394663225,0.4585383095545321,-0.26273361983026816,-0.3168279768173279,0.46260376500439615,-0.4827873541551007,-0.44251174436307955,0.3631005100826184,-0.720541161028162,-0.5613416306977514,0.44698614256412844,-0.8980295220024137,-0.20138292800972876,0.5642246729334144,-1.1985296888277865,-0.4400011064607697,0.6261280809706833,-1.0671264432270169,-0.6161799401282638,0.6228179126283176,-0.8484386361847328,-0.7059180203709224,0.24402690873416039,-0.9459635429575084,-0.2135505635884108,0.34644611431687833,-1.321964751327832,-0.4576472446059194,0.4446426157011998,-1.1246334611659423,-0.6271847499765631,0.4883787251612816,-0.8890167579292954,-0.7099782707228386,0.03679387856014896,-0.9073910276380439,-0.25059279723321387,0.0955340937839506,-1.1833869630871372,-0.46951627193390383,0.22972754583733918,-0.9950059758229906,-0.5895006626910548,0.31402150455523886,-0.7827152341587238,-0.6356703609061909,-0.17745397993254292,-0.7884419377115511,-0.2997355994545211,-0.11313828294892778,-0.9261630764110245,-0.46638698074522905,0.01593307877116515,-0.8382087010493675,-0.54949582084614,0.11969246009921562,-0.7480722938374298,-0.5886922287939829
M,0.0,0.0,0.0,0.24705132182235198,-0.08505769092135142,-0.15987257200205265,0.4351496680059487,-0.317431665993052,-0.2720778170966644,0.42702112852848484,-0.5515248710235016,-0.38058382599684,0.30464233083537795,-0.7718770148042164,-0.4829818997612639,0.40171839222556216,-0.9227659322847624,-0.15804374379560432,0.49992880463064715,-1.2164808502807523,-0.3739485314469648,0.5668051994800319,-1.1133850880811484,-0.5351545923682172,0.576188553205028,-0.9105151542975048,-0.6158152089128403,0.20583026780985747,-0.9634234047205038,-0.1716078205970654,0.27992380793358174,-1.3196934817822903,-0.3881965033106981,0.38095984851800424,-1.1607770542094376,-0.5353985470528639,0.4319807528907476,-0.9407094964965305,-0.6051818328479083,0.005843465096707919,-0.9112821257300158,-0.2091983889782775,0.041339520616960786,-1.1854266268852636,-0.40545289466228945,0.17107935392084314,-1.0243165705016193,-0.5031335017837486,0.25980005887400104,-0.827545936436913,-0.5360837565620115,-0.20404448357893645,-0.7812374738595853,-0.25831913560337216,-0.1623347881001546,-0.9332487625860412,-0.41079490659531687,-0.03802338745171512,-0.8697101975946301,-0.4801299826444185,0.07157752241853127,-0.7930953154239391,-0.5083951161559922
M,0.0,0.0,0.0,0.25628941176810766,-0.08597881988732758,-0.18909854251663172,0.4321673175128904,-0.318616836250447,-0.32473180846224947,0.4194099295432727,-0.5359438104516805,-0.4553188169525152,0.29725577972576517,-0.7630174327778453,-0.5797191100863758,0.3869322951305186,-0.9351298233860426,-0.1984892703603867,0.48449327260065767,-1.2387010562971459,-0.4442913933289643,0.5427653227521955,-1.1118404107171405,-0.6311987134884669,0.5445973815053826,-0.8880218646718122,-0.7282852190633117,0.1832141039222073,-0.9600338245946081,-0.21158366609507465,0.25048161033088173,-1.3408506746925741,-0.4658404800795645,0.34870432678561886,-1.1629418965165201,-0.6492218104599735,0.4020081584956321,-0.9323634199775066,-0.7422114668879944,-0.019571335263690256,-0.9035359675329431,-0.25105737201401823,0.018351511154697027,-1.1919495819215897,-0.47960756415028033,0.1586509261617862,-1.0222959511266019,-0.6129700341489014,0.2514556380902008,-0.8077011387257966,-0.6676477772043936,-0.22218583184787055,-0.7672886088713737,-0.3030919416343397,-0.17368856633645363,-0.9335379867672563,-0.47792561105124093,-0.0448250521209552,-0.8536021471139271,-0.5696271260533168,0.060302524424575274,-0.7500974635294204,-0.6150936774486512
M,0.0,0.0,0.0,0.24051856145251452,-0.0843272043197145,-0.17098488992188254,0.4208410855331509,-0.29630118899994307,-0.2932447151332469,0.4123117140375091,-0.5269441583861035,-0.41041268301212586,0.30152624839447484,-0.7497349143638883,-0.519357019013823,0.40357877727807095,-0.9191369911883706,-0.1796710158108454,0.4887582397612228,-1.2222695640698389,-0.40277206518423897,0.5496729578335083,-1.097859197197751,-0.5633756243296283,0.5548886158816685,-0.892408441156867,-0.6419659834617066,0.20302507810275378,-0.9604488574818111,-0.19057494542372172,0.2741614100175706,-1.3289257494676543,-0.4184359160511989,0.37095493020029313,-1.13205111050576,-0.560966921044669,0.42097622988724276,-0.9003862669987077,-0.6218264062070213,-0.0020417896279561355,-0.9147113073839358,-0.22537952945872916,0.03367288064374318,-1.1839050198638974,-0.42586147808083524,0.1593289259100692,-0.9868418316775502,-0.5088726897699073,0.2474346880256393,-0.7767050267674401,-0.5268656262697419,-0.2151562098527629,-0.7880871845898445,-0.27328981884070536,-0.17690879075370122,-0.950718202838686,-0.4182394017971813,-0.05648825082231986,-0.8788950503417211,-0.4724935271136925,0.050313133147235026,-0.7953980371363217,-0.4879555101821732
M,0.0,0.0,0.0,0.2524153868296622,-0.06855052742161764,-0.17792366637789384,0.4403098520155726,-0.25412439392884134,-0.3061366936254784,0.42041203174206754,-0.5018760301324714,-0.42646027241384465,0.28923054659029135,-0.7038262230115846,-0.5418747342798016,0.407561444592953,-0.9003556714354531,-0.18820379448149843,0.4872822079823311,-1.1414137628337744,-0.4186662275977095,0.5980529849980477,-1.008435180168764,-0.5896862376735188,0.6705503344349255,-0.8229178294994732,-0.6793291126098315,0.2178231833610565,-0.955744907265612,-0.1977491669421193,0.3189130361381996,-1.2487641376579806,-0.42432679953188146,0.4385345117732798,-1.0709403702595792,-0.5605486748962889,0.510504910721263,-0.8474146592513315,-0.6205609328026082,0.013789731789317113,-0.9133784594240906,-0.23370582658128627,0.07582594655831901,-1.1777868785286945,-0.4298569273401205,0.18995463994473313,-1.0170048915938983,-0.500912957076854,0.27313467674748626,-0.8237780376993706,-0.5133053812064828,-0.20440544783832054,-0.7915117395609007,-0.2855401863555576,-0.16069986650362142,-0.9709492596649701,-0.4302217264606738,-0.050433354041854464,-0.9285249693226536,-0.4795545141585587,0.05371578329568863,-0.853917164604473,-0.49059281350466616
M,0.0,0.0,0.0,0.2720135806812608,-0.00037166916331452795,-0.19068524899296851,0.5041340166550281,-0.17029600558042754,-0.32615890446301427,0.537950019911043,-0.4199146257630429,-0.4545566803261237,0.4569275448336204,-0.7012101178511548,-0.57682605244372,0.5846176415719019,-0.7934656973165725,-0.1949917199809753,0.7298911960478218,-1.1067971077471943,-0.4400702084864963,0.7948174510509217,-0.9939359093625902,-0.6271389421447362,0.7891041246219479,-0.7654095843243317,-0.7225546912659285,0.38589581737112133,-0.8995327833957869,-0.20475641560572055,0.5451951843029305,-1.2874532860656285,-0.4577647812787145,0.6275368745313479,-1.094709585041119,-0.6378399986191338,0.6488375849121896,-0.8290469187195596,-0.7239741869647611,0.17012349498764381,-0.919738963153796,-0.24073849622659382,0.2818395315916957,-1.2195864968443957,-0.4594086810006804,0.39319624125370545,-1.045805496784708,-0.5881616814197841,0.4515137977755296,-0.8168581336980455,-0.6399390878767741,-0.06982751937336001,-0.8665633443170425,-0.29046881204567887,0.013980370641204585,-1.0382197992877156,-0.4591673064232976,0.1297891158696645,-0.9682032195248659,-0.5509288814696646,0.22653109276757466,-0.8626474941133664,-0.5955314251076392
M,0.0,0.0,0.0,0.24917286274581876,-0.022779268446274776,-0.15906040109629738,0.45361345324687535,-0.20507286142553174,-0.2741477745591695,0.459061996520915,-0.4489192562909136,-0.3862792648637896,0.37849900396600045,-0.6873492190183992,-0.48916563398066293,0.5434704966649616,-0.8196529383173264,-0.1632590814240142,0.6694265608778359,-1.1181851287973876,-0.38864377898895563,0.6994969148976806,-0.9724844311944288,-0.5482160893338991,0.6611888602412637,-0.7514316353650056,-0.6232280019186799,0.3458563090979132,-0.9206230886539107,-0.1812085596612427,0.4731070359362028,-1.2915491721158932,-0.41099959841367084,0.5275287771668935,-1.0799354580248675,-0.5480273368910731,0.5314622586538068,-0.8218447223950768,-0.6010812034328481,0.13332517188583382,-0.9245180898537101,-0.22469276028339252,0.21541291264497583,-1.1956037511325146,-0.4239735589407397,0.30225310155333135,-1.0066793412303043,-0.5077395378079679,0.3476769574409822,-0.7936418565160638,-0.5252649865020639,-0.10032116039081146,-0.8490972578730214,-0.2804929085229633,-0.04153920455817872,-1.011006383170941,-0.4249092933708339,0.0691035630523912,-0.9374899273304554,-0.48200926258465293,0.1671584999134836,-0.8446677787542743,-0.4987059255087024
M,0.0,0.0,0.0,0.26094929637130543,0.0057443071090219925,-0.18262093691230732,0.48430051112647743,-0.17406617846478875,-0.30975821643729745,0.477139988307681,-0.4190174525347235,-0.4325247775780721,0.36702955464597764,-0.6763258234197668,-0.5477180569806304,0.5577451173599355,-0.8100078313396624,-0.18380650415389352,0.7078469588238955,-1.1043183167071036,-0.422809709397834,0.732934594566478,-0.94404328519514,-0.5993171440738406,0.673599452802753,-0.7101666504401059,-0.6853747441415173,0.3566045208579417,-0.9135820822698493,-0.19545074739986124,0.4876077166353362,-1.288418792856831,-0.43494694960029884,0.5360757469729427,-1.0614021978316275,-0.5963401457005179,0.5235638148970633,-0.7988075403733508,-0.6705814914913638,0.1437966956398767,-0.9273902529948009,-0.23382699104427612,0.22792804238049233,-1.2059722591195436,-0.44320493150672835,0.30983062606554235,-0.9815185524552169,-0.5503360361596392,0.3347119499030662,-0.7359287518212301,-0.5856173985642195,-0.08735937819815522,-0.865218086095239,-0.2854746161544428,-0.022208591613639337,-1.0411093210194469,-0.4370216204962577,0.0753500527279198,-0.9212543991268659,-0.5037828424130247,0.14210458673420845,-0.7841227804931791,-0.5302368723100507
M,0.0,0.0,0.0,0.2383281600855349,-0.0418513845425714,-0.23228506963207485,0.41157150928232744,-0.2100657894690721,-0.3988259774679261,0.43396435374671555,-0.4088485953818283,-0.5524917238114184,0.33720045720565767,-0.6368200632644058,-0.6942855288535479,0.3895486309314836,-0.9087285128312277,-0.24617606528582583,0.48890255237582714,-1.13464793345703,-0.5185702673853619,0.5189818589463026,-1.0122880958234808,-0.706902251388801,0.47913088629078027,-0.7733196047316487,-0.7939251485364768,0.17002518133133282,-0.9560459075274315,-0.23888838484383731,0.21267009928428696,-1.2241989979077106,-0.5223102932260726,0.29092848216504813,-0.9864725078282973,-0.673953446752754,0.3316526692075862,-0.7202929632163014,-0.7267391450517532,-0.04052721252299959,-0.9111884008762953,-0.2633265108899698,-0.010862561561186599,-1.0716658878151237,-0.517661275191404,0.09571834583122577,-0.8019138046784318,-0.5909706896505416,0.15405792615035785,-0.5447861762770282,-0.5868182361232125,-0.24195089238334008,-0.781130699417963,-0.3054408557608538,-0.1936774570217784,-0.880223691874681,-0.4928653874576302,-0.08374156113955623,-0.70216291994754,-0.5389533951118112,-0.008816280690878373,-0.5355112057535586,-0.5339822785239853
M,0.0,0.0,0.0,0.2368444068384306,-0.04438217861378564,-0.22409695517552064,0.41381899938276523,-0.20700528753404876,-0.3847223105017172,0.43008050171846135,-0.41013967684343267,-0.5315044641872203,0.33464738053911924,-0.6372091592990209,-0.6639428285750201,0.39656440729635073,-0.9102888876629408,-0.2359902319373248,0.4923620308858383,-1.114834077356208,-0.5040403160874045,0.5214804917578538,-0.9970725427061509,-0.6843910225472476,0.47909414315654275,-0.7519185242148938,-0.7638983226802368,0.17201488193244097,-0.9582094131075197,-0.22857296652472037,0.20994895422521292,-1.2162831184568421,-0.5042698743584093,0.28668499274260595,-0.986384210494808,-0.642806709660568,0.3247432175557566,-0.7158869067196898,-0.6845399534067775,-0.042320751208716,-0.9094132994047237,-0.2527283260647478,-0.004489313404954592,-1.0243201085599385,-0.500911040074151,0.09640690990798477,-0.7594636588987497,-0.5619899395095928,0.1501705589613538,-0.5183785045207445,-0.5483624398318263,-0.2479724893635519,-0.7721206953618122,-0.29423396772462235,-0.19007072725961888,-0.8361260144602456,-0.4753060498845441,-0.07561488387695625,-0.6638581326438396,-0.5125074984153859,0.005190540402933934,-0.5139799580844702,-0.4997786699749406
M,0.0,0.0,0.0,0.25160209274519074,-0.03929793870763369,-0.26044276227655433,0.4182002058609694,-0.20189067432827226,-0.44309036280198966,0.4334162299772777,-0.40765111402339166,-0.6080349520876652,0.33981599956707836,-0.6490752986628756,-0.7594812158625497,0.4160573493683332,-0.8963568180509641,-0.2757875981077115,0.5048937251023657,-1.1136034861703163,-0.5641635042568678,0.5316239715778611,-1.0114390923670369,-0.7640251464884031,0.48877727342731414,-0.7616027302737768,-0.8572539290730056,0.18993422702492452,-0.9467585774676054,-0.25994842833908544,0.2274871664381173,-1.2189047852508366,-0.5619088700947088,0.29788451822392975,-0.994691588733746,-0.7306065283320622,0.3384394110203855,-0.7251834131793714,-0.7933851062403867,-0.025772774671939534,-0.9095036678241858,-0.2780802452605543,0.013996175195987061,-1.0396913109853796,-0.5473335373576383,0.1105378815261989,-0.7887270045884407,-0.6387498447008109,0.16414837971354876,-0.5338593929214548,-0.6453860578707745,-0.23437803198336124,-0.7884724182365919,-0.31578408122643137,-0.183706896966216,-0.8672827397573585,-0.5118107524395179,-0.07817187493819967,-0.7033629331636491,-0.5693888627191921,-0.004272508298973124,-0.5395133755010515,-0.5733813656451905
M,0.0,0.0,0.0,0.2453678101474201,-0.044187431529694274,-0.23110079323645985,0.4216232806069313,-0.2072348456479008,-0.39314923150080405,0.4547473746710043,-0.4103062893967308,-0.5423328666622688,0.3560694761964043,-0.634750302349676,-0.6778737799960058,0.4052535173516458,-0.9049951639457045,-0.23059544681770192,0.5010381283633893,-1.124719424270824,-0.4982506407917087,0.5286848044825386,-1.01639741003559,-0.6828903628763887,0.4934849421188814,-0.7829916679030617,-0.7657758108542855,0.18450066736165763,-0.9583689743331331,-0.21791836264702757,0.22582645222823508,-1.206941997494176,-0.4980330443751661,0.30125917350079723,-0.9809293918941395,-0.6418151335927493,0.3437631826476785,-0.7134942333149886,-0.6857495046428594,-0.028758982066662206,-0.9206167541238137,-0.23784755107718764,0.01478745959497374,-1.048206169687154,-0.48821401431847145,0.11028914912237896,-0.7789458643096898,-0.551721944393335,0.16215923050218245,-0.5219316031247805,-0.5372430155549889,-0.23379307825600731,-0.7992466014226256,-0.27621571218810476,-0.1688564012770683,-0.8746666663752919,-0.4589227087553567,-0.060727791430242574,-0.6924879063678595,-0.4980796815956156,0.01256983504322361,-0.5217860554459783,-0.4846552153677585
M,0.0,0.0,0.0,0.2344706979308802,-0.049860081818711766,-0.22737183458092183,0.40533520254603433,-0.22084847158172827,-0.3865747106304677,0.41637929989254396,-0.43332784246180067,-0.531714892618309,0.3226944516393859,-0.6605139619056628,-0.6617627335196389,0.3870924555597473,-0.9156201034818103,-0.23075376732485414,0.4893703203296869,-1.1215282898167571,-0.49941500333824673,0.5109897283514866,-1.0092039985187315,-0.6788399057743356,0.4570572517785755,-0.7630481634975091,-0.7552978652536781,0.16166866824058268,-0.9620427678254726,-0.21985666827280936,0.19281339441318351,-1.2128371790851675,-0.49555489369247224,0.2673075107134864,-0.9843481569053826,-0.6290289167402822,0.30578004338214665,-0.710708797209024,-0.6647923184520711,-0.05254035017198528,-0.913902844464101,-0.2417957065657295,-0.0168884450932724,-1.0265982640348719,-0.49111964065811115,0.0799390003415647,-0.758990002356043,-0.5452274674323316,0.13054436993810808,-0.5105151428010053,-0.5236086195295516,-0.2586681031626117,-0.7809153012588943,-0.2816159514918798,-0.20079686964394008,-0.8574059453304388,-0.46174156282147644,-0.09030489239988311,-0.6804075443835712,-0.49159923433159114,-0.014150056154671967,-0.5185141695715999,-0.47067130971356475
M,0.0,0.0,0.0,0.2516394057046823,-0.0533753847547977,-0.2829406605423076,0.40691514245130406,-0.21186113483040608,-0.4778050203461235,0.3916998195864184,-0.41638152469532363,-0.6486264568510176,0.27168881858063904,-0.6293483378700832,-0.8057625088922923,0.38077518690023815,-0.8982394126659154,-0.31857825020568636,0.46172581709196536,-1.057720630415651,-0.6277530789006087,0.4730248344044351,-0.9279075128093295,-0.8393187241273351,0.42167240221806174,-0.6808659585031499,-0.9384438464353883,0.15510570107137686,-0.9438263216074303,-0.2917774770885241,0.18043514898515364,-1.137087620016106,-0.6141117659492151,0.24169927064906502,-0.9180671286149586,-0.7831730206966412,0.27881679572444074,-0.6581661320786264,-0.8441263457193415,-0.05857021061702612,-0.900582920111977,-0.30034581457437165,-0.029791194236895902,-0.9591221339780021,-0.591066829607681,0.058133322254149945,-0.6857009414247437,-0.6734391009101396,0.10833632348055916,-0.42701302761277704,-0.6681594485482578,-0.2633105115878118,-0.7758400035706489,-0.33004928035241554,-0.20724236381394373,-0.8161623120705213,-0.5417244665664763,-0.10458112449816155,-0.6252840642881968,-0.5929974297163323,-0.03410522764783673,-0.454813924294649,-0.5873733052306704
M,0.0,0.0,0.0,0.19929349243353425,-0.07272283657239373,-0.21875955678904027,0.3424830426435651,-0.2690184345600592,-0.36378228917095784,0.24511151003764817,-0.45074429187276943,-0.48485759517368304,0.07280183247347063,-0.5694764477897183,-0.5902866767744861,0.2544972763642662,-0.9585312605935062,-0.2362997243767607,0.29168104198067374,-1.0656462792980845,-0.4852525417641088,0.30539183389125274,-0.8682213032446895,-0.6402417755479155,0.2842838658038318,-0.6329351717231524,-0.7060111954177668,0.01407009160064379,-0.9757413076021221,-0.21847410180900298,0.014734315468865486,-1.0829266326586588,-0.4676076881499821,0.07676216031412646,-0.7768820293048406,-0.554149870167018,0.12477665894768387,-0.5376942902291149,-0.5587289334028587,-0.21153535556358807,-0.8906284905851554,-0.2317204307362085,-0.19107857702071113,-0.8505396507066444,-0.4568535153269592,-0.10123943524231278,-0.5355758834819023,-0.4530385728592437,-0.03824073077281658,-0.342912253706083,-0.39393739448904713,-0.41221351448316546,-0.715246004128921,-0.2620485535351357,-0.3782168384957059,-0.6897084725484475,-0.40523397291783936,-0.27775709279702226,-0.4767660683268445,-0.38335322742813355,-0.19904412870580146,-0.358380441095953,-0.3270108821581718
M,0.0,0.0,0.0,0.24300533666592886,-0.08977205099880196,-0.3218978027817021,0.3691485156357501,-0.2540142238068291,-0.5335575011040996,0.275589975795525,-0.4422809955137962,-0.7041743081785848,0.09820389753005045,-0.592050880974689,-0.8580548562772022,0.3003843156435047,-0.920419186695794,-0.38460825064841664,0.34529696376219576,-0.9868863176453786,-0.7026943654535373,0.3484395903436138,-0.8709555175599795,-0.8987170730068957,0.2951830660878502,-0.7134387392619649,-0.9901401604661287,0.04096034665929813,-0.9421684197743205,-0.33262729710820466,0.03549272622259436,-0.9658420052254465,-0.6592641921024893,0.09266769491104501,-0.6929969082916195,-0.7787491118631165,0.1282802229204448,-0.5238932137001833,-0.8022571740725691,-0.20739657054838526,-0.8476268686544383,-0.31793949676415406,-0.19059234431484606,-0.7487310723991419,-0.6147642669268689,-0.10717340522044025,-0.4412809110326377,-0.6181111931737088,-0.05356311844204466,-0.28804950631143894,-0.5546188867255331,-0.4392970918310805,-0.6779198244845254,-0.3274321606268165,-0.4100114871712317,-0.598380119334613,-0.5208376404373286,-0.31281722354012853,-0.39419736193661714,-0.5107517551665716,-0.24117126969787844,-0.3055741348354422,-0.456748314517165
M,0.0,0.0,0.0,0.24008959217091289,-0.06674726762533716,-0.2773245248452409,0.38313340553593755,-0.22508040244443564,-0.46906944149682295,0.29926963385570327,-0.4179054204928689,-0.6285925984166342,0.1261604993616002,-0.5621024048449376,-0.7705029158098096,0.29575115911270117,-0.9365266743944568,-0.33192256548336463,0.36556254148384104,-0.9855089848917565,-0.6349700869431834,0.37456003348073474,-0.8250010966246316,-0.8232141161643811,0.3348390246695966,-0.6053553003065418,-0.9052282466251614,0.058248040643472984,-0.9522596010142731,-0.29968119400011345,0.08074778068858035,-1.0150450417857235,-0.6116380494707361,0.14382549982080234,-0.7751379021672923,-0.7333440874340063,0.1898371993422605,-0.5454526604752725,-0.7556623238823488,-0.15764014409098348,-0.863500356582259,-0.30100685350461287,-0.12046828339000291,-0.8008260068933875,-0.5841857728034124,-0.02376969584903113,-0.4951230859149878,-0.6029461844783633,0.040842421413526966,-0.2743911781471739,-0.547668754810732,-0.34853258219031524,-0.6964421433207001,-0.3235715021207487,-0.2834957123489216,-0.6485434137245465,-0.5200637595367196,-0.1818811546126873,-0.441063735805429,-0.5253930948422161,-0.11030420849860113,-0.31348486396579894,-0.4791236589480776
M,0.0,0.0,0.0,0.2509605356556768,-0.07287130329789895,-0.30291247981189046,0.39173730694562175,-0.2339973487567344,-0.5102252202645925,0.303284064504765,-0.43145413760122137,-0.6811759645209714,0.12219855629193292,-0.587549379185055,-0.8343813029685008,0.2974018794828214,-0.9282150004285304,-0.36190081198977103,0.37670600305266416,-0.9745535661093985,-0.6753524908494267,0.3903995934562596,-0.8385421328606786,-0.8689153592128618,0.34748385956395667,-0.6340072314191145,-0.9549785437896884,0.05990408279855911,-0.9455198048447602,-0.3200059366799153,0.08742998747676065,-1.0183596889165953,-0.6484007858407732,0.1604337574269203,-0.7877510900760856,-0.7802160882560475,0.20707786176802775,-0.5700746979363784,-0.8081579648488103,-0.1593476640106965,-0.8657639633340928,-0.3128425195527518,-0.10937258917756654,-0.8202968817795548,-0.6163030509394982,-0.014767835043888372,-0.5100173798446012,-0.6413783225508771,0.03695260442355073,-0.28563724317430644,-0.5863663197563092,-0.3618160856769938,-0.7121351309962707,-0.3275964422698449,-0.28038264387975664,-0.6851494772475907,-0.5388274664170298,-0.1764052417201442,-0.4716531734975127,-0.5466640670890739,-0.11338146941161055,-0.3302980754362908,-0.5004161977970024
M,0.0,0.0,0.0,0.230151305452627,-0.07220396126269855,-0.24061116474880986,0.3855659710629715,-0.25272220234342113,-0.39972434890716163,0.30727163474114844,-0.4608504535166724,-0.5350567829026839,0.1303207949367257,-0.6114494896252997,-0.6526410572476008,0.2780235643054964,-0.9547603655370587,-0.22528997315393462,0.3652860896437304,-1.0272051697841182,-0.4755662079099422,0.3849381663937488,-0.8898699937869735,-0.6338667861988122,0.3516083404535615,-0.6659811526768482,-0.6973906952277521,0.038889444297680646,-0.9803676336279649,-0.19330523546174871,0.06916622318980353,-1.0545948399840306,-0.43750959919893134,0.14216392747757867,-0.8039573920092107,-0.5323829405364378,0.19007145164824896,-0.5867531055569715,-0.54182645956313,-0.1861405988989547,-0.9048695089582842,-0.19476720841860468,-0.12816414305973964,-0.8596858888695367,-0.4273334021887422,-0.0329097859339775,-0.5477983247402644,-0.4346517074124569,0.01964360213876393,-0.324519929015018,-0.37652988465277193,-0.39451666410776026,-0.7418707497115744,-0.21458129376522578,-0.31715849895500026,-0.7403368450745141,-0.3696464500049623,-0.20681003906134524,-0.5322802180350911,-0.35537349606144475,-0.13578022151922658,-0.38534412761029385,-0.2980869692594389
M,0.0,0.0,0.0,0.19033086155417697,-0.0834169002798879,-0.22058790957604968,0.32826537746562684,-0.2931292822565497,-0.365193523813171,0.29534498770094486,-0.4943183216363951,-0.4864293817486776,0.16869157391829745,-0.6445933535229326,-0.5927582095429328,0.215474030230844,-0.9845664208648928,-0.24134203441995905,0.21664728221967955,-1.1052163990631736,-0.47545258295027426,0.2915468099602864,-0.9596330183007202,-0.6187884744961126,0.3295831319834447,-0.7665811673416504,-0.6800757283234619,-0.0061465812820908575,-0.975223009455711,-0.22113864738369204,-0.0018458332434507852,-1.1183947583401068,-0.4645473909215145,0.11420489403941901,-0.8738742272694385,-0.5634519772795362,0.19629549176456337,-0.6589239339042017,-0.5837379953394185,-0.21803789857605466,-0.8708012758362076,-0.23019039095356525,-0.18534287848333475,-0.9587212276953109,-0.4459969635653665,-0.06211085040098539,-0.723237464169505,-0.46777458014800416,0.010258594092736219,-0.5322531526814512,-0.4338284598730181,-0.41219068241790596,-0.6754680487998531,-0.25619816642864296,-0.3929749667751548,-0.7799888311011941,-0.4080963925095761,-0.27813846778511364,-0.6573057769458517,-0.41851037770214045,-0.1903293690397931,-0.5560039411211077,-0.38926014864891995
M,0.0,0.0,0.0,0.23266729802427835,-0.06109665112659022,-0.2257212498708869,0.40119337100493435,-0.2688945617257606,-0.3774512467704265,0.4249715381360411,-0.47366080662953125,-0.513060471394252,0.39406599452357044,-0.7286185652727735,-0.6405609550026053,0.34459326491499986,-0.9322336685589651,-0.2500384881156673,0.4249295524467314,-1.153757774414019,-0.5064962670351097,0.5130999076251986,-1.0808828466138887,-0.6936982607946167,0.5503261318050144,-0.8839047432630457,-0.7885380223385307,0.13018580133595212,-0.9615741922055154,-0.24171621793919112,0.19335442584857454,-1.2425975907291498,-0.5100555732742376,0.3109987349224664,-1.0876527332940427,-0.6837000278841898,0.3860455049812589,-0.8734132124722339,-0.764909454702343,-0.0749171443383994,-0.8957767743884425,-0.2614208560441389,-0.027091367934110835,-1.07721528115807,-0.5062604202382833,0.11898622061959674,-0.8841816585860658,-0.6187120235014795,0.22127300697529892,-0.6744975171163532,-0.6522384116713954,-0.2678083688443952,-0.7336508694451841,-0.29635215127822645,-0.19713585540679318,-0.8451048030522098,-0.4880468176078994,-0.056324821279120585,-0.7599923376404588,-0.5698990398943437,0.059118568068431875,-0.6744706136649509,-0.5998440759413438
M,0.0,0.0,0.0,0.2487353493358914,-0.09792793288706116,-0.19909365721584985,0.4246553784634355,-0.30934075072897627,-0.33720368096918313,0.45234734356171047,-0.526455236888642,-0.4657738391619773,0.3982413639916882,-0.7729937637150933,-0.5862975917435462,0.3587893286309472,-0.9389493921943242,-0.20529178327982728,0.4194321139424031,-1.2005601216820896,-0.4525950767869393,0.5344479462259708,-1.1273715140821852,-0.639662790348062,0.6168421023156684,-0.9400733928101432,-0.73595769435809,0.15882716360165983,-0.9651849019045509,-0.20782694059662787,0.23192155269142614,-1.306406271965814,-0.46863953722197615,0.3642377243504353,-1.131706945028916,-0.6297352907999857,0.450462697462874,-0.8914025659479351,-0.6973732831840443,-0.036852128683477654,-0.9049634099019698,-0.23775197405139825,0.016770894804563487,-1.1414223494681528,-0.4707133445682895,0.17287979231212489,-0.9484264224234317,-0.5610999340992394,0.28523212387278707,-0.7289681990935688,-0.5757890205712698,-0.2337409493681612,-0.7606264461881654,-0.283321280682186,-0.17207527935293776,-0.9089490046236491,-0.4602327768477818,-0.02931147506755769,-0.8247786295931948,-0.5243976859593414,0.09293228262917326,-0.7215443874660631,-0.5390356971702026
M,0.0,0.0,0.0,0.25982525924837685,-0.09988350942130274,-0.207313546191717,0.43291136504341793,-0.3102123502053439,-0.34831366100883326,0.4595474669982845,-0.523753993728381,-0.48052133305941974,0.4111695223089633,-0.7785656824878625,-0.6062552589225215,0.37371480171735566,-0.9323581850309199,-0.20787779484617072,0.4394274251110043,-1.201917856447204,-0.45781133487483633,0.5365198832539962,-1.1256016521681507,-0.6511228857388206,0.6044751422930318,-0.9320274430959615,-0.7534909829592719,0.1724579180930731,-0.9623707958838643,-0.2100017088427151,0.24483796038444214,-1.3201980535963687,-0.4726493559191338,0.3598114318541885,-1.154885631879148,-0.6517006436197494,0.43804424680079657,-0.9218077392802001,-0.7369681064497469,-0.027998747628172567,-0.9107273295229614,-0.2401113468100729,0.023804262870818493,-1.1550099375728238,-0.47743654714948536,0.17213258678540638,-0.9662342612381938,-0.5927230719649673,0.27952563068546876,-0.7354898750763265,-0.6280272069421632,-0.23191363659300374,-0.7754688614005549,-0.28548335854553436,-0.16737595172584954,-0.9254348018420929,-0.46586127309610714,-0.029606536338001775,-0.8339607945724,-0.5452067003048303,0.08419921077497244,-0.7174949611083804,-0.5751878185322565
M,0.0,0.0,0.0,0.25053674347407395,-0.09011267409690299,-0.20510204818352332,0.42143155157352746,-0.2952790138345926,-0.3483733006798842,0.4576635819254313,-0.4947295674364611,-0.4835834548458386,0.43834051515808536,-0.7544826320056076,-0.6128814600758399,0.38282524533621837,-0.9181531950808669,-0.21449712983568806,0.4582857412066895,-1.1683670529654446,-0.4703417674682356,0.5670850987549007,-1.0890899640829201,-0.6670973643205934,0.6422309589760479,-0.8876369508647842,-0.7713537074005588,0.18216266173078297,-0.9582376630124686,-0.2204480570464589,0.266770349887298,-1.2870817006777964,-0.4937826211840922,0.3890186745599373,-1.1050425035689,-0.6759787093966072,0.46717832327017916,-0.8646694019062177,-0.7618807847180628,-0.020305094128527247,-0.9103271311451493,-0.2542291795255825,0.03276591755681897,-1.1451383507283253,-0.49928739376395853,0.18283958354594254,-0.9436130794135091,-0.6152521799525503,0.28713049103042215,-0.7063755239776346,-0.6499703462828649,-0.22746678146509453,-0.7756110132671762,-0.30306263788957405,-0.17489730924607583,-0.9230024530179168,-0.49059266802425266,-0.031020912970061716,-0.8393213184869428,-0.5743373128705175,0.09363127358032443,-0.7285752595388002,-0.606575234256319
M,0.0,0.0,0.0,0.2546357376637018,-0.08954527504286237,-0.20330362844864544,0.42909890424612246,-0.29492862704677125,-0.3446007208984743,0.4707960429659501,-0.5028503364181317,-0.477242636535752,0.4337735481999061,-0.7581284449782316,-0.6025809921185113,0.39012688020259034,-0.9171023201727992,-0.2089111844141434,0.4694550455311934,-1.160954251058938,-0.4622097083347432,0.572950006410484,-1.0869009802394547,-0.6562582266924682,0.6360699789368388,-0.8929143930611722,-0.7576206132866731,0.18730558718178142,-0.958810310234731,-0.21354017420164048,0.26943439823895704,-1.2935373766947502,-0.4829451238970585,0.3935042176516678,-1.117524895465338,-0.656405790667002,0.46962181352563503,-0.8714998405420403,-0.7336305089972196,-0.015984455261760285,-0.9108984936672434,-0.2462924695261057,0.039613538255027274,-1.1401316678077469,-0.48752028531648667,0.19360379180747933,-0.9435464697571718,-0.5935563877891635,0.30214148558718934,-0.7110870202721449,-0.6198287720504939,-0.22237798154706867,-0.7764580751618274,-0.29435154665889063,-0.16070052361647066,-0.9179709986643942,-0.4792262190381325,-0.016203481035282095,-0.8288120885127639,-0.5549785458866029,0.10778309716102502,-0.7142433330162603,-0.5795096823874757
M,0.0,0.0,0.0,0.25175912904935344,-0.08807769556474343,-0.2014673308334745,0.42374127511493814,-0.29198473543856895,-0.34077764258616494,0.46938601054318835,-0.49264269979729497,-0.472261883567697,0.44559044609276105,-0.7497200777361883,-0.5967388749214573,0.3844466201333149,-0.9206582414143548,-0.20138538337310063,0.46093524933649455,-1.1727323030312484,-0.45125330985796785,0.5691016583682703,-1.0962999067405323,-0.6426230947382139,0.6404434219050713,-0.9006757770683589,-0.7429680425434774,0.18405328955610656,-0.961072468251155,-0.20606818622293105,0.2675584581207124,-1.2865307632103062,-0.4742713271337356,0.39016655286741153,-1.1002494917531036,-0.6488246100907319,0.46718021097188317,-0.8592103621191766,-0.7273653873770157,-0.017201760953550516,-0.9114521506849734,-0.23898953642379134,0.03635924043554107,-1.1419630097030042,-0.4796283597782283,0.18931149073761389,-0.9388932468122401,-0.5876087622038279,0.2987307068920365,-0.7066041279040962,-0.6154605493318561,-0.22034697202334852,-0.773031304438061,-0.28696645418766464,-0.16012293566223673,-0.9081550370034479,-0.4724487732284031,-0.015049651097662734,-0.816374729117053,-0.5510603008436218,0.10972750815189815,-0.7061282674790286,-0.5777026564875114
M,0.0,0.0,0.0,0.25619589309079677,-0.09658964010776294,-0.20304942194944584,0.425907071159325,-0.3000488731424093,-0.34343664956862663,0.4705311040874348,-0.5034212269797038,-0.4757539139513235,0.4450644983260296,-0.7599661882741462,-0.6008714879664638,0.3770922452602551,-0.9251480829924216,-0.20442267036635356,0.45248589989202287,-1.1760374341995143,-0.45676608456841034,0.5629843917602405,-1.101302143355471,-0.6506610956390678,0.6376787816834527,-0.9081110159766699,-0.7527258176318908,0.17743623371227873,-0.9618136429527269,-0.20840081380840597,0.2593376479612655,-1.2872845539566011,-0.4776329586693723,0.38600187619387205,-1.1099147489812586,-0.6514870826833711,0.46747679256495,-0.8717489690564636,-0.7298827238664914,-0.021269607133491297,-0.9101543695663337,-0.24104835192884852,0.035113158458274056,-1.131575030427517,-0.4834997726496346,0.19002948619854892,-0.9369912972132423,-0.590109926804556,0.3013821021238485,-0.7106994777187204,-0.6165878078335126,-0.2224836616898205,-0.7733805620055173,-0.28912387605418716,-0.15767008801347934,-0.9092266238517555,-0.4740948527204004,-0.012845004705869184,-0.8190513764315899,-0.550071627549329,0.11078056718429488,-0.7066751091842458,-0.5747301580490017
M,0.0,0.0,0.0,0.24889630159311887,-0.09189738864246075,-0.19901774510011694,0.41662493434076586,-0.30376761238103844,-0.3378092445462467,0.45153434384214386,-0.5082015519866847,-0.46840674343611827,0.412601149342224,-0.7650307024213554,-0.5923285286378065,0.35960137623325444,-0.9351864089930549,-0.20569501711901492,0.4301581086027277,-1.1852084907168319,-0.45349435894502976,0.537215778885242,-1.1093446092133075,-0.6415613436574742,0.6114962563080201,-0.9120208599065535,-0.7395726415014894,0.15815172749281503,-0.9645457798809044,-0.21128054715230282,0.23208285868617157,-1.284567937231684,-0.475714158871749,0.35809305217615295,-1.1069986386237518,-0.6465050690576704,0.44282954348882697,-0.8712061824260442,-0.7234886374436651,-0.04208445437293362,-0.9014973300252457,-0.24430029681417295,0.0046067757791562495,-1.1298865597123728,-0.4781195211217998,0.15755739066385127,-0.9391474405389981,-0.5823914213665522,0.27240741489292547,-0.7174896392404362,-0.6100613516477242,-0.24162096325714233,-0.7490946872534203,-0.2925956270796462,-0.19368460935472043,-0.8875352471207463,-0.47177816567324327,-0.051539494664013856,-0.8128272618021404,-0.5487792433931103,0.07729796598500699,-0.7194027790966669,-0.5758740270752428
M,0.0,0.0,0.0,0.23860220663037404,-0.13791888114755016,-0.15264512683345277,0.40418446545275255,-0.3708785539131894,-0.25517166684797604,0.4284274815478572,-0.5927259760487936,-0.3546920020172524,0.3425987859890116,-0.7922635997385938,-0.4475060369738984,0.28466879942850076,-0.9683519990585053,-0.12779837961937315,0.3250057552096858,-1.2199003458121898,-0.33673027623639995,0.4314431677170884,-1.175198230144807,-0.49542357175642227,0.5184324051157053,-1.01807442368036,-0.5747641591097109,0.08750060375152559,-0.9866258791982238,-0.1375246117589529,0.1371481502249919,-1.282537375604323,-0.3542562431453464,0.2596799191799687,-1.147286601540164,-0.480073030384931,0.3485681997853938,-0.9387477631069896,-0.5275325095556298,-0.10730594346050899,-0.9110008942129008,-0.17318361947030228,-0.062195679370185275,-1.1132905329668465,-0.36642022613514313,0.07022347818451004,-0.9541496008723445,-0.42684588471097995,0.1740294586199771,-0.7677983108467888,-0.42546647362670775,-0.29989142975151595,-0.7495674960614311,-0.22263125934723627,-0.24263520760600285,-0.8848538337730623,-0.3652865306815982,-0.11146355612278791,-0.8292161743490211,-0.4069680285020731,0.009365742129962567,-0.7617844424910667,-0.40740722565630305
M,0.0,0.0,0.0,0.23616315885918365,-0.10707834483007622,-0.21483872811992108,0.39272286173670923,-0.335784555189445,-0.3602652676628589,0.3974740456294943,-0.5466149582260221,-0.4966286231741664,0.3151774519423059,-0.772401995467304,-0.6239398778819454,0.28014362808196175,-0.9767069268146813,-0.2092933329363931,0.3193296211782423,-1.236605746592527,-0.46511211985651185,0.3809354410512127,-1.1749725915591678,-0.6512988351237393,0.40408360415725114,-0.9698376148846496,-0.7404707072988108,0.062373146964092144,-0.9764738147869987,-0.20641821521639508,0.08712645288931631,-1.295077458507601,-0.47240099874708236,0.19573612172981206,-1.117894834066772,-0.6248709384210823,0.26441592034283307,-0.8748408559178599,-0.6820759362285882,-0.13937837513720489,-0.8866224488026644,-0.23445949344457326,-0.12254241396646866,-1.1104765988144116,-0.47541664278019674,0.013606527044376638,-0.8926236959438971,-0.5496344477580111,0.10183152036414705,-0.6511029844056351,-0.5475846576217368,-0.33223403699638454,-0.7084493757585032,-0.2793264127797621,-0.292265731035774,-0.8695503229467402,-0.45594967242202233,-0.15732439358262001,-0.7733458216650998,-0.5025595551249062,-0.05610326596238704,-0.6503531407165896,-0.5003114116293628
M,0.0,0.0,0.0,0.2408126063073252,-0.1264302628970658,-0.1938479609349393,0.39411025625410373,-0.3674327202476038,-0.3266109513532613,0.38764631325361965,-0.5879005007475099,-0.4538797807651021,0.25394364678227144,-0.7785062365014772,-0.5716237348368631,0.268203677366017,-1.0005332899489972,-0.18024314163855926,0.2938197104593706,-1.2920269786855008,-0.4171754767062917,0.35477159574896033,-1.21421521213938,-0.586044861652532,0.38290100721512516,-0.9967443065741608,-0.663756298158298,0.051250081249201884,-0.9820578733189074,-0.18148212756162876,0.048248356105381855,-1.3154476685477756,-0.4347144218858182,0.15123173801085366,-1.1394973247106095,-0.5780747208500914,0.22219791938641142,-0.8890735439849851,-0.6278007971009478,-0.14759532835760672,-0.8791841061398453,-0.2114049211769605,-0.154907642224185,-1.1080984565564735,-0.43873974902284385,-0.017388969784258582,-0.9027076204357435,-0.5113547936375754,0.08084231578993227,-0.667078640495148,-0.5087800254748786,-0.33041038104706094,-0.6993621867951751,-0.25638662678679813,-0.310348253143404,-0.8642293870308253,-0.42204189939571174,-0.1836826858146773,-0.7509104866173654,-0.46495287750484227,-0.08372611156311426,-0.6115379256693357,-0.46038124359766636
M,0.0,0.0,0.0,0.24685952970085095,-0.12333053720924274,-0.198642013803545,0.3997036543564326,-0.36932184224095077,-0.3298968030481137,0.36964049843585084,-0.5885108193111106,-0.45389312128433584,0.2443144060310966,-0.7843953974922682,-0.5685783041302812,0.29351302461452355,-0.9956269091170596,-0.17600169401212545,0.31423599200664437,-1.268215347875188,-0.4178029004430582,0.35169783041192165,-1.1904731384542397,-0.5957606952746547,0.3570757897754835,-0.9725656626460907,-0.6790235510691816,0.06921688405812523,-0.9824133355764426,-0.17341586156650127,0.05442557039325535,-1.3056173608834944,-0.4255289722553151,0.13552212793401933,-1.1356183380289244,-0.5719903803199325,0.19584648246860367,-0.8857514475106889,-0.6242459735413355,-0.1343692168930839,-0.8885950105170567,-0.20082132580026965,-0.14951453187244357,-1.1068617137663275,-0.4287416304550635,-0.028916158654519318,-0.897759711214403,-0.5011125507003882,0.060632283416924136,-0.6573840167783618,-0.49743359822838734,-0.3218147008008454,-0.7215193178648155,-0.24390510116503136,-0.295424274135683,-0.8894655731902191,-0.40951869893595744,-0.17805262152403653,-0.762307585871322,-0.44850825105595155,-0.0859278365526953,-0.6147864087200187,-0.44000042634086306
M,0.0,0.0,0.0,0.2311942561218736,-0.135428668512584,-0.1913195329653482,0.37446793174301723,-0.37165355072677997,-0.31955921385947345,0.36882381466382624,-0.5949386782024166,-0.4395841757968401,0.3495077345998713,-0.8292362177009718,-0.5507843933393178,0.2817383780928451,-0.9807734676300588,-0.18188197292129343,0.29359986732864396,-1.2374228367989693,-0.4178595571319472,0.36623122876682773,-1.208362842182511,-0.592444056844836,0.41408196180263385,-1.0359216866178935,-0.6780796500001527,0.05267506123196482,-0.9824394901988017,-0.17899158086940045,0.07424079781624923,-1.27733799638586,-0.42738871429495684,0.1731897140920481,-1.1230607236760242,-0.5705611248047685,0.24247936240036883,-0.8972448570193304,-0.6252599954116073,-0.1563910086314524,-0.8966963406282902,-0.20471444754355675,-0.1400916265418607,-1.087127923890336,-0.42442490592595045,-0.01389546422030454,-0.9237945858503538,-0.4934546913950478,0.08310193935891075,-0.7212808556441382,-0.4935594398271626,-0.3571194303041548,-0.7264739893142106,-0.2457608333267441,-0.3297409554795146,-0.8874577208538473,-0.4057172340440482,-0.20718976846047288,-0.8210525465064976,-0.4489401621552134,-0.10198779376208603,-0.7299052735499201,-0.4477331204157539
M,0.0,0.0,0.0,0.23093747305898957,-0.18921395671931243,-0.14207860849963944,0.37176952882758185,-0.4817615056326003,-0.22982397158311826,0.3621111319617917,-0.7264634210289223,-0.3133549705195658,0.26559239693144787,-0.9075140651032343,-0.3926640387958757,0.22371446495536645,-0.9957349064010931,-0.11912088028602177,0.25521055325913555,-1.1735265137040256,-0.3096885908824098,0.38136533667233663,-1.1350809871491403,-0.4586444738513939,0.5017307825623457,-1.0538733485041096,-0.5414588946121489,0.014756169783316156,-0.9913066597015446,-0.13074158437426014,0.03448082060971891,-1.2837208029080247,-0.3242155981644114,0.16302045141598803,-1.172724022546994,-0.43342855469528646,0.27481149526931337,-1.0072601016266862,-0.47704068739857824,-0.1926907327610548,-0.8915700262235065,-0.16711047038790147,-0.17997869689714202,-1.1299663181343864,-0.3419739105799513,-0.04055151488240114,-1.0083937562893843,-0.3837224404896549,0.080013598800066,-0.8618085059534091,-0.3766402209527153,-0.3900524283314011,-0.6969848736567457,-0.21687926544118383,-0.3580989700218027,-0.8671541372711388,-0.34847148842216036,-0.2354200811148364,-0.8512594643798331,-0.37555596900908583,-0.11726773011650941,-0.820186806964853,-0.37029022684672713
M,0.0,0.0,0.0,0.2579964136450459,-0.19584990686179474,-0.14378370872364818,0.400430377390691,-0.4962278234792338,-0.23521448826229652,0.42468944165506206,-0.7568900347252884,-0.32344708320569454,0.399304821642701,-0.9543444634303716,-0.4107555986291082,0.2409451623485725,-0.976977724947646,-0.15673073365725848,0.31832486074885136,-1.1527754815567879,-0.366862204048838,0.4780083088675389,-1.1075701775605913,-0.5270509278733541,0.623441422453982,-1.020723975196448,-0.6190171553581616,0.03864612131560214,-0.9842511297423497,-0.17249982871924266,0.10217501228869234,-1.2665058788536911,-0.38463543915892595,0.26973181177793526,-1.16851198112484,-0.5028307814262212,0.4060960536305734,-1.0078143376041173,-0.5575205178189423,-0.16418844054333498,-0.8928505224440321,-0.21215593662799312,-0.12354774465437163,-1.1346225790892048,-0.40989445082295367,0.047784374626206355,-1.0151387582641145,-0.4641029618463418,0.18772541167438017,-0.8586086736590265,-0.4669167054567017,-0.361324821768217,-0.708091464697047,-0.264731247603817,-0.32053180708144874,-0.8718856254814706,-0.4220602406594014,-0.17939918517963355,-0.864832609224835,-0.46722305572778927,-0.04285055741386319,-0.8269272382732946,-0.47557559183306586
M,0.0,0.0,0.0,0.21489640591287387,-0.15330483968497594,-0.13912832517368878,0.3709252965709313,-0.4372448654720885,-0.24022559238248092,0.45558591935000375,-0.6540051519038602,-0.3394393774445663,0.4502826910256217,-0.8268191057175008,-0.43678588025906556,0.18053307651228834,-0.989283533449182,-0.17377702459342118,0.29498217051021974,-1.1342601408986301,-0.3933447377014172,0.4668190944841517,-1.0550919092392301,-0.554184906685033,0.6184308070902662,-0.929303186009378,-0.6423656183005131,-0.01025134285393835,-0.9798232592666625,-0.1996028320684498,0.11176079452635754,-1.1877091692570398,-0.4247964207968499,0.2975592134435199,-1.059836987256493,-0.5483911957742024,0.4474375118310143,-0.8940578083701042,-0.602865545179581,-0.19048880247316358,-0.8642706711624956,-0.2480932405587073,-0.09060657772384176,-1.0262180361335664,-0.45685381170047445,0.09497786578877489,-0.8881836232306003,-0.5186067932896569,0.2466421384381506,-0.7495929276362653,-0.5239222278169791,-0.3487312179988185,-0.6599937952086387,-0.30847417490183116,-0.26024371714605415,-0.7791247350905695,-0.47337707514818916,-0.10629028119118974,-0.7595080996551319,-0.5230566546172317,0.043215828057475265,-0.7393685318095827,-0.5322924147063283
M,0.0,0.0,0.0,0.22479366652464686,-0.17721721416228273,-0.1209278681369789,0.3808139886466988,-0.4788727273333044,-0.2271517109073095,0.4849121485520355,-0.703579298017132,-0.3363110794034331,0.5951780446715349,-0.888480274927623,-0.4432910869829349,0.16171089422434676,-1.0006750877570303,-0.18158592948912486,0.2989143229510138,-1.1889902682029503,-0.4065955017127544,0.4932414451792568,-1.0842465744186005,-0.5692153714469342,0.6467411112023056,-0.9355753713996842,-0.6576526395845389,-0.011604007091391744,-0.9756282801006946,-0.21912281051315438,0.15031531167181383,-1.1919224172183371,-0.45060873863823436,0.376452443184926,-1.0542655777909349,-0.571156514177278,0.5417358970189186,-0.8800736632759312,-0.6243532681340032,-0.17292227140231287,-0.8545799654630928,-0.27703423815524125,-0.037691540182543025,-1.0498905254875377,-0.4897318002659533,0.18776396158169795,-0.9037574443111042,-0.5426342564450441,0.34994223910156386,-0.745035986740758,-0.5417630651602723,-0.3213082006110594,-0.6454290845521039,-0.3454441786551667,-0.23288414821935446,-0.7989287505751528,-0.5151704809868305,-0.06338458034763082,-0.7721635466369857,-0.5584536207252828,0.08786340202600372,-0.723166081385106,-0.5615947182518329
M,0.0,0.0,0.0,0.2215253491105378,-0.1324472584534241,-0.1402059084774382,0.3871763226691433,-0.3688420622021917,-0.26185808914032943,0.4880057674142161,-0.5494770851443348,-0.3825366076853667,0.5639387173066157,-0.7076596270469702,-0.5016343085710495,0.219538141409551,-0.9706195150183258,-0.19810102754552833,0.381490625737238,-1.0716892716851767,-0.4364167537994673,0.5594412105966483,-0.9639878496986826,-0.6120448289800756,0.7001727703535191,-0.8208023895231689,-0.7097276368363402,0.044690602496616064,-0.9716845720629523,-0.23201690124498792,0.23078909844299877,-1.1380417638264653,-0.4772402892069938,0.42916361265438757,-0.9901808380423883,-0.6125837051524966,0.5801725235007469,-0.8102327094853556,-0.6739497530038374,-0.11882756062578784,-0.8686167099595316,-0.2876581410901976,0.05194040535418501,-0.9843037004771451,-0.5168149104123482,0.25281712953370916,-0.82330325131783,-0.5889913434405435,0.407198271630228,-0.6706601295251481,-0.5981016818664182,-0.2623337737403742,-0.676605349850839,-0.3541869911740815,-0.11162584262213242,-0.7608581029481729,-0.5309639348502965,0.06492511347546795,-0.7095279707866474,-0.5848002091525905,0.2239725086618096,-0.6662369970518413,-0.5956482870128282
M,0.0,0.0,0.0,0.24821279611181465,-0.11335521686888986,-0.16319906088531935,0.42839189525240345,-0.3359073778903916,-0.287908912186784,0.5282816418588852,-0.5332770132845667,-0.40928799239361346,0.6067546437469908,-0.7383150126203587,-0.5266089876639696,0.3428398487753541,-0.9266391892255128,-0.21492906521725527,0.4669172810754747,-1.065927482148782,-0.46605563896050395,0.6092650092485093,-0.9466769778431011,-0.6495295928218358,0.714754801973763,-0.7784759748545212,-0.7490593032268716,0.16084695821216682,-0.9578040158853274,-0.23820101424602136,0.30810164827514824,-1.1451003153092294,-0.49968415437681923,0.469197781784083,-0.9946968498340562,-0.6490805072788045,0.5888668354444657,-0.7903088932425869,-0.7170214905658455,-0.02660917634607663,-0.890871250290671,-0.2860526900034497,0.09606021776913294,-1.0193468243369181,-0.5234217657365667,0.2671459308460657,-0.8449897257811299,-0.6031542545238818,0.40221057452794795,-0.6596005131056936,-0.6157118984482988,-0.21557315880194208,-0.7345129372704222,-0.34708696913206133,-0.11975397334602257,-0.8369988996907543,-0.5327303010585664,0.03734232664093768,-0.7827152120929983,-0.5957414639375398,0.19456123669456155,-0.7152077845160667,-0.6108451279986102
M,0.0,0.0,0.0,0.25245022183690186,-0.06697628885142753,-0.19318916045074136,0.4341789492836189,-0.2474105098840084,-0.33709249161711036,0.5200208278511091,-0.4165721640690171,-0.47609685875555585,0.5287950098025848,-0.6523004089327248,-0.6111418712951234,0.43185707664109885,-0.8824391823210842,-0.2342000474063575,0.5509404318740007,-1.0873644161214762,-0.5067182394589324,0.670197553059504,-0.9713082335542255,-0.7100092681393573,0.7347066649804603,-0.7651147080308225,-0.8168394398288097,0.23306108728950967,-0.939122085454398,-0.2524524474098321,0.36720465774199135,-1.2084953883949832,-0.5419492551409205,0.4975555865479654,-1.009193455504677,-0.7231056909140015,0.5681926945990995,-0.7671796767003153,-0.8069530059824495,0.024811331326988945,-0.902593785849333,-0.2978786529460941,0.12893159052933675,-1.08607789894654,-0.5617760501982415,0.2809825413213229,-0.8537291022644616,-0.6725082162457526,0.3804390821406305,-0.6182567627188812,-0.6987734018593603,-0.18968962981399817,-0.7812519725600616,-0.3571192361101924,-0.11443411734591176,-0.9161535220816499,-0.556209922281181,0.02551113874816998,-0.8433143799759968,-0.637969299617436,0.1519673134441104,-0.7526679726845652,-0.6664090562758125
M,0.0,0.0,0.0,0.2571020713497719,-0.16086518537416883,-0.16283297805607966,0.4327119360903747,-0.39647570515332636,-0.27048194004157405,0.44607448129668187,-0.6341301000781214,-0.37518722013404715,0.339067236385896,-0.8255099218598624,-0.480361650937326,0.3001785637397129,-0.9590381101560345,-0.1460912183714208,0.34113355701620257,-1.209791850258577,-0.35334395583491335,0.46972828122374793,-1.182748247730183,-0.5216887315638353,0.5972819624756908,-1.0736909818862905,-0.6184747302893776,0.10356921123823448,-0.9816383083444093,-0.16018629802269707,0.14936468016686488,-1.3126615105579595,-0.38118871520150954,0.29045405750684744,-1.2012383837466891,-0.5235711795853576,0.40572257681659746,-1.0042622880582075,-0.5906233575210486,-0.09873367893688396,-0.915271018300294,-0.19874022565793784,-0.059047790772723444,-1.1802107055259017,-0.3965551211328686,0.082522962050965,-1.0473605579124403,-0.46749036791630516,0.19333912554764326,-0.8489486192255167,-0.47767383754922627,-0.3111405109190351,-0.773365587267701,-0.2527997913716254,-0.2651825794347049,-0.969358490565233,-0.40176674890650116,-0.131118104379833,-0.9337928184826725,-0.4499669241874354,-0.007556913713397299,-0.8486346496483008,-0.45895704221878536
M,0.0,0.0,0.0,0.21950287388810164,-0.1806973062121264,-0.18070865671407307,0.3570910629890294,-0.45787658766934136,-0.2919433938860487,0.33412895695153333,-0.6817243750162543,-0.3944584030242942,0.24687050858878593,-0.8730629014851966,-0.4909906199489764,0.19449611034502068,-1.0063892954011264,-0.1515353945827896,0.21203328566631818,-1.2187281285247014,-0.372486919825284,0.3099890168461531,-1.214466463415249,-0.5411800416920458,0.40409490209477117,-1.1037211842629522,-0.6294508029905533,-0.018434046210095027,-0.9880338148207388,-0.15313186053562428,-0.0027409519026455526,-1.2802714219215408,-0.38727130636926144,0.11773814049845421,-1.1811446206022072,-0.5249792625290521,0.21963281935842924,-1.0032190941970984,-0.5799419690223805,-0.21678481528152982,-0.8722595549138822,-0.18358290353235246,-0.21126115722601332,-1.0999443107129703,-0.4048354723663277,-0.07034550558609662,-0.9501963994326997,-0.47324935609620344,0.04681379873322069,-0.770482204196285,-0.4721016995549619,-0.40108950660736487,-0.666489406781371,-0.22856666941067943,-0.37780897563357063,-0.8227769962059757,-0.40207787079381035,-0.2522216864704742,-0.7771985249319152,-0.453753405648484,-0.13755632059218872,-0.7228553032258093,-0.4571844083219882
M,0.0,0.0,0.0,0.23358439506065035,-0.15986800871493945,-0.24881505065231208,0.35025264311375415,-0.4018700148447036,-0.4125253357849362,0.33706942959488645,-0.6236465382749231,-0.5603045563930099,0.24035295559381156,-0.8500914686278118,-0.6989287955909682,0.17340021964453095,-1.0038366627401825,-0.2486707366977514,0.18466596181948677,-1.2578103376256846,-0.5253664784838445,0.27463401943809157,-1.209263186261947,-0.7302812146771126,0.33913634535673814,-1.0204465221925532,-0.8327278182432211,-0.031282732914847254,-0.9715843666723829,-0.2346171542304674,-0.029790051348634577,-1.3122486458590432,-0.5307819186448001,0.10526338533743738,-1.149310416776892,-0.7056247112806996,0.20305580878730223,-0.9051907568057229,-0.7737578315100094,-0.22019646661038406,-0.8552194139881224,-0.2532498641150528,-0.20806817708302244,-1.0739038102872536,-0.5195078984829197,-0.04766722968136081,-0.8841527094276749,-0.611745037300703,0.06358022742076014,-0.6546906889050222,-0.6160091762991895,-0.40131768741294116,-0.6564006754968155,-0.29033198785055203,-0.3743740045569632,-0.8224904569545939,-0.48263931848236413,-0.2343385417021495,-0.7416723761836672,-0.5396642930406408,-0.12895718718222718,-0.6256554137025959,-0.5431606251454408
M,0.0,0.0,0.0,0.23093521425305596,-0.1613235080779335,-0.276199597614538,0.33489494707761014,-0.3981035866839742,-0.45751595431070174,0.31714230052614545,-0.6022207982425218,-0.6201361566873016,0.2191626571242139,-0.8157490365622346,-0.7758880728533424,0.18034790836962183,-0.9975342328090505,-0.28808725557397924,0.17395318599753806,-1.2328923621347254,-0.5852777228898132,0.25736153053895816,-1.2036562603274374,-0.8113147096317365,0.3285089370285248,-1.0387106346400943,-0.9312764029201664,-0.024848772279310566,-0.9626395385686601,-0.2696435745582083,-0.03538761538806301,-1.2758540539278025,-0.5929816251783816,0.08769505287420415,-1.1175586302813143,-0.7978923330280481,0.18681736038545285,-0.8919079921163009,-0.889450012709929,-0.21355253465708865,-0.8488207692467814,-0.2849711582739334,-0.21119947119486082,-1.0578895252790368,-0.5771782075118506,-0.06013723897747578,-0.859082658651203,-0.6987270774456803,0.05394572233617262,-0.6190039227656666,-0.7229544524902849,-0.38940034413485186,-0.6560609910325161,-0.32026499348098847,-0.36304200851009244,-0.805460887480043,-0.5348755231929023,-0.22963351957182354,-0.714011191519833,-0.6158933167414463,-0.1251495748620672,-0.5905016194306422,-0.6382822689246045
M,0.0,0.0,0.0,0.23111610667104526,-0.16100808787637114,-0.260060881028155,0.3427663544626919,-0.39505795471776206,-0.4382562669986029,0.32795144055544484,-0.6039283799335362,-0.601414522852582,0.20937875866042294,-0.8122218523141743,-0.7537475698980477,0.17571013601019358,-1.0044621370142348,-0.2728427892549855,0.1923110289168471,-1.2708648590674931,-0.5614933488372599,0.27733745315851965,-1.1802042704086992,-0.7650537706363298,0.33285966431691827,-0.9544879723129469,-0.8643025322273248,-0.03175965370503129,-0.9646303931881544,-0.26168593568283927,-0.043485320152740835,-1.3064347012964175,-0.5753747140604445,0.09315663461149513,-1.1083608934764537,-0.7546055622587046,0.19597297955892223,-0.8553573260662336,-0.822505386569334,-0.22101568236269345,-0.8467440301877885,-0.2842027668471059,-0.2118710549196549,-1.0487942629421159,-0.5675446041579447,-0.04594986868030031,-0.8279548161724775,-0.6671154644179487,0.06939257728074011,-0.5864955550358372,-0.6735219406999544,-0.39739488867758455,-0.6526701453812621,-0.32570503036118525,-0.36898583606689783,-0.7967536168148006,-0.5281033284117962,-0.22316263185340696,-0.6903853122337299,-0.5908664476388922,-0.11340585427395215,-0.5555060883693911,-0.5981864742397909
M,0.0,0.0,0.0,0.22649833659488833,-0.16559660918484514,-0.26252573443528837,0.3291691353431166,-0.3944761626279363,-0.4414662172119134,0.3097392533392447,-0.6001913320864651,-0.603951299497865,0.19625763755953324,-0.8013113715890993,-0.7569117883600128,0.17139269750512032,-1.0009376102994574,-0.27828144852209674,0.17446723858801663,-1.2286348352706704,-0.571233616225725,0.2546935221390919,-1.1609678998382225,-0.7835961261514807,0.31571713531642137,-0.9659236405714045,-0.8916861536298232,-0.03504477602088347,-0.9634230949999844,-0.26568365341943273,-0.04827053852947882,-1.2728825346596846,-0.5828382736766119,0.07739149579064324,-1.0869799514673462,-0.7645243520812641,0.1758035985240478,-0.8452085124126618,-0.8360600343080219,-0.22299226388435697,-0.8434604683815308,-0.28659436834923113,-0.21862836377069672,-1.033224309881977,-0.5719277319264399,-0.06223005092185767,-0.810141210051171,-0.6658515526168306,0.051323892675803895,-0.5716313415884257,-0.6692985089037681,-0.39586987340951374,-0.6446887694462129,-0.32724735083332407,-0.37205052085129214,-0.774376443478875,-0.5322114799196033,-0.23199610310712007,-0.6660980470874537,-0.5925905962275557,-0.12195005868003911,-0.5392613554276603,-0.5979753048627392
M,0.0,0.0,0.0,0.2287682993799838,-0.15224064572655238,-0.25510184356292254,0.34813758226444363,-0.3826521836732337,-0.430161191890862,0.3347955153311691,-0.5897297827987961,-0.5890463524702784,0.2150713895917553,-0.7804641036822597,-0.7387258921214211,0.1862497761128573,-0.9987064969499672,-0.2747918685151738,0.20071264356012808,-1.2245510962742727,-0.5602032555574376,0.28204135643992617,-1.1462251815478517,-0.7658056385414294,0.3418260911539353,-0.9437933750124325,-0.8700950155775892,-0.025038942260402205,-0.9641101120142356,-0.26431939634158214,-0.02985318450305198,-1.2741939412577343,-0.5721462138551834,0.09991298182506139,-1.0789546907544119,-0.7475372737270986,0.199907258917202,-0.8352793295173957,-0.81646858044228,-0.21579914091656965,-0.8459199766973212,-0.2861000279593978,-0.20518327292465768,-1.0486628047650495,-0.5662512084072492,-0.044904893344302005,-0.8186926537339214,-0.658438149268127,0.06942847732000676,-0.5762752940322183,-0.6621779756837027,-0.38888530907583685,-0.648147878158122,-0.3265320337373069,-0.35654529502893334,-0.7845742752034185,-0.5314985803155694,-0.21485350362818711,-0.6677551735799484,-0.5917421572352105,-0.10731060699933997,-0.53489990916779,-0.5973649578098915
M,0.0,0.0,0.0,-0.2640072402487194,-0.14397135814651527,-0.10096905036900007,-0.45817500962821217,-0.4849323911510666,-0.1600603572383756,-0.485786186626737,-0.8239622018060594,-0.22617320249918738,-0.3993914601007785,-1.0874655029160112,-0.2778865704439165,-0.464996920013024,-0.8808341255497576,0.002067326086925743,-0.5418388970697471,-1.2135156094939996,-0.14941781296461581,-0.5234776833861695,-1.1896079913128685,-0.2759763135379408,-0.4686253586614288,-1.0171703158297976,-0.3389717798550058,-0.2845171597378544,-0.9585881114100376,-0.01260232034355815,-0.34431319849948766,-1.3415835859821963,-0.14675582602996562,-0.3425187678643028,-1.2729758169119172,-0.24416698057357952,-0.3253172097817934,-1.0837671314248647,-0.28412999789055476,-0.09569810008893395,-0.9526228783488113,-0.05373698595162347,-0.12405702055985061,-1.2836134860596207,-0.17620002641033944,-0.15165052222449574,-1.177720560785949,-0.2296568042744551,-0.1683913688869652,-0.9792313643960483,-0.2392037180016624,0.10410348984153953,-0.8855119410856762,-0.106043216054853,0.07667060316736705,-1.1244165568844369,-0.18995939727366218,0.014476866940304815,-1.057923295691122,-0.21171984663479054,-0.042732809379052425,-0.9066506797899033,-0.2102575489718301
M,0.0,0.0,0.0,-0.2549019592505176,-0.1651893659887846,-0.09223094111610869,-0.4407768471266926,-0.4961701252439708,-0.14819491834263013,-0.47205105490441246,-0.8206299250770487,-0.21272597451929917,-0.3998002609498008,-1.0895710401113459,-0.2620634213317129,-0.4475984441555809,-0.8923076462202373,0.02017290537099365,-0.5096704271309203,-1.2093064065599748,-0.12662818889846858,-0.4943422335534672,-1.1844008652328235,-0.25334020683273456,-0.44934812118415807,-1.0161782368862016,-0.31764659562338,-0.2691186021517459,-0.9631024441605246,0.002976579902144101,-0.31597520115817995,-1.326470842029798,-0.12555938836348307,-0.3250157631872045,-1.2667090118215043,-0.22459678861477853,-0.3197829014786983,-1.0830615496661067,-0.26778390257316714,-0.08474220190911483,-0.9521390423538021,-0.0409263179996374,-0.10809115865431988,-1.255369766002303,-0.15541634317681438,-0.14788023568523131,-1.1666049614683862,-0.21021901598934106,-0.17260020520632122,-0.9840177216173241,-0.22332128797413084,0.10897972233764844,-0.8780445633634901,-0.09595612590837464,0.07897462265609186,-1.1025383165979068,-0.1741031138207547,0.008657009359961845,-1.053073935473875,-0.1976645051600564,-0.053058119220337784,-0.9212130402344666,-0.19918249945507838
M,0.0,0.0,0.0,-0.25915395179149653,-0.16912812327695897,-0.09101302893842729,-0.44261422700737985,-0.5033160797869839,-0.14766969947503628,-0.462935356473689,-0.8278204447976564,-0.21290774880740304,-0.3789350075801685,-1.0920670031162092,-0.26338330015816824,-0.44468129917564403,-0.8902775967086765,0.01754173974743243,-0.5113092856719467,-1.206911244818688,-0.13044462725911454,-0.49612215685949307,-1.1881501094673506,-0.26025397473030487,-0.44929674431377636,-1.018953309570929,-0.3276352402567955,-0.2657965802120682,-0.964029136116911,-5.162607972819052e-05,-0.31106971300280767,-1.321629234434429,-0.13227271890328293,-0.32000971546074564,-1.266586899563911,-0.23892289912826117,-0.3167640396094296,-1.0805088221382095,-0.2880939475000899,-0.08416291491876901,-0.9542742338263904,-0.04362650548029541,-0.10384205910944397,-1.2508426434357618,-0.15667309844933092,-0.1423431127558028,-1.1775836941364402,-0.22038072929993635,-0.16864004889096978,-0.9963043249375193,-0.2417061837677158,0.1090667505320146,-0.879027237509967,-0.09833863693179869,0.08288835212359134,-1.0859781152191401,-0.17675049647471844,0.008726258239555628,-1.0617091149868998,-0.21031699389634603,-0.06259356437433633,-0.9493287646045939,-0.2206834944103276
M,0.0,0.0,0.0,-0.2583931943275251,-0.17030942598675927,-0.08342652791339705,-0.44187788708727616,-0.500114744016439,-0.13557237133457073,-0.47258703042345823,-0.821082421124797,-0.19699936586881303,-0.41036076759550294,-1.089084746942424,-0.24392552547271795,-0.4531392674308799,-0.8886361467605934,0.02691673893759334,-0.5233696740182474,-1.2018507311939157,-0.11723642625614077,-0.506443386449926,-1.1968007856992258,-0.24413836593930105,-0.4557499718550056,-1.0350913717082904,-0.30917928856687654,-0.27132799650765027,-0.962463502882924,0.0067174347392465064,-0.31900690764514067,-1.317279218060135,-0.11966172529547564,-0.32686057198951995,-1.2730758898942267,-0.2223483417001682,-0.32273826781338055,-1.0964209965142595,-0.269636474243689,-0.08702511918978076,-0.954555015636083,-0.03914241867332278,-0.10989080658411095,-1.2477962933911595,-0.14681241328122493,-0.15332188800327373,-1.189187585947713,-0.20468104698728007,-0.1855441434473995,-1.024595432509747,-0.223604731388998,0.10855161540811482,-0.8811730483351312,-0.09573138658756328,0.07886747130347575,-1.0914285205449086,-0.1694125286111947,0.002908638542331499,-1.0717155281311102,-0.19657003401390963,-0.07095369081087981,-0.9674053149286206,-0.20292487092471514
M,0.0,0.0,0.0,-0.26005864049797495,-0.17418194973168555,-0.08956610928185783,-0.44481459362117826,-0.5069221616220029,-0.14269745887282737,-0.485051578970322,-0.8281451705358971,-0.2033888284422033,-0.42890540416250855,-1.091247393926113,-0.24891845912903088,-0.4562259427423365,-0.8901696489514063,0.028797900923445512,-0.5263823874905366,-1.203189742891267,-0.1189686359790075,-0.5120837701307903,-1.209812817530809,-0.252103488761114,-0.46580894158205505,-1.0546540196846277,-0.3209308795487656,-0.27314999274140234,-0.9618833594663981,0.013018611562223687,-0.32653599981784537,-1.319197031660394,-0.11603838832449923,-0.3339028969779853,-1.2993076993033132,-0.2265440273024689,-0.33214321891089316,-1.129858251591868,-0.27957505404438776,-0.08941577593442997,-0.952779738211365,-0.029367678043914564,-0.10830632594747878,-1.248237197885228,-0.14229004957907587,-0.1527027228208855,-1.22167774473071,-0.21069876750190725,-0.19042160050912135,-1.0624213782936283,-0.2355142878760482,0.10722729955187503,-0.8793499811466841,-0.0825529119660574,0.08586113518182394,-1.0972116326528678,-0.163001634480565,0.013194929671697367,-1.0997509869657287,-0.1993694646036918,-0.06601979749388658,-1.001530750223851,-0.2113347680064011
M,0.0,0.0,0.0,-0.2592296646466939,-0.1688351726664626,-0.08695022087615073,-0.446155148914983,-0.4941227603881484,-0.1416205227738893,-0.4806283565339164,-0.8168545508954523,-0.20482959079858043,-0.4236711335279681,-1.085969953948772,-0.2544506666816418,-0.4448011622692573,-0.8853881885242683,0.02339482230489913,-0.5153621656848313,-1.1986295179851343,-0.12463430805498199,-0.5033710712519494,-1.1966784304570073,-0.25581114458815496,-0.45889304744608334,-1.0400498715925763,-0.323212045320797,-0.26648389824059576,-0.9638248745884765,0.0052861236273152295,-0.32035156644184104,-1.325551023964448,-0.12350465034661759,-0.3267296462720154,-1.2899433436909615,-0.22955974886065278,-0.32100211917131305,-1.1151750159996565,-0.2783683471572354,-0.08516343933096808,-0.9585291471064588,-0.03852846783954811,-0.10983498582585664,-1.253025427393907,-0.14679858723756667,-0.1522940135292034,-1.2031951807374113,-0.20737727988135587,-0.187571471715449,-1.0418881586035755,-0.22767126752173264,0.10758277988522841,-0.8864956499251413,-0.09327075318280517,0.0766560357423991,-1.0887871135755205,-0.165891751076037,-0.0008126202515509942,-1.0804195217577592,-0.19483674658896102,-0.08015570507480434,-0.9852438476561014,-0.2024548355608872
M,0.0,0.0,0.0,-0.25880370796298385,-0.16908827426977577,-0.09307423167265128,-0.44446447568277014,-0.4902313060839446,-0.1516291563879266,-0.48272446256953133,-0.8042431218461011,-0.21781098276224337,-0.43146339108793197,-1.0713425860901005,-0.27032108687799605,-0.4442214114311507,-0.887575931736416,0.015536741818111476,-0.5133844122929797,-1.2001554181723235,-0.136294153348462,-0.5039163179470328,-1.1983031468526664,-0.271050778884545,-0.46090231381967695,-1.0367867614604134,-0.3411534189757371,-0.2651123474201181,-0.9642170572535077,-0.0009538064690516422,-0.32050741309045033,-1.3222893086863772,-0.13578653324864015,-0.32655891415307015,-1.2849032499969488,-0.2496087984100864,-0.32001177503120126,-1.1047487053981602,-0.3038341886911701,-0.08423602752015899,-0.9568772015426327,-0.04328383085843929,-0.10974636247299037,-1.2474654593228254,-0.15727755925822107,-0.15107070868846265,-1.2043141372066828,-0.22800819854137852,-0.1853572226919423,-1.0392735103570678,-0.2549732578248628,0.10871704813045162,-0.8820681870864566,-0.0964781059248148,0.0807882428931186,-1.083678001764228,-0.17557375483063162,0.004007707284918086,-1.0809647352434117,-0.21291881544671115,-0.07731345112700938,-0.9834744787474243,-0.226383300705924
M,0.0,0.0,0.0,-0.2585983258155276,-0.17317657517446192,-0.09397387553841383,-0.44252481889468126,-0.4865157486936633,-0.15622537507247292,-0.4754883862439657,-0.796256801244658,-0.22674297118407208,-0.41898820919248797,-1.0706082820996428,-0.28353730775617797,-0.43903386617305457,-0.8909629392083702,0.010738448090933168,-0.5090672570987486,-1.1967660878046948,-0.14668295181680224,-0.4993286072443693,-1.1921097525524855,-0.28518052213663725,-0.45372034121423677,-1.0315569041757886,-0.3575290935131323,-0.2599135899692445,-0.9656039875292095,-0.007339279051095427,-0.31108690871764927,-1.3221194582513078,-0.1492644655626271,-0.32118958428572547,-1.2776709950764424,-0.26619863506506447,-0.31559567117788956,-1.0937369982960021,-0.3217563279946899,-0.07921368844331395,-0.9552275230654721,-0.05173786185266492,-0.09599619737721007,-1.2411818425380547,-0.17113813961815924,-0.14190768990035865,-1.1936212673552355,-0.2458558844242641,-0.17868198308763578,-1.0273053839878596,-0.2742902946380166,0.11232732981832971,-0.8760665529337612,-0.10710838313080737,0.09567142179331975,-1.0858225174646468,-0.1895135977540245,0.011876242708064932,-1.0888653645376474,-0.23144146665536916,-0.07851257337951283,-0.993613380405987,-0.24802103894998312
M,0.0,0.0,0.0,-0.2532321011426573,-0.15548977355072544,-0.10867649787956901,-0.4428636774070224,-0.4705054677354105,-0.17558568322235965,-0.47455241955293703,-0.7789366410773433,-0.24762483823036419,-0.41412347007280936,-1.0519807660784462,-0.30571588921027987,-0.44136799347427075,-0.8885267457041756,-0.004312358942421461,-0.5076924690443313,-1.1882446726060847,-0.1637571882969832,-0.49674225672242894,-1.1914843564186275,-0.3036052518958638,-0.44184880415027916,-1.0370872116232133,-0.3782581275999155,-0.25934565133527454,-0.965621419005161,-0.017751289866984536,-0.30319743722740483,-1.3207909787704286,-0.17073787871083557,-0.30913348107093386,-1.2733033997889314,-0.29608272093964877,-0.29679215920889485,-1.0849699351731155,-0.3562801162815162,-0.07738312111825367,-0.9571206013589916,-0.05778006140540949,-0.08269750685660651,-1.2455632092018096,-0.19157139613754948,-0.12050172861197628,-1.1891829480143625,-0.276585481438309,-0.14682128958134127,-1.0105895654797088,-0.3096070165004343,0.11351067964147536,-0.8817097301324546,-0.10897676337496953,0.10382307769830455,-1.0943216256448054,-0.20654779492826028,0.02675329387452827,-1.0788397919956922,-0.2569130750057971,-0.05382802859425317,-0.961579483671413,-0.27751283152374234
M,0.0,0.0,0.0,-0.25649381530538873,-0.15550128437870384,-0.09738414949741603,-0.44507065909836746,-0.4739467489264297,-0.1580829791942449,-0.4611206110530734,-0.7916671361590661,-0.2252937238784861,-0.37326249010403306,-1.047372277557128,-0.2781671499878985,-0.44474239405340577,-0.8853392042559377,0.007732569560968166,-0.5098036120018159,-1.1801412075722328,-0.1439168739750521,-0.4913929697759757,-1.1695137219460767,-0.27510485030584625,-0.4339484909972632,-1.0131177058699976,-0.3436050444590438,-0.2623203294445004,-0.9649516652443823,-0.007505231656819596,-0.3050164919108262,-1.3070805769048854,-0.14808581862505804,-0.30874926913903356,-1.2508122542646465,-0.2550659020677551,-0.2964252396900184,-1.0690766139521954,-0.3018200840650291,-0.07973641722061975,-0.9592123584083984,-0.04905762089579673,-0.08946783828668903,-1.2337045805438371,-0.16942969896056753,-0.12413902477566184,-1.162330734384513,-0.23234723334806953,-0.14938877598348282,-0.9942083825810746,-0.250892875525695,0.1119935989299959,-0.8866962489052661,-0.10215920156494464,0.0906769351750341,-1.0757430220085495,-0.18517363991737087,0.014618838220406487,-1.0507149068287653,-0.21879575634730547,-0.062265633615389254,-0.9486669390434826,-0.2276251625733255
M,0.0,0.0,0.0,-0.25232538909474583,-0.16155691012791884,-0.09608739424869057,-0.43502329280405305,-0.4734323572589509,-0.15817773369731297,-0.45219997007394724,-0.7824732726254665,-0.22743147434613784,-0.3725499695045221,-1.0469070791505362,-0.28258369022716967,-0.43473448141632914,-0.8883072556194245,0.010683189112565968,-0.49313746422387256,-1.1755296106883522,-0.1442379290560834,-0.48358616761985657,-1.1696211377194956,-0.2790118818921167,-0.4366782580587077,-1.0192385681916043,-0.34976452039191747,-0.25438545032218157,-0.9670822716885414,-0.00631842148889065,-0.2961228760131053,-1.3041890036796013,-0.15204334182055926,-0.308482863362736,-1.246584242345629,-0.2633210394581286,-0.30287688232102183,-1.0612530248057526,-0.31163239185649827,-0.0737882694435818,-0.9609286890551034,-0.049936955491829256,-0.0842470418290249,-1.2240759548523583,-0.17314392318350913,-0.12292534689997847,-1.1554556991816067,-0.2392063573753263,-0.14951043513996207,-0.9899853947500293,-0.2587209580786581,0.11721752184259328,-0.8864611428278947,-0.10510467479665522,0.0974027805548317,-1.069900265763196,-0.19008619058571083,0.017929486952895538,-1.0505666234449849,-0.22700619007733983,-0.06253564575688185,-0.9545809187649195,-0.2377159861105505
M,0.0,0.0,0.0,-0.25178092081498865,-0.17011742450343437,-0.095452402978543,-0.4316212174169732,-0.47714658814859967,-0.15867754304906756,-0.45640301005804296,-0.7828133889423815,-0.2290600458892845,-0.3855357047842874,-1.0489754853275788,-0.28547398620757647,-0.43890229847443674,-0.8884574115150651,0.00993246193834954,-0.49116159051968367,-1.1767267852407393,-0.14449663634532486,-0.4832352198829494,-1.1715339223543004,-0.28088090375737307,-0.4399469803021792,-1.0215462871848087,-0.35349889111453475,-0.2578149511234,-0.9661684136965477,-0.007074415335221929,-0.29388778408909394,-1.301571418336031,-0.14757309737016533,-0.3041303243044414,-1.2517539173318706,-0.25963429093895224,-0.30104400734039094,-1.0742672094675338,-0.3120823492775435,-0.07737289335163407,-0.9599757337903926,-0.05040586861555804,-0.08525573557887912,-1.224444422315196,-0.16770536858710516,-0.12737329004128004,-1.1639569244779404,-0.2342085689814082,-0.15991764904126932,-1.0001780382352656,-0.2577668648976396,0.11229031432509527,-0.8840709696886377,-0.10545245248614771,0.09352040595953882,-1.068420656782449,-0.18665422310318533,0.014530088550040381,-1.0541973671536773,-0.22316533512835024,-0.0674361974871717,-0.9583405547233944,-0.23576988816498023
M,0.0,0.0,0.0,-0.24841687488323252,-0.16577985799507894,-0.10054063767721137,-0.42977135992398263,-0.472956966110339,-0.16315371489048597,-0.4644506376604406,-0.7779221486680188,-0.23172156022627127,-0.40200552488627583,-1.0446087572557423,-0.28586979338771107,-0.4413646361005051,-0.8862007691440297,0.013639711097535652,-0.49340734716768353,-1.1813294360422033,-0.13683893429675664,-0.4853809376749733,-1.184655863520355,-0.270621692569759,-0.4400363677991629,-1.0378948810165975,-0.3418734909100712,-0.2585632942276082,-0.9659941558736179,-0.000560085871803417,-0.2969249569254583,-1.3136454527961583,-0.14182628481724238,-0.30581679404588497,-1.265405634129442,-0.2572324861612517,-0.30087099988252275,-1.0851631564285182,-0.310849349637636,-0.07883872986752852,-0.9613369655133789,-0.0411480102365409,-0.0860611167970166,-1.2312208590529896,-0.15993593359968847,-0.12625034772687804,-1.1717314406800923,-0.22905665238627892,-0.15537553737982723,-1.007496687620351,-0.2535163284143877,0.11011923728422736,-0.8876867717047916,-0.09360629686813181,0.09434312487068432,-1.0705460646073048,-0.1749890973242245,0.018917749025732296,-1.0563045031336395,-0.21226195947908347,-0.05871629023274881,-0.9610439482212452,-0.22521106427691057
M,0.0,0.0,0.0,-0.25226825343545534,-0.17776458738537151,-0.09563405623326272,-0.42907397276330783,-0.487012715595817,-0.15783099935756068,-0.4602654540495122,-0.7899300225117583,-0.2275029349960932,-0.40344239813412824,-1.0581349686784973,-0.2839467652800634,-0.438698563138262,-0.8896293793449542,0.01640659327394577,-0.4882815921906575,-1.1802168273005544,-0.1357932579102471,-0.4817708398781885,-1.1818022067582055,-0.27443157563816584,-0.4423816097289158,-1.0386940143170853,-0.3498985507183459,-0.25896199291906047,-0.9658872773154076,-0.0006736049415538907,-0.2983256277855228,-1.307573224277259,-0.14171553360384975,-0.304292384833487,-1.262201765304592,-0.2627084585871294,-0.2994101801422147,-1.0853163949847107,-0.3223642581018219,-0.08086543089544829,-0.9621843657291398,-0.043542011978380854,-0.09252236312936714,-1.2364922587695426,-0.16116785303486797,-0.1332948846078336,-1.1846952377540587,-0.2363848562742065,-0.1669095133397923,-1.0171395390280937,-0.2667132846800538,0.1067991826694476,-0.8905145177072139,-0.0977743364082391,0.0844762758674284,-1.08157107927319,-0.17882539876360262,0.010024564421257934,-1.0776402932660816,-0.21948459187466335,-0.06914393742578412,-0.9835314046216241,-0.23602630742909286
M,0.0,0.0,0.0,-0.25129702324433223,-0.160561932081207,-0.10357357892054951,-0.42921596707759896,-0.47493434299497866,-0.1666438051872397,-0.4462171200546293,-0.7885149681343099,-0.23489218760881272,-0.3546496288003483,-1.0349616749552928,-0.28901441508543496,-0.4459722737452884,-0.8829513773607574,0.00837009009914124,-0.5004964137310726,-1.1853504943053463,-0.1386124323452317,-0.47871785669927236,-1.1891059647909556,-0.27262670751712553,-0.41933392361623867,-1.0410590443033103,-0.3461940544791221,-0.26000744036920986,-0.9655988042553065,-0.0038833198907478757,-0.3011818478521786,-1.314838606069175,-0.14328755117736916,-0.297393885913197,-1.2734607401996134,-0.26480240775229735,-0.2824555534222883,-1.0984319885044116,-0.32494522417819444,-0.07839800895707828,-0.9624869739888807,-0.04143927694605924,-0.0855503835321532,-1.2381382755507968,-0.15986653283725694,-0.1135553087179192,-1.1868017792226402,-0.23917392777333615,-0.1320874280336087,-1.0184678141341876,-0.27179104377551944,0.11362686727594143,-0.8905261408296715,-0.09061030493763396,0.0943787755770134,-1.075512169172911,-0.17278067679330064,0.024422355648458995,-1.0701584286238,-0.21684318526052732,-0.04709210682989812,-0.9746146023615816,-0.23585735783532594
M,0.0,0.0,0.0,-0.24085516658172185,-0.1663548940519389,-0.1082439728575097,-0.4179473113451599,-0.47232223867748213,-0.17538543480726732,-0.4542573532507642,-0.7713430109076563,-0.24689477805109558,-0.4052355172792706,-1.0384421906862384,-0.30505503789574023,-0.4409322540520719,-0.8856047488812098,0.0013020144040308543,-0.4896503141228901,-1.1838950397946715,-0.15206091369749716,-0.47359583448328096,-1.1906705464681955,-0.29327257466487966,-0.42077718330877495,-1.0390315236046572,-0.371061763091519,-0.25803998407397044,-0.9660767876806464,-0.01053598233427976,-0.2974932627296189,-1.3175869287485467,-0.15455940575557356,-0.28958013065028265,-1.2821279963424357,-0.28631157099645144,-0.27383479668737093,-1.1017023713356011,-0.35515890770788927,-0.07825719796806023,-0.9632701208205552,-0.047641510710689304,-0.08656155658614509,-1.2414945176282288,-0.16897268766791076,-0.113533941544852,-1.2012871689969138,-0.25682629866493045,-0.13634436653104778,-1.0300327378802936,-0.29736530288224955,0.11005739512601125,-0.8908962795955001,-0.09621275595103883,0.0913306848045769,-1.0835252959455657,-0.18176863619239544,0.025045018922224705,-1.0839126869300129,-0.23022469194610254,-0.04710252459904444,-0.9834965328738593,-0.2535142016367647
M,0.0,0.0,0.0,-0.243227400026265,-0.17872424999317316,-0.09705322349963784,-0.4146920591363959,-0.4930707181515835,-0.1593239078827548,-0.4427331401399182,-0.7953494188881488,-0.22801888627687386,-0.3852850102147616,-1.060429061478108,-0.2841208231407939,-0.435518585360351,-0.890282853380304,0.01061198885743324,-0.4819821043184271,-1.1810382273866105,-0.1372277356611497,-0.4692082623929478,-1.1924701460932907,-0.27383148087497783,-0.4238611044744016,-1.0515603840505672,-0.34920626995456877,-0.25235331757026497,-0.9676167129610597,-0.005974940143224926,-0.29036569721267913,-1.314836292530161,-0.14355602381544566,-0.28881080665710823,-1.2825234607796512,-0.26790928097574507,-0.28151381290846805,-1.1092029707106437,-0.3325474200499203,-0.0719894480810848,-0.9630220762518696,-0.04700466193882886,-0.08462093012015566,-1.2407221326859779,-0.16263762764149192,-0.12052920774173959,-1.1956117959725696,-0.24097125055320445,-0.15214684235259007,-1.02726874949229,-0.27595323475839895,0.11707745757370247,-0.8887815863208199,-0.09907429020468596,0.09102369005149034,-1.0847579080710361,-0.17946034169488081,0.02093797149696117,-1.0833295384332786,-0.2204984771971175,-0.05376318433997324,-0.9865711875956492,-0.23896289795999542
M,0.0,0.0,0.0,-0.2531367696457838,-0.19844485709220647,-0.08007671221669788,-0.40339622865063474,-0.5688503351685305,-0.12749653687469928,-0.38619901631395553,-0.895268018008188,-0.18621119209901585,-0.24104853228037187,-1.0745328436970054,-0.2322974772381627,-0.3275295798315282,-0.957155821162947,0.026218327747942968,-0.3635803476100179,-1.255557533935025,-0.10849803942954117,-0.3792239714601248,-1.2341830396237148,-0.21974571781426472,-0.3734026155885488,-1.075191163398744,-0.2742091403286721,-0.15236324479602117,-0.9883238274961016,0.0012056693922856895,-0.16149000203549926,-1.3516587909423963,-0.12455223843288551,-0.20849908978800694,-1.29854807259381,-0.20641306642325283,-0.23629498093374737,-1.106501415864307,-0.23084141937135153,0.027131436839908818,-0.9370005794151363,-0.049733774189116405,0.032249230304559874,-1.2316887479407446,-0.16445268594945736,-0.03828951485970768,-1.1541475439106053,-0.2095770124475555,-0.08527943197442447,-0.980987416119913,-0.20898487937278995,0.21171822328585008,-0.8246962993469202,-0.11109942308787073,0.1928431967297138,-1.0478503831941588,-0.1888531216562731,0.11305653589512984,-0.9993294989454631,-0.20657436337696577,0.04848062590933497,-0.8673254714833475,-0.19929860310608802
M,0.0,0.0,0.0,-0.23153988202483242,-0.22565739582463593,-0.07620931436040838,-0.3663153012041116,-0.5881281840336509,-0.12969049018261564,-0.3665814685085939,-0.8900408136522211,-0.19684467807643885,-0.23967516298509392,-1.0751924537842388,-0.2507594376060807,-0.26774845153359605,-0.9817596127520246,0.022381686217566185,-0.30019518980567667,-1.278831584080638,-0.12540267176648098,-0.3471810811211799,-1.222558341550082,-0.24171673378578631,-0.36851486250328014,-1.0483756259298034,-0.2967653943481934,-0.10031789074596074,-0.99492923118976,-0.007221199376456016,-0.1138206902421438,-1.358829771997462,-0.14450516650004422,-0.1928172585011077,-1.2774380755404333,-0.22460387504781654,-0.23778480880985586,-1.0817809440402961,-0.24478079610750073,0.07128791007042581,-0.9294524518293928,-0.06326579655312953,0.06861189041912019,-1.2099690055903456,-0.18616854939782623,-0.02813520548174341,-1.103480563887706,-0.22484007493415234,-0.08583838938212425,-0.9301663842730468,-0.21709040621589878,0.24639277269949583,-0.8051978144804054,-0.12942562067970664,0.2269104586382199,-1.0137315916122096,-0.2055443611427209,0.12810386962253237,-0.9651211358836747,-0.21782151683310438,0.052548976750320976,-0.8513049761488413,-0.20614021723959916
M,0.0,0.0,0.0,-0.23330612406846848,-0.24366561354695504,-0.06698269884204072,-0.365668559307395,-0.6126796066404043,-0.11491735273450636,-0.35681335672033326,-0.9190796042227349,-0.17889673260472497,-0.22100978451518608,-1.1037831340858726,-0.23138944033987685,-0.2501783668670872,-0.9840140220783639,0.036363591978720675,-0.29194141177397953,-1.2587127210051046,-0.1088690636578007,-0.34995272993578674,-1.1984537073202228,-0.22340904836993122,-0.37770323421331775,-1.047119066049622,-0.27884250453145315,-0.08484504673726817,-0.996392582816194,0.0017717090689212216,-0.09959169152242957,-1.3670705579886075,-0.13720687736947032,-0.1909973431699131,-1.277443390439216,-0.2163516746458016,-0.2416596445087057,-1.0861127951240808,-0.2343679169916622,0.08429475345131146,-0.9278592316794272,-0.058934060203252474,0.07884650812326806,-1.2076913428534257,-0.18391847927383492,-0.030069407523943447,-1.1032527789624507,-0.22430111499200295,-0.09511490942797984,-0.9425335294176771,-0.21634303477536992,0.25626957046505794,-0.800701606298359,-0.12892797075533755,0.23906388563395475,-1.0102668855186483,-0.20382974902498416,0.13053268158003115,-0.9637811545127122,-0.2174247987724143,0.04378192627897365,-0.857267312732772,-0.20736879661079466
M,0.0,0.0,0.0,-0.2351699289099841,-0.24634328962289032,-0.06607580297416163,-0.36908291208394073,-0.6130098184611344,-0.11668554858547091,-0.3664042397880155,-0.9199890639711754,-0.18361702671832372,-0.22968650218182565,-1.1003168932244407,-0.23892702721214235,-0.250439621818121,-0.987487899777818,0.03271110595555991,-0.2907748254913663,-1.2737233862950168,-0.11431989668420349,-0.3515785088265146,-1.2073228023090328,-0.22938967773460225,-0.3823421680185847,-1.0492559204221825,-0.28503041698390075,-0.08491631880343209,-0.996382612427267,-0.0033027947996153635,-0.10092836804746724,-1.375978291243276,-0.14561119051336857,-0.19576964338081657,-1.2822772951093546,-0.22649735830353543,-0.24969191654310663,-1.0875776305852973,-0.24504325254108902,0.08400317848289846,-0.9268804078881064,-0.0649703873957583,0.07540475885377317,-1.210147042162332,-0.19233210814232263,-0.03594143225645164,-1.1033191763368897,-0.23507474036408357,-0.10401470591745499,-0.941957347954524,-0.22822377616164058,0.25553868906407995,-0.7992457420016682,-0.13546131586945798,0.23456549878986518,-1.0132749442229798,-0.21187918528309307,0.12365944895547917,-0.9658963339350745,-0.22687006473980345,0.03407312423661504,-0.8586816251914147,-0.21780974989048774
M,0.0,0.0,0.0,-0.23490668844424342,-0.24400961858583575,-0.06390631291010405,-0.36952177256451313,-0.6136825665137475,-0.11081654765927608,-0.36225353560999274,-0.9213606521131661,-0.17421504845407862,-0.22610610902944828,-1.1055713592040377,-0.22651216849630842,-0.24832793426263888,-0.9845889376461849,0.035455076803903175,-0.29127927609764037,-1.2635185400788516,-0.10928378817995034,-0.35303126653083733,-1.209112375973319,-0.2228209064942327,-0.3836529516153126,-1.0604987963494446,-0.27761051365973477,-0.08343354961358607,-0.9965129182639089,-0.0009200717502020675,-0.1006195004463515,-1.3729815133281,-0.1403817805096354,-0.19454801362339183,-1.2862060921881868,-0.21917218043535783,-0.2466083859929601,-1.0931574407755515,-0.23636940269733,0.08564913608700149,-0.9271358178871849,-0.0626375384048845,0.07586486830507301,-1.2130633336106909,-0.188626976644834,-0.03494419478144834,-1.1080033189907663,-0.2284024324506322,-0.10118226169824637,-0.9441191212908296,-0.2193169456202012,0.2583199966802603,-0.7981037371622383,-0.1331885354953129,0.23845711715538512,-1.0098043400943164,-0.2099985953516979,0.12754930395758954,-0.9639583617929288,-0.22375004876949664,0.03866009665202253,-0.8561871037704132,-0.21304779099321067
M,0.0,0.0,0.0,-0.2323836479573038,-0.24003723485757444,-0.0651563433973477,-0.36731603943589,-0.6080241826769192,-0.11490131707189857,-0.3679296704957715,-0.9168398367568501,-0.18067283193274364,-0.23461975466960378,-1.10259057895375,-0.23464559998632137,-0.2472474952733881,-0.9900127631681588,0.031315175512067465,-0.28358957523179656,-1.2821139396073535,-0.11408011537794273,-0.34715480338692695,-1.2141309114850176,-0.22705668873058552,-0.38043674687122814,-1.0529603508507577,-0.2810270344306871,-0.08245758056253387,-0.9965830449552473,-0.004793945713172658,-0.09844979115301136,-1.3810448602783802,-0.14472887710427232,-0.19489716707390162,-1.284243892346631,-0.2231266290391579,-0.24818340674057512,-1.089456888658402,-0.2399937746127684,0.08662202383513357,-0.9264799921630533,-0.06616249714895432,0.07823624181518475,-1.2148268309664327,-0.19160602291861312,-0.03386235369651021,-1.1025485755831297,-0.23081794737633246,-0.10032466887797602,-0.9405368019899903,-0.2218577453975983,0.25799921260573627,-0.7982566845190147,-0.13616020143048863,0.23461975466960378,-1.0168666635522452,-0.21043006018487972,0.12489129480737024,-0.9645986237742923,-0.22148434497900366,0.04020982669489867,-0.8565056224244871,-0.20965252051737274
M,0.0,0.0,0.0,-0.23044710388925935,-0.23323682159571213,-0.06514745238778528,-0.36742357989648405,-0.6105519652394497,-0.11271295676938496,-0.36079967111915023,-0.9226499628733629,-0.17607934896489377,-0.21658596851986714,-1.0936403727561015,-0.2277051421107677,-0.24347609759097727,-0.9866045754488911,0.030348429874546046,-0.2810129809315189,-1.272093707131585,-0.11252703525950805,-0.34501914886507196,-1.2085333975720611,-0.22216532794523305,-0.3779007743217451,-1.053274436880392,-0.27441506026431356,-0.07908286407770766,-0.9968566448107772,-0.004767631053965125,-0.09634016092054061,-1.374132262680029,-0.142196570965466,-0.1912860358251662,-1.2760459026886117,-0.21554490392821019,-0.2415975731011701,-1.0824704270756036,-0.22863118136106678,0.09006300966236616,-0.9277946147669259,-0.06510783114041438,0.07915542347048331,-1.2084505271076804,-0.18867964554370276,-0.03308708310569046,-1.0904964506454413,-0.22332288894221755,-0.09829239047774617,-0.9273972566185941,-0.2108820320817445,0.26186226582878275,-0.7998109207653892,-0.13440647282914495,0.23740593154798384,-1.008797820458172,-0.206838492841773,0.12585999514245622,-0.9552694197871914,-0.21631663512775448,0.04071345717795083,-0.8490588900999185,-0.2033759061084327
M,0.0,0.0,0.0,-0.229614669528146,-0.24150864867220118,-0.06727708377407962,-0.3649159140909575,-0.6077156191118056,-0.11862834789997195,-0.363512416479253,-0.9177542384047098,-0.18603192375244812,-0.222527986846203,-1.0991696631239922,-0.24177781529466658,-0.24694638503658548,-0.9890548770715264,0.028957630218692253,-0.2865299381932089,-1.2811334552338791,-0.11856532793565565,-0.3468119097022347,-1.214209760912959,-0.23214373735669439,-0.37589402551113266,-1.0532567239973014,-0.2859764336002132,-0.0806693984706123,-0.9967181816153037,-0.006731611090389862,-0.09573960303693785,-1.3823501971290932,-0.14900475154253415,-0.18883289614263102,-1.283207756278184,-0.22753672088792598,-0.23911124717798163,-1.0846753115903518,-0.24330165869411816,0.09058421917756505,-0.926886967659728,-0.067841626609204,0.08223396578905592,-1.2137132894899196,-0.1953718524631521,-0.02948882642877837,-1.0996411475996855,-0.23481392904338338,-0.09558160864679525,-0.9358765024857241,-0.22480353326283162,0.26500387526178704,-0.7994304713198842,-0.137760805431098,0.24047130594276137,-1.0134805791388255,-0.21278514795208567,0.12985793418709618,-0.9593580823579132,-0.2240943604505082,0.04446292735146486,-0.8489426841081444,-0.21178016812464132
M,0.0,0.0,0.0,-0.22950069125817107,-0.23894192569227762,-0.06797075814969336,-0.36522334388243427,-0.6067798654425015,-0.12076059686731981,-0.3663498493683952,-0.912855542754431,-0.18913873294719463,-0.22911535820176962,-1.0929357373897266,-0.24562106350247917,-0.24083660756453387,-0.9913539382939947,0.02327644954959766,-0.2778075140624709,-1.2833666827040842,-0.12540883246806905,-0.3437515594463545,-1.2195856351030026,-0.2399450616175041,-0.37816647440814155,-1.0618938272934177,-0.29488418068246314,-0.07645681980336103,-0.9969933603510509,-0.012593415798575695,-0.09241979706531983,-1.380694688302931,-0.15669820701542284,-0.1906490836599049,-1.283062553035314,-0.235224324702061,-0.24471100504515086,-1.0854897314752971,-0.2513459502098431,0.09278329713542417,-0.9253246676565828,-0.07368126309552447,0.08338055770347302,-1.2109750117353042,-0.20151874239815018,-0.03039189996041081,-1.0975166426462206,-0.23946164770051137,-0.09722305405068188,-0.9333998083077314,-0.2290113797801806,0.26478547835821625,-0.7955559086990236,-0.14378890325466934,0.24388824619311278,-1.0138068664914783,-0.21923668957180614,0.13234964775878488,-0.9624510863025307,-0.23021420495946954,0.046015508347646256,-0.8533945536788206,-0.2180241688229445
M,0.0,0.0,0.0,-0.23147854045744523,-0.24143831431400084,-0.06731866426454665,-0.364112202344765,-0.6094996026165792,-0.11663407174721621,-0.35834611774413333,-0.9140333757784066,-0.1814900933133555,-0.21820595401978135,-1.0844746303107564,-0.23459633399211544,-0.24086719228305417,-0.9898314420390164,0.03107708733612283,-0.277964978161137,-1.2732653232236413,-0.11343353569945991,-0.3391840020507166,-1.2102308246993314,-0.22485242159363736,-0.3700802180170456,-1.053929888709703,-0.27820887344401884,-0.07536448595959755,-0.997149919378202,-0.0034975048378853967,-0.08900969237475698,-1.3721515405131515,-0.14386180974491952,-0.18214487464350362,-1.2742157327674684,-0.22079391661763687,-0.23299683351503192,-1.0792015623265656,-0.23608014636671304,0.09268826689696517,-0.9253765679767684,-0.06375959936095144,0.08662042869492605,-1.1978000622292304,-0.19024973461330333,-0.027538064144605277,-1.086740068333444,-0.23019449856905905,-0.09750413245478098,-0.9285823189897005,-0.22107978719725307,0.26065719930869247,-0.7941600431101998,-0.13290329861931163,0.24098073088560393,-0.9965894654038707,-0.20734947445543406,0.12933456537900279,-0.9463661598686078,-0.22011537582911847,0.0407477852486426,-0.8434302720874819,-0.20947182240624224
M,0.0,0.0,0.0,-0.22892220269514446,-0.2410293456329198,-0.06778622658829932,-0.363342440354253,-0.6113011596508677,-0.11777599203272864,-0.3570542092009428,-0.9217010951127914,-0.18321890460722182,-0.21114604030281547,-1.0992401689737317,-0.23662749884124876,-0.24150286046138067,-0.9877484995206276,0.03239500519321279,-0.27983372372798593,-1.2704564944908858,-0.1121502620933021,-0.3400282712690106,-1.2055037236373654,-0.2240782593464539,-0.37159796066197415,-1.0502389169850677,-0.2776146839906511,-0.07607016672737651,-0.9971015139233115,-0.0013786464047911133,-0.09238745338965082,-1.3703820445939487,-0.13984652915269624,-0.18462196320603316,-1.2747787714087537,-0.2159810938013921,-0.23579550976215502,-1.0852713861827807,-0.23126841896581554,0.09349581753907275,-0.9270701392048123,-0.06103225174195304,0.08154295309353457,-1.2023706688178792,-0.18683349568790017,-0.029286977956525094,-1.0864573663350958,-0.2250301042467984,-0.09504127229938165,-0.9266782451361505,-0.21460710461504207,0.26533345248479145,-0.7975223557813765,-0.1296285706907449,0.2406485123214271,-1.0043783479242823,-0.20443652385755942,0.1290515749725073,-0.9516757470408952,-0.2164747754414155,0.041943535401266115,-0.8473201729889214,-0.20508276766543168
M,0.0,0.0,0.0,-0.23313979840869994,-0.23515440728860548,-0.06611512307247447,-0.36895568739080037,-0.6048764292542969,-0.11483210416561021,-0.3641490849496555,-0.9147130778679998,-0.17989168985948645,-0.23460694236589058,-1.1146005857902987,-0.2330353835775857,-0.2531544490995399,-0.9869567351765142,0.03208505252524011,-0.28807084684393824,-1.2911052930333553,-0.11577614916944634,-0.351655485654583,-1.231052617192591,-0.22947821861055462,-0.3830335229990549,-1.0612448560384815,-0.2816666839385822,-0.08672511259420956,-0.9962264174514914,-0.003417604027420744,-0.09851383141513492,-1.3862655140738285,-0.14394701428231438,-0.19653137734792206,-1.2966834643103378,-0.22186704584228462,-0.24989951423679793,-1.0929229910105607,-0.23682855070831718,0.08397344222841094,-0.9279889083823196,-0.06470147883567705,0.07555015933465652,-1.2233545702322208,-0.18947394959719827,-0.03561817643428081,-1.1183258286921718,-0.22673694406858055,-0.0986592275525415,-0.9503262139028505,-0.2157458442247781,0.25929288015932905,-0.8038045165312289,-0.13493183582952256,0.23148654739562888,-1.0228488379336689,-0.21007587951971293,0.1220036436515086,-0.9677043479687178,-0.219513033912293,0.03990794407232449,-0.8485659775317015,-0.20489204680006662
M,0.0,0.0,0.0,-0.23565741673908142,-0.23614923735627066,-0.06556191875304355,-0.37306506024602093,-0.6011908523158828,-0.1144383434542366,-0.37338172235413347,-0.9073359922616837,-0.1793287388242318,-0.2398160927820953,-1.0930022908932995,-0.2321888304508306,-0.25376911253134293,-0.9872335135832033,0.03426539552114451,-0.2900831429076808,-1.2772776473906093,-0.11120192667899244,-0.3507480304672797,-1.2195021103464574,-0.22495842678753142,-0.38230524526305776,-1.059849527407853,-0.2794347548343671,-0.08904286068298646,-0.9960271973789583,-0.001091349076961812,-0.10141486454462885,-1.3682864519947944,-0.14240453393363955,-0.19858117913874812,-1.284167342895014,-0.22334351696353552,-0.25565225772499756,-1.09195038373344,-0.2416181809210379,0.07859339355743299,-0.927559151216855,-0.06227854525139639,0.07275005980157413,-1.2005301109162743,-0.1887518148527589,-0.04057405359163413,-1.1011299516681874,-0.2331972109124054,-0.11185132863675741,-0.9423296410821539,-0.2277215952929598,0.24781410566489367,-0.7994268774056315,-0.13218775895954105,0.22526110907370625,-0.997311438150748,-0.20958052316231734,0.1149636429312256,-0.9518274008936518,-0.22657902543865072,0.025679461245559188,-0.8477251152938217,-0.2184823902839568
M,0.0,0.0,0.0,-0.23454841241469337,-0.2377862420844094,-0.06639743843888829,-0.3738284162558531,-0.6035348758860312,-0.11733602297139234,-0.37746056204187384,-0.9136203208273832,-0.18416580487293666,-0.24454878294182425,-1.1003698737557077,-0.2392011363065324,-0.2549687712116762,-0.9879623380756061,0.027062162336047083,-0.2917705707180039,-1.2875193870093067,-0.11960244048612752,-0.3530834181291584,-1.2259025308253646,-0.232927671022049,-0.383500644151153,-1.0674113913020298,-0.28738971382517453,-0.08768881981076483,-0.9961051799679829,-0.009227205489622619,-0.09534509196436484,-1.3848313884857026,-0.1519684999543577,-0.193551213992737,-1.2967519504886478,-0.23204678516696756,-0.24998045824973694,-1.1038073916462177,-0.2497568775335031,0.08245332942152694,-0.9258472344791565,-0.0708007303575311,0.08072464445360089,-1.2133124415205683,-0.19764975928059625,-0.03607466968869968,-1.114487792040263,-0.2413354501371897,-0.10897293720802421,-0.9579224955430068,-0.23575658748329706,0.2556776060071262,-0.7960911520769175,-0.1410210335949413,0.23896568713120425,-1.0065339264931328,-0.21733413269070542,0.12532829777937055,-0.9621986650352724,-0.23328201543431318,0.032635205519234545,-0.8569765966295305,-0.22522575862695174
M,0.0,0.0,0.0,-0.2375000273426059,-0.23631610988366414,-0.06664181693925607,-0.3774069007993284,-0.6054881032911518,-0.11685338263055028,-0.37774377364948236,-0.9139183430280965,-0.1830272353222427,-0.24434134699117127,-1.0989844613430442,-0.2374644024184424,-0.2583242932632661,-0.9872274768024775,0.02554839459158246,-0.29705533506283743,-1.2910305773332083,-0.12184491634297871,-0.3576586052060653,-1.2303059396042437,-0.23503680757953704,-0.3873971646996216,-1.0687851329222275,-0.28871461279891203,-0.09093544161061204,-0.9958095655092865,-0.009698180205014485,-0.10336394918846296,-1.380739506130269,-0.15222166462695916,-0.201161716375941,-1.293336950460879,-0.23097602612767762,-0.2571327903302158,-1.0981107703252082,-0.24727387918581523,0.07950549362438375,-0.9273646656318456,-0.07027843180767072,0.07423378361827936,-1.2135618807566375,-0.19642082429348717,-0.040257472589414464,-1.1148948960360545,-0.23805448909180316,-0.11125167526533568,-0.9554740986860892,-0.23089287766148775,0.25324163661186705,-0.800123199944364,-0.13968063918316478,0.230212526216989,-1.006198942047291,-0.21633399454273466,0.1161289406177956,-0.9578806389718599,-0.23115421183197743,0.024751596515526646,-0.8483642867833566,-0.22157215341335895
M,0.0,0.0,0.0,-0.23382869266223216,-0.22915407562542153,-0.0678180215159535,-0.37689954025189437,-0.594171003384659,-0.1198743556720999,-0.3835251498642842,-0.901278394799802,-0.18640973007401226,-0.2523842821492134,-1.0833166791751367,-0.24055446953219756,-0.2548174902031745,-0.9933161298276748,0.016846224928853945,-0.2909440488444665,-1.298244815802447,-0.12843611915409917,-0.35026392957279806,-1.232427450347286,-0.2393383508267532,-0.37883306125216987,-1.06680448748423,-0.29212980758032175,-0.08605100268575475,-0.9961222589500626,-0.018321303474394295,-0.09440358045260748,-1.3779631489550705,-0.1605095028526638,-0.1938886715179872,-1.2835968411964442,-0.23743843834286052,-0.2510090750441981,-1.0829707419841237,-0.2526016060256309,0.08304822127689317,-0.9227074760383974,-0.07827817478552558,0.08118730437843524,-1.1997107608194317,-0.20369468711399388,-0.03807599818795528,-1.1029933614107716,-0.24575573323403052,-0.11422450024880512,-0.9480707677781558,-0.23944813055824476,0.2524491211064515,-0.7910422669356013,-0.14694184185323442,0.23620172084570282,-0.9969859371559084,-0.22393308049564256,0.12178542152578603,-0.9525108774486679,-0.2398833183797676,0.028098175660630005,-0.8470675909474995,-0.23153275469729015
M,0.0,0.0,0.0,-0.2322306586014523,-0.22286279033094405,-0.0668518088645102,-0.37675411018508725,-0.5927446088868012,-0.11693526597302273,-0.3772176405819594,-0.9039215184329661,-0.18143408784465911,-0.23947925509075751,-1.073460366276442,-0.234318839140628,-0.2547209527617629,-0.988711108435667,0.02063228676054754,-0.28953243292519254,-1.2821179376048237,-0.12235836175410089,-0.34953240958409765,-1.2150723761042026,-0.2325783085522481,-0.38100770594189637,-1.0525385879636653,-0.28570128977117226,-0.08490749885885782,-0.9962895023638791,-0.014069261425790333,-0.0957520259956715,-1.3698180044791421,-0.1539947455385395,-0.1938672465126153,-1.2738909484793228,-0.23049765626341556,-0.25154764141864655,-1.0748594484485163,-0.24568276347277115,0.08532124122808923,-0.925156498175436,-0.07336963217049723,0.07878781694977825,-1.1954753838757421,-0.19698129199341144,-0.03695506702789911,-1.09253535612208,-0.2388239561010272,-0.11107168631461038,-0.9366830055048168,-0.23265446204220047,0.2558842172215236,-0.7942822992857087,-0.1412197985916464,0.22867911262974758,-0.986768217496571,-0.21636584083067434,0.11626662315216153,-0.9374695791507996,-0.2317975965781241,0.02610629440035638,-0.8350015727754678,-0.22351474065416602
M,0.0,0.0,0.0,-0.23411693658549,-0.22975933727131095,-0.06490538190737574,-0.37391365137004723,-0.6023168048519824,-0.1134245615586649,-0.3698973052086435,-0.9115585693602481,-0.17730124268539893,-0.22967181677768578,-1.0822409976418546,-0.22971824516513356,-0.25050514901680127,-0.9899811541283475,0.028307440544633338,-0.2864545756351501,-1.2791690178111201,-0.11421634852443002,-0.3467458314739037,-1.216210882018591,-0.2247873722228917,-0.3778094649218093,-1.0575306610798703,-0.2780411934574634,-0.08388647383064554,-0.9964476902494416,-0.00742024964628853,-0.09635852803404504,-1.367102354817394,-0.1458419316768812,-0.19128333219225688,-1.274533310612593,-0.22279954381833952,-0.24565620658051607,-1.0815047506823237,-0.2388940539791028,0.08493019410330699,-0.925472408537578,-0.06814041333313152,0.07733625583406774,-1.1972863026503138,-0.19137415659764692,-0.03647301413284317,-1.092538090806306,-0.23195390435344337,-0.10737766527090406,-0.9372634918826834,-0.22501193138416678,0.25515601875698746,-0.7949275311975541,-0.13745315953872705,0.22888259688780277,-0.9972539919900542,-0.21108614450787172,0.11840870222400159,-0.9432548070778655,-0.2239964729375718,0.03209430241888613,-0.836654461980606,-0.2141629888791545
M,0.0,0.0,0.0,-0.2332737851743922,-0.23215198656194738,-0.0659976884204404,-0.37200678672132304,-0.5988581355512353,-0.11520620995819059,-0.37123829991711355,-0.9063433465562318,-0.17947125517318702,-0.233130078142005,-1.076701117069992,-0.2321489002554305,-0.25278489664646725,-0.9863063197512411,0.02998701887219744,-0.28721502669206345,-1.269393035331091,-0.1120749504364074,-0.34552818963888254,-1.2044603191745122,-0.222964762488748,-0.37693355562311015,-1.0511862024400302,-0.27708921606358533,-0.08519252589765486,-0.996353324107775,-0.0047209184026451075,-0.09598092789854995,-1.3647461095106017,-0.1425129116101984,-0.1879253788579895,-1.271608198544225,-0.2201648768784612,-0.24035423834497643,-1.085250724888524,-0.2374705272833055,0.08440905360076327,-0.9278592479787884,-0.06459746343654858,0.0770515609372615,-1.1934333020209102,-0.18751511462130474,-0.03562474278273988,-1.0898641432958946,-0.229824275703122,-0.10571573449087382,-0.9411325520610949,-0.22450216837099438,0.2543326290701452,-0.7988837233849055,-0.13311232473206777,0.22790014119595725,-0.9921585388869975,-0.20598855277078326,0.11752699242817176,-0.9426852796490002,-0.22045219488238504,0.031128326491310084,-0.8439583562773086,-0.21240750690943155
M,0.0,0.0,0.0,-0.23192614100368592,-0.23364532920340828,-0.06399424934115784,-0.37157346395797636,-0.6016223349333234,-0.1136910188800391,-0.37183165139444546,-0.9106239963613871,-0.1792252855071998,-0.23097417145874075,-1.0803799167909858,-0.23359846532642406,-0.24728674744104331,-0.9885533132635497,0.028118844285102678,-0.2849210448796596,-1.2760067594661815,-0.11594353999727312,-0.3452534192555274,-1.2099061376324325,-0.22693199711159748,-0.37464659016660773,-1.0570506720636834,-0.28057744249806077,-0.07990591952207718,-0.9967639056481499,-0.008761302550268286,-0.09020172331348994,-1.3782236680248758,-0.14964834205467684,-0.18546708974850923,-1.2773342216676085,-0.22627647930882566,-0.23759235031302262,-1.0827387759598046,-0.24124968380768613,0.09016848361358523,-0.9267516281994524,-0.07036532267200207,0.08160500929860133,-1.2017140976384766,-0.19494849697029812,-0.033834535929742546,-1.0909652151780802,-0.2343018135113262,-0.10318801025649157,-0.9366510678949085,-0.22578336739446903,0.2615059953456264,-0.7974486158079473,-0.14045334967664155,0.2325333452891544,-1.0007229085100555,-0.21210626962430545,0.12016306118805764,-0.9467789339001749,-0.2232470285198365,0.03411359480568668,-0.8433837552814866,-0.2124698046852545
M,0.0,0.0,0.0,-0.23477373319563694,-0.23672819167669515,-0.06379146064994218,-0.3725551445091934,-0.6083056185749244,-0.11169615615709695,-0.36891580802722296,-0.9195843385542448,-0.17615731754947686,-0.2315262651507482,-1.0992046403864544,-0.22942182974422928,-0.2506289723916998,-0.9855686540779712,0.03325297035755779,-0.28862888059453523,-1.2795950047206461,-0.11153307705957387,-0.3489082480442162,-1.2173350021345886,-0.22292835876575695,-0.3786691516596342,-1.0618439114090086,-0.27576085847366677,-0.08173953645469159,-0.9966488025083182,-0.0031325131934816534,-0.0916460330555336,-1.3840398594415444,-0.1433379208290116,-0.18807106384026342,-1.2905028560615086,-0.22006958475012217,-0.2412592925730615,-1.0990198410138325,-0.2346735944730728,0.09080369172916448,-0.929201915205713,-0.06474479026230617,0.08109762235486578,-1.2107828290298235,-0.1894063435003895,-0.035141573720592165,-1.1013524935597914,-0.2272714370446302,-0.10357672743555854,-0.9449629965818989,-0.2169292895972045,0.2652925877262479,-0.8023609783780801,-0.1350010101786281,0.2387975148840764,-1.0074984400933231,-0.2070557824192499,0.12683097407075794,-0.9566934590835545,-0.21696139995330885,0.041658388805859745,-0.854218690697636,-0.2043918071608945
M,0.0,0.0,0.0,-0.23151113206585164,-0.2348860032769152,-0.06839803647186021,-0.3714233915960738,-0.6082879981508722,-0.11942293470285548,-0.36844644298382145,-0.9171237091324496,-0.18644336542847262,-0.2259056137173812,-1.08925433022531,-0.24236676408510618,-0.2520576216688942,-0.9890376023555456,0.026718114758742226,-0.2874695873298965,-1.2870953910103309,-0.12141093801742628,-0.3504868434772005,-1.2248271887669155,-0.23412139595639253,-0.3811355340769394,-1.072394129519357,-0.2877145316619902,-0.08114121498821647,-0.9966541633241938,-0.009827612059263812,-0.08610502416548155,-1.395113092594635,-0.15625970017310156,-0.1877856510820582,-1.2957370351954816,-0.23377282047828374,-0.2422267315350237,-1.1015323263806245,-0.2470489407906336,0.0932440386951413,-0.9248484012420789,-0.07183080085005256,0.08576686859732185,-1.2147845581987962,-0.20290171149412412,-0.034418731980570466,-1.09375337209843,-0.2396958511770902,-0.10072042238466271,-0.9342980799534718,-0.2263639204508384,0.26942505572708664,-0.794452861730658,-0.14259096551795233,0.24625392842931623,-1.0092712980580405,-0.2167082519158762,0.1333811386149518,-0.9491777113607963,-0.22363122534090718,0.052753448245359234,-0.8411169539221741,-0.20830923926593187
M,0.0,0.0,0.0,-0.2335824211902675,-0.23330864392303938,-0.06447918946599122,-0.37259418587809107,-0.6044912869502659,-0.1118566351878592,-0.36459686494034926,-0.917896456356925,-0.17523546663476866,-0.2200707762582141,-1.0924155039009473,-0.22728526097743654,-0.25429487359421765,-0.9859252599318963,0.03477980276152805,-0.2910919343410691,-1.273763083879276,-0.10874395780080115,-0.34724574589664475,-1.2082981307324614,-0.21989249918928208,-0.37502172935238015,-1.0502675711684764,-0.27284130381641286,-0.08491205820945386,-0.9963881274206812,-0.0008011902037118012,-0.09692568390170234,-1.3736904291648016,-0.1386788456346892,-0.18801673216216613,-1.2752353153169977,-0.21448324109913425,-0.23864846399348036,-1.0847900702142987,-0.22925109615315126,0.0877510431575801,-0.9288304844401606,-0.06178415813673019,0.07847829242959284,-1.2047017987547366,-0.18520820834571,-0.033451238846505436,-1.086993085306541,-0.2213402516043498,-0.09977397572576835,-0.9288293210806681,-0.21031923816239595,0.26226272275815016,-0.801214213767586,-0.1315266084216031,0.23250515030023955,-1.0046689202880883,-0.20256926441841272,0.12356002390882637,-0.943636172914339,-0.21048959761807462,0.0425607314590493,-0.8369499028708066,-0.1968297455340117
M,0.0,0.0,0.0,-0.2286152230624493,-0.23228107889137853,-0.06441243994748402,-0.36680818853523905,-0.5983541286892965,-0.1146578030592701,-0.37081701908863873,-0.9035653684240021,-0.18031408582717984,-0.23705186116674568,-1.0759080455795247,-0.23434116483194747,-0.24026710453427844,-0.9906921365913597,0.028426259518149075,-0.27372970937304975,-1.27685824836111,-0.11424164721213602,-0.33567387667979626,-1.2105541740113483,-0.22426563126592927,-0.36886333629368,-1.0548905236001094,-0.27743937256688583,-0.0724502277080726,-0.9973446502712314,-0.007390066332836801,-0.08624791954829833,-1.3671713250204824,-0.14685631552385958,-0.18202042852036057,-1.2677919873655472,-0.22270907963745173,-0.23633157566552374,-1.0795050364047218,-0.23767651204527515,0.09750898730146768,-0.9270193998211825,-0.06794086717390206,0.08466228836992544,-1.1916552636173428,-0.191663465231669,-0.031244650180750486,-1.077283802460809,-0.22834233821481434,-0.10218409158845614,-0.9246106678839147,-0.21840410063312787,0.26788640771182454,-0.7966045146859051,-0.1369979623109984,0.2370267842746303,-0.9879408157279616,-0.2094876017307658,0.12609278632960558,-0.931785745415637,-0.21951777987940993,0.04231976313392574,-0.8334820135332818,-0.20761539472278584
M,0.0,0.0,0.0,-0.22578155842745545,-0.23526105784979598,-0.06621619632318947,-0.3586809194680168,-0.6014684674777283,-0.11758958829960411,-0.3498020931577684,-0.8976853764862596,-0.1836816585562567,-0.22294542242668589,-1.07477200707937,-0.23792613074490235,-0.22649068909213324,-0.9965321592784533,0.02055528614341158,-0.26081934111071897,-1.2852158116130932,-0.12722871703647326,-0.32831435137579584,-1.221312660295412,-0.24060438947494062,-0.36798120293448044,-1.0630856574560217,-0.2951993550044789,-0.05950085732493905,-0.998101023876016,-0.01593719282827919,-0.07333006525997995,-1.3705117801881128,-0.16141940466831398,-0.17102615401832352,-1.2695515250877791,-0.2398385650895931,-0.2283609535550811,-1.0727714388901428,-0.2552152989370512,0.10876687893885274,-0.92174265361835,-0.07726173894842595,0.09825983603702415,-1.1871653508513813,-0.20567371104146762,-0.020425205758780294,-1.0780346267895942,-0.24417996045655163,-0.09650634227240383,-0.9252086554057934,-0.23462450691483128,0.27752296418273614,-0.7862623508183971,-0.14715164204620793,0.2522320548883479,-0.9777525697186198,-0.22486900622063674,0.13787448877360864,-0.9237958072876187,-0.2369021155191303,0.04796607761465162,-0.825214078514311,-0.22525547083314787
M,0.0,0.0,0.0,-0.22619633643210743,-0.2327871572049101,-0.06436114311633084,-0.36070006510065344,-0.6044994986358604,-0.11373516024298551,-0.3567631975241433,-0.9081282893171042,-0.17818028780966338,-0.23231105385232373,-1.0887050928446045,-0.23087205978443706,-0.22610493384436908,-0.9960541077370357,0.025060850336512005,-0.2615776225152398,-1.2817024281839482,-0.1211428193315257,-0.3344848773414744,-1.2210384921355242,-0.2338322309328994,-0.38048698985383017,-1.0682212715680388,-0.28857167878643175,-0.06051314106190218,-0.9980979390185517,-0.011775563075350132,-0.08024221607600406,-1.3542994155762778,-0.1550280750060944,-0.18368719116509377,-1.2605811027827771,-0.23235038576243802,-0.24650930814593855,-1.0739921687056868,-0.24785245265451122,0.10563632320524671,-0.9222409259968882,-0.07368091686173088,0.09151404490228357,-1.186432006891068,-0.20172243195865508,-0.027939109983610835,-1.0809005845460107,-0.23928083271172623,-0.10578750385669576,-0.9300500622746082,-0.22960792246536088,0.27246262941957183,-0.7865144466767625,-0.14410365796701755,0.2418740013863309,-0.9760386765145131,-0.22569858172302723,0.12407882002232294,-0.9186758394101661,-0.23952368109555106,0.03161411107457527,-0.8176659526712022,-0.22837895296683067
M,0.0,0.0,0.0,-0.2294443233699747,-0.2433867969090706,-0.058193788283965424,-0.3617442089238674,-0.6055128051891219,-0.10787643692557686,-0.36873777881954,-0.898258335448016,-0.174317195844886,-0.26863837711551636,-1.080864849904903,-0.2294137341110417,-0.2178916885273174,-1.0046723800135218,0.022921633893802338,-0.25292517797637754,-1.3028143703485282,-0.12591019351989352,-0.3307578703307946,-1.24294003601262,-0.2401025867505524,-0.3821388197009347,-1.0903616719375082,-0.2955833397490326,-0.05410714436612627,-0.9983470560917193,-0.019379693535776843,-0.07684848119615677,-1.3674231332217741,-0.16847636724673523,-0.18530940532126458,-1.2759371327613016,-0.25048404332906643,-0.25214332436091663,-1.0847199358762178,-0.26857496787123486,0.10918335220496737,-0.9192592420490946,-0.0857768861699861,0.09700344781985137,-1.1936855886517437,-0.21755853395966904,-0.02615500370846363,-1.0998617953887582,-0.2604547645879829,-0.1106235475383648,-0.949613650273387,-0.2542491656423183,0.27414125939264006,-0.7832776921032725,-0.15998345564614036,0.2453373527246914,-0.9799288298761386,-0.2457354623868041,0.12028039127468097,-0.9312878637798528,-0.2641500958820951,0.01572290919397559,-0.8308227814106744,-0.255936773172958
M,0.0,0.0,0.0,-0.22507588322106903,-0.2483009991927016,-0.05706718048356693,-0.35310797346663103,-0.6039201276828998,-0.1072001166164678,-0.3593291030928232,-0.8890574087141315,-0.1741167245981319,-0.2591532693296752,-1.0606446928344022,-0.229687618371444,-0.19949991503586487,-1.0089861535644624,0.025701884552177298,-0.2302374036031995,-1.299389458603958,-0.12200758534665626,-0.3093982292751085,-1.2421486999505358,-0.23551204168659595,-0.3670911338926092,-1.0970953658799882,-0.29104946314020724,-0.035578786829019354,-0.9992295416288222,-0.016567228616433928,-0.0575103588338694,-1.3496626057659815,-0.16566330403971435,-0.1689580112367067,-1.255676646416072,-0.2464551532783966,-0.24325606267238611,-1.0719138269772732,-0.26318841291347517,0.12560798961881062,-0.9164018850531506,-0.08300723954190735,0.10672945749524006,-1.169709087312078,-0.21407161275585168,-0.018908828587660638,-1.0735099520854112,-0.25531535899528307,-0.10785387816248179,-0.9315570200900055,-0.24784799965872753,0.2864718594493768,-0.7754610083581717,-0.1572752222163518,0.24574497472231752,-0.9492050939220191,-0.2418990828036358,0.11642317550542743,-0.8999313465754227,-0.25970769913286085,0.009694101509732805,-0.8103519887524372,-0.2508307153108612
M,0.0,0.0,0.0,-0.22348222811868645,-0.24487155859932602,-0.0538827890913497,-0.34553546854061656,-0.606402780343222,-0.0998727705294747,-0.35022466717642675,-0.8888605364627645,-0.16264425616095007,-0.2649247402306007,-1.0631613075310575,-0.21510076415619242,-0.18549265041105392,-1.0125088573972199,0.028938306575990932,-0.21814646866818935,-1.2987161284016966,-0.11330307976492013,-0.3043545772931122,-1.242050240102503,-0.22383985185220923,-0.36675480308513075,-1.1078696624746136,-0.27942374483083554,-0.022482874960144207,-0.9996444869631105,-0.014332481215276483,-0.045463252151434916,-1.3497698457791114,-0.16187901033040616,-0.1643136538852813,-1.2549032774742042,-0.24268795918430378,-0.24289902948286138,-1.0765485355223796,-0.26035697182214584,0.1358884125070876,-0.9131023411258464,-0.08119698217119195,0.11528528922030234,-1.16879082757944,-0.21269909134391304,-0.01895310623444995,-1.0732938336673423,-0.2561132921969015,-0.11338402393694788,-0.9371862512584254,-0.2509627274717341,0.29308912908759865,-0.7679467490273831,-0.15534277463465096,0.2574817995153634,-0.9441017243571653,-0.24317379220288574,0.12278931322106268,-0.8938693658756511,-0.2642389058578896,0.011124457225721439,-0.8066816196527178,-0.2583052313224499
M,0.0,0.0,0.0,-0.22156115355909456,-0.24298300952645183,-0.05248510068150471,-0.3412889682544181,-0.589926905982716,-0.09885422477006289,-0.3535973538837724,-0.8605606648677433,-0.16132073211763437,-0.29546782371954755,-1.0334531635603776,-0.21413063565522122,-0.1665845550710512,-1.0116105258644033,0.030080258688267685,-0.21347760560043927,-1.2759418254739732,-0.1123591493416146,-0.3030502159115353,-1.2154082605528134,-0.22402363960462174,-0.3676981751193436,-1.0877018569367594,-0.28076931794900145,-0.00290367760053325,-0.999916387001138,-0.012601097689584926,-0.03902320295425518,-1.3193602590595943,-0.16093263189125398,-0.15992466772049896,-1.2173640918505022,-0.2428335048113,-0.24183318799387124,-1.0453944762300709,-0.26174709980590927,0.15258926021955563,-0.9141018775938975,-0.07884725918489201,0.10757526014209529,-1.1276193865402864,-0.21178723601816848,-0.03394810251867421,-1.0315342097625,-0.25792744184467636,-0.13573038022886025,-0.9059602712124621,-0.2551644188107314,0.30202104999372226,-0.768804528337046,-0.15204656098237643,0.23307033757715193,-0.9016427670037755,-0.2425964486778971,0.09489545189925606,-0.8465468367086503,-0.26739857665200384,-0.016933769682620052,-0.7697521855245067,-0.2639086886410073
M,0.0,0.0,0.0,-0.21853740079501266,-0.2362135302542159,-0.051294913223216596,-0.3378438806268657,-0.5884718836867626,-0.0943112481677934,-0.3401707827283042,-0.8630043223326245,-0.1528480914788819,-0.27140434526872564,-1.0190855382337878,-0.20184287832876524,-0.14606020251984664,-1.011950923330308,0.03257740834691708,-0.19240760133888146,-1.267610249360187,-0.10476289832762342,-0.2887709620860358,-1.2022081370811128,-0.21264829338492214,-0.3548861025754358,-1.0759384705284478,-0.26875426505013217,0.015156888704464144,-0.9998364139116463,-0.009869860237077008,-0.01734966238166172,-1.3159036406264257,-0.15702898466630405,-0.14511113088877092,-1.2073087848546353,-0.23766442189722406,-0.22968249325982049,-1.033601549270741,-0.2554418070137721,0.16716696784120152,-0.9124302699001784,-0.07544692477834646,0.1186384750673047,-1.1165038416435114,-0.2066038015979822,-0.024992721971976162,-1.0183875806329272,-0.25385885141989056,-0.12543833405803698,-0.8959961470435323,-0.2523359192377699,0.31257272914501855,-0.7666818406136447,-0.1479620939250168,0.23181875215152326,-0.8879068090304273,-0.2372848544691447,0.09339294362154854,-0.834686081999517,-0.2642914808222275,-0.01462866384270624,-0.7641111714041053,-0.263223021706794
M,0.0,0.0,0.0,-0.2159553036595011,-0.24120875029698857,-0.05078615738761314,-0.33618302252477483,-0.5936621716068645,-0.09421957324533178,-0.34034817917298493,-0.874704090011729,-0.1520939742697106,-0.26238999593365503,-1.0169134026376891,-0.20043351367016166,-0.13683220024709117,-1.0136921176330678,0.034830937936229545,-0.18395699524746165,-1.2569999923593966,-0.0981915041512598,-0.27620320513567304,-1.1943542070031758,-0.20428176127751052,-0.34168785596315643,-1.0767902251694839,-0.2604512104855745,0.02442948777903062,-0.9996835156602379,-0.006005717612499299,-0.013168097009137765,-1.2935481078885422,-0.14580435115879073,-0.13683331571485985,-1.1896517667130568,-0.22306489064500964,-0.22279795477510644,-1.0278641356340077,-0.24078188845369153,0.17454802461873847,-0.9099026754520798,-0.06986130111165711,0.12179197649953724,-1.093210468458176,-0.1944933456961451,-0.02201710281798909,-1.0083001323506164,-0.24130525198740393,-0.12919013056393971,-0.9009939921176047,-0.24203539535873334,0.3153858696231201,-0.7599581515842844,-0.14065780364381444,0.22743346699910533,-0.8622562133585618,-0.2260014292627664,0.08948096528968089,-0.8127277712280044,-0.2533101252640265,-0.022210078741968828,-0.7501953917615983,-0.25394582569760865
M,0.0,0.0,0.0,-0.21431647585681074,-0.24015367800424858,-0.049533837015770875,-0.33502304829573215,-0.592604772064329,-0.09329295673992494,-0.3440262363980681,-0.8746748833528992,-0.15197006133938015,-0.26511048701208584,-1.0317732819351582,-0.2011025056811471,-0.1386665924867736,-1.0115066692455499,0.03361161961753219,-0.18441451166823603,-1.2629592866346342,-0.09987748198569336,-0.27747599184374994,-1.200321277411917,-0.20560585210719484,-0.3430542524647511,-1.0841127475444072,-0.261624814299012,0.022530587574288257,-0.9997178125743248,-0.007527804803846171,-0.013183092855573456,-1.2988778313704412,-0.1436321214714048,-0.13835705298800957,-1.1988300297542243,-0.21824982098975493,-0.22538400829752228,-1.0406888045635083,-0.23607392684193154,0.17375596015946632,-0.9121325272631163,-0.07162329342032295,0.12559191322376242,-1.1031107342810498,-0.19314536855704675,-0.023487244068656803,-1.0150349709234905,-0.23654690450448287,-0.13537717455244425,-0.9043717963155415,-0.2367173054377925,0.31674975034937236,-0.7634096394662552,-0.14274499921226586,0.22778593013273835,-0.8620544196587266,-0.22633270853522816,0.0860897384938105,-0.8076982743078318,-0.25206600653479433,-0.029927759146805046,-0.7427852619211913,-0.2523222271072163
M,0.0,0.0,0.0,-0.20988259265175044,-0.2303484529287301,-0.048726590555054655,-0.3326434339998947,-0.5781143664450237,-0.08957788998821851,-0.34417104320753517,-0.8479620319390463,-0.14368241556039751,-0.2788959971441145,-0.9994031546124742,-0.18880585812914266,-0.12221901852281446,-1.0139953122597414,0.030108485057030187,-0.18343477471290834,-1.2326241082678098,-0.10402975422535554,-0.2804082816067265,-1.170737097856443,-0.21117335815668872,-0.35063165971306837,-1.055380499086652,-0.26761683364725003,0.038408812384802316,-0.9992138452223573,-0.00982113268110892,-0.018002464992275972,-1.262329982798182,-0.1478077104253966,-0.1457580073178542,-1.1569896215477207,-0.22288594107651433,-0.23231895009066073,-0.9983125718771237,-0.23998238629718924,0.1850376063862223,-0.9049978294931642,-0.07239441173790208,0.10999039865167448,-1.0530060080189076,-0.1974796442543208,-0.04029862029848638,-0.9700800976241225,-0.2422703463611578,-0.1487435095029768,-0.8702875785777628,-0.2418814132313178,0.31456064486909274,-0.7494174579176041,-0.1416155294322357,0.19574554427117716,-0.822956214841606,-0.23139991183119057,0.05264772637741535,-0.7751816079046738,-0.2601534889328791,-0.057538371084486076,-0.7240967336861698,-0.2603404707485274
M,0.0,0.0,0.0,-0.20085213553350106,-0.22954288485750593,-0.047262564152743845,-0.322506361140013,-0.5777856517908792,-0.08627784296166398,-0.3397482347138299,-0.8377084941348371,-0.13756047447260147,-0.2853655754571034,-0.9974186672273518,-0.17993490414736749,-0.0976210123889423,-1.0166930027456849,0.02555831707776511,-0.16573454939146445,-1.228322943804641,-0.10768210565598596,-0.2667383368834858,-1.1699396526371109,-0.2129174154417826,-0.3391750553825018,-1.0566945998440194,-0.2675943376299364,0.06559089412795069,-0.9977604680833594,-0.013110413325731216,0.0021761200088635953,-1.249692761935415,-0.14999425247684278,-0.13284829444863486,-1.1477738126403003,-0.22158169028887428,-0.22421191752148747,-0.9893927036626966,-0.23592506717754191,0.2099815964419934,-0.8997349974020001,-0.0738001139440572,0.11520505005028209,-1.0307208222553341,-0.19841803061724334,-0.04365933845858414,-0.9519271890050041,-0.23906452256923097,-0.15512528328916303,-0.8560019229457864,-0.2355155463458789,0.3315918710351399,-0.7415740067227391,-0.14103157158885116,0.1929638367131888,-0.8006369040556144,-0.23185730554229542,0.04404254770734914,-0.7526834426217698,-0.25883133191656044,-0.06679173751791949,-0.7052755549240816,-0.25650378976970734
M,0.0,0.0,0.0,-0.1943736537565611,-0.2294614081851984,-0.047943815594878814,-0.3159787208457228,-0.5742115935352045,-0.08874595465936816,-0.3421892621407213,-0.8261519743382418,-0.14183454042146676,-0.29327030607612614,-0.9932265536459395,-0.18584391357833524,-0.07532351495110372,-1.0196750753200374,0.01949762825714125,-0.15315545209656103,-1.2306643011480183,-0.11812702815860467,-0.26117420117650214,-1.173036898188092,-0.22528630019956392,-0.3380567601073236,-1.0564050760288715,-0.2800507855740945,0.08688427477180732,-0.9960269105496157,-0.019532441177811225,0.01565111571062728,-1.2475325684158711,-0.15962709350711332,-0.13067230119725684,-1.1448136968777949,-0.2300487008718773,-0.2287525536514232,-0.9819689917280732,-0.24277231729881146,0.227370814137355,-0.8915446225688549,-0.0808193119130659,0.12493933569831338,-1.0230275103703417,-0.2087972573907721,-0.044411135356984356,-0.9420351574575633,-0.24761006328580532,-0.16011864899035985,-0.8421064696161179,-0.2416103463065871,0.34161411261382946,-0.7263544482019185,-0.14863376247581175,0.19786742371903276,-0.7871288237627128,-0.24156767787792988,0.04181224428569069,-0.7428479417887927,-0.268072629059858,-0.07254695608533744,-0.6979348676627615,-0.26441538383506424
M,0.0,0.0,0.0,-0.19051798504499368,-0.22886908233816775,-0.04915336307852333,-0.3116239269583193,-0.5789621512403011,-0.08814763604062514,-0.3370536063946886,-0.8347023097413658,-0.13855116482420893,-0.28737040149560006,-0.9962961359799819,-0.17998983397527493,-0.07121633773114824,-1.0185389675601322,0.01848996932053479,-0.14869619616747057,-1.2218392208586002,-0.11698837550937007,-0.2570093173509766,-1.1651366517791788,-0.22240293041765669,-0.33468555916063647,-1.0606184872582194,-0.2771043073146081,0.08995538945366395,-0.9957568865531944,-0.01939718510837061,0.014916551308153045,-1.2454375985102673,-0.15988797017528458,-0.1310345701653423,-1.1438921917745934,-0.2307161578681587,-0.2293357164192585,-0.9866556439888458,-0.24358061023825306,0.22812164507297863,-0.889934149787131,-0.07923513077565215,0.1123073229078906,-1.010207161491319,-0.2087165921674809,-0.057839732547254157,-0.9317339394343076,-0.24952438196739415,-0.17311033389727282,-0.8403296413218025,-0.24433446394562658,0.33771716041571076,-0.724823129526035,-0.14546569730627468,0.18483180999476823,-0.781988755575922,-0.23883850175290977,0.02996187859882252,-0.7391160115966398,-0.26661230649602347,-0.08193407658714061,-0.699241601743615,-0.2640695621218006
M,0.0,0.0,0.0,-0.18530496603446722,-0.2320809388574915,-0.051482685127180135,-0.3014953162337378,-0.5879092804461576,-0.09073826346008185,-0.32736523564219583,-0.8430989148256678,-0.14085318312027298,-0.2859123442464589,-1.0036539731003025,-0.18127497669740497,-0.04105095460257164,-1.0201819771668172,0.013993743830773599,-0.12734204914445182,-1.2259844736130543,-0.1262009360068487,-0.2453583814625398,-1.160625777324265,-0.23281938754408338,-0.32927060828791826,-1.0473967293796878,-0.28691099271489723,0.11790917290733266,-0.9927614504043899,-0.02285015394435804,0.03110969418419468,-1.2359789577254776,-0.16627956803656085,-0.12456017660079055,-1.1326553910604702,-0.23589176533417766,-0.2288166709597656,-0.9768438277655827,-0.24712565839549885,0.24894305955853743,-0.8813827713548318,-0.08251638201747225,0.11951122389869122,-0.9969575779620894,-0.21584329871556884,-0.05754673964359357,-0.9180001388416515,-0.2568369577444912,-0.17693086749697035,-0.8298636595633919,-0.2507290493371039,0.34825420051285433,-0.7127587162537213,-0.14878637274916895,0.1818103588053171,-0.7606294239208405,-0.24658329738279933,0.02322582325005352,-0.7213004961283137,-0.277402174810646,-0.09099720833182881,-0.6895191865674084,-0.2758209282314669
M,0.0,0.0,0.0,-0.18325546107461338,-0.23099115144175145,-0.05612085818369373,-0.29792537441291095,-0.581655486469334,-0.09852174061841369,-0.32260633391853266,-0.8327638678035812,-0.15094410918457662,-0.29251249961822345,-1.0044224113405236,-0.19337872573558434,-0.039150307355588096,-1.0208854667499851,0.005964161195571926,-0.12744061230912568,-1.2339370145744384,-0.13759770071538818,-0.25002691777495634,-1.1642214243587972,-0.24615456868530056,-0.3366605202231123,-1.0441696478611107,-0.3007552581514401,0.12109846400352085,-0.9922183469314259,-0.02894674469878544,0.0273189203440977,-1.2403488942449634,-0.1735556022152805,-0.13423413227763367,-1.133670302881337,-0.24369053292860843,-0.2407255782814226,-0.9759349080454865,-0.2560283686258086,0.2524849035738951,-0.879620476901904,-0.08698510978939247,0.1210647634981095,-0.999067436882261,-0.2223789069320921,-0.06104488039251784,-0.9129423894014029,-0.2630289091857364,-0.1827703889062989,-0.8202459226233383,-0.256809552615274,0.3523258774991668,-0.7104579218614919,-0.1517965818429026,0.18470207319519652,-0.7631418502678587,-0.2505912940001076,0.024097653949193266,-0.721720881731177,-0.2806192509826579,-0.0915208927648324,-0.6884683420805834,-0.27856804641725486
M,0.0,0.0,0.0,-0.18772679985853283,-0.23382528114215986,-0.053292231711233956,-0.30237962996229933,-0.5837530617906257,-0.09416812272687314,-0.32287614502337747,-0.8344716967917888,-0.14542555124150527,-0.2954215041778607,-1.006199333073187,-0.18696152269380154,-0.041196687840501185,-1.0181477913264518,0.010668432572135596,-0.1300453307421277,-1.2268976709993142,-0.13194344171573552,-0.2543979433571871,-1.1635166592467603,-0.24024030794070972,-0.34351381966701217,-1.0507843896720768,-0.2947881151409156,0.11694694270882584,-0.9928055156336442,-0.02570254303512489,0.023487445961708993,-1.2400305407627061,-0.16990606429509725,-0.14161035934048385,-1.1369377106716576,-0.24001476240541308,-0.25248241141374234,-0.9838199718753121,-0.25223570714294474,0.24634143079550225,-0.8830930913270107,-0.08518045192171421,0.11020325018338524,-0.9961290515557695,-0.2200460467949529,-0.07465438238389754,-0.914000754174835,-0.26204641037583615,-0.1989430601244148,-0.827242566159923,-0.2569053550321239,0.34279832376764185,-0.7164637225133144,-0.15120154409368386,0.16764442474322475,-0.7616513114270603,-0.2479763155150919,0.009048939855841548,-0.7181096863480857,-0.2776532769260663,-0.10448898097501057,-0.6859669669490642,-0.2759501578277471
M,0.0,0.0,0.0,0.28883589703920426,-0.08511131969199655,-0.1203829711229526,0.5399331921016559,-0.35867295729362925,-0.1756334686515193,0.5339907946619046,-0.6795559739236713,-0.22634500675486494,0.3933014571770361,-0.8935847368829902,-0.2621212791035929,0.5103725540186324,-0.8587024327555788,-0.05158926966801122,0.5919403930920563,-1.1121784203080318,-0.16897777460832414,0.5550467681167972,-0.8906851011811264,-0.25845495234152327,0.5056207251735683,-0.7138835535387924,-0.30799886868747894,0.33212930048237715,-0.9416799743856764,-0.054119807853305876,0.434275507651354,-1.290691702002313,-0.1715765039322396,0.40764673085283937,-1.0521170461103388,-0.24243292048321255,0.3573203718041264,-0.8485475960506226,-0.26758451546622164,0.1459698881307093,-0.9460708767051157,-0.07630236753648108,0.21824875856804055,-1.2824130609434927,-0.19594061402003443,0.23584948282718876,-1.0344643164281635,-0.22132624729700331,0.2161649857205909,-0.8271442530393559,-0.2124142901971833,-0.05133513090820248,-0.8791910137105206,-0.10871280973613602,0.034622721503070476,-1.0330063866202208,-0.20309244313259023,0.10533120596129772,-0.8700273914786474,-0.21479384388810024,0.13495740643659915,-0.7383305472695368,-0.20503790989107565
M,0.0,0.0,0.0,0.25556971435585935,0.06960922132069272,-0.1795211288014,0.5567895291079556,-0.25890004226270374,-0.23910121525249095,0.5492125813518155,-0.6350182194406575,-0.277675033211491,0.36268073458223177,-0.8700707540665591,-0.2983936815693115,0.5127761578513815,-0.8256688622705813,-0.10838680823781818,0.6211792347553057,-1.0773725049388592,-0.2594742610374699,0.58369470933462,-0.8764951617547145,-0.3448575624182084,0.5030057432469256,-0.6667639616544884,-0.3735139750591016,0.30043825599259827,-0.9503565835890857,-0.080989001506421,0.4146234326888238,-1.3067930862189456,-0.23190445025742082,0.3968825006162873,-1.054947800973717,-0.29128780167990215,0.3501117496628238,-0.8046613813127168,-0.28812708610840276,0.08808972429689563,-0.9712556402103725,-0.08256512396652314,0.16196469917333897,-1.3239839242309037,-0.24999995382769963,0.18189272019203961,-1.043352243370202,-0.2812285544754022,0.16816561454026427,-0.7917283244788198,-0.2560174878986453,-0.14326761326990353,-0.9101686248938765,-0.09597808471909018,-0.040456893569269715,-1.0497609720489014,-0.24136219817436508,0.042513767013171395,-0.8276866710638043,-0.26921798478578607,0.0831550882529925,-0.6429573788898258,-0.2543695309937363
M,0.0,0.0,0.0,0.2932707736490134,-0.09019736277445102,-0.11266988108362257,0.5458501603598302,-0.36662916913876425,-0.1639821856088197,0.5377761154162418,-0.6789872683342434,-0.21222925064247508,0.3996440663089296,-0.8795481750432804,-0.24499923934769802,0.5048707964793393,-0.8673284202745801,-0.045095380958264,0.582761989130403,-1.1281341923996193,-0.16402764832602454,0.561727868183631,-0.9087385246085882,-0.250772698192732,0.5204291238427763,-0.7276373312631215,-0.2956366883943869,0.3244350904529569,-0.9446207188824652,-0.04933122277783434,0.4180431870977078,-1.2951365424519166,-0.16767500826177617,0.40111090013874523,-1.048660796965833,-0.22997745835127292,0.3558230181231522,-0.836767897353514,-0.24688105619199943,0.1365440556049458,-0.9458481287270012,-0.07376401939564774,0.20226760996410492,-1.292960122745728,-0.19359848714793884,0.22694097548712758,-1.0321955538181555,-0.20822416064871757,0.21541677523566288,-0.815221074998264,-0.18957335235541373,-0.06247919231863024,-0.8784323479118842,-0.1082621968746175,0.02072743552562783,-1.0425985816585526,-0.2024123800460397,0.09815202980537911,-0.8780256612168883,-0.20883613949109164,0.13596609724048006,-0.742336182199401,-0.19300173678462848
M,0.0,0.0,0.0,0.29362846274728754,-0.09265995991366008,-0.1165440274052664,0.5420012064010303,-0.3699508688453164,-0.1717286232663519,0.5274541247244362,-0.6821497068498418,-0.2233557809617258,0.39190242496015726,-0.8925156100976613,-0.259159969022863,0.5000114286610233,-0.8682823566426026,-0.056091985009157255,0.5846344420722965,-1.129550714683164,-0.17798095489048715,0.561050699985481,-0.903115626659336,-0.2647426111554751,0.5136816587804206,-0.7226193993027624,-0.30922374254161245,0.3193107296552134,-0.9457495349347115,-0.059987291135976006,0.41880255370871033,-1.3001677328818952,-0.17943352754009945,0.4016390420468216,-1.049772020268657,-0.2421918768799059,0.3550221964373622,-0.8391126374277995,-0.260474713880405,0.13125084488785163,-0.9481332438981779,-0.08392953821935735,0.20262893817819402,-1.2983225556086326,-0.20484738337064567,0.228400437231291,-1.0342519046472316,-0.21984174677994445,0.21490216956251243,-0.8155492976656337,-0.20224245771813779,-0.06785992539580572,-0.8814678634005426,-0.11798161359456767,0.021189719860339476,-1.0489909026963546,-0.21251962430733387,0.0992777117453602,-0.8836314066188882,-0.21866771630710852,0.13255793887365006,-0.7465903371551824,-0.20329275706002814
M,0.0,0.0,0.0,0.29074758025521735,-0.08157279952743872,-0.1186304323849033,0.5467931394792175,-0.3546566740566843,-0.17374307488827187,0.5438765865814159,-0.6706999567079515,-0.22451127811069527,0.4062491502293895,-0.8799966885677717,-0.2598623231783149,0.5012794581959721,-0.8677365794305971,-0.05605389131634013,0.5851233183655341,-1.1252681109649874,-0.17731254655299783,0.5646685845333494,-0.9064980543534933,-0.26459803630083467,0.5206055856724675,-0.7270208311687911,-0.30972246788560825,0.32128405437695384,-0.9451541063197527,-0.05882407423849615,0.42029340889540767,-1.2947194322905597,-0.17868593462804958,0.40521412908308746,-1.050482360978481,-0.2435574735758776,0.35889860793898226,-0.8395314714558397,-0.2632443731513295,0.13336629404966316,-0.946012231318478,-0.08174379558165977,0.20529244633739824,-1.2896356782312197,-0.20409995865816366,0.23276584751990587,-1.0321555180528177,-0.22283795390663177,0.21964582655423256,-0.8163292634931711,-0.2076859166194717,-0.06512190451023263,-0.8767692272893806,-0.11485226458647514,0.02700726196534483,-1.0402634815038128,-0.21161477838200118,0.10505799665548587,-0.8761838171848363,-0.22081615601791224,0.13788116617986387,-0.7401591671396429,-0.20762083692881486
M,0.0,0.0,0.0,0.2933290081035189,-0.08794082248917601,-0.11489033503653638,0.542091350394066,-0.37071535759515206,-0.16671150555104383,0.525341522265323,-0.6826671202601933,-0.21472591084279455,0.3841495967366965,-0.8854501525934674,-0.2469383193052831,0.5015255827533602,-0.8663849044309442,-0.048630865151680615,0.582309793911775,-1.1134181862986856,-0.16676041054419466,0.5589194487477095,-0.8866900241106438,-0.2520825019806882,0.512847192898367,-0.7105991396958385,-0.29688131016524055,0.32224429723947895,-0.9451921253348367,-0.052635150818144204,0.4193885419122874,-1.286239954672327,-0.1709783029088613,0.4027525613834001,-1.035505514016314,-0.23396016543376533,0.3552827817741125,-0.8279993627991903,-0.2520638794484853,0.13488250043897757,-0.9481045781920779,-0.07670636146976108,0.20550759217903514,-1.28555597963882,-0.19847697324066207,0.23120290652298786,-1.0215169349012545,-0.21525103845609295,0.21606717942422776,-0.8088249365672745,-0.1982293908442478,-0.06346425559602034,-0.8815475369195138,-0.110598251337418,0.028332042545293954,-1.0351459601706767,-0.20685979493251372,0.10637079215016164,-0.8666346131314085,-0.21483349070979668,0.13872908174737714,-0.7346118665630205,-0.20039341247070064
M,0.0,0.0,0.0,0.29174538529015537,-0.08946372617079915,-0.11501266082672364,0.5388704878594831,-0.367699941303727,-0.16932625689275999,0.5290970775512156,-0.6794530177633838,-0.2205902158243068,0.3952051167093436,-0.8880532367854537,-0.2572545499524805,0.49725089995801786,-0.8696307254392196,-0.05274369323549058,0.5797879140685466,-1.1325872575086724,-0.17724324468860686,0.5618204536374075,-0.921108332230313,-0.2680807551348992,0.5174351947536925,-0.7335279737029092,-0.3138124208149867,0.3161782395641468,-0.9469822183741429,-0.0570613609135298,0.4160564315379662,-1.3051225091452618,-0.1785734935961778,0.4004978535211175,-1.064725355619675,-0.2451959525137171,0.3538731532180589,-0.8432021830398041,-0.26467313332899356,0.1284232919006024,-0.9472333581315145,-0.08164759272288688,0.197352873506768,-1.2956232933136256,-0.202994149013862,0.22598504416939558,-1.0406797310963547,-0.2231378882081206,0.21596049410375634,-0.8161730987785097,-0.20837325708577473,-0.06829434574928435,-0.8762962252919564,-0.11637595296663149,0.01944878210162535,-1.0428376975854992,-0.21193234336099095,0.09771283902122267,-0.8790267546147522,-0.22144603833973509,0.13281286568118675,-0.7362730521203835,-0.2080918160408325
M,0.0,0.0,0.0,0.29391855443620296,-0.08428649114524053,-0.11968180071839583,0.5454402745076602,-0.3714038700079393,-0.1722398063939987,0.5289210946681127,-0.6925382784000819,-0.21968513750699,0.3870282404947978,-0.8972268099606474,-0.2506159306597092,0.5017944540075558,-0.8654209319572652,-0.05263116839064611,0.5836891367035848,-1.1160094809590189,-0.1703248708877627,0.5558407604833815,-0.8821736275974771,-0.25353630000490884,0.5082557269256518,-0.7046329248551216,-0.297165950595225,0.3230953166246554,-0.9448254485459231,-0.05398414725832953,0.42083963337838426,-1.287899636605069,-0.17284032338854385,0.40078091604452604,-1.0356704551012266,-0.23526633712262965,0.3532937940784789,-0.8303027873295599,-0.252944843735676,0.13607391698197485,-0.9488420541372931,-0.07567587911522551,0.20633897752514654,-1.2899015829534581,-0.19954349362715806,0.22941131997703415,-1.024407722625631,-0.21756805024924766,0.21389735094321186,-0.8116808501178409,-0.20120751674013007,-0.06286370252498004,-0.8846778447988709,-0.10734109981281716,0.028281060702809637,-1.0372740640857316,-0.20705279973276286,0.10720427156287751,-0.8656428500295298,-0.21764746402171573,0.1420739571629419,-0.732439370826495,-0.20469710872860386
M,0.0,0.0,0.0,0.2892791143639397,-0.08401146404448741,-0.11568892209792501,0.5392453024112331,-0.3589194272874593,-0.16837316090989768,0.5313493283055749,-0.6687222733468727,-0.21717906039924736,0.4009599209028438,-0.8714266436421759,-0.2503611321371008,0.5050932549131832,-0.8631974453474925,-0.0459716444886367,0.5812519200791619,-1.1132134509645737,-0.16728226683725514,0.5626980857988091,-0.8980230263890737,-0.2565519892110603,0.5173140583106877,-0.7128187934202557,-0.3025886822162575,0.32750070378510093,-0.9435963606423888,-0.04867439986997783,0.4190507839013019,-1.2860447708894687,-0.17039669524182344,0.4074988644074819,-1.0417566787408798,-0.23591979359558748,0.36137952958929226,-0.8294178118600343,-0.2545821471487948,0.14266866341545323,-0.9457292168635713,-0.07199189050049187,0.20432775883612217,-1.2828453758519844,-0.19682822334736505,0.232172459176192,-1.0153201550401456,-0.2149716162055216,0.22114174216806318,-0.7959087431293792,-0.19766012140996625,-0.0544563604750359,-0.8764799165100307,-0.10540316457401075,0.025647634806716516,-1.0243249575435698,-0.2056194330203241,0.10371818759544094,-0.8524386215646946,-0.2164789574851626,0.1415148884991674,-0.7177664530401603,-0.2029679897358644
M,0.0,0.0,0.0,0.2951816418455479,-0.08743810665365276,-0.11188869725478993,0.5487180156755543,-0.36206328187995745,-0.16358967661923826,0.5453303496006161,-0.6701309504306036,-0.21301949015141422,0.40197299573342393,-0.8677395989575786,-0.2480664061352261,0.5006708976630241,-0.8690512486450497,-0.04504507266688986,0.5833327164259842,-1.13068509037046,-0.168530534266815,0.5697592951491733,-0.9174252193182613,-0.2599727115118487,0.5283719395402856,-0.7287390906588397,-0.30616184505681,0.32138027702176647,-0.9456507872059402,-0.04959139238011011,0.4169950547752884,-1.2932810141561142,-0.17086062839874772,0.40601592888305227,-1.053554778785842,-0.23837118092044596,0.36194838145657804,-0.8319823640942827,-0.2586626514661573,0.1336468178921122,-0.9464162694440272,-0.07461080269843624,0.20092402773361248,-1.29096247978765,-0.19592253026017373,0.23112811397959973,-1.0365642412284888,-0.2173234034374466,0.22226427141563612,-0.8099011800121754,-0.20324704181228032,-0.06434222912391512,-0.87594594337067,-0.10959073759199288,0.022773487021420614,-1.0367561137801515,-0.2050076676929518,0.1049199271863098,-0.8771203818729405,-0.21686801290022267,0.14579078865903566,-0.7368396820608983,-0.2053277434597299
M,0.0,0.0,0.0,0.2962010424249404,-0.094127229600401,-0.1075212296637571,0.5444810608280927,-0.3703120208515884,-0.1584506781163987,0.5400054493678712,-0.6741535841563239,-0.20772808193308015,0.4003094119142567,-0.8710657689344528,-0.2431435069894717,0.49413979883708364,-0.8742518654722604,-0.045343808464356414,0.5809380697068789,-1.131284616951347,-0.1659684391604784,0.5692423343970855,-0.9142602814116688,-0.25507469808953465,0.525302481402625,-0.7282875633335261,-0.3002546386897918,0.317642183055508,-0.9468141770671474,-0.051442760893943645,0.41438144980072233,-1.2911637262570206,-0.1697994325484287,0.40734465027944927,-1.044944656902299,-0.23482168086951602,0.3612689127446988,-0.8223822316785357,-0.25433114175066784,0.13128608964847746,-0.9455960292798378,-0.07719614915203328,0.19838390891735563,-1.2919828871546384,-0.1962689035861487,0.23246952171000795,-1.0320495076781608,-0.21598978960504672,0.2209441754352758,-0.804920254874621,-0.20142278160773147,-0.06715357484317833,-0.8746176220396693,-0.11233172304211883,0.020904995028097388,-1.0413965951761348,-0.20681979574994358,0.104920839718018,-0.8754421354724199,-0.2168216070180306,0.14218429722348153,-0.7302829438265798,-0.20415041399696257
M,0.0,0.0,0.0,0.25778005225341577,0.04432042482500972,-0.20765567711261407,0.5169098839804471,-0.18952215206681472,-0.3242548936228121,0.5146024647570673,-0.4054452869610471,-0.42178007892809966,0.36737510874597146,-0.5940692919278826,-0.5056268125496151,0.5431157565048066,-0.7963737276686544,-0.22127121771813577,0.6971048040022136,-0.9650836876053227,-0.44102155315538877,0.6840484063451076,-0.6995177747010183,-0.558813601291937,0.6267809735738867,-0.450616200795617,-0.6047705537654667,0.3060951206438247,-0.9267038917290007,-0.21800383981106197,0.47463140042547575,-1.2444407004062819,-0.4576315171518003,0.4587068813134145,-0.879804172668153,-0.5485250112065131,0.413140629225435,-0.5713757247115261,-0.5554550652924508,0.05287777080536774,-0.9404441350056778,-0.24374052803083382,0.16718042310187461,-1.2466627188904542,-0.4986059602058402,0.20042945771367834,-0.8510861750286807,-0.5540394360915532,0.20007058269723363,-0.5540899114194393,-0.5302261836216835,-0.20162122982711236,-0.834744887515169,-0.2788224999968487,-0.06786512075683804,-0.891498316586366,-0.4966183939382935,0.03284665959336573,-0.576231412434028,-0.544970885124535,0.08022615808796296,-0.34346354147380265,-0.5354039232890898
M,0.0,0.0,0.0,0.2613417429187238,0.007859689790716166,-0.16285976408077674,0.5194987514203587,-0.11593599602680922,-0.306358707420898,0.5356010865865845,-0.14877731608994535,-0.4442224625808923,0.3915250981753298,-0.21384299285410135,-0.580189338626078,0.5594776801327578,-0.7953738630744962,-0.2881144349952783,0.7365885093245854,-0.8580500604235446,-0.5166091469467765,0.7304040180667676,-0.47488758303971684,-0.6441242563805276,0.6886210008234844,-0.19206206895817485,-0.7084746772300688,0.2923106293223609,-0.8963199894796541,-0.3334141155445552,0.47300549191639174,-1.1154563868331646,-0.5834797015537639,0.4666181939182275,-0.6510764958770757,-0.6744441890731248,0.41634218012179103,-0.30708357744884307,-0.6980292014999354,0.004919734937525312,-0.8727056332204489,-0.3980432563717292,0.13444043959929966,-1.1368261256346524,-0.6713186530520848,0.17461363191096824,-0.6720421069615362,-0.7269828352117232,0.16427680264887748,-0.34903374310449964,-0.7143637800991312,-0.27167151480340324,-0.718163182667285,-0.4663328081395382,-0.1539689457782648,-0.7162807201030436,-0.7045389821402778,-0.043249094540256494,-0.34798813692487457,-0.7546386543616602,0.011264688671221604,-0.09636774566979084,-0.7556190726604596
M,0.0,0.0,0.0,0.26092937807809985,-0.0680462323085217,-0.16167476446830276,0.48133351737694485,-0.3441425175820273,-0.2360384242574141,0.4709584481008079,-0.5937568632986853,-0.30142837396650474,0.34095000391346464,-0.7776723504673851,-0.3539669157831216,0.42912235558071,-0.8946286710353273,-0.08398725057420038,0.46528666176541505,-1.1025476252896338,-0.24364623380835956,0.377436388822774,-0.8713304429955624,-0.36240844578418036,0.31212482493993027,-0.6702550281509237,-0.42726876603774927,0.2260944634987182,-0.9709025143907606,-0.07892782224872105,0.2675592652654834,-1.3099028417514338,-0.24436992736497445,0.1924753127510108,-1.0133997018333694,-0.3329013001198533,0.1547758313286574,-0.781812695811212,-0.3592670446088701,0.03090288682057831,-0.9575061733021238,-0.09956199078817349,0.039171974672190496,-1.2767310003380217,-0.2620181243869245,0.018167240556657957,-0.9639286764660044,-0.2849705178955342,0.01239276245399995,-0.725311151998198,-0.2627948475720573,-0.1583537725392932,-0.8630900288192256,-0.1334686701488526,-0.14362563925856583,-1.025694173595844,-0.25863213009321906,-0.10784969466642715,-0.811903117377012,-0.26528675666089835,-0.0749905963624134,-0.6523597207286211,-0.2439960193052358
M,0.0,0.0,0.0,0.25702190060688723,-0.07589908474297341,-0.15076193903666887,0.4683572955939135,-0.3468499511651556,-0.22068304102480504,0.4762487681276517,-0.5911986538953645,-0.28419475024319557,0.3672903797207885,-0.7827244781702499,-0.3347023354743603,0.42229674268784206,-0.8961291389121373,-0.06941325463443855,0.4577896006392606,-1.104547758099838,-0.22339276909485553,0.37619045820543545,-0.8802838085728971,-0.33982955891134775,0.31246324223786964,-0.6807160998166737,-0.4032421059472367,0.2219296565510531,-0.9727198807041352,-0.06755191504365256,0.26365416872517433,-1.3058107073129288,-0.22505116655489216,0.19165218088464409,-1.0141768763739136,-0.30928783800219806,0.1530133605634799,-0.7833739722919595,-0.3336239426092752,0.028916895184341863,-0.9585396555633681,-0.09084161245464215,0.03664870371746447,-1.2717117372344342,-0.24438012615590843,0.01905288494763394,-0.96344535841672,-0.26231480136744284,0.014824564547224944,-0.7290099661485746,-0.23830220470697724,-0.15854291613446894,-0.8621673635626487,-0.1270909331300038,-0.1433704743938497,-1.019714494448245,-0.24455809600427675,-0.10419728192492977,-0.8099670161031028,-0.24684614523660867,-0.06829799450174553,-0.6524949590191205,-0.22318904219175215
M,0.0,0.0,0.0,0.25837331259692786,-0.07961345328259821,-0.1427023930463378,0.4718551777309939,-0.3463674479913453,-0.21085215369305274,0.4956973230849507,-0.5906264160907021,-0.27472531006287215,0.394929504807537,-0.7846366712105582,-0.3254792598333561,0.42461710161023103,-0.8941838993767928,-0.0682872531045159,0.4674710555135556,-1.1243157432421362,-0.22089672385878226,0.3851898658794993,-0.9024903244937047,-0.33531797534970753,0.3180907340918882,-0.697984408142589,-0.3963851724291791,0.22265139329323275,-0.9723738245432532,-0.07011064404003688,0.27210399595414503,-1.3289934461557456,-0.22381321105391386,0.20144214269348584,-1.0459438077240284,-0.3049951583840573,0.1606365787565599,-0.8096081416953955,-0.3279676090422259,0.028868482958509224,-0.9588404872214145,-0.09613657310104998,0.039387954856614074,-1.2938451352330003,-0.24328473699091033,0.026084652790737902,-0.9960690701898935,-0.25939241769552174,0.023967386771091975,-0.7590706066722973,-0.23571057395670314,-0.1601929201166976,-0.8631581969068126,-0.13467245584581214,-0.1415214561273212,-1.0396242953150503,-0.24584458546208654,-0.09667762999814979,-0.8371395951749504,-0.245713609978995,-0.05667059780355931,-0.6720237860571128,-0.22156333845323573
M,0.0,0.0,0.0,0.25601432043741823,-0.06879275254406271,-0.16118063969656235,0.47125809135653485,-0.34605881084665546,-0.2366285002819971,0.47842925315800305,-0.5958656702644727,-0.3038820344754646,0.3614134207002403,-0.7895140011697571,-0.35660981489986243,0.42294811820059164,-0.893696596041175,-0.08119734562189444,0.4635092429921966,-1.1143248114949904,-0.24102441739418776,0.3793289118835904,-0.8837880968942036,-0.35963826462836473,0.31322424383343694,-0.677476310590183,-0.42324642042105975,0.21850460334308022,-0.9729471037872486,-0.07503113720241755,0.26101582071405927,-1.3134043037318786,-0.23694649150778674,0.19235721211539497,-1.024477732921817,-0.32314530524952173,0.15590049162329392,-0.7957193265643567,-0.34896794800043646,0.02355474247602464,-0.9616752750300288,-0.0952425503965156,0.03541827283518589,-1.2832560860172557,-0.2530868278316014,0.022141359154806847,-0.9766202453130388,-0.2740563795588999,0.020305655989568554,-0.7408329631698263,-0.25206166109266354,-0.16405243920664037,-0.8701668136823539,-0.1292134033870244,-0.14091814790276003,-1.0273986005408755,-0.2506806124687321,-0.09846152244587847,-0.8173307837656992,-0.2573508200462466,-0.061876797930257944,-0.6583435131560531,-0.2369168930800334
M,0.0,0.0,0.0,0.25052379710863637,-0.0716813682508997,-0.15526940104671463,0.46401086893816884,-0.3441626581501306,-0.2233627283905695,0.4807086865505741,-0.5962137687717103,-0.28404662701773126,0.3775596142376176,-0.793010551906094,-0.3308019626770967,0.42358045118409715,-0.88913157808944,-0.06458163616343743,0.4538266214428417,-1.0976870770296485,-0.22064809141763767,0.3702758490938188,-0.8843846618023037,-0.336695717983184,0.30386340205984447,-0.6846180510258704,-0.3975613342930779,0.22306887385806604,-0.9730627588893214,-0.05821636177567788,0.260646624489502,-1.2965577466525495,-0.21647821050155405,0.18717456270794655,-1.023900385758529,-0.2990791009674893,0.14592587052572614,-0.7970449948654766,-0.3210363956286823,0.03199063359571954,-0.9656348876275064,-0.07891787514097211,0.04496018421717622,-1.2617403348426555,-0.23372433472179605,0.020922464797217016,-0.96742795871098,-0.25194089675053016,0.011791341113936635,-0.7377065599822584,-0.22646933136278002,-0.14984843641640136,-0.8797838329271985,-0.11355285930444534,-0.13196923922605228,-1.0262422752841265,-0.23136144347964066,-0.10123025510267131,-0.8243728511265588,-0.23583601439364713,-0.0720546440433046,-0.6717521881245262,-0.21235688779961864
M,0.0,0.0,0.0,0.25226534068210477,-0.09310423854439975,-0.14219790300424923,0.4605216508430291,-0.3693791093760667,-0.20517435371584097,0.4605539059519257,-0.6182303400813703,-0.2631402831493087,0.34454707394964174,-0.8108089346060963,-0.3088338933789818,0.4030574416313132,-0.9033064572178628,-0.059603927550117085,0.43513181528961165,-1.1155653331645898,-0.2088574339808788,0.3504314987540841,-0.8983550314310901,-0.3209031353501626,0.2852981709026978,-0.7009896188034233,-0.3809065347098599,0.2006755598567847,-0.9778813352713438,-0.05896960067780476,0.23838444786836396,-1.3060254867769099,-0.2103186437281234,0.17021594092692446,-1.0383883208508282,-0.292332406252968,0.13036262131601856,-0.8186539902033843,-0.31630315030051,0.011142540696880423,-0.9620080896981565,-0.08304438244616524,0.016144215145033326,-1.257320938770946,-0.23088612391244467,-0.0013861699691091567,-0.9678097441611742,-0.24923063397298764,-0.007412277338663309,-0.7454794103898514,-0.22647030620460132,-0.16960882513756945,-0.866214814699259,-0.11971401784658939,-0.16209685018958944,-1.0179108584110155,-0.23172568974277338,-0.12494029759647059,-0.8228564843501162,-0.2340639518880209,-0.09021247473191973,-0.6772719840608177,-0.21091721258004867
M,0.0,0.0,0.0,0.2529415924728216,-0.0864592463080953,-0.15526347663172696,0.462748613733447,-0.3815827635381374,-0.22217680328805187,0.4374342210518295,-0.6511439553990752,-0.28045718688296833,0.3005970467431197,-0.8455177318577138,-0.32510969772459886,0.4062473465809158,-0.9021070051438194,-0.06317523189360005,0.4329990841510621,-1.1080539869868236,-0.22004564569389679,0.3417417753460393,-0.8911766965297946,-0.3366897162726286,0.27539020234256206,-0.6889960315603485,-0.3986261265771051,0.20121977624818405,-0.9779402419915935,-0.05606678820883675,0.23258013713044903,-1.2933785527016446,-0.21806741869779397,0.1605661271882006,-1.0210552710563041,-0.301904660513411,0.12318824721795422,-0.7931467706931312,-0.32327263615612334,0.01096128358248824,-0.9653614801202844,-0.0760309364047536,0.014301794344507384,-1.2546787195708795,-0.2350438949221344,-0.005889631020763059,-0.9582134411532752,-0.2525593754796731,-0.010460366495919944,-0.7298327386957577,-0.22548186898154493,-0.169045159220688,-0.8756751206814978,-0.10968641117213127,-0.15994689369848852,-1.0107624086816889,-0.23290039054602202,-0.12664468146709854,-0.8051356787658458,-0.2382500866551351,-0.09349561586090138,-0.6583401185660148,-0.2140419357254396
M,0.0,0.0,0.0,0.2574692277603761,-0.090350734799216,-0.15095556375044814,0.4637225421739764,-0.3818944778737631,-0.2186977160455232,0.44433303230917065,-0.6404022802200107,-0.28013678221646626,0.31152266321476957,-0.8287301125317661,-0.3282304209314239,0.4073291142455914,-0.91053284903043,-0.06105128197441993,0.43359552639808774,-1.1356722158918686,-0.2176523716616313,0.3463155180920313,-0.9158915651709958,-0.3356659157572737,0.2820696633492603,-0.7029187041729476,-0.3977187601084486,0.19962739986147568,-0.978218704224056,-0.05689523645047496,0.22511565572807327,-1.3174600865099486,-0.2165918373329272,0.15925407585774276,-1.0450357349911306,-0.3015861462715047,0.1268119912423659,-0.8111752516111032,-0.3244915726306391,0.004633101570647077,-0.9592294544571389,-0.07917026746968416,0.005890734695450522,-1.2711798611289251,-0.23454172102017437,-0.008667092856773435,-0.9717814009600647,-0.25159790716724756,-0.008711820676530771,-0.7339797499921423,-0.22485097407764434,-0.1795192809888819,-0.862423902488605,-0.11491286438416524,-0.1677890060904742,-1.019692170927001,-0.23379990608782847,-0.12823856619239735,-0.8174917089283403,-0.23638293767881471,-0.09034979174277533,-0.6638555550099982,-0.21108465716413072
M,0.0,0.0,0.0,0.2570036441936425,-0.09037641169765459,-0.15493130552930123,0.4636988009275199,-0.37480986918519454,-0.2272645533570486,0.44448347297516705,-0.6235298025981949,-0.2920575969627078,0.30786100001927735,-0.8042564830531127,-0.34265182275948003,0.3989320669901883,-0.9163016576294406,-0.07056773677607389,0.42285165700714894,-1.1214666520563294,-0.23057672051860972,0.34212985987249606,-0.8825151083499728,-0.34951561174452883,0.28258437798424646,-0.6726870670042973,-0.4122096173249893,0.19225398319697462,-0.9791658257415555,-0.06536582933578595,0.21872904563719142,-1.299499409209796,-0.22985070372055993,0.15726405836541035,-1.0078615709092003,-0.3146420296668236,0.12636817135207376,-0.7771303813677415,-0.33669376661487804,-0.0010126387931186757,-0.9573942250718529,-0.08656521556035664,0.0004848448383807148,-1.2519834146073454,-0.24612608462884988,-0.007626402565087793,-0.9405297610194892,-0.26232883884814445,-0.005104008964367656,-0.7068244118614655,-0.23423002971036713,-0.1830173889155369,-0.8590234089083973,-0.1213131514653646,-0.16705939130653907,-0.9957245774501591,-0.24236088431912917,-0.12168725119852966,-0.7840693313064154,-0.2454451510647403,-0.08164080151881878,-0.6341411687501113,-0.2201206114208543
M,0.0,0.0,0.0,0.2612454531933369,-0.0938048878413398,-0.14671674948408822,0.4683313368761582,-0.3862225339906809,-0.21244277626776087,0.4391578701734448,-0.6365204797403616,-0.27192138313274683,0.29460290938818356,-0.8092264631866913,-0.3168909691423467,0.39673946763990187,-0.9181884934249313,-0.05981417299852188,0.42108578368105115,-1.1351696107892089,-0.21517228005860564,0.34672393469263146,-0.8907180203160706,-0.32870401089848456,0.29070776877382193,-0.6777834867628181,-0.387585280983761,0.18898828670542808,-0.9803044997569444,-0.05732813658609207,0.2127211363215904,-1.3168701323275696,-0.21558815832894404,0.15851176062607578,-1.0220129279460581,-0.29551756943641205,0.13194711219886254,-0.7898260767848814,-0.31502890620155294,-0.0055777528154370174,-0.9565786688985598,-0.08097493893142287,-0.008962008849253985,-1.2687562778097032,-0.2361653002114234,-0.011532898837532682,-0.953384189276961,-0.25063861988542135,-0.005589360760992326,-0.7186588423941715,-0.22222140746123362,-0.1904853067537296,-0.8556761972307042,-0.11737653666811454,-0.1772355117829001,-1.0086523175880087,-0.23506451940929401,-0.1281060970050553,-0.7978965684202655,-0.23721581928417884,-0.0860542895892823,-0.6456697004557227,-0.2122990435814445
M,0.0,0.0,0.0,0.255628750707436,-0.11195588199072203,-0.13652260953658316,0.4590102665112578,-0.4186511520467974,-0.19646088690284297,0.4433306490667169,-0.6810960166995714,-0.25075936122736414,0.3062741719352614,-0.8550451812862698,-0.2903037833038236,0.3692286772298828,-0.9321795706670173,-0.05836128913695737,0.39515855726775423,-1.1615360217212538,-0.20389814075035734,0.3326433066721359,-0.9141897640109714,-0.309335474938284,0.28673406248821487,-0.704637029020452,-0.36442320562969494,0.1651452415625898,-0.984521488763558,-0.05868975508571431,0.1902657416927453,-1.329240399356296,-0.20550802401645235,0.14658558733775154,-1.0367839213955823,-0.27786763681299725,0.12559187569020755,-0.8041806706816299,-0.2948773581030573,-0.02610754551778049,-0.95179230642682,-0.08320628000474062,-0.033950380336415814,-1.2748937260413415,-0.22589967698056493,-0.022232124773208402,-0.9725124589629824,-0.2363964823693975,-0.00861590156997318,-0.7424756069527582,-0.20896241388679634,-0.2082742428996673,-0.8429188734399101,-0.11991337528876327,-0.19390136111205025,-1.0056997250427715,-0.22804112769643706,-0.1334817831189626,-0.8090052097393877,-0.22731473007570363,-0.08560961109304858,-0.6597200754578552,-0.20261292400091674
M,0.0,0.0,0.0,0.2511609518673791,-0.10493281337399825,-0.14260585972359144,0.45194047244555424,-0.3964987480479402,-0.2111227394082331,0.45621221542629925,-0.6522364122827878,-0.27419110755564885,0.334972972605087,-0.834835848592335,-0.32358435727673523,0.36198834709931527,-0.9364370716076769,-0.07324093237906187,0.3940215334300156,-1.1738354485963145,-0.22477637968349481,0.3397950720002351,-0.9287042586087588,-0.33593392090261603,0.2934268315414833,-0.7142805135324487,-0.39447647277514064,0.15655651649083008,-0.9849422693401095,-0.0733401882422698,0.18768293803617245,-1.3324352735504832,-0.22450272835907062,0.14906746184462905,-1.0379994778697466,-0.3023785342351124,0.1274100208082032,-0.8079202304395583,-0.324413963585746,-0.03633410973785643,-0.9489553388150874,-0.09743431364156446,-0.03798219307696767,-1.271557710742695,-0.24324299198796911,-0.025614035411931954,-0.9719425929583742,-0.2582823123143775,-0.01585447214512715,-0.743049835238349,-0.23479422365476546,-0.21893558189110665,-0.8372419444035648,-0.1338578732621256,-0.2028431874785446,-1.0085615850917502,-0.24353231930890712,-0.1418981703827273,-0.8098214370124209,-0.24355411980189443,-0.09694022671856536,-0.6560967791125943,-0.22017627207880494
M,0.0,0.0,0.0,0.2528155257157055,-0.109993727275351,-0.13640082664318604,0.45335064432134514,-0.41512599839770237,-0.19982359058578256,0.4415746046705499,-0.676139930133629,-0.25816264878841183,0.3039717421040663,-0.8460109298899338,-0.3025131345044748,0.3541689786878868,-0.9404056666103494,-0.06653054371001743,0.3850753078188869,-1.1829642015415867,-0.21256762707196092,0.3355845741760082,-0.93270897223882,-0.3190260534813875,0.2941762071601826,-0.7174938572478868,-0.37476636624630455,0.14867820800032566,-0.9865938029491852,-0.0672863912546678,0.17701748638816767,-1.3355566789906177,-0.2139207727022757,0.1456340313704742,-1.0379683192902347,-0.28814596492328953,0.1288765380963196,-0.8047464301077799,-0.307460647618482,-0.04264494979238026,-0.9484527756336577,-0.09135467868618333,-0.04885947394058025,-1.2728365089203486,-0.23280609951125097,-0.027950499140417424,-0.9720515949003661,-0.24652134113966664,-0.012200616848382279,-0.7413883810915974,-0.222421468771463,-0.22329937283044768,-0.8355051095801855,-0.12725337812675971,-0.20503269201208627,-1.0047262076827863,-0.23381642911128372,-0.13791086002448494,-0.8080860411414248,-0.23361459283850464,-0.08935492568396133,-0.653849154457196,-0.21028739896156662
M,0.0,0.0,0.0,0.2533215826297351,-0.11375546334367301,-0.13166716661173225,0.4550260590531899,-0.4097352429769992,-0.19376584961668267,0.46164878168385304,-0.6691208713324263,-0.25130385585429904,0.3322831964266811,-0.8447390163713111,-0.29453823081209424,0.3552281573074613,-0.93892179465423,-0.06474833089075488,0.38672909625742785,-1.172847602054217,-0.20799488097831026,0.34431306493508335,-0.9211122385534091,-0.3110473504212685,0.3057266430526429,-0.7136455755867686,-0.3647705518856284,0.15172690649609058,-0.9861020457123374,-0.06768826550496017,0.1804773317084698,-1.3354891939215405,-0.21114376404490068,0.15514137476814338,-1.0346070854972642,-0.27942471812896125,0.13867817845482455,-0.8028465241884235,-0.2950136081493985,-0.03979697895457677,-0.9480695523881769,-0.0931957564695029,-0.04536475461752366,-1.2702733654601155,-0.23266052399128132,-0.0191669049192367,-0.9630523498702561,-0.23918010574846116,-0.0025574595278316735,-0.7353274762477136,-0.21027617327091078,-0.2222592552469787,-0.8347662673165459,-0.13018570788167758,-0.20221431319103167,-1.007170459980791,-0.23382025679544174,-0.13346422245388948,-0.8063128172729335,-0.2273396453978911,-0.08671566394352814,-0.651220960977426,-0.19956441188719853
M,0.0,0.0,0.0,0.2531431958572419,-0.11949563765188606,-0.13045639390036032,0.4527413335861228,-0.42686675941062024,-0.19223649005434063,0.44770694233317937,-0.6930545153635558,-0.24872976350848786,0.30384436943834814,-0.8613250118007099,-0.2909518884805711,0.343751551691904,-0.9433540972233738,-0.067061808539991,0.37969125595057657,-1.182902164079089,-0.2060545521165092,0.34329973347434084,-0.9293816864826904,-0.3057795748741117,0.3085592413410268,-0.7252976972829674,-0.35841531502089796,0.14347609246142465,-0.9872060312860195,-0.06956193416307087,0.17518169186688543,-1.3419874937579979,-0.20838938024760598,0.15543223058750355,-1.0451105941142032,-0.27513634010767946,0.14094631626781717,-0.8134270050173115,-0.2911397515193857,-0.045451018838039106,-0.9479048806536261,-0.09384599661094578,-0.047806966765308635,-1.2781346223481709,-0.2306383330489016,-0.015927539093509926,-0.9768599352034846,-0.23877447665665355,0.0017811648115731449,-0.7475832926769824,-0.21240224297661878,-0.22589084666800255,-0.8339950148100091,-0.12922846121951784,-0.19746918110971648,-1.0065683357574176,-0.2339944022447337,-0.1230397051614482,-0.8084146635755844,-0.23028756519317067,-0.07526060502871981,-0.6499189972530702,-0.20496645142481862
M,0.0,0.0,0.0,0.24977306523651197,-0.12680850008998698,-0.12675359141178066,0.4466917877288565,-0.43211083990727045,-0.18912275272663912,0.4604380819751912,-0.6985236922344056,-0.2477633354487493,0.3174429156926464,-0.8625944036270543,-0.2922357211852804,0.334102362427261,-0.9474450203429563,-0.0657239382454837,0.36982895215856204,-1.1892711151431121,-0.20519473201325708,0.34129453811809674,-0.9347151974828561,-0.3050406235478652,0.3086809513250302,-0.7322490657911273,-0.3575256700484344,0.1363236321981037,-0.9881099770611613,-0.07109529194333071,0.16474239329839852,-1.346245237389849,-0.20959884817469304,0.15508367799726827,-1.0475824338916138,-0.2753029376073086,0.14415006867922953,-0.817669269847775,-0.2910293986507766,-0.0517064907025693,-0.9452383947846041,-0.09801099699461784,-0.05789439754482039,-1.279542912585598,-0.23281605727813262,-0.014385436051684759,-0.9791089785393593,-0.23952172457205545,0.008915987509507915,-0.7523359341840881,-0.21278589678930576,-0.23183519930744556,-0.8280712552755343,-0.13596611753414947,-0.2052247187031104,-1.009154880243389,-0.23736740044590812,-0.12333809838236282,-0.8155441301241736,-0.2319898946353293,-0.07152164925719298,-0.6574068348719002,-0.20635314263951615
M,0.0,0.0,0.0,0.2513575112993078,-0.13283402887919035,-0.12389561833770833,0.4435465187601759,-0.45813426840119686,-0.18347012007280078,0.43594784249571805,-0.7360823999962792,-0.23844979089713536,0.28513669904241146,-0.896994507341306,-0.27994555779917146,0.3213081882187658,-0.9539963780903119,-0.07525592773709924,0.35765720135068274,-1.2107600295275829,-0.20854258167487655,0.34716986179097326,-0.9595175222881049,-0.3024837767838936,0.32675704802517996,-0.7607235116127465,-0.3524647717364895,0.12516645867323073,-0.9889011951925981,-0.08004863377880678,0.15744693195268056,-1.3551162988869554,-0.2118725798306246,0.16206730142713735,-1.0630895276043908,-0.2745605401639422,0.15742130015161002,-0.8379511789123273,-0.29097428439524925,-0.060609445036188474,-0.9425837169501563,-0.10481281872581123,-0.06845128436582874,-1.2907708493222414,-0.2342568893431778,-0.010484898435798026,-0.9995135745437734,-0.24323020655803856,0.021171596448278422,-0.7734612961828506,-0.22088795557621027,-0.24004276635160154,-0.8217899892923621,-0.13986595953409398,-0.21569160600862006,-1.01674885868479,-0.24013292888185164,-0.12134433671782802,-0.8333831579839722,-0.23824714370798372,-0.06029481128759768,-0.675923749175744,-0.21666794737548564
M,0.0,0.0,0.0,0.2521864483894775,-0.14253415946454348,-0.12594442256506497,0.44073923322030467,-0.4752876417910232,-0.187676645189179,0.4186793768210959,-0.7549618878266775,-0.24476293105766653,0.25477643664734073,-0.9058690569152611,-0.2888987884432604,0.3032908371134386,-0.9667138228381418,-0.07179298240840831,0.3361409896711656,-1.2093008777702023,-0.20762204786186098,0.34064803425771756,-0.9678852377961374,-0.30687549226802346,0.3361052397424338,-0.7639802777430875,-0.35988175032087366,0.10933443711496849,-0.9911398944450688,-0.07541677863825097,0.1386086560119116,-1.3422533843434667,-0.2124524881852965,0.15694554708855957,-1.0626290000505174,-0.2835757114139353,0.15916889697957876,-0.8302274492495563,-0.30493320267196855,-0.07441159508016366,-0.9357667491933587,-0.09960008504539433,-0.08413355972180402,-1.2720996595345586,-0.23316765671065406,-0.01544961393775141,-0.9996306369171132,-0.2532188979881343,0.020782938831985533,-0.7735077681483556,-0.23720845704340188,-0.24990073772052004,-0.8071281569525574,-0.1340524996815387,-0.2193264847610835,-0.994534793692312,-0.2361016540336687,-0.11809854558340603,-0.824875711798043,-0.24243543933948156,-0.05600629530530325,-0.6731426655964621,-0.2268965009792361
M,0.0,0.0,0.0,0.25544809638255317,-0.13943542087453784,-0.12263475388138106,0.4466068491369192,-0.46965487490070384,-0.1829522538371923,0.44819667103602173,-0.7516564428510891,-0.23976480628630012,0.2966102271978376,-0.9046183900561211,-0.2837693265007513,0.30583943723310353,-0.9659044364715964,-0.07108521798030197,0.338569498632145,-1.2191205661471818,-0.21030240995529184,0.3499728390995963,-0.9833851802616348,-0.31003963004567064,0.34705508011571007,-0.7756982255418605,-0.3611204455060549,0.11224129094515495,-0.9907590350334348,-0.07614740380723657,0.14192413739946527,-1.352550203385195,-0.21436630350483685,0.16811856461660332,-1.0729318142714075,-0.2814583754418902,0.17228439797873954,-0.8361926717291215,-0.29843876113274437,-0.07155833636907304,-0.9326453353160751,-0.10195310842169672,-0.0812401017413636,-1.2731559977034779,-0.23561108408334003,-0.00728074917991881,-0.99757047257242,-0.24950798891767628,0.03143198837203094,-0.7699293273952744,-0.22782323712151561,-0.24576470943246495,-0.8004985012474779,-0.13815379393072488,-0.2178628959258955,-0.9976112822803274,-0.23860630718993436,-0.11530593785121071,-0.8288488161465779,-0.24003704555051428,-0.052682495147132045,-0.6746837933471804,-0.2199764728330436
M,0.0,0.0,0.0,0.2558084975588523,-0.14086622718430095,-0.12376549574180301,0.4444184619899895,-0.4761612592374383,-0.18421758204593572,0.4410356427656128,-0.7524598114310459,-0.24099172029705845,0.2876349304176966,-0.9047484650165446,-0.2851247011213938,0.3023888420061486,-0.9700706921764303,-0.06744463502800106,0.3387917779917547,-1.201885687590484,-0.20697342122586657,0.3473011653255329,-0.964600869578593,-0.30899442524195564,0.3414753552535507,-0.7607131987363539,-0.36250798093151043,0.11022744681355849,-0.991255029610911,-0.07254912983651844,0.1413116136212677,-1.3365945109486481,-0.2130941339484464,0.16809940298781856,-1.054871840874328,-0.28448687906093173,0.17222810711190034,-0.8197118230987399,-0.30457688338941663,-0.07346570869380852,-0.9315709685230817,-0.09865190132584016,-0.08086839852231004,-1.2598711683846993,-0.2360993218472072,-0.0038148025184916124,-0.9791242471099934,-0.253941233779081,0.03501678295186851,-0.7499729923063149,-0.23453780544318178,-0.24679796671384369,-0.797425345227552,-0.13505628652626717,-0.21205206127901094,-0.981987426486004,-0.24003882385600664,-0.1077355344945438,-0.8075488730549778,-0.24507733331687154,-0.04656667324158736,-0.6539377313642876,-0.22734924757566702
M,0.0,0.0,0.0,0.2546365363062329,-0.14287957380538935,-0.12022060821308027,0.4461133343548618,-0.47052227263192925,-0.1796979333661205,0.46000339059441103,-0.7457525758677851,-0.23624557404991933,0.318238117690352,-0.9036700287331588,-0.27943942505848407,0.30879866837324765,-0.9677247618430092,-0.06623574517008704,0.34269390587845755,-1.2051614572462634,-0.20578623228332554,0.3549967194423171,-0.9733280381284104,-0.30627409152395235,0.34994998778976577,-0.7729078882401935,-0.3581118689169679,0.11844963384406342,-0.9903228433575064,-0.07232115988084721,0.1445520348537433,-1.3371021153289648,-0.21158720711573703,0.17899923970164427,-1.0550428990545713,-0.27730536449153204,0.18635777213680318,-0.8226316643672474,-0.29351735213382,-0.06430298378788019,-0.9315947297308061,-0.09941704320841678,-0.07461252211371922,-1.2611876234174004,-0.23607427906268602,0.0074480588456197925,-0.9751889758303662,-0.2462468520774835,0.04849194656958485,-0.7486582127354195,-0.2212834895299191,-0.2384065424122169,-0.79895105373017,-0.13687407717402153,-0.2021934459462479,-0.9872618478768316,-0.24049405658964898,-0.09762498301377823,-0.8093040763125185,-0.24057197149198614,-0.038059629166542354,-0.6546068817001132,-0.21866765234547006
M,0.0,0.0,0.0,0.2584070180002162,-0.14575208295060402,-0.11576221925279603,0.4452762782652211,-0.47674685896953756,-0.1733432123204207,0.4639865013007367,-0.7436895740973277,-0.22997885431535658,0.331824340275618,-0.9233935735720865,-0.2743383519874908,0.29948223345042607,-0.9758566667564873,-0.05940161564956073,0.34391671411283337,-1.2121642237488541,-0.20283240624996965,0.3668893361193839,-1.0019656656316753,-0.3084459225046266,0.37264696710176926,-0.7916402682431922,-0.3613853441555134,0.11083681466770139,-0.9915901859910011,-0.06681394735120402,0.14262224559326894,-1.3376034946753763,-0.21101825655283785,0.1852236194936972,-1.0745734509037566,-0.2850797036615575,0.20100945481863092,-0.8291556734679283,-0.30511104421999474,-0.07312004699077614,-0.927084855222704,-0.09567788140484489,-0.08053925880326894,-1.2601066072657716,-0.23669355299484762,0.01057343609739342,-0.9930425024594289,-0.25776806481587333,0.06208053447326157,-0.757889441691589,-0.23887633628175894,-0.244548158672416,-0.7863401305723435,-0.1343434487248723,-0.19904514911114574,-0.9677531223341528,-0.24431755028497695,-0.08888122290850672,-0.7963089343538943,-0.253296316333272,-0.024535156488389054,-0.6356266021404322,-0.2363800140818525
M,0.0,0.0,0.0,0.2573801345394835,-0.15301892207089401,-0.11804724836192422,0.4409713119163933,-0.4865562212050872,-0.17718195623894836,0.43233835473375454,-0.7607847737506829,-0.23396883165834523,0.28718747687317125,-0.9335409717518882,-0.27875366949478936,0.3029104168694943,-0.9739608546543355,-0.06117419654306652,0.3427490580874931,-1.1979793702258206,-0.20310324449478587,0.36221943455962374,-0.9910948781243313,-0.3075961445325082,0.36810193115011136,-0.7866218341493202,-0.36024900963541734,0.11255051199423202,-0.9913915987510239,-0.06689604006011961,0.14538890500561397,-1.3329305273753842,-0.210490659576684,0.18492160814483474,-1.07334030537226,-0.28288481630134615,0.19749556829707599,-0.8258678474185297,-0.3009337904977451,-0.07226577320544962,-0.9280895265971623,-0.09384280374815718,-0.08078364778778602,-1.2585036005328065,-0.2361475391196653,0.00961908900501817,-0.9901461583133576,-0.25604291807462654,0.05949553554409425,-0.7528275371363686,-0.23506203164198947,-0.24731372800678805,-0.7879683954583947,-0.1304098425104151,-0.20075813968303463,-0.9689794995559686,-0.2417805884130899,-0.09078986978039394,-0.7976581064124795,-0.2493682289201608,-0.027620230724877997,-0.6360933863014607,-0.23036916246128286
M,0.0,0.0,0.0,0.26285880639198456,-0.15446427402105012,-0.11294538076214705,0.4534586946320917,-0.48030551398080673,-0.17381201807823476,0.45174004189249745,-0.7568938458315668,-0.23401299376369553,0.2991662174945219,-0.9239713759116448,-0.2829513398641062,0.3134205714898532,-0.9730334745839734,-0.06536005480248244,0.359944425921143,-1.2055544012314876,-0.20660612478169207,0.3764663346412649,-0.9933105677301056,-0.3101851980316254,0.3747435784729251,-0.7878399904970858,-0.36268726941182705,0.124046650977958,-0.98940807021213,-0.07539296373178035,0.15864498400797403,-1.3414518912075504,-0.21557264661693043,0.20132447282851684,-1.0823019004967516,-0.28641085515138,0.21146336135397847,-0.8363415608027722,-0.30594505671837013,-0.06049137875730723,-0.9265205626293384,-0.10549752935682662,-0.06832441388968645,-1.270700025652955,-0.2442166651704775,0.027705393423242172,-1.0028409177726023,-0.2632462304898639,0.07730422057548855,-0.761416371432995,-0.24385469146226071,-0.23668987347203424,-0.7876108823921258,-0.14473035175135512,-0.19218750482176022,-0.9890178341384283,-0.2530515524310826,-0.07994655512570599,-0.8195934163778124,-0.25921847580943036,-0.018091470215294513,-0.6508440126458394,-0.2408206846382806
M,0.0,0.0,0.0,0.2601968972405564,-0.1601287625487551,-0.11443844436750547,0.44609744298563314,-0.4865370854285934,-0.17637259818223808,0.43478130596267023,-0.7561403372863058,-0.23754208668587795,0.28845991854824893,-0.9290647772076783,-0.28698790182721373,0.3137963200473828,-0.9701632404791574,-0.06522511767613295,0.36403563490042307,-1.1951177543932927,-0.21084880304666936,0.37647126689313554,-0.9806819216193556,-0.31815952038641304,0.3716540707057972,-0.7719302613232116,-0.3730210632017229,0.12596475706379998,-0.9891493449715605,-0.07560723060786356,0.16612983447249763,-1.3288796174153048,-0.22286379599674308,0.20487014928468186,-1.0674159339132197,-0.3005102635780747,0.2138408516972272,-0.82112122465873,-0.32369450802046645,-0.05753138345266288,-0.9288237550938577,-0.10663452500357867,-0.0610354013554418,-1.2579187576981257,-0.25126213864275077,0.032823641204392365,-0.9890346498242429,-0.27887876555666485,0.08280245740916184,-0.7493292308846329,-0.2645985096336411,-0.23272943826366807,-0.7912346177986788,-0.14671768092991674,-0.1811339344458243,-0.9691826510710767,-0.2593428209137514,-0.06730251732962499,-0.8010126496149254,-0.2733731956048539,-0.0014838684684211794,-0.6424064380960688,-0.2608767670688404
M,0.0,0.0,0.0,0.27448524276179775,-0.008239968733934946,-0.2851520807936958,0.5197489183778331,-0.10988899901742089,-0.5338305929648448,0.6516738620852293,0.012568323523609778,-0.7651631406936705,0.6196869198388814,0.07734452146853549,-0.9986357507361757,0.38101452061154256,-0.8350688527726076,-0.48741987657721375,0.552583314284038,-0.8775417577740521,-0.8293627933974301,0.5968623649739916,-0.4180273413320893,-1.0460947678384331,0.6287998679453194,-0.07083788296913976,-1.1713704649202545,0.08782564777281482,-0.8527982067015855,-0.514802752750843,0.2382083686406004,-1.0792059040399493,-0.8581214718962304,0.29653623418764874,-0.547240110897889,-0.9958005829633809,0.32097482016692025,-0.14567954113977835,-1.0559867203910793,-0.20654493121558015,-0.7280312102036335,-0.5693490175558072,-0.13058148514706508,-0.9576774487475316,-0.9290630026932998,-0.01511740179598206,-0.41097821426603187,-0.9894939182706904,0.043489634439903106,-0.025936810965752774,-0.9777891027367335,-0.4703080312073752,-0.46641307614926314,-0.6374536340839533,-0.42101250625314507,-0.3571651755568323,-0.9456010447439039,-0.25786504822022926,0.030768962715551778,-1.006073809055449,-0.1423942475763446,0.2739180345576259,-1.0114114370885725
M,0.0,0.0,0.0,0.19058895986034727,-0.013131432496001785,-0.20595882607596605,0.3658356200013429,-0.010662752373119436,-0.40750193211301033,0.45539796398474863,0.05623925283790854,-0.5914301818428853,0.5097566861961356,0.02429831300885895,-0.780390730423788,0.48085046510300716,-0.7781640154723316,-0.42328346452955007,0.5682961342260141,-0.4911289303239932,-0.7083209142855735,0.6337498765794621,-0.21306931604248533,-0.8900061530954696,0.6813685382278555,-0.08228476784685852,-1.005956067452814,0.22694920193893106,-0.8560297021784891,-0.4644429014717413,0.2724186857284425,-0.7131107012158419,-0.7604008335846043,0.32005437275699367,-0.33716377427142596,-0.8723436478347417,0.3393244497896352,-0.13868808343901504,-0.9307577271561855,-0.04760274181240163,-0.7543950370101973,-0.5219619322363174,-0.048007813194857564,-0.662757807735871,-0.8344141410895993,0.020035555813243292,-0.302094807778837,-0.8869384891433989,0.06211212455701988,-0.11749214846904209,-0.8888710356229351,-0.287003245476355,-0.51715498775562,-0.5888303289046961,-0.23460642194211412,-0.25737355628093633,-0.8621026052837779,-0.09425781116562962,0.05824006666970096,-0.9238428247833246,0.019048968199423224,0.22010831574799,-0.9392562662697642
M,0.0,0.0,0.0,0.24161329500778056,-0.02013654165891862,-0.20767794764622577,0.44134126228063625,-0.03140378347132798,-0.4339549170189453,0.5239726997614307,-0.007460650175892157,-0.64734575943171,0.5171573819196019,-0.0720975278661843,-0.8696211387044271,0.4951865319899213,-0.7182422853629039,-0.5338603746652265,0.6213409638055852,-0.6858722416593942,-0.863107193235442,0.7166674137274524,-0.33886227034775973,-1.0502091899356252,0.7627043794781848,-0.09486559137622798,-1.1590395991940932,0.22792421003191318,-0.7666863189913313,-0.6002021682340466,0.3007846206674229,-0.864302938206474,-0.9740255350633034,0.3902481068283366,-0.4305331407449528,-1.1367318510206532,0.43263036218885165,-0.15085610220814183,-1.2219089833249783,-0.046514120567433884,-0.6711351978124199,-0.6772589229889779,-0.025534518485563797,-0.7692715594326398,-1.0465448104245776,0.09840535873455332,-0.3743240425971912,-1.1584310964326303,0.17236522445772656,-0.10420183370957299,-1.1955440068660845,-0.283806513623974,-0.4467179453130935,-0.7573988235870717,-0.20362103778780968,-0.36178243238771735,-1.0576686450516395,-0.03158412887108306,-0.03717331527819146,-1.1556119501806756,0.0997581665163306,0.17936067041569626,-1.2026975266533577
M,0.0,0.0,0.0,0.22685848242289744,-0.007781848615490126,-0.21486434901831664,0.43099319893580007,-0.023593821484263075,-0.4344002409406457,0.5409897785611061,-0.00019896957967218017,-0.6365276172875766,0.5765928977236968,-0.07358121951411938,-0.8435142311091137,0.5103345005140695,-0.7293232124567752,-0.517866261536985,0.6461857807400233,-0.6779100839410004,-0.8187753527839412,0.7398064221857532,-0.3498175374607283,-0.9761328010863916,0.7768570886741388,-0.13514812347673952,-1.0665830193612924,0.2449887126969298,-0.7843561910448316,-0.5698823529648421,0.3231309607555959,-0.8894479087291399,-0.9238349997136314,0.4134869302822309,-0.4499860670585427,-1.0554047251138543,0.44387037050440836,-0.1614465786004719,-1.1138204047247364,-0.02962312335248717,-0.6915979692794133,-0.632427905822215,0.008205313477489798,-0.8050998605676503,-0.9961559694722941,0.11730020311070694,-0.3782939677093152,-1.0761426131741056,0.16939205351503456,-0.09692502001339964,-1.0839283888207736,-0.2659306972942243,-0.46899224345360996,-0.6984578261762374,-0.17118845211045203,-0.3800249157851037,-1.0098501816942713,-0.007841626756751286,-0.029464296758187444,-1.093360899541307,0.10323357743204083,0.19226810096736618,-1.1191162244363182
M,0.0,0.0,0.0,0.22139230575359867,-0.01098125981848508,-0.2084772707763066,0.41552120318866376,-0.04269737947192179,-0.4128626731219016,0.5191515553506415,-0.02212490384919348,-0.601963812559833,0.5689019909036785,-0.10009437551367241,-0.7928669992568218,0.5273133945642046,-0.7523190237086019,-0.4812865240078969,0.6462162126076028,-0.7192574662588954,-0.7535561216559863,0.7218736319297085,-0.4024449892709403,-0.8885136074745289,0.7508747051335763,-0.19955679298356369,-0.9649538878955503,0.24720018900884774,-0.8124271109687712,-0.5280665260333455,0.31440396095252915,-0.9341693455079065,-0.8579103360522221,0.40615191979896115,-0.4966093746150988,-0.9766107231680009,0.4423662359455286,-0.1990542588924206,-1.025521331306806,-0.04227922364531694,-0.7269119372099095,-0.5859692972584317,-0.005284408551770839,-0.8657176981363277,-0.928662994079213,0.11582213244749709,-0.43737495396900256,-1.0059141518197976,0.17719655288093153,-0.14035137736590245,-1.0120421232818868,-0.2892831892421005,-0.5046406912007042,-0.6476189358594029,-0.18219728346520533,-0.43373877813155803,-0.9432178052419308,-0.00970877406343061,-0.0927657716624245,-1.0258045698041751,0.1061298385138591,0.13677804575673377,-1.0514759975847412
M,0.0,0.0,0.0,0.2467921773534532,-0.0031392893154167083,-0.20727919927221528,0.4555291993013296,-0.007445388317822643,-0.42888988190194083,0.55777004999254,0.03348706593321659,-0.6355126221531178,0.5728052825264056,-0.021015925592762805,-0.847993678335779,0.5224847269990526,-0.7138329796349363,-0.5301623035345703,0.6743542770141695,-0.6530017254040387,-0.8336635985141733,0.7674692357715934,-0.3189089391965322,-0.9882654990132428,0.7913959477134971,-0.09313203081812263,-1.0753946212063026,0.2524091041959226,-0.7666791057828425,-0.5903327814673963,0.34697890894648425,-0.8576583059723352,-0.9511838888126423,0.4342234864218338,-0.42043735966242834,-1.094686596977349,0.45897337811102057,-0.13945422218079376,-1.1623680155636293,-0.022707591709952776,-0.6763948260128191,-0.6590277989395231,0.0215788658506762,-0.761541509875377,-1.0225971942059027,0.1388216804446469,-0.34569412694261503,-1.1223105044234023,0.1923811123081595,-0.06896237032012106,-1.14597653913079,-0.25395784652290365,-0.4561729035387026,-0.730048939400001,-0.1416407591856751,-0.3445875072132176,-1.0313353533765113,0.029013748284991904,-0.004366288959997763,-1.1247648320214239,0.1399232661048639,0.2118612090557519,-1.163624234696714
M,0.0,0.0,0.0,0.23113458661089162,0.0025695735517941337,-0.21028110825412855,0.44390196983867003,-0.016046004487561435,-0.4097180034224617,0.5573968942203998,0.0262371057585869,-0.5953098185390455,0.5902586142062977,-0.023774986686853617,-0.788296869524902,0.5019066722120266,-0.7670266976935202,-0.45197015220825354,0.6182678082547016,-0.6441310999110429,-0.7326685161483572,0.6983061428276545,-0.330624458652826,-0.8953564771373095,0.7457126917894161,-0.14521721709494845,-0.9965151377437906,0.228236502858403,-0.8359255086142324,-0.49913589613551435,0.3093086314863481,-0.8740964360778826,-0.8218768498595115,0.38245189436946403,-0.4281059336119281,-0.9476891424193608,0.3997837100930079,-0.13563805998155767,-1.0065337882337861,-0.060164264233223595,-0.7460596422716465,-0.5609657048096811,-0.02773418342994317,-0.805275484123655,-0.9027315652915707,0.08014442310623328,-0.3704609305574193,-0.9874264693534742,0.12840150159661215,-0.08436747523574345,-1.0020780698360088,-0.31287511853006267,-0.5143930193897756,-0.6280272603962598,-0.22175189817608668,-0.351825090974154,-0.9274297043442014,-0.05653243940184485,0.00044256675686079526,-1.017293578681066,0.05317221032197585,0.2204264744834717,-1.0512176637754467
M,0.0,0.0,0.0,0.22200969900494621,-0.018740028973702822,-0.204911328998849,0.4156406156785749,-0.02292785870089393,-0.41121588438429824,0.5125181151516941,-0.012724690082741531,-0.5990533255125208,0.5265739853077668,-0.0833431990749052,-0.7905969556490823,0.5078997093332247,-0.7339771858152815,-0.4893430146943305,0.6007113402872735,-0.6105691996066077,-0.7682921596418484,0.680085815596707,-0.32201279910913755,-0.9178035562512055,0.7170653023246956,-0.15666055052294303,-1.0087483322952122,0.2560862968732135,-0.8048018622757813,-0.5354566005113752,0.29618608157105153,-0.8047944385500697,-0.8637758015859848,0.35832860475850065,-0.4174464899845567,-0.9859390410992563,0.376418527466308,-0.17322054941479467,-1.0460878697202178,-0.009644692338184095,-0.7147355250899171,-0.5913740115298955,0.0011309515855643726,-0.7222163074363668,-0.9250189934300743,0.0891945796808625,-0.3406779545063767,-0.9954321833796975,0.13920312924577205,-0.09410823767620839,-1.0057411931158537,-0.24189043646086308,-0.4909197396725401,-0.653176740186198,-0.17257001893600135,-0.3351332798255368,-0.9394913345985731,-0.020834580156645095,-0.025026015693467595,-1.0213116093703365,0.09927960500697451,0.16068739145541483,-1.0514242558682325
M,0.0,0.0,0.0,0.2586057466751293,-0.12692228506434486,-0.11175408165402172,0.4744005021711761,-0.4290181588751051,-0.1705917453032031,0.5063590730495159,-0.7142173301597297,-0.229364081366957,0.35490008382673643,-0.8841881928364014,-0.27683959934825375,0.38201536495276106,-0.9269259629334257,-0.060264512226806004,0.4448000113776434,-1.1832938121347163,-0.18842172137928337,0.426716488200764,-0.9577400896885887,-0.2857288228048818,0.39567422289391274,-0.7609419673339131,-0.3392703496656642,0.20142272143685855,-0.9768164740654464,-0.07251526241639664,0.26129672564534767,-1.3478575688332803,-0.19886960214862578,0.25723080202987525,-1.0830215000297676,-0.27111532937570865,0.2335639976717575,-0.8587205944658404,-0.2973498907929434,0.017707275187858775,-0.9448228904495758,-0.10308512930359515,0.036124114068453256,-1.3034105658112445,-0.22966875817970572,0.08666986357426323,-1.031012718277138,-0.25255135363382436,0.10148872685527209,-0.7986172012507511,-0.24211212184428865,-0.16965477546285263,-0.8377212883134858,-0.14284472393527373,-0.11692086880080715,-1.0354276577524406,-0.2433888363092482,-0.024853208190557585,-0.8590514092597318,-0.25144490944602316,0.0242111690630597,-0.6913731861941492,-0.23938701587543545
M,0.0,0.0,0.0,0.25824175336384486,-0.12895766482419016,-0.11289977620056343,0.47254865410808705,-0.43616672910239956,-0.17097070984370796,0.48912911595854625,-0.7286775507310332,-0.22809371311829324,0.3308375257466012,-0.8999546322405425,-0.27406732373929604,0.38438992207822975,-0.9245590283267201,-0.06345118841227479,0.44742501075731833,-1.180145600028871,-0.19090054246157132,0.42665748354810235,-0.9548074405970669,-0.2874129689712194,0.39403026540240904,-0.7581154645937317,-0.3408770341835067,0.20270676392904774,-0.9763636397559551,-0.07499340517616794,0.2626747486854027,-1.3494040817306525,-0.20112757611037785,0.2557998314890005,-1.085939965985451,-0.27320952308753066,0.22969205122095177,-0.8605681632235179,-0.2993615471151393,0.018829838220227595,-0.9453202995447965,-0.10466385075397666,0.03520315725295162,-1.3063841330597177,-0.2321396363658382,0.08299142237052963,-1.0342994005461001,-0.25585828837315994,0.09593395586226819,-0.8014023355532918,-0.2457994887527506,-0.17019576819652663,-0.8390082104699459,-0.14335600033214224,-0.11783173213738139,-1.0389566383945081,-0.245282083529995,-0.027470335138265065,-0.8627838962631575,-0.25399290821509407,0.020664372866424377,-0.6944592255054883,-0.2422828397333734
M,0.0,0.0,0.0,0.2577991151880104,-0.12642788266475477,-0.11548339818389923,0.4703746749484543,-0.43611725626669007,-0.17530363389616577,0.48092318888491337,-0.7268348997344177,-0.2341033819122296,0.3232005120725819,-0.8990421507749876,-0.2815290651883649,0.38278654602332973,-0.9245733339182706,-0.06481935179194234,0.444899128598044,-1.1772218140394217,-0.19474265759245574,0.42489388606955153,-0.9516373731404981,-0.29306152482520914,0.392068317019821,-0.751328269384715,-0.347253981005058,0.2006721997332088,-0.976731786647963,-0.0756682575834358,0.26352332257839933,-1.3448009441327293,-0.2027923025562653,0.25503253750751115,-1.0811503922798558,-0.2759761213047145,0.22834976987334843,-0.8578975631121653,-0.3029829108220566,0.017182056839284927,-0.9458643274680864,-0.10523328164138343,0.037118759278802115,-1.3027528482524842,-0.23376867665485776,0.08345491181870174,-1.031179950082835,-0.25876791101042584,0.09513822208659525,-0.7997816724464009,-0.24985945110077476,-0.17017921363054708,-0.8390169885213923,-0.14414282417606333,-0.11564169833879245,-1.0316439137620521,-0.2467699094686315,-0.026090187229277487,-0.8555856531878845,-0.25679858012904194,0.020954259145072915,-0.6914754285693934,-0.2464349267210209
M,0.0,0.0,0.0,0.2602456176862063,-0.12570055697892377,-0.11768366288407081,0.4743674513420194,-0.4390785039659733,-0.17672057242485745,0.4702984127072356,-0.7320705451606094,-0.2335174542429508,0.30689324667128925,-0.906755746586931,-0.27841709806904763,0.3916967972897429,-0.9225022202328892,-0.06440750201592697,0.4477365355645725,-1.17076248767726,-0.19377471314471087,0.4240492949502827,-0.9389309428781912,-0.29140195699001364,0.3911050053369515,-0.7395838991102075,-0.34576181342373963,0.20687234749638905,-0.9755864725166707,-0.07372154694397424,0.264853091121898,-1.340146850595237,-0.2027307249834512,0.2531702370249855,-1.0705003697115532,-0.2763336506602313,0.2251036803796726,-0.8459006643055302,-0.30297625568351727,0.02203969959896975,-0.945896135462736,-0.10194576077276585,0.03778923016508787,-1.2989323413908764,-0.23246768006982585,0.08211929681614681,-1.0208351436758076,-0.25719981420630333,0.09344463020525648,-0.7901489712803218,-0.24739175534842306,-0.1667317899246009,-0.8401404540676883,-0.13952505347209326,-0.11404201929237485,-1.0253413218934704,-0.24352867670941883,-0.027332201052332666,-0.8440984709202979,-0.2535553400964677,0.018092381966920243,-0.6818952303108943,-0.24276757306503868
M,0.0,0.0,0.0,0.25891675378471,-0.12069251372956152,-0.12211807541341484,0.46876987252827124,-0.4330247847881676,-0.1828815125700066,0.45757511448991683,-0.7229242986304549,-0.24054182808834282,0.29554890656454164,-0.8991787755959516,-0.285630300329887,0.3930473150893184,-0.9174364833549243,-0.06322291365691311,0.45064962462205177,-1.15268679501368,-0.19375809249441872,0.4219286662823417,-0.9266233604888393,-0.29244226493745046,0.38306455231549186,-0.7340043916660101,-0.34773600877225924,0.2091137367014145,-0.9753106732798372,-0.07099673027120344,0.2703930627576487,-1.326421543080314,-0.20087870282412548,0.2558687369693359,-1.061664886887976,-0.27562816193359946,0.22711766179756526,-0.8443572996070094,-0.30301482718501294,0.025678191247355667,-0.9498448195135689,-0.09858260006174212,0.04633792358906472,-1.287904463435189,-0.231549484276195,0.08539240909068256,-1.0097463695783366,-0.257001782014271,0.09346330563108836,-0.7844884912358122,-0.24730504280089083,-0.16039644522896182,-0.8484055268082472,-0.13605784281659858,-0.10237692086676597,-1.0188104308237111,-0.24258814939884119,-0.020028660374495657,-0.8339919978057717,-0.25360564294115123,0.022025212929260976,-0.6764273636941348,-0.24312731667555793
M,0.0,0.0,0.0,0.2579932890685893,-0.11851301848344041,-0.12309405444782773,0.4659028635522937,-0.44293106932722337,-0.18101936442599798,0.43905907717111514,-0.7385641812891075,-0.23483311485099403,0.26628192911894794,-0.9092718850446225,-0.27537590057683686,0.3860956036556796,-0.9183502140382153,-0.058474990246935324,0.4424522782946026,-1.1496406589451655,-0.18612633699870718,0.4133829798907452,-0.9178909486594233,-0.28361436863465456,0.3732357605356927,-0.7200121975641894,-0.33844857510526727,0.20176421870257616,-0.977325938877692,-0.06422779186751401,0.26156222107653665,-1.3256655282493346,-0.19115329907971443,0.2468198024173162,-1.0598383268572322,-0.2652468473365776,0.21734761552248266,-0.8371243191377101,-0.2917985911260252,0.018585809857607546,-0.9509506306838021,-0.09006594691824094,0.039342954923748966,-1.2897428628561454,-0.2214330161402067,0.07765833793860212,-1.0135882406438201,-0.2472617779076436,0.08431397330676532,-0.7878012800245249,-0.23756546884559707,-0.16722663718979758,-0.8481535634589374,-0.12585607506083626,-0.10689992961180868,-1.015019663575923,-0.23228118408547702,-0.026479674188651336,-0.8316415980453239,-0.2438633344211123,0.012854755449623046,-0.6748412474863338,-0.23354742961150998
M,0.0,0.0,0.0,0.2567388239480627,-0.12384193552661975,-0.11971846713050724,0.4600603951752797,-0.4537466776034992,-0.17491222891122415,0.42478693469244594,-0.7560688110555324,-0.22628802890619498,0.2508093814445892,-0.926985334198403,-0.2652648357508624,0.3834357270475025,-0.9192158712678914,-0.05357681446312945,0.4394225877759849,-1.1529437388942834,-0.17884058746384934,0.40550952414332336,-0.9281901552087108,-0.2764340732269291,0.36383330841668793,-0.7321304361470158,-0.33171677836009933,0.20058129624886487,-0.9778657678231883,-0.05954564396067357,0.25812350379969523,-1.3287938270965574,-0.18448262966967213,0.23977845075296986,-1.0681742502540996,-0.25881811043944475,0.20893684382479152,-0.8450100370313391,-0.2853479583463197,0.020042393691171806,-0.9514416092793077,-0.08506099059608717,0.03513887503406218,-1.2919378557558439,-0.21330408294529035,0.07191253111558828,-1.0205017794719502,-0.23867776158983978,0.07907519339378931,-0.7946506589972108,-0.22875951026527525,-0.1644510711099878,-0.8494230952684801,-0.12024491608554218,-0.1132933722538392,-1.026804521675839,-0.2235956168212579,-0.034111717791500726,-0.8456153285705647,-0.2328253524497559,0.00659619610289233,-0.6857501777420115,-0.22069976600304136
M,0.0,0.0,0.0,0.26230425782064865,-0.12197587156716257,-0.12078583517348675,0.4659874878021187,-0.4601564078662583,-0.1746953715575968,0.4177841146654809,-0.7726848058185617,-0.22402684512075904,0.23806403199764745,-0.9516164716711144,-0.26067674540065927,0.39197285645688,-0.9118010081247977,-0.05535137461878282,0.4510162701792276,-1.1520471369773515,-0.1811511039978379,0.4086264351186848,-0.9259809083099272,-0.27839537048124924,0.36196301626963717,-0.7295142889360207,-0.33354314461810736,0.20801772684207348,-0.9762514584012761,-0.060512108613383526,0.27127325878130715,-1.3362091086000212,-0.1845255293484882,0.2457408747055114,-1.0773801418236735,-0.2574284798623175,0.21131214335595935,-0.8543260024153291,-0.28318234718326085,0.027693347824055536,-0.9537951154040196,-0.08526374180474088,0.044265432806635446,-1.3024587775987961,-0.21347394889504695,0.07525941276417875,-1.0260228251761527,-0.23705200404312599,0.08042818390023691,-0.7973992143547477,-0.22605104797216707,-0.15752562444313686,-0.8544381598179233,-0.11966998469726105,-0.10549398213125019,-1.032966777270513,-0.2235839131616838,-0.030321449916617966,-0.8465111729523029,-0.23181586249682723,0.007960274961710489,-0.6831874804196357,-0.219064881461344
M,0.0,0.0,0.0,0.2619289598294649,-0.10766013178367059,-0.12767499519995595,0.46978779175817437,-0.4347528516114055,-0.18650404110794447,0.42039838875641516,-0.7403779398137904,-0.24017772078330601,0.2461497600834945,-0.9349466068544338,-0.2797288188251176,0.40857170275500504,-0.90513311917488,-0.05837539744678358,0.46913457403822517,-1.148067016888737,-0.19533484663391407,0.4204701998126858,-0.9153913078084986,-0.2989720545549903,0.36751597975166567,-0.7129540030818162,-0.3562972365049376,0.22246276556299832,-0.9729606681044066,-0.062111643513026824,0.28700250270234634,-1.328215913138822,-0.19879125528741776,0.25526367620197227,-1.0557924385021158,-0.2755986280619957,0.21700042090124141,-0.8348213781369088,-0.30101389609137885,0.042020952152749536,-0.9563326035603239,-0.08732563044411674,0.058287055765803404,-1.2957775168879582,-0.22660432423399526,0.08078992886132073,-0.9981821223822077,-0.24840977222521182,0.08437605401820343,-0.771587522980378,-0.23296176465566878,-0.14227444454881572,-0.8616124366966637,-0.12272547176265768,-0.08832372501330414,-1.0273502791052176,-0.23319148393538613,-0.022546042747841864,-0.8228697491994439,-0.2405256896275037,0.01285999037179369,-0.6603935677339872,-0.22512354981355548
M,0.0,0.0,0.0,0.25990897491414355,-0.09778808104168309,-0.13052265602509197,0.4671346556286257,-0.41321956795252157,-0.18952664563922275,0.42143671666830357,-0.6986764027312569,-0.24339808776816055,0.26144099737354204,-0.8852327377849056,-0.2829163651882955,0.42180903920409946,-0.8978655132275106,-0.05356573052266805,0.4779200165489293,-1.1185101061567726,-0.18918759572544752,0.41531221083142456,-0.8837514427202399,-0.2914490265823892,0.3586681823033579,-0.6929246329687178,-0.3487427241631052,0.23358021643226803,-0.9706076323508562,-0.0579750507866948,0.2983355278088486,-1.311078051024784,-0.1954556855909635,0.24889823548735118,-1.028558856216558,-0.2686142724896787,0.20996137602933024,-0.8107055106132237,-0.29019269648566814,0.05098020462922163,-0.9556616601392063,-0.08492463831546775,0.07097906646402347,-1.2858998946185427,-0.22305886648086076,0.07795256693176762,-0.9811375642971393,-0.23720894930300634,0.07750566961186751,-0.758033106261888,-0.2159132650557152,-0.13324652995980293,-0.8625862643451312,-0.12305722561308162,-0.08684116439685052,-1.0276155747976572,-0.22962711640624175,-0.03524120333633004,-0.8166899647298627,-0.22871348914710143,-0.006254770478244107,-0.6590628563690442,-0.20702130758996218
M,0.0,0.0,0.0,0.26320635323375335,-0.07539464379315136,-0.13676918021930945,0.48244203606238395,-0.36750243258941473,-0.19979916171023485,0.47277171893652464,-0.6365884426403872,-0.25792847828336296,0.3353159465070553,-0.8365699733835206,-0.3026548608039775,0.4387534218725845,-0.8771920034406899,-0.060443135330727656,0.5106859528022993,-1.1016198663893715,-0.20322822552689848,0.4291031708702602,-0.874219956185841,-0.31195791134485434,0.35214026060533665,-0.6802694260508142,-0.3728348207434656,0.2514956504901324,-0.9657351866462568,-0.06407407477181987,0.3311395079079179,-1.3136963237486028,-0.2078266002993467,0.2677776140100517,-1.030434021352326,-0.2859946614537278,0.2172351468364808,-0.8042098164150728,-0.3103032333622254,0.06554740563443398,-0.962754943369119,-0.09106007872879252,0.09691386555571087,-1.2957213163830985,-0.232579824080861,0.08994371384187382,-0.988121773664154,-0.2503325143417775,0.07649700879101538,-0.7573534396105934,-0.2313679962594525,-0.12436884449495005,-0.8782323330284704,-0.1299754107911757,-0.07590958009006413,-1.0331580682775696,-0.23954287493055976,-0.03227579446316317,-0.8168600941966117,-0.2416877421686644,-0.011518096219830593,-0.6543663215387693,-0.22247608928494994
M,0.0,0.0,0.0,0.26005108305040026,-0.06785767886224646,-0.13998909685726077,0.4882807773717066,-0.3329633216205987,-0.20662673673957507,0.5156249430711052,-0.5712113537471905,-0.26996679547134417,0.39618727224746175,-0.7617585179080829,-0.3196078697838636,0.4564003949145767,-0.8684317787995542,-0.06156956288317259,0.5237248392059333,-1.0916550248027632,-0.21274620841262631,0.42960177801085225,-0.8622567678248961,-0.32622554850178326,0.3505682242136014,-0.666234212483483,-0.3883914781178231,0.2651597680719388,-0.9618834283665731,-0.06686230350356671,0.3391301708416208,-1.3030033488314716,-0.2209463724068168,0.25897716809828575,-1.0087107023158923,-0.303476915462638,0.20675468861820379,-0.7855839654697133,-0.32796761753993825,0.07218899264711448,-0.9678399334456411,-0.0963903065806094,0.10705886795361053,-1.2922314091071225,-0.2443444018175057,0.08362189122732495,-0.9782319936542623,-0.2601024570701921,0.06442816725983402,-0.7479274956454707,-0.2370019021012389,-0.12286560735079276,-0.8940542440477228,-0.13861601604736104,-0.08508842948593245,-1.051239882249529,-0.24937585445540472,-0.05047357318339851,-0.836271462511573,-0.2490732431204814,-0.02940278906827179,-0.6796996740963954,-0.22635561042628716
M,0.0,0.0,0.0,0.25787262729547783,-0.06293716899290505,-0.14587041526518923,0.4854401054852004,-0.3277556579610854,-0.21297855496574622,0.5021977622823134,-0.5649869560798537,-0.27510107706982906,0.3800102711515628,-0.7477334739396014,-0.32375700187101286,0.4591589132320295,-0.8669393859414198,-0.06060973624963986,0.5127561271604311,-1.0729286910322873,-0.21627990436165895,0.4105118185195008,-0.8477639939022359,-0.33218660327933597,0.33261007040960017,-0.6475767691616704,-0.3944780008289469,0.2675079630675717,-0.9615012326108734,-0.06288775225121254,0.33540977819639506,-1.2970010207432363,-0.22379516433182844,0.2431887595452425,-1.0116091373126763,-0.30730733002094146,0.18796794867058683,-0.7773441792988712,-0.32856391698781046,0.07623328861644746,-0.9669476882616318,-0.09052202207128657,0.10057285831099722,-1.2781584660780345,-0.2453378212474842,0.06578031511905147,-0.9641615104493891,-0.26008547570669355,0.04849940435873348,-0.7269215246627505,-0.2323395746952655,-0.1149367065578788,-0.8907633923951416,-0.13135013558884787,-0.09590686856071876,-1.0372804837655087,-0.2484245781259611,-0.07139297582562383,-0.8159621447694471,-0.2480758608344784,-0.04711649853872238,-0.6550988653295083,-0.22203197721391238
M,0.0,0.0,0.0,0.2498099346203246,-0.046207417627678424,-0.16398946804705966,0.47882079280907264,-0.3020010159604958,-0.2367411904701063,0.5089001870646941,-0.5417072149496892,-0.3019089678508195,0.41674642511094573,-0.7579178110885156,-0.3546790836382198,0.4800309911386182,-0.8498427432876985,-0.07622082849116721,0.5242486836254193,-1.0618030149411972,-0.23795928988909804,0.4080756097554549,-0.8609724486998517,-0.3605713077762237,0.32260379026866487,-0.6649024220142247,-0.4270714574111539,0.2892706386028438,-0.9547136726877552,-0.06960101166908984,0.3536037590986742,-1.277454675583925,-0.239092678976073,0.2370953239310505,-1.0098308204115694,-0.3351605518651451,0.1693678243881366,-0.7844245635149433,-0.36495511628504806,0.09900856960463342,-0.973360527864722,-0.08984085076519553,0.12295913316503963,-1.2733235243848047,-0.25362372349612516,0.059317331362859264,-0.9829791898696327,-0.2834586811261179,0.025572115688351355,-0.7473623817146667,-0.26502309575436317,-0.088012667810606,-0.9104745318502778,-0.1242641397114955,-0.08452596142617456,-1.0534188404576574,-0.25361813059011273,-0.07992919636270569,-0.8408982128874853,-0.2672786526057739,-0.06242492749593422,-0.6771116470630618,-0.2491762268797879
M,0.0,0.0,0.0,0.2549496648709248,-0.04501342175943766,-0.16893260835871812,0.4912586804045299,-0.30143010476835025,-0.2433647696936176,0.5151042415472185,-0.5480043590289647,-0.3099965657507141,0.41316412204098896,-0.7584773231181962,-0.36396989403364144,0.48666955043464116,-0.849649469007879,-0.07585085113679611,0.5291919071355815,-1.0711490466052664,-0.24032267277807273,0.40279087667772834,-0.8751828138530527,-0.36488208208120687,0.31345959589631067,-0.6734438424064856,-0.43175871118157877,0.29029318048236963,-0.9545684115419162,-0.06729797212229557,0.3527293687487586,-1.283459419590403,-0.23981644567396343,0.2295529844228209,-1.0243771327988112,-0.33729452301895974,0.1602432538254064,-0.7945192816440653,-0.36702561778646,0.09694186039822127,-0.9730928457386296,-0.0864948601365854,0.12366630242797308,-1.2865177355024917,-0.2541334813555119,0.05300807297475046,-1.0001487961372484,-0.2839604500137911,0.017425790692766365,-0.7561409235628105,-0.2638432779544935,-0.09109106890807034,-0.9102561688650213,-0.12030842574332007,-0.09030334050767835,-1.0702219176396863,-0.2532341460976604,-0.09241422220657154,-0.8586059553212207,-0.26641210779109176,-0.07758059078383364,-0.6854384833931491,-0.24639408582387273
M,0.0,0.0,0.0,0.256188270779255,-0.04180498109606456,-0.17327881729811542,0.4985620998014857,-0.2973430531923583,-0.24922080371205407,0.5248134191943195,-0.540454671679824,-0.31574641908617984,0.41791010004346507,-0.7546539483311633,-0.36976188098205276,0.4901804582177236,-0.8467318398859556,-0.08557423939645391,0.5353909110173318,-1.064608047276811,-0.25218468395314675,0.3984487312256034,-0.8644169255505659,-0.37697172439386706,0.30276340244450395,-0.6615584111423174,-0.44388474800686367,0.2937780359647391,-0.9528435120988379,-0.0760506872806046,0.35821604086589137,-1.2841631021242725,-0.2515308477191035,0.22636932815205676,-1.0222041189637767,-0.3496271489768269,0.15339751982884536,-0.7880157571286454,-0.3789568862266646,0.10050166358093729,-0.9733084830699589,-0.0940243339004537,0.12899385921845463,-1.2828955693989716,-0.26581594515269685,0.049199090901496934,-0.9956568730271949,-0.29678448060270035,0.008945552487822203,-0.7492011687728535,-0.27623182836296034,-0.0861525561066616,-0.9124742959413008,-0.12652298440125412,-0.08693377901765223,-1.0708886683112224,-0.2642228425569198,-0.09823356904358016,-0.8562982010917777,-0.2784025414954796,-0.08912818147537736,-0.6800111105715816,-0.25788930510776276
M,0.0,0.0,0.0,0.2542956063697325,-0.03767767089014909,-0.17615271732491264,0.4955159878876135,-0.29426719427598436,-0.2536419812095296,0.5190735423953271,-0.5462973368970995,-0.32142485063403403,0.4061101307945752,-0.7661134196420567,-0.3763776675281874,0.4868911458988837,-0.8467690944552366,-0.08846393284789308,0.5353521674234727,-1.0667277353660058,-0.2577707509536946,0.4033984614461079,-0.8710048581284515,-0.3828235364057463,0.3080245679765274,-0.6682499382245882,-0.4486201853670203,0.28822357434786516,-0.9544544978945184,-0.07709593140408462,0.3581633108834171,-1.2782264173252693,-0.25440677220884744,0.22375883013329848,-1.0190136485914603,-0.3522299995485335,0.14476117828646776,-0.7836124709740433,-0.38037436668910707,0.09399500435297399,-0.9769410422312382,-0.09384366144062391,0.12520152673175972,-1.2821002932148764,-0.2663471859091509,0.041947266069093436,-1.000875639011683,-0.29807982014730855,-0.0024093351421594997,-0.7556436386067266,-0.27763295558599876,-0.0931090133777322,-0.9181986148934925,-0.1253237546905734,-0.09675803549710749,-1.070725930147396,-0.26346733221486046,-0.10900213310999692,-0.8581487963933349,-0.27899342303583585,-0.1004824952538675,-0.6823245293790469,-0.2589286347868895
M,0.0,0.0,0.0,0.24969960153746912,-0.040894684329719024,-0.1816494776612623,0.4891585110937235,-0.29834489935611247,-0.2603449747849077,0.5157194441023392,-0.5507480228929984,-0.32770072900189007,0.3939628505516177,-0.7444103729057361,-0.3826111180271036,0.48145472303099246,-0.8531125834516228,-0.08459487642653869,0.5137307998518915,-1.0558837715854432,-0.25455926965171194,0.38400871294235267,-0.8734883947507024,-0.380732822346205,0.2920155668248032,-0.6787677326514859,-0.4468782613869262,0.28367618823782287,-0.9563627918440792,-0.06998593146524332,0.34079775001510965,-1.265470070138259,-0.25177753769965017,0.20155042341843188,-1.0139609387873454,-0.35221340870524154,0.12233286229270748,-0.7816151849241695,-0.3793044673019641,0.09233026045888577,-0.9736002941342725,-0.08447280354590676,0.1153466810682023,-1.2608976965431344,-0.2617748380100535,0.02739861977413475,-0.9950573993240974,-0.30023319972402457,-0.016000219402988028,-0.7588610441560459,-0.281242257586425,-0.0893305604569826,-0.9101524161874864,-0.11397422250136989,-0.09757858637200299,-1.0540960744860521,-0.25448597924154287,-0.11254347549277889,-0.8536714722041322,-0.2749173598251578,-0.10188609467295465,-0.6879047234827953,-0.25658127342741543
M,0.0,0.0,0.0,0.1674964945903628,-0.1503026137692045,-0.13168392637257026,0.2732281294186194,-0.3859866008146405,-0.23398812814250772,0.30572997335106467,-0.5847004127988551,-0.34365669090255796,0.26947422498381396,-0.8344436983868592,-0.44531364124930073,0.33545145985441543,-0.9465148153602854,-0.08929671506224371,0.3889009132488544,-1.2695701634220482,-0.23053825937877076,0.41149500903361613,-1.1650585387454049,-0.3490098809791936,0.38703714557919966,-0.973480731384308,-0.41459962199148187,0.16248249897879025,-0.9813374912843155,-0.10284048680074256,0.201834330745207,-1.4132083398925879,-0.22797437024945194,0.2385067108212939,-1.2187391612103584,-0.3370402014092032,0.2421765857384522,-1.030914906696127,-0.3991464970094896,-0.007517301743989394,-0.9557341543215543,-0.13640781798519472,0.014995577226644762,-1.3639753927649385,-0.24245658513528276,0.09031801954101583,-1.1947200795049948,-0.31370229936323907,0.10878095703140987,-0.9757709752251175,-0.35237688486033447,-0.1841434803709348,-0.8531896641689098,-0.1824569715097845,-0.14510790195649964,-1.0899997873859935,-0.2673779733400258,-0.0448422290366164,-1.0180629611393341,-0.31175043694038157,0.01842707552051953,-0.8925017664981127,-0.33812906925921654
M,0.0,0.0,0.0,0.1603191914846616,-0.13635592589246986,-0.14673545511892327,0.26209394645776085,-0.3475327076775426,-0.25559985607461105,0.2861339578589447,-0.5293587732104221,-0.3676235714112841,0.24286544171165364,-0.764650384799509,-0.4713799627469321,0.3591314875223878,-0.9315373003902243,-0.10237284029312542,0.3925860019307554,-1.2058417153211214,-0.24160174028865294,0.3924738619358811,-1.1244937860706068,-0.3600468939841599,0.36920621474939413,-0.9599737252467077,-0.4313919356918846,0.18237993197631355,-0.9769883411877569,-0.1105953959055717,0.2147316196225889,-1.37444227020851,-0.2447427333599288,0.2232535583580698,-1.1836497359917182,-0.35947756448674517,0.22058953260483655,-0.9977698096441316,-0.42479862964950016,0.004247302305865132,-0.9511808983361085,-0.138792055815983,0.02201378186879834,-1.3323612114756929,-0.25147244719295336,0.0744111944738276,-1.1621780809106403,-0.3255744243918521,0.09376480540171651,-0.9489629794999848,-0.3658141093650844,-0.18017988545187283,-0.8376654363371512,-0.18054065888821472,-0.14848544330680624,-1.036131500140703,-0.27365831576872973,-0.06313026142695428,-0.959156505034061,-0.3232951789960314,-0.00036568151453550044,-0.8413285593572178,-0.3525490649909317
M,0.0,0.0,0.0,0.16659550776034093,-0.13003531539668775,-0.1390141191131952,0.2757230148756806,-0.3464922224912756,-0.2445171422361438,0.29664179819558195,-0.530684675263167,-0.3544595234742322,0.23952841723891738,-0.7659632337206536,-0.4559641016599862,0.368880581465329,-0.9242452397362094,-0.1032047835623687,0.4224049448964028,-1.2148826123311527,-0.25305221381664006,0.42380938999389434,-1.1357380109500785,-0.374191180953897,0.39355894520505913,-0.9475123214691853,-0.4409847483230617,0.18778884696273934,-0.9755499465995464,-0.11418253214054788,0.2348192261062317,-1.3798536344669416,-0.25286352411692264,0.24013006525403546,-1.1889669479335376,-0.36292489906194847,0.23054471846772226,-0.9862815551993516,-0.42042314853247054,0.005809213849322034,-0.9515176707851419,-0.14520995568335662,0.030953566930905025,-1.3343746939700891,-0.26146966357001805,0.07779809009365067,-1.1679828541383108,-0.3301714932778031,0.09183894269527021,-0.9513057265979981,-0.36272228815554153,-0.18336950479905945,-0.8401541345035679,-0.18868669380872605,-0.15163473102555788,-1.0393501846524666,-0.28170241702100635,-0.06950599866997767,-0.9604034938026814,-0.32472641231621946,-0.009371063656526827,-0.8380785927863423,-0.34584823384935665
M,0.0,0.0,0.0,0.1669208491664625,-0.13114381555373145,-0.14607967838206526,0.2729780720202788,-0.3434104558695991,-0.25871063748130774,0.29708752065462746,-0.5286579053644546,-0.3770653669495068,0.243235417922323,-0.7638982762261529,-0.48648066814280844,0.36661621484211626,-0.9268004586592429,-0.1050447197682335,0.4246965936484762,-1.2371300038442699,-0.2592870859518099,0.4234115972555936,-1.155825456897211,-0.38093033535546117,0.3923350986749264,-0.9556390585573834,-0.44652174591446,0.18052868756360177,-0.9768507947585336,-0.11476897553862082,0.23679694805250937,-1.39619141408008,-0.2567836213480875,0.23008142931501036,-1.1904459937563476,-0.3649204650485908,0.21920726125836099,-0.9878614822901148,-0.4187732968568629,-0.003111331691703063,-0.9563198332421233,-0.14622359114298092,0.03015403521267016,-1.3486336064449975,-0.2612180892192279,0.06756110041994723,-1.1797123550924518,-0.32754174266955394,0.07659125308556204,-0.9622171464749911,-0.35864476138854234,-0.19489257773913496,-0.8485665974186938,-0.1914557945349975,-0.16296725246319763,-1.0500565835885778,-0.2793857737703096,-0.085637263153472,-0.9688364271847678,-0.31982167116683174,-0.027733685269253346,-0.8439471720880247,-0.3401992077593118
M,0.0,0.0,0.0,0.1697111055773671,-0.13270336282433118,-0.14430960076969335,0.27474341252402057,-0.34519576519491024,-0.256521872106342,0.2966561649816398,-0.5241504002452305,-0.3751809756128756,0.2344935349279159,-0.7544353152479274,-0.4854712094586815,0.3711604053011185,-0.9291809628882066,-0.10387878283430209,0.4305367654336016,-1.2450988448207616,-0.264921128168298,0.4183656681253061,-1.170934527961735,-0.39086660588862915,0.38563967477708916,-0.9687193898687056,-0.45791967801939515,0.17863914933053857,-0.9769923919264654,-0.11650716906811115,0.23586131343581068,-1.3998290641399773,-0.2662262045784202,0.21944539894731832,-1.1908808691362416,-0.37569997902070235,0.2116484734766026,-0.9868713026568473,-0.42742293947330523,-0.008573788384657055,-0.9530222756922612,-0.1514118191520108,0.02292388694565597,-1.3408146765572728,-0.2734901162824662,0.05288951805259086,-1.1650272094463108,-0.3388786888792847,0.06689528333527235,-0.9480099664610867,-0.3664100545889577,-0.19954352343628698,-0.8410716994845578,-0.19988118382865536,-0.17192740653951474,-1.0391421600114155,-0.2924466370886186,-0.09587513640689618,-0.94832398224158,-0.3307841696060637,-0.030195860347987036,-0.8216205441078449,-0.3474064957255752
M,0.0,0.0,0.0,0.16638747343614524,-0.13506566966861241,-0.14441035051368542,0.26811638062450893,-0.350013428706282,-0.25586706182889696,0.2894473017383823,-0.5244490369971363,-0.3736506488965987,0.22333208596937779,-0.7501979034221576,-0.4821945524777965,0.36917948490671126,-0.9347710099434813,-0.09537033650538683,0.41465736995887054,-1.2461420935383734,-0.2464856072952409,0.39518857635794613,-1.1475109431443273,-0.36715386040698733,0.36725446991443234,-0.9431710587450219,-0.43489338755616963,0.1735705398251882,-0.9790392250807394,-0.10656201695772297,0.2144803076288133,-1.386667822349853,-0.25106441907151,0.19857745348082265,-1.1525781383538227,-0.356585975989854,0.19588243249163217,-0.9491077099187413,-0.40681787569038347,-0.016277254024931492,-0.9542866035290233,-0.14015896724307716,0.008688526831722625,-1.3509775325181705,-0.2617871456252493,0.0430219827343744,-1.1501065141662052,-0.3211045265192165,0.058474569842860494,-0.9288030978425369,-0.34450419890625,-0.20474243739199274,-0.8421905856856601,-0.1873345857215941,-0.17421477086343995,-1.0376401183195794,-0.2856580856308223,-0.0954500311271281,-0.9227563935799902,-0.3227823562411787,-0.032384858105624165,-0.787568970826396,-0.33727227589264036
M,0.0,0.0,0.0,0.16839093250663076,-0.13302203138682506,-0.14008004238719618,0.27326402807694194,-0.34581992279081747,-0.2505452741548371,0.2926285297421681,-0.5200967858897856,-0.36782260097726255,0.22048548097429146,-0.7447216819882678,-0.4762451263302051,0.36958586254905723,-0.9333833321840047,-0.09296863213305592,0.4154422558202974,-1.233706024894993,-0.2427244363186855,0.4036798895445974,-1.144039756425381,-0.362148548365725,0.3729843095844096,-0.9417158451869743,-0.4279335687113748,0.17517358421387336,-0.9789176289277164,-0.10504518631618893,0.21074553031021634,-1.3761899156695743,-0.244547276247437,0.20294034994415294,-1.1474235959084644,-0.3462360851932377,0.20101945682079667,-0.947964225669983,-0.39483180535229834,-0.012181237837009836,-0.9534338410226576,-0.1391794753776702,0.010688711183938148,-1.344327192283104,-0.2561510592838181,0.04913761469963489,-1.1504331168646582,-0.3120603472021935,0.06280590135761559,-0.9322738885891841,-0.3344032831264412,-0.19989832718416098,-0.8389374726120189,-0.1866999427439396,-0.17235907408046902,-1.0352850690284245,-0.2819896965875082,-0.09317810662945132,-0.9249867285454555,-0.31673777673588704,-0.031995834706520516,-0.791181732357019,-0.3297928429144807
M,0.0,0.0,0.0,0.1668848272372658,-0.13704314795448877,-0.14059155984331068,0.27429648984099925,-0.35390158252991855,-0.24909789477627242,0.29400748074506394,-0.5329961504961638,-0.36413959253500033,0.21711714888374573,-0.7594638167269628,-0.47023651314995024,0.3616141252115831,-0.9357022739391951,-0.09018308291086734,0.40804647746330797,-1.2375823230598149,-0.24014041536417216,0.3967373847758049,-1.1557546309451014,-0.35837992633826793,0.3638010209642551,-0.9585414558960396,-0.4222023018714179,0.17054637623776264,-0.9802787675716064,-0.09983722452302118,0.20483508532972394,-1.378110149511026,-0.2388572573939198,0.19660895904237913,-1.1570494841569983,-0.338979580277336,0.19331653109323751,-0.9599728985445987,-0.38625250227441815,-0.012867786888984734,-0.954109256843383,-0.13211868913293384,0.004958050074230106,-1.3448971280067195,-0.24915934629058845,0.041569145780967987,-1.1527855501074147,-0.30513444354997754,0.05602052789474005,-0.9312387655116469,-0.32689846431947606,-0.19728000500131607,-0.8404131984828712,-0.17810143830347397,-0.1730959846902038,-1.0320346290337246,-0.2742393685882772,-0.09339073862078286,-0.9310880777014954,-0.3124389573313717,-0.02867572548563914,-0.8017843875053325,-0.3276053741603248
M,0.0,0.0,0.0,0.1680591705941838,-0.1287235317947514,-0.1408118561809002,0.27905288455147803,-0.3483517976117859,-0.24795428360205593,0.29643383816245433,-0.5311883337275546,-0.36082249809622413,0.21412508920955337,-0.7571315209493783,-0.46428164731417637,0.3659322337767637,-0.9330780806893583,-0.09625389696793267,0.41084804245013395,-1.2422657245042745,-0.2478220089860889,0.39738453570758187,-1.158532968510759,-0.364435287398334,0.36198936807874377,-0.9555418792473989,-0.42589115611882533,0.17306483808037412,-0.9792103092949775,-0.1058098860723714,0.20560904451730566,-1.3860090216738572,-0.24587960978211537,0.19550229683673226,-1.1601864817954046,-0.34196863382682424,0.19079723463967435,-0.955526591110758,-0.38521207231207155,-0.011285407757263579,-0.9520838132558719,-0.1376641808069279,0.007229630881401614,-1.3489030562965743,-0.25808272017527356,0.041331201117116606,-1.145250340686055,-0.30862016549079,0.05467921795998363,-0.916543684620571,-0.32453688860526075,-0.196276650167316,-0.8375548558461766,-0.1829466860288098,-0.16889762358200902,-1.034962275541669,-0.28247065966566687,-0.09133427540356794,-0.9240205044100706,-0.31655440909150223,-0.030327795012832028,-0.7845015220082346,-0.32672440453013685
M,0.0,0.0,0.0,0.16880785256885564,-0.13191614615474292,-0.1392688469869501,0.2800951211406038,-0.3543364438599529,-0.24498568380688693,0.291343503773044,-0.5452181053443351,-0.3570424157634317,0.19904987883545563,-0.7734495680733282,-0.45969553534761637,0.36542799790286445,-0.9345767034821452,-0.09186021628374552,0.4136450217291861,-1.2509534160405706,-0.24336223974317286,0.3966731353364494,-1.1636089537024814,-0.3599082363098178,0.3594555657445661,-0.9573573506867973,-0.4211095530893775,0.16978544210216726,-0.9801701773426026,-0.1021730252970056,0.20478706810946107,-1.3900840471923785,-0.2414621494927122,0.19143000672960908,-1.1610575300926502,-0.3360548713811244,0.1853983939714886,-0.9575332280318937,-0.3776205274881415,-0.01623157407683693,-0.9532533610285079,-0.13489850995332844,0.0032173902972043263,-1.3487033073423838,-0.2548401783741418,0.03445346570144146,-1.1421759597194037,-0.30230577040467516,0.045771015659923725,-0.9169741738225541,-0.3157178743658461,-0.20177292618477083,-0.8409820300453424,-0.18102864320228992,-0.17334552506021653,-1.0408665402776645,-0.2789331091450057,-0.09560034095264919,-0.9214656114703039,-0.30834663013151786,-0.03470498325068547,-0.777466636225629,-0.31476095180762864
M,0.0,0.0,0.0,0.17204201659612647,-0.13855680695515238,-0.13518733035627228,0.2835216905350949,-0.3562269309289849,-0.24066174549030822,0.2951053488230644,-0.5509813213141894,-0.35412048597117474,0.20013258420161192,-0.7816130157472069,-0.4587120242548666,0.36818179561576525,-0.9353416226005871,-0.09159019252996575,0.4191480977316584,-1.2597556417990516,-0.24305989115956478,0.4027877270932299,-1.1747897493727344,-0.35867234369032985,0.36510410953176703,-0.9691529929494791,-0.4186940212370346,0.1717680042191593,-0.9795723790027089,-0.10456436783885861,0.21020936132784243,-1.400574639612617,-0.24346448463943693,0.19500410425671075,-1.1660940619145874,-0.33740778700356266,0.18708204383012383,-0.9621449301513844,-0.3783951134777056,-0.01436677172114895,-0.9531514925455506,-0.1390067633653869,0.007234225810461971,-1.3497232881187122,-0.2561496829629513,0.034057532900369385,-1.1332105206511423,-0.2989870602605738,0.04212687965236567,-0.9022945337042316,-0.3092894630283776,-0.2004346333156494,-0.8424658190004134,-0.18693847419855367,-0.17369524952537246,-1.0505587805026084,-0.2805916430618968,-0.09521201144445242,-0.9303836060170734,-0.3058423228416354,-0.03201029035949531,-0.783319331565306,-0.30932890137185654
M,0.0,0.0,0.0,0.1671007735712403,-0.14269715899159147,-0.12887266820898752,0.27418115337003823,-0.3646838137063834,-0.2295963083333109,0.283380984010469,-0.5632013306803616,-0.3386637056836058,0.18048670367981137,-0.7949056897579613,-0.4395852996471361,0.3548947553753688,-0.9342860041336835,-0.08828822900143547,0.4058775372944759,-1.2509357758206365,-0.23702116256018776,0.3892160140829052,-1.1647481723845556,-0.35228857403141667,0.3478537539084489,-0.9667613505491165,-0.4135832818526017,0.16025450897588522,-0.9816245307807218,-0.10359427070270792,0.19756780308984892,-1.3915794642323978,-0.23650154679757143,0.18478094900601527,-1.1621944807567746,-0.32784628615845257,0.1745951700444751,-0.9665324232344525,-0.3704206114770959,-0.02301091147623482,-0.9527666818992799,-0.13954004000151812,-0.005639379117479979,-1.3452601472614403,-0.25293286519830266,0.024233219817029684,-1.118910494698995,-0.29080888476400774,0.034074864536071815,-0.8905497379753422,-0.3004502413099221,-0.20723756650526756,-0.8350792745818453,-0.18850508639290633,-0.18385966521859343,-1.0389464809950884,-0.2817947788403031,-0.1028167943808079,-0.9115772321165749,-0.3042336972107228,-0.03574592244254311,-0.7639293341277505,-0.30688197000990314
M,0.0,0.0,0.0,0.16942908463663706,-0.14691292282352197,-0.1325791061343965,0.2670908071518855,-0.37027482612465573,-0.2365339771490647,0.26510636437066215,-0.5740223819360166,-0.3485982116445,0.15708144066458063,-0.8039069148915243,-0.45255490320659153,0.34683723686630147,-0.9341635341146017,-0.0856137932365558,0.40036815240342294,-1.2429538186832267,-0.2348995864610082,0.3796926331699933,-1.1687790937007072,-0.3501911215051898,0.3324432054108208,-0.9699380745095134,-0.41148261589963653,0.1528142618635591,-0.9832027213052231,-0.09980085264715471,0.18970528177194984,-1.3918423350448006,-0.23338726462993029,0.1737305542549484,-1.1590126633462565,-0.32438357126504686,0.16181910422755702,-0.9650708064059201,-0.3658132389446701,-0.02908561871260531,-0.9550811170206202,-0.13533559929253067,-0.008742683535040307,-1.3449389495654829,-0.2526670922918947,0.01766511732200302,-1.1181815179157266,-0.29336450814397513,0.022052682702004372,-0.8865005885963912,-0.3039214478435148,-0.21114865720974546,-0.8349896971724121,-0.18384817585727972,-0.18708369348237383,-1.0225044225409343,-0.28403334993802576,-0.10777050796489904,-0.8877892596332504,-0.31055363297194516,-0.044041024031782165,-0.7344534455002671,-0.3148173089475446
M,0.0,0.0,0.0,0.16732756987893654,-0.14582050688083276,-0.12860403537239815,0.2661008306693987,-0.3688302911265588,-0.2300083370885257,0.2655270860316885,-0.5736816521427857,-0.3399502720836368,0.15838250451691582,-0.804784245709996,-0.4422246896859291,0.34696315134481437,-0.9345668434643692,-0.08622809693543114,0.40030133645339405,-1.2510065199656133,-0.2362633009430442,0.3790051543373502,-1.171986573586679,-0.35154001130940327,0.333210745064363,-0.971133216817294,-0.41266634324928414,0.15160161581941856,-0.9831339182906431,-0.10229686597070532,0.18835471629698675,-1.3993934564710222,-0.23730843867141194,0.17143036427333963,-1.1631518723162384,-0.32856560754824365,0.16141584485216737,-0.9650657929542551,-0.3699118701453045,-0.03088187944400525,-0.9528142640000418,-0.13902800743131452,-0.011910960974639884,-1.3503275136550292,-0.2573308816800004,0.013496748048103803,-1.1195807235143782,-0.29726565907803126,0.02044169649789968,-0.885265494412632,-0.3070375725857676,-0.21339714618833852,-0.8297363777082366,-0.18820286279096593,-0.19204225186195903,-1.020906864725592,-0.28879962775492773,-0.11334410785106683,-0.8835496486453867,-0.3142832817649331,-0.047217251382956356,-0.7280654092203236,-0.31759603926891405
M,0.0,0.0,0.0,0.17040339401851193,-0.15286815078246513,-0.1225411991631639,0.26727858604265897,-0.3827328011002537,-0.21611734250373518,0.24914093590346267,-0.5881272675590739,-0.3167842328452722,0.1328309978876254,-0.8126985682350593,-0.40939335639225594,0.3451146316038242,-0.9354579550730192,-0.07808204852760056,0.3935623381986482,-1.241857510866379,-0.22178223308302025,0.366483623990064,-1.1496078185361736,-0.3363108013112142,0.3236963731052732,-0.9551314946463973,-0.3994794704334975,0.1501932582442509,-0.9841464773660812,-0.09432760076408825,0.18305375515587366,-1.3887554544490925,-0.22557616032433472,0.16446388622456637,-1.1571389158838172,-0.3175251547321028,0.15419815198609235,-0.9579065738682296,-0.3599329370633915,-0.03477966934643524,-0.9518966596525855,-0.13019618561739613,-0.01697860969844027,-1.333875946594765,-0.24687322970146333,0.00996112995451958,-1.1053999388605562,-0.28717431126651594,0.018534904126900283,-0.8810411442511075,-0.29664241244036815,-0.2165444171160153,-0.8285968162094197,-0.17762946757269124,-0.18914584083496233,-1.0127728460505931,-0.2765696197413331,-0.10937849013968404,-0.87276259909504,-0.29957016146173227,-0.04388746611681693,-0.7253210738179067,-0.30068329066536237
M,0.0,0.0,0.0,0.16830599790605405,-0.154191672327989,-0.12482243664092765,0.2619297069544901,-0.3816098199493333,-0.21752218257870137,0.24194313864692155,-0.5810841415852388,-0.31634165181208884,0.12767871038738537,-0.7982203555032171,-0.4067181444843706,0.3420038237076705,-0.9367537458611197,-0.07328250021814482,0.3852003653875374,-1.2244382771695201,-0.2156735051400947,0.3539828710719527,-1.1315120619853731,-0.33008173459874035,0.30910833762562145,-0.9400357914021683,-0.39347117893297456,0.14752687260177907,-0.9852333938080945,-0.08689638419245457,0.17645411030188116,-1.3754143753038406,-0.2179452317292871,0.15549250749055196,-1.1412833500502362,-0.30945931777232977,0.14507125712760865,-0.945994902166467,-0.35121024423164154,-0.035733721558535714,-0.9507597140372913,-0.12065876932693143,-0.023210337598859307,-1.310893825384463,-0.2392307457741335,0.0011504095928755922,-1.0719302421196908,-0.27886521998003344,0.012175001254092899,-0.8472310457761102,-0.28672065356994786,-0.21361104714747128,-0.821965924033446,-0.16617982768317366,-0.1887214429891841,-0.9890472101281832,-0.2674816147504838,-0.1084167708228993,-0.8416785939671527,-0.2909859742406994,-0.037965884037540955,-0.6941267718459461,-0.29145899072262044
M,0.0,0.0,0.0,0.16494539775174102,-0.15477929692070988,-0.11442593487852121,0.2557174231737294,-0.3847558965789063,-0.20183538061935632,0.2220399036934771,-0.5852211565123576,-0.297283423531373,0.10019895647342394,-0.7959434723103779,-0.38406710733435384,0.3326119431768682,-0.9448791370864315,-0.06646726842307746,0.3752477099240688,-1.2390959775747248,-0.2106475645339055,0.35116274384002405,-1.137748645174843,-0.3256714136894921,0.30838862295730124,-0.9363264358040299,-0.38783080649125357,0.13664465671281537,-0.9869554480237227,-0.08513037887927993,0.1631376435841636,-1.3734186273146487,-0.21385686348009408,0.14531997343278297,-1.1395466999122847,-0.30284252380803567,0.13345994948218343,-0.9427974197695461,-0.3431693229105933,-0.046082175583383796,-0.9435797794644635,-0.12343861562190384,-0.03821502270265711,-1.2860318860181763,-0.24133619546739993,-0.011749670056790161,-1.0355990051954254,-0.2756406778762663,0.001920670175007597,-0.8110079683681125,-0.2787725415134696,-0.22063915957537247,-0.805103943545252,-0.17279104329203487,-0.19911374499848886,-0.9781238423728874,-0.2692744431810139,-0.11909948564581647,-0.8316421334211955,-0.2856696598765566,-0.04794776031554458,-0.687539895990747,-0.28089172974205884
M,0.0,0.0,0.0,0.1731730658669921,-0.16283119276303754,-0.1285444643934214,0.25879438408680705,-0.41264343879175663,-0.22129637020787918,0.19476196330441348,-0.6109186595105979,-0.31923973958951557,0.05678080481074091,-0.8017197190079325,-0.4079985533201392,0.3280225700954848,-0.9526517696093836,-0.06832705613608081,0.3646054309213363,-1.2401402509523665,-0.2189446976747897,0.3320101282146872,-1.1353687222906574,-0.34152968194854383,0.2867638856935409,-0.9262095966000881,-0.40849781962205695,0.12730501110548303,-0.9885699157061802,-0.08076481850477102,0.14893407257487146,-1.3699436474099824,-0.22042866737408173,0.12380416802820876,-1.1296276390485296,-0.3195429323899215,0.11381153943858593,-0.9275793726539464,-0.36343592087945037,-0.05698710188402626,-0.9453871916092325,-0.1147262916305906,-0.04918962020518492,-1.27300848651261,-0.24459655207324252,-0.02733016324333091,-1.0238531049703339,-0.28831977906629247,-0.013790502939671682,-0.7954944766168199,-0.29371056805234397,-0.22834584888879728,-0.8144409458783721,-0.16033968132690854,-0.20076447788189059,-0.9758930518346861,-0.2655339250148346,-0.12659538568613776,-0.8194773329232597,-0.28626801318553885,-0.06299801439546011,-0.6679399008217961,-0.28225934612908105
M,0.0,0.0,0.0,0.17879944708589934,-0.1692562184246488,-0.10726246663101131,0.26590244920396916,-0.40655220524769026,-0.18754795951587633,0.1934106232498091,-0.6362193314374671,-0.27680230330514793,0.03646625852067391,-0.8345907020393,-0.3594518312276781,0.33022068169702545,-0.9508560466954922,-0.056772316220541054,0.3608397943930901,-1.2589240123419614,-0.18990934706281956,0.32902568799011495,-1.1669169284627583,-0.3012102866495432,0.2804185014907119,-0.9775135843274319,-0.364013852542817,0.1308741055654082,-0.9883586352685831,-0.07758335248284987,0.1553439798113294,-1.3943687087319505,-0.1958958228925712,0.13161986189929173,-1.169023959499772,-0.285915616630921,0.11670362048868622,-0.9761179386921222,-0.33082467661663423,-0.050680403970704974,-0.9400461098418107,-0.1160995932602003,-0.04871104245123187,-1.309740599519626,-0.21893444972005363,-0.025016093384341086,-1.072350231974708,-0.25239587594214186,-0.01272616276989332,-0.8396053281498753,-0.2598457754920449,-0.22766395110459203,-0.7920870499396828,-0.1653975658256025,-0.21358227308506894,-1.0024574058597846,-0.2444358235090045,-0.14068338382061024,-0.8715996497107645,-0.2539366458714985,-0.07357051585812806,-0.717377648599067,-0.24948254463868258
M,0.0,0.0,0.0,0.16613669833216324,-0.16146831976172538,-0.12537642980332867,0.24496981074874835,-0.39618862525432524,-0.21851935709936382,0.2016526549283139,-0.6213593663179233,-0.31975231840239315,0.07462380284324023,-0.8462297610255285,-0.4131090635888507,0.3304205793234277,-0.9483510533630642,-0.0701593622480521,0.37368049091264566,-1.2512641068659442,-0.22020364779527712,0.33628439586524295,-1.196817966237036,-0.3386048370678795,0.28146040613872725,-1.0050174523884392,-0.40046570866365055,0.12822875064589648,-0.9880921174535123,-0.08503737374841065,0.1542239507865471,-1.3981358910990485,-0.21570370294087793,0.12587839172393783,-1.1952889133467184,-0.3064716799924128,0.11335249898746756,-1.007013008591592,-0.34629914477112966,-0.055897504919717754,-0.94258648493641,-0.12142916824378491,-0.0542342626302501,-1.301787530793377,-0.23256744921632647,-0.034614731670278676,-1.097195161562626,-0.2719197915223941,-0.019229972815069846,-0.8805945138289691,-0.28047469096953664,-0.2343461735528638,-0.802489035065671,-0.1708422074183808,-0.22541384318837443,-1.000065454672429,-0.2542041191273403,-0.15554632969922588,-0.8946875603239366,-0.27129503021319246,-0.08417485413539055,-0.7611049871961533,-0.27046726561975
M,0.0,0.0,0.0,0.15826728808667553,-0.1534216358776877,-0.14096554163155126,0.24406258102561915,-0.3774203870708811,-0.24667075805210312,0.23199598625400245,-0.5814114530192702,-0.358593566467331,0.11560301595308385,-0.7992271879263313,-0.4613954059005051,0.3245499646508244,-0.956487803556953,-0.09256254404853877,0.36231880304107056,-1.2736152665755873,-0.25075382639972166,0.32585588775890095,-1.224356625477223,-0.3710457575880166,0.2741186502656719,-1.027117320487572,-0.43178956946602054,0.1199021941758889,-0.9875103082985974,-0.10220985684275516,0.13157989410391388,-1.4128985723984242,-0.24495233598005567,0.10800496891026379,-1.205773515569002,-0.3380297456885574,0.10710366113031301,-1.0139940845769184,-0.3761866601471591,-0.062414440869838564,-0.9415750524901761,-0.13457193635468181,-0.06791623615949653,-1.3111063764057322,-0.25033730374030455,-0.04920418084837154,-1.1198124089479495,-0.29265469589670795,-0.029055011242761084,-0.9022989190709176,-0.30167037038339317,-0.23824225877552177,-0.8055004098499089,-0.18163802603532414,-0.23100877725499075,-1.0054035883735752,-0.26468252660054054,-0.16184294972366464,-0.9203407951544671,-0.28632626512863585,-0.08800046519209144,-0.7950870860351206,-0.28881003150427725
M,0.0,0.0,0.0,0.16667690536666446,-0.14588349024175834,-0.16044839922400378,0.2577089804666805,-0.365126920161554,-0.26946967104591296,0.23680115004324154,-0.5848496420284375,-0.3790654860252971,0.11503556986103924,-0.8076226795490755,-0.48054189429295985,0.3302088130995282,-0.936970787359751,-0.10446190320549215,0.37432644144524596,-1.2621147786288693,-0.26261473838284016,0.34144162516112714,-1.2397493390456804,-0.3898109420433113,0.29228516983723674,-1.0601750023570047,-0.4575811820807125,0.1328429923607193,-0.985404699637517,-0.1064439632527128,0.1486952983826508,-1.4507172982686083,-0.24304618836202432,0.12540466975195577,-1.3082510875070763,-0.35260293990926017,0.12147925732069972,-1.1278676847604503,-0.408934899449907,-0.05042678770146482,-0.9467122159280363,-0.1319521354073041,-0.05456281535887586,-1.3373806912318857,-0.24809758584355984,-0.03762308964226491,-1.2047524884531553,-0.31938073605846856,-0.018640396231950664,-1.0019304051528035,-0.35359802569904986,-0.23264538906734392,-0.8132840547768108,-0.1725274789181278,-0.23736449833734438,-1.0161160047364057,-0.25940240554329014,-0.18095737667376005,-0.9582579149337159,-0.2987886150128842,-0.11898716688797945,-0.8385032358026763,-0.3190216940209084
M,0.0,0.0,0.0,0.16400493638160843,-0.13252011592718213,-0.17986144410989974,0.25803204574142163,-0.34094432894412907,-0.3028827190718142,0.27818101590301303,-0.5162425737901731,-0.4273151258189281,0.24433048304569122,-0.7494630649774402,-0.5436451271179813,0.3341795981127988,-0.953269169149696,-0.12688533795041715,0.3682014585154014,-1.2797427017918563,-0.3037422815489207,0.33803698171693153,-1.2358339270973095,-0.44748676884133687,0.302155656669385,-1.0382456978895058,-0.524991840625533,0.13353647888203082,-0.982868419746297,-0.12703416183533445,0.14789086527174322,-1.4562433334060223,-0.28997506907709225,0.12203780940959498,-1.2872842077353683,-0.4224413792599466,0.12020232288611252,-1.0786244676866472,-0.4917780815905697,-0.05139942381592701,-0.942456970090067,-0.15287974870601942,-0.05356925043623851,-1.3359056501568212,-0.2878562443078731,-0.04644156045988331,-1.1970645920172924,-0.37599955291363585,-0.03537507728959488,-0.9752203658598395,-0.41772402226331945,-0.23655693076545575,-0.8224777984311036,-0.19500771279517432,-0.24285099427713197,-1.0937391925730233,-0.2880497612841031,-0.19892984377795983,-1.0327746253854087,-0.33100820954379384,-0.1524445812579936,-0.8834355976005639,-0.3531193006828358
M,0.0,0.0,0.0,0.16094606900063402,-0.12136255904914793,-0.1901732604705704,0.25035727839940447,-0.32935518787260476,-0.3163653307461986,0.2892063823102861,-0.5080014180889013,-0.44158591277590925,0.29611580595565007,-0.7548925065821551,-0.5584643672166256,0.32892016850914174,-0.9512721844561735,-0.12772778756052314,0.36000320114511347,-1.2705360326445045,-0.30537329628706794,0.3444898061316259,-1.2283282502092956,-0.4522368090292811,0.31798958962191637,-1.0346799735980412,-0.531970224526085,0.13164826094682455,-0.9839650182986278,-0.12033942892609151,0.15119773271068285,-1.4428742907891963,-0.28490103443767545,0.1328213210773238,-1.278424345508356,-0.4229674092320566,0.13469263128550116,-1.0751956952285755,-0.49617739946547873,-0.05001651392034413,-0.9462820876681642,-0.13997602651727925,-0.05070845105211449,-1.3356070095409802,-0.2725318930017159,-0.04157055750130601,-1.2091414858830476,-0.3672465508671906,-0.027039686432737544,-0.9969855648841089,-0.4149017121532664,-0.234397194637594,-0.8252055241987776,-0.17665482810196131,-0.24725016120443238,-1.0879838106238158,-0.26683338324962397,-0.20112663059388272,-1.0411824991844405,-0.3163250378906887,-0.1466679070697677,-0.9067096731973645,-0.3447603636225224
M,0.0,0.0,0.0,0.1554098104586552,-0.13093678663727124,-0.18877026645556597,0.23486537827188717,-0.34393892690092254,-0.31499236501755135,0.270943566803906,-0.5292392821648331,-0.44071948229169,0.3025464119144659,-0.7643336832399614,-0.557562015724223,0.31613816722239424,-0.9552341639338787,-0.12080378149556815,0.3478702932118356,-1.2702462064679743,-0.29232584487185864,0.32649636606714083,-1.2240708743970807,-0.43592419746670824,0.29592316451420103,-1.0349584595087027,-0.5148625938115658,0.11750903007035729,-0.9867050428060551,-0.11227103968978352,0.13547216702473902,-1.4394035230856732,-0.26967001821132563,0.11327421813571939,-1.2773530103899902,-0.4030757291700111,0.11404798529507845,-1.0823303110491256,-0.47497378424052705,-0.0646849396839301,-0.949633654881086,-0.13068447786565515,-0.06688942802367072,-1.3396627495944102,-0.2574914093648953,-0.0601614516028283,-1.2122157794413677,-0.3472364116384836,-0.04499339026723196,-0.9959610933866279,-0.3929112118793455,-0.25047307132023783,-0.8301044672196604,-0.16630287051223064,-0.2681981703359075,-1.0991692414291385,-0.24977179201867075,-0.22553010958600567,-1.0557203164983366,-0.2941331877223943,-0.16963281706094416,-0.9165375580760268,-0.32006357053136253
M,0.0,0.0,0.0,0.1615695550298553,-0.14223026756315768,-0.18069970567669,0.2421248735751392,-0.36656927740983386,-0.29762711265676944,0.27640847116553474,-0.5622085765823059,-0.41744895862126735,0.3334152498773906,-0.796114734636008,-0.5286864670998939,0.3137850446574083,-0.9543283318218465,-0.10118565835306542,0.3521665366930784,-1.279346462310554,-0.26787641343363355,0.3184031231648475,-1.2067859874792126,-0.4104026801777202,0.29083336787012315,-1.0168382725898764,-0.4925642596757011,0.1154723847269377,-0.988403277805085,-0.09861586479688811,0.1445113710061314,-1.4518643505628641,-0.2574961163905433,0.10609442938992861,-1.2683759731002662,-0.39999150924723664,0.10138425903740995,-1.0649057845238152,-0.48047513390580465,-0.07132571199637364,-0.9564793892492791,-0.12299294224488619,-0.06710547796610852,-1.3529180208301324,-0.2532432022782246,-0.07524366128829196,-1.2200942223970208,-0.3568748972901404,-0.06771351533654983,-0.997689526618542,-0.4121346041135827,-0.26057560959935416,-0.8508070795927589,-0.16328863938153562,-0.2797449702724113,-1.1553257194953779,-0.2451886096449196,-0.24539548270080827,-1.110599330526646,-0.2942070710262054,-0.1974614846761583,-0.9548727911402455,-0.3253820149454716
M,0.0,0.0,0.0,0.16230095403118053,-0.15086186535005977,-0.16883502446574444,0.24135658886964936,-0.3777684320614367,-0.2791614343902019,0.2771059498355456,-0.5728500696010717,-0.39426997727251767,0.33356537020692856,-0.8053077327926197,-0.5012218838866029,0.30908492140641197,-0.954560796228631,-0.08564679891784543,0.3478636548398789,-1.2762975540818398,-0.24752507270641577,0.313102700589562,-1.2021069316217057,-0.38648735479692464,0.2815751001383248,-1.0156797110643048,-0.4661611039691622,0.11271197831900388,-0.9898328562446216,-0.08675786213381874,0.14017992771301482,-1.4456237634626186,-0.23914668837111652,0.10316788004905812,-1.259505588067551,-0.37568645205893486,0.09655404467318143,-1.0599820745651314,-0.45176044452482367,-0.07331707528903898,-0.9576767935366071,-0.11423761800379126,-0.07099702773414514,-1.3476689317360517,-0.24176315230063491,-0.07835380076564973,-1.2044146865163203,-0.3382513880249385,-0.07361075462602322,-0.9848320483847642,-0.3875067812724275,-0.26360784055764847,-0.851325306548037,-0.15664704387167303,-0.2824275192995649,-1.1565197930488793,-0.23688894443619277,-0.24953293661071035,-1.1005557284721874,-0.2786269437590751,-0.20600981252789893,-0.9420660753460286,-0.3030113561511599
M,0.0,0.0,0.0,0.15759898585812387,-0.13972055253408705,-0.1841814466147328,0.24059878993766465,-0.3647290052557098,-0.301169516335487,0.2663246585086212,-0.55764268962699,-0.4214893935318805,0.3066481796648564,-0.79529146653338,-0.533821416577853,0.3094511212414197,-0.9600473575916589,-0.09215151959543567,0.3372668923517003,-1.2730503212283155,-0.2546987517297942,0.31121597869795736,-1.2043982817889534,-0.40059642458311084,0.2905565405253622,-1.017557255991914,-0.4860715499753149,0.11347373436155202,-0.9897561729516887,-0.08663965439722592,0.13858079644861232,-1.42659673503022,-0.24373129380956132,0.10662375259930969,-1.245426448799539,-0.39712853786103214,0.10682061088888457,-1.0453230495131745,-0.48686241670843255,-0.07312064631104927,-0.958768350971892,-0.10832431270641346,-0.07443608697472019,-1.3416178565763193,-0.23571644794598642,-0.07968678588832316,-1.227406094383018,-0.35128370917583723,-0.07008498466347687,-1.0051809355598325,-0.4167747614867638,-0.2626865952346171,-0.8573294871021703,-0.14636252753419354,-0.28317797899527875,-1.1624873045417858,-0.22830614969310453,-0.25098459074599233,-1.1345538381169047,-0.28551825701069217,-0.20401290572516034,-0.982378183684075,-0.32362848153257545
M,0.0,0.0,0.0,0.15629751299423167,-0.13462599881785967,-0.17970191213038442,0.24140023009135045,-0.34430526689064733,-0.2991740714155507,0.27337210385113025,-0.5332767927225921,-0.4218418404738243,0.28730842660505196,-0.7797503679382647,-0.5370335587779097,0.3290361400900512,-0.9520706834055487,-0.09908987334474022,0.35408405356671274,-1.2564838047891103,-0.26311474852511924,0.3302226103026425,-1.2183314895715724,-0.40588096655459194,0.3036617027882378,-1.040952688071088,-0.4868366335780319,0.13012068477185476,-0.9867572566863065,-0.09684381121898396,0.15389372584823982,-1.4219108186043241,-0.2502551456082265,0.12468451449850138,-1.2544424666126275,-0.3905280222542359,0.12163783654930138,-1.0644370113642885,-0.46976424321597965,-0.05632103377420656,-0.9542122734246615,-0.12174379209859361,-0.055627546825280746,-1.335446519727093,-0.24437014614260993,-0.05450709611881178,-1.2219029379540525,-0.34598613327589256,-0.04556869449503835,-1.0075597961667098,-0.40228755869251154,-0.2471858711407017,-0.844526600740153,-0.16330873740663962,-0.2633830328222308,-1.1332528479638657,-0.2427367041241457,-0.22578765138710952,-1.1066136951088716,-0.2935616845473302,-0.17653935689699773,-0.9683759966996712,-0.3265072519775336
M,0.0,0.0,0.0,0.15209973156637432,-0.14966186086885708,-0.1698149288680983,0.23697858176770428,-0.3655591048420178,-0.2864951526321875,0.26116266408636074,-0.5378645507482821,-0.407901352430625,0.2312373419001471,-0.7699988910653591,-0.5219883854588139,0.343817768212275,-0.9469410162885673,-0.0929083829562004,0.3808834527968006,-1.2490237956569512,-0.2643162620871629,0.352097378599982,-1.2266153352045837,-0.41227304784022645,0.31267182318028097,-1.0526482672308375,-0.494347324866215,0.1417917497584441,-0.985144073865797,-0.09688267867652876,0.16266008792890063,-1.421773053279953,-0.2596111688284595,0.13569163552424734,-1.2549508476965772,-0.4030459078747695,0.1347732621450411,-1.060562815762825,-0.480900692347541,-0.04865297663466162,-0.955093876899969,-0.127707530525205,-0.04266573720125745,-1.335697017691479,-0.25654723673584845,-0.02771357608961973,-1.2141079822782195,-0.3580141826616325,-0.010433231586882807,-0.9961739293997265,-0.41124133091105486,-0.23923326528851993,-0.8427558876599754,-0.17464688909040013,-0.24015426366309345,-1.1022604921725672,-0.26030395666829104,-0.19647209075569533,-1.066723304890469,-0.31273598913347567,-0.14442762010652113,-0.9369874088552186,-0.34447607374190087
M,0.0,0.0,0.0,0.1534074764757688,-0.15328934043900083,-0.13684250352715666,0.24500031778758952,-0.35988291390492166,-0.24434481107057923,0.25440623162922854,-0.5399076742717649,-0.3588383737922599,0.16838034371306088,-0.7514539306020632,-0.465434146211884,0.33945238292845614,-0.9540316160162301,-0.08462361078186946,0.3681334536209781,-1.2367998957488302,-0.23192603665472936,0.3554293143284814,-1.1914774936367065,-0.35066523990372694,0.32864652940617817,-1.0178687548736132,-0.4162180006008425,0.14346119623818016,-0.984698514783908,-0.098932907347737,0.16333827554785277,-1.3892079155515995,-0.2357810081275394,0.15866664955722135,-1.1904866990444058,-0.33857385067089385,0.16094790987409194,-1.0083360429145072,-0.38927561223416945,-0.04206029938077699,-0.943771104978814,-0.13462168195686577,-0.03225463972985598,-1.288106874126055,-0.24764983256879386,0.010137767510914612,-1.1172744243768038,-0.30364071589679004,0.0315458235092481,-0.9152477947347685,-0.326407635804788,-0.22731677219026086,-0.8189682148659903,-0.1841254040396262,-0.19823798298393971,-1.0252624857988204,-0.2652732504250998,-0.11878090103108616,-0.9452431057988855,-0.29202286142132156,-0.05242254379150969,-0.8312971201945875,-0.3020617982774517
M,0.0,0.0,0.0,0.15010920320513413,-0.14992067360609154,-0.1397934972631897,0.23764503058385197,-0.35691831795488416,-0.2519218530789366,0.2507573372707514,-0.5292314485402821,-0.3699122211907862,0.17433196837514559,-0.7436431289816562,-0.47858841416737835,0.3458168109740522,-0.9489255558833453,-0.09336302544345684,0.36938739526365477,-1.2365996192922017,-0.24571565323661668,0.36565589759888373,-1.1738678566805434,-0.3644464841365664,0.34187522703127826,-0.9901709727669097,-0.42955943769659743,0.15053522164017996,-0.9828453555948095,-0.10655587281541239,0.1639485910976435,-1.384215920454182,-0.2517248286869139,0.17147917940358656,-1.1636921907926843,-0.3533005393408439,0.18037806877234833,-0.9763239121581602,-0.400739665067373,-0.035211190928161835,-0.9442494007024412,-0.1416776058094355,-0.03390883868826401,-1.2983708309040871,-0.26358824095748123,0.023292174300318734,-1.1032286292485767,-0.3182968086122099,0.0571681299189823,-0.8966986552229906,-0.33781236236891693,-0.21913569875691868,-0.8173344533237046,-0.1905234646863789,-0.19260052305911557,-0.9898187585547449,-0.2853055902495184,-0.09908582289215591,-0.9017739743321,-0.32155367113694944,-0.017186153642955178,-0.802456325799261,-0.33607403543123315
M,0.0,0.0,0.0,0.147490068435506,-0.15441786477779648,-0.13024386924052606,0.22993402189130696,-0.3679346050087687,-0.23457613304632197,0.2381367395336801,-0.5346563667595856,-0.3461697763615495,0.15740189499233595,-0.7431367819505721,-0.4488210215222766,0.33463623813475357,-0.9565336225013451,-0.0760144935892894,0.3560060227532581,-1.220684464355858,-0.22275975481414156,0.3444583194219733,-1.1529334269501013,-0.33738833634809495,0.3201301717360378,-0.9720480667494011,-0.40002301836969106,0.13978130875706749,-0.9858532225924611,-0.09249113052731263,0.1522878505488678,-1.358320322697624,-0.2326327665418651,0.14699539250941454,-1.12349069634908,-0.32629207415926686,0.1554034473286558,-0.941261849462315,-0.3668718113015193,-0.04321216782677648,-0.9389186004727924,-0.13096899980081786,-0.04148080208545633,-1.2701204666301025,-0.24966680013127862,0.005341099975581987,-1.0636313194812275,-0.2942537533068965,0.03633983406110511,-0.8628562536484342,-0.305564955416441,-0.22270342500935164,-0.8027319487446922,-0.18268236681853228,-0.20209270588121023,-0.9752534087987994,-0.2732678540791496,-0.1191233836171111,-0.8721023497952957,-0.2988125886399211,-0.043689253680024354,-0.7664911934612368,-0.30427475498420725
M,0.0,0.0,0.0,0.16481394401108482,-0.16889781500920073,-0.11058384941461512,0.24875928094794544,-0.3907402891745586,-0.19590675084376427,0.2284262322106686,-0.5765305277128417,-0.2882291884918199,0.11306400998993242,-0.7681818415264334,-0.37190120761528767,0.31813541778646415,-0.9538882397043654,-0.05492467695265135,0.3433111280100775,-1.2019396332400176,-0.2006123351022787,0.33149562579772474,-1.1335942396552285,-0.3126878082383747,0.30375785279749645,-0.9533651181282244,-0.3706128225819284,0.1307004286495264,-0.9886208703319627,-0.07447263050881639,0.14552150209934359,-1.327382778116933,-0.2101235704359557,0.14039702427569206,-1.1146723862270567,-0.2924576444811192,0.1402659796788406,-0.9309580772835201,-0.32224924210713596,-0.04584993286425217,-0.9365343419229297,-0.11519712781420818,-0.04542350951885242,-1.1894697887194616,-0.23903085921913989,-0.003804344418541601,-0.9732299994751368,-0.2712800274079515,0.02225221799439195,-0.7865414713616621,-0.2674447052092066,-0.21832276424750444,-0.7962769928694193,-0.16708691319275315,-0.20149956185627502,-0.95037240476115,-0.2603105686638802,-0.12119247383415097,-0.8230509539960303,-0.2718666457275937,-0.04680828454633398,-0.7055203311948661,-0.2610187863296936
M,0.0,0.0,0.0,0.1661698366883779,-0.16550813302048914,-0.12007726376321334,0.2543629013568106,-0.39324839376878323,-0.20683360298753306,0.22886689165197685,-0.5935368063356657,-0.29875218398546144,0.10807977154359141,-0.7880872615093732,-0.38184975095246637,0.3164661938265039,-0.9564375400766189,-0.06617975969869691,0.34463865211920447,-1.224855952495798,-0.2162923560634742,0.33364591472442584,-1.1648432966829787,-0.3290179667673844,0.3050665321662732,-0.9820972590996141,-0.3845365443068505,0.12791172795141798,-0.988417233836937,-0.08166983351654518,0.1401780009691567,-1.3552453649622598,-0.22421595030560204,0.13643075611260927,-1.1453971232710403,-0.3092144471740674,0.1367393825093198,-0.9506357974855288,-0.3367639833799061,-0.04861028373341373,-0.936751765609623,-0.11841124815032054,-0.05280998789755084,-1.1808723542938675,-0.2554371332598361,-0.010822161681374233,-0.9509037675946165,-0.2910287316125704,0.015362113799261891,-0.7527242418403853,-0.282423037798263,-0.22134547844174504,-0.8026158310650604,-0.16601232989080222,-0.20731562601423184,-0.9749565694361441,-0.2670892027057255,-0.12320101942551423,-0.8314559559478344,-0.27661698112331967,-0.047236281906372225,-0.6917687215439386,-0.2598863540958454
M,0.0,0.0,0.0,0.1600476929265327,-0.1672524633623589,-0.12154441458503526,0.2463349359695633,-0.3819519715882307,-0.21202633346927985,0.22713246441945908,-0.5639978061236062,-0.3069161377981435,0.11276587887875439,-0.7492731520574296,-0.39215769951025936,0.3196196624777099,-0.9572199330845329,-0.06436082912640638,0.345902141943952,-1.1849018120559907,-0.21599079065252785,0.32737367074808477,-1.1279081371094706,-0.33039075370159815,0.2982227136337109,-0.951434380489524,-0.3878286963173767,0.12826753359130472,-0.9886625620902925,-0.07806265526781721,0.134776390709096,-1.2997144324404537,-0.22253061750342876,0.12406589950049764,-1.081003084665057,-0.30275961083644465,0.12664562083535638,-0.8926592169297205,-0.3260978671375559,-0.04781585418162837,-0.9368732160457857,-0.11411482641830818,-0.05231667091525746,-1.1400689484300832,-0.25248000614650923,-0.016224252365532744,-0.9007843318450607,-0.27873235528752915,0.010257387666840753,-0.7109191035828164,-0.26324804097475846,-0.2140779929542799,-0.8017769667522197,-0.16183695408240156,-0.20090671125466164,-0.9462277542606609,-0.26565926222105796,-0.12228971241071374,-0.7963770116330746,-0.27177699944267336,-0.04702009550435279,-0.6671838320387564,-0.2507786147174308
M,0.0,0.0,0.0,0.1603194051676269,-0.15120218200545493,-0.15246312207065718,0.23582258178472762,-0.3535321931341133,-0.25942495180267555,0.2109268597703818,-0.5249123101656141,-0.3665884395674818,0.1128431459266719,-0.7167351956844605,-0.4628652544170316,0.3327395829139397,-0.950067069529713,-0.08177711489796184,0.3591730254027328,-1.151401933220622,-0.25032018304060855,0.3258914266917926,-1.0902130137908481,-0.37876432573022056,0.2874477265045239,-0.9105895035623995,-0.4439610237913595,0.14038548173880197,-0.9865824241891552,-0.08334888600343886,0.14980350340022797,-1.2615330743714108,-0.2429215380317832,0.12443318055010263,-1.0384576033594184,-0.3329541597786119,0.12732002015163896,-0.8550940733467668,-0.35932223279949654,-0.039564122972533554,-0.9415158224911373,-0.11181158369966553,-0.0452641512844845,-1.0886343379143284,-0.26710026087739086,-0.01769066871699689,-0.8296084558773621,-0.3018055330345287,0.012554723631907893,-0.6325350189802327,-0.2873312185221911,-0.20527105640940815,-0.8109568839453569,-0.15446964638463484,-0.19746733149941348,-0.9133763638000534,-0.2721993374965387,-0.1292667784022458,-0.7401663318709168,-0.28510605388029103,-0.055728772758532344,-0.600321358190557,-0.2654577427564643
M,0.0,0.0,0.0,0.22972408900124616,0.007885325004975826,-0.18839591755275534,0.40397819466392504,0.02374976686059395,-0.371563131182669,0.3065900662814376,0.07505143008779261,-0.5509048253846637,0.10532205180254454,0.006891069532102215,-0.7224854765157918,0.5709505862095806,-0.7855729498823446,-0.28852931468525767,0.6613256847061949,-0.8255326097528926,-0.5975891748630705,0.6016480691625308,-0.582208393585963,-0.7798280465552149,0.5275196994172379,-0.3324889974471877,-0.8624029446592568,0.2521833667378021,-0.9112933351691436,-0.32549655423227813,0.24540001853339602,-0.9752996146395401,-0.6404430328623341,0.21463815041906426,-0.5706339226514393,-0.7487267633954267,0.21059179066146655,-0.27655315032073907,-0.7543648760189597,-0.07041910345281328,-0.8618662706790938,-0.38996668545426283,-0.09263538911396269,-0.6502498892283335,-0.6940070374361799,-0.027861130867663467,-0.16100345372391778,-0.6962188844104695,0.05717928555563082,0.08516392449729072,-0.6194581521056134,-0.3386108500272068,-0.6823783943017989,-0.46615928835733644,-0.3337726766022334,-0.38629239564691575,-0.6819875195508082,-0.22971696948820877,-0.059748501129992894,-0.6716769169524436,-0.09206985214355794,0.07672018203494753,-0.6063745765651971
M,0.0,0.0,0.0,0.19093093707461528,0.07708297140392005,-0.24408057424808888,0.3433714445754741,0.178215342888948,-0.4771654431020402,0.28030665319215786,0.23370255391138817,-0.6953112602063831,0.08384365371353936,0.15313925643492654,-0.9055842059775958,0.5333787893822022,-0.6946346610699998,-0.4671463325078408,0.6242789891226429,-0.6459349695527731,-0.8310697505617618,0.5731403856350776,-0.3871789117056073,-1.0303772473112076,0.5330842347964124,-0.2129508560596323,-1.133154787978589,0.20054978071501375,-0.8390387376218968,-0.5057605977387064,0.1630281084456322,-0.7960062763352636,-0.8687380455582919,0.16935906834287168,-0.4115012657028803,-0.9688942958743002,0.2180325772302504,-0.1840547239107918,-0.9849620848876905,-0.11996684626616613,-0.7781209218861144,-0.5728679053498311,-0.152618549383825,-0.4012710576555317,-0.9312115186106353,-0.09902761532812414,0.03963297408374733,-0.9218443554996505,-0.016122608894634557,0.21214737660617267,-0.8488295920290773,-0.37418479979493224,-0.5743938790390493,-0.6569049423310132,-0.34100486212009057,-0.15588385060874013,-0.9244946922060114,-0.22565335893037558,0.19213795631060676,-0.9298420034281499,-0.08423377489827413,0.32166571714863273,-0.882097650617501
M,0.0,0.0,0.0,0.22717981289525552,0.009961478853585965,-0.2143153093500491,0.42520733722207804,0.02714468481912734,-0.4192606754556802,0.3917167424266299,0.05464446455141312,-0.6153618804584375,0.1800324935951557,0.05170803037996778,-0.8038510911594574,0.5259482659860638,-0.814764650865861,-0.3775718425370909,0.573724216210165,-0.6657568500234518,-0.7075991173257062,0.5248277721434826,-0.355134437857251,-0.9013116267658864,0.47448585337730015,-0.17558847448321613,-1.0010445188660606,0.1850483660875615,-0.8887975486261934,-0.41928035938306596,0.1934031345655313,-0.6691324475150576,-0.7452367470378353,0.21435561657039404,-0.26907724839092106,-0.8458537690079186,0.24665984302523689,-0.06884355575646314,-0.8651408025430937,-0.1348234529773933,-0.797969790750576,-0.4885232008617787,-0.12445857124543122,-0.34886663621430164,-0.8011202011062515,-0.0728010446472819,0.07417688059172793,-0.7891573922650765,-0.00588541586632384,0.2256863439186236,-0.7199023561620271,-0.3881372476792351,-0.6000445287397337,-0.5759376010424586,-0.3438153169681971,-0.1490893597447249,-0.800465455649105,-0.24729631615138395,0.1836455529677342,-0.7910523819915696,-0.13122827382570704,0.30852979894563537,-0.7371184993765806
M,0.0,0.0,0.0,0.206287054916189,0.053159854672046356,-0.19902506633150932,0.37385128853991784,0.1290718107345271,-0.3974667231452915,0.3289246361792111,0.20400034212822726,-0.5944678933904259,0.10061432639563894,0.23772831947598552,-0.7853179530415226,0.505181141796334,-0.8010824674083672,-0.34507245956922983,0.5756001512192124,-0.6725515920554033,-0.6571801712161569,0.5217117954490073,-0.34974304902175873,-0.8285391563520234,0.474991697046745,-0.1399779108635778,-0.9124976125714791,0.16562639997713288,-0.905764171912503,-0.3900758394341702,0.11998333638950273,-0.5900126594314353,-0.706090781573836,0.08437106625347693,-0.07535064061226353,-0.7875860128852925,0.09368406677858815,0.20592159537998606,-0.7876057884603848,-0.15587367356394383,-0.8234974341037788,-0.4620386822357036,-0.19552016101879213,-0.3238672703289773,-0.7720720310472973,-0.15517418815675008,0.16079701455591036,-0.7551310126224037,-0.07789745834423359,0.3776509623567727,-0.6770152889242588,-0.416702628146837,-0.6186805075298202,-0.5494757398344899,-0.41128014818529274,-0.12499061563033254,-0.7639167220492032,-0.3323063458762119,0.24145303609118057,-0.7457913280243514,-0.21752890804069272,0.40358166360745235,-0.6821475256199292
M,0.0,0.0,0.0,0.1527446118010606,-0.14355846871796607,-0.16759651677515897,0.23295569172916797,-0.36336863553487786,-0.2816645076779504,0.22276732501967303,-0.5527129089413,-0.3949916787618924,0.13430757828875772,-0.7686630820121605,-0.4965412713147083,0.3373704903713566,-0.9490513646666321,-0.09842754583022548,0.37128939420946794,-1.188126678111689,-0.276735888002709,0.3262919836766331,-1.1133032302946657,-0.41345990707400365,0.28092603922978343,-0.9087788781140692,-0.4828369151413508,0.13610508794515555,-0.9860750579112487,-0.09555828169640096,0.15315123238925996,-1.2963880494814068,-0.2587649401657401,0.10434261532635306,-1.0810093578884306,-0.3580227351114161,0.09727517951861311,-0.9026110132775464,-0.3944803651609642,-0.04490836026128899,-0.9481024623840901,-0.12167055085863966,-0.05402703552154224,-1.1382703147784754,-0.26465377477258195,-0.05548176511027869,-0.9361650105039463,-0.3083978843477102,-0.04077722566806634,-0.7577909688184944,-0.3089843964595136,-0.21411149353332024,-0.8331924272575478,-0.16459823403253412,-0.21607531500032412,-0.981286656140669,-0.26156889018746593,-0.1705951105309207,-0.8499480247871583,-0.27455837308876224,-0.11173614561115922,-0.7257939911057839,-0.26436053005199994
M,0.0,0.0,0.0,0.1527658517029911,-0.1401445715468413,-0.1761344541595899,0.22608643328223918,-0.35682765920607573,-0.2919709078874901,0.18897504785664848,-0.5406093978564804,-0.4046729881517198,0.08541301701538108,-0.7462925153393646,-0.5050125347735797,0.34334725413509104,-0.9484027326678317,-0.10404797497904379,0.3585264489915336,-1.18003005316821,-0.2807622377462473,0.28453575718613805,-1.091194050413081,-0.4190854933033338,0.23442434148464442,-0.8885119240074986,-0.49342880831727204,0.13590678654851893,-0.9859595368831606,-0.09702132239460878,0.13440638110266534,-1.2662739059600807,-0.2638324722691119,0.06276008406801571,-1.0444218341498674,-0.36701665391859895,0.05821346096062731,-0.8683878958797027,-0.4069404887199896,-0.048478033286859006,-0.9462794256216039,-0.11919909466753482,-0.07390600457595499,-1.119366608678428,-0.2644964111386458,-0.09066560728223319,-0.9141314325836057,-0.3076294414718457,-0.07066915055538173,-0.7358844548411251,-0.3082632443006904,-0.2128406298553642,-0.8284351638135853,-0.15907252254884893,-0.23193525768147144,-0.9583120394403449,-0.260830692879834,-0.20140370961221976,-0.8207538519177359,-0.27485622694394335,-0.144313886019233,-0.6977335787205508,-0.2645184163043808
M,0.0,0.0,0.0,0.15560324680946233,-0.12075687132969813,-0.1855295144824724,0.23161513251365662,-0.3324458883074284,-0.30617923029381156,0.18392153201447822,-0.5259212810743998,-0.4198652443669507,0.069282101603276,-0.7370562300436057,-0.5196574403442853,0.3464548044102463,-0.9365907885551752,-0.12402810169320318,0.3605109215884955,-1.1708034325583365,-0.3080625078178715,0.27676023802473976,-1.0801835401785422,-0.4474561791538299,0.21560071533280137,-0.8772005800215198,-0.5208557576467977,0.13662696214529224,-0.9843461135376099,-0.11133643598728979,0.12140388914830275,-1.2532007160553982,-0.28720662186724716,0.04582153323053341,-1.02554647994082,-0.38661789608872116,0.042608047706650096,-0.8415959011106917,-0.4212417457292164,-0.049190237675546616,-0.9520244509656275,-0.1282999351766853,-0.08143456310086082,-1.1162867350629642,-0.2825071421017924,-0.10225350513283023,-0.9018527940063051,-0.3204201124509847,-0.08044751599655295,-0.719425176029228,-0.3143329210678493,-0.21125385937077312,-0.8417857946680039,-0.16332503934399617,-0.2359483727808489,-0.9557518835839186,-0.27356215252953836,-0.21124096984632842,-0.8117174388200732,-0.28742172715283054,-0.15562194569703705,-0.6856239412850718,-0.2736205638603846
M,0.0,0.0,0.0,0.15791902465179808,-0.11645944844137042,-0.2005957113011631,0.2299932146547061,-0.34076372361811874,-0.32592616899929966,0.16819780944410914,-0.5453151627479883,-0.4423955033750603,0.04418014839784354,-0.7617045925465131,-0.5447354815135312,0.3451109477763165,-0.9371693952946027,-0.1368536316408682,0.3587727547520963,-1.1920167729253452,-0.3275587802482887,0.26296585477902196,-1.0921098895457382,-0.4724321595733553,0.19669720284472986,-0.8798718130558111,-0.5494400775803389,0.13194876740068232,-0.984131279324407,-0.1186387282330127,0.11581861815230174,-1.2777588677701055,-0.30370342001734696,0.026903785111662203,-1.052425716281496,-0.4130748844807275,0.021639663636751953,-0.8644050377225853,-0.4540001120785789,-0.057616334328942566,-0.9569299922619373,-0.13140194303928615,-0.09273061893143203,-1.1395487006159364,-0.2912696863117951,-0.12622841467326035,-0.931346857114512,-0.3401772284802853,-0.10577044356782161,-0.7434788099912328,-0.3413955313060108,-0.22259687267646147,-0.8552164774705006,-0.16328043196719255,-0.25586017775023095,-0.9768347206091662,-0.2761597054377404,-0.23786722280862618,-0.8380798107525246,-0.2975084962432408,-0.18083147924330928,-0.7090849975043947,-0.2901808476502215
M,0.0,0.0,0.0,0.14349967495173102,-0.13762472034050485,-0.18186722606156264,0.20603665492758172,-0.3516787331234717,-0.30221926029894797,0.16135453977412265,-0.537729674194297,-0.4168966655507749,0.05164027693287886,-0.73985775658998,-0.5181675541841094,0.31991115543280113,-0.9517491462616482,-0.11676671220469372,0.32017744386164876,-1.185908747827985,-0.2938017250953633,0.2343197356927014,-1.0890113532698642,-0.42990508096814023,0.1832497673338765,-0.8845451682016353,-0.5027667403348924,0.10781648388256855,-0.9885485823176342,-0.1055808041312222,0.09358422489967248,-1.2664511584226061,-0.2734021132662768,0.017093189648623462,-1.0356828979653556,-0.36996739199326617,0.018320102301130778,-0.8589089041519967,-0.4036980570081276,-0.078773352754433,-0.9497067591460192,-0.12343090735543696,-0.11588005857712994,-1.1298043936204523,-0.2686396349836015,-0.13587985412707296,-0.9154858977539181,-0.30286941026802416,-0.10792317978863562,-0.7355604932192278,-0.29636935485348626,-0.2418171541073536,-0.8326158554893768,-0.15951397112078294,-0.27134574258136795,-0.966443573636307,-0.2623997523907741,-0.244342471085469,-0.8249909796979338,-0.27119945662338707,-0.18122164244596195,-0.6981232286757038,-0.2552324187938129
M,0.0,0.0,0.0,0.1545668373642399,-0.1483798054647618,-0.16265276027608702,0.2269846454981092,-0.3620746743517969,-0.28093076927105104,0.18621173026368762,-0.5538125859076845,-0.4006683588139363,0.071891665075562,-0.7624464063551296,-0.5098938386068936,0.3322205336061199,-0.9600295433981482,-0.10582431908286699,0.3542230153720997,-1.219739913971866,-0.2822799437357264,0.26816280283275895,-1.1434717461591715,-0.4143562410103519,0.20528087119182795,-0.9280747485058465,-0.4818635205316842,0.11381519174281374,-0.9874854419908173,-0.10917235906925661,0.11108409880398316,-1.3238919846948745,-0.2671434189831602,0.037330409713560594,-1.0948203050654797,-0.3585175364797403,0.03441255464658618,-0.9183871860886514,-0.39062191832133203,-0.07645660912081187,-0.9368753307460227,-0.13982927611287352,-0.10477989745747773,-1.175232689052331,-0.276899081477051,-0.12097092391134559,-0.9719912752258778,-0.30955498065210246,-0.10323542503312745,-0.7846830404396115,-0.3051090018435736,-0.246214241401478,-0.803266898355462,-0.18709883371532635,-0.2798679932756756,-0.9815700640959121,-0.28132075881985485,-0.246082332485796,-0.8572635424553403,-0.28528859113098054,-0.18515310057828493,-0.7282638993648884,-0.26916335588134516
M,0.0,0.0,0.0,0.15729046277817202,-0.13477556990448297,-0.16884900102281225,0.2335841502697341,-0.3488176180148256,-0.2852383265736475,0.20388546294408408,-0.5400840282573809,-0.4020287499513249,0.09883817240954922,-0.7585094211935631,-0.5081293032323626,0.3347338521772847,-0.9489889436166701,-0.10838371882006792,0.3736669323453126,-1.2150204912890252,-0.29448072229593,0.30269739335208595,-1.1666825383253048,-0.43805627290192756,0.24103873984404545,-0.9693825149752046,-0.5113734939378405,0.12139196300184393,-0.9867908260158693,-0.10727468018818413,0.12932951707271836,-1.3137004672353458,-0.2806225725319762,0.057603054531313605,-1.101799840896662,-0.38656988462135383,0.050485888707394885,-0.9108969102925606,-0.4267562530051259,-0.0676868693244869,-0.9455996309203655,-0.13449345183923722,-0.08386050349802276,-1.1777992829666186,-0.28074519805516424,-0.10228406360564385,-0.9830134667009389,-0.32711369810842994,-0.0848208490865644,-0.783171691470468,-0.32969406853717714,-0.23895371045869043,-0.8196847379780683,-0.178756275542278,-0.2586675953657997,-0.996269399752078,-0.2795283415543343,-0.22692854589147105,-0.8742520954367651,-0.29516850468400274,-0.16595720948778797,-0.7287143270820867,-0.28615784351616463
M,0.0,0.0,0.0,0.15552136497904565,-0.13831856869171155,-0.17391209556043846,0.22791572457181677,-0.3501228498721595,-0.2918589269789521,0.19758018668699318,-0.529493641962832,-0.40790075229393113,0.09849895583368033,-0.7403971763422731,-0.5119683780144875,0.34002457932058716,-0.9495676445243393,-0.10862369491817102,0.37146926489561183,-1.1911464689424665,-0.29458253948020413,0.29190690535258845,-1.1414026809939943,-0.43840162583138353,0.22399499939236317,-0.9500158165069991,-0.5127081461356809,0.12896621188614607,-0.9861735542336868,-0.10406458149550894,0.12541092206873025,-1.2813027849548464,-0.2819846277615303,0.05093677296821695,-1.057552509846097,-0.38663588145643557,0.043206494210411575,-0.8662001342386514,-0.42347440765125693,-0.06013209530093888,-0.945446590321118,-0.1286585923298621,-0.08762596965264736,-1.1440284221269497,-0.2798804162745857,-0.10422887957760014,-0.9393149078207409,-0.32310605823394944,-0.08473642528143391,-0.743206552413682,-0.3211237502600942,-0.23093992233446384,-0.8225753706379555,-0.17078648352265258,-0.2519251213800786,-0.9698214224914176,-0.276829342869098,-0.22184990115526082,-0.8372127813315464,-0.2920559080130827,-0.16386785728157238,-0.6993477047156167,-0.2805459324064294
M,0.0,0.0,0.0,0.1492728088479769,-0.12731804415137782,-0.1899313659074079,0.22504771772244578,-0.3299860380556155,-0.31787024593061586,0.21600795961243396,-0.5080442741564404,-0.44197758645288304,0.13405584931601552,-0.729104222092476,-0.553581383325558,0.34917146760239726,-0.9420071033587571,-0.11846551794615695,0.3862783737301467,-1.1734639839088636,-0.3089056158229836,0.3142843993541069,-1.1475438444438313,-0.4535669172192323,0.24712702056779404,-0.9633014881350151,-0.5270457450127967,0.1394579646279866,-0.984551811168587,-0.10587354356247021,0.13560620360928932,-1.2592328971471374,-0.28891455736731597,0.06363061863825488,-1.0330131734839043,-0.39229023345832215,0.05998296180778545,-0.84668243623042,-0.42640380873815675,-0.04848721672631498,-0.9534081703154476,-0.12454987335607753,-0.07553511831613166,-1.138662672192826,-0.28309581278798335,-0.0917454698650163,-0.9278055667150621,-0.32375806457454165,-0.07070271041269303,-0.7292817435764387,-0.31791112139025646,-0.2196004482278873,-0.840683120439067,-0.16213306052163293,-0.23945517928753746,-0.9786806749923208,-0.2766523291400898,-0.21045909320705378,-0.8393465202198159,-0.2935433845433128,-0.15204888071051895,-0.6982857641832927,-0.28060281941486787
M,0.0,0.0,0.0,0.15067330325027556,-0.1350950927870024,-0.18728315048526756,0.22177288906375756,-0.35515025740280937,-0.3106872129229988,0.19166642195625197,-0.5526721348573532,-0.4294985262803327,0.09124226507928744,-0.7716634680036417,-0.5351129244359778,0.3423621850882218,-0.9438259478173934,-0.10805204895718509,0.38610307858879384,-1.1682096611776107,-0.2929057428457178,0.3144677424266048,-1.1519079868828526,-0.4291877856000627,0.24055008056281751,-0.9794571806203591,-0.4971323971378255,0.13639557471729946,-0.986112609628428,-0.09475319693471726,0.13046835715798438,-1.2396773699300816,-0.28134942613644615,0.05931125213528538,-0.9974939264261651,-0.37700870998193975,0.05397292171795402,-0.8118518655825725,-0.4009561708120355,-0.050471919183611824,-0.9547306768816182,-0.11284883145472167,-0.07909603409929608,-1.1197823216308336,-0.27856120529473444,-0.08972631436525683,-0.8959794609833759,-0.31129351560332874,-0.0680549023389281,-0.7020237745002867,-0.2951196389484142,-0.2219596895432147,-0.8429427328706778,-0.14939223446306202,-0.23684420008326423,-0.9591932545135374,-0.2712382339085859,-0.2058287468694657,-0.8074528329817882,-0.2852238698541215,-0.15044450461805678,-0.6745927723243611,-0.26643818742417713
M,0.0,0.0,0.0,0.1555575285748338,-0.13847751557378157,-0.19671956742842103,0.22361636389829195,-0.35747729668899375,-0.3260446513615218,0.19280985906379589,-0.5663885592153242,-0.4502904640701609,0.09979148852848242,-0.7945478061243645,-0.5599553622461148,0.3479985257239074,-0.9414801014915058,-0.10200064498809361,0.3846476435442561,-1.1642952072738606,-0.28190931125457525,0.3124429237373614,-1.1529458053879014,-0.41212065310261353,0.24192131794292007,-0.9779213714317576,-0.4759243249698679,0.14171903487063026,-0.9864093705806263,-0.08314005524456759,0.1405988346365006,-1.2379258179961805,-0.2665054915669121,0.06305324118051128,-0.9818013195445897,-0.35655696975874085,0.057365833380233176,-0.8054691684458969,-0.37371962271386655,-0.04551251383912183,-0.9647289306579167,-0.09723623153483567,-0.07104821426619794,-1.1185692182321239,-0.259474855496099,-0.08427732339967173,-0.8915942504233041,-0.2881736784486553,-0.06433717834725881,-0.6996945653951469,-0.26819979215195155,-0.22046669702705818,-0.8657613910619759,-0.131116820130456,-0.2375167581501925,-0.9681539732794623,-0.24949738576367947,-0.20472961731592512,-0.8147544321269804,-0.26193252053334615,-0.14652930646424583,-0.6830652827751259,-0.24134085406376896
M,0.0,0.0,0.0,0.15302559887520648,-0.14297350684488,-0.1825449443747658,0.22085304765928326,-0.3717138517819545,-0.302254257045374,0.18988127043031158,-0.5867480707285211,-0.41948147786505807,0.0986636423605095,-0.8168139003545587,-0.5233326034784892,0.35544781192279923,-0.9396775889655569,-0.08590939991067109,0.383850587906948,-1.1619658968180038,-0.2558177420699651,0.30859220987661523,-1.1632979244178132,-0.3804083956493614,0.23397721807951008,-1.0008078232557902,-0.44235822039686584,0.15009946374668517,-0.9859499632087954,-0.07329952954509851,0.14653430432550046,-1.2379314544623163,-0.24846925804406156,0.06428100935781365,-0.9869939209838404,-0.338283249989791,0.05409642338284793,-0.8107286297723755,-0.3570965722647096,-0.036348959459557455,-0.961672492513291,-0.09164983296504345,-0.0671153619869621,-1.1325442442170544,-0.24974442138745265,-0.08436483769583342,-0.9044776373496337,-0.27988758893829885,-0.06707846723968942,-0.7093420460146296,-0.26171597173201544,-0.21203356733340595,-0.8570824269061466,-0.12796735578264368,-0.23291799351249007,-0.9749922232688153,-0.24498213646578423,-0.20494486867392045,-0.8257560602588057,-0.2566508954361783,-0.1503028392254936,-0.6930840030465087,-0.23565946540262728
M,0.0,0.0,0.0,-0.21256076103047877,-0.11319629337463792,-0.11442849451112093,-0.3573986231802193,-0.31376796767053533,-0.2056621681429307,-0.38484309965726843,-0.4680660579304021,-0.2986654419355127,-0.4149399332026905,-0.6772192511328302,-0.37559138998598435,-0.3024793752386269,-0.9715089329409361,-0.04229410543534152,-0.36012486292217516,-1.1979783391227865,-0.2047337272443031,-0.4517310315867624,-1.0867510653690113,-0.34371205965724394,-0.50409591747055,-0.9335111357437647,-0.4221411452919402,-0.14344985711046382,-0.9875488922890324,-0.06457030148367443,-0.22301314998104121,-1.2360102954640204,-0.21392620794582273,-0.34939425469870644,-1.0905000700714231,-0.3140103747624801,-0.41480978840947547,-0.9248048818632144,-0.36026676330178253,0.01214581692498518,-0.9325446329029409,-0.11514879261620552,-0.03401292437784028,-1.1450636610424838,-0.23767892720001713,-0.1709818180922157,-1.0207625545223182,-0.2883016001327092,-0.2510323038229045,-0.8876575082435597,-0.30272261312423376,0.1818502994220357,-0.8078918881350744,-0.17919371965264583,0.10874385761056152,-0.9498693470268132,-0.26137955762367293,-0.01562819482419511,-0.8688552952142925,-0.2854279234968959,-0.10384287055205516,-0.7769542141204245,-0.2887279518476552
M,0.0,0.0,0.0,-0.22215955213855396,-0.11297522141887885,-0.12647153286584753,-0.3701356348654501,-0.3259002019775017,-0.2300207896335776,-0.38661583251920323,-0.48563027206613196,-0.3361006726610593,-0.38274130052353217,-0.6829912928992237,-0.42440425584402136,-0.2882962835912141,-0.9877062357758775,-0.06721960513559037,-0.3546295561891853,-1.2532207609952704,-0.24403988984294103,-0.45304578555111386,-1.1179405047916595,-0.38718829155099643,-0.5010940530525483,-0.9370396458644981,-0.4655724304089993,-0.12763025785428214,-0.9878046653624046,-0.08917656849373291,-0.2001940119697114,-1.2820868671365393,-0.2614657231144302,-0.3325771944464432,-1.1050096557661333,-0.36626027714094705,-0.39258966564788134,-0.9133527805354675,-0.410108471498055,0.02725624970508025,-0.9200127585201466,-0.1402844020220986,-0.008498655382115881,-1.1858825207287182,-0.2817558931319804,-0.14957639833078817,-1.0246774379670254,-0.3311020716069708,-0.22296034599598644,-0.8516759111398782,-0.3392989186607692,0.1940624370803953,-0.7880535070251296,-0.20539222428013346,0.13669468459158957,-0.964545706361879,-0.29881488140166323,0.011498929111670244,-0.8823989812738192,-0.32330144736775884,-0.07188317474493465,-0.7814119746495573,-0.3242225749725329
M,0.0,0.0,0.0,-0.22301846388939606,-0.11403718815107516,-0.11476639697953506,-0.37012472869704405,-0.32197869688457575,-0.2086815702192766,-0.3885923074912372,-0.47892729206379353,-0.3065368125801258,-0.38891709504595473,-0.6644565583263412,-0.38659197398408396,-0.30157174030633505,-0.9830509688907602,-0.050128509666664746,-0.36985824446922216,-1.221465947203303,-0.21837113161541402,-0.4564976219679534,-1.0766620300762186,-0.35491294845346383,-0.4974132490805951,-0.905187667986404,-0.43017822617774826,-0.13980060445489903,-0.9873269158733318,-0.07510893546109965,-0.21498369508454454,-1.2630195838197729,-0.24234449319388363,-0.3356880587856801,-1.0711324031324372,-0.3429347834354808,-0.3893816204656776,-0.8801737979856868,-0.3828018220452454,0.01465694939611197,-0.9231319427351181,-0.12792179805865408,-0.024030159792306802,-1.1630060885495872,-0.2647154044680868,-0.15663505636420022,-0.9920718243983248,-0.3109381394412899,-0.22602964060401148,-0.8234251736629487,-0.31593780815554434,0.17931029753799754,-0.7944051679995057,-0.19394298824386308,0.1192391757469756,-0.9495582425164728,-0.2812446749006686,-0.0007899467062544781,-0.8674172518670563,-0.3035728884938979,-0.07960273630106048,-0.7769716810929425,-0.3030099564059195
M,0.0,0.0,0.0,-0.21411879296018022,-0.11242308054317508,-0.11196589609724839,-0.3580250124964843,-0.3085990006776977,-0.20449098962982482,-0.37975514611220546,-0.45876793131123494,-0.2994665648380157,-0.38190674662543295,-0.6444295177158922,-0.3775858520504166,-0.2953694552584681,-0.9800088636059858,-0.048650638503012496,-0.36377678489854526,-1.191109695334878,-0.21059878971015603,-0.44920342151852516,-1.0545210431985657,-0.3458336066949711,-0.4895936802303675,-0.8894937839881392,-0.42180455611829926,-0.13271026951716183,-0.9884702209635394,-0.07290134863618068,-0.20708850158396544,-1.2384897641986925,-0.22982987199607957,-0.3252099005574215,-1.0594992959914473,-0.3287425588582057,-0.38096301831663826,-0.8774239709391077,-0.3708638197263748,0.02167511666231017,-0.9260794328138138,-0.12392786341374115,-0.014883648879311415,-1.1293645748969163,-0.2511284663834831,-0.1443376024664586,-0.9779360373669604,-0.29843824014844345,-0.2141275456573138,-0.8236048866500839,-0.3079769802815122,0.1853167926568598,-0.7974341659225433,-0.187994206946434,0.11946087423121862,-0.9293091780561016,-0.2672579679208605,0.005482001772551284,-0.8501757306751593,-0.28781539641884624,-0.06922258085880405,-0.7644740092881243,-0.28837662404799574
M,0.0,0.0,0.0,-0.21501768266623592,-0.11312784599846505,-0.11131425554582138,-0.36080060232642297,-0.30933070575433946,-0.20427112363576647,-0.37882609625452923,-0.4645325168902825,-0.29947695102671573,-0.3764900672028783,-0.6525476398093902,-0.37777247540719666,-0.2987191332220625,-0.9775730850442331,-0.052553110905879934,-0.35635535219718895,-1.1995824105116248,-0.2124166636401484,-0.4316739055664695,-1.0760231041955837,-0.34532644671473356,-0.47263120599988434,-0.9154951840543757,-0.4193809955212841,-0.13763644884332601,-0.9876269457661312,-0.07516131948324187,-0.20874462709892574,-1.2279991846852938,-0.22425762614608982,-0.31103005907030334,-1.0597020830520762,-0.318338644223784,-0.3619895601330276,-0.8890615058673753,-0.359625355315158,0.01778286214189415,-0.923213946537102,-0.12376747935180075,-0.027991082599905445,-1.1178288402036751,-0.2512233218406614,-0.14695450230051563,-0.9427569750769262,-0.2914872639367988,-0.21515265047570176,-0.7750825869922097,-0.2956401032041169,0.18101510280564026,-0.789546326969137,-0.18505292925921263,0.11221906274806187,-0.9118459337301636,-0.27128194292618635,-0.0007797105866381687,-0.8191458535328833,-0.289459973749301,-0.07870826214724395,-0.7237211300739383,-0.28591200745796824
M,0.0,0.0,0.0,-0.2151529559108965,-0.1103019193218666,-0.1145874515513447,-0.3670924094047436,-0.3104568204786665,-0.21115438760090263,-0.39594973986901727,-0.46271685733253165,-0.31171454385975145,-0.38084949112214384,-0.6466143840604653,-0.39600581880708274,-0.3027381967187143,-0.9809630335024033,-0.05741805491919847,-0.36447334635206613,-1.241169699781617,-0.2243080218377268,-0.44082658220889076,-1.119716886961292,-0.36103294231836874,-0.4814080581437034,-0.9460329658358604,-0.43544320482905996,-0.13935591287145255,-0.9869432328371975,-0.08076499677846342,-0.21101112189813342,-1.2701953686969845,-0.23721669224580225,-0.31756807395713876,-1.1016116520205146,-0.33433051703367406,-0.37088211671483623,-0.9151438256726773,-0.3753341466965225,0.02028140371294796,-0.9236544126427945,-0.13084419229698796,-0.02194901655255983,-1.1597461934642663,-0.2640027234820679,-0.14737017500105995,-0.9855789832674823,-0.30685185997628517,-0.21990859762200735,-0.8033205838095203,-0.31058586351354334,0.18780777466887655,-0.7937624681795851,-0.19370395865715004,0.12530110062391506,-0.9523398640766971,-0.2824240557079835,0.006242041265893254,-0.859687571516787,-0.30018509001560895,-0.07702658966119985,-0.7475867160512047,-0.2954955726458874
M,0.0,0.0,0.0,-0.2157858195695191,-0.10458149933687393,-0.1161672463533112,-0.3695661004683184,-0.30088240188114657,-0.21417144592327722,-0.39810700103638824,-0.4483436683233589,-0.3160072247942033,-0.3742569994720801,-0.6279511645570734,-0.4015789133305735,-0.29885144387431634,-0.9767059657667094,-0.059826765821210534,-0.36654813036064227,-1.2304937446993676,-0.2296885192830594,-0.4481526131453312,-1.1063978248247803,-0.3683641779524389,-0.4900664193046648,-0.9320896378654249,-0.4439229524669724,-0.13914590080152633,-0.9868376314262246,-0.08240089496607768,-0.2211946905361194,-1.2625336023675438,-0.24065615102047436,-0.33148775092965754,-1.0914811678785015,-0.3387360330803592,-0.3832209639516965,-0.905896100540585,-0.3802583595249487,0.01759780857649715,-0.9270234860787757,-0.1319476584966645,-0.032127251856456096,-1.1550554960202217,-0.2651342783782377,-0.15766358105320188,-0.9809181104762815,-0.3092745033144936,-0.22698918038458193,-0.8000931557875892,-0.31382262923968324,0.18122396975999897,-0.7978936290635842,-0.1946445063275714,0.11111277960477547,-0.9423884369361029,-0.2827295552344083,-0.009402849162364491,-0.8521340027315107,-0.3025328909114324,-0.09139167500134955,-0.7444501691891505,-0.29924771466787525
M,0.0,0.0,0.0,-0.2131323989167697,-0.1009073220274495,-0.1182103435752552,-0.36277791551876826,-0.2967028915655002,-0.217530735954613,-0.3861637033738022,-0.44518213896214004,-0.321347809838597,-0.355160367084912,-0.6236779161563428,-0.4085423087926326,-0.3071266709590681,-0.9755133748361179,-0.056839251551625246,-0.3773485711600395,-1.2245872753864249,-0.22871607944288905,-0.45212777517968833,-1.096310697289918,-0.36844256546936066,-0.48045840458308003,-0.9244483643111747,-0.44512313641008067,-0.14503321358132384,-0.9862172368710709,-0.079629948239745,-0.22137719258496502,-1.2651121498245574,-0.24063316267536825,-0.3226653761383842,-1.0916418054949337,-0.338530669269239,-0.36608136469769237,-0.9120648012140674,-0.37970850027385816,0.013793672695136101,-0.9261309266034907,-0.13016299348821675,-0.031167062237032424,-1.1635990417889817,-0.2660933821369489,-0.14840851142875308,-0.9795605848998551,-0.3058522416778995,-0.20987822647951945,-0.7989479742576814,-0.3068727868415501,0.1805289991385594,-0.7967696243612337,-0.19423595111444455,0.11785343453186396,-0.9551228180886996,-0.2826670181093398,0.0023837226391659094,-0.8594092646336765,-0.2987950373536984,-0.07470544786436922,-0.7531107491526426,-0.2930112791479968
M,0.0,0.0,0.0,-0.20883674804597713,-0.10074925792909076,-0.10542965093443646,-0.35866662737729454,-0.28443500174448405,-0.198465796553218,-0.378516334861306,-0.4278386633120883,-0.29670920194744704,-0.33338478236770397,-0.5961226667650649,-0.3787496994695809,-0.30888519489129923,-0.9640551439134152,-0.04798060040603953,-0.3840438545405752,-1.1832275392951317,-0.21162208849922812,-0.4554665067154435,-1.0607777575134287,-0.3465138606072305,-0.4846218581482678,-0.9016242726589023,-0.42198649941583305,-0.15045574729432953,-0.9858784568047875,-0.07353051417143533,-0.23723988113038166,-1.2232305977751454,-0.22103449542688736,-0.33252417520827265,-1.0526586613628746,-0.3104005475169575,-0.3750447960857663,-0.8849226407701405,-0.3493623185606127,0.0058712670513342766,-0.9322609894559366,-0.12509698456634866,-0.05065256884421058,-1.1267520138410663,-0.2482342223818919,-0.15932535854055904,-0.9425238614471396,-0.2802984585302373,-0.21667233003515693,-0.771023187765659,-0.2795954990253933,0.16902058284437896,-0.8042466809580621,-0.19004698598507222,0.09478136999479765,-0.9172376808851086,-0.270503826202604,-0.01891942180321562,-0.8236357359952746,-0.28431757370797817,-0.09534406276510592,-0.7316105386233408,-0.278377324920493
M,0.0,0.0,0.0,-0.20045018799018402,-0.09907735491700313,-0.09458385370253017,-0.3556977712889549,-0.27696454940570936,-0.1806186878770711,-0.36591966982830654,-0.4315514196101921,-0.27259070609512226,-0.2852455173790961,-0.5823571611018326,-0.3488326893388079,-0.31207788657623614,-0.9610634379094117,-0.0343331038327797,-0.38282226450144896,-1.163309715456903,-0.18517761204328118,-0.43994792461577475,-1.0380429999512688,-0.3108401029341372,-0.46034379748297277,-0.8770980826038305,-0.38135518105915805,-0.14823080718493337,-0.987114367734236,-0.060273151684168885,-0.229380844001894,-1.1906094220286585,-0.1960035426130745,-0.3139789820491982,-1.0193008176307587,-0.277101114628427,-0.35295296549369554,-0.85101281218159,-0.31091528976436905,0.012007304355240452,-0.9351138510031847,-0.11074477732297569,-0.04146543194326363,-1.1014192592948568,-0.22440252986434267,-0.14468441553354067,-0.920998339216343,-0.2533221778067698,-0.20432533362750804,-0.7543286153423041,-0.2512252073817675,0.17410530265147692,-0.8080138054701566,-0.17367311126854326,0.09455019580340308,-0.8967421253249293,-0.24880793457342018,-0.01818739089114136,-0.8013665341845175,-0.2620306289836595,-0.09699005709360639,-0.712378904663033,-0.25550561022482227
M,0.0,0.0,0.0,-0.2152824664409154,-0.08811987356783438,-0.11662575022919892,-0.3699549287676399,-0.28508221722044746,-0.21493221610160096,-0.3794255875609002,-0.4545392458719832,-0.31695726033380733,-0.32403563672359365,-0.6458844855793563,-0.40184934863678345,-0.33822926282794735,-0.9670049473425759,-0.057994498179072686,-0.3959458882904737,-1.2535502824498979,-0.22781354989557884,-0.45824461835258345,-1.1261837151654617,-0.3622189016267287,-0.4769123434670948,-0.9381637138084358,-0.43348595876290585,-0.16334251342246445,-0.98341447727938,-0.078836471167575,-0.2217429574059936,-1.2926694514946477,-0.23768632211919927,-0.30261832353129176,-1.118424554582951,-0.3296499706614632,-0.3366820502276195,-0.9228529455532145,-0.36456574597045566,0.005368398303324447,-0.9325365250039421,-0.1269109748971522,-0.01867976188200762,-1.203048072511167,-0.26149789475962204,-0.11984391291732474,-1.0212692977599636,-0.29714596097764273,-0.17817961861080653,-0.8329844875180205,-0.29474922097946343,0.18164165319715841,-0.8158119241173668,-0.18789045897577167,0.12449953939404734,-0.980660822726084,-0.2780574979749561,0.013925564039032013,-0.8756317307113313,-0.29266015051802935,-0.06660366369123907,-0.7628259109398842,-0.28479172373868616
M,0.0,0.0,0.0,-0.21176669134761952,-0.08780425904849422,-0.11854236554291187,-0.35890451816076285,-0.2833139906705787,-0.22257414293198338,-0.37022097264408527,-0.4443418393494692,-0.33158846985419793,-0.3208106049930814,-0.638882372205809,-0.42455572630372473,-0.34525600700716524,-0.9711511157519952,-0.07042252923473169,-0.40557222771065676,-1.2710775220793333,-0.24507205339016913,-0.4554921929303504,-1.1375719285313484,-0.3820650807231978,-0.4629657369347921,-0.9423365956000967,-0.4546324056880487,-0.16089064933347405,-0.9824735498678056,-0.09412716274915314,-0.21924555058093928,-1.3083754797225162,-0.2533199182765663,-0.2917475978911308,-1.117881829253255,-0.34440363201763496,-0.3226257556549594,-0.9150423970082431,-0.38112424368654496,0.016847946736420993,-0.9316566397749292,-0.14505783119758897,0.00020895493527109402,-1.2389017840656336,-0.28043707406903046,-0.10364629871973098,-1.0453596837338681,-0.3133472479854869,-0.16506709042445686,-0.8447119528965684,-0.31135513757467054,0.20033994586507609,-0.8149548101233158,-0.20889415565737315,0.14121931945735666,-1.0177440798957906,-0.29930281456830776,0.028283661667696254,-0.8987939084287325,-0.30949482822994134,-0.05359710699793806,-0.765880630698853,-0.30021427250784133
M,0.0,0.0,0.0,-0.20399238667372294,-0.1051331962353905,-0.11589684742948062,-0.3426461741076235,-0.31426486169843265,-0.2156685406609032,-0.32795613949050506,-0.48556643656150433,-0.32105039975757715,-0.2642091139350539,-0.6687348583836559,-0.4098036638425802,-0.33045713693303225,-0.974584676553207,-0.06602849486392029,-0.3794855544271759,-1.2769532967723882,-0.23142338766585532,-0.4173785394474016,-1.1322273240179146,-0.3588399292040148,-0.41964306700698467,-0.9395294943435074,-0.4265694195971185,-0.14360881677275913,-0.9855877515787549,-0.08940521060353737,-0.19065187254135096,-1.3079457950209505,-0.24415731138929656,-0.2529045398087524,-1.1139378565089542,-0.3333236588010677,-0.2814724006811547,-0.9218601034164894,-0.36861951890812145,0.035201169519378316,-0.9350459268337687,-0.13894686216740776,0.022136865347500815,-1.2331250819054613,-0.27035023050937657,-0.06532743260646111,-1.0399988147834143,-0.3022175236365351,-0.11805496161671557,-0.8488841838183574,-0.29974653652116623,0.22291785963868518,-0.8208419757899164,-0.20119223212201517,0.17880965786174446,-1.0206210931673214,-0.28862007430235653,0.0721394073872171,-0.9104832746037327,-0.29921029179703146,-0.010690737721825747,-0.7860521653377429,-0.2906672425224869
M,0.0,0.0,0.0,-0.4329886660034946,-0.15969401355006216,-0.1124873362805312,-0.6827995913222715,-0.24325396382089814,-0.2486447265533229,-0.8254106994486513,-0.12789819243908795,-0.3845857097343239,-0.9402586375429529,-0.014785376675778126,-0.5110655313810019,-0.7523724485268874,-0.8568499761141867,-0.21000698883336721,-0.972368860516104,-0.5027637469709573,-0.423560247038316,-0.9734063563428826,-0.231760256400332,-0.5587077217585817,-0.962782180784152,-0.18946729384851735,-0.6495919923635257,-0.48566386324034927,-0.8286374873166831,-0.2783712028137129,-0.7196528256087261,-0.4463172433082408,-0.456868577589922,-0.7615273941684442,-0.143941479747626,-0.5166801589465,-0.8069771090722223,-0.11844824871469793,-0.5599441063236323,-0.21546138493575234,-0.6286284839716454,-0.3703290860456591,-0.4020990620246774,-0.2640575439337176,-0.5649379645421612,-0.48675047488359136,-0.020388521145297586,-0.5728967733016026,-0.5846898383842509,-0.03426495203244851,-0.5705891257859547,0.016958903146314624,-0.3276585848612856,-0.47169189017023716,-0.08947567749821889,9.09552156731691e-06,-0.6407678963189801,-0.2255471056176978,0.11992142002455103,-0.6667727504400698,-0.3576771410580061,0.08016732072622676,-0.6738504305476775
M,0.0,0.0,0.0,-0.38762088464109434,-0.14225345526345543,-0.18217621333172093,-0.6096472503569392,-0.2774016967831242,-0.3598017514493185,-0.6612881705274518,-0.22005516285137985,-0.5310518765417632,-0.6795653717879293,-0.1046918553814499,-0.6912912177705747,-0.6881326758614893,-0.9162031447193327,-0.287583989069754,-0.8071743367108282,-0.6671497038314983,-0.5568770846681073,-0.7587198115979948,-0.3530744440123801,-0.7342319652983802,-0.7370276966571667,-0.27140568670246545,-0.840703417112015,-0.3705181343180464,-0.8619508019505971,-0.34605942720607474,-0.4690727636871331,-0.6527453724724089,-0.58170229407634,-0.5054948337080959,-0.3107929849639911,-0.6536844349169284,-0.5522958152214915,-0.22755186024097634,-0.6878047771486774,-0.05839416622334816,-0.6714878817594787,-0.43546795097675184,-0.1067249359426705,-0.42456401388077586,-0.6737298219947186,-0.19490065381932434,-0.12678709432688343,-0.6672604628501416,-0.3020158481068788,-0.07938816596167184,-0.634712870938032,0.1935295420832955,-0.4080806531757464,-0.5413328788320897,0.13422375197111314,-0.17374675231017692,-0.6946944145108219,0.002252103101716724,0.034848783632168305,-0.6670868530252099,-0.13235149215641068,0.07076388539505968,-0.6293952946637561
M,0.0,0.0,0.0,-0.3605994933320936,-0.1072125294453163,-0.18234003133536508,-0.5503293191380764,-0.22632268105107614,-0.35051629553109886,-0.5883967072187614,-0.2482397785829644,-0.5049192172815485,-0.5938966964560239,-0.21274103243429246,-0.6452699766021963,-0.6138949991829472,-0.9071016454284364,-0.27332773258401716,-0.7398720598449329,-0.6835815929653836,-0.5074741795928038,-0.7361053436987387,-0.3631986212760814,-0.669520426589063,-0.704675047045548,-0.26385018009918554,-0.7690421429622246,-0.33745357500984485,-0.8906616074837784,-0.30470803348039066,-0.4417886939403284,-0.6057296986936496,-0.49733145735243617,-0.4937550978393788,-0.2857862988180323,-0.5585397478944255,-0.492283952338451,-0.24759696668944883,-0.5912737124058375,-0.06533543212462671,-0.7219452425470525,-0.3631594244523186,-0.1433822284216342,-0.42574679810077454,-0.5452019222323874,-0.24121939721004593,-0.1740563677521731,-0.5362662311007446,-0.287263697859878,-0.18342339035452052,-0.5127322023952807,0.14996772813655612,-0.4813931502657838,-0.4401633776602208,0.06406752670352953,-0.21327571018276995,-0.5545488162499054,-0.06940961403261592,-0.04000520407260859,-0.5327926171145497,-0.1517687479209013,-0.042903720288039134,-0.5030611013658022
M,0.0,0.0,0.0,-0.384670781834031,-0.12503224261039367,-0.21076338392800217,-0.6745707819130932,-0.15634889282535125,-0.37183551905881107,-0.8684062195563882,0.011330393987134228,-0.5168461530419823,-1.0416750853065881,0.052106420440849635,-0.6293356595140609,-0.9163015031768998,-0.8389090205784367,-0.23607556606292365,-0.9724874503866797,-0.5097007154961544,-0.5446352594338814,-0.9074343721694772,-0.14032517665409552,-0.7157867715171158,-0.9115550751825612,-0.13374313478485858,-0.8165215666543013,-0.5912300637455937,-0.757545531779748,-0.2767160620634806,-0.6912721744016855,-0.4252994204231581,-0.5574238985629847,-0.6614367145021333,0.018868725264992205,-0.6178183850262983,-0.7392174852347206,-0.016998477166039232,-0.6314379088110913,-0.2992835658496114,-0.49227816149780107,-0.36351863928605715,-0.3735185616884225,-0.05139334025003485,-0.6627361355429754,-0.38247882027608116,0.27020236238502787,-0.6237506503697982,-0.48427342266934,0.1394631692998456,-0.5581801753276898,-0.04618050470509309,-0.14422191168495926,-0.46736043699102614,-0.11871380566868402,0.28064727471049733,-0.6793532995227903,-0.18983018204372662,0.4645954110356033,-0.6675341781517733,-0.3015309421660487,0.3455868296377428,-0.6321706631652927
M,0.0,0.0,0.0,-0.5128787432768781,-0.26655826020461465,-0.1889432629565663,-0.8916906997433103,-0.31613842873048703,-0.3685084494582235,-1.0926876634421876,-0.005937931526003125,-0.5462448256454885,-1.2164272936925764,0.22936499117388573,-0.7150167326643829,-0.8806213017425025,-0.9729991667908513,-0.31470514847656744,-0.9193609835648072,-0.592162331635005,-0.6716778375388623,-1.0008662501043644,-0.20287183438388784,-0.9055156591254035,-1.1710734974742647,-0.06549156801439356,-1.046597384472064,-0.4898710935739145,-0.7688180882339711,-0.41102926767440645,-0.5944647480695701,-0.2725654614818868,-0.7569842243367988,-0.7326528557104867,0.15134064432061659,-0.8862657787437668,-0.9228263060885578,0.17347118300088873,-0.948547485113469,-0.13684032930165546,-0.39508621935398514,-0.5444769560828855,-0.26614172421685117,0.19018583636008604,-0.8953678699345263,-0.37723297312955767,0.46167601110704154,-0.9019078978084805,-0.5387709505691115,0.3320713890025158,-0.8609579489641019,0.142354384998701,0.057451689466438464,-0.6915876728603628,-0.029339180212998757,0.5659320329077697,-0.9470671308926398,-0.17712504769531204,0.7324326604746646,-0.9329278443124122,-0.3057355800581158,0.6171063231929793,-0.8901172457253367
M,0.0,0.0,0.0,-0.26463839569539066,-0.09210223725036525,-0.10562700502424541,-0.4476714292037555,-0.20559640753947386,-0.21393387448681822,-0.5043032796784317,-0.33333431274374925,-0.3311013247066182,-0.4580299010435368,-0.4783040273795359,-0.43617631015176844,-0.41213634074534855,-0.9432827918512084,-0.08753787549302772,-0.5282896042505164,-0.9869293064916986,-0.24716919514568841,-0.5850523175270805,-0.7619254346294729,-0.3810966615588733,-0.6019102679873988,-0.5773973300954487,-0.46068131235800924,-0.2562849463016372,-0.9594060376775067,-0.11772035154175176,-0.3823224864192987,-0.9995741071536852,-0.264372454351602,-0.48350205354374975,-0.7625261143492916,-0.35777380287898153,-0.5378602236454737,-0.5423465312997909,-0.4088418559285905,-0.1010581906595028,-0.8912373420475352,-0.16833943785149574,-0.2020103289368064,-0.8743626080680157,-0.2987920164767214,-0.3273973252558629,-0.6557583650490499,-0.3461855429936694,-0.41582214750558866,-0.45785148493724526,-0.3616744812518942,0.04019750144463298,-0.7557312214668718,-0.23091701723030883,-0.06904107376932345,-0.7174114066378049,-0.31287664241366325,-0.19398026633693788,-0.5670653713512173,-0.3277162530703266,-0.29957961513742287,-0.4206381661784174,-0.32678525423347454
M,0.0,0.0,0.0,-0.20650765814013275,-0.016813174831985894,-0.10833359161315755,-0.4006771847268111,-0.10720105461519622,-0.20377895597834567,-0.43652303778515905,-0.19816133652615933,-0.29631714110111335,-0.3591363363690506,-0.3290533698809615,-0.37440661556362903,-0.41876467379292814,-0.9041058400168543,-0.06630535126852878,-0.5123589402264426,-0.8792281169431945,-0.23020930752439173,-0.5537839306546063,-0.6929031069251025,-0.36724156516495465,-0.5629571236705742,-0.5236534894734977,-0.44486465611469883,-0.23757234224397664,-0.967207701482845,-0.0898256332734861,-0.32427921143812094,-0.9540902962118483,-0.23722927415427572,-0.4115753325862969,-0.7218575040268015,-0.32055361759257056,-0.4601362859393031,-0.5089792586474742,-0.3494032874893315,-0.06119438733635632,-0.9159379848162101,-0.136808106892347,-0.1391367640453713,-0.8219629369070784,-0.2707525108758636,-0.2467709944865119,-0.5875203576508382,-0.3067030911391496,-0.31491907144445985,-0.408391699351041,-0.2998958228181789,0.1010224570024353,-0.7758699296424881,-0.19558110039756169,-0.011214604815804727,-0.6150404286644725,-0.29330852467457946,-0.12259269446811748,-0.4576018014858004,-0.3142712767063332,-0.20296218410989428,-0.35682446640872206,-0.3028229881684119
M,0.0,0.0,0.0,-0.2761076654380228,-0.0537152148276324,-0.14638265182271176,-0.4777263405214587,-0.1432310341353302,-0.2827766058993233,-0.5380225479166297,-0.2676076670316555,-0.42507266968588275,-0.47168500309989203,-0.4283638607935975,-0.5504414132488358,-0.478856251159361,-0.9303199067811337,-0.140428805715349,-0.5928012297240008,-1.0269422499193686,-0.33212229048808306,-0.631616116463418,-0.7517146866151726,-0.4796998267922199,-0.6302858923200354,-0.5343028084068313,-0.5668057739195634,-0.2978265129604836,-0.9395898410341326,-0.16873143987784983,-0.4104984998118782,-1.051260444582686,-0.35465366043475066,-0.49731199044938423,-0.7493977557256045,-0.46075125609869205,-0.5317150674132877,-0.5112178743598719,-0.5155508166895896,-0.11818251190589449,-0.8684905825932525,-0.22113231993044516,-0.1979060589233111,-0.9468315856920967,-0.38942874819454604,-0.3153263724141163,-0.6546481166533191,-0.4310082315056132,-0.388101705906676,-0.4163778424365543,-0.4357012293686787,0.05116996829938382,-0.7256474025660196,-0.28805074013857296,-0.06036473893168733,-0.7411151423006598,-0.39398250299394616,-0.1922071335515783,-0.5585396372225826,-0.40514175222743515,-0.2923209005609311,-0.39551809544802025,-0.39865621868634316
M,0.0,0.0,0.0,-0.2785523139258171,-0.05784548241915224,-0.147526419536051,-0.4794325377369067,-0.16308497338673109,-0.2842330173106443,-0.5448520616747098,-0.28762075943400284,-0.42881242515312334,-0.49686999480457916,-0.46301205363957865,-0.5577014641507143,-0.4788084351193443,-0.9355504026492678,-0.14427030381615574,-0.6133837424102816,-1.077526514341391,-0.34258876348561235,-0.6538096028285701,-0.7919158791854165,-0.4940471129439985,-0.6462459131319132,-0.5634196134301787,-0.5824303455245284,-0.29414315561466686,-0.9398405469016481,-0.1737226249072261,-0.41941753792516895,-1.0991600138578965,-0.36780374397052745,-0.5051397286495216,-0.7757279992810848,-0.4802856128105236,-0.5360935472226076,-0.5240683469673092,-0.5388726847908322,-0.11447693308783438,-0.8695076491391307,-0.22806261247302667,-0.20204486614578138,-0.9904159946227546,-0.40258296611280203,-0.3260614397236462,-0.6899540494467624,-0.45340015382161647,-0.40189664267781033,-0.43711291749746156,-0.46430514350831154,0.05200106821871784,-0.7299612223176575,-0.29640697823682555,-0.06391364563955204,-0.7867071666320076,-0.405305308216088,-0.20563133594406757,-0.6034523540541913,-0.4225576173349653,-0.3124868336294234,-0.42550852504225417,-0.42221656845252636
M,0.0,0.0,0.0,-0.20061557578896297,-0.04463178862109266,-0.09838751074571875,-0.37756615122745646,-0.14659656353999037,-0.18645546359035,-0.406882667136201,-0.2482048630873648,-0.27435402799685776,-0.36452875497380893,-0.38964401227053763,-0.345977522280521,-0.3996806759917484,-0.9069740299283005,-0.05599395905223983,-0.5054778816211023,-0.9263400002261826,-0.2124783696448269,-0.5408794169724196,-0.7302879850858703,-0.34140184216843833,-0.5339038500342009,-0.5505742885181881,-0.41232197057316355,-0.22825098227972954,-0.9700914962822257,-0.08260737212411016,-0.3188656466279759,-0.9783948436660592,-0.22900509343383826,-0.3972185603822213,-0.7376306319261152,-0.3109937879510258,-0.430006603364414,-0.5249945294787686,-0.33783353418748774,-0.05859713956040207,-0.9178495003589668,-0.13191528528047683,-0.13039540466408558,-0.8503439725095502,-0.2612505864941711,-0.23240958970312905,-0.6191791915408479,-0.2964532868985575,-0.29385923143553055,-0.4417889359530385,-0.2903831545853447,0.098957982654745,-0.7807822145422754,-0.1925759382901264,0.003972853339643994,-0.6546656796694912,-0.284805375474056,-0.10470796885340491,-0.5074361072317845,-0.30450655381580427,-0.18248101289575108,-0.40696785298013155,-0.29366216864350797
M,0.0,0.0,0.0,-0.2790094422463572,-0.0689954166868612,-0.13732210943999848,-0.4867556579771935,-0.20901829622157575,-0.26882918748587165,-0.5519611705254615,-0.3751921123100141,-0.41072844299949995,-0.47690740370386836,-0.5041493674838464,-0.5377906188705399,-0.4645733886236242,-0.9471672389540796,-0.13557854932648486,-0.584566916786746,-1.1228716072768976,-0.33860263699938536,-0.637619976453238,-0.8360341242031006,-0.4912027702498883,-0.6443685683025389,-0.602131628111718,-0.5809064244334134,-0.2825990808626036,-0.9432587531974258,-0.17435791926967176,-0.40087533853327595,-1.1448328720483092,-0.37906120281141165,-0.49822015934732433,-0.8155687436414935,-0.4834964600695293,-0.530997416360911,-0.5556013208395297,-0.5325367979379554,-0.10056866312994713,-0.8757822499831039,-0.2388538506120131,-0.1824154262908659,-1.0471852355143207,-0.42267732228803895,-0.3145527554580511,-0.7227793909101051,-0.45807546208105576,-0.389988477233955,-0.4602015184753648,-0.45508258036835914,0.07698389895247096,-0.747905843355864,-0.31765201969327356,-0.029786888162431628,-0.8381400930251369,-0.4325824181256007,-0.17485928344389312,-0.6280714842959543,-0.440165757132295,-0.2773741101251856,-0.4395040640174675,-0.43121637569823285
M,0.0,0.0,0.0,-0.20229658661102481,-0.03784648616322428,-0.10002020585400237,-0.38527989417273245,-0.12884301322854494,-0.19048238013078442,-0.42628203008967985,-0.22067628512281198,-0.28000036233909276,-0.3857454549675674,-0.3568471971597986,-0.35388697400363966,-0.4127279582068515,-0.9034092472873082,-0.06006786503416087,-0.5167720138958315,-0.9096402211646597,-0.21613892500972853,-0.5480684484236746,-0.7088940597257702,-0.3455615912864956,-0.5378039804065642,-0.5342962327378338,-0.4179367403932134,-0.2395122941017702,-0.9670318885789544,-0.08650541859055708,-0.32537664570491326,-0.9717840395039999,-0.23314679407431044,-0.39996648718424394,-0.7230422602486875,-0.31615620475578154,-0.43194931944330517,-0.5070181873843235,-0.3441563904040469,-0.06785853025883781,-0.916502324992756,-0.13521821489623198,-0.13720296758167366,-0.8405576032425409,-0.26449897939024236,-0.2405165986634653,-0.6109018259986244,-0.3014463102859772,-0.30557953939094357,-0.43602859685036294,-0.297268001681175,0.09098153919264991,-0.7800391494386898,-0.1951309186040368,-0.00173484626163868,-0.649607421707046,-0.2868321098703929,-0.10879743608795556,-0.4988999124780105,-0.3065577310572885,-0.1875205347345098,-0.39542024386928826,-0.29634765262498713
M,0.0,0.0,0.0,-0.2804554750494002,-0.06546754128583102,-0.1351020130331358,-0.4825759252751515,-0.1731979550567421,-0.26400347885840436,-0.5482589717070968,-0.30455187248864873,-0.40198634067250116,-0.4880900566663198,-0.4476117372471135,-0.5247740198621065,-0.4698932647948485,-0.9444506940740724,-0.13120010668739965,-0.592221534497123,-1.0439556903824903,-0.32162252361738236,-0.6321731447287078,-0.767374376913193,-0.46952547083322527,-0.6271237495763632,-0.556587697709973,-0.5582565186948693,-0.2886388263943892,-0.9430288471269977,-0.16548178565629265,-0.40274295705452884,-1.0656780612163668,-0.3567832231176398,-0.49230117332657597,-0.7506841729954039,-0.4648715945888762,-0.5238495439115433,-0.507091644591924,-0.5198706690164082,-0.11148434296017341,-0.865237455341428,-0.22344962610302815,-0.19526568201884062,-0.9576142841177377,-0.39125454965897133,-0.32217824537167644,-0.6699485182474982,-0.4371341950920156,-0.39726340389019466,-0.43035147960384035,-0.4447805185707767,0.05358943335102121,-0.7197043950840827,-0.29570413365890974,-0.052866212691180185,-0.756835810005247,-0.39997900763990285,-0.19714946485538273,-0.5941313727581107,-0.41775023772495845,-0.3057222967652568,-0.4381387641463945,-0.41766844926060687
M,0.0,0.0,0.0,-0.20194315248823494,-0.038781093458365785,-0.10117362005684387,-0.3785481579532059,-0.12508789037037352,-0.191174857393386,-0.41951223424254463,-0.21297418905390972,-0.2794044429538794,-0.3941155520448519,-0.35022388758828477,-0.3523478017345134,-0.40999576569214946,-0.9114067664339013,-0.060852571617365764,-0.5021647299817137,-0.88622017100597,-0.2146551199013492,-0.5353817825784394,-0.689990833590869,-0.3442086871670325,-0.5316552011294843,-0.529323510517321,-0.4180519946314444,-0.2326719862027155,-0.968741614310082,-0.08604319578199862,-0.31440723338874116,-0.9468062094003202,-0.23063442269766707,-0.39502865336903786,-0.7057888136125521,-0.31605934099492605,-0.43477913197315565,-0.49612494271252017,-0.34728530896915516,-0.05812590217676024,-0.9137244749598651,-0.13295382074664708,-0.1255288000546839,-0.8218023300394001,-0.26189999670844033,-0.23664325416016316,-0.6035303522229218,-0.30353201384444867,-0.30768931493886814,-0.4355063189477896,-0.3030876975077803,0.10265552893924704,-0.7733564157262165,-0.19073394770907562,0.004124478444363363,-0.6263209157437205,-0.2844347354486891,-0.108634885157917,-0.4839843446623298,-0.3089591961504913,-0.19099316462561536,-0.3864474441946873,-0.30194063322426334
M,0.0,0.0,0.0,-0.26765519380322006,-0.0403005616519065,-0.15020102061199317,-0.4649272739784083,-0.10707579297051725,-0.293592735442072,-0.5430562774539179,-0.19618421902892547,-0.4442957928225365,-0.5241063552791414,-0.36977891338676555,-0.5817223146123716,-0.4887974209314595,-0.9278708162691385,-0.15842035351204337,-0.622942219701948,-1.0616614919005856,-0.36591135836840377,-0.6674660609732614,-0.7784144136020898,-0.5301669940185076,-0.66838748745472,-0.5506886424220077,-0.6290155079895265,-0.29555752872349567,-0.9356765506797327,-0.19275668528727558,-0.42364094651860273,-1.0815072846167775,-0.40194054643333443,-0.5235601773243479,-0.741622721044663,-0.5296111202171148,-0.5650969273122154,-0.47472457380704547,-0.5982830774476283,-0.11059275263898047,-0.8634291376466369,-0.2512548420498465,-0.20490239039432975,-0.973879342077336,-0.43815418032181835,-0.3439258052768918,-0.6596113978533383,-0.5007266152995995,-0.42679100507800294,-0.3917166973758437,-0.5177278649406266,0.059671193673827026,-0.7215208552408017,-0.3233243427189352,-0.05725069941284717,-0.7661348486222176,-0.447225351135433,-0.19901219569069528,-0.579139723733262,-0.47364781733667205,-0.3037252842144008,-0.39974704153083795,-0.47690835075749033
M,0.0,0.0,0.0,-0.21046399584404635,-0.03444983997177904,-0.09762589389615388,-0.39564852087413155,-0.13788427738540796,-0.1820668497808368,-0.42203251971396427,-0.25162988508666423,-0.26477165870499714,-0.35523475804495513,-0.3724186005422792,-0.33287594274606197,-0.41622666111081297,-0.918629809505051,-0.05610439386231172,-0.5129927327710314,-0.8673654641041901,-0.19474865358071225,-0.5486971176786769,-0.6537400630656064,-0.3119270541531541,-0.551690129192019,-0.4899486220146491,-0.38043778913370885,-0.2421765376742842,-0.9670455151506274,-0.07857159936741459,-0.3338729025659062,-0.9037770544290096,-0.2028035046828231,-0.4146119074374966,-0.66857576257622,-0.27961273312091284,-0.4578732290354163,-0.47284981712523255,-0.31166887853423164,-0.07014833950825586,-0.9056383931433345,-0.12134421745965064,-0.15032198841880046,-0.7846665105237945,-0.23681595047537046,-0.25983193052280135,-0.5589657691623506,-0.27381837501346373,-0.3303802350513,-0.3871908821758093,-0.27528227100947533,0.08789333413007663,-0.7611273079315443,-0.1747221317677823,-0.025755825549781782,-0.5972863817189233,-0.25994012930431104,-0.13323159120248207,-0.4401567003925137,-0.2804078587767708,-0.2088082847917802,-0.33143239528473134,-0.27353734854015654
M,0.0,0.0,0.0,-0.20477996478276858,-0.029347559079438534,-0.09519261777485201,-0.387779021477197,-0.11946552217096812,-0.17582024175895586,-0.4183287497857162,-0.21862967380455842,-0.25421128385506364,-0.36657407536464487,-0.34868831549565615,-0.31858249949071776,-0.4182494845627315,-0.9137690108999148,-0.05417909682358723,-0.5143185750688831,-0.8206571967387366,-0.18872335493515413,-0.5443060119544438,-0.6261815910268581,-0.305696744319099,-0.5467230616283939,-0.48442407395913667,-0.3754640209535042,-0.2435425774964027,-0.9668769501339713,-0.07639356154833164,-0.3405614116728107,-0.8664114578047218,-0.1949620586173562,-0.4081965917136251,-0.6500018098293874,-0.2724595232290103,-0.44461350544570843,-0.4747480806498808,-0.3077968230389576,-0.07104946056853366,-0.9084865414026347,-0.11802644323424344,-0.15078403920044856,-0.7659935725761152,-0.22701869556177914,-0.2513126079401216,-0.5629410140521902,-0.2647471729248612,-0.3190296913807827,-0.41116693902577756,-0.26953216620799253,0.08706439329109963,-0.7668762825706551,-0.17073505093030333,-0.019516992589505823,-0.5908742704994315,-0.2541653855735244,-0.12715029153519813,-0.4504571871117763,-0.2776335276821304,-0.20691676812371507,-0.35534719381202734,-0.27379000378727963
M,0.0,0.0,0.0,-0.25255329348618993,-0.040923557351276646,-0.14425996733251575,-0.4449417429224434,-0.11176491103282749,-0.27668310587201334,-0.5109693693236232,-0.21016236987260517,-0.4112880971124322,-0.48434305877984724,-0.3627545817029811,-0.532574149976934,-0.46957378217015205,-0.9154902994050501,-0.15237213618839762,-0.5922974183112122,-1.0013570569480723,-0.34252708659191466,-0.6352414636968213,-0.741011480579697,-0.493318407699284,-0.6353118890525531,-0.5218811870325091,-0.5827177422101049,-0.28539335653906217,-0.9416136084117203,-0.17864614324755856,-0.41847851591228696,-1.0332769638932089,-0.36425044941149354,-0.5192484610516329,-0.7360385251683925,-0.4767706659588727,-0.5587124914593964,-0.4882430556236259,-0.5348462994215979,-0.1028043126233482,-0.8712757703209667,-0.22707229816169788,-0.19396428102746227,-0.9277403273862617,-0.39909490419248406,-0.3273923142128992,-0.6546467335230609,-0.4601628441932705,-0.4076074369584503,-0.41791999657650214,-0.4753181429969058,0.06738806949566173,-0.7267542014467084,-0.2877638544752593,-0.052923626725009706,-0.7018704044036012,-0.40844846452073835,-0.18849089434750926,-0.5496912347143234,-0.4396810495520205,-0.2897002268796413,-0.4063005839613045,-0.44270766917398746
M,0.0,0.0,0.0,-0.19508994447427097,-0.020390276535184496,-0.11351970184528483,-0.3817191531992923,-0.09152847766596749,-0.21272883349201102,-0.4571188340080262,-0.16197848313062954,-0.30933721484237053,-0.42365090740639966,-0.29065960706171867,-0.3917567297761224,-0.4264871701891249,-0.8974372942199406,-0.07415307717421421,-0.5365555772632655,-0.9438848332800125,-0.2351111189212152,-0.598072179457338,-0.7485390377026123,-0.367650460739938,-0.615206731381102,-0.5590257712506257,-0.4410691634958937,-0.25091662941159265,-0.9634226592867953,-0.09411495448378529,-0.35150514762628465,-0.9945320148934121,-0.23707034125645018,-0.44575613353113896,-0.7644802619484883,-0.32171810222438446,-0.4918768376221079,-0.54734860322956,-0.3534969413255565,-0.07406953849261667,-0.9136153031221869,-0.13767640678624019,-0.15240867278579115,-0.8653529732817619,-0.2656268703382834,-0.2696411684022351,-0.6504071280909267,-0.3111841802516291,-0.34430266853577757,-0.4698714526881667,-0.3146142726717531,0.09374095845405449,-0.7741964201549354,-0.1929412917843078,-0.016488869280821692,-0.65614754566612,-0.2877751892092446,-0.13581442273842378,-0.5101441683725663,-0.31513544368771945,-0.22434135214064146,-0.4025657361832601,-0.31113838213120487
M,0.0,0.0,0.0,-0.26348492350021757,-0.0277301225451566,-0.1434709991758282,-0.4665842406950095,-0.09183938712406528,-0.2842962407910639,-0.5351710576679553,-0.1702588427130436,-0.4308112029122165,-0.4977236310550598,-0.3151758319419396,-0.5650061982408069,-0.4743691217735668,-0.912594325052062,-0.16727474054155056,-0.5977272574931851,-1.0142331301557175,-0.3744708118874504,-0.6574735005012753,-0.7389793943332682,-0.5360267185547694,-0.6591360058193628,-0.5092911102459494,-0.6302978763595398,-0.2975879161209535,-0.9334379971985752,-0.20033705988833134,-0.4330401049099082,-1.0703273803761981,-0.3944749931928989,-0.5386448913972247,-0.7570326669728052,-0.5085620262157033,-0.5656492501994599,-0.5077861350426046,-0.5689255635701054,-0.11772455875905995,-0.8655672992676483,-0.25591608884705275,-0.20783553510886985,-0.9559700278197621,-0.4241539816027341,-0.3446327578112011,-0.6791608160684085,-0.47949286420668946,-0.41665429389308917,-0.43985006747222666,-0.4953668028162293,0.05709823679360661,-0.7244038400941976,-0.3255925728349971,-0.06326280812052537,-0.7250458824751173,-0.4340273422892444,-0.2047002035904461,-0.5716052548693598,-0.4587355590172173,-0.30288299087066606,-0.42481906902386607,-0.4627102809110714
M,0.0,0.0,0.0,-0.2922124972173463,-0.03776113659989989,-0.13719166858970755,-0.5177798132755792,-0.11283122153543203,-0.27038095845701376,-0.6141800540771666,-0.21900556191230477,-0.41361329943056374,-0.5848451610707648,-0.4023234881366522,-0.5439106108798896,-0.5422898909976724,-0.9022150016412196,-0.13739664385512873,-0.6766514370708088,-1.036090194114566,-0.3375092776549269,-0.7316365921337978,-0.7738798188091185,-0.4939598184924135,-0.7335245283802557,-0.555589987180582,-0.5862125215432841,-0.3584649779905135,-0.917560596559114,-0.17200410226603166,-0.4987301600602202,-1.0799249894984007,-0.372557217678367,-0.5970817104561168,-0.7702774526279736,-0.4982257290820874,-0.6301849729797903,-0.5217246367021962,-0.5651961508372036,-0.17432735167704333,-0.8624513744345808,-0.22983827786189573,-0.27318173542280555,-0.9817107703531336,-0.40669900591564173,-0.40968806067650376,-0.7085828955769163,-0.47620948638514377,-0.4954492159964022,-0.4601293600967158,-0.4996161912469969,0.005798460355844377,-0.7398413639640857,-0.30004199643594703,-0.12082095272449038,-0.7710130122045157,-0.4150448269889541,-0.2687054065608258,-0.6143937549013168,-0.44711844008717666,-0.3852452417717921,-0.45003517822118283,-0.45584051529178665
M,0.0,0.0,0.0,-0.1915550249044338,-0.022885854380770475,-0.10093450589851168,-0.38008234530363516,-0.09961397524602211,-0.19021700544945044,-0.4471389125823209,-0.17726120267717402,-0.27929804845608824,-0.41502075381490644,-0.307482763358235,-0.35441253069794043,-0.43704084713984465,-0.8860540409766126,-0.060934185445634226,-0.5408760538586733,-0.9032436542255796,-0.22151376316851834,-0.5873812318555705,-0.7116007290362346,-0.3516308397949898,-0.5933496233673428,-0.5362529024317608,-0.4230303999884932,-0.26332894951079044,-0.9609009444099852,-0.08559929545003314,-0.3596788857696239,-0.9856702862443397,-0.23168052829565078,-0.4404878750989215,-0.7557468500323454,-0.3135866632542968,-0.47735504538556034,-0.5414776096105043,-0.34124470229253034,-0.08761779332119607,-0.9220947972503062,-0.13321877823340308,-0.16407010654928747,-0.8543747530721691,-0.26378256045053583,-0.26651517719842366,-0.6265770660746116,-0.3057979035035717,-0.3320947170210413,-0.4452954027332086,-0.30506421357166086,0.08084354410414074,-0.7942927013698485,-0.19183482154334877,-0.022845246214713958,-0.6520444395832606,-0.28709056004824246,-0.13519215154115888,-0.49705555486491626,-0.3138177010189413,-0.21878368303154647,-0.38937606638863176,-0.30876460117548166
M,0.0,0.0,0.0,-0.2014414410178871,-0.024558428683755098,-0.09964812324057548,-0.3872961559258,-0.09888622730605627,-0.1876157510987648,-0.44797618391907895,-0.17334033488476733,-0.2750080360105041,-0.4226082981359457,-0.30140154556467263,-0.34808633646486103,-0.4374600216307873,-0.8989947061311674,-0.05729820386546741,-0.5389542903310243,-0.9003215779515844,-0.2082973360434088,-0.5794012808416614,-0.7015357639088714,-0.33291334752050283,-0.5801159434459209,-0.5309139593662378,-0.40156750727651347,-0.2600775490296588,-0.962117669874811,-0.08178788299858218,-0.34497085329996247,-0.9616180840521918,-0.21996124936192044,-0.42714550167250975,-0.7236631846264159,-0.30069191390700173,-0.46792760014006335,-0.5143138738256632,-0.3286279771741168,-0.08197451271000522,-0.9123790610638199,-0.12825441811597624,-0.1467609628984543,-0.8419556656398068,-0.25198364592457784,-0.25616724471710517,-0.620702677364594,-0.2936894257192371,-0.326256662184806,-0.4456983538125304,-0.2934681967120858,0.08590214369848787,-0.7772694088382515,-0.1853641778118079,-0.01310449144971261,-0.638697183650584,-0.27393503765913363,-0.12248352769824324,-0.4894292516342015,-0.29697760192144196,-0.20163404334306875,-0.3853467793281662,-0.28930423865282534
M,0.0,0.0,0.0,-0.2767729826146083,-0.04563212584358432,-0.13707837630463743,-0.4867791635441259,-0.1340505790063798,-0.26850077177862725,-0.5503491148983907,-0.23999908962604385,-0.4068861748509369,-0.5015416473685771,-0.37692363323900674,-0.5319213670663301,-0.49321728979908164,-0.9106304343807269,-0.13431449947051002,-0.6038044981034267,-1.000235319742792,-0.3323428779022453,-0.644254448903325,-0.7193650683601652,-0.4851508834047026,-0.6492340842103924,-0.4937849643832579,-0.5737021652506471,-0.32287855469461213,-0.9314500341844214,-0.16778043013462157,-0.44047809324805604,-1.044845912995681,-0.3617687841597389,-0.5229623369721605,-0.7321008745419663,-0.4761595017974177,-0.555848030339292,-0.4900882941208523,-0.5332224800298704,-0.1472018349007771,-0.872189365380628,-0.22470752302386726,-0.22010769025881266,-0.9551420622629421,-0.39747646290901145,-0.3383263705102892,-0.6621647484700275,-0.44982754364994904,-0.4170980685438334,-0.41918863198204154,-0.45920220802367007,0.02959410257796302,-0.742882338701338,-0.29505213730512886,-0.07342027044130583,-0.7479090881822839,-0.4030203480607138,-0.192402507575964,-0.5672083074880776,-0.4210862652316261,-0.2827708217935644,-0.40386807564689475,-0.4182092919753524
M,0.0,0.0,0.0,-0.2738032034161754,-0.03623013043978924,-0.14301331649031476,-0.48838677839913525,-0.09018662070343177,-0.27907357814484435,-0.5922680373866702,-0.15181462234412518,-0.4234250117166861,-0.5965041777004341,-0.2714061868072538,-0.5555173843037488,-0.5193657725291895,-0.8971568320966216,-0.14136202834454883,-0.643332208481628,-0.9850832315828328,-0.3456426035233315,-0.6873831637590324,-0.7077150886380233,-0.5073370471916225,-0.6872316564101106,-0.4836700474828289,-0.6027239253527346,-0.34281828526098646,-0.9228297136557475,-0.17567282910219173,-0.46516756738945614,-1.0155705366163008,-0.3758332819456438,-0.5558198086336971,-0.7001726295172943,-0.5032220869465449,-0.5844912193684606,-0.4598297079634728,-0.5714104277742942,-0.1635086925507274,-0.8585042617534153,-0.23422178909083477,-0.24273154976608216,-0.9241434656251037,-0.4117896602867104,-0.377863974092254,-0.6354853150882357,-0.4792836354493201,-0.45510497580727444,-0.3866538523225898,-0.4995933633402237,0.010690947018212653,-0.7189635414035463,-0.30675799722325864,-0.09546279315089327,-0.7157950504063328,-0.42282688677169855,-0.22965029685627666,-0.545466720422535,-0.45483607280090577,-0.322790923706915,-0.380386687598833,-0.4617402394618671
M,0.0,0.0,0.0,-0.29244286190637253,-0.03981426661752273,-0.1354700296924916,-0.518644916399502,-0.08946273201416927,-0.27804592806567946,-0.6456122468669883,-0.12905305426815278,-0.43548895879281424,-0.6962204935698403,-0.20455188755482115,-0.5851457584894599,-0.543223086772455,-0.8929127633880032,-0.1536163745234393,-0.6701793582590257,-1.0513579624216336,-0.3790524563509078,-0.7222547170175826,-0.7569818524139673,-0.5527691403680376,-0.7336667558988278,-0.5094645798670082,-0.6538620496620108,-0.35378896436640755,-0.9129817725299154,-0.20321823668332153,-0.49472752013625115,-1.1061650277035848,-0.4300195669844683,-0.5983888777478532,-0.7538228545154497,-0.5676969329602719,-0.6351659334941905,-0.4818740813299297,-0.6396807037222585,-0.16461569567270484,-0.8591427827898565,-0.27771491894315187,-0.2567342419537356,-1.0088972816710278,-0.4746891754950029,-0.40243078602521914,-0.6918726552229045,-0.548506801767305,-0.48838325925954174,-0.4126622786937329,-0.5712167301111583,0.024330587437706865,-0.7337454129005895,-0.36502641997438784,-0.08425367552843771,-0.7830322496212986,-0.4875045990544273,-0.22864332453022995,-0.5927331766703962,-0.518149519001741,-0.3322643168614903,-0.404049544356728,-0.5262969467167254
M,0.0,0.0,0.0,-0.29371349458892704,-0.01889794524835164,-0.14080604843820735,-0.5277734102633225,-0.06634969119796963,-0.2880874177757383,-0.6643281300345745,-0.08443655366332856,-0.44999331336166126,-0.7321193365423175,-0.14641830883904158,-0.6052149190464945,-0.5618829862303996,-0.8763600582662509,-0.1700339996663473,-0.7072393721740159,-1.0483874551921515,-0.4124866547017778,-0.7572342596818462,-0.7431649511483985,-0.59781187438288,-0.7603277180723652,-0.4886097392552996,-0.7040637189549259,-0.3658618604945373,-0.9037576406086846,-0.222187367050648,-0.5163897499658682,-1.108143553836072,-0.46255336273925596,-0.6216644666607108,-0.7416940837169329,-0.6074675171392606,-0.6551073098925376,-0.46598818668502684,-0.6822528946734225,-0.17000663805519622,-0.8526754484190382,-0.3003301770987361,-0.272256668238847,-1.0103645465948239,-0.5062557296369163,-0.4201787415732798,-0.6856359270131641,-0.5856421585946004,-0.5009284135162249,-0.40411419775320795,-0.6104055652622692,0.026013353299151387,-0.7288058081379515,-0.39158989377514625,-0.09274986859362523,-0.7773881070646326,-0.5197575283682253,-0.23586514205731152,-0.5892159088264968,-0.5540637068315646,-0.3310383331616615,-0.4068842156143553,-0.5634814839640868
M,0.0,0.0,0.0,-0.27170363667844644,-0.06570250804570386,-0.1473399597913533,-0.48910375648626403,-0.147881769574019,-0.2839731789377097,-0.6001836935865835,-0.25476933603714347,-0.4282036084305503,-0.5769002309500978,-0.4048784249565949,-0.5593623453399936,-0.47834381460244463,-0.9187292894101872,-0.12843818266875542,-0.5966636139264828,-0.9768686187592626,-0.3260705825977343,-0.6464872132577002,-0.711414798201211,-0.48344370663982705,-0.6583084875977446,-0.5018579467319172,-0.5767490741731577,-0.30737563101636,-0.9385802635967858,-0.1568034127303439,-0.430588151476574,-1.0207816441175792,-0.3526361245352553,-0.5230138150804863,-0.7125107626799446,-0.47327563739616335,-0.5642026653251889,-0.47343112317591707,-0.5347111706028994,-0.13380322045301454,-0.8755698265270419,-0.21014023483399374,-0.21972299320075586,-0.9208192182137694,-0.38652498049525913,-0.3480855734753491,-0.6317683509030129,-0.442356319373478,-0.43445442496751907,-0.3880848011074532,-0.4520387819365633,0.03313425073233004,-0.7385957537065966,-0.2778212867568718,-0.07754034003154618,-0.7377875889185649,-0.38769321088227515,-0.20227704866487162,-0.565554578145456,-0.40786108703396484,-0.3014138673751525,-0.3991929591300007,-0.405161527199123
M,0.0,0.0,0.0,-0.2577011942414485,-0.1047556617534578,-0.14937787088119614,-0.4582124560359542,-0.21006997454635634,-0.28414369208064494,-0.5522231277604353,-0.3323438946637267,-0.4248879145547714,-0.5041831038416009,-0.4673342457550222,-0.5528242898841286,-0.4158770655426674,-0.9509330595546441,-0.12322764133635931,-0.5178553339912007,-0.9718758043289638,-0.3188453366243098,-0.564691055755319,-0.7019795787393449,-0.4719758644392996,-0.5803908443020973,-0.4866510264048693,-0.5602752936164502,-0.24420104158990835,-0.9586066104422775,-0.1464213703759519,-0.3474541495474601,-1.0146826054541556,-0.34404396528787723,-0.43648815256933027,-0.7144640896216113,-0.46259358519759286,-0.48184787719052513,-0.4684211458737018,-0.5184780058021514,-0.07423581885214565,-0.8824855095600638,-0.19492700692439974,-0.1630652995962941,-0.8824469363220211,-0.37890293697144056,-0.28601491229158993,-0.6007249490431266,-0.434318109929405,-0.3682754066468229,-0.3609034720441963,-0.4379096569136091,0.0836337496958931,-0.7405602670647751,-0.25727620008394064,-0.0244470213095253,-0.7202993433267615,-0.3725950108929542,-0.14599622118192535,-0.5575912968043021,-0.3940672064050188,-0.24270569774503836,-0.40046759769093926,-0.3886125780316451
M,0.0,0.0,0.0,-0.2061972309681774,-0.03863130230775918,-0.12685317533008103,-0.3943278481250339,-0.11927977527688971,-0.22599023782046243,-0.4921798232679795,-0.20582079835196646,-0.31959017936204587,-0.5124946536660988,-0.35733264803554726,-0.39390948342576154,-0.42874713020089955,-0.8987092017687707,-0.08338432943391319,-0.5277499208605195,-0.8599151246310023,-0.24848607373637963,-0.5574998689713477,-0.6237845390755712,-0.3768146454755568,-0.5604446251301061,-0.4262388029798329,-0.44490999570185547,-0.250251871644057,-0.9634535865647659,-0.09555724605771948,-0.3447865818220879,-0.9074601842122729,-0.25000571157637674,-0.41277178057419095,-0.6448143889252628,-0.33341762270738534,-0.45174230258990083,-0.4261834899155141,-0.360128484999996,-0.07423646104175537,-0.9111575524544173,-0.13197555113828363,-0.149267556906837,-0.7755268809562335,-0.27109318447533864,-0.24590061944248218,-0.5146089544129676,-0.30444151955531973,-0.31233388803071094,-0.3186567914974901,-0.29399674855701563,0.09068254130050443,-0.7676135686721407,-0.18147687526992734,0.007432202541585039,-0.6086769843435305,-0.2802120873987236,-0.09458736517747399,-0.4423062988555668,-0.30019013464836175,-0.17505686177830518,-0.32257591829498145,-0.28648046889192075
M,0.0,0.0,0.0,-0.2786296078875311,-0.10113844106478224,-0.13906300912365407,-0.482045655832326,-0.21411422140252537,-0.27056915409662974,-0.5786757766429901,-0.3311661574323073,-0.41083179148927823,-0.5419607851107283,-0.46049088510867536,-0.5397359837147753,-0.44096286754683073,-0.9417648793941157,-0.12810808193835402,-0.5542097096809077,-0.9902398857426123,-0.3246925902381595,-0.5966624194438312,-0.7025403017373236,-0.47430089283522314,-0.6056794252644617,-0.4713750025749421,-0.5581197819732727,-0.2703767138243107,-0.9502530346390597,-0.15464670310363776,-0.3948838234196567,-1.016118250419825,-0.35074974488952615,-0.4777746668634974,-0.6937231217962008,-0.464161008043594,-0.5136937644600728,-0.4328399029250696,-0.5174932079824606,-0.09958367151599956,-0.8876817189440224,-0.2052014481324174,-0.20885153105483661,-0.8940581250101609,-0.3846994433701505,-0.3263984653784627,-0.5952294206930423,-0.43567282118108247,-0.4011065547387273,-0.34037349101020176,-0.43808844938628116,0.0607088313397248,-0.7661243851592741,-0.26885687402064234,-0.06063723011050454,-0.7464060398401654,-0.3752960892501858,-0.1772300902318505,-0.573685365799615,-0.39074606367262277,-0.26619948836993723,-0.40776559082700903,-0.3833005708854992
M,0.0,0.0,0.0,-0.28808452988368677,-0.09646592699305659,-0.11956099336251584,-0.49348793878995245,-0.21533717475354727,-0.23900311529639687,-0.5880719598886905,-0.33979376083628166,-0.37103104740843734,-0.5607926142103498,-0.4463739731177645,-0.49193023126914853,-0.47309579953510594,-0.9419447523958799,-0.10047236934055807,-0.5846929427963934,-0.9988716014657275,-0.28799532141503226,-0.6233060388844229,-0.7068181184408211,-0.43218850382660573,-0.6290770932321349,-0.47977242056529773,-0.5126020890480306,-0.3059375190554823,-0.9423419199120379,-0.13562426188064938,-0.4254902617315487,-1.0122086351321495,-0.3229810779170173,-0.504167290759467,-0.6811291750218867,-0.42636124594487046,-0.5308862714282503,-0.4223348214933629,-0.47191202956125167,-0.1345749544017006,-0.8742629534274298,-0.19411901014385932,-0.231245527834547,-0.9119572439157743,-0.3662698935463204,-0.3487600959019934,-0.6010144243311163,-0.4058395632665294,-0.4166466650384315,-0.34398121797548725,-0.39990982750465154,0.02927928827372303,-0.7494140252282664,-0.2646559146154379,-0.08527768094442753,-0.7538209761910434,-0.36600458935737284,-0.2073954328969645,-0.5702424790745492,-0.37223916046751687,-0.2942367908099915,-0.39675772836558326,-0.35737105221271587
M,0.0,0.0,0.0,-0.28283426241513265,-0.1088558914339896,-0.1168025178165702,-0.4874356533457228,-0.23178663050760992,-0.23954290294051384,-0.5820223838799652,-0.355805549694604,-0.37527444819602984,-0.512215312862205,-0.444097590726642,-0.49887720345467057,-0.4264234874904419,-0.9622404276494473,-0.10261004633597491,-0.5452634346967257,-1.0194909576987734,-0.29512042232337593,-0.5973636937259176,-0.7276655376069519,-0.438044580207498,-0.6069322319878894,-0.4867840639704818,-0.5155429592043246,-0.25432981292046225,-0.9569342406002376,-0.13997573156332993,-0.36840889132848204,-1.0337261170100902,-0.3315986321557552,-0.46316291484914546,-0.7009674386580884,-0.42833454103854174,-0.49721104537761246,-0.43072785587521856,-0.46600186915983427,-0.07570718695384637,-0.8763291442255566,-0.20074006074552808,-0.17063858758221426,-0.9168106855656791,-0.3780832638243009,-0.30310438046380095,-0.6014030307179871,-0.40894891678168127,-0.372442022707454,-0.3412877764201368,-0.3934608054008904,0.09496837573974069,-0.7344521512307419,-0.27323755592918303,-0.017019411054410342,-0.743694765521487,-0.37763830197266685,-0.15159899089734438,-0.5602249093076664,-0.37823685274846486,-0.23914260913309868,-0.3875475192557001,-0.3561003965607134
M,0.0,0.0,0.0,-0.2075039559432977,-0.03220148889975428,-0.1258745034581539,-0.39367513214377103,-0.11009479579880402,-0.22177322408459488,-0.4856768032662782,-0.20201930802450585,-0.3108297108313115,-0.49284086677725286,-0.3431508244260749,-0.3817134630003657,-0.4479326062877597,-0.8905732072489165,-0.09042521069748999,-0.5394380922273453,-0.7932717639801611,-0.24674482249375673,-0.5599810755396686,-0.5573118360798869,-0.3676056717390132,-0.5543946950160128,-0.37129052130109663,-0.43162107250572385,-0.26387476898031514,-0.9593169459558318,-0.10040469858308891,-0.3583469253746284,-0.8399005660084841,-0.24653271510561212,-0.4167238697285854,-0.5724198281891841,-0.3274030216928934,-0.44425559014775623,-0.3614675316482302,-0.3536897591203764,-0.0820051376142848,-0.9086611116038124,-0.13166652963065906,-0.16578111010772636,-0.7244530308999482,-0.2659009510309509,-0.25381635556475385,-0.46286247084486104,-0.29768398660669393,-0.3086060478418224,-0.2750356888107901,-0.2863000571924655,0.08592368911276976,-0.7690125484548704,-0.1753552561952943,-0.010038041429606131,-0.5760937885312943,-0.27041735665476524,-0.10532367668809343,-0.4103045296291859,-0.2863729507047115,-0.17487618323743062,-0.29588170541419717,-0.2688330209407828
M,0.0,0.0,0.0,-0.2059059815030746,-0.030705143751329638,-0.10960208569385207,-0.381805130803511,-0.10667502014636691,-0.19748609567338934,-0.44976831168434633,-0.1987500749739456,-0.28167915795591203,-0.44118405772279795,-0.31629550748655494,-0.3498092991217326,-0.4462934311604937,-0.8937654276372291,-0.07160783709365966,-0.5384261665972299,-0.78848477352093,-0.2166314027123374,-0.548343845771345,-0.5600382131001391,-0.33456679062582423,-0.5387765136015472,-0.3870356335204374,-0.39875349036285906,-0.26683300581509706,-0.9597639568131091,-0.08748310814165702,-0.3578973960561337,-0.8359495198334813,-0.2192113246976917,-0.4131440088998013,-0.5865365595544592,-0.2981068775773781,-0.44353780275430915,-0.38362946815705934,-0.3269730130376128,-0.08875315331062196,-0.9084588104643267,-0.1230398572714706,-0.1715624452401937,-0.7217637320190382,-0.2451886647801652,-0.25989327617768,-0.4696022907136619,-0.2794368242749148,-0.3172181464478175,-0.2842174398446486,-0.2732141523841653,0.07422390943436594,-0.7697539988380656,-0.17004470260750168,-0.024294320221361004,-0.567984594759983,-0.2570772339425087,-0.12199599307962372,-0.4037344206567865,-0.2737292026061531,-0.19451957847012988,-0.2878947040710668,-0.25925646378316136
