O,0.0,0.0,0.0,-0.31387899815404524,-0.19642229024415786,0.0012376402419325015,-0.5574227573707705,-0.4609695040320156,-0.02352081950275202,-0.7337077170052322,-0.6607881124688302,-0.09024951401642163,-0.7867754719808203,-0.9099059612561589,-0.14983026886290124,-0.31937605315590245,-0.9255872334159833,0.16111263600367962,-0.47765449130814885,-1.2466664920503912,0.029334778228254414,-0.6352635114164791,-1.1931262309231896,-0.09540455432824531,-0.7319625956584382,-1.0450814438767688,-0.1637427068290684,-0.21987231328471699,-0.9721389761394823,0.08125255024493805,-0.40581707828028096,-1.3808595779447064,-0.06879453697466771,-0.6079389997251242,-1.2811013562294413,-0.19362462716981377,-0.7163012000651486,-1.068440838012921,-0.24852777194073314,-0.10763212272259025,-0.975279267677189,-0.025037997568880473,-0.2767400970271391,-1.3831085136100907,-0.15172495364881472,-0.5107788409319938,-1.289211407325182,-0.22870460436841636,-0.6434273219305158,-1.0990940051808011,-0.24832545321038338,0.004585616588217447,-0.9296276347542788,-0.1360611249784039,-0.1590496077388379,-1.2748164476835904,-0.21489689170585033,-0.36175289300797453,-1.27523385558082,-0.25139566182826156,-0.5044710691852583,-1.1688321232229477,-0.2605784295925301
O,0.0,0.0,0.0,-0.3177358319471797,-0.19878624163540692,0.003654366773167671,-0.5616689391147096,-0.46361747864380637,-0.020332264068585133,-0.7352518594249675,-0.6627985015499804,-0.08737632315306973,-0.7852576583123132,-0.9114550094084587,-0.14847474234154875,-0.3282541531342717,-0.9202279493708629,0.16356174327124487,-0.48407150524358905,-1.2364838139461376,0.033834525366703304,-0.6434956291866382,-1.185411838467048,-0.0905049030714364,-0.7416073035629733,-1.0458595363657996,-0.16010667398402798,-0.22786976346724738,-0.9702264527167654,0.08207314631487352,-0.41361209077288,-1.3724064300482766,-0.06672866286486138,-0.6129173433917968,-1.2703973952297427,-0.19315983092655367,-0.7174514575824886,-1.0633304057940802,-0.2506428148258373,-0.11535710129861276,-0.9764753408480598,-0.025436161604196067,-0.2845148133301467,-1.3811549145337305,-0.15196221665956977,-0.5149328785972445,-1.2837725887934976,-0.23094038312585316,-0.64360197968514,-1.0914665347793633,-0.25304001671453114,-0.0015248709157169036,-0.933799506028953,-0.13731890899954866,-0.16439464825612013,-1.2779969860690625,-0.21638549537304055,-0.3648831143921852,-1.2744560796165285,-0.25371873326547717,-0.5049526806571613,-1.164600638598867,-0.26450313620703336
O,0.0,0.0,0.0,-0.31307870930251974,-0.20026655995474382,-0.0054293403946750465,-0.5559140617593489,-0.46373798054124543,-0.033918287192266736,-0.7356333879844571,-0.6634491217471347,-0.10313536858632688,-0.7737215444975254,-0.9179602890987218,-0.16537213673287754,-0.318725602414957,-0.9202335124959964,0.16237938964534687,-0.47274519783397756,-1.2223634838682802,0.032353579190621665,-0.6274440911652069,-1.1766230384116665,-0.09483051737031999,-0.7236967748510587,-1.0453076615295995,-0.16667372114545947,-0.21659110345326762,-0.9724328912057517,0.08638614475781847,-0.39293064750449497,-1.3734431903925017,-0.06250418729502341,-0.588686009176631,-1.2798632811554667,-0.19102123600591667,-0.6960252667368125,-1.0775778779604346,-0.24949971433961038,-0.102614326971063,-0.9778365084612072,-0.016302448586669877,-0.26417109336110417,-1.376779166612236,-0.14150811735702484,-0.48866815279471987,-1.2894543401300926,-0.22001685548997885,-0.615561573291464,-1.105261814740741,-0.24124764038434787,0.010269541892339026,-0.9303385273745056,-0.12448153250614521,-0.1432605474576709,-1.2746151241000756,-0.20155801968712816,-0.33985861343841384,-1.281664520865389,-0.23834898511731817,-0.47892957981636286,-1.1798705877286118,-0.2485005565563972
O,0.0,0.0,0.0,-0.31257412444665444,-0.1985273779341242,-0.008177336287086388,-0.5552743689217574,-0.46284144750527934,-0.03749922232291287,-0.7367193851772834,-0.6731985269835989,-0.10685261526477052,-0.7858741960304333,-0.9270572279840755,-0.16820541970118247,-0.3192784358653204,-0.924775218736244,0.1663644543195909,-0.4709262977092457,-1.2326074925725188,0.039469760353293665,-0.6239471699766356,-1.1843996275567732,-0.08601634786481645,-0.7233146282554889,-1.050402925648529,-0.15737602380226828,-0.21971808874807877,-0.9711891972080542,0.092279492322327,-0.3934564023799599,-1.3642158725556552,-0.05269044551984004,-0.586069336480464,-1.2758148975753618,-0.17969401778334662,-0.6945343113648224,-1.0795211032102332,-0.2388360653559915,-0.10672226085398283,-0.9732007958375122,-0.00901609450997088,-0.26431162794028945,-1.3660293938811354,-0.1324330604545231,-0.4879055004837691,-1.2817188627431835,-0.2090251513371165,-0.6194061435049577,-1.1028038847375936,-0.22993599021309305,0.008032355140354348,-0.9243034753060717,-0.11618811457871435,-0.1453091846473942,-1.2655991140333775,-0.19245882579861326,-0.34190441868981425,-1.2748324463557859,-0.22843578608171972,-0.4839826135595846,-1.176960588716778,-0.2382965412356419
O,0.0,0.0,0.0,-0.3127135896492344,-0.20184128304717855,-0.0010921530338141958,-0.554781446433095,-0.47371793852473765,-0.024833361919869623,-0.7312621422111268,-0.6861538980327928,-0.08916239530321227,-0.7809385875186062,-0.9335738819433764,-0.1453741160098222,-0.31627668746517384,-0.929628879237837,0.1700234724949477,-0.4635278103349513,-1.2426248035500287,0.04573712940225263,-0.6156654557995571,-1.1934539930381498,-0.07577099587615554,-0.715748898727152,-1.0567378044932634,-0.1433245740895601,-0.21764171334728719,-0.9713998528959876,0.09494424893015403,-0.3854859808172561,-1.3633245398919278,-0.04607121899914146,-0.5775844435456065,-1.2776785776544692,-0.1665795543247882,-0.6858041386579872,-1.0838169637656099,-0.22067853507959373,-0.10546256015636205,-0.9695531031797087,-0.006900595097494104,-0.25953581039229134,-1.361143395952569,-0.12658311669696942,-0.48284867993765596,-1.279323861927399,-0.19784465603384443,-0.6147079642393954,-1.1059428833369513,-0.21506883948841854,0.008509463633277954,-0.9197529279662287,-0.1140951780827236,-0.14460932763822498,-1.2587585161214478,-0.1875831228503071,-0.3417747524076546,-1.2688318893754247,-0.22029331960631604,-0.4835803442020616,-1.1757760827183112,-0.22725797897202743
O,0.0,0.0,0.0,-0.3090820643538166,-0.22703159279749463,0.00024297046132616237,-0.539413338778219,-0.5097885231656009,-0.027822033873117307,-0.7107390335214022,-0.7282433610823125,-0.0960470402289424,-0.7493459128935175,-0.9806155216902115,-0.15629180094177467,-0.28817159107931833,-0.9416327445210382,0.1611503256017355,-0.42641112835674894,-1.2495735178945588,0.032763535302622326,-0.5783918855863321,-1.2090452488180818,-0.09329468044973045,-0.6815518588327436,-1.0830987378898833,-0.16502986351869603,-0.18301508885828643,-0.9796118181672525,0.0828623132506159,-0.3294274822581392,-1.3849957354288198,-0.06145175811160685,-0.5261033134855533,-1.307697772354916,-0.18151623526879,-0.6436572916848496,-1.114357882992068,-0.23589868501001368,-0.06456659074053563,-0.9670826973817118,-0.021542450032921347,-0.19423541651012627,-1.3784534820493162,-0.139278560384289,-0.42289005783436057,-1.3096817109692385,-0.20543151134165585,-0.5622041068210663,-1.1402116338882202,-0.2209112963762826,0.05063963779326643,-0.8987781797530147,-0.13202672688874864,-0.07923849012591866,-1.2443051068085687,-0.2048067398925867,-0.2758414987093689,-1.2655399077643443,-0.236589618802449,-0.4210496493274357,-1.1812924686974573,-0.2436904812876557
O,0.0,0.0,0.0,-0.3009601049286161,-0.24030082782149728,0.0005038698312135829,-0.5249376483513131,-0.5263200463003737,-0.030119510388375417,-0.691040662493636,-0.7508285717029244,-0.10193847328874243,-0.7146299580446246,-1.0068668592048902,-0.16531494114267778,-0.2587049279321343,-0.9558049610704924,0.16443099679700482,-0.3884283574052746,-1.2774133069056421,0.03302146016481554,-0.5465741614208791,-1.231699127208073,-0.09485555742626992,-0.6547299570956314,-1.0983153710505476,-0.1680033381985315,-0.15241508875795975,-0.9847528032406783,0.08385438109323426,-0.2944555756754063,-1.3954174347056032,-0.062364060983458716,-0.4935590797612674,-1.3188338115112093,-0.1859036646440395,-0.6107435743124925,-1.1326925440691182,-0.24366240506225637,-0.035332158546914405,-0.9645397951087944,-0.023620587915359148,-0.16330623500183525,-1.375857927431855,-0.14587484465782818,-0.3931311974254832,-1.3075760109810186,-0.21647880466104671,-0.5310186753607723,-1.1413604037942515,-0.23508493058161678,0.07659254641875306,-0.8912981700893381,-0.13682985337732861,-0.052996733906153747,-1.236607301649494,-0.21423724558455737,-0.25109893190576094,-1.2588393647493343,-0.249882569202105,-0.39530305007797456,-1.1789339960914704,-0.26001233380794986
O,0.0,0.0,0.0,-0.2961945640550498,-0.19664844931587946,-0.00401361143657592,-0.5147531494960091,-0.4845597825338084,-0.03488815401474808,-0.6756790379358957,-0.6845241815450959,-0.1003125073326172,-0.7347344143888469,-0.9192720421092135,-0.16129313779273743,-0.24371189131179033,-0.9520947086968296,0.12638156143356144,-0.40132073934857637,-1.2448667311683497,-0.0005649229829608191,-0.567522579207127,-1.2631832829126814,-0.12961431371431692,-0.7040809670909397,-1.186866663985425,-0.20452484929878753,-0.14966571968920675,-0.9872242220538873,0.05466724558644596,-0.3312661707491651,-1.355596367653997,-0.08100636145672639,-0.5371941628015572,-1.3529729181880228,-0.2040732095532917,-0.6929010149332743,-1.248445938038607,-0.26694464996743095,-0.04093544955898703,-0.9710554720663951,-0.03978079604596459,-0.2007134177302371,-1.3517096803697255,-0.15338559378362293,-0.42436749204438956,-1.3445562243914493,-0.21963736043583346,-0.5897522926860823,-1.245825364074731,-0.23859822296064376,0.06681615830540895,-0.8973354315337816,-0.139595045158586,-0.06460955748842401,-1.2326136217966002,-0.21286404087717228,-0.23624193179222633,-1.313508535840359,-0.2423623047847641,-0.3802062249074853,-1.303487510183499,-0.24826266156852025
O,0.0,0.0,0.0,-0.2714962411314149,-0.1556874044964066,-0.04433293794082232,-0.47782827783710585,-0.404718236991942,-0.09617889059465422,-0.6446660720466898,-0.5820016021114249,-0.16737857047217336,-0.715824761347011,-0.81151186906507,-0.2293197031998767,-0.2624035259942317,-0.9159890142590504,0.044115656016059365,-0.4484493951165152,-1.1538340160310248,-0.10687298920808146,-0.581138156205219,-1.0478552009293296,-0.24461228481954675,-0.6422522724792582,-0.9001891831782619,-0.3159487508009868,-0.1778628065849518,-0.9840544274165168,0.0013061070687655034,-0.3488999794388857,-1.3427455576031335,-0.08058130907009839,-0.5201201689082693,-1.529823217430946,-0.15070482552545872,-0.6662467892244397,-1.6752960844856815,-0.19617808318094512,-0.06753303582944271,-0.9776424626830434,-0.07037427426167382,-0.21884538097411288,-1.3655489896391255,-0.13204011989393616,-0.35747460797803865,-1.5838754265714086,-0.15868356635070868,-0.47355172925079114,-1.7730397235213353,-0.1724858153751256,0.03932446862378455,-0.903781491612489,-0.15423838715047092,-0.047641292393855186,-1.234301019948364,-0.19254753513504388,-0.1340853464951997,-1.4482609719669066,-0.19253495929264963,-0.21442459128639732,-1.6504797554943418,-0.18654560717190832
O,0.0,0.0,0.0,-0.2718864479743623,-0.15711008714565672,-0.03527138789685828,-0.47933409977121866,-0.4072938525342417,-0.08252785719508718,-0.6470827400406032,-0.5823174912677123,-0.15147475225721238,-0.7239116239365816,-0.8079590542321163,-0.21149996399147028,-0.2708452210063741,-0.9166540831463829,0.05550887473607631,-0.4565369694158766,-1.1563306367465593,-0.09499033351945406,-0.5895520989448874,-1.0506667225563724,-0.23251191660249965,-0.6534819712073169,-0.9026107292417912,-0.30329936042593497,-0.1871182559660471,-0.9823058384141071,0.007873887336187768,-0.35393239598203374,-1.3418554048911153,-0.07269419147752473,-0.5243511048590879,-1.5316596957053048,-0.1414848157730563,-0.6718295574394171,-1.6815834540437882,-0.1857674925956003,-0.0785805135278686,-0.9737824320044669,-0.06877032750610564,-0.23021037870546496,-1.3622670078529313,-0.12865136789037832,-0.3701246347874268,-1.5835473162024234,-0.15439162045255023,-0.4878807902815486,-1.7759659838569184,-0.16788403214403505,0.027188416708286613,-0.8984458213698385,-0.15722189792853722,-0.06381022049602782,-1.2251523560081907,-0.19561873424529055,-0.15332703852501628,-1.439099598197591,-0.19611094350237174,-0.2361078137430277,-1.6425228070237987,-0.1903535575786007
O,0.0,0.0,0.0,-0.27497245967826317,-0.16021915683754928,-0.036807715150989774,-0.4839282343027242,-0.4112769112922101,-0.08569452756788118,-0.6494920981235683,-0.5883119163822293,-0.15625347333951078,-0.7235230351082346,-0.817715129559625,-0.2183404577997999,-0.2671032047857424,-0.9202382225909723,0.057628874367989635,-0.44995941730351385,-1.1566381378989603,-0.09767787706332164,-0.5858976157286842,-1.054945136251274,-0.24210833329104173,-0.65793296313967,-0.905318665218163,-0.31709853088574613,-0.18274653649139488,-0.9831014362717952,0.010736358820962966,-0.34388042185448786,-1.3441446329760762,-0.07457886348467424,-0.5166963273048324,-1.5280788503954643,-0.14922566301306897,-0.6711038924079142,-1.6701257749980893,-0.19623772763045907,-0.07309488256510487,-0.9747019853802369,-0.06559381330189128,-0.2280922419246129,-1.3647771498235213,-0.12825856050139017,-0.3735660663270865,-1.5808001733976242,-0.15742778988191133,-0.4988856832193685,-1.7666525788199947,-0.17206788521832725,0.03319242117012948,-0.902255924099643,-0.15386830538047186,-0.0642724363739014,-1.2276188056049115,-0.19497635812224423,-0.1579494724028114,-1.440367447603346,-0.1982641040835054,-0.24522588407989976,-1.6443727586691868,-0.19370317130780193
O,0.0,0.0,0.0,-0.282349870118028,-0.16565972103524437,-0.01448813781178683,-0.4891885709785737,-0.40915372789740156,-0.05484399288765297,-0.6532787727218586,-0.5800141442136302,-0.12361239872112746,-0.7279109351700668,-0.8092270456344934,-0.18520943980457405,-0.27112457693500186,-0.9165434022583252,0.09296180490281064,-0.448762523380196,-1.1524188750706679,-0.055023206196334225,-0.5867531014108441,-1.0518663675359685,-0.1941626590476857,-0.6638532664406037,-0.8995163981138707,-0.26359207168375415,-0.18250450132970006,-0.9825514742289889,0.035842816363089766,-0.3312436263080805,-1.3403590245390407,-0.03904456220167431,-0.5070989522644711,-1.5145158113972683,-0.10463830471230699,-0.6672735263988688,-1.639133458012763,-0.14369458570101004,-0.07366669906776675,-0.9794769455481718,-0.051072758440927485,-0.2178726495003511,-1.3657292778155776,-0.10351497495816692,-0.3674548685584439,-1.5693883720088104,-0.12076599425398502,-0.49669395142810224,-1.7331390179440165,-0.12616167998029826,0.028214864482381672,-0.9143179531121474,-0.14942628821641754,-0.06585444529420499,-1.2372999414910384,-0.18382491144792676,-0.1600829871732931,-1.4457943331930476,-0.18015144536962632,-0.24787003946431527,-1.6394767191024635,-0.1688480206231786
O,0.0,0.0,0.0,-0.27255956240514595,-0.14909517952174328,-0.04468871217665985,-0.48534179439348896,-0.38864947507970554,-0.09798731360784388,-0.6520971217338215,-0.5585357732030342,-0.17089154402448714,-0.7187862922653696,-0.7883695774903248,-0.23562703922032444,-0.25867201931248346,-0.9121390933773256,0.04773900303071249,-0.43606135861477696,-1.1427966346835632,-0.10575677679935716,-0.5778989933168676,-1.041164335071454,-0.24790103542115305,-0.6600204369020451,-0.8880077591998798,-0.32054184913645606,-0.1658760859800108,-0.9861178340760877,0.007532689893895121,-0.31186358588062096,-1.3355374793007684,-0.07798010578194978,-0.48767053491587087,-1.4929380241780659,-0.14843282988730966,-0.6478294859023344,-1.59696687164669,-0.18961147492632593,-0.050887056367370925,-0.9848633044786536,-0.061681135020443256,-0.18496338095854994,-1.3624692939442935,-0.12336217160437378,-0.33082897792328125,-1.5601980160072038,-0.14322489557208906,-0.4608521707704517,-1.7178080874252915,-0.148530138577169,0.05990655879875158,-0.913294353788917,-0.1435788648828189,-0.011745131865183205,-1.2377624027082892,-0.18163239714779564,-0.09616188188555251,-1.4446268012639685,-0.17862499630923923,-0.1816173425922238,-1.6334259923997907,-0.16732292479681057
O,0.0,0.0,0.0,-0.2790235463098265,-0.13704341374855372,-0.06985916654187434,-0.5118725634842992,-0.36263316942366614,-0.13938895467954143,-0.6845851962906562,-0.53301522240135,-0.22317020426384998,-0.7186203878292017,-0.7725894138511231,-0.297559096581476,-0.2807190005574694,-0.9018997574414944,0.006862078679285051,-0.4595168980449824,-1.1554777120789093,-0.15852108424525369,-0.5976983328331221,-1.0508615830612464,-0.3062774581605762,-0.6745323581734387,-0.8889292454062396,-0.3831448759124293,-0.17612191191200086,-0.9841128314470612,-0.02242782035128643,-0.32464006815554974,-1.3448135466134112,-0.12411366060633151,-0.4968196662207318,-1.502676124312239,-0.2061835849794911,-0.6548908268913353,-1.6049604296578193,-0.2557194574090854,-0.04764570884820688,-0.984884397082106,-0.08048782641755606,-0.17960390801697937,-1.3693145827365718,-0.1569090751463538,-0.3226055230583783,-1.5645101635740304,-0.18883497138281982,-0.45489420185307394,-1.717570835949695,-0.201640135964818,0.07664008144867021,-0.9105128946521497,-0.15150522137310682,0.010111681478521109,-1.243843122629492,-0.2020846664633817,-0.0748078044259636,-1.451628503738584,-0.2088179257208449,-0.16509093447347112,-1.6377899542113452,-0.2039979368281103
O,0.0,0.0,0.0,-0.28371517324363116,-0.13626725863801237,-0.0762272111017912,-0.5200610920678789,-0.36024730372343156,-0.14844390182337677,-0.691162850243747,-0.5290396218034285,-0.2339659986849592,-0.7079320233928366,-0.7651995045156285,-0.31044292352034175,-0.2910458728678563,-0.8999860986880807,0.0007924506327080887,-0.47448681927467734,-1.1619291378882404,-0.1677672235581923,-0.5984055497539804,-1.0478157113617073,-0.31561586156935345,-0.6584557575158961,-0.879278144576538,-0.3911601279044803,-0.17864841980311597,-0.9835426172838473,-0.02699374165041358,-0.33393043707795794,-1.3496571111352924,-0.12747320267781684,-0.49366798111418897,-1.5204369277197174,-0.2113460994131616,-0.6380715557981168,-1.6365536734446333,-0.2633823394175027,-0.039902649315762734,-0.9831943714060694,-0.08423712838049185,-0.17170313515692412,-1.3650399721502393,-0.16112648727063186,-0.3069605379326118,-1.570621884441528,-0.19679078697169033,-0.43085410779020344,-1.734756342427207,-0.21293703220947963,0.09469409652923086,-0.9085431880099647,-0.15453165243925227,0.02438464526450247,-1.2425705506647426,-0.20516711771723603,-0.05254586172572802,-1.4552322235008397,-0.21225719506999985,-0.13001884696891736,-1.6503549415910186,-0.2083227028498838
O,0.0,0.0,0.0,-0.29766285754535793,-0.14930871732167805,-0.060204976634637676,-0.5376672100043186,-0.3745403585575154,-0.1262120187571441,-0.7054119917475772,-0.5436992723974706,-0.21062712027944955,-0.7056346568604422,-0.7787943712095835,-0.2879907291998465,-0.3000253078399467,-0.9059960843656408,0.019872431509172676,-0.4779210772370817,-1.174565203422408,-0.14788859314671915,-0.5965015348242823,-1.0593259553418406,-0.2945121237831108,-0.6574193147250148,-0.8933368899101596,-0.3696745676264255,-0.1788926414867592,-0.9836346107316066,-0.021456360193903342,-0.3302635715615734,-1.356864867698734,-0.12422424898254252,-0.47835938990814747,-1.5419233792763678,-0.2115390704744525,-0.6148140333846774,-1.6764001154875543,-0.26585081839275887,-0.03458080241341413,-0.978137304970246,-0.09236096497797416,-0.1671958951703186,-1.3623770620558016,-0.17502192084071744,-0.30053626168497094,-1.5687775695088166,-0.21578217800319094,-0.42373929632779644,-1.7341783931623453,-0.2349403393165564,0.10772022275312054,-0.90273481808309,-0.17490302544665673,0.0397510332283218,-1.2371423505058121,-0.23233291472349712,-0.02994504373483845,-1.4547775836492547,-0.24373959421115748,-0.0970205381899437,-1.6565314267644182,-0.24248928408314666
O,0.0,0.0,0.0,-0.2807118264120417,-0.1347291202186088,-0.06916848060436381,-0.5137685168922256,-0.3675054455805817,-0.13786781457848685,-0.674078330409855,-0.5377607244011682,-0.22002723354234538,-0.6742106417557487,-0.7609294843987765,-0.29424021767051817,-0.2905384738774681,-0.9088213346157494,-0.0028889251789038814,-0.4654838713132616,-1.159575698363329,-0.17318020883356647,-0.5859196179785816,-1.0445408221252581,-0.3209843980986389,-0.6442655481406193,-0.8762652471323604,-0.39695099951072915,-0.17304506167465708,-0.984210315479734,-0.037221788421521525,-0.3171180616150348,-1.3509019338371662,-0.1400585653104172,-0.4693765610661771,-1.5219627938480136,-0.22448276189236474,-0.6060862284567473,-1.6417043744719875,-0.2766502582077295,-0.025860683597554918,-0.9715831090945303,-0.0999321862500787,-0.14869921180069834,-1.3480477757036133,-0.1796891282171012,-0.2752518281807846,-1.5531000951499743,-0.2168889152413543,-0.39056828770101576,-1.7258735062639048,-0.23418660906119507,0.12137916779170665,-0.8818719872670663,-0.17489975266624413,0.060138692675945994,-1.2166139763780954,-0.22832089195608293,-0.00815157833001847,-1.430324349242687,-0.23633709010410428,-0.07820275217736729,-1.6335065996168092,-0.23331688685374993
O,0.0,0.0,0.0,-0.28950695666924664,-0.1422919442350335,-0.06566996061857862,-0.5189321169368456,-0.3705847559248296,-0.13151867853208019,-0.6755870972578147,-0.534384050148241,-0.21278753363712938,-0.6897841599850145,-0.7573269250791421,-0.2856168998699713,-0.2889997122470424,-0.9100729530715003,0.010310587283824729,-0.45966657378372283,-1.1649943253012773,-0.15755811523657612,-0.5801977323061963,-1.053297145419254,-0.30396739927780775,-0.6420035070391185,-0.8823807643837098,-0.3787186763965628,-0.17186000485037986,-0.9847616172068895,-0.026621344986668762,-0.3109771957605588,-1.3445654710472206,-0.12852453778917597,-0.46471719903613323,-1.5146413555346492,-0.2127924056079125,-0.6062503279939796,-1.6322116612294255,-0.2643579970806675,-0.029453930620350406,-0.9757564435739455,-0.09302774912035691,-0.15492773846859592,-1.3466455461520976,-0.17164074492753506,-0.28113201558219947,-1.5509682615889464,-0.20769660389914954,-0.3956674331420673,-1.7199493746129377,-0.2237261570341569,0.1114374968460237,-0.89284603735623,-0.17205144740237902,0.04598991229728731,-1.2204689623461034,-0.22505660134265335,-0.023734003812318372,-1.4309767962127447,-0.23224341095197415,-0.093665293376884,-1.6304395692728095,-0.22786122475318074
O,0.0,0.0,0.0,-0.2769549264755857,-0.13397513048567933,-0.09909394867659972,-0.5175545466665964,-0.37555075368019,-0.18474648736114752,-0.6589263734433177,-0.6115507061914707,-0.27870926204838503,-0.5550146565064054,-0.8228717526931029,-0.3614676682104465,-0.30570654573697237,-0.9031955298830671,-0.026691704554949788,-0.42659387210929806,-1.2016295358578948,-0.20834944910033246,-0.5024686754217818,-1.0717169775944941,-0.36071505218298555,-0.5341945543700819,-0.8779383008662953,-0.4379770203779684,-0.15356930536911176,-0.986916457166006,-0.049115934515670666,-0.24000973451478388,-1.3687614729814104,-0.1533128382886404,-0.3529961564023776,-1.5600272594751172,-0.2399909300417753,-0.46804850502043277,-1.7077292684820546,-0.29666262784285913,0.021116087510175702,-0.9695124603179085,-0.10338455782125248,-0.053984964732141566,-1.353376109651622,-0.19428268023422085,-0.14340609833111273,-1.5647864351228888,-0.2408787676933617,-0.2379309182515514,-1.7488180661248354,-0.26424602157959415,0.19534200645656669,-0.86911465747672,-0.17077682832970878,0.17972216736151717,-1.2063000959678654,-0.2283794986985732,0.14911521358891328,-1.4165111262355696,-0.2395946006030604,0.10458908083922484,-1.6150798755798,-0.24033608045331112
O,0.0,0.0,0.0,-0.2790293985600297,-0.13794265063380134,-0.10881933291114798,-0.5180034546607846,-0.3769311798656419,-0.19795619317262464,-0.6492493304104647,-0.6363511997280036,-0.29460008561410095,-0.5226440927510635,-0.8359198712167916,-0.37822795562689615,-0.31161070186510204,-0.9043037016731752,-0.027150724336776313,-0.41113537821166296,-1.222395890597499,-0.2153681197101838,-0.46245748191332764,-1.0895942484740768,-0.36857709090483126,-0.47039180472324144,-0.8948264669151546,-0.4437285622177736,-0.14704491703514186,-0.988138742179126,-0.04426757931921404,-0.21295174728058675,-1.3752617676501435,-0.15123499786422917,-0.29470475170548943,-1.5762448068306854,-0.23744554812982954,-0.3784293393689443,-1.743821955106142,-0.2927469773318208,0.03496289511240685,-0.9736547562451394,-0.0955164901593562,-0.02398121646521765,-1.3580982528879866,-0.18962272854448875,-0.08889092415323387,-1.574037178250282,-0.23480682020080523,-0.15774665485738448,-1.7666567472406263,-0.25478738234093845,0.21480030890491073,-0.8816844830174935,-0.1609510630896553,0.2061771793168801,-1.2260766363557078,-0.21640292477831746,0.19026054384134733,-1.4424368060069706,-0.22581045998400445,0.16742994129744063,-1.6478541459418528,-0.22406247233803078
O,0.0,0.0,0.0,-0.28058082840334636,-0.13412399106298625,-0.10955324788449694,-0.5229716822411182,-0.3711510972753955,-0.1996377808712126,-0.6561792282557719,-0.6289785903833033,-0.29717701737926744,-0.5296282481671437,-0.830596691585205,-0.3816152845904536,-0.3113685415814428,-0.9036817072820288,-0.030484984312938813,-0.4194105332485069,-1.2231298868207767,-0.21837894156517143,-0.4773289455731959,-1.0817775283413258,-0.3707749011851212,-0.49037308965529036,-0.8811352343488204,-0.4449925621605403,-0.14753145443903912,-0.9879197582156303,-0.04742384714753029,-0.21868658055290097,-1.3754676753342587,-0.15548685199530404,-0.3056442379087845,-1.5721954969337928,-0.24214553082650406,-0.3946842398359156,-1.7339164135544227,-0.2972470752106031,0.03464730177528496,-0.973112567478379,-0.09827484224094615,-0.024631771319854143,-1.3581051484246034,-0.19361323615599907,-0.09350502739654938,-1.5719065947309911,-0.23973740900216334,-0.1663604077672678,-1.759254909029349,-0.25956663380118983,0.21438067997750598,-0.8815546761353414,-0.1631576485519923,0.20687322464811073,-1.2322700397903443,-0.21965813420125635,0.1910043754861848,-1.4517284237214418,-0.23017483660958457,0.1677790014332665,-1.65770121109499,-0.2287311831548864
O,0.0,0.0,0.0,-0.2791185021639165,-0.14457064509801348,-0.03520288782551207,-0.49486967559336514,-0.39841443783049124,-0.07579475279635725,-0.6601457985505192,-0.5691610619440463,-0.1380411839679192,-0.7508643151461459,-0.7821297279192532,-0.19372396336083805,-0.28516455818110753,-0.902547025951175,0.06507235233420025,-0.47054255125003785,-1.1195992696670123,-0.08041200022589803,-0.6091464038560133,-1.0261386304773465,-0.2163220932260141,-0.6921306078310125,-0.8851050966549836,-0.2844915254393681,-0.19009577314798778,-0.9815357646078041,0.021240052425596102,-0.33612893383599723,-1.3228556121064916,-0.0552933114417282,-0.506845057495693,-1.4838684494019738,-0.12058652261498562,-0.663097658833443,-1.5936442897018974,-0.15883558618269836,-0.07051441348109971,-0.985126063403302,-0.05174707474093566,-0.20741099376857833,-1.3525513811522822,-0.10868050806431709,-0.3496344218402685,-1.5416006310115222,-0.1272414580629242,-0.475696751403453,-1.693950303901716,-0.13153358501024792,0.046069994182498526,-0.9212244119030761,-0.1370333863711665,-0.03605774951715423,-1.245535926063832,-0.17366666721481,-0.1194139837194748,-1.4496300896124104,-0.17017628329343235,-0.20148392717632005,-1.6394217995938374,-0.15838858744012324
O,0.0,0.0,0.0,-0.2880804027717577,-0.1591456965983999,-0.0022507418697316557,-0.49954081521166355,-0.4114146474483944,-0.028883135399581074,-0.6612746977320447,-0.5759875276552923,-0.08562812379223173,-0.7573878872889334,-0.7868250408177068,-0.13739883529939456,-0.28694198769680074,-0.9098298134533558,0.11370664980585986,-0.471663538143612,-1.1196948678281256,-0.022608301952298505,-0.6116855886296159,-1.0261739943270654,-0.1572927983076213,-0.6975912462499775,-0.8833787466960641,-0.22511291661139843,-0.1952346184213482,-0.9793528258356468,0.05245461178584645,-0.3390115237744719,-1.3167749051457185,-0.012915254746442305,-0.5113749628172151,-1.4789432026534761,-0.07642178558025753,-0.6691701995142787,-1.5902561295679432,-0.11426353855459882,-0.08407469419258201,-0.9777874112409025,-0.037801546375735906,-0.227731637930782,-1.3458990133022144,-0.08447311778187741,-0.3754237224376373,-1.537059348550038,-0.10096481263351421,-0.5021091952645143,-1.6907711031390988,-0.10588139671182481,0.020009184355894098,-0.9134322288348449,-0.13873080346509706,-0.07185513000574971,-1.2290842787699658,-0.16895635495861724,-0.16152784516141594,-1.4284392689039056,-0.16310694729759276,-0.24566467909506173,-1.6180875058302844,-0.15061223640986438
O,0.0,0.0,0.0,-0.2901361550474313,-0.1512178358316939,-0.012917422520382802,-0.5045155660062453,-0.39638337391506057,-0.04919004608865081,-0.6681339330052888,-0.5581804466572804,-0.11294223297166721,-0.7600734735560974,-0.7720646399373139,-0.1711969386115313,-0.2933737377518349,-0.9104634828202778,0.08847420850556233,-0.4852310732061583,-1.1203782590803277,-0.05612187947437305,-0.6247954686051956,-1.0221262566711262,-0.1961316012188808,-0.7083164981374707,-0.8739689911779802,-0.2674717541148842,-0.20080915781923597,-0.9791320566849269,0.03124256244091564,-0.35129165320176486,-1.3224554053725375,-0.04314326860968414,-0.5274426473199796,-1.4803032450529787,-0.11152076823903113,-0.6900008353312321,-1.583953935100045,-0.1525892598888419,-0.08784172323332257,-0.9760238218816972,-0.05444297451425383,-0.24018493318541387,-1.3509619771046786,-0.10591963692177411,-0.39289808761089956,-1.5421427235374765,-0.12644905589047725,-0.5245964249319486,-1.6946233360219503,-0.13469890530051112,0.017284859532267337,-0.9084699142159565,-0.1511332905375135,-0.08219267870542005,-1.2268763086398307,-0.1859108783124605,-0.1787781305373708,-1.4283580755451715,-0.1847088430550303,-0.2702700231137135,-1.6192907393367433,-0.17565787765597618
O,0.0,0.0,0.0,-0.29048580155381526,-0.14801322626059907,-0.025312741971485947,-0.5104205839349247,-0.391153569785341,-0.06674164647439672,-0.6744571060034666,-0.5533874508280546,-0.13251944605280186,-0.759418867639799,-0.7673518602149042,-0.1924957779286366,-0.2963826168086629,-0.9075271853821771,0.0721244497864616,-0.48610632090554046,-1.1236269606990357,-0.07515176984932738,-0.6235690615089196,-1.0240569369179866,-0.21538494312869957,-0.7050417851895577,-0.873365522912053,-0.2872070486138324,-0.19725079515657334,-0.9801461107964153,0.020142623979033346,-0.34705513331545035,-1.326179534733994,-0.059717144386157515,-0.5204746501331582,-1.4859587597109858,-0.13178816826099973,-0.6795584114573395,-1.5923696532573697,-0.17528599435474423,-0.07725487335607854,-0.9785913936539427,-0.06037079708621432,-0.226436829191328,-1.350336201259508,-0.11764694297437421,-0.3770474440223631,-1.5441215884077628,-0.14270440596155018,-0.507608429633096,-1.7005874755216461,-0.15330833293624785,0.03857360232212231,-0.9088327399746978,-0.1522550137396584,-0.05596505302672293,-1.2272632410696638,-0.19079613679439453,-0.150792031846373,-1.430573021523157,-0.19171654944725003,-0.24166785478785568,-1.622542142313024,-0.18407833570155746
O,0.0,0.0,0.0,-0.29664377648587603,-0.1501557580588803,-0.016323979592714002,-0.5142275566276944,-0.38898409033137193,-0.05501558973092095,-0.6783503943249449,-0.5482020275823533,-0.12093800326857436,-0.7666279519341785,-0.763006237347195,-0.18227322230007065,-0.30411942293184374,-0.9075092830732325,0.08714046398436874,-0.4954042641938592,-1.1191127552630262,-0.05931329716488816,-0.6340678348015465,-1.0169946868889002,-0.20125913576678053,-0.7169856618203754,-0.8671978100685662,-0.2747499828114805,-0.203880869046289,-0.9786039036712394,0.027694601573979488,-0.35558455206570383,-1.3250200575879116,-0.04907397871424637,-0.5288741713298305,-1.4847501661030187,-0.12218063193436776,-0.6880016750731653,-1.5923509204044441,-0.167786066786299,-0.08304934073184149,-0.9751172212407836,-0.060811084305331664,-0.22909270397297535,-1.3486330927626955,-0.11685809462017567,-0.3764763089141813,-1.5426303686956957,-0.14241260930395172,-0.5055541178974846,-1.6989467311634854,-0.15445395922271365,0.03347713420913756,-0.904918377343123,-0.16027844529622395,-0.06114237028963833,-1.2236021594733024,-0.19883327594277905,-0.15479896238207605,-1.4267581340624005,-0.1993956801200638,-0.24540553941220974,-1.620355068179216,-0.19232476165804102
O,0.0,0.0,0.0,-0.2729393785827003,-0.15627057554331555,-0.047300222144451065,-0.4873620544754705,-0.410747028248474,-0.09614926590021049,-0.648325109491659,-0.5864307054657221,-0.1628515056928228,-0.7146448546955535,-0.8065660765795248,-0.2221480687189621,-0.2602363015838607,-0.9119669310965953,0.04006932769785292,-0.4361220095352251,-1.149943549530127,-0.11405489325307062,-0.5822396528588223,-1.065275507214825,-0.2552028567313012,-0.6691260873366278,-0.92169972225352,-0.32612711221512525,-0.16144524555738018,-0.9868721933178771,0.004325129232707895,-0.3002200384444801,-1.3497624022399985,-0.08111580680190172,-0.46832677394981204,-1.5206525846173156,-0.14970150474822444,-0.6236477655836532,-1.6399401913181189,-0.1888177080231494,-0.03751971162782799,-0.9884177087043029,-0.05973808448085336,-0.16718220814198334,-1.3750218669302408,-0.12155218918180463,-0.3029472560594113,-1.5746618711435534,-0.14007166492181342,-0.4258732902828764,-1.7373569845726393,-0.14349991093428158,0.08307685298849742,-0.9193576257254981,-0.13633555139599798,0.007311381782111003,-1.24369034795978,-0.17541497136526688,-0.07289659532280726,-1.4492912453077171,-0.17095695309713552,-0.15224317966878825,-1.6417576787426105,-0.15749856673813808
O,0.0,0.0,0.0,-0.26690551500956194,-0.1667613867659835,-0.04450866977602364,-0.4695555085286933,-0.4343117480215228,-0.09142644947598207,-0.622191997470272,-0.6127321129169189,-0.1561774372957419,-0.6826674164415961,-0.8287960933684504,-0.21313084037335953,-0.22628059651834925,-0.929455901106132,0.040638348696249674,-0.39559075535304244,-1.1761117627219162,-0.11301459703923097,-0.5377542697508421,-1.0932770654942092,-0.25513805542500545,-0.6239313048103023,-0.9458855564397044,-0.3271204001509729,-0.1256543642360478,-0.9920713603525823,0.002323083427577217,-0.24729389401934626,-1.358343040554297,-0.08434608953960443,-0.4094520858527132,-1.5373266830893646,-0.15690343245483282,-0.5613217706442132,-1.6585208443321795,-0.1988746526432844,-0.004291140700259991,-0.9801382485051249,-0.06405923775068414,-0.1209135099363727,-1.3684314773826343,-0.1274759777085649,-0.25275365806951366,-1.5752211270474574,-0.15301449361584155,-0.370672434888657,-1.7427210750804647,-0.16143977273070714,0.11095937492955614,-0.89670304438281,-0.14247094889617717,0.047809868439882934,-1.2232897213412772,-0.18481535039604505,-0.02898134557073921,-1.4341246208713707,-0.18611410332338532,-0.10623728338435817,-1.6316744039669202,-0.17680732037778213
O,0.0,0.0,0.0,-0.25788416680528115,-0.18479531868169904,-0.04648188047039382,-0.451246457192898,-0.45964221717507414,-0.0980316003198377,-0.598338779239328,-0.6335155049858213,-0.16616958857027295,-0.6683337437140141,-0.8445996056129462,-0.22713080240660544,-0.20041948598417625,-0.9500285125146654,0.01763631610536536,-0.3673539098442601,-1.2119917287964797,-0.14374206251661178,-0.5150187335636677,-1.1218870693594944,-0.2909361038825957,-0.6076699179569809,-0.9685968030946305,-0.36697947669520425,-0.09875524153013818,-0.9948548547306668,-0.02261018109498694,-0.21702901866175411,-1.3734592505709122,-0.11966838213395972,-0.3800982081525184,-1.561624127722427,-0.20133419180835455,-0.5333525558739399,-1.6950558295078926,-0.24997135429470374,0.021529974034247053,-0.9621753657169999,-0.08914994226387256,-0.08833866438440505,-1.3670888973439552,-0.16237181371535597,-0.22299010004093242,-1.5812343553834145,-0.1974772760739225,-0.3448315862736875,-1.7592058492271974,-0.21286632657745025,0.13165283592148527,-0.8592689383022487,-0.16638162022203082,0.08077042773364701,-1.187110155564138,-0.21852551758768252,0.009493271031802225,-1.4070442859742525,-0.22712461643523482,-0.06259065606524954,-1.6176031776772652,-0.223104159082692
O,0.0,0.0,0.0,-0.2561577470239193,-0.19549733415811996,-0.07601742746325556,-0.456280745347016,-0.4690859472762139,-0.15043183975327465,-0.6046041333743232,-0.6439394218764659,-0.23515518205107003,-0.6374639875108117,-0.8610261615963571,-0.31188655736562715,-0.17311122037256085,-0.9650454376805527,-0.03535693646757635,-0.3301239799714757,-1.2533778103126654,-0.21040958812377525,-0.4801657407983729,-1.157010599620151,-0.36117071503905396,-0.576233294069403,-0.9991649628295773,-0.4395845419179868,-0.05590037850785539,-0.9961785952001878,-0.06710703500870077,-0.1636626968479136,-1.3877805058044093,-0.18042166151593664,-0.3137397348051178,-1.5831284076240377,-0.2705416367794706,-0.45430453239838425,-1.729547920638455,-0.324941151760275,0.07755597823548374,-0.9408265977010938,-0.1249492907189762,-0.010638829393321227,-1.3534832077009722,-0.21296016923685104,-0.12904572452433494,-1.5772848897189673,-0.25389744573648937,-0.23849024669611218,-1.76967337722225,-0.2726895284591611,0.198878389456085,-0.8083839629887682,-0.1943141001420091,0.16772749427823377,-1.140160914338478,-0.25746090658954607,0.11032625224332744,-1.3668841571228831,-0.2692636830968737,0.05135993437676638,-1.5866594898188702,-0.2668636986657757
O,0.0,0.0,0.0,-0.2652219577461832,-0.15605766955979755,-0.08673608223682387,-0.48193912438899095,-0.4016186892824229,-0.16788668136779591,-0.6386475724826286,-0.5686571228840843,-0.25787927579062675,-0.6610507700818153,-0.7806383611185396,-0.3413368103167598,-0.237542177440185,-0.9368801247861082,-0.04699666604725213,-0.39851801294070915,-1.2180366783054,-0.2314512425887014,-0.5281046304923466,-1.1039982934153392,-0.38842075938320797,-0.6027499054687498,-0.9243457002805721,-0.4691343487586808,-0.10479195541233033,-0.9915895908657264,-0.07595215182996065,-0.21188782317764585,-1.37823636757555,-0.19457270526401127,-0.3510827069804088,-1.5600167915440861,-0.29066695915718394,-0.48696194255340264,-1.689853167343846,-0.34918887838559176,0.05100501187595291,-0.9501964606771981,-0.13192939629791722,-0.03580591310347701,-1.3370475583951686,-0.22357127703166949,-0.14583516999580146,-1.5482802058867189,-0.2709123862192038,-0.25333870263246544,-1.734701970632863,-0.2944261090491852,0.20034266021514233,-0.8244766011047077,-0.20000855038266097,0.16869606228755676,-1.150766111663228,-0.2646857987675535,0.11876161041411916,-1.3665408220059023,-0.27901680197026435,0.06649373641033603,-1.5759887142541207,-0.2788760686694591
O,0.0,0.0,0.0,-0.26863743235159177,-0.11944067223794226,-0.10420485295468584,-0.501269647120952,-0.3323412227703203,-0.19642680567000073,-0.667435651914299,-0.4967345534515701,-0.2961870740012149,-0.6732222030262529,-0.7075076263315757,-0.3899923986963054,-0.3046223041533152,-0.904518122287149,-0.052986095992042334,-0.4623998971962443,-1.1709370008273958,-0.24139485540835062,-0.5723309324305809,-1.0460688996975998,-0.40367527198530395,-0.6263159657715194,-0.8544696135918715,-0.4882933731183778,-0.1593372122836682,-0.9843099547599848,-0.07579951017035667,-0.2631542445046662,-1.3607234970839874,-0.19895704820136964,-0.3923322921289767,-1.52997198359497,-0.30217240434843934,-0.5194631895456565,-1.6467935204751492,-0.36522287448033436,0.009978837573907409,-0.9617385186115222,-0.12762137077053723,-0.07561701267150721,-1.3372248883624658,-0.2225513756626754,-0.17973097812312774,-1.5391629020275037,-0.2748284191182263,-0.2835135568761899,-1.7154977663070505,-0.301017877275269,0.1736959589652521,-0.8517634328429723,-0.19304146453331614,0.13705877456865428,-1.177065207498825,-0.25676683635483594,0.08961836460492101,-1.38878483902577,-0.2723356291380049,0.04091286936450183,-1.5935383440246065,-0.2736074563537507
O,0.0,0.0,0.0,-0.27281407306717764,-0.11294044968856436,-0.10986899370070614,-0.5149742444428377,-0.32432613073893085,-0.20708069576445895,-0.6836255783491951,-0.4857164997584232,-0.3106085541567642,-0.6737333423747713,-0.698760806816535,-0.4083849831480141,-0.3141635865348634,-0.9014217163300685,-0.06857690742448648,-0.48138189002362924,-1.1721015834967443,-0.2627955963773577,-0.5925854181950384,-1.0405231249056477,-0.4301679745892144,-0.6464024995350417,-0.8425328473873173,-0.5182686658193283,-0.1655201909941982,-0.9820217655051424,-0.09075416490391636,-0.2737414248238713,-1.3601441697540109,-0.2144316908090849,-0.39963034521078233,-1.5378922030620494,-0.3209658935234579,-0.5220791989945128,-1.6641511157017093,-0.3893992899221754,0.008262160245140628,-0.9575718877137595,-0.1420500570457113,-0.07890309804776574,-1.3408199863623367,-0.23856770909859382,-0.1835271903524138,-1.545628844622276,-0.29510553519543814,-0.28736658551207417,-1.723157282737668,-0.3264387157579946,0.1775204053251806,-0.8431224348327125,-0.20697440646506543,0.13981197177717014,-1.1736887854180318,-0.2738112858092684,0.0895685142751874,-1.3876843490422615,-0.29216446939141355,0.034927926767608794,-1.5946581894350789,-0.29669205965249085
O,0.0,0.0,0.0,-0.27084952713286303,-0.109518733084854,-0.11202265189013216,-0.5088147274481519,-0.3170827527507714,-0.20730620937188202,-0.6678475153855702,-0.4903579415056952,-0.3088354555441589,-0.6348237273826393,-0.6949230607727233,-0.4029585660068637,-0.3202862867387449,-0.8955433099593805,-0.0524102567330303,-0.47988855734682745,-1.1617036244544225,-0.2444116131237186,-0.5749731547299963,-1.0227745834119846,-0.41231647943222555,-0.6128097113861478,-0.8195394854912591,-0.4997788150616167,-0.16888827132903403,-0.9831366692754316,-0.07013587764832901,-0.2658434718715645,-1.3557403940544486,-0.1874532356062732,-0.3796794887723735,-1.5332934916314087,-0.29102054989049503,-0.4914391051318132,-1.664244635199135,-0.3577918596207833,0.007961313425549179,-0.9650331914680618,-0.11866356950668518,-0.06913764018377454,-1.338909329843658,-0.2116187410333986,-0.1630464187830311,-1.5387978442295385,-0.26610754996675107,-0.25712103787391505,-1.7135455219811746,-0.2950060072490799,0.18004186874429423,-0.8560055789970095,-0.1814292615905541,0.14976792945458073,-1.1843994291387152,-0.24075480603764962,0.10667558697225321,-1.3938210562763462,-0.2548001864114469,0.05793652122412991,-1.5960458849565557,-0.2565354501520565
O,0.0,0.0,0.0,-0.2734805949748278,-0.19427239809692615,-0.08156907190666512,-0.5283840723108207,-0.501372105127437,-0.15386642159010874,-0.7167641687778081,-0.7469491120357564,-0.24105328020797218,-0.6742421652830136,-1.0151358288401455,-0.32304720165485823,-0.29042686906870374,-0.9407590529509511,0.06669372323170492,-0.41632122464513305,-1.1627438700982495,-0.07095373433378993,-0.5249791158571248,-1.2298759846658278,-0.2177896084942733,-0.6312754253298936,-1.2279720271837713,-0.3116814518573013,-0.1562770191482577,-0.98678804130693,0.04274172223680194,-0.2827981513416366,-1.2755514177402787,-0.09433403391460134,-0.39989110689482454,-1.3282698180844896,-0.22447146232547702,-0.5298496298356484,-1.2789525078543225,-0.2954341260538825,0.0026630488337700898,-0.9711884347935767,-0.008429264600856495,-0.12785963750130264,-1.2736854792648018,-0.11238322166863611,-0.2463734728766707,-1.3572641435262105,-0.17614915728975925,-0.3793090773496815,-1.3485627313423079,-0.19858073364122864,0.17184505055445135,-0.886735333380831,-0.07161028713597758,0.061520552155718077,-1.1760619066235154,-0.14021315462229123,-0.04956389678131801,-1.3343267613446175,-0.17616345469159805,-0.17336709959753044,-1.434437893958794,-0.1889537761287113
O,0.0,0.0,0.0,-0.2712098655718362,-0.19257793115253197,-0.08360117117891891,-0.5266598841830759,-0.5017425765560648,-0.15718874452475393,-0.7172913997964603,-0.7494958079730673,-0.24538358449554717,-0.6736247069297469,-1.0186184585199431,-0.3284992338337612,-0.28883113128940247,-0.9398769655106834,0.06386879800150261,-0.41725189689121367,-1.1608419905477207,-0.07585960312296877,-0.5279102741079644,-1.2312842857088293,-0.2239566659582121,-0.6348053083733879,-1.2323248229953374,-0.31851079226934453,-0.1546659190299919,-0.987125911859978,0.04075398907119222,-0.28599844385294654,-1.2795217370939451,-0.09888198882538357,-0.4032881859879676,-1.3331937039043087,-0.23096235605882984,-0.5321216545967787,-1.2822601632066932,-0.3027236903202931,0.005833860256088022,-0.9713741444414137,-0.009559803621899045,-0.12922634980602557,-1.280645116618089,-0.11669591122270542,-0.24986533143142178,-1.3643121139045737,-0.18306332975763218,-0.38444518578792,-1.349840469125576,-0.20629861139259295,0.17609264904467958,-0.8874993413338631,-0.07169995863496673,0.0637725793499926,-1.1811260578646146,-0.14301990751521612,-0.049082248299992616,-1.3452915792342741,-0.1817097102173801,-0.1752678893940423,-1.4472773760337636,-0.1959525289001252
O,0.0,0.0,0.0,-0.2764023352645113,-0.1943929953601013,-0.08792508579176692,-0.5310945191663315,-0.5047905679606465,-0.1620219135912756,-0.7171746016907298,-0.7478990931161691,-0.25116501145292763,-0.6756652095710113,-1.0256843864782845,-0.3348326051225941,-0.28511166955971895,-0.939208045673028,0.06963101544760351,-0.41013929824061585,-1.1647249652585143,-0.06984757221023233,-0.5264304905623347,-1.2307602196012841,-0.22191641293076095,-0.6466249178351652,-1.229588485526053,-0.32020085144957044,-0.15524384885901713,-0.9867278582175618,0.047618076492250326,-0.2896919183707277,-1.2773615733112633,-0.09894979135564189,-0.41291306543054557,-1.3279342397758989,-0.24450354997952015,-0.5504134511229934,-1.272320159221265,-0.3256313737437162,5.441922368672967e-05,-0.9744508383346865,-0.0020890159138386138,-0.13587082032228717,-1.283381027757402,-0.11560261154314566,-0.2639031214762273,-1.3641015139529944,-0.19513661616143566,-0.40947959958825536,-1.3413955768351344,-0.22640692648531988,0.1651993403575017,-0.8966694204096691,-0.06362314496183272,0.06009882685450871,-1.1951311149801735,-0.13962947852291532,-0.0528662324020728,-1.3645292318435125,-0.1872081735278612,-0.1843731902336233,-1.4647285736827669,-0.20829220806150442
O,0.0,0.0,0.0,-0.27727741026065406,-0.19799790083511892,-0.08580119980968359,-0.5395438232467702,-0.5019744272265936,-0.16164352195152035,-0.7362797476855547,-0.743105181264799,-0.2528744967720306,-0.6964483595200104,-1.0160842629624343,-0.33862511354442837,-0.27815525017252285,-0.9408972092924539,0.06693295828516625,-0.41347966397635266,-1.1719887834866412,-0.07288010637250548,-0.5392096875497562,-1.2309691688778048,-0.22474947503275483,-0.6643990504344977,-1.2219244612172546,-0.3228013860790728,-0.1502434531084023,-0.9876608805460794,0.044191513178508904,-0.2930062449272154,-1.2856002466422216,-0.09950371180325475,-0.4273048817067379,-1.3331220820099239,-0.24270420073265697,-0.5702084366119639,-1.2746372479013521,-0.32391770800761327,0.004225283934393716,-0.9741708854863482,-0.005776910906814462,-0.13597301097496914,-1.2887424700414667,-0.11752300373738797,-0.2706560016336853,-1.3693379784532569,-0.19693724354563252,-0.4167298238580749,-1.340773724253125,-0.22901159378638264,0.16845830518758764,-0.894907789362781,-0.06723346173818992,0.05751525362146573,-1.199910744962747,-0.14244043420012795,-0.06264207349308576,-1.3632925571582584,-0.18925460896651372,-0.1973226728097934,-1.44950152354041,-0.20994444567587447
O,0.0,0.0,0.0,-0.27618585921005234,-0.20264134875165984,-0.07983551036135626,-0.5331715174965804,-0.5080719197126948,-0.1513225450521612,-0.7279862244356515,-0.7466433114566905,-0.23913634389162586,-0.6965561283781095,-1.0184088601573384,-0.3212876723846009,-0.27162865661880525,-0.9405353005774365,0.07116929633403014,-0.4091167622400076,-1.1719196407356747,-0.06931574770809595,-0.5381699254404966,-1.228962571239503,-0.22066817609186787,-0.667005582333169,-1.2167171399406411,-0.3176189917523454,-0.14604603362655535,-0.9882462109464443,0.04516616667315115,-0.29154482485926836,-1.2876037711210984,-0.09994320529132601,-0.4294494735295062,-1.3343375327725722,-0.24187641274092134,-0.5763493443554276,-1.2775535021346418,-0.3217078821858285,0.005598234280307579,-0.9768466857977626,-0.007798034205178314,-0.13634559996036333,-1.2922516918776936,-0.12111404785830072,-0.2758764396472842,-1.3697564033481862,-0.19727185260408384,-0.4263114941645372,-1.3457633498925285,-0.22660589730291975,0.16691208081269324,-0.8984570647982157,-0.07191544785124802,0.055104277878113714,-1.204021920372868,-0.14767615012489624,-0.06587985760931744,-1.3676253412963264,-0.19230333548081607,-0.20143604656438824,-1.461567858394366,-0.21116118397466063
O,0.0,0.0,0.0,-0.27547843339429257,-0.20457363895200292,-0.08070284215863188,-0.5322208149423319,-0.5114462834656909,-0.15563638671867164,-0.7291183177592255,-0.7510697396730571,-0.24690396566141903,-0.6937001733194615,-1.0204437126317574,-0.33235279847480437,-0.26483943166973345,-0.9422766698293779,0.05834668065702932,-0.40424715404453115,-1.1874655443038098,-0.09101330673869981,-0.5346446383632549,-1.244511356002622,-0.24546246699883295,-0.6622577667801103,-1.222554444861005,-0.34263769011492706,-0.13979152918155321,-0.9896885574111386,0.031223191677699366,-0.2887713669685389,-1.3050592950285222,-0.12358534832554419,-0.42949957797939353,-1.3455357628725362,-0.2658857702356248,-0.5753932621208693,-1.2774779015288686,-0.34344328918471295,0.01174804530632219,-0.9785087569651615,-0.022550282061424207,-0.13512085504350843,-1.3066063789875606,-0.1418337371753421,-0.2785743578652605,-1.3751398270265556,-0.21628122433805377,-0.42907108885846484,-1.3395079320568282,-0.24279719989376883,0.17371803086291135,-0.8981598559026396,-0.0874569252564879,0.058650203195930325,-1.20493753677564,-0.16610275222937979,-0.06496918265337628,-1.3690587507013292,-0.21145384646980517,-0.20219592504447723,-1.46508170256685,-0.23014488664821808
O,0.0,0.0,0.0,-0.27442860359449806,-0.2085968243875796,-0.07443799857025277,-0.5289778644703419,-0.5187831524289496,-0.14662769720347216,-0.7234224830566063,-0.7605825745162029,-0.23630078584261263,-0.6919393655740844,-1.027627237210107,-0.31994940963347196,-0.2552413338263158,-0.9466160644666607,0.07048432059574385,-0.393315869677942,-1.1983884718133946,-0.07183867739455592,-0.5314651559941632,-1.249776836727705,-0.22154860054133238,-0.6657651775638105,-1.2209688199392275,-0.31562337742292107,-0.1317731046159893,-0.9904062257683515,0.04160957653176322,-0.2823576411282471,-1.3007821192316826,-0.10273433553110381,-0.4310364249734006,-1.3457627996802122,-0.23905628993653352,-0.5826432097628582,-1.285994260066976,-0.3144399107244674,0.017321032765180926,-0.9751065289877765,-0.014101075694982968,-0.12689818885447335,-1.2993750322924125,-0.1258316047983434,-0.2763701398907624,-1.375180235821746,-0.19669160133449431,-0.4318211402030475,-1.3544314387270906,-0.22261644276013445,0.17617005089312954,-0.8914740407597592,-0.08058400838744262,0.06236384061893919,-1.20163764729427,-0.1551948578296191,-0.06397322580527051,-1.3639224426502472,-0.19697737642197308,-0.2026207387863913,-1.4607437228356002,-0.2136191788275156
O,0.0,0.0,0.0,-0.2771596581658905,-0.21871953982396292,-0.0575446166474043,-0.5251781504452026,-0.5331310530837766,-0.11595218877397218,-0.7139820352468318,-0.7650037775718531,-0.19413818282838796,-0.7213225027776322,-1.0219888581853647,-0.2660697366879051,-0.23980188254591317,-0.9520926908808726,0.07501691182252011,-0.39227710592956816,-1.2044148610633196,-0.06298159904273064,-0.5491723228353618,-1.2484176177847586,-0.2012270891098098,-0.7025856212911883,-1.2176809692634742,-0.28632947193594693,-0.1265564268893987,-0.9912045016585437,0.038692463152741226,-0.31362039197533925,-1.3022698892089204,-0.10678551541712514,-0.49045372542441795,-1.3256704470806462,-0.23415127552029083,-0.6555412603727179,-1.2644018786581679,-0.30258923012802647,0.008070531321950293,-0.9719081453273531,-0.023046522549245513,-0.17118157612343662,-1.3018827540630737,-0.15087492754827683,-0.3578705519089769,-1.3206648268483403,-0.21814927460009792,-0.5305182738264209,-1.2639407742193332,-0.23444507367365375,0.152817495496772,-0.8886702591992524,-0.09263988660916332,0.014708509413424786,-1.206841075757739,-0.17966267395232527,-0.12923201439257578,-1.3618278630200307,-0.2212826428479167,-0.27624817264726365,-1.4578723942399172,-0.23422163388625444
O,0.0,0.0,0.0,-0.27857946107965553,-0.21576883860918714,-0.04247140700581625,-0.5143906819929238,-0.530914275391308,-0.093023172729968,-0.6967693972825026,-0.7557654112008587,-0.16690503131135748,-0.7324213493102901,-1.0093558738712423,-0.2346019389678129,-0.24355336547305345,-0.9511603002526101,0.08559038076426839,-0.39886458311563144,-1.2098459447707854,-0.0536262181794441,-0.558111098478704,-1.238132468610387,-0.18950618249899678,-0.7082518128631501,-1.1858120743181768,-0.27007143608434125,-0.13693847815435087,-0.9897367782156904,0.04085294417781512,-0.3332131737524254,-1.304881449758519,-0.09820411603844456,-0.5137845031535399,-1.328289901069538,-0.21593601717573135,-0.6755228562920709,-1.2669631869066975,-0.2781710293835449,-0.006874035242644002,-0.9716162397342186,-0.029834429810449054,-0.19855816964623524,-1.3056900890506602,-0.15386177354423322,-0.3915577503932542,-1.3183262668442666,-0.2134872924354004,-0.5637473045061372,-1.2633106997646495,-0.2251571369827068,0.13603177891289905,-0.8953828827975797,-0.10793129815489531,-0.012928171243560427,-1.2176873517987692,-0.1942909368288832,-0.1657062281888969,-1.3648108369736578,-0.23215281794284845,-0.3172761909315225,-1.456551877488231,-0.2419871267277246
O,0.0,0.0,0.0,-0.27854793870982053,-0.21775633281734424,-0.03955571719951315,-0.5167912445883923,-0.5347014652564459,-0.08763195453862085,-0.6985617467562808,-0.7596982232314793,-0.1594317881934999,-0.734109962089175,-1.0127425617751151,-0.22517461375938277,-0.23953419459445008,-0.95108588456665,0.08628325847751361,-0.39784311934015937,-1.207637153841084,-0.051617639567199676,-0.5577991643412645,-1.2384311364750074,-0.18487339467717115,-0.7090984879841761,-1.1882407233922463,-0.26335062386105335,-0.13512787556440134,-0.9900095057074415,0.04026954003163,-0.33690644276860326,-1.3080621129541572,-0.09972007401641794,-0.5200447385906773,-1.3286752581797951,-0.2156013963697058,-0.6817281952245305,-1.2651129989488388,-0.2751877030621615,-0.006175772417996273,-0.9730828817219442,-0.03126657126888738,-0.20553303570517678,-1.306858506973659,-0.15861209242971197,-0.40264487142572636,-1.3123472692254405,-0.21753528519921264,-0.5748461707728054,-1.2541443228827795,-0.22672407348232576,0.13519538586535867,-0.898829088226755,-0.10958825980539302,-0.015262571534877548,-1.2207969652090882,-0.19666104279222235,-0.16850396334998882,-1.3667523787993596,-0.23326784804651945,-0.31899360034128915,-1.4592008538423644,-0.24159714990706843
O,0.0,0.0,0.0,-0.2783206192485136,-0.2156644276395497,-0.03652645334865265,-0.5156986573668082,-0.5376582372756016,-0.08255190683036957,-0.6964648376959366,-0.7602331204968251,-0.1527918858041774,-0.7325602524271876,-1.011949389895075,-0.21674977911843088,-0.23497291896592887,-0.9566389478635662,0.08964066478793381,-0.39036623058150705,-1.2154180693149859,-0.04577422445243711,-0.5542983197629776,-1.2507103252296965,-0.1769790113856386,-0.709345226246778,-1.2035018417142596,-0.25432735574410076,-0.13309473398034055,-0.9902130125381725,0.04199978079442402,-0.3348422809844998,-1.30951379460573,-0.09650910608192328,-0.5202429916065491,-1.326186556822519,-0.2106266054514242,-0.6816283494748643,-1.2564900621736803,-0.268469889911088,-0.008231370244547396,-0.9697898156415158,-0.030948159703392125,-0.20690778521090397,-1.3108708748358207,-0.1571719499374023,-0.4060635028753179,-1.3134917891347437,-0.21525784053829586,-0.5780909056945464,-1.249263048946426,-0.22373399557270057,0.12878318834645158,-0.8944358062366978,-0.11048459236539436,-0.02139977614394865,-1.2209744947746475,-0.19768645384541886,-0.17854134435069116,-1.363515086676954,-0.2340780694741369,-0.33132234732942517,-1.448231402828872,-0.24187956511136408
O,0.0,0.0,0.0,-0.27499675070870655,-0.2152171316014945,-0.03437644355755685,-0.5138148028516369,-0.539162254092415,-0.07913776125911842,-0.6943532786347043,-0.7649520011864568,-0.1487018949411329,-0.7319514983620918,-1.018146000896097,-0.21200014870880393,-0.2369918750924782,-0.9548446564561472,0.08732688701024803,-0.3920273266797146,-1.2200442495523451,-0.049888202930015765,-0.5550313519337816,-1.2521520130565753,-0.1800261730227245,-0.708797822715351,-1.200474112683915,-0.2552192619699409,-0.13388485979004788,-0.9902310488753038,0.03895271700812227,-0.33461226332324684,-1.315053703484705,-0.10183265669228367,-0.520532338022666,-1.3290995781924875,-0.21389738387058302,-0.6813407278091121,-1.2578065757724046,-0.2687640101512678,-0.00686074543696724,-0.9721647839057183,-0.03447852121488399,-0.20874236463529142,-1.3120495700298542,-0.16287850782141058,-0.40796797495188614,-1.3046225477888407,-0.21802540064049672,-0.5773498349371514,-1.2349249886905136,-0.2228151221399454,0.13265340466903844,-0.8995468950681316,-0.1142608242974714,-0.017803585176982186,-1.2276850478511458,-0.20110671869862426,-0.17502154371242556,-1.369717685598022,-0.23490766461653712,-0.32755360545611734,-1.4552690259317331,-0.24024284874654486
O,0.0,0.0,0.0,-0.2733953013483762,-0.20953190057284485,-0.036022591710097876,-0.510283992968141,-0.5365939436927128,-0.08234343226952147,-0.6898502263921742,-0.7594187204978785,-0.15271096322063005,-0.7317251552387304,-1.0128501430485586,-0.21654604359879637,-0.2317010966639014,-0.9590207714637374,0.07938705080334033,-0.3867252520678014,-1.2327644712726311,-0.06140135515809556,-0.5556878681349526,-1.263566864972827,-0.19273408625864982,-0.7103241464992397,-1.2045769851239108,-0.2681477815267963,-0.13007358375284847,-0.9910138829745405,0.031182472022184823,-0.3324948439170021,-1.3203449574279202,-0.11150886999085213,-0.5250283649585382,-1.3293760113841662,-0.22282730485832375,-0.6865629767061587,-1.2504403470863057,-0.2769133146229454,-0.005532922860228961,-0.9689291271776603,-0.042041755642559284,-0.20630562335898797,-1.3183051211786017,-0.1705692766763817,-0.41240508080492183,-1.3167929819365256,-0.22590597605145152,-0.5864106467006396,-1.2491919466851316,-0.2317683531373681,0.13193938526598786,-0.8924196408906555,-0.1217331502924185,-0.020954352482113407,-1.22302532513522,-0.211118259871089,-0.1838874928941906,-1.3628369583982824,-0.2469367360335226,-0.3407980664025354,-1.4450213807675403,-0.25341665130980395
O,0.0,0.0,0.0,-0.2746100735435346,-0.2094151239556634,-0.032180554276865406,-0.5113951405911306,-0.5396465559149266,-0.07640706368781496,-0.6899641099248986,-0.7626445550433458,-0.14583348848378688,-0.7346238709432176,-1.0110925151990715,-0.2088620566637912,-0.2296381015966122,-0.9597803694420983,0.07956866913221293,-0.3876032332419991,-1.2400064014909777,-0.06324996246781155,-0.5570668729649653,-1.2635469081140531,-0.19458135387677375,-0.7112348091014563,-1.1963127726402025,-0.2689017562596403,-0.12780864844252485,-0.9913735492995565,0.029041954694803977,-0.3337952643293925,-1.3276627725113872,-0.11715843078431065,-0.5288924411578112,-1.3263580006011222,-0.22940283805292863,-0.6888641887398289,-1.2400416033554251,-0.282880707238994,-0.003350647247120812,-0.969745457985198,-0.04611453994630726,-0.20678606009814968,-1.3236335298212742,-0.1785959925791564,-0.4164661301737661,-1.307677763860628,-0.23496025015521466,-0.5879990034800904,-1.2271667133442654,-0.2396966829492378,0.1327369094651605,-0.8949515850423575,-0.12721163365165797,-0.02110993302926825,-1.2288175820900322,-0.21895949489584712,-0.1890002358387553,-1.3668063684718603,-0.25573721850869346,-0.34832968647351936,-1.4441712934769102,-0.2621252876903872
O,0.0,0.0,0.0,-0.2760105819515576,-0.2191942169689606,-0.011566029997196066,-0.5006890826890044,-0.550591892643108,-0.03928847786449765,-0.6700057634029711,-0.7645078282789997,-0.09778816857147046,-0.7449429348939206,-1.002015781588742,-0.15211047835475616,-0.22877011653429183,-0.9562079645205886,0.11435203778199855,-0.40086679521198737,-1.211720704987166,-0.01516126305827035,-0.5723387124052209,-1.2389145515992497,-0.14236665031020992,-0.7315535391603112,-1.1793131774884453,-0.2149993125365248,-0.13563043476631576,-0.9892089881949587,0.05540724536923094,-0.3540022760689811,-1.2955681626746478,-0.07975388635414397,-0.5529037824815128,-1.2904957748386376,-0.195871629634916,-0.716657634870708,-1.1975569754032418,-0.2541988062386569,-0.021500074380716837,-0.9724093860952471,-0.02667759478853843,-0.23514998254580532,-1.304355566403094,-0.15155993112683994,-0.4512616797302262,-1.2761824728888607,-0.21331897921267667,-0.6234605425879436,-1.179426582319365,-0.22305718331447918,0.10316048558832781,-0.904092180757355,-0.11331906093391463,-0.057790056028476845,-1.2287182480837857,-0.1984902490382185,-0.23364423655831915,-1.3528065548570365,-0.23384999242773855,-0.39702573763907645,-1.4026535883717253,-0.24047589572131955
O,0.0,0.0,0.0,-0.28364239347469056,-0.22747924674641812,-0.007385413349355068,-0.5054570466316005,-0.5565148747667142,-0.03258819880305745,-0.6809416243596917,-0.7679049072604427,-0.0921736719207999,-0.7650786895417359,-1.0109365305802482,-0.14770735104849966,-0.23177350606621464,-0.9568004793921041,0.13879790039416445,-0.409273905411583,-1.2264287235906792,0.011844729971194595,-0.5898098637489952,-1.257594046440616,-0.11689614819439872,-0.7506644265330542,-1.192770205860771,-0.19087698392074864,-0.1416769568420417,-0.9870710727765372,0.07495556809039816,-0.3628258959074471,-1.2975858561252327,-0.061609542059774994,-0.5676237783355084,-1.2947415117070395,-0.18824537953204626,-0.7344731943314257,-1.195444999321573,-0.2536587385115759,-0.032169365155636113,-0.9739776271999456,-0.013112408999890577,-0.25001913438585655,-1.314866127168567,-0.1397628690678699,-0.4773430883714306,-1.2928083655240055,-0.21228215675163511,-0.6554932856819251,-1.1901743298599283,-0.22948098199201789,0.0855078415663774,-0.9131548134171076,-0.10536330505975766,-0.09492930415310279,-1.240516374422639,-0.19247698292031004,-0.2862148374005874,-1.3471937693587432,-0.23159458002108263,-0.4553902184208483,-1.367702361369148,-0.24084122772320302
O,0.0,0.0,0.0,-0.28316040541725207,-0.215172351826101,-0.008337249013564285,-0.5078508382235798,-0.5445762026357046,-0.034466207868433636,-0.6827447095544593,-0.7499596288577444,-0.09409187523212965,-0.7602948660069966,-0.9907554668863229,-0.14929607083238902,-0.22899500240081927,-0.960702719110969,0.13140380032163484,-0.40665454841555254,-1.2344913062481475,0.004159226054975127,-0.5882859686579135,-1.2610930687046948,-0.12183409330430665,-0.7459234826836236,-1.1892360420331267,-0.19345334679026133,-0.1388701056497363,-0.987968001371295,0.06807585492110975,-0.36483078983692513,-1.300869259535885,-0.0711107749325832,-0.5714499102631156,-1.2815307773065678,-0.19651535751850877,-0.7301564956727874,-1.1703208301911596,-0.25943431900780406,-0.02979643037230185,-0.972192209984227,-0.018974789235633022,-0.25149018367339054,-1.3111648769920936,-0.1489052253118808,-0.48101939160208196,-1.2747935585591952,-0.22247133273528227,-0.6514400895336284,-1.1596667645676086,-0.23863210922992928,0.08712348489361936,-0.9098371963062621,-0.10970508143092124,-0.09276709005828401,-1.2366306596178025,-0.19932132598046148,-0.28580039763039516,-1.3384311497447456,-0.23994850104498086,-0.45068864564720507,-1.352516390840581,-0.24908081277787053
O,0.0,0.0,0.0,-0.28982265236506854,-0.2340423949188099,0.005963385506718141,-0.5127063098277543,-0.5635433809912089,-0.011193713148461727,-0.6859263279043679,-0.7738975625705528,-0.06630967467979595,-0.7797771440542494,-1.013261865101176,-0.1181498425548078,-0.23283684345424505,-0.9509757482288047,0.15355860725452272,-0.4211512119467755,-1.2190093896637708,0.031437556100834124,-0.603071412468971,-1.240512345121962,-0.09432293819673214,-0.7629567241769525,-1.1684455037142973,-0.16615719166053955,-0.1441838208636145,-0.9860630930594753,0.08300965189151013,-0.37955465023140184,-1.2960456055312457,-0.04722695373863015,-0.5898537694898613,-1.285959016518357,-0.1698288104492429,-0.7539248248226285,-1.1807089569619846,-0.23353742656876897,-0.0395477285681597,-0.9818800354015621,-0.011365102666125384,-0.2690768038190368,-1.3228056696504533,-0.13145989958162116,-0.5020769316760669,-1.297677889982664,-0.20031429663106687,-0.6772370012415619,-1.1929446552186573,-0.2167654799998726,0.06771658231194431,-0.9327719434969325,-0.10943222230867145,-0.12132176616798591,-1.2593611176490707,-0.1890825204611884,-0.3193105396737772,-1.3589623650422007,-0.22244052230835334,-0.48961594794797125,-1.3706510213791931,-0.22911422668516973
O,0.0,0.0,0.0,-0.28758891688267335,-0.21403503512175387,0.004661602176676696,-0.511424667707508,-0.547505054542767,-0.010542085523668083,-0.6852460577570975,-0.7526825036878173,-0.06277957492840294,-0.7743213000408843,-0.9912603869239314,-0.11169791319887908,-0.2406480730142229,-0.9501540177136445,0.15795119722345785,-0.41891116344341695,-1.212934706066973,0.04294361850707892,-0.601435807127746,-1.2427607942165055,-0.07696398424899771,-0.7610095513757801,-1.177436264544238,-0.14601128790779172,-0.152321681964334,-0.9844278148559513,0.08774954439478776,-0.38289642627056514,-1.2920547890351008,-0.04267304447768309,-0.5908696608692441,-1.270707521691367,-0.16647032366445344,-0.750232769844504,-1.1526250317083084,-0.2284240491663054,-0.04763272454785277,-0.9778711939113096,-0.005828431504472104,-0.2752688119317591,-1.3121487041799302,-0.12805113978828786,-0.5061486602622619,-1.2780566119506924,-0.201751481495213,-0.6755243441901335,-1.1629932275440609,-0.21933411623822244,0.06198819157461571,-0.9275403795091391,-0.10253603686427053,-0.1243257728779743,-1.2569215376683323,-0.18556793563812105,-0.3221667053431093,-1.354685902218849,-0.22275741232091018,-0.48801889400016174,-1.3608589733561736,-0.2308618492362404
O,0.0,0.0,0.0,-0.2962270492319643,-0.2295037202258608,0.02313827086722562,-0.5175327061795765,-0.5483884847197182,0.015828361888659766,-0.6879549733981288,-0.7470161752569813,-0.03492196368563724,-0.7857036151489349,-0.9836575953484914,-0.08352589922218584,-0.25675888883532605,-0.9393698829433453,0.19055693415566174,-0.437790323280542,-1.1915760258845212,0.0813648096771326,-0.614822432560726,-1.2120823609434983,-0.038329776181619035,-0.76738993722388,-1.14235433694899,-0.108216572499883,-0.1696167584228615,-0.9794955970237307,0.10871306578901235,-0.39774317922968555,-1.2759441916065637,-0.015260811483256465,-0.6062829769710738,-1.2534429524316477,-0.13913376845747333,-0.762645303398458,-1.135520404310181,-0.20305246556268533,-0.06790641659158653,-0.9785919310221354,0.002945631924879133,-0.29130668412922994,-1.3066582121075132,-0.11355290227831492,-0.5235491785252451,-1.2670519455181255,-0.18580320404647122,-0.6885390475049645,-1.1494871676860487,-0.20438782407863557,0.037978539033979235,-0.9341588087313542,-0.10557634976905582,-0.14388452044209496,-1.2590304988132968,-0.18320441732329434,-0.3444212413728823,-1.3469734902168884,-0.217262989688616,-0.5090567705856279,-1.3439897103490202,-0.2248289377134526
O,0.0,0.0,0.0,-0.29453260975252515,-0.21677671315295985,0.023294785559422007,-0.5168109437955843,-0.5370054113572033,0.016799502861864053,-0.6898567083742084,-0.7360659817132034,-0.03318146891197405,-0.7852806977174875,-0.9739598116153367,-0.08078288853633996,-0.2552352704490112,-0.9411419558680917,0.19428474520978545,-0.43928097061150956,-1.1974538340468233,0.08849929500820797,-0.6175590112863505,-1.2183583623723475,-0.027087863238153924,-0.7687561080757883,-1.1470709286746368,-0.09413003753688995,-0.16729044822391045,-0.9795151030924331,0.11208955681446602,-0.3985885266657054,-1.2802808847750704,-0.013283398406869807,-0.6065327363384263,-1.2487308451116317,-0.1373699608538023,-0.7597307431433012,-1.1191219980475733,-0.19877528394486807,-0.06626829705786379,-0.9762885860995957,0.006210735409847395,-0.29450296419215105,-1.308043235722902,-0.11259090794379639,-0.5273032680371419,-1.2618064107478715,-0.18591761042221458,-0.6904719915101517,-1.1361649992729155,-0.2029835621603741,0.03692558426703983,-0.9304976568021627,-0.101893441108228,-0.15327989026717231,-1.258415796210807,-0.18226734926715218,-0.3552617054887373,-1.340035975074158,-0.21715294152303852,-0.517522216831475,-1.3305635021920879,-0.2235962773328289
O,0.0,0.0,0.0,-0.2994948429856518,-0.22017856861390475,0.020135342999723742,-0.5263613881090645,-0.5347189678794178,0.013624665924011575,-0.7010716802555825,-0.7351440860046468,-0.036021036453095824,-0.8025529554233644,-0.9736619353544519,-0.08312049203708087,-0.2688063474022676,-0.9308900003194425,0.19280049034752322,-0.44995040578426315,-1.1829062372953096,0.08595256078929338,-0.6252440693645358,-1.1979679180238736,-0.031472722159987525,-0.7752993010229419,-1.12487779371017,-0.09961056956432282,-0.18275872731415702,-0.9765774580860918,0.11355930586533831,-0.4081405999228805,-1.2741641671731927,-0.008859128080733726,-0.6142800002621626,-1.246527751721496,-0.13101323227117576,-0.7675701299396165,-1.122741026249324,-0.19285605320081087,-0.0809365034586336,-0.9808376486364434,0.009967764324168892,-0.30440712848216017,-1.3127369621567317,-0.10552877045291792,-0.534519691934071,-1.269785545327197,-0.17716724262080594,-0.6975806815098976,-1.1482563538764994,-0.19472426518843572,0.02612872389644556,-0.9421911260012498,-0.09662863078449203,-0.1608132414266681,-1.2694534928870154,-0.17385516965417386,-0.3626158322834869,-1.3519738620206336,-0.20745872925643305,-0.5266805409902838,-1.3420356414650365,-0.21408306979511255
O,0.0,0.0,0.0,-0.3124338914521399,-0.21745345543033115,0.05874600176182076,-0.5381627046186479,-0.5137800566796621,0.06576792204079877,-0.7123935175341093,-0.7028566782834985,0.019264096391723495,-0.8153435829484216,-0.9389798217850166,-0.026874613358968246,-0.2877244977000715,-0.9196348662559571,0.24913428544252395,-0.4799698819984872,-1.1591776820353101,0.15639827681117638,-0.6530160246665822,-1.1619490628855969,0.04345054178485416,-0.7973417953870667,-1.081013388290249,-0.024573056572961858,-0.20058011096879982,-0.9688194281474001,0.14545286084463518,-0.4402255223333615,-1.2485793883161136,0.032278930720670514,-0.6439775377834048,-1.2062060032378334,-0.09177302269166869,-0.7869178889224241,-1.0688256394573052,-0.15693671155751324,-0.10389065133910748,-0.9737613502328022,0.01842581658795601,-0.3376180200029243,-1.2892447248237509,-0.08743992333884522,-0.5664147336783418,-1.2292821012743738,-0.15643734352628733,-0.7200895948118803,-1.0964958962967561,-0.17554188466461182,-0.004060055069987081,-0.9365718048130718,-0.10976270354061902,-0.19570145796656752,-1.2560608490634746,-0.180475464764733,-0.3982114926469894,-1.327204766338522,-0.21122880290124268,-0.5583770683539365,-1.3142802143640746,-0.21862505622751957
O,0.0,0.0,0.0,-0.31256083498439763,-0.22282984867275255,0.04959289226356438,-0.5388182276311718,-0.5163610463921771,0.054002889239436885,-0.7145640475562628,-0.7026941224989457,0.007105665412568567,-0.8240093901204584,-0.9387010271896005,-0.03892061169252568,-0.28836278698269013,-0.9188995727511903,0.23705068608453292,-0.48174719619430684,-1.1584332957964751,0.14095475851120193,-0.6572282113074768,-1.1639972683193684,0.02575599938509571,-0.8049348874171772,-1.0857040069991875,-0.042972696416846375,-0.2057954619148357,-0.9684008503950798,0.14088300397615722,-0.4420413929870879,-1.2485594051124864,0.029836550078220683,-0.6497141828021799,-1.2192815802961787,-0.09136633798460818,-0.8001940695374721,-1.0945672895171727,-0.1561383738182032,-0.11006643819182504,-0.9773920378056502,0.02071462283332629,-0.34363470337385554,-1.2966916835630138,-0.0832285605930288,-0.5743904869598436,-1.2442367462812665,-0.1502957337211242,-0.7326217831503075,-1.1178713196161638,-0.16900881734649437,-0.00904241518487328,-0.9473674063780919,-0.10153180831204484,-0.2054121860188736,-1.2625949377078927,-0.170514373660917,-0.4112825699248204,-1.3302344674047955,-0.19966931215139413,-0.574706080764275,-1.312384933771408,-0.20601474133523393
O,0.0,0.0,0.0,-0.3321186198764633,-0.1537319763998886,0.03577955506410276,-0.5794269538900728,-0.37604275598751,0.03242799372394675,-0.7565194920661551,-0.5541097342327361,-0.02239882607221542,-0.8021908425543155,-0.7974576415844797,-0.0718149583571681,-0.3558940686786756,-0.8798026051834609,0.23166458177733085,-0.5262848591682721,-1.1518293837651692,0.13225895867073226,-0.686647139130991,-1.0913079888435828,0.020561579991043168,-0.7803478295197828,-0.9460703076370783,-0.04423206137287306,-0.2720025564682449,-0.9521555025363715,0.13933595467232823,-0.4843682695987637,-1.2977655062800701,0.022656143502980636,-0.6806952769663582,-1.188916661685274,-0.09704927560896426,-0.7691622130772764,-0.9752407322154913,-0.15622842655731511,-0.17821631090804593,-0.9830238083800739,0.021469006472193592,-0.3734825452608039,-1.348038391662589,-0.0812041245325221,-0.5986027566783344,-1.2322901336021728,-0.15572842880233823,-0.7065881607055916,-1.0207405279183885,-0.1796123076732479,-0.08218985318432602,-0.9636345621057433,-0.09993249182979871,-0.2487462164463108,-1.2935078587305235,-0.16520081682624282,-0.4483113203857479,-1.2815453568873953,-0.1987147357909666,-0.5797875078267173,-1.1560752535898207,-0.2091558555763124
O,0.0,0.0,0.0,-0.3279583821092993,-0.1462423858751072,0.054769346214600646,-0.5668970269695919,-0.36483716683934597,0.06584345736381805,-0.7382679675625391,-0.5307003118829087,0.021902773777220854,-0.8009671363494992,-0.7551120933015235,-0.017824916731245387,-0.37202850989869113,-0.8696105143519636,0.25390932096126395,-0.5410338333383145,-1.1297391221829798,0.16577883894139434,-0.6902133330939411,-1.0566235854327126,0.06249271399317239,-0.7730734823880271,-0.9046510382139209,0.0030429983755326127,-0.2940302417470062,-0.9429748124372005,0.15602794636610304,-0.5034624429297629,-1.265829206407113,0.05132304724366446,-0.6883827247145334,-1.1461639137233368,-0.060418793502083484,-0.7661019542934212,-0.9312454326840106,-0.11521996319380441,-0.20432621674197465,-0.975006466474044,0.03365870503212731,-0.4030828634969462,-1.3225436854224994,-0.061970675230786997,-0.6173181658365784,-1.18600465519571,-0.13232218020414033,-0.7128732393253377,-0.9681871009080063,-0.15444883828854564,-0.10931835164676909,-0.9613919127699774,-0.09074157888661682,-0.28052714820417207,-1.2732680908394642,-0.15200780530473595,-0.4821899661680373,-1.241530669447148,-0.18286886424775903,-0.6119868211494037,-1.1043792183145613,-0.19209116671264778
O,0.0,0.0,0.0,-0.335051665198943,-0.15696888220615252,0.0515935582481483,-0.57416756534204,-0.37193004806767205,0.05798378081061663,-0.7464769378419682,-0.5384542139777401,0.009338311274664134,-0.8105169468873623,-0.7652072480475225,-0.034921521021883895,-0.3686497315468913,-0.872924420621841,0.25312718725222444,-0.5412275208954853,-1.142419610607575,0.16362506635882143,-0.6907690907825433,-1.065996926948625,0.05909233919619347,-0.7713306465126295,-0.9108586654558029,-0.0012882942759203369,-0.29079793960827,-0.9439992435513194,0.15589094423385147,-0.5098055005918205,-1.2733917868575575,0.04870080193780907,-0.6922402643892441,-1.1452584637624115,-0.06700651188437959,-0.7625484522978027,-0.9262984210186538,-0.12453733584192235,-0.20190377675647878,-0.9754570972817131,0.03401037674415019,-0.4060331209078449,-1.324721501387873,-0.06251953671263004,-0.6173232523565166,-1.1833112259860206,-0.13567831823105578,-0.7069152767580522,-0.9606626772517863,-0.1597971217124621,-0.106662534732359,-0.9617867562685251,-0.08993543972310457,-0.27729775173007776,-1.2767269663577712,-0.14987411415933014,-0.47402426602781644,-1.2433166360063814,-0.18086694015076768,-0.5981449130329155,-1.101332135505393,-0.19060326890471352
O,0.0,0.0,0.0,-0.3273848459561356,-0.1562639704198919,0.034499451064403386,-0.5717061868847997,-0.37746327930358287,0.033642191254039465,-0.7493955441863669,-0.5477607927107566,-0.017331280588768778,-0.8075877886521348,-0.7791041404578651,-0.06269344855498263,-0.3586662835461401,-0.8798430849069,0.22966856130604477,-0.5360613293779657,-1.1413795945115721,0.13592571277576457,-0.6878462852517516,-1.0733477177685047,0.028930163949650173,-0.7709249884214602,-0.9243210583077066,-0.0323801298520877,-0.27847045718162433,-0.9498939849252399,0.1419704965121462,-0.4973697435616765,-1.2794607072428075,0.033115244899532756,-0.68333776190393,-1.1673932672539769,-0.08246046296731459,-0.7608954348338712,-0.9527976066399094,-0.1399876847083305,-0.18650117360933924,-0.9794869865674616,0.029058122669777146,-0.3898422216232444,-1.3309026469131324,-0.06955167957399312,-0.6069797437926041,-1.2083048911903074,-0.14398399183539645,-0.7051099326734351,-0.9915364509130814,-0.16855942943328567,-0.09190438639557992,-0.9622769209173141,-0.08703734328790712,-0.26275003134138675,-1.278452970570688,-0.15005295947694341,-0.457305221918202,-1.258151913408512,-0.18325875089235588,-0.5822412728386203,-1.1245676758138945,-0.19367265384890578
O,0.0,0.0,0.0,-0.31459287437969025,-0.1477134227494091,0.020419492767207146,-0.5600815420155095,-0.3789337362314947,0.014138967054495069,-0.7364274473391553,-0.5510484752609206,-0.0384998048575621,-0.7957615613198696,-0.7792431265510485,-0.08391956696543001,-0.352819770431948,-0.8929735596432501,0.1931954929703691,-0.5304137586158945,-1.1806985671689894,0.08626749841943052,-0.6824816137228213,-1.099114090598463,-0.020540546056625242,-0.7563830272057029,-0.9266637504918985,-0.07723076956479813,-0.2753592868512873,-0.9545441200960578,0.11411742169709861,-0.4950693662541576,-1.3022982476293927,-0.005076964483525726,-0.677932503684193,-1.1689831504132417,-0.112564580099365,-0.7444455527275864,-0.9387538826694395,-0.15966098906791928,-0.18238594242524628,-0.9802506261795715,0.009608973278728634,-0.38537475124344256,-1.343745595309989,-0.0965742658151327,-0.5975763292910992,-1.204645151253576,-0.16393128367620272,-0.6877631678039293,-0.9783377112154089,-0.17984672891394302,-0.08284708761598451,-0.9640681277537002,-0.09877304377638257,-0.25085884364638805,-1.284414275211036,-0.16617602797712644,-0.4440626962504589,-1.2537432647486593,-0.19647760345423795,-0.5656441606017801,-1.109414238609328,-0.20180494925740966
O,0.0,0.0,0.0,-0.3096065200318075,-0.14650834183049613,0.007324384058583036,-0.5613781894389986,-0.3651985086056455,-0.0066885688864756895,-0.7463548478707818,-0.5419525937237215,-0.06445522518767882,-0.8109386939968813,-0.7777118175091768,-0.11372054356307289,-0.36763736881947046,-0.8839633452482477,0.17992945702441263,-0.5552253977737983,-1.1806273734337862,0.06790885333739731,-0.7141329322958708,-1.0888126667584874,-0.041390533488930445,-0.7857574337844616,-0.9172438105298043,-0.09965772524767101,-0.289128075545401,-0.95115787778463,0.10818339733827795,-0.518151986074612,-1.3120721333498608,-0.020128974650715795,-0.7098580287897026,-1.1693071397980035,-0.13280123267962066,-0.7782482755412501,-0.9413039247636107,-0.1817546528729241,-0.1991147504745069,-0.9828989764581058,0.010396562535057946,-0.4086505830351835,-1.3604463955040749,-0.1003352315505841,-0.6263221066523005,-1.2159683848483136,-0.17186427087395634,-0.7165477345618174,-0.9906875945603207,-0.18948477937674305,-0.10398278344104897,-0.9721854363799557,-0.09213172074000917,-0.27197681104495164,-1.3068726521216774,-0.1606339552436027,-0.4712365933189903,-1.2799532906890825,-0.19370421278033872,-0.5959399969871735,-1.137250551353062,-0.20087211302355126
O,0.0,0.0,0.0,-0.33066493102643657,-0.09604580226847197,0.028851286416274716,-0.6013435566912563,-0.2709406248045123,0.028349660349842164,-0.7983752271730663,-0.4317740929525711,-0.021109651144205266,-0.881090875266947,-0.6629001444783508,-0.06298088173943703,-0.4371734524406423,-0.8290223991815759,0.23150934293702063,-0.6258501391526206,-1.0729669604368797,0.13729756522519437,-0.7729960481372078,-0.9830377739380648,0.03441812406881257,-0.8452323422193425,-0.8295730621726571,-0.022217391029209665,-0.36519903518300884,-0.9188944644860693,0.14920666150765294,-0.597935243886619,-1.231208569682004,0.03939548467996567,-0.7767336334367341,-1.0916877897209623,-0.06526967035486138,-0.8467112551969441,-0.8794771709485698,-0.11071983197949788,-0.2771591291284944,-0.974525248201882,0.040210486088772375,-0.5072710654034847,-1.30054061186271,-0.06098559607015579,-0.7136296361649289,-1.1450841195227208,-0.12277700609038329,-0.8025241584608214,-0.929457726719024,-0.13408836332252203,-0.17903763806423217,-0.9893577998707981,-0.0728239941720624,-0.3888892860578613,-1.2759627196448375,-0.1373633219898812,-0.5925745359989879,-1.2254964502498646,-0.16333010320458333,-0.7156930934415925,-1.0836629346523583,-0.16479150982043497
O,0.0,0.0,0.0,-0.3340207730955222,-0.053608619476148846,-0.012555447859082287,-0.6334031309651319,-0.202581261346792,-0.03796819986138053,-0.8549005353249752,-0.360962880927424,-0.10301594407551283,-0.9065444997686244,-0.6123035074821922,-0.15702132980941536,-0.4902691027104782,-0.7989123182416555,0.17844000107410565,-0.6920460257455474,-1.0219965940958649,0.06097054926573445,-0.837676289694282,-0.9178383954118756,-0.05804910690611372,-0.9070794350654487,-0.7613957550016912,-0.12533971911717043,-0.41052735859371753,-0.9048834392256153,0.1124866625928934,-0.6614392369595453,-1.2090511842693485,-0.022916376903515782,-0.8356854427020006,-1.0629252084512462,-0.14251959647116427,-0.9007365939675516,-0.8424785790690528,-0.19498002752318402,-0.3098320466515196,-0.97224670832018,0.018494933981612546,-0.5510087735421941,-1.2955020698476543,-0.10414627067977841,-0.7542898634104465,-1.1377467348620016,-0.17674766561781058,-0.8407096541005383,-0.9135560744997682,-0.18999700717469722,-0.19555949368548692,-0.9900857553713671,-0.08200963751332283,-0.406605273896934,-1.2826520105249535,-0.1605026025328269,-0.606930801091681,-1.2493808672094238,-0.19659012341538618,-0.7294071145444425,-1.1119511381366074,-0.20226256969046932
O,0.0,0.0,0.0,-0.3471496152033177,-0.04107909240414381,-0.025721279916928984,-0.6523546736009685,-0.17616909056081148,-0.06182469183468272,-0.8804856559605104,-0.32543914657565576,-0.13539869916267933,-0.9323895160102817,-0.5729242447744397,-0.19686259742919876,-0.5151575953957284,-0.7855387244753427,0.15774617478820618,-0.72528000714985,-1.0153538145677479,0.02482842081128431,-0.8737951228668708,-0.8966899667346543,-0.10168545135810311,-0.9344324973543221,-0.7322290453070353,-0.17186377293579846,-0.43485748167684296,-0.8953620948061973,0.0960504545222579,-0.6954570956887097,-1.211603341062161,-0.055777688796954925,-0.8724577548340386,-1.0332362980095204,-0.1751592343935258,-0.9253015973266101,-0.7957128770809345,-0.22271208163362063,-0.3332156647168635,-0.9682727885275004,0.00468354820415797,-0.5779796014508158,-1.2902877981338872,-0.12649614252671712,-0.7840804130020661,-1.1084240784257786,-0.19600015001916984,-0.8647831879245251,-0.875911830910157,-0.2046240635855202,-0.21748321154824,-0.987142998714626,-0.09444890050603903,-0.43362219676604363,-1.266938064488467,-0.1745541544928724,-0.6328528405825578,-1.2039535695362935,-0.208235534294398,-0.7482353886830251,-1.051373066024005,-0.21115632827290762
O,0.0,0.0,0.0,-0.3417599809303185,-0.0485364774896544,-0.023721126833798813,-0.6496547535944335,-0.1929044084822656,-0.057097778415585054,-0.8743806925949469,-0.3485169790581271,-0.1258601236953862,-0.9363525530656014,-0.5919675839825049,-0.18241069309048058,-0.5107416212487276,-0.7893632437134345,0.14082590131212339,-0.7220293696512903,-1.043518356198183,0.007711840674637917,-0.868969612554844,-0.9290453957115179,-0.1151627103814177,-0.9335691350991817,-0.7659570770684908,-0.18104562304429025,-0.4258184280791286,-0.9010291220336676,0.08261469333876408,-0.6844694711741253,-1.2442933171692883,-0.07339594049987516,-0.8604299113594414,-1.0751230317310072,-0.19351732493100376,-0.9162901245127925,-0.8383588334225368,-0.2387400623786802,-0.32139486453102445,-0.9798946810882511,-0.002632176389676432,-0.5697689600184154,-1.3113691578640667,-0.13179777396577713,-0.7677282822761917,-1.1431051979166524,-0.2030454075650561,-0.8456472733302829,-0.9140357417974955,-0.21150617795773405,-0.19459191996562927,-1.0138144373409237,-0.09509266951003138,-0.39619967360270464,-1.3068653391871476,-0.17023532848810202,-0.6003217150670765,-1.2829146285498303,-0.20591781696160677,-0.7319478781615344,-1.1527019000459382,-0.21034036515500898
O,0.0,0.0,0.0,-0.3566074510597189,-0.04091314499458059,-0.024239060685512397,-0.664113060848055,-0.17669030860777926,-0.05991921592486415,-0.887346043559207,-0.3277990576652676,-0.13282143493400506,-0.9498879697830197,-0.5739261683753187,-0.1944150995112278,-0.5162755857841559,-0.7842073755604003,0.15685514282381666,-0.7315134662826346,-1.0169446958583932,0.026449671877965427,-0.8814963095183646,-0.9126069421510439,-0.10020908449734599,-0.9469704872784467,-0.7580382480464029,-0.1713409157272548,-0.4325301200004966,-0.8965185436230668,0.09577158363696031,-0.6932740482424661,-1.2096745720515134,-0.05397755380919725,-0.8702332596705921,-1.0476425939296101,-0.1765866662252416,-0.9294514884910101,-0.8179262724124049,-0.22891286320370963,-0.3307366313751214,-0.9736971124753995,0.005722406043922387,-0.5770279311402482,-1.2972768839773745,-0.12268885633501882,-0.7808103652158819,-1.1305824156869462,-0.19530984004971066,-0.8641355123407213,-0.9021428836126143,-0.20852468063697757,-0.21461319037402155,-1.0017964592940825,-0.09187093493357969,-0.4336821044728181,-1.2789606235870101,-0.17138176340951428,-0.632938961295383,-1.226453921765072,-0.20778691095564658,-0.7529203128734014,-1.0819720771460735,-0.21403925079634883
O,0.0,0.0,0.0,-0.34979027064335294,-0.06090668215702614,-0.03809336362346723,-0.6679513790771621,-0.19450596176816062,-0.08220266824221416,-0.9071321505967705,-0.3509634279295013,-0.16033726770435755,-0.9358626499976803,-0.6001128397675125,-0.22468373945978823,-0.5084659204381536,-0.8038695356583061,0.1338009296270524,-0.7175660227782775,-1.0783281377226932,-0.010351699051319368,-0.8767087777731829,-0.9573938422197875,-0.13934317320663656,-0.9478620724620759,-0.7928188415487284,-0.2091029107434349,-0.4144431178583048,-0.9065959186219711,0.07950309678164487,-0.6663514738408752,-1.2649880107746378,-0.08983276908557015,-0.8517549444541008,-1.0831385088110828,-0.21211953193326152,-0.9123935106237272,-0.8428663600432115,-0.2559762416233055,-0.30497454349763337,-0.9763283184506653,-0.004568553725509715,-0.5430317052459035,-1.3195314334691595,-0.14553143470940696,-0.7443203488532809,-1.1470990227411346,-0.21597364930504095,-0.8234116349068279,-0.9168212203947799,-0.2197250088604871,-0.1757562231798678,-1.0014165427440576,-0.09717019662151809,-0.37711066375583707,-1.2993593349059827,-0.17831768789065294,-0.5816726399545386,-1.2644909373196076,-0.2141878409940332,-0.7125196350333195,-1.1292688434061988,-0.21673426026407946
O,0.0,0.0,0.0,-0.35900273199251237,-0.07038533213612078,-0.04666564789728144,-0.6752354138163646,-0.20064787039506699,-0.09949988587206506,-0.9153313270487953,-0.3524428413010509,-0.1849677040850208,-0.9377398180900628,-0.6157254558454575,-0.2586209252802241,-0.5326877259605851,-0.789883805995501,0.12352249875644282,-0.7372507920513619,-1.0487884159274898,-0.029201346292262682,-0.8777459566719221,-0.9282109357648928,-0.1701967515021087,-0.9357442246721652,-0.7634014019776427,-0.250068459213636,-0.43121896771785045,-0.8994640466026805,0.07081405756968326,-0.678936614395178,-1.2503462738713065,-0.10537012996370998,-0.8381012009836349,-1.0855929074484676,-0.24144902436640395,-0.8864989160851156,-0.8532657539971864,-0.2981542834213919,-0.3065566460869448,-0.9686735492752374,-0.011903412309438336,-0.5396125774452332,-1.3126147864726085,-0.15505975798438673,-0.7187813868970014,-1.1614848015801154,-0.23461264918825178,-0.7901284263043047,-0.9391977551305327,-0.248460684291806,-0.15642026441239232,-0.9871893369816567,-0.10377579327442858,-0.3490151071661572,-1.2865132276835736,-0.18944722612559212,-0.5390641196515726,-1.2682714147230143,-0.2326022355919052,-0.6643348787051027,-1.144984431067268,-0.24297369192098323
O,0.0,0.0,0.0,-0.3583750819472245,-0.06925098352917386,-0.06192364677362297,-0.6785101709249107,-0.21165568912379773,-0.124650392884905,-0.9270729138026742,-0.37120607956171503,-0.2165287912100131,-0.9352000911157289,-0.6383267941541972,-0.2959189569990836,-0.5342198810995092,-0.7881692650807519,0.09829381535093891,-0.7381235831040612,-1.0615619935820362,-0.06433182357027685,-0.8768458476478278,-0.9266856820316991,-0.2104503139657961,-0.9266122917877073,-0.7504369196538504,-0.2933043503359775,-0.4304526672743509,-0.9009879423315511,0.05414082571918071,-0.6758427714524393,-1.2699114458763365,-0.12839731975032317,-0.8347819567840908,-1.0990290440509505,-0.2647605680284258,-0.8808096813440418,-0.8683475362511675,-0.32221136048107435,-0.299915886627812,-0.9705269096851621,-0.020273615806683316,-0.529587803247295,-1.3322746472664637,-0.16447815494679482,-0.7108900986781737,-1.180503495938221,-0.2424948362624398,-0.7842955530831184,-0.9583685925972067,-0.2568730181009778,-0.14234741303800172,-0.9853546543006906,-0.1051365259175389,-0.3297969969889297,-1.289500303349923,-0.1913964669345385,-0.5218956437535485,-1.2697972410234237,-0.23719863374115058,-0.6499432402696752,-1.1475382207812386,-0.2507905322790989
O,0.0,0.0,0.0,-0.3467797108606837,-0.1298503942251693,-0.06890044230862473,-0.6419734058473506,-0.3148284632338898,-0.1382326707017805,-0.8517312905205776,-0.5229457636749761,-0.23548080184242054,-0.8234967263446294,-0.8044957299062129,-0.32147853542746235,-0.43440705955040615,-0.8604809527174822,0.08315746957462039,-0.6053094960525099,-1.1531544869084855,-0.08562320062806317,-0.7502490761803357,-1.0312371341867845,-0.23908397212789034,-0.8127489676131806,-0.85730788056551,-0.3286247790229895,-0.3224544293557314,-0.9457662948901799,0.03936059499767306,-0.5279228886471914,-1.3188847917279722,-0.14550554828455634,-0.6833230139194171,-1.1674376450748138,-0.290334850312032,-0.7391676392999769,-0.9643506751405094,-0.35865713654452586,-0.18667607188336846,-0.9859715024710172,-0.0353941026855563,-0.37365067255796947,-1.3668525905024451,-0.19049413805958917,-0.5556054153083845,-1.2430065973399664,-0.2800214630092778,-0.6398540921786244,-1.0384474471166398,-0.3037334965598211,-0.026611193499108367,-0.9709656157310758,-0.12010684211036295,-0.17204719811687078,-1.307308615600853,-0.2200130230508427,-0.35580539181496584,-1.318341661927149,-0.276291387893906,-0.48929567055194606,-1.2221832511553925,-0.29815660557860735
O,0.0,0.0,0.0,-0.331399287229735,-0.19371328441562996,-0.06853403483778318,-0.5984192520143193,-0.4173090651955259,-0.1342883995010281,-0.796297341868487,-0.6522425003563127,-0.2249297442250978,-0.7359847804720044,-0.9007675702995308,-0.30330610286486004,-0.35136426982722263,-0.8975491013363257,0.10390443353099894,-0.48116163028189646,-1.1950256077631267,-0.05166727808384942,-0.621303830051648,-1.1414500140002612,-0.19875447909128302,-0.6960705393772914,-1.004009584634367,-0.2831867408197624,-0.2358425425163812,-0.9692469518880225,0.0702754679471167,-0.3797439584326158,-1.3478633998371388,-0.09683898338388836,-0.5297019277909792,-1.2657849838896218,-0.22836233843598966,-0.5978349167001676,-1.0800169948417202,-0.2862845330943752,-0.09839170749590186,-0.9991943101658696,0.005748153970087442,-0.22580640428733142,-1.3871220846929837,-0.12307309827530169,-0.3962995861144519,-1.3407066218502006,-0.19638264019926696,-0.49320189758405747,-1.1703606222262688,-0.21136594456868182,0.06533039927423882,-0.9716951711751536,-0.07080438969299739,-0.0366642083125995,-1.2986303169694495,-0.14790609177681663,-0.19889900018736098,-1.3522277626069439,-0.1922170109797412,-0.33105381949750606,-1.2805272528324088,-0.20563526154264655
O,0.0,0.0,0.0,-0.31822830149649833,-0.19340735139954482,-0.08431050937179305,-0.580342947609649,-0.4362723123817222,-0.16071829699691598,-0.7686838288584471,-0.6905763230506778,-0.2590767444361682,-0.6904008548998338,-0.9331270763007993,-0.34484929548029636,-0.32178487051196436,-0.9083169850826485,0.07988545347674351,-0.4451387502821109,-1.210824883093725,-0.08551121121633132,-0.5751629527891305,-1.1447231292289373,-0.23702184283918434,-0.636116719803173,-0.9909006557856677,-0.321922234275279,-0.19737104336867506,-0.9788982428035617,0.05294243549044124,-0.3318632360736284,-1.3689481684179825,-0.11448142460840192,-0.47894285073341625,-1.2903156397966644,-0.2446998409410091,-0.5461538304284078,-1.0997338552539844,-0.3023969697354835,-0.05240763908455134,-0.9970760063568727,-0.00637259435216266,-0.16299816820269172,-1.3889635118187145,-0.13787234951386027,-0.3292959205700071,-1.3522956191653475,-0.21395966885528547,-0.4269024973451853,-1.1843519893595054,-0.23083651856157072,0.11153787291416677,-0.9511859037649883,-0.07833571953025398,0.02421598645545078,-1.2863100381117158,-0.1584660239655695,-0.13048590020051323,-1.3517392792015166,-0.20478397409586338,-0.2618664116425341,-1.2888458061918913,-0.21949766648520716
O,0.0,0.0,0.0,-0.32559319155481337,-0.18529203070343675,-0.08221641803314574,-0.5919658592306222,-0.4375962014572673,-0.15450924377477993,-0.7669405366789899,-0.7063884640006928,-0.24770262487473443,-0.6784516206840296,-0.9568356760954726,-0.3268484341483025,-0.32827513793760515,-0.9053821471634875,0.06803322683893871,-0.434035666120647,-1.234688784816797,-0.09460819043224236,-0.5715142215370903,-1.185653554898514,-0.23741585671716306,-0.6400326150553913,-1.0413004944672324,-0.31605647439715717,-0.19791741758459983,-0.979331228826404,0.04170179926584456,-0.319496316693397,-1.3883423065952036,-0.12624409292383137,-0.47578430947937517,-1.3222601184356013,-0.24659484648544416,-0.5524472626533333,-1.1343913411262256,-0.2960880135062705,-0.051844052179764955,-1.0004656637278186,-0.016233000079768033,-0.1581526087636127,-1.4074368318258628,-0.14903984199447762,-0.33099407505940226,-1.368462258282736,-0.2154480846696282,-0.43481577017699624,-1.2010974240430654,-0.22490706723705278,0.11547424912389563,-0.9573880632776263,-0.08656204940880752,0.03555022067239897,-1.3004692746241928,-0.17018031439708348,-0.12310117404327998,-1.3724538417531802,-0.21417565920517104,-0.26123213300307313,-1.3175031565214692,-0.22605282298139676
O,0.0,0.0,0.0,-0.3208250559975332,-0.20583301243846122,-0.08397516746872807,-0.5712736543296468,-0.46192825548811944,-0.15933493781371239,-0.7426700273963842,-0.7263438341049666,-0.25798136916036185,-0.6540102695143496,-0.9553794542183869,-0.3454084688476493,-0.30313193082341827,-0.9167260204598436,0.0883743843365115,-0.41402626745821053,-1.219483758113264,-0.08068164410812663,-0.5462581945712411,-1.1681206834559381,-0.23958584531190083,-0.607002867418217,-1.0212161742628372,-0.33052428058714395,-0.17461013299481642,-0.9829490597751843,0.05764067437681151,-0.29645205079207987,-1.379136002465499,-0.11859391999837399,-0.44784504767030187,-1.3005944462037518,-0.2631034170178278,-0.51516321117286,-1.1064925212014745,-0.32989478151462637,-0.02838331268556353,-0.9953038406270905,-0.005856293587173676,-0.1267882229896701,-1.3952019421764383,-0.14515690903478753,-0.30100757522364513,-1.3557100914986306,-0.23614978306722198,-0.40045052552303123,-1.176558733719528,-0.2620002564288395,0.13424920695397838,-0.940835111375115,-0.08158688327912582,0.055757413464762026,-1.2819153317504528,-0.1671754916153953,-0.10104336682285552,-1.3503954273923162,-0.22259228748197077,-0.2322557862834802,-1.2833578801679617,-0.24394972587063243
O,0.0,0.0,0.0,-0.32448863681471674,-0.2047998349728488,-0.08652019624336169,-0.584057055373662,-0.4634814231924337,-0.15992126802702739,-0.7524141935657164,-0.7439271410727958,-0.2549196503750797,-0.6510543052538583,-0.9874308690080793,-0.3360542366119338,-0.31485806444472375,-0.9082707258899317,0.07958329802726052,-0.4108159476282438,-1.2281240502272723,-0.08185077490677929,-0.5470094793012797,-1.1905408602941132,-0.22836341516612998,-0.6187188739014327,-1.0581693834519883,-0.3109681019657067,-0.1829408291337336,-0.9815934811717854,0.05483512338745968,-0.2921750910101777,-1.389734502633342,-0.11428271221238552,-0.4454440065342745,-1.3335525550212315,-0.24183610896978372,-0.5215947704055324,-1.1498198881389643,-0.29661909860136404,-0.03577867994491731,-0.999486662756373,-0.0024202824276783486,-0.12790379834856055,-1.4113028264880279,-0.13656295664207244,-0.29821433810197845,-1.3767443822502745,-0.2103059755599044,-0.4006240342374585,-1.2029695232438997,-0.2241959935841954,0.1312364550767319,-0.951021349786581,-0.07257938599506937,0.060966617312563566,-1.2983087904621584,-0.15649935202310064,-0.09774085686134149,-1.3711544873650805,-0.2043978816882509,-0.23623376801233048,-1.3068009651045844,-0.21939707790543053
O,0.0,0.0,0.0,-0.3136268840148185,-0.21808127405574435,-0.08304037591343595,-0.5580641334469173,-0.4819961571361913,-0.1612074383158273,-0.7302313235977443,-0.7538061684929742,-0.2631868001976772,-0.6326444547388446,-0.9761468468477181,-0.3534120541978437,-0.28312215729975954,-0.9268976895010977,0.09245329059963309,-0.38952690292105163,-1.2350378142671268,-0.07059906680744804,-0.5200607754777035,-1.1782628993022342,-0.22460006998848056,-0.5847587362686693,-1.037554944803843,-0.31449493335068734,-0.15538320445932538,-0.985906573577566,0.06200232212179613,-0.27441120362259624,-1.383329735040125,-0.10970083766284965,-0.4290217588106476,-1.299734757819438,-0.2504841172707675,-0.5034662222289541,-1.1143268502634125,-0.31589773371173174,-0.01264653700451276,-0.9907361966556143,-0.0008725568201277168,-0.10408589359533284,-1.3999301656677665,-0.1354211448425651,-0.28186236373954593,-1.3509787201673333,-0.22173464998218728,-0.39004659884693194,-1.1747664239940332,-0.2458247121275551,0.1441230507142402,-0.9261289961579242,-0.07618399665054437,0.07345683771140298,-1.2714152857870609,-0.1583192434663272,-0.08568155975389194,-1.3352432814754818,-0.21214461843953358,-0.2227953840332599,-1.2695848213417298,-0.23364688196137098
O,0.0,0.0,0.0,-0.3202730618805326,-0.21829033062838474,-0.0824342357194969,-0.5677068116941176,-0.482018381803858,-0.15669907742447264,-0.7264204622515008,-0.7571867229905292,-0.25442942301198607,-0.6280243617256716,-0.996791463110584,-0.3390352578242386,-0.28862575102827887,-0.9226257956960366,0.08532004841367383,-0.3851192256199657,-1.2525823458716066,-0.074752576445282,-0.5271621502148566,-1.2028018050318086,-0.2222009606085473,-0.6019469370382922,-1.0611730857195898,-0.3065051402874133,-0.15734732601259582,-0.985919265550481,0.05661290323844734,-0.2668527900265096,-1.4029035016846165,-0.11278351233757619,-0.4261812981475478,-1.3327067640323134,-0.2464623640883995,-0.5044022840790678,-1.1419168536591973,-0.3064506289831796,-0.013344182980409963,-0.9933174833204315,-0.003943828008757035,-0.1007154658127826,-1.4181898190563316,-0.1359294642163728,-0.2763705270974744,-1.379170898170584,-0.21424652884127687,-0.38324147964718497,-1.2021173757243455,-0.23309525929173489,0.14639806968327507,-0.9350495352910649,-0.07694940648271566,0.07773444446488866,-1.2870734593445194,-0.15850389689013664,-0.08053758677832203,-1.3570763406312116,-0.2076841510695772,-0.21748610891436468,-1.2917348813646679,-0.2250422867515707
O,0.0,0.0,0.0,-0.30420522554779944,-0.21948230120049747,-0.08662814604401768,-0.5478787486290505,-0.4867267928833574,-0.16550998801430233,-0.7115711825620671,-0.7647927890956964,-0.26533400211789526,-0.6002678628145607,-0.9781045893642316,-0.3521253053918724,-0.27402874992246273,-0.9329004676604298,0.0712365824533011,-0.3733496902328814,-1.236655119184755,-0.09119368001646277,-0.503581598946649,-1.1707856321333812,-0.23852689171221797,-0.568873280532673,-1.0255868930743688,-0.32358995856742223,-0.14358538613628166,-0.9886457591234508,0.044303497100236115,-0.2560543967702704,-1.3853536188914233,-0.12461381541288902,-0.40940748405873356,-1.2974542764780637,-0.2526439817850046,-0.4819029740439264,-1.1106698958421206,-0.30986103079189026,0.001498105428284863,-0.9840337313549592,-0.014392563168694484,-0.07817072908971216,-1.3979782035113597,-0.14913497384631524,-0.25530915203942356,-1.344778996879469,-0.22538667535419504,-0.3638283879998257,-1.168777032944471,-0.24279303699798663,0.1567462244038428,-0.9074568672734649,-0.08545425819349275,0.09117140805984153,-1.253229926476313,-0.17008042196525278,-0.06739951233963652,-1.3119671728145732,-0.22048280486592534,-0.20533586725643316,-1.2475013756056554,-0.2388613502450541
O,0.0,0.0,0.0,-0.3252890976811277,-0.2252752474492656,-0.0790884830693408,-0.5705046204599243,-0.48813722089974904,-0.15633023766672932,-0.7272316296794009,-0.757128615185374,-0.26086085885165694,-0.6206383101690114,-0.996042208041754,-0.3551733178867584,-0.28714319644582675,-0.9300561166517319,0.10201165063071038,-0.37859144705001885,-1.2493306099021115,-0.05964378376079266,-0.5212990205369955,-1.1918436634517855,-0.21944590472287875,-0.6016395521139621,-1.0521135786044136,-0.31682352934464664,-0.15475362360501405,-0.9858247997657426,0.06481342567671762,-0.25830391012601617,-1.4070152948989678,-0.1128442285923726,-0.41683589239454155,-1.3286702246376059,-0.27319284050600734,-0.4991108926282872,-1.1403012253914675,-0.3552220209799996,-0.012238359060975982,-0.9874584016502556,-0.0038683428970143568,-0.09354293878266207,-1.4134197516601936,-0.13865861045443595,-0.2697634748642277,-1.3736536760287033,-0.2413621828891727,-0.38252456320607253,-1.194414458504371,-0.28097492343154484,0.1435082159263354,-0.922192273977377,-0.0845616638607385,0.07848935886470286,-1.275655428344931,-0.16512174340621522,-0.07889377660624362,-1.342459458599949,-0.22634971043017005,-0.2190187206441463,-1.2733125592170238,-0.25790305627544174
O,0.0,0.0,0.0,-0.3055251050774883,-0.2272153442445383,-0.08400967890154018,-0.5493863514017768,-0.495479380564901,-0.16246772931461137,-0.710289766309157,-0.7767752838636144,-0.2642108089641928,-0.5927679706917939,-0.9973734721082455,-0.35335280450844414,-0.2697551948983479,-0.9374444888953344,0.08038123597831985,-0.3634644228280698,-1.2534386859363686,-0.08388408749077997,-0.4907347850894934,-1.185523973639225,-0.2353841478568254,-0.5539043426708389,-1.0342957530366343,-0.3235962384792819,-0.13706467476945022,-0.9893340559464976,0.04930923518771388,-0.23716266492348326,-1.400676390806484,-0.12530535250544925,-0.3914336006442488,-1.3130199334742907,-0.26363686055113167,-0.4682193195642355,-1.122662333817045,-0.3272283090832842,0.009417384484638485,-0.9832308418657205,-0.013484747032938666,-0.061539707386445895,-1.4015389631852286,-0.1503276410444139,-0.23860930796636212,-1.3505104026397157,-0.23409915324890254,-0.35169129412129474,-1.173422682671138,-0.25668407643069574,0.1662259294026234,-0.9082747338082212,-0.08855921132864243,0.10551904280613235,-1.260562737426482,-0.17187794154123806,-0.05314729869003548,-1.3179971729522642,-0.22413248285243645,-0.1946053659694812,-1.248483480529792,-0.24511339274538435
O,0.0,0.0,0.0,-0.3128311381049571,-0.14701576400108815,-0.11109793718494652,-0.5768514731121724,-0.37812800451176876,-0.20123387786422714,-0.7380276096055564,-0.6562244766513065,-0.30721257293085447,-0.614292821017915,-0.8817382121297347,-0.40145377990654263,-0.3923175226594157,-0.9092740116236179,0.04388633109931515,-0.4728776596530628,-1.2516539866454648,-0.11857299048099569,-0.555599322351714,-1.1666677948461932,-0.2708051229886117,-0.5670782945516996,-0.9904497401863493,-0.36057766067774516,-0.23497028623758578,-0.971742203858428,0.022495640150751887,-0.30950058457982477,-1.3921084453858241,-0.1505543028174566,-0.4117309579279263,-1.2807283234612201,-0.29400186304208525,-0.4407004145445013,-1.063450333223489,-0.3605403730069313,-0.0705479419792525,-0.9735118088191264,-0.030277918097751277,-0.12947162508260215,-1.3738336778797842,-0.1539315694313029,-0.24880806931724445,-1.3241054490397375,-0.24278833738127656,-0.30636742662957095,-1.1323007615789535,-0.27374505297190177,0.1169994925964826,-0.9091808338466618,-0.09782776988326033,0.05339704860758834,-1.233115914639377,-0.16557937115191657,-0.060080456500205145,-1.3004666665467708,-0.21547667791306302,-0.15445276372486888,-1.2363309895452013,-0.23867921397754385
O,0.0,0.0,0.0,-0.33455434399972944,-0.1675378809973416,0.09892664667130399,-0.5153957269694517,-0.4181802385769636,0.12149644834509046,-0.6663363493409933,-0.5848304716414454,0.08723566367283847,-0.7833435187794637,-0.7799397890692245,0.054166756091388546,-0.21410401182013067,-0.921737383325659,0.2587182498866608,-0.44450670136941667,-1.1321298333879641,0.1942853712500917,-0.641140261554234,-1.0872656830596814,0.10727871583581586,-0.7597587502079818,-0.960297221205307,0.05726441002722801,-0.1425061167791849,-0.9787117527942247,0.14770007319894524,-0.44580429092838225,-1.2426090438037833,0.09546808220934995,-0.6734034191847743,-1.158481158648573,0.01599429750936789,-0.7871089684915249,-0.9882968702849603,-0.033039698887113014,-0.1162245220687993,-0.9909192246587829,0.019092419423350698,-0.42360869831018916,-1.2825645334423794,-0.04024528303386153,-0.6669136211597578,-1.1618453396885362,-0.08187377104565435,-0.7837045449449651,-0.9758626295829428,-0.09770861919446824,-0.14718326741655446,-0.9578766575614011,-0.1079871032208254,-0.39351250714836433,-1.236093226916743,-0.14567637165954747,-0.595823845584287,-1.198999580821974,-0.14907392911751774,-0.725861029845423,-1.0606994998184505,-0.14359586008736716
O,0.0,0.0,0.0,-0.3436327976475786,-0.16388215416187668,0.15770590256757347,-0.5189029764793991,-0.41749943973417497,0.20606294170390646,-0.6701042778442606,-0.5798132073759988,0.18408338528773177,-0.7800515025638747,-0.776422628160303,0.15457929074320914,-0.20878232761025695,-0.9125770634764123,0.33433293379683465,-0.4370915266591592,-1.1055290206738733,0.30459249052233184,-0.636303252017182,-1.0669657717360896,0.23137952461108616,-0.7698639939593533,-0.9561946274214611,0.18447476431776325,-0.13138830846150382,-0.9724591171192001,0.1925107216010852,-0.441036719134674,-1.2245270756269602,0.17359577637085405,-0.6820650047076176,-1.1506675521321825,0.09448131126592112,-0.8195386758301255,-0.9846075681377757,0.03776014919862465,-0.10523666880759323,-0.9870832306667199,0.037564129587617325,-0.4139448512807113,-1.278963636160446,0.0023568365313567144,-0.6669500527725996,-1.1653362142865675,-0.04606659047028534,-0.8007538601805799,-0.9830411334896733,-0.07618897274706002,-0.1452374140287633,-0.9704543149942629,-0.1107626025944602,-0.40260826417745726,-1.2445626967486474,-0.13742927810725267,-0.6088853067315245,-1.1994715842971304,-0.13979982659087417,-0.747348232484836,-1.0589032776054437,-0.13936573600993057
O,0.0,0.0,0.0,-0.334823811479736,-0.16561342564384204,0.1349892191503718,-0.5109441351192293,-0.4126110206797564,0.1681004100184311,-0.6611417556639841,-0.5674687919394666,0.13771974940427065,-0.7678827216633459,-0.7624331840089456,0.10355669071788697,-0.16507588310321744,-0.9318603024223893,0.2776239306681101,-0.42310945523966165,-1.1335241901093507,0.2270596627683405,-0.6281419047242862,-1.0781236834235386,0.14822118619645067,-0.7507960742289428,-0.9435470491093348,0.10218315515583777,-0.09438423543944184,-0.9844622711451069,0.14807313325627225,-0.43212129874785654,-1.2482629885179333,0.11372607347230587,-0.6765800918014763,-1.15619613328235,0.03979785858246164,-0.7980918118511756,-0.9719846506989231,-0.010285464216191715,-0.07974043292529427,-0.9898270600712938,0.005496704806371606,-0.41281940419231344,-1.290490729318856,-0.03933470451117165,-0.6686227466389322,-1.1653297816428354,-0.07894331932010551,-0.7885498599013222,-0.9745810955408933,-0.10000936844933309,-0.13510479845305579,-0.95851932442703,-0.13203387990102491,-0.38959219101192416,-1.2493504256405414,-0.1654561449217824,-0.597520164858462,-1.2110629860331505,-0.16667167728811394,-0.7302192888860928,-1.0731176755505303,-0.16218597056466658
O,0.0,0.0,0.0,-0.3374717485228162,-0.16208338432593164,0.1220948378524573,-0.5267907420790421,-0.40940419291160635,0.1614883461588434,-0.6772736272403269,-0.5714249442093207,0.1368574539498488,-0.7831401243753733,-0.7667430925987123,0.1107672164383512,-0.2498136484949774,-0.8996527612541677,0.3028681957892405,-0.45753812895915996,-1.129590181334389,0.25588224826159445,-0.646674442849752,-1.075980167011789,0.1762733575351197,-0.7608158749754917,-0.9456669323865828,0.1273544095206789,-0.17200981157333434,-0.9686656214961091,0.17916344061795306,-0.461329015685141,-1.2408309780736284,0.13602741031072657,-0.6863811730300402,-1.1456369447086823,0.05092989981119801,-0.796480959385668,-0.9680614170119471,-0.0027503255811157042,-0.12812470953778565,-0.9931167841458712,0.038464345768716504,-0.42605379918249164,-1.2896874632582982,-0.015481987775261092,-0.6681371477147524,-1.1638729139641812,-0.06656057323667372,-0.7808916894348752,-0.9727532208467067,-0.09047912112372491,-0.13514028949191337,-0.9773137449465976,-0.09893217588001342,-0.37489294050132543,-1.2565578818346161,-0.13553009669924054,-0.5836372500553948,-1.2189494715652398,-0.14411903364004813,-0.7175347504928433,-1.0799316076053924,-0.14410285060445122
O,0.0,0.0,0.0,-0.33793766035699885,-0.15323305819972946,0.14675685839216698,-0.5475580043265653,-0.3807124725891948,0.21076021874928316,-0.7021425862078685,-0.5439700360411891,0.20344259915181975,-0.8014241718979168,-0.7367613068121285,0.19325265796652066,-0.35222767581271563,-0.845849894560708,0.37630640532061005,-0.5273968489528369,-1.0870355703099717,0.35346375820715414,-0.6897826195526077,-1.0379623996104357,0.28518352574701566,-0.7921256044150188,-0.9293160498133095,0.24102870859662415,-0.28285539374956375,-0.927648451158131,0.2438466265723188,-0.5166648742330773,-1.213131572750557,0.2085970632651082,-0.7178737967385858,-1.121438790307448,0.11729806729474639,-0.8183449190769206,-0.9482827733262069,0.06317120154469638,-0.2231705148020972,-0.9673836701647529,0.09359608091666216,-0.4647331219172789,-1.2708901855618062,0.0477065297742796,-0.681764038895237,-1.1482011397972856,-0.01189292893113708,-0.7854550985394745,-0.9605729832027101,-0.039459206695738255,-0.18270913551644744,-0.9688367695066227,-0.051887289121005896,-0.4025915138015122,-1.2507946705381048,-0.07715692211915588,-0.5988117697049657,-1.2072645492612757,-0.08733945790479622,-0.7183929117779521,-1.0678649166926681,-0.0896822482197549
O,0.0,0.0,0.0,-0.33535595457073797,-0.1603145038424201,0.15875812514440296,-0.5377525920094274,-0.4057504749209099,0.22908815466775867,-0.6914908590797383,-0.5711571234984949,0.22556786653613053,-0.8036511784596065,-0.7591903329754788,0.21808608606974997,-0.3382356402837399,-0.8560531734833084,0.37961477025551565,-0.5145648030817283,-1.1122282378990624,0.3539135558837275,-0.6782347128624414,-1.0520995274117266,0.2893556076573542,-0.781841482906313,-0.9281741318198861,0.25130601983577305,-0.2685904208239276,-0.9322464963189031,0.24243691126302333,-0.5059492273601289,-1.2331394834348268,0.20448534728297488,-0.7100337578170283,-1.1243302502985402,0.11962753372124216,-0.8093819734436721,-0.9338255108780998,0.07347975053600429,-0.20945535088166428,-0.9667018212369198,0.08829068917820965,-0.45159683479343493,-1.2886227499247391,0.04176887858068309,-0.6719573103552532,-1.1494235784010725,-0.011705626894840065,-0.7780006097392769,-0.9517372911418837,-0.03298916338369094,-0.17061243451208608,-0.9661141212333355,-0.05972459158693741,-0.39996861893012503,-1.249441678992224,-0.08224112487776847,-0.5949165520263635,-1.183986452641268,-0.0876943587088503,-0.7134403355234434,-1.0262828165871043,-0.08581572763232491
O,0.0,0.0,0.0,-0.33109567027417297,-0.1430258718167402,0.11089706556551536,-0.5568544863874371,-0.38287144764357267,0.1580152331035781,-0.7172112531931111,-0.5481997850772926,0.1399448077530257,-0.8293087247915288,-0.738661849490824,0.1221586189778031,-0.3826968634798104,-0.8578265629860856,0.3257251454177117,-0.5502388046666878,-1.11145591123723,0.27415930440306335,-0.7026459300710478,-1.0397121803547953,0.19513153424365834,-0.7955983303323455,-0.9021557305977389,0.14900590771079159,-0.317323580881022,-0.9253390526773374,0.20749309050436696,-0.5369254395725134,-1.2280070424879872,0.13780341009221966,-0.7232578831225063,-1.1042156282184752,0.04471412341953456,-0.8069766107275465,-0.906127961192431,-0.000467001233142507,-0.24340867989634435,-0.9559946651397813,0.06846884974045248,-0.46059865395676886,-1.2803905579123018,0.0006582941119651064,-0.6646224029852805,-1.1340900206349929,-0.054953181664423305,-0.7580642781653082,-0.9301063906946185,-0.07166138004763689,-0.16583864341744428,-0.9562909291752566,-0.06905201361390528,-0.36209692411133815,-1.2426215225147461,-0.10636495614992766,-0.5519046285625863,-1.185036743661072,-0.12025123064008474,-0.6666075263271507,-1.0392333965117504,-0.12051876929823653
O,0.0,0.0,0.0,-0.3294749184026891,-0.14534777598167364,0.12070719961027114,-0.5490381546538703,-0.3889940708246511,0.17350504127236233,-0.7076586781759429,-0.5503369407508287,0.15956651316156042,-0.8244658805341949,-0.7355993757888446,0.14553549507677288,-0.3783390731257957,-0.8578866091057447,0.33849534821214106,-0.5459436669865118,-1.107866067662695,0.29226775762363516,-0.6990651816543306,-1.0325831552995588,0.2168376166005532,-0.792925054311249,-0.8973798279976052,0.172471563974602,-0.3134732803562521,-0.9247498799219541,0.21580584349600457,-0.5347184598725657,-1.2220674086312484,0.15032555955495747,-0.7227371615763725,-1.093495219817948,0.058283979253653584,-0.8054936564836631,-0.8937799175242922,0.013573878137447265,-0.24234140091754822,-0.952657420751729,0.07289815862194068,-0.461963752222857,-1.2679586869145836,0.007359330531491903,-0.6677697592538703,-1.1185847612870312,-0.048998678114022136,-0.7615563379691396,-0.9167582226414418,-0.06641598264464912,-0.16926036071811668,-0.949873123515992,-0.06759031491974324,-0.36939568528750205,-1.2304901040924108,-0.10225789259593163,-0.5595479823581798,-1.1728716860768726,-0.11582478388467075,-0.6746164168328483,-1.031256338632654,-0.11645826658532552
O,0.0,0.0,0.0,-0.32456123839789436,-0.1547009272935608,0.10585056560811443,-0.540815704440528,-0.39900168705402395,0.15244460693632447,-0.6943352893844524,-0.5687695817198777,0.13553486625754904,-0.8022079912124384,-0.7609357802702647,0.11929242905990271,-0.364152859714778,-0.8638299048921286,0.32232691932881635,-0.5255821007453914,-1.1213086091433575,0.26893288086855155,-0.6808238516837073,-1.0519741135721614,0.18866872156449235,-0.7789801450245105,-0.9227346870547971,0.1421611000830648,-0.2989925433756331,-0.9310706939185297,0.20907133216162782,-0.5148857251074556,-1.2395459579136383,0.13645534997571862,-0.7059732539862787,-1.116832477395128,0.04080999155547677,-0.7963449511941355,-0.9228758482018783,-0.004729680082811737,-0.22904697443257982,-0.9624918418730628,0.07495169321987959,-0.4474101453918858,-1.288702680613177,0.004240435766846322,-0.6534993546124768,-1.1456892346050669,-0.05368433487373673,-0.7510375165240687,-0.9454086963047234,-0.06984649011529764,-0.15765031301038976,-0.9631244202634206,-0.0576402760774939,-0.35771304407207277,-1.2489539072380191,-0.094485892632965,-0.5450342170953343,-1.1927729838032881,-0.10742380113998543,-0.6597388978777605,-1.0486550621014135,-0.10594303587089818
O,0.0,0.0,0.0,-0.33463445974485956,-0.17409234778980928,0.14600276754226038,-0.5424256023153137,-0.4127933814414007,0.20720787843063387,-0.6925544726867703,-0.5738896887486797,0.19539479591765577,-0.8006789867356857,-0.7620259780561525,0.17941649100856163,-0.3501433510723439,-0.8601773953517223,0.368605809225408,-0.5265906166795621,-1.1083713477634403,0.3289507891735154,-0.6846786077595114,-1.0395184867394216,0.2517252780652588,-0.7820609264049252,-0.9124576267178821,0.2047275407829416,-0.28117665948877835,-0.9310376335475767,0.23261257721124978,-0.5139817100807083,-1.2355020458577453,0.17107785261566658,-0.7140229162173153,-1.120022317962629,0.07016998982724262,-0.8061605605698664,-0.9246032924309276,0.017120695898513647,-0.2124480772399172,-0.9620404587570398,0.0782354417510512,-0.441310851110148,-1.2938280547010572,0.0158288977671339,-0.6562649603595682,-1.1590242970435558,-0.04816052682339579,-0.7547933932668548,-0.9587047284468393,-0.07233113324240226,-0.14746325561615403,-0.9595375062216115,-0.07128394708517928,-0.35253269301065926,-1.2563893486379079,-0.10278159841119441,-0.5416563936839407,-1.209630614287683,-0.1161829815426329,-0.6568434615607437,-1.070227002212317,-0.11806053963550713
O,0.0,0.0,0.0,-0.3248989451872209,-0.1717685957282993,0.1260524195535633,-0.5304085943462382,-0.41884366142537144,0.17534799983782295,-0.6799075866204537,-0.5810538888162818,0.15698954670808565,-0.7863862215308153,-0.7698252836076398,0.13673334288168978,-0.34377148675855307,-0.8767605193623268,0.32754053560160906,-0.5109300749258603,-1.1351805375725366,0.27553069099326916,-0.6700075651338299,-1.06605990356654,0.19623172733123181,-0.7690139398765523,-0.9369871717087774,0.14995390903537414,-0.2747317011313999,-0.9403390244980532,0.20071126375840662,-0.49748834445692136,-1.2506331225389329,0.13199927155840105,-0.6957742184657246,-1.1335197908735182,0.037941037596486635,-0.7865386784737772,-0.9402776457288088,-0.00925010441682497,-0.20515820620608555,-0.9646938561395321,0.055116275389336195,-0.42250735796161487,-1.298875955182691,-0.01139917687090175,-0.6352009630692934,-1.1627842640677846,-0.06755225769672031,-0.7338413751502306,-0.9655166396412314,-0.08570119252767928,-0.13842408434619444,-0.9565331197770887,-0.08717596733077122,-0.338249817478031,-1.2525004450957309,-0.12131525402619041,-0.5240327921926284,-1.200863080518491,-0.13094848961235522,-0.6354018190417671,-1.0590424842785169,-0.12894302357558446
O,0.0,0.0,0.0,-0.32111353954350785,-0.1731386808362256,0.11737591868299196,-0.5259144390177585,-0.423803991489491,0.1637540887856491,-0.6756334072109529,-0.5899447568373005,0.14462728343476416,-0.7838978355690666,-0.7778409465266485,0.12376597260316592,-0.3350969711130516,-0.8815976367904443,0.31491213551001024,-0.5056761707251561,-1.138243890116486,0.25922617595961694,-0.6646391184698736,-1.0668618308648325,0.1787803022049765,-0.7616576165443486,-0.9326125624808905,0.13275265061482944,-0.26440385392886234,-0.9448146863426568,0.19343166881043997,-0.4922518195735289,-1.2548131536330167,0.12277824080047312,-0.688252793269774,-1.1356519711572264,0.02871538570491604,-0.7761349209345508,-0.9391532498255453,-0.017999220380293685,-0.19306762820057866,-0.9691166389560596,0.05299483325570408,-0.41316430365506246,-1.3025448934078725,-0.01609743361018004,-0.6257354245574094,-1.1644104036008887,-0.07362965072123297,-0.7239287664724647,-0.9649566378107863,-0.09172299453573686,-0.12533940857524517,-0.959482299492938,-0.0844738595827998,-0.32670700073852027,-1.2554458555317083,-0.12112211376425754,-0.5122040158265478,-1.2050242193382155,-0.1325112738084267,-0.6234616832458908,-1.0614096343457136,-0.13085411239839992
O,0.0,0.0,0.0,-0.3059535492972663,-0.16737260705281928,0.08117245067260956,-0.5156000909835301,-0.4341654132353968,0.11060322225487645,-0.6657206293645233,-0.6066279891393921,0.08495747135548472,-0.7780605003781423,-0.7982936089486351,0.060191529963310064,-0.31241102939537513,-0.9046639960843388,0.24202273583070585,-0.4846236614882001,-1.176515135501059,0.1654683989022637,-0.6539945850169516,-1.1109811695354532,0.07989333966050718,-0.7505022880849486,-0.9675304737456323,0.03449411176296135,-0.24057204008183117,-0.9605053474695514,0.13983765949579485,-0.4721993899051149,-1.2807225214593951,0.05640939799369237,-0.6736785576109279,-1.159745341714431,-0.031023272147173944,-0.7561485726271451,-0.9605140977466031,-0.07061172010996646,-0.17142488279208973,-0.9803482834299677,0.01813739170213103,-0.3978498563589943,-1.3198781041542842,-0.06135106632172367,-0.6179961695921552,-1.187202589272412,-0.113833930961694,-0.7144873817534009,-0.9898037430656509,-0.12593049485317542,-0.10944622170243083,-0.9630101703671327,-0.10271098263245794,-0.3147007974069539,-1.267507920365675,-0.15016458346829875,-0.5034001854786948,-1.220949266735893,-0.16204431857947155,-0.6138906069093004,-1.0721440744886397,-0.15713682946431215
O,0.0,0.0,0.0,-0.3074931071050841,-0.15006040571887727,0.09535027074859587,-0.5081468974821692,-0.4022494779438657,0.13481648339100205,-0.659129640597433,-0.5724532108053342,0.11410155621716127,-0.7680640673289629,-0.7548648160930462,0.0960519419500077,-0.2942995608088824,-0.875483425070443,0.2868764268197651,-0.49063017115534147,-1.1555313479069864,0.22866122814878068,-0.6637529703134775,-1.104004332400303,0.1535748199904143,-0.7385800074626543,-0.9656020292028806,0.11676614872967528,-0.23752423361899946,-0.9545479517271784,0.1800567863124162,-0.49080714071385034,-1.281445421640738,0.1256827875866388,-0.6841225157798732,-1.1719967353434622,0.054458576316780326,-0.7387288016046111,-0.9758873369451392,0.025111616921354274,-0.18160767449724904,-1.001274202249944,0.05213492308097667,-0.43108422252872436,-1.3452129092291798,-0.0018221571814364334,-0.6350863468092023,-1.2201300102837143,-0.03525797509991997,-0.6953653219755377,-1.0250303862149621,-0.035197938613798364,-0.1344455200093143,-1.015859520981945,-0.07626282235389066,-0.3581508760829337,-1.340222833388594,-0.0977322059749255,-0.5440747449703415,-1.2976057694434682,-0.08804332639441119,-0.6332379463415134,-1.1479747477586573,-0.06822655611354708
O,0.0,0.0,0.0,-0.30557632171960425,-0.1600522448896886,0.11770237199126075,-0.49493987347607993,-0.38873933658096815,0.16874631427364967,-0.6410040930911021,-0.5465317614792571,0.15358648734319336,-0.7561884473586215,-0.73523054802463,0.13578212481730167,-0.3010005455088786,-0.8575314041788177,0.32850979440688555,-0.48976231690198474,-1.096548235443265,0.27954845004433315,-0.6647748665340227,-1.0374909027606298,0.1999147198326934,-0.7695405614433392,-0.9159441806924036,0.15531854258774427,-0.24713727345134892,-0.945795742616753,0.2106978436507076,-0.4903196373728367,-1.2474380374832845,0.1576621458993239,-0.6964011191680332,-1.124771622212841,0.07119368258006321,-0.7928311455925786,-0.9451355805763402,0.026822287071530684,-0.19097668240216484,-0.9977076071191099,0.07346551572423912,-0.42852521448897274,-1.3346125471922594,0.02032246445397494,-0.6404191535961103,-1.182835680478549,-0.02524694482027473,-0.7376798839215087,-0.9899870794199549,-0.03820556675257198,-0.14087947760375238,-1.0126457941876563,-0.06193305916376151,-0.35461524634915076,-1.3243589283441597,-0.07819204045404256,-0.5396687707979038,-1.2545052517618338,-0.07103195580341795,-0.6482234365473314,-1.1006432609980301,-0.058891352738719344
O,0.0,0.0,0.0,-0.3504434835800628,-0.13449971671820016,0.17190268990794336,-0.5473456539793475,-0.31948823958349004,0.25191974505032677,-0.7069344988538502,-0.4761692699311954,0.2508088113577445,-0.8187365904041425,-0.6784763313262537,0.2429446809347865,-0.3619813972283318,-0.7903212805487907,0.44812362709345804,-0.5360228140423168,-0.9940837077144183,0.44713655431752,-0.6900547465967225,-0.9417569581466174,0.3811133846335634,-0.7930553083365646,-0.8590580308719175,0.3319304753202683,-0.3097941033846148,-0.9015372766022086,0.3020896429949155,-0.5371841223287154,-1.186722998232532,0.27840878765649985,-0.7365521795820968,-1.0989511586326657,0.17793199026203513,-0.8434380922316355,-0.9389551658718389,0.11319908053211118,-0.24694568308789552,-0.9732717079324154,0.13746119305034477,-0.4742195824226421,-1.3001379743278216,0.10037403430576203,-0.6837588199125538,-1.1566789846390246,0.0339293981218159,-0.7874814548947165,-0.9574296274307605,-0.0022637388951268207,-0.17960954842000976,-1.014049100180301,-0.021570447741561374,-0.3888597771044183,-1.3089991907394083,-0.037902725140608155,-0.5805979345768019,-1.230536441445371,-0.04727476966460033,-0.6976595151772419,-1.0680816299805822,-0.053617680614619044
O,0.0,0.0,0.0,-0.33711263857662255,-0.10697243867940191,0.10103217331058997,-0.5681504023459758,-0.2953285111514879,0.1465133992631628,-0.7383992118322306,-0.4666375753139591,0.12723243623293845,-0.8345857089818852,-0.6856264557801423,0.10899466328401561,-0.39803699207555654,-0.8034521238706623,0.35106610297590374,-0.5642288834414654,-1.0203248475221935,0.3090002369565676,-0.7203545312815205,-0.9670388449204178,0.22480074649189932,-0.8269034797984482,-0.864039096873492,0.17196283471377202,-0.34432514658818186,-0.907424134748935,0.2408768006724054,-0.5596983621560859,-1.212586087473072,0.18988992322179785,-0.7603434133262336,-1.1236137452411643,0.09672838101184901,-0.8749901995666042,-0.968534000466264,0.044485421446179514,-0.2731339799170001,-0.981357047313668,0.10686568412833318,-0.4951870469809961,-1.3139375176987238,0.050251898035513734,-0.7030263725584854,-1.1697574686166576,-0.003942352190865893,-0.8051377323534656,-0.9648729280116752,-0.022994377799424794,-0.1892486956256564,-1.026596619192279,-0.027614286020964312,-0.38893560030320634,-1.3172957358690653,-0.05414736000997313,-0.5819048922785105,-1.2472919297409206,-0.06056551884811324,-0.7002605112529044,-1.0868620925800971,-0.05853444973572365
O,0.0,0.0,0.0,-0.33089594681358114,-0.0674777242294981,-9.593366089068107e-05,-0.6035693699735151,-0.23802875677050667,-0.011102993353103977,-0.8069483393720213,-0.4298218688815625,-0.0640779625288735,-0.8566685688162382,-0.6837198190775521,-0.10751931104110343,-0.4264440931618951,-0.8092798495807164,0.22235304127810562,-0.5957729178620941,-1.0420075358908403,0.12359542578916036,-0.7686558263962673,-0.9861526131802137,0.00860887356434544,-0.8857280721406253,-0.8706440960430367,-0.05977693918763786,-0.3512605094412595,-0.923293771375451,0.15538554066052368,-0.559681573895731,-1.2277711177704724,0.050732915989074014,-0.7690106373316978,-1.14532579786877,-0.05658375888666463,-0.8962989994533253,-0.985367761636789,-0.10996056421116313,-0.25951920399535533,-0.9988020497768603,0.057700405236199376,-0.47036712647690915,-1.3180410551877484,-0.045757986485848966,-0.6934295678208549,-1.1984940336508014,-0.10930065854611709,-0.8218343041434452,-1.009412725668581,-0.12330340623385545,-0.15386991952135654,-1.0323648476336156,-0.04712476682797981,-0.34696729712255,-1.3216171470539717,-0.11408101957312414,-0.5416816859353173,-1.2768527484949925,-0.13852575554805804,-0.6712224268920678,-1.1353473194685295,-0.13964103239561237
O,0.0,0.0,0.0,-0.34070298133811366,-0.08897950401523988,-0.020892451792300634,-0.6329943764521847,-0.24184804646039026,-0.04425894711754236,-0.8539947843577219,-0.4444190521090353,-0.10489048807229426,-0.8863919983941874,-0.7262334785400489,-0.15511947413624025,-0.43047269739809263,-0.7928691450711569,0.20694346409940256,-0.6213451612495753,-1.0115789492421392,0.10017866295748752,-0.7840906143550458,-0.9649370779141718,-0.022313127080950648,-0.891206520655533,-0.8692241237929882,-0.09647653484089255,-0.3547625405835555,-0.9221952137845374,0.15394650847483454,-0.5929209577713813,-1.2257057578549588,0.031801064349322235,-0.7803318045336207,-1.1308123034440303,-0.09390980237148597,-0.8851532842884751,-0.9661863972377129,-0.1569338912586292,-0.2553544079479202,-1.0151140629572664,0.07097003560213407,-0.48956916390123356,-1.344196006909909,-0.044307510691335865,-0.6957119082614615,-1.2322546031807882,-0.11954252137656082,-0.8112937379850802,-1.0461159509503137,-0.13720319177918566,-0.13231883652139748,-1.062239951494285,-0.01956485925584831,-0.33121698393962606,-1.3673428813533637,-0.090905943786975,-0.5371111222633068,-1.367185899466199,-0.12673719826341634,-0.6866713300117874,-1.2620280739947363,-0.13468741214049623
O,0.0,0.0,0.0,-0.34527520637397013,-0.07115010281782135,-0.03403002396401119,-0.6501085779085211,-0.21993378218827947,-0.06380725264114873,-0.8769579015657254,-0.43354986406987595,-0.12725288869116427,-0.9152030234316123,-0.7207957685663907,-0.18121473551836736,-0.45177056348386924,-0.7874762560187325,0.19653757756359458,-0.6375830375210634,-0.9907824349548485,0.09589100253941871,-0.792053642545422,-0.9756698951537188,-0.02492146186660486,-0.9012296383219486,-0.9079027253996909,-0.10208859904251505,-0.36879561715569253,-0.9171440103088188,0.15111802381386955,-0.6042359121700035,-1.190349126637604,0.032939606939447114,-0.7753244124399854,-1.1320819785999188,-0.09415298725032273,-0.8808434390187414,-0.9824070059201616,-0.16244719269800692,-0.262354084183319,-1.0086648287738467,0.07533720955685297,-0.498644505643753,-1.3168400893951737,-0.0406579158166865,-0.6885164010485721,-1.2330762139279234,-0.12173478557820981,-0.8015485644861773,-1.0517073033905573,-0.14542351199547343,-0.13289843140320792,-1.0645357581592947,-0.00849571641102843,-0.3449409560222132,-1.3575520280114906,-0.0884758540871964,-0.5357526847690314,-1.3623610549473941,-0.13244954465402486,-0.6722914957385806,-1.2517337736362169,-0.14624608122050034
O,0.0,0.0,0.0,-0.368356044972714,-0.07669596292097264,-0.03232796944140174,-0.6801752476846864,-0.23306362690681445,-0.05437997646911116,-0.9101577358256561,-0.47188859816341294,-0.11143781602614036,-0.942682108257132,-0.7847499960629324,-0.160798341077878,-0.4421870623645786,-0.7719630134231127,0.2193930639887464,-0.6437151056221896,-0.9717847477083552,0.1304649240007778,-0.8028887883582426,-0.9831125543809835,0.011595994579287472,-0.9103280971232509,-0.9444741755918163,-0.06744840588997299,-0.36280640053229984,-0.9150644493102639,0.1761492814101146,-0.6127825265056184,-1.1970309478527028,0.06934398113656987,-0.7848161121656162,-1.1676599283768963,-0.060586228430504444,-0.8861903276508408,-1.0340607244436104,-0.13522288337164878,-0.2524038065592404,-1.022404006207728,0.10201754006042421,-0.506498388016238,-1.350644523114616,-0.008250071048717873,-0.7003844368498625,-1.2988666280585037,-0.09445491614835631,-0.8103158733533116,-1.1252619183894887,-0.1244907875984803,-0.11121293346847667,-1.0996943721489447,0.019816777710918443,-0.3331406829716185,-1.4229842051534207,-0.059974080779060565,-0.5343654908223575,-1.4355796436666306,-0.1061292145275615,-0.6751722486136459,-1.3133327671353179,-0.12298721595214465
O,0.0,0.0,0.0,-0.3054127515474055,-0.07187958348115706,-0.07606405799890738,-0.618898081376328,-0.26363052206017074,-0.13440845671900423,-0.8335893257406055,-0.5003698424825552,-0.21765320210687603,-0.8189875692042816,-0.8009714444566165,-0.2843714026933623,-0.39988871283871036,-0.8498630060190251,0.07949313211285707,-0.5642989266211104,-1.1920083807509072,-0.06646594225623488,-0.7379638394153542,-1.0989808829713796,-0.18458224993855052,-0.7982381156050093,-0.9209897900332074,-0.24166027332054266,-0.2985493124821885,-0.9530673015977348,0.05030930969139734,-0.4907444448856404,-1.3611097721138905,-0.09200714138430942,-0.676090267156907,-1.207736238037467,-0.1739226826096133,-0.7205560024161105,-0.9850606592541167,-0.19231257340807356,-0.18175038062870202,-1.0199304941625593,-0.011204242016071042,-0.3741366254421103,-1.421499558527981,-0.13773152909442854,-0.5463727808680161,-1.2342571129042095,-0.1632023546717389,-0.5754027807279926,-0.996464443342902,-0.13654039187394326,-0.046343396096323514,-1.0484077305021693,-0.08514661486230511,-0.231974027912389,-1.391866228439945,-0.16357686435058827,-0.38662412348203595,-1.2902526772074028,-0.16557562811480217,-0.43452889061638184,-1.0881534106246806,-0.13826506673114125
O,0.0,0.0,0.0,-0.30700360457032017,-0.1101343694134007,-0.02522321512482244,-0.5886792492871691,-0.3190440132855995,-0.059159586424476,-0.7866559817061248,-0.5269543969754724,-0.13004419413215879,-0.7965697009255327,-0.7845417346424076,-0.18743870255321707,-0.3764640256725661,-0.8773219312084988,0.1378574063892844,-0.5354256396671779,-1.206276039704141,0.008982203951364554,-0.705768575873833,-1.1104726945255148,-0.09997536562715552,-0.7805802092048838,-0.9374041408752163,-0.15335194996494247,-0.28317091098097247,-0.9556178079436631,0.08129477421799217,-0.4746043736905633,-1.3423351225131661,-0.05266660739507415,-0.6703301130924179,-1.1988084060059996,-0.13983445543252213,-0.7357934934653599,-0.9839772516312096,-0.16354982171866816,-0.17756244606358526,-0.9980020470746161,-0.004878772584319976,-0.3641547154623813,-1.378311388284392,-0.1241528157574361,-0.5683756160177524,-1.2216229945643218,-0.1638722528519069,-0.6451195711423823,-1.0023455430992427,-0.1509099565542508,-0.060877558922089035,-1.0002180080011862,-0.09918052222309115,-0.23614769826180862,-1.3240483712558522,-0.17456058897310914,-0.41369927229729797,-1.2548752132959624,-0.1869683363376789,-0.5054589478261201,-1.0841610577299885,-0.1700053451012757
O,0.0,0.0,0.0,-0.31346267310538134,-0.13764698636101275,0.0024007353493250257,-0.5775520351369975,-0.35582800172839685,-0.017325677182810282,-0.7630294091868114,-0.5410604202319703,-0.07879309933470229,-0.7876635149382294,-0.7716745013197235,-0.13080993596640209,-0.3827337291313916,-0.881183272081403,0.16359888776804082,-0.5518674081664483,-1.1818336432042695,0.04577124427387689,-0.7100989639895041,-1.0967895852060991,-0.06156732710839804,-0.7895487829752272,-0.9330915468467711,-0.1156011695222879,-0.2953907662973174,-0.950666899700083,0.09474566481330852,-0.49806401969321645,-1.3131785698533596,-0.030048294964236003,-0.6849641524944149,-1.189266650217818,-0.12441401616926731,-0.7593290976568225,-0.9773071498573217,-0.1575246217678373,-0.19345296056384878,-0.9837682823961251,-0.0006049882657876386,-0.3840791459863359,-1.346466901673312,-0.11008767539041299,-0.5882797832143866,-1.2148345526084636,-0.15968329993299074,-0.6793278024800716,-1.004593181125327,-0.1585483194649862,-0.08427823087636457,-0.9744592599037417,-0.10173343089911761,-0.25247597806646355,-1.2913367200840025,-0.16926736361346223,-0.43736842436881407,-1.255328492031726,-0.18711714971434193,-0.5512688388268213,-1.1122379172847676,-0.17873528099891542
O,0.0,0.0,0.0,-0.31905959985946536,-0.167763338752636,0.005247431386197912,-0.5650016163698933,-0.38847538661527814,-0.015872918871593214,-0.7443053770082355,-0.5674873112434256,-0.08006699268460377,-0.7968097048456215,-0.8000484218330505,-0.13589011933429654,-0.3605003133071203,-0.8962984468855543,0.17492773159553102,-0.5368663054470543,-1.19368383834148,0.05453474493214959,-0.6957892379557494,-1.118759853995033,-0.061109501203015684,-0.782477905842128,-0.9707956831976291,-0.12388063408031882,-0.275897693008618,-0.955747311995543,0.1021153201327625,-0.4872146568577399,-1.3220192563720867,-0.03508453904433781,-0.6793112726729039,-1.1923869077511622,-0.14808195031919813,-0.7637624128039086,-0.976900097260024,-0.19509732623957415,-0.17890281156999677,-0.9818871083993618,0.0031204973743276946,-0.37093848028651916,-1.3533352957807345,-0.11485069271469198,-0.5880635251203685,-1.2137763807773583,-0.1806895652575551,-0.6939472154502014,-0.9996443710342775,-0.1911413861622079,-0.07652257348907122,-0.9641404967137231,-0.10110507314256358,-0.23684870939309446,-1.2903426231584658,-0.17232065582793585,-0.4311949240394799,-1.2592140404570966,-0.20148755556722514,-0.5603599326748979,-1.1231052046123609,-0.2036665326875448
O,0.0,0.0,0.0,0.34186664942089173,-0.18918801838083035,0.05625235671397203,0.5770605453480321,-0.434441741789589,0.059119428540168995,0.7638581708772675,-0.5947446704978017,0.01408987197148958,0.9006578053435111,-0.809513333063502,-0.03072407213877715,0.3951464591742068,-0.8805787386560665,0.20014411444567526,0.6093471191447735,-1.1216667986792401,0.11980390148792673,0.7885809795206161,-1.069569064141876,0.023695034041608755,0.9006825315345108,-0.9569475623191298,-0.03240090808545473,0.32455808245517365,-0.9403140670208932,0.10233037904575482,0.5911621719942842,-1.2567796870405916,-0.001920941506559644,0.8020787972479755,-1.1591421403306659,-0.11014086901923528,0.9173290897261058,-0.9558494628461967,-0.1638031401708934,0.24033041220839144,-0.9738631927873108,-0.013357790984832071,0.5042036572377561,-1.3210298779223852,-0.10115520938170237,0.7344442672895909,-1.2332959871386602,-0.1658387063499943,0.871457223469695,-1.0462430520240555,-0.18978046768766785,0.15827234858885342,-0.9679189931443961,-0.13113195455530643,0.38704664886121765,-1.2445887418139456,-0.1987411459995652,0.602238105966417,-1.2322959759988907,-0.22900536230178445,0.7645009352102824,-1.1159725435047796,-0.23714500277621886
O,0.0,0.0,0.0,0.3405498309565795,-0.18271250250117413,0.05339108201825603,0.5774565466988861,-0.42246476160643426,0.05580799567671738,0.7642423281363453,-0.5787664521643041,0.01105269479818529,0.8989494188972176,-0.7979967807209751,-0.03291267829498955,0.4008835437632907,-0.877281570510703,0.20004214618509591,0.6128896127932818,-1.120511024677941,0.12193785161734745,0.7883325449415683,-1.0619819974725684,0.028224098474916536,0.8954140005974184,-0.9461334838733354,-0.02633772965753518,0.3309165849650453,-0.9377858445362737,0.10512812935870107,0.5944376592119103,-1.2493610455308917,0.004272257693823968,0.8014020184345975,-1.143403439227664,-0.10147756562162627,0.9117972684527336,-0.9412758346243051,-0.1539826813551543,0.2503853952979262,-0.9680829402185863,-0.007824575096828969,0.5134431487389838,-1.3118103982877087,-0.0934967268135604,0.7425230648744966,-1.212692144259516,-0.15601274723192995,0.8768164889214937,-1.0215514759270354,-0.17843027849817328,0.17431333090321816,-0.9583645896959625,-0.12297743527160421,0.4037227483059976,-1.2338129759358551,-0.18816419728070838,0.6199581016816779,-1.213980098625191,-0.21679639889059454,0.7822745109547152,-1.093792545181553,-0.22381292999544095
O,0.0,0.0,0.0,0.33610205174866536,-0.1762623247921751,0.04211064303256227,0.5797525525504666,-0.41807426355239585,0.03865582095436381,0.7738934848277613,-0.5755414987120159,-0.007876433942841944,0.9061836036010466,-0.7936031509918509,-0.05253197167852543,0.40196323391654093,-0.8813982103833818,0.17476847868045092,0.6187154898703322,-1.1224099095661342,0.09107657507078311,0.7941672132985766,-1.0625851230679761,-0.003839754659821721,0.9015606985259704,-0.9460960140436354,-0.05803106182415982,0.3268577899114326,-0.9411555857190383,0.08596597375745532,0.5931708278170726,-1.2704045662833707,-0.02074054810330983,0.801102821471626,-1.1620934078986032,-0.12498518542753163,0.9117086987043002,-0.9559504302722018,-0.1748194083735641,0.24001541936945814,-0.9704320392116219,-0.020448030479631805,0.5030425799566317,-1.3269774192463006,-0.11225897626075819,0.7359691081739956,-1.2286696724333668,-0.17544485235497925,0.8730185026602796,-1.0358232488578887,-0.19668571067085158,0.15726631178304773,-0.9578206731781382,-0.12904789897818117,0.3932505198147214,-1.230315171763967,-0.20098186216938593,0.6108142108394001,-1.2093195721696162,-0.2326140737692082,0.7716967860977676,-1.0904717870636882,-0.24033439372765691
O,0.0,0.0,0.0,0.3280202462191545,-0.17245232749545192,0.044340133253363306,0.5745895048212384,-0.4129889930745616,0.04407111255592779,0.7645721384497779,-0.5783341816134289,-0.000879869034241564,0.8845923062764383,-0.7889599861669575,-0.040709817051377196,0.41336416502183315,-0.8773624575642712,0.17284762636824277,0.6063449513069488,-1.1850134811940993,0.08060885618771807,0.7837855258607938,-1.0893093018697737,-0.017397535486623608,0.8807390050897148,-0.9385617995465374,-0.06992200164425158,0.338072180574781,-0.9372394467524319,0.08537810124738067,0.5801918974948754,-1.2983699602022958,-0.02702585708497156,0.7890253995386103,-1.1602732607157535,-0.12877763802606948,0.8834504370917104,-0.9389159628197015,-0.17429310953110858,0.25035165551369454,-0.971557951479254,-0.020554819897003796,0.49926672356782414,-1.3315266613774812,-0.11754360018903144,0.7304711212469548,-1.2065951191408666,-0.17787552117349878,0.8497679222265055,-0.991453285226497,-0.1933054224447719,0.16429606787562526,-0.9689281668243578,-0.12892626544281988,0.39725612225232815,-1.2294123297335795,-0.20434947949837715,0.6099202456641477,-1.180764954325729,-0.23587979894223132,0.7536890484247745,-1.037426232546973,-0.2403878754456154
O,0.0,0.0,0.0,0.33174272020937134,-0.18205925171639772,0.04681705904104643,0.5772651986539235,-0.4182516550942904,0.04705428692172931,0.7696760919971342,-0.5856069484208165,0.001438733651610179,0.8752273310704732,-0.8003553665473301,-0.039407066892785336,0.40587988426287325,-0.8771423167232012,0.1892975054679718,0.6062854211685013,-1.1583324266842823,0.10311752055563217,0.7786194363134219,-1.0745130229069775,0.007149372334640929,0.8815529261312864,-0.9428178938573282,-0.04685446792587685,0.3301620741901007,-0.9386088999198509,0.10003168376938235,0.5777646606351727,-1.287949736081047,-0.012955271838308267,0.7811584182345012,-1.1610046145256079,-0.1158181898431196,0.8853220755653823,-0.950650185176986,-0.16143420946286735,0.24423847454243053,-0.9765338057196142,-0.008319513298962388,0.4937150972614931,-1.3357144162734036,-0.10580258152811266,0.7253035860757894,-1.2195993214399115,-0.16657097781728655,0.8590702719321636,-1.0097642265651616,-0.18183225424079297,0.16380450043258085,-0.9778080540344484,-0.11956422997708235,0.3970062743297886,-1.2361714145756615,-0.19373411589627773,0.6097476911407638,-1.1954729110025224,-0.22598414538418898,0.7656094573704446,-1.0611900220953563,-0.23174180869371677
O,0.0,0.0,0.0,0.3327614274988471,-0.18260798875841844,0.053926624845350435,0.5709691420688643,-0.431619439286565,0.06471239604440027,0.7592813338134826,-0.6105876302029467,0.03066518971401892,0.8584210695346122,-0.8267838958117212,-0.00010289894933457563,0.37866723533916324,-0.8825654701823448,0.21133127119634704,0.5813212010685348,-1.1151570793841352,0.14544554487636216,0.7519247116024647,-1.0688487078296047,0.06002451038131919,0.8656225786936639,-0.9840109372765506,0.007965146862961538,0.3060461781811695,-0.9439895320955615,0.12336733811954802,0.5586305288949239,-1.2537937567931594,0.02890162711442045,0.7552375589264619,-1.1650387044569661,-0.0680623300534604,0.873581868700362,-0.9960043444100105,-0.11433251223282007,0.22544086217288098,-0.9820995251881992,0.01698562008361635,0.4772932253255346,-1.3225902231109883,-0.06433494987029356,0.6997181574136034,-1.235787451677901,-0.12268737291086208,0.8428668933046504,-1.0542272121300302,-0.1412651347673048,0.15179290243319174,-0.9837541821867357,-0.09227941418046003,0.3748987066195266,-1.250339458614636,-0.1537430199108351,0.5777716208406257,-1.2321579004839442,-0.18260832810619326,0.738764717696245,-1.118788161686426,-0.18974741515625332
O,0.0,0.0,0.0,0.3190648190860654,-0.2043890255604823,0.03471666469630792,0.5446120795647169,-0.4632316680721697,0.039536873715766724,0.727377377192994,-0.6457743123294122,0.0028828762670949455,0.8371502032723743,-0.8851912339115509,-0.030917663302886544,0.35023858767263044,-0.8919617337043794,0.20515538759620988,0.5415061738270762,-1.1293537425440796,0.13674519978376845,0.7140748657186569,-1.1118190038818845,0.04783936196697105,0.8348860771633357,-1.0444016905480957,-0.006245012694880228,0.2798265744108383,-0.9518550070091671,0.12517641105685223,0.5085859905256861,-1.2763014620263957,0.02801271840755546,0.7102265403258075,-1.2130193125487925,-0.07547744404398356,0.8387858956810824,-1.051409711445204,-0.12611927033708153,0.19551335144086843,-0.9870708650242865,0.02499614372263598,0.4219958286033933,-1.3456584706071943,-0.06378341279586036,0.6470674424940854,-1.28126897719254,-0.12994907150131474,0.7972779646063348,-1.1141139533403335,-0.1526924576008501,0.11521876797872503,-0.9861274287805705,-0.07873190623819398,0.32334624275709994,-1.2677044068102752,-0.1468108034824144,0.5271208562193364,-1.2664932304922694,-0.17864067123635427,0.6900001375668704,-1.1686976327384622,-0.18722625835335593
O,0.0,0.0,0.0,0.30846298704094777,-0.24974742944748568,0.04859938357430507,0.5096957112579852,-0.5228802611845186,0.05551726033585815,0.6732979563747358,-0.7195351268772581,0.014084119235514387,0.7586759485059495,-0.9616490535967535,-0.029083379220913468,0.28765286880030705,-0.91677487222195,0.23688395343558014,0.4586261247571869,-1.1731910273950419,0.1699407367602293,0.6356519663901662,-1.1718325125608662,0.07595111658957089,0.7612530222722733,-1.1150629147151636,0.017166498275271235,0.21595189717160254,-0.9657047918931967,0.14414934277513408,0.4281238515007577,-1.298031930632802,0.0451404004505931,0.6314818054935144,-1.2591857561482347,-0.07436840514315501,0.7639152865876575,-1.1073698740544264,-0.13623367896205293,0.130083164524583,-0.99554463107626,0.03125645505744994,0.33752919104178764,-1.3569922619116948,-0.05346035580258998,0.5618410372410362,-1.313506781938171,-0.13230954455302366,0.7155411338317095,-1.1597094440344946,-0.16467659895802894,0.050688436348174534,-0.9873591794967944,-0.08490656703922632,0.2353263041001374,-1.292058092523061,-0.1455649672892796,0.43536994006516394,-1.3154162911078662,-0.18131518418533127,0.6021566890396478,-1.2280167534966384,-0.19493047435125768
O,0.0,0.0,0.0,0.30663362653669846,-0.26313297492050713,0.049771633497766594,0.5046300600828147,-0.5469133967109108,0.058075180806359206,0.66570404579982,-0.75152505392537,0.020378077642250154,0.7341787675422585,-0.9984725026485414,-0.01791902532278759,0.2701149004094341,-0.9293738692916,0.22090812337354762,0.4351922184978882,-1.2006572473864867,0.1512563020514863,0.6146708733271293,-1.211508775447774,0.05752068146922372,0.7378275772723007,-1.1498896051370537,0.0012389005383823693,0.19430951866141957,-0.9722527798400727,0.13026259267655596,0.3931926205688499,-1.3345199321724768,0.03295387902489943,0.6015825968048039,-1.305623563421388,-0.0793971006717641,0.7333613155061716,-1.148380954536156,-0.1367314232151075,0.10359585691259296,-0.9960622310307059,0.02051376131027533,0.2981883907574756,-1.3855983243698367,-0.06419168186015056,0.5233425850805987,-1.3575593215984763,-0.13604525911297682,0.6720500010809992,-1.206514467883441,-0.16409945571182613,0.018241335466730707,-0.9846015028386749,-0.09170962528076843,0.19716523471372993,-1.3032493469973556,-0.15457077040277045,0.394135964318416,-1.3342440315590285,-0.1855270784914407,0.5510807259504933,-1.2486423692446074,-0.19497320765649198
O,0.0,0.0,0.0,0.272388946512557,-0.2770392874168989,0.005491533442254808,0.4598822115584949,-0.5891083382864227,-0.0036691567332697533,0.6090790414126328,-0.8185758611717194,-0.0467424573987396,0.6551957946866841,-1.0671797215104935,-0.08604779761085792,0.2141358316616336,-0.9567884583126032,0.1455322855746817,0.3528173882389789,-1.2715443809807931,0.05321988171475482,0.5302726677918511,-1.2859028190935027,-0.04517690799901341,0.6571072728597984,-1.2149308482599064,-0.0992069077889579,0.1327720430518854,-0.9878402111890282,0.08089067771903317,0.29632510645622134,-1.3840398990958536,-0.03070837571852339,0.5028261094758024,-1.362982775316436,-0.13495922425943854,0.643610451261977,-1.2160740363977836,-0.18374619263762498,0.03792037357005671,-0.9964399645947689,-0.004487198692267695,0.18757820194047592,-1.4193249018970253,-0.10100175848143222,0.408205919057675,-1.4138045548926823,-0.16464301547859067,0.5691422892366257,-1.2757511761554026,-0.18341457438373387,-0.0562423701269467,-0.9744313271402744,-0.09559285670488112,0.09117623511032398,-1.3100490248542291,-0.16656911418780518,0.28126451518361795,-1.3674770209473983,-0.19754748881341533,0.44266494577122695,-1.3036386469737395,-0.20412218314831682
O,0.0,0.0,0.0,0.27564683097969567,-0.27814303084818554,0.005951962342779711,0.4673579040334366,-0.582138631365959,-0.008473972054537867,0.6221495456178658,-0.8094638734360693,-0.059055983828818236,0.6699354294497347,-1.0656520380564194,-0.10764319962394035,0.22301173239809324,-0.9529528191241339,0.14571879557253575,0.3569264826197428,-1.2675677664252636,0.047945597436900585,0.5378393515185153,-1.2811315712681515,-0.05699791639643295,0.6651957091020132,-1.2078734993374847,-0.11561638782406046,0.13955519827460897,-0.9872988844212753,0.07592930564044266,0.2974472407377247,-1.3867973850829693,-0.04405138005176462,0.5124277321556719,-1.3611546383964221,-0.15792728060623634,0.6504600416602178,-1.2027424975237502,-0.21262067886230973,0.04042213757167984,-0.9943372440365718,-0.01443055480830035,0.18534479106889287,-1.4193221769783209,-0.11762060605817123,0.415179734014076,-1.3992567084974186,-0.18529885286165312,0.5721177879202965,-1.2474340497367726,-0.20571268447112814,-0.05959195670761849,-0.9646347818292772,-0.11022191510548483,0.07811620477649174,-1.3015094208371465,-0.1873112460171811,0.2694019341916481,-1.3548428558876886,-0.2208775817357424,0.4266554657471042,-1.2837455643225162,-0.22855858616782418
O,0.0,0.0,0.0,0.28645826163446636,-0.26054518513457925,0.01063253156489883,0.4910153446018201,-0.5521737541670908,-0.0012472332484447179,0.6536123678452105,-0.7683622987536701,-0.049380285813666866,0.7055377502149807,-1.0171339129595651,-0.0935726472275993,0.2665845836399488,-0.9489871854216785,0.14261701805542035,0.40896587795962014,-1.2723975747147838,0.04269601209067302,0.5825893478838798,-1.254163096711544,-0.05992782412166034,0.6987161326410254,-1.154043257425201,-0.11563772800729036,0.18093653856231687,-0.980829803752058,0.07235236751334882,0.3515763308545067,-1.375652468941098,-0.04820774499065596,0.5564020622033936,-1.3229522819014965,-0.1573347078721183,0.6826252808909858,-1.1537180124665096,-0.20762211053707222,0.08031709237324215,-0.9870880505939938,-0.01809193626850252,0.23347781032194978,-1.4009296371744857,-0.12189042177349256,0.45552706640391843,-1.361391861523574,-0.18420379385806068,0.6078179518054263,-1.202697901357795,-0.2001833678401285,-0.01951407965493078,-0.9594439591315872,-0.11380128956248219,0.13717873428704466,-1.2763724338869997,-0.191546875364409,0.3311135788789547,-1.3209405083728116,-0.22482462780701654,0.49109813872124386,-1.2542027637448798,-0.23172338602134535
O,0.0,0.0,0.0,0.2899051000086725,-0.2545439191976581,0.010787581699048058,0.49851745343122633,-0.5360309280323905,-0.0003285682353488804,0.6661153122405666,-0.7424229201825001,-0.04833550081942234,0.7324514053035425,-0.9976858795113048,-0.09255735066823163,0.27465971660154254,-0.9420707861868777,0.1550723046177231,0.43094859638436905,-1.2439707379254743,0.06396003087916319,0.6000089159905699,-1.2163292759200592,-0.03397534275447259,0.709747187186589,-1.1235087442916147,-0.08854482673156326,0.1949093791642156,-0.9771272721953305,0.08504485784533225,0.37402326590530355,-1.3625295647543816,-0.030932559994676475,0.5742398047844863,-1.297933029020734,-0.1397225467406284,0.694543386823188,-1.1250851871815537,-0.19020013854970716,0.09859191157265963,-0.986777261039741,-0.005550590812517525,0.2607307583019868,-1.4018895245116056,-0.10807942839088845,0.48056063280666245,-1.346006492825056,-0.1721920507350697,0.6270248997132286,-1.1750425113776681,-0.18922590723948582,0.0030922438411065335,-0.9606012300485954,-0.10110600764911828,0.17347876552052027,-1.276799808395136,-0.1787435149661438,0.37292255283707326,-1.3096583335207723,-0.2132603186592958,0.5331515497722775,-1.2346743287118187,-0.2212371469093799
O,0.0,0.0,0.0,0.27373478113577104,-0.24977578027947903,0.0009662501357383018,0.4829596542930322,-0.5453543586690776,-0.014014510978552563,0.6421840675032425,-0.7595954052213874,-0.061807293468769106,0.6987635256558137,-0.995082922005677,-0.10443345745063305,0.2515720538089912,-0.9586617331478408,0.1204239639404293,0.38693465981136743,-1.2829475747161536,0.020313952224303638,0.5634951085771165,-1.2490763547400037,-0.07679173713149495,0.6818839629830008,-1.150300626704696,-0.128826403418924,0.16958022782088497,-0.9839401761075197,0.055716031568300683,0.3346746468306408,-1.3843612058236134,-0.06794317525311225,0.5343562688067008,-1.3037530249356988,-0.170031328747847,0.6542848913594479,-1.1262186774161276,-0.21330155778558618,0.07707309152517099,-0.9812322445517466,-0.028701714925323207,0.2357156919047388,-1.3910924025373184,-0.14151667455954658,0.4578666457768464,-1.327581350924569,-0.20171792984705025,0.6088156790206917,-1.1552033564091155,-0.21215934845346446,-0.013503785044260776,-0.9407368941774801,-0.11810707076581126,0.1571328181595794,-1.2554515222278746,-0.2043033268867154,0.36086088459900784,-1.2890867793275163,-0.24000396434631552,0.5251358109160247,-1.2184938980156474,-0.2457472044866972
O,0.0,0.0,0.0,0.2822522992563106,-0.25871631206014434,0.013041287468084183,0.49214254763129534,-0.5545059189612623,0.0014006198736319754,0.6539556790381916,-0.7701398215509356,-0.045250556570060975,0.7295572981412805,-0.9943998905840381,-0.0875377312849259,0.2615582455330615,-0.95615530879415,0.12462705054361983,0.38606807405227683,-1.283832529655053,0.026546522377659507,0.5612350131290161,-1.2598971165625237,-0.06862729762714936,0.681248196687845,-1.1664466506856002,-0.1199113870203709,0.17742335260261427,-0.9826025283430416,0.05489285240457387,0.33165239483891856,-1.3910375261360401,-0.06712927294512867,0.536029614682997,-1.3239589280848656,-0.16647167225750673,0.6651062517343119,-1.1512367200781501,-0.2082938241584183,0.08404255618774387,-0.9807987810293896,-0.033143565142934074,0.2342570809643591,-1.395437572657906,-0.1440182021216593,0.45924806171194454,-1.3459910307672627,-0.20380502318888352,0.6174724746586148,-1.1846879440568512,-0.21478046489240482,-0.0068655919613153866,-0.9428071833853964,-0.12495347500209955,0.1581325703136268,-1.2578631141473342,-0.21073338251793958,0.359359223438441,-1.2866739072546027,-0.24603918534156008,0.5237166490118413,-1.2126157632017867,-0.2513197970411668
O,0.0,0.0,0.0,0.29054927095721256,-0.2610176270236821,0.020698227960674727,0.500438868027596,-0.5508333345398955,0.01326704641549872,0.6604721190570498,-0.7631482633122274,-0.031111270346140595,0.740847263763681,-0.9807668657028673,-0.07148586588841882,0.2807046855709173,-0.9478834928763162,0.13152022171546313,0.40134058502699366,-1.2761799704103092,0.03725067613239613,0.5770253016897849,-1.2526323851565553,-0.055427435776859844,0.6976531249900915,-1.1677862806157584,-0.10602196963452029,0.19859217338537496,-0.9783420309951201,0.05837824130972693,0.34556938674880705,-1.3852851074039045,-0.060940425491992155,0.5498685445467791,-1.3216295931175805,-0.1584743726510515,0.680269634565506,-1.1566749812591064,-0.19990222509564656,0.10629861073931214,-0.9816321326071895,-0.03256083353072319,0.2520820440314163,-1.3909167971950172,-0.1410595249985829,0.4772012829068526,-1.344455791288265,-0.20197394542342775,0.6378941694898743,-1.1854631218676135,-0.2145445440034089,0.015062030510691727,-0.9516052339521444,-0.12692798411558895,0.1766231659632429,-1.2637613278073507,-0.2103933067513149,0.3790061626184154,-1.2970144643196087,-0.24688543212826067,0.5483678705561986,-1.2261291753881525,-0.25378417757324334
O,0.0,0.0,0.0,0.2855454549601381,-0.2482515605094077,0.017450563139973164,0.49413663563467813,-0.5282789594421651,0.006654960668641339,0.6490398065240757,-0.729751186405202,-0.04111389376525768,0.7273073277960632,-0.959466491527883,-0.0840448965859849,0.28621873776015133,-0.9529821957050287,0.12328335437887128,0.42011736100368297,-1.2970030516208575,0.02333559631668644,0.5998163675640207,-1.2418212573243221,-0.07160100369128093,0.7198604942459174,-1.1234977285310956,-0.12208724895874704,0.20491416315401345,-0.9775108654555091,0.04982663600236154,0.36623918831626406,-1.3820501703543415,-0.06887241747574455,0.5733127678407743,-1.28783870523886,-0.16596408392409503,0.6947298682090615,-1.099576444766991,-0.2082550454320256,0.1127211890135714,-0.9722003720508596,-0.04161676188295219,0.27714225379633717,-1.3749508376042023,-0.14747631020526702,0.5051765731598944,-1.2972969958344998,-0.20174023839723892,0.6543836185423622,-1.1138760533263619,-0.2109086107783844,0.02334252710500264,-0.9297581347818465,-0.13712848975193936,0.1994175791220876,-1.2336135253605252,-0.21798713482028442,0.4068623526829688,-1.2487910176880952,-0.24878871230043315,0.5679799386247608,-1.15741977928176,-0.25198601891100714
O,0.0,0.0,0.0,0.29751464308864634,-0.23770510656450125,0.03565410105794543,0.516787782671906,-0.49173945432919364,0.026225272903930986,0.6718514467726231,-0.6748427507567949,-0.023758568834664654,0.7370097175580987,-0.8827918271004677,-0.0688635001558339,0.3074274244485213,-0.9536427493896571,0.13508030437275304,0.4599612484738166,-1.276472336391812,0.03668968779020324,0.6428236765021694,-1.20371467964144,-0.05788228637289454,0.756341993346321,-1.079387844558091,-0.10927268579128226,0.22838685627100275,-0.972121037216908,0.05310492334022593,0.4211096088050486,-1.3373865348578644,-0.058469797875999936,0.6281147024012177,-1.2312020712327847,-0.15221301239604212,0.7432001076071124,-1.0496667053641267,-0.19547782555063853,0.14912382771875385,-0.9643092972436833,-0.045186453085634314,0.3481802641397279,-1.3085706373401962,-0.1405277518322329,0.5740107511235033,-1.226118809560336,-0.1919108647409156,0.7155154012431568,-1.0501330419852488,-0.20337220612412987,0.07964063368263895,-0.9152695980444708,-0.14709504016755795,0.2708109761490019,-1.1715961659602518,-0.22057800917810405,0.47719140005041705,-1.1672901319896734,-0.25066530864407754,0.6363827929430483,-1.0707310198514393,-0.25504932105185013
O,0.0,0.0,0.0,0.24687172944138114,-0.07664316901304609,-0.00758111508402003,0.5156556027082557,-0.3320230104376845,-0.04346228371710441,0.723172679897573,-0.5039314506873002,-0.10668877803084467,0.8396933864671174,-0.7362552997560664,-0.16737878472041195,0.24676124407196956,-0.9303792754739181,0.03723415342298479,0.46394401859224266,-1.2371354045057938,-0.07426273917941854,0.6771279021952968,-1.1497583159805291,-0.16281385938306425,0.8073453972944756,-0.9776891697390421,-0.20658685553067133,0.1520839972413191,-0.987949242907581,-0.028753281924674953,0.4422204975163997,-1.3391346703833713,-0.1414396670487432,0.6865261008577976,-1.2042255351924547,-0.21682661888865676,0.823430324129787,-0.9825738638118241,-0.2482005126202197,0.08182180143493112,-0.9868375946586618,-0.10995432784763341,0.39405315997663104,-1.3147457636243305,-0.20509066871411594,0.6631853280310358,-1.1838539828147723,-0.23980240595630636,0.8213415893585982,-0.9701817775121531,-0.2434072865487854,0.03272700716450029,-0.9063008503278493,-0.19686054264694502,0.33434379402618014,-1.1436074713909075,-0.2763822395732169,0.5808554120629819,-1.0864575846933493,-0.2981812023635344,0.7402623145975067,-0.9401011017358585,-0.2973374589792813
O,0.0,0.0,0.0,0.33597816910145795,-0.2051333418454086,0.06645251280459132,0.5730951856551523,-0.4147768379990205,0.05673846849951158,0.7423717878148217,-0.5469889515364544,0.004488876009561583,0.8622952267090462,-0.7007063929285051,-0.04365094683800425,0.35615360684080466,-0.9354895353670567,0.1209478255855737,0.5960071982716743,-1.1436602703833612,0.024365411732646655,0.7866588600663619,-1.0284065820338284,-0.06531524152513261,0.8941892684018576,-0.8737489951365004,-0.1129127357674543,0.27482195132788995,-0.9611752245688675,0.024800861745466845,0.5919090495983319,-1.190255304445965,-0.08042569982952803,0.794045280127368,-1.0409603866610493,-0.16009952735156902,0.8842884125795561,-0.8412464854306267,-0.19258189613018098,0.21864089593754835,-0.9337656604465808,-0.0806039647032736,0.5415563780946281,-1.1402601049553551,-0.1674979171303117,0.749278948033561,-1.0014191529016336,-0.19759890099533547,0.8564706118848201,-0.8082068843311093,-0.1936626158850885,0.19427520306217738,-0.8457634711644509,-0.18623074623164335,0.4623119586753013,-1.0110797309951998,-0.2429972577422767,0.6488606426854318,-0.958770562750308,-0.24791523638172813,0.772651375180292,-0.8419937020537136,-0.23300791729070444
O,0.0,0.0,0.0,0.2569067080295175,-0.04669741985844674,-0.02060849557805477,0.5333012709784816,-0.2673519804745198,-0.06618799673398348,0.7445616667351702,-0.4076713491680822,-0.13590316229624444,0.9062257985551816,-0.5953767442131623,-0.1991789836516826,0.26666774146449146,-0.9206197124191197,0.018164718866712108,0.5409613994871325,-1.1707946732521033,-0.09896360944756573,0.7660734132966197,-1.049403102569141,-0.19299335381395064,0.9024621928344897,-0.8601204638145615,-0.2406271256410675,0.175801820012109,-0.9837251837380452,-0.037127926955046284,0.5402264976738085,-1.2519474580002137,-0.15279241939880245,0.7839268104787073,-1.076722873663586,-0.22782044610408902,0.9162985246966387,-0.8371955453232514,-0.2588258997426052,0.1267421741586156,-0.9691238144295773,-0.1062081082522395,0.5047626809495775,-1.2175552760319015,-0.19884705494043484,0.7628158532778126,-1.0478147945692666,-0.22402515793349131,0.9059944675366848,-0.8126261238835839,-0.21929246231915484,0.11250592643252028,-0.8630883141248672,-0.18212656466178645,0.46104286544689865,-1.0340982773252567,-0.25205815720666086,0.6950472203141601,-0.9515610004525996,-0.2612861029405772,0.8307120167463129,-0.7971151534400827,-0.2501742070004856
O,0.0,0.0,0.0,0.358046057397261,-0.15795711251374955,0.0637322112975706,0.6118871750316016,-0.3299848533786948,0.04613273217452942,0.7947111913867664,-0.43689655266501787,-0.012263953711178886,0.9453829270473503,-0.5700827779479374,-0.06571022554449545,0.4224274087698884,-0.9092395481377766,0.10175294653754814,0.7120481142236971,-1.0460501674202622,-0.005087061189797145,0.8960060354788675,-0.8858152239553965,-0.09993673157868377,0.9909973424760444,-0.7072306206175996,-0.1487284782295331,0.3456317155786601,-0.9383437675463285,0.007049190954591435,0.7247838320277276,-1.0915639052378572,-0.10311096760518525,0.909697491438262,-0.897155205155556,-0.1826777494097206,0.9768884939206351,-0.6798258019963956,-0.21358493121078737,0.2959860008055413,-0.9019492772340715,-0.09553671067954743,0.6614440977449316,-1.037725387452509,-0.18219838007249822,0.8550445803381321,-0.8645664217628535,-0.20785293473824687,0.9404921392081725,-0.6576186980982062,-0.19964485457085912,0.2775104939187362,-0.796090497963826,-0.19824100491296878,0.5704119611092276,-0.9161755830024296,-0.250200119897375,0.750651685729491,-0.8437662408697681,-0.24918046777246494,0.8611211267080321,-0.7172021320668942,-0.22945429792278238
O,0.0,0.0,0.0,0.2821949584597458,-0.031174563886177557,0.002432373423521269,0.5561215363963811,-0.2384606484349618,-0.03227856563123163,0.7635765790948352,-0.36891576374036056,-0.0964944162908533,0.95422821250917,-0.512990362691171,-0.1557315113311703,0.3238313595576479,-0.8981940919606564,0.06006758957387399,0.6235664019726859,-1.072280114331954,-0.0451178652932861,0.8428038119351452,-0.9180794521422626,-0.13644464576172957,0.9723628634780511,-0.7147095404285998,-0.18597901913154283,0.24072851526387848,-0.9705638805082776,-0.007452233998103099,0.6308284603296306,-1.1629016676969175,-0.12028584466760711,0.8681145425575888,-0.961834899788476,-0.2019907316589778,0.9888193586915466,-0.7069500338592288,-0.23736345210534412,0.19614227340242418,-0.9626207051472959,-0.08781912762886371,0.5888745664449861,-1.148411542563435,-0.17236628381459423,0.8433575319235393,-0.957558244814921,-0.20238477691251902,0.9800483883724188,-0.7076404342780829,-0.2024468865281891,0.1844327452392911,-0.8569003202803858,-0.17382174473069617,0.5352805557756867,-0.9983012957638923,-0.23030509329274992,0.7645640487878341,-0.8980298469292782,-0.2368728950431474,0.8948383517369505,-0.7273024212170147,-0.22683532774128182
O,0.0,0.0,0.0,0.2920644294966894,-0.01632708238358503,-0.004266748504882452,0.5793938152316459,-0.2070110520276271,-0.03425698586675256,0.8020822365487699,-0.33610459373327134,-0.0928907046854291,1.0025443882588396,-0.48913932127445225,-0.1454172363074286,0.3583041628022122,-0.8671201489665523,0.09092933537540045,0.6695241516866132,-1.0289429136187294,-0.005647822829452016,0.8966681511332184,-0.8726972980331114,-0.09745993625127491,1.0271929900180536,-0.6669835954851409,-0.14680477427137864,0.2878288341339965,-0.9570653616906012,0.034357760303940645,0.6761484068561789,-1.1465795510926389,-0.06434341180128778,0.9238678409728273,-0.9473297521492318,-0.14711786589381662,1.0515977268625005,-0.6871976828727185,-0.18562776461288052,0.24958713675766772,-0.9616943449814955,-0.03750249421828991,0.6423846863940819,-1.151207644365596,-0.11430400780407707,0.9046562104550779,-0.9609194360309209,-0.1528800274390519,1.0406355242674745,-0.6970101306293248,-0.15991518349393558,0.24592708632763738,-0.8689043382578064,-0.11532495108814075,0.6048585634391873,-1.0062231290655492,-0.1639075258291929,0.832709830473147,-0.8969452433843044,-0.17057513228911186,0.9543826992918374,-0.7086714423139485,-0.1612867011350177
O,0.0,0.0,0.0,0.3341436573260456,-0.11815513404061434,0.0642792359003282,0.5925816198288556,-0.29178814368327216,0.07027331708789869,0.773523633668323,-0.404899947732544,0.028105131012199656,0.8990255165332076,-0.5740925448654108,-0.006233022896415414,0.48851582025795437,-0.849406840353379,0.20323303383163493,0.6978307072421658,-1.091052429867429,0.11349968212506097,0.8749096892592371,-0.9510537449538735,0.015128847495753711,0.9611181692401831,-0.7540723821289476,-0.03687025009947429,0.4270146246175919,-0.8978178753090543,0.10761771758512845,0.6913883346402229,-1.167496387181246,0.002472733482448476,0.890735152022418,-0.9796968098377674,-0.0953161318167638,0.9598190315511125,-0.7307242780861346,-0.13760713391185986,0.3676815650859908,-0.9163012823498936,-0.005438126920225595,0.6586678534327449,-1.1601111463111495,-0.09664418525385196,0.8653793576799838,-0.9731003444827916,-0.1467144889810701,0.9452283039278364,-0.7320345024809609,-0.1532498840270933,0.32036176094403285,-0.8851583521726571,-0.1204614500332132,0.584915225083581,-1.0355974750952626,-0.18375241680598844,0.769810085519039,-0.9241279983345808,-0.20202734083648433,0.8703261461324415,-0.7525105268843827,-0.19561727850763594
O,0.0,0.0,0.0,0.3255109800570216,-0.09671110000271378,0.06193269635023711,0.5913914615007445,-0.28371638162836615,0.07637761279474067,0.7774697343978433,-0.4065837581181284,0.04225199755804487,0.8911773817840407,-0.5907578163507781,0.015022514355536334,0.4896890185820434,-0.8365911980140751,0.21918707537205628,0.6926799666443282,-1.0888558761517126,0.13768833049399734,0.8578513549307224,-0.9770346599972126,0.04358067853806249,0.9375307190553585,-0.7926991635097944,-0.0066077957275314445,0.4269904363863237,-0.8957154363503108,0.12398800070324982,0.6859174695004392,-1.1848497110334355,0.026485200956487626,0.8750900596963588,-1.018629226338319,-0.07140604776672037,0.9448969700473544,-0.7799609284667399,-0.11490893567319066,0.3629273225669005,-0.9231818851737149,0.00955797427673614,0.6541692493402099,-1.1912841605986895,-0.0800582001777657,0.8614365454229487,-1.008938390601293,-0.13549299107072194,0.9471306196504405,-0.7669701939033364,-0.14676915362266552,0.3109247814914138,-0.9012757229907206,-0.10711806581060807,0.5792554668221583,-1.0844713140511093,-0.17220028226143932,0.770040547711215,-0.9701430122495088,-0.19418226051544754,0.8782254933006909,-0.7868793144253897,-0.1919488473941799
O,0.0,0.0,0.0,0.28925251950410735,-0.037557369709351925,-0.030162525243422854,0.5923912407636545,-0.25071652990362603,-0.0341306759685181,0.820016594095861,-0.41342229520693896,-0.06360092229550346,0.954460260719973,-0.6527907790544928,-0.08450530965922906,0.40007432668716525,-0.841180424170942,0.17326485116158402,0.6284084898917062,-1.0533078037336616,0.09130791033570983,0.8355278195281786,-0.9804486206000077,-0.005460506609767337,0.9749276080509341,-0.833758568451191,-0.05667407781811646,0.3413820956540365,-0.9308975714943486,0.12995374620526512,0.6144725173561003,-1.2325063420533724,0.054702888325480106,0.8495617927330897,-1.1636029343637546,-0.037649825494253206,1.0229454705849137,-1.0036362569497057,-0.08709075145198195,0.2656203360931736,-0.999318063936163,0.05748072480878406,0.5762847691276789,-1.2811077400192061,-0.026816331104878667,0.8343135973990493,-1.1934723364730249,-0.09931873295948505,1.0046335216222595,-1.0131922467415937,-0.1293134191398042,0.18852277810116586,-1.0317972731775475,-0.024338234040923425,0.46497542402373715,-1.2796448180783493,-0.099058852057244,0.6870041070574536,-1.2450000405878805,-0.13610511784357074,0.8490402011205134,-1.1010439913879395,-0.1464845790613257
O,0.0,0.0,0.0,0.3341871945011036,-0.11350879926210704,0.03777611182830143,0.6030170166129051,-0.30159615858427574,0.05067624167043688,0.8130565468271137,-0.4377202162681074,0.023708126085855034,0.9408809273940772,-0.6575341378340783,0.0016246649600443668,0.4766389669988884,-0.8100777889659796,0.23387988142402244,0.7052317025126962,-0.9810889549176962,0.180434364254848,0.8818281577177138,-0.93302605685287,0.09726730184188762,0.9984315456629973,-0.8576846623008514,0.04603371664286633,0.423583044164063,-0.8921852173003101,0.1567894853856717,0.7069083435248731,-1.1571130139367751,0.08746560847606161,0.903092507077229,-1.0705792803619947,-0.002150289628498588,1.0178221929385294,-0.9098834100208661,-0.04980944619887077,0.3516577803321388,-0.9593784473976654,0.05747396589388722,0.6495100488690706,-1.2500519081376793,-0.012291661742501559,0.8668436770682976,-1.1614263266833775,-0.07224161133352151,0.9948151100674456,-0.9861944315476012,-0.09623768263236447,0.2789672491555193,-0.9967586890884133,-0.046141156205630425,0.5406773277285505,-1.2186194507582462,-0.100391787130496,0.7349799500047665,-1.1728180244721982,-0.12346415999746416,0.8713800013159151,-1.0456729504531752,-0.12835352665651809
O,0.0,0.0,0.0,0.339079401755628,-0.10209075604560142,0.034075713314383506,0.614248027035473,-0.2800030906275606,0.045628852903908106,0.8206421390538554,-0.4163470427912099,0.014883929263690206,0.9478082256502874,-0.6352899138263364,-0.012339855080112214,0.49528770021488566,-0.8005551159744677,0.24087887154094934,0.7221065929552788,-0.9879674356007797,0.18832943948857506,0.8969055960098855,-0.9376178891124055,0.10537860341758301,1.011467588542464,-0.8463249521870849,0.05473673935131289,0.44564253947111926,-0.8800699747565562,0.1639498903498456,0.723664795803597,-1.132398992512146,0.08451538600890256,0.9100606346732217,-1.033668437153345,-0.016428257969749473,1.0164629799692133,-0.8590819527579275,-0.06715170865099482,0.37638177282466945,-0.9505545280970531,0.06453772148955599,0.671909151016689,-1.2231282871822464,-0.010854247110456955,0.8793821627941746,-1.116276578532674,-0.07928901767637225,0.9991016757683429,-0.9253897793179221,-0.10511143819294962,0.2985109263117793,-0.9934298334396087,-0.03998602652434353,0.5516921572566706,-1.2178913729774123,-0.09809499765880071,0.7466807002533051,-1.1766874801085419,-0.1299566320872552,0.8910633377751979,-1.0456228122220304,-0.13922187757487792
O,0.0,0.0,0.0,0.3459726907536554,-0.09906772913865806,0.046232872664584417,0.6177204019923576,-0.27191693241295195,0.06302093376575359,0.8259391755510094,-0.3974152112387046,0.03363373582918527,0.948888194054288,-0.6209570337743612,0.005130666419935202,0.4952944189121835,-0.7928844441087078,0.2671700089181968,0.7195000991106397,-0.9654927775206554,0.2187381011717922,0.8945242960148598,-0.9085731056416536,0.13274431983941107,1.009978340661875,-0.813075174684648,0.07834651894347908,0.4453916287343284,-0.8768667373741575,0.18091716872696853,0.7284465451173967,-1.1112578648020726,0.10618900373227202,0.9212644983048734,-1.0105366142124887,-0.0014926025523577743,1.0314993919702544,-0.8333154079905456,-0.05946110220001146,0.37265101463122197,-0.9536930202132113,0.07161493743319483,0.672449708341078,-1.2089010877510298,-0.000534641241436236,0.8893851310232098,-1.097797811985919,-0.07421736120279457,1.0145096642377827,-0.9067154505648239,-0.10639434736453547,0.29268717060525085,-1.0017246071986694,-0.042255032068021926,0.5433213161653299,-1.2275191947584223,-0.09983392479983814,0.7404760993081176,-1.180418649907193,-0.13224770987573803,0.8865613910901551,-1.0408023227678769,-0.1439221064047024
O,0.0,0.0,0.0,0.36114121322554515,-0.11168241229370894,0.06662503232231018,0.6282050856663861,-0.28164192011881417,0.08912360742031067,0.8398245081369426,-0.40985390437362546,0.05893499040351535,0.9467775868059365,-0.6398452667549571,0.027355638153892893,0.5041438806636914,-0.783154629943252,0.30012884003972684,0.7303472860265698,-0.9719417989199927,0.25609696859038106,0.9084831967489904,-0.9052129581560614,0.16599928579627277,1.0226327228157712,-0.7994391807728726,0.10781669403790951,0.4530865863082802,-0.8680733543691322,0.20288222381922089,0.7439053800213605,-1.0992253092084305,0.1349398413888807,0.9434942520335208,-0.99512900403714,0.01946131720510156,1.0496963970610065,-0.8092400260321445,-0.046668419716171375,0.3790726570105284,-0.9492396040362524,0.08377633411473769,0.6806771544855666,-1.2115651110044563,0.02405239501133683,0.8991871027621547,-1.0975459016005489,-0.051003843809241764,1.0166999599686597,-0.8999654545134259,-0.08784525146004891,0.2998554801249585,-1.0002838667253764,-0.03901929529412282,0.5526994821711297,-1.239239983301208,-0.08284022874166719,0.7496169916207839,-1.1831643361875803,-0.10816550612228093,0.8888271861165159,-1.0275175977643416,-0.11760198083110289
O,0.0,0.0,0.0,0.36474007812429354,-0.11354664366659567,0.05642008875434343,0.6351091552412839,-0.28993221026108773,0.07019745554675902,0.8472986384543192,-0.42017954707024624,0.033450257132454565,0.9639201942637965,-0.6527655901872212,-0.003998125767738294,0.49697393374687493,-0.7925097298546652,0.26621394857369113,0.7233800364067007,-0.9753675934683641,0.20710577803578464,0.9014790344978092,-0.9091080604811242,0.11198570107069941,1.019682965414015,-0.8077180135719707,0.05210407690609099,0.44372190696963093,-0.8797424963835306,0.17077473270981236,0.7426958596349239,-1.12704169294248,0.08673530921072269,0.9432463358834922,-1.0192777370147073,-0.027947143208766675,1.0527986309036597,-0.8289662485938383,-0.09013464441681847,0.3686725354863054,-0.9603793109352521,0.053511238265177584,0.6802737138923965,-1.2408069340734165,-0.02080607935750071,0.9034591727664468,-1.1214246441462807,-0.09337680658988196,1.0281379529197736,-0.9178411121286217,-0.1246997383869111,0.28789802877811943,-1.0082983507701337,-0.06756541330534788,0.5496282310886418,-1.247703537320839,-0.12370396664069051,0.7560414071076393,-1.1883208278921873,-0.15202701352583103,0.9035089410157714,-1.0334930803525406,-0.1606970891962986
O,0.0,0.0,0.0,0.3586044675851834,-0.12138295938123714,0.046235668576004356,0.629620552389742,-0.2972454811491595,0.053945143367169934,0.8398346641784652,-0.43216742310595363,0.013498599206523429,0.9511175121633296,-0.6645832190811756,-0.026615361368773426,0.4940271797419457,-0.8025776727250878,0.2519699074398585,0.7153147905744424,-1.008605245986316,0.18521945089630426,0.8950004810506291,-0.9445887518236701,0.08537330049110442,1.008640312357284,-0.8312476386611753,0.02408412953355791,0.4328973392718028,-0.8870292035677777,0.16055866737522306,0.7269659193240001,-1.1391246455532409,0.06920165405876516,0.9250621396917027,-1.0370803849092816,-0.051141311812808635,1.0256504296647098,-0.8425973087331402,-0.11650565793112448,0.35193338636157767,-0.9677095112677223,0.04688415119231107,0.6595362153406756,-1.2367966342447916,-0.030950133948231942,0.8757145998667808,-1.1274806172766678,-0.10914599432574357,0.9900198825187664,-0.9277811848508581,-0.14418967803678026,0.26562800922139373,-1.0152004642617176,-0.07133996191307282,0.5311440925660036,-1.2338024768999074,-0.12829009183248338,0.7387026274584777,-1.1822151738422921,-0.16149362412758297,0.8873664760345473,-1.032954636396111,-0.17370646880356017
O,0.0,0.0,0.0,0.3532151427250266,-0.1119286200666398,0.02241664499505589,0.6290834859722279,-0.2972823589612774,0.01754616409472701,0.8399632649850685,-0.43409737922924585,-0.02998488053372398,0.9404799997496742,-0.6748499530091409,-0.07635416066878083,0.4922431198320897,-0.8214137698239673,0.19848184551708875,0.723428563291762,-1.040337179983558,0.11007134653474805,0.9045489172514896,-0.961595545969062,0.002416349340705732,1.0168986783369889,-0.8271988715043223,-0.06040182924833725,0.4249392164178503,-0.8976109529569516,0.117137694538934,0.7208459063172261,-1.1711528447946036,0.0037624364318244773,0.9198168711056902,-1.036564141012637,-0.11841363783023005,1.0156162770904114,-0.8188855502891654,-0.17997945584484795,0.34208031402567535,-0.9612313395201996,0.013630965253726715,0.6382226081653678,-1.2640021410865843,-0.08360326739409207,0.8623152028259377,-1.128461531248352,-0.16000528544043321,0.9788293031945742,-0.9059282695805292,-0.18745469332254047,0.25518942025430363,-0.9908802665591735,-0.09526731603149947,0.5164247050166789,-1.2327577975225623,-0.16748415936407124,0.7246642682024209,-1.1673592044990126,-0.20262202843420524,0.8639869066805211,-1.0056642765683994,-0.211922277957567
O,0.0,0.0,0.0,0.364362606648301,-0.12008491413021362,0.029801913325434966,0.6378766233733809,-0.2959505710536814,0.027097351239861296,0.8493663544012039,-0.4326755821198223,-0.020253274107784592,0.9570027548067422,-0.677597541140159,-0.06580523147242644,0.4935184725310516,-0.8152918636510293,0.21209137385138724,0.7217873102756351,-1.0266419587278353,0.12612142454661218,0.8935897488755572,-0.9472186578317233,0.019180548543223624,0.9986816441216627,-0.8175013677620577,-0.042801139970489385,0.4230788352638363,-0.8970271101002611,0.12785406875406588,0.7160483353058461,-1.1723606521458156,0.01667445892457503,0.9104890802676331,-1.0450802911979833,-0.10545600252434943,1.005954235105942,-0.8301945887946143,-0.16647883076505932,0.3364618408266206,-0.9667859751435038,0.02141553386717448,0.6336640008439487,-1.2613920335782427,-0.0736041028420475,0.8523187468184512,-1.1293755718272096,-0.14932984532064908,0.9671844072315408,-0.9087254719445839,-0.175856245859868,0.24753853636794046,-0.9999747481685042,-0.0899743204286994,0.511029947894941,-1.2348117354404418,-0.15987818300515916,0.7213372191474237,-1.1744863746862337,-0.19432295949360287,0.866966119761028,-1.017230495629275,-0.20283572748992673
O,0.0,0.0,0.0,0.3604979981112473,-0.11540364985842874,0.024544466492006457,0.6398226004822791,-0.29447583981914527,0.014792007918286344,0.8546272210939742,-0.43981329396051816,-0.04066583927447498,0.9483256697848381,-0.6953240242290978,-0.09344791108579403,0.4858160130859264,-0.8251823115361696,0.20674667386490164,0.72538117695113,-1.078822569577969,0.11159189033257243,0.8962836261215031,-0.9705062685839037,-0.00045941651345521924,0.9777778277818191,-0.8117100875421078,-0.06115837578674552,0.4116491086213307,-0.9027298630380225,0.12499522291118605,0.707395549838864,-1.20759196635842,0.008302514691250927,0.8958255997494079,-1.0486461925287938,-0.1156191290923479,0.9624405054038149,-0.8172683906595176,-0.17474953702639634,0.323247519345169,-0.9650258237010956,0.020394219549521725,0.6225489450594609,-1.2760564737337026,-0.07952760389105036,0.8309430710581617,-1.1073652984044897,-0.15237626096698215,0.9131272491442178,-0.8670607937432929,-0.17278096092455628,0.23523222188787396,-0.9889121801953119,-0.08916937926719587,0.5065965383661427,-1.2364400044419743,-0.15934708804725758,0.709327383852465,-1.151984690405008,-0.18996730702289835,0.8261437295117572,-0.9772334450050533,-0.19370797028700776
O,0.0,0.0,0.0,0.3534232729568909,-0.14090392918147357,0.013003792338418708,0.6118187925948491,-0.324291864645243,0.011918615237825813,0.8137975021535931,-0.48376190366334065,-0.030030309007584636,0.9034246765263065,-0.7165136245261219,-0.07087904219471289,0.4568427720898303,-0.8294155182112886,0.2078635150335751,0.6702106497582108,-1.0276136854840214,0.12354145731004143,0.8330194191301272,-0.9651025397231,0.017732271175453115,0.9462234797678397,-0.8614506961274381,-0.0446487151429819,0.38620552768394817,-0.9127814263421539,0.13294870481184137,0.6559528020154941,-1.1601380818296572,0.026545050103154895,0.8458274374254556,-1.0727549975138233,-0.0963953568398467,0.9739662426739496,-0.900773626206643,-0.16118645711061164,0.28813364487482807,-0.9826402572224124,0.03277938821752842,0.5694341582519945,-1.2270444699192489,-0.06674889596168355,0.7818981563848814,-1.130376900873025,-0.15285675918325256,0.9215937752091915,-0.9484228286217694,-0.18757152408512823,0.17066838679078536,-1.0185549919109949,-0.07359616919443204,0.401450064911693,-1.2554529294988104,-0.15098223086698404,0.6096784830646522,-1.2295032700898854,-0.1959515037372406,0.7857002650030733,-1.1035400430695195,-0.21276101496630365
O,0.0,0.0,0.0,0.3275487324755759,-0.16338370783150458,-0.004319543636405573,0.5801066604707347,-0.36626576023461865,-0.015488934331957124,0.7764902270565864,-0.5249058531902568,-0.06045263736136976,0.8638309282824976,-0.7603044694083326,-0.10117726029129206,0.42632377171087815,-0.8513276979624458,0.17720808434706262,0.6304865256850445,-1.050664947085923,0.08062151566507886,0.7733097260989611,-0.995459817167478,-0.03114667349748282,0.8671796519010122,-0.8892128580593611,-0.09427718189497175,0.354217367487335,-0.928341016718393,0.11275199886743771,0.6135986995869555,-1.171857667112099,0.005499880561682848,0.7959677935901205,-1.115421906179055,-0.11160603713898946,0.9254310408535465,-0.9726036287694898,-0.17285072530593537,0.2566089602100624,-0.9854431843380432,0.02137812820270178,0.5285593227854573,-1.2404410013191183,-0.0709523024698969,0.7375630710630283,-1.2125111166071592,-0.14949909955843863,0.8905282608074278,-1.0935993085483289,-0.18322058369759062,0.13895708104538654,-1.0017430115993198,-0.07802873098703428,0.35495449733401513,-1.2348494289620244,-0.1474922548455395,0.5540209812181598,-1.2783542585628203,-0.18995492344893689,0.7361645776073705,-1.2320853421285702,-0.2079302382064413
O,0.0,0.0,0.0,0.3308276983511051,-0.17701272687746056,0.020234046210071334,0.5689752828046496,-0.3797374122371976,0.017667630345915748,0.7531240752101213,-0.5375622195204354,-0.024718216010737832,0.8423682904188348,-0.7682654845660365,-0.06419651940773433,0.41191521401083825,-0.8537075874576973,0.20413894002960692,0.6098540633096836,-1.057194652822699,0.11616782720110812,0.7469493278264131,-1.0016213367482851,0.009114365504391134,0.832997679071835,-0.8986825832547461,-0.052029726089955534,0.3425637513880671,-0.9309800191374883,0.12619936688310515,0.5895964532239285,-1.1805157802141462,0.02564205776307863,0.7716735531417758,-1.1268640391104654,-0.08911244526386401,0.8967866567992714,-0.9833801126965628,-0.1498752667039681,0.24710375117123212,-0.9876442520608898,0.022698833517647298,0.5020771154068635,-1.2628865471062523,-0.06402080496742577,0.7106559122285275,-1.2331280194235643,-0.14098670003856478,0.8616729549790609,-1.1077428646180183,-0.1749535152325258,0.13456077847447848,-1.0028823003053302,-0.08712559187369331,0.33310634782391735,-1.2552601527210268,-0.15449180782362887,0.5294973239674486,-1.295562755545361,-0.19545807335053533,0.7092329208095748,-1.239208427440805,-0.21287269292516497
O,0.0,0.0,0.0,0.33641961534028514,-0.18216034011112886,0.020804515826615407,0.5732672118286642,-0.3850366519097797,0.0138256934352306,0.7525888030743161,-0.5415844879328312,-0.03361812534051646,0.8447180785337257,-0.7695332520320728,-0.07849609591550959,0.39845803496187004,-0.8628437581798697,0.1947070956354672,0.6004701696095275,-1.0753925601444068,0.09934296801691869,0.7408139768688404,-1.0197563825665772,-0.010752375604943047,0.8302665661445264,-0.9118708428001426,-0.07283962950075587,0.329417682442158,-0.9372964149513029,0.11383945280030455,0.5829762397628003,-1.1937330876361172,0.004865921794510982,0.7674475347838485,-1.1365484158671049,-0.1125897379299617,0.8958410166863179,-0.987146542267346,-0.17343525835007298,0.23556193850105828,-0.9895455414123706,0.007692124153907115,0.49828310732484843,-1.2736427190275512,-0.08416265441544521,0.7081993041550988,-1.2437680253412435,-0.1617931762139244,0.8608058936216759,-1.1184477233398928,-0.1952330426372122,0.1264980557085658,-0.9973439976583447,-0.10453108268194701,0.3255676624425397,-1.2583246722119874,-0.17424426052441494,0.5240331584308212,-1.3086401256862579,-0.21613867186129887,0.7077740516781779,-1.2639842546501223,-0.23391260182318266
O,0.0,0.0,0.0,0.34273726752525524,-0.18343473643810948,0.030325488601798765,0.5769804637562407,-0.38221136009372964,0.02545758579013337,0.7545298314134034,-0.5373132149621719,-0.022956993043110562,0.845889070537751,-0.7633128383832503,-0.07002983884985431,0.40270366726677986,-0.8616524699215542,0.20444133999524236,0.6033355576484541,-1.07614455767056,0.1096724527557023,0.74452403233043,-1.0193303307412234,-0.0008839437332230249,0.8333452363855052,-0.9082614916766598,-0.0634679000004803,0.3316685195915445,-0.9361007517809192,0.11709558329480768,0.5872947467745955,-1.194394610304261,0.00613909579159013,0.7733150408454174,-1.1339959085340252,-0.11389895045268779,0.8990766065524627,-0.9794763524702138,-0.17592748894774707,0.23641254818711932,-0.9891269705083213,0.0050076771013928285,0.4990798976108551,-1.2738747415545533,-0.08810441349752623,0.7109358391918738,-1.241636283555285,-0.16752699144479383,0.8626100554709677,-1.1142074187800595,-0.20198138058768683,0.12733393757033942,-0.9980989474729881,-0.11237427066569947,0.32490250936203907,-1.2615948168240902,-0.18281074311943638,0.5226685415321013,-1.3098576945401004,-0.22518806043125994,0.7056118970226821,-1.2633511469974743,-0.24334008771838436
O,0.0,0.0,0.0,0.33442166255397604,-0.17767685653145113,0.012825468651406944,0.5740585965492956,-0.37707146675292386,-0.0010452632838153085,0.7528806533633192,-0.5339596587399592,-0.05302811964614447,0.841797764013519,-0.7617442180761119,-0.10186014226767083,0.4062053595822767,-0.8633052458139974,0.1748903995461463,0.6027005180376442,-1.0768074778106465,0.07104223738782367,0.737804070409625,-1.013768968024644,-0.04326894192780449,0.8209856245148148,-0.8994914749735082,-0.10730882366464005,0.3345511876786428,-0.9373939710171505,0.09678866629676709,0.5839330588539203,-1.2001977357802749,-0.017903756156039716,0.7680869973708689,-1.1434105237460612,-0.1336915757142148,0.8943118265796748,-0.995820654984532,-0.19300637087621753,0.2386235591470048,-0.9851458029068072,-0.006912138729565998,0.4925454157029051,-1.287040439037702,-0.1036234254154634,0.7040999342811822,-1.2629714150518176,-0.17873880385658988,0.8599331689003719,-1.1410316497351056,-0.20986688815451385,0.127538541914499,-0.9851478083049122,-0.11713328372680752,0.3206278265999413,-1.247097155510695,-0.19037884224581117,0.5143928124821878,-1.29696763151603,-0.23140835850375782,0.6917832509784014,-1.2526518723324682,-0.24814396602214386
O,0.0,0.0,0.0,0.33155379901332144,-0.13622268002814977,0.0025550629166127365,0.5836697063808062,-0.3200669376904772,-0.023559285735895386,0.7683859479691036,-0.47266544465035,-0.08558861623628977,0.8084693703538954,-0.7017107955991646,-0.14303852934691538,0.4269770626995771,-0.8792015818295138,0.10850152755136264,0.626897046591983,-1.189928680130184,-0.013251374849151227,0.7659361855041795,-1.062803815055529,-0.1236953757328903,0.8088435062946102,-0.8863803601890856,-0.17755050001096154,0.33590879895953796,-0.9412194736904844,0.03565362712779974,0.5655051544753066,-1.3153983716428699,-0.09893157820023309,0.7384665919711587,-1.1420356799501767,-0.2083096970018685,0.7920774644561507,-0.9087995984915915,-0.25528027149962684,0.23086119417871753,-0.9686984266216373,-0.05781503725143819,0.4474357470779845,-1.3439621748113553,-0.17349341090721124,0.6524729219029509,-1.1900384730698101,-0.23689223396565337,0.743700295411235,-0.9616755182386494,-0.24954926003957226,0.1203965977444014,-0.950704983712757,-0.15642671340279482,0.3111577506070286,-1.2550752507975043,-0.24382787796028818,0.5102898651643692,-1.2233808489461293,-0.281168096750259,0.6431723199899283,-1.0904806352625762,-0.2890648489396149
O,0.0,0.0,0.0,0.3443112692524295,-0.14830844730236414,0.014080849292197476,0.5951859240667843,-0.3258649883671855,-0.009247847650931004,0.7831492463741269,-0.48144589535902077,-0.07258890864952519,0.8277263851928551,-0.7163851436753871,-0.1321811802119027,0.4402917177724336,-0.8725691403745419,0.1219361647839686,0.6432252849304266,-1.1878540667514732,0.0013274933524960427,0.7840518815418633,-1.0573185289251557,-0.1090520401333892,0.8285755820320949,-0.8813629565589696,-0.16376835201189632,0.3498930904856972,-0.9358415754187878,0.04213515097930781,0.5857005601709495,-1.3125621609139952,-0.09256582351731191,0.7585916079845709,-1.1334088922877208,-0.20322048551264352,0.8090811343860883,-0.8975793686891208,-0.25184760740207535,0.24519237921754108,-0.9671548606383175,-0.057842758671472906,0.46948843318731126,-1.3472908944940858,-0.17591887680691043,0.6734801034846082,-1.183853341459758,-0.23834511410178116,0.7595205382028375,-0.9510372064168392,-0.25006298231652907,0.13555765012687288,-0.9532310860935567,-0.16199017951363448,0.34141336080345425,-1.2559298925930171,-0.2513884891551755,0.540088705055094,-1.21092246011331,-0.2870381705274789,0.665111855122585,-1.0688625408092673,-0.2935686735607478
O,0.0,0.0,0.0,0.3333598925678518,-0.13717537022281795,0.004071952056445021,0.5904895601584366,-0.31597849847457804,-0.021130819909671382,0.7766802045372928,-0.4694612066392486,-0.08340148468807222,0.8180400794777805,-0.7067782217788052,-0.14001145922504368,0.43900341625957773,-0.8771965733076883,0.12039713222066706,0.6380875416890178,-1.1914062502049343,0.001465379431440261,0.7811396347213181,-1.0587552078187954,-0.10956316313159435,0.8338075650942237,-0.8829618884801148,-0.16564041356912498,0.3518301250556513,-0.934898398271444,0.04669633832339793,0.5859161985397523,-1.3057914877091332,-0.08744761296936306,0.7618080661657961,-1.1248688501940338,-0.19901177805564843,0.8205502966462636,-0.890111807089995,-0.2477586733772745,0.2513411575163763,-0.9645148026025416,-0.04797348805052025,0.47909802733499185,-1.3301880776926114,-0.1645552406901659,0.6883340685329055,-1.1652279792944316,-0.22765848827073837,0.7820501247518838,-0.9328153038020938,-0.239452675193869,0.14749890422830944,-0.951272316397686,-0.14802863280893,0.35860363728013916,-1.235109531310417,-0.23508668561158147,0.5572045155589846,-1.1813408646399992,-0.2700801008267268,0.682160499052951,-1.036430295125034,-0.27569744334206064
O,0.0,0.0,0.0,0.33949810671849207,-0.13832971508235897,0.008936933868826291,0.5977843831988221,-0.3234586693482421,-0.012975211319403561,0.7869575448112912,-0.4772941417808691,-0.07275956066902117,0.8438551276146173,-0.7107427175935783,-0.12795184953488103,0.44540634968924825,-0.8655875982720523,0.12160226491324276,0.6583778538466998,-1.16479721595384,0.007201284388205114,0.8093453212078736,-1.048669368886516,-0.10038992755389974,0.8736912922722868,-0.8857764936737919,-0.15576210591092524,0.35841900225525797,-0.9324498459768183,0.045531347005697366,0.6119639453950663,-1.2978211764403706,-0.08890074087529229,0.7962647733929177,-1.130049514997297,-0.19971514803795673,0.8630299883667779,-0.8947458730355141,-0.2478224267845431,0.25596047375152314,-0.9717175433795456,-0.05075385825959703,0.5022545030211217,-1.340085322491848,-0.16938519087406068,0.7170337135631271,-1.1784696999515614,-0.23498374553048518,0.8165790686852883,-0.9429734534975663,-0.24847336483332513,0.1501636297127353,-0.9700706653984128,-0.15149167655290333,0.37251005404326065,-1.250663756210015,-0.24169709868021408,0.5743134195916135,-1.192750434292577,-0.27888038814359933,0.7031161519150751,-1.040613339019468,-0.2859055213369398
O,0.0,0.0,0.0,0.34824889568252326,-0.19173888809946715,0.016083472223219986,0.5914266802825803,-0.4028550860491052,-3.113618209160886e-05,0.7828637832778308,-0.5599843692303257,-0.05502682887625695,0.9306746962995479,-0.7626708804578574,-0.10939760451157221,0.41671364275847494,-0.8678067460702916,0.15272153701226068,0.6293173827370241,-1.0856175476088255,0.05126469669766588,0.792999920999561,-1.0380400023896499,-0.05541975054492255,0.9033679767955497,-0.9361027206119796,-0.11696377417319193,0.3387834989129992,-0.9380213151836629,0.07308729797562075,0.6031763655831406,-1.2281549531909264,-0.052216621207938387,0.7940814182985791,-1.1352676002190487,-0.1692797713862522,0.9140394266857282,-0.9474937189732208,-0.22651403220428135,0.2405257483279337,-0.9830091624468784,-0.027603383593483653,0.4919094782517747,-1.3078003672164134,-0.1346896471918065,0.7072924681592686,-1.243174621444182,-0.20966379506851798,0.8550302907133912,-1.076521106687291,-0.23695435614269666,0.12833671299797464,-0.9871722988325093,-0.13304349582794817,0.329525413287925,-1.2627233616638016,-0.21546423343494728,0.5334700470436041,-1.2774176867282439,-0.2576776027914824,0.7066794747169967,-1.1833107498384048,-0.2722445027803951
O,0.0,0.0,0.0,0.35049705573540274,-0.17953393907796325,0.026353095928477226,0.5880589156895688,-0.38581214547976334,0.014661392374730655,0.7787536761915473,-0.5381250603059309,-0.04084537508574294,0.9277911932433008,-0.7478192155316808,-0.09843600832968707,0.4191714151790298,-0.8560153649147111,0.17283348735611967,0.6305212326385595,-1.072631355895188,0.07446193067719048,0.7918981122982593,-1.0207211682666533,-0.033297067619289855,0.9016824399914581,-0.9070390371150859,-0.09593195726397832,0.3494568808696676,-0.9330846759059972,0.08504631680586246,0.6198207826574537,-1.2229572575676857,-0.03898335056374818,0.8129316132734724,-1.1236364578791735,-0.16445961351530333,0.926375972830877,-0.918484723231036,-0.22785843847106138,0.25378543213658805,-0.9853292488035051,-0.02382341635134747,0.5146208709331793,-1.3120791244915704,-0.1296670841983132,0.7290273702852033,-1.2261760950751883,-0.21263847724792145,0.8650532343461274,-1.034820574716843,-0.24575328461329657,0.14002902011946292,-0.996240646732878,-0.13656189907445399,0.3390244245995935,-1.284426373052211,-0.21907753289175938,0.547863136131796,-1.2913162874545823,-0.26666717154764824,0.7213409999354626,-1.1800092020174497,-0.28580126102722464
O,0.0,0.0,0.0,0.35622180502239625,-0.1986716069056776,0.026052539535752463,0.5967585816804946,-0.41839086976000683,0.016094154220468063,0.7954004771134995,-0.5737940486711332,-0.03660249309623445,0.953944548344785,-0.7760301799192169,-0.09014092297992224,0.41849839119594934,-0.8593802369275142,0.17596471446931516,0.6356277634262006,-1.0686094016351009,0.07952707339057458,0.8011872734898244,-1.0311162020254652,-0.026204227297085388,0.9277837184248298,-0.9421777092514321,-0.08960346801062308,0.34846613650818437,-0.9331059686198178,0.08879528722365353,0.6214126502772874,-1.2068148739069682,-0.034401431583406354,0.8162748567276708,-1.1338374086063596,-0.1570751706314702,0.9523098085061351,-0.9623022394856103,-0.21986806974791756,0.2522628233606916,-0.9857404513011057,-0.020160948763859377,0.5224963387234541,-1.2954771961071423,-0.12406949169986263,0.7356220900110632,-1.2442363519698654,-0.20599839813194815,0.8905155466901904,-1.094203278207663,-0.24046023603482244,0.1371843230512403,-1.0007617925670915,-0.1334904867352735,0.343808010788429,-1.270301106676957,-0.2123599410288264,0.5475026831007472,-1.301984008622457,-0.25918586124469,0.7287207481045213,-1.2324803502579382,-0.2796644937843278
O,0.0,0.0,0.0,0.35593224819799474,-0.19837270635825452,0.031812393031815704,0.5934757553015646,-0.4182730718884174,0.022674233067703265,0.7917303860147545,-0.573643752844106,-0.031122756579943487,0.9526408437671479,-0.7755324487782222,-0.08713803052953568,0.41879579496928554,-0.8526518573340697,0.1757574161251546,0.6340216606089675,-1.0452845716713794,0.0745919207866336,0.7990738110708515,-0.9998663958795884,-0.034920180403111026,0.9243809171222925,-0.9003660299342386,-0.10052581172245578,0.34680656539791577,-0.9340867718160557,0.08489469309185942,0.6178547090619009,-1.2067440933964748,-0.04178578336202685,0.8159054576053519,-1.136390443749131,-0.1661507365227536,0.9504421432460074,-0.9629327985831518,-0.23061363685232922,0.2481379849232332,-0.9885069321130963,-0.027562553572675615,0.5176432001527979,-1.3137257615486801,-0.13745542121566226,0.7322621863124118,-1.251239543469226,-0.2213009245528668,0.8839027280751027,-1.0832087331785856,-0.25618193382735455,0.13411663703375645,-1.0031760586553788,-0.1435453620687186,0.34389048810567396,-1.2790802160120405,-0.23091027746425064,0.5503792449366436,-1.3021906510927905,-0.28291410402479106,0.7303158938731124,-1.215733243592478,-0.30610579250622105
O,0.0,0.0,0.0,0.3550924213300382,-0.20137570559238355,0.02883330010038342,0.593027298377391,-0.41983717228474393,0.017341593859775618,0.791428552354745,-0.5732811317929716,-0.0385214090358128,0.9505459871641178,-0.774083029200118,-0.09636179402651367,0.4185310755583469,-0.8609744687281496,0.17424462053021744,0.6342513785772314,-1.0721219151935724,0.07539972425616605,0.7962000861973174,-1.0308079687382663,-0.0317889502356629,0.9187684291452394,-0.9360227501946573,-0.09634766134343282,0.34539281634314306,-0.9347805313741724,0.08300096735804739,0.6167508968523688,-1.2136165773061178,-0.04651936535623758,0.8102522539708974,-1.1357841420925736,-0.17422564447919411,0.9408693345046322,-0.954123392776968,-0.23945242466972055,0.24564770914314096,-0.985775380919966,-0.029608530364635264,0.5107383469789475,-1.3046872834768486,-0.14006218291803302,0.72649884693102,-1.2452750018160612,-0.2268131457014567,0.8810492543494478,-1.0814420174124535,-0.26333517142549273,0.12826525634001973,-0.9962318055069453,-0.14596483235072652,0.3369988223191019,-1.2692420892669969,-0.23208592680002196,0.5446546004370242,-1.2985146861352113,-0.2847359397182318,0.7283406194045241,-1.2220210152463347,-0.3086904580374908
O,0.0,0.0,0.0,0.3592690165012765,-0.1974137126315498,0.0354705380449889,0.5961136565258485,-0.41281342819333683,0.02737584247336264,0.7938629153044522,-0.564444786851959,-0.027707638320112086,0.9507810709742294,-0.7699781083687595,-0.08512288179453432,0.4196137085322725,-0.8572345739910094,0.19148178071307456,0.6361820000235822,-1.063236079642703,0.09611805363512468,0.8001518524932035,-1.0201562094751602,-0.011910747267419915,0.9225248028756313,-0.9248044499058518,-0.07751103720450288,0.34791308934262877,-0.9325510676392323,0.09646236835676424,0.6187896463093103,-1.2077606681664752,-0.030004725619671907,0.8169865431000346,-1.1335443038967636,-0.16040941487985333,0.9501858412872816,-0.953490362962308,-0.22840562284222515,0.24994273250469906,-0.9869461374439508,-0.020237836660028315,0.5201108737471475,-1.3017089695033233,-0.1282366333087645,0.7376584493741527,-1.235885270874762,-0.21669325388651445,0.8889977856250851,-1.064336816894669,-0.25462635069321726,0.13691924058128918,-1.002084739537177,-0.14055520406728236,0.3497973754778422,-1.276250256618442,-0.22417654083927221,0.5584357146018013,-1.2984614663583576,-0.27633984884517265,0.7399900087974137,-1.211900407968408,-0.30020818241024017
O,0.0,0.0,0.0,0.35563665341928835,-0.19565546626929714,0.0317875833834649,0.5926838729090771,-0.41211744721558424,0.025108783576075367,0.78863081158253,-0.5640311640058838,-0.027182933152685915,0.9398581108610428,-0.7691637340494709,-0.08127785263874818,0.4158118599382587,-0.8567819175475531,0.19112424838455305,0.6280219871889234,-1.0613728347067508,0.09787897759228228,0.7917296490260463,-1.0170990266433337,-0.009299667515793248,0.913897149610228,-0.9209779858818524,-0.07419026847735057,0.3458260566359101,-0.9329231322383315,0.10029340898721736,0.611679129487909,-1.2089257599903747,-0.021938856916976446,0.8099180128327069,-1.1376943979476004,-0.15060721302628938,0.9438905101257029,-0.9623197030062972,-0.21807018604298026,0.24959474214818975,-0.9876532699071666,-0.01242236072316907,0.5154349416356718,-1.3027611713159346,-0.11768532148219535,0.7312457246523408,-1.2359311640227477,-0.20616148891787509,0.8805797892190268,-1.0629386487512427,-0.24416287156727726,0.13793093543510154,-1.0042436362580434,-0.12907930414901386,0.34810755687943945,-1.2786534887682104,-0.21084048631327512,0.5546544967641925,-1.298312573747507,-0.2627401688632333,0.7331370162148066,-1.207996570255293,-0.28634293619417517
O,0.0,0.0,0.0,0.3342264895067483,-0.16016682510808486,-0.07617664731241011,0.5919802340687444,-0.3498506445256857,-0.11367387551887231,0.7786161427503031,-0.5686341767749574,-0.16682195616202627,0.8213292065186015,-0.8374912424839954,-0.21686075173137723,0.44806031573510663,-0.8538620411291294,0.08466396940465341,0.5959956232516662,-1.1211700926321286,-0.027793869016546652,0.7014746743618039,-1.0912359387855852,-0.14495176382631733,0.7603239226421639,-0.9786615173214535,-0.20833849090017587,0.32551674466847896,-0.9433179468651256,0.06473098224652846,0.5049547307684377,-1.2585923944996729,-0.05515149722140413,0.6322537498400331,-1.213994491513651,-0.1762331807961718,0.7086477210166124,-1.064806242096198,-0.2389165379914813,0.17646921495454235,-0.9975128360783125,0.017258078698503158,0.34975845726757615,-1.3130029970192034,-0.08372274141347742,0.49275881989565307,-1.3124824316688468,-0.16215401593629244,0.6003982964713022,-1.2049331912982257,-0.1945597424870691,-0.0040022195746204385,-1.0072889533665395,-0.04190840052418209,0.1258804815403941,-1.278445091250706,-0.11806968956751795,0.2728277635823075,-1.3500197174338924,-0.16392337719974395,0.4176590066163177,-1.3245695713323276,-0.18254114880568467
O,0.0,0.0,0.0,0.32910854056251654,-0.15093241355012593,-0.08172554819344612,0.5801917503323811,-0.33728831955263594,-0.12197959852730864,0.7621056835355007,-0.548588289286861,-0.1762878822427864,0.8122509911903657,-0.8120562345477439,-0.2264802943212118,0.4563695097319719,-0.8507612496493392,0.08347077454871238,0.5968559400605028,-1.1203759222273921,-0.03237903481773835,0.7022570759254803,-1.0877985572268885,-0.1534820665416676,0.7600615236101513,-0.9646599571165755,-0.21839534298031696,0.3318626627064752,-0.940959172460544,0.06680575472020758,0.5047277169110486,-1.2591694307417869,-0.053427471409969236,0.6260443221440124,-1.2132393426471033,-0.17641235202205663,0.6979715845946813,-1.0643545905366703,-0.240267431584997,0.18203153578831097,-0.991566076299379,0.021660743495849757,0.3509979556261031,-1.2967938060718596,-0.08125348519828134,0.4898159747409022,-1.2974004132463992,-0.16404053591154702,0.5912642631377115,-1.1906499869404423,-0.19864865848939564,0.0015050474583272562,-0.9962293689536521,-0.03517817104156525,0.13681291918566063,-1.2573660301130203,-0.11348972421951183,0.2819387956483668,-1.329171222529163,-0.16251419260520833,0.4213457936241143,-1.306303919028754,-0.18311354111696998
O,0.0,0.0,0.0,0.3317118935925027,-0.15802452572468587,-0.08422510464336555,0.5835283244178429,-0.3472857575503565,-0.12789534658355026,0.7677669205165054,-0.5628248071347983,-0.18436033922878267,0.8042708914100479,-0.8392171346216151,-0.2366200918082971,0.4491584664172024,-0.8610035042306902,0.06277617424277274,0.5899584000152556,-1.1591183320538627,-0.06216008019266707,0.6959695696008897,-1.1214266852187575,-0.18694926922855418,0.7546765230312846,-0.9841257882847474,-0.2527246253197816,0.32187200329217414,-0.9456523522984537,0.04626058894009085,0.491621537965814,-1.2937430577057558,-0.07977220354996258,0.6101504755648441,-1.2464381102229665,-0.20529664721265772,0.6816563924516957,-1.0895132573579662,-0.27180813019115674,0.1698438149836561,-0.9893856179138779,0.0022563109987804872,0.32787022997118004,-1.3230207810755428,-0.10507870405210752,0.4605893598030416,-1.3215427680965415,-0.19099113376675042,0.5589665667556706,-1.2034618905099481,-0.22832322645898642,-0.01190796272443482,-0.9885248453872651,-0.053217113615717765,0.12077350373859025,-1.260874759840223,-0.13591826882133984,0.2620058956946754,-1.3355142933918562,-0.1895444764564651,0.3966660907327545,-1.3086906615047684,-0.2138991465339992
O,0.0,0.0,0.0,0.3324764197668055,-0.15719600491210525,-0.07969136558835102,0.5830125597411313,-0.33969133617793773,-0.1267324413057239,0.7621965392631729,-0.555247100006131,-0.1880301391318814,0.7958645257911003,-0.8294945249768922,-0.2446026514337813,0.4477773782296795,-0.8601495795545366,0.049848450269722774,0.5917349161618188,-1.1701338401479968,-0.08120732078938264,0.7034161192346534,-1.113278477383921,-0.20414292078962587,0.7575030326862932,-0.9663400288828501,-0.2671539223206102,0.3221290086811043,-0.946243020332877,0.029275386204859005,0.4897119948269687,-1.3135121928668694,-0.10789294923210081,0.6180762158296382,-1.2323019518674836,-0.22985648571636896,0.6853832113616847,-1.0531968691329545,-0.2897582780829876,0.17033962529103377,-0.9883553982106726,-0.017483246166284456,0.31563159036998895,-1.3509837837804288,-0.13403833100917012,0.45802409850786097,-1.3065521082092304,-0.21196965256688488,0.5589559795450272,-1.1550498214626082,-0.23938748855119613,-0.012943821569811309,-0.9835657057354367,-0.0751286687893783,0.1117489593417399,-1.2647369325819253,-0.16459774758281598,0.264073270256403,-1.3231263995476323,-0.21674517588525852,0.40676797257113606,-1.2799367396082466,-0.23708990878136213
O,0.0,0.0,0.0,0.3317040611245259,-0.15494101292038054,-0.08391751443694187,0.5844380315445908,-0.33932744850126395,-0.13451929961325262,0.7651611742660549,-0.5577342222149481,-0.1985455188264675,0.793400134980791,-0.8343300647676132,-0.25772064065276395,0.4567824120289599,-0.857236407265216,0.03870821765381417,0.6037382338987168,-1.1721922697122973,-0.09830807159776941,0.7134216545113514,-1.112818079212043,-0.2251537567958136,0.7633131546870354,-0.9583201838081874,-0.29012791696527274,0.3281371674812672,-0.9444323191247627,0.01932857754707387,0.4953300792525439,-1.3196373237363355,-0.11980548006820685,0.6181995880665785,-1.237206550229831,-0.2427275577296038,0.680206728150214,-1.0552037263106306,-0.30466672164840847,0.1730755942180292,-0.9854108164556048,-0.0261943329834111,0.3146247201014912,-1.3574334204807428,-0.14295798704002913,0.451383810633335,-1.312810272378085,-0.22090696352826888,0.5456400452368033,-1.155564508732397,-0.25006938212860536,-0.014830884496477565,-0.9787051839574041,-0.08300975515142871,0.10088637891140577,-1.261504181160165,-0.17289048023116838,0.24874664864321994,-1.3212534210281286,-0.2265710613656036,0.38660782995931303,-1.2765211185967391,-0.2494115739913562
O,0.0,0.0,0.0,0.3161855793529071,-0.1491728923474466,-0.07708457963046055,0.5750604750538912,-0.3325757190384307,-0.13415133935804874,0.7537336962821822,-0.5417147902944175,-0.20495522473160993,0.7735077791027661,-0.8068107682025266,-0.26895514475418153,0.45821269138943654,-0.8675287402771309,0.0123174808863879,0.6227022147151691,-1.2074896848759824,-0.13161121289246247,0.7250469569169871,-1.1084322587898734,-0.25533817867684633,0.7582002615255301,-0.9248117092025732,-0.315475499142432,0.32961598599607805,-0.9440499739778654,-0.01108821032561463,0.5136001977376036,-1.3391226509122909,-0.15154939935250036,0.6351447536527497,-1.2187231376605687,-0.26178353793857667,0.6827904882295563,-1.0169819009171404,-0.313866359651568,0.17362009002832524,-0.9788796450151545,-0.058284725624169594,0.32197134060850996,-1.3865864919914297,-0.17005632929867445,0.4644689787896584,-1.3015153900125374,-0.2257338883614221,0.5513079557311268,-1.1172682628927768,-0.23995775389121082,-0.01461402520966945,-0.9668998920733559,-0.11682559357672277,0.09766176489381177,-1.2598515420755727,-0.2008406177883992,0.25527235578183577,-1.2917729146079415,-0.24064208604231113,0.39387033220138606,-1.2254088784801298,-0.2529529644239701
O,0.0,0.0,0.0,0.31202527314803696,-0.1568155468770221,-0.06802019678508807,0.5696467131676732,-0.3473088213420015,-0.12430578237630148,0.7506012201684266,-0.5499267998501836,-0.19525290406485885,0.7620283845245479,-0.7974297773097879,-0.25994906753789265,0.43931209961610157,-0.8820617510330243,0.000664346703756522,0.5949379175875879,-1.229599366395321,-0.14047416215963995,0.7047107811935693,-1.1155740681765076,-0.2574541157590417,0.746730777544548,-0.9326930528415741,-0.3146877078062666,0.3088264193278417,-0.9506698691408793,-0.029206893583664496,0.47965080467602206,-1.3576569466369615,-0.16663782399639862,0.6125462814892776,-1.2279262239323832,-0.26658188454037146,0.6684750737754167,-1.0274545213844513,-0.31264968589342745,0.15105670736124818,-0.9733201010503599,-0.08098672178556786,0.2802911037500187,-1.390327353702687,-0.19311358595015743,0.43450767592307205,-1.2963679805800015,-0.24090887618138318,0.5347131884831139,-1.1125236483946848,-0.25017824652212317,-0.03774173622133513,-0.9477616150681057,-0.14314326379791156,0.052011964025269135,-1.2497645818279282,-0.23101058868882726,0.21460452857310228,-1.276414258578758,-0.2685642123471743,0.36111857767385613,-1.206488663013761,-0.27892538461859906
O,0.0,0.0,0.0,0.31765757808861733,-0.16652358116432606,-0.06572262417777189,0.5754809106045118,-0.36138685289471556,-0.12263382817049327,0.759852679093227,-0.5648676240616183,-0.19669167159909431,0.7952615846866716,-0.8094839420353667,-0.2644059145497059,0.44026214435476757,-0.8810735951486014,0.009187792727436379,0.6035027684427307,-1.2463349052335346,-0.13586680299541412,0.7185655768127647,-1.1381918595287812,-0.25755783841211266,0.7617909592440937,-0.9595916862621201,-0.31957877775296245,0.3161171803476701,-0.9484275816687581,-0.023559512282510794,0.503805555697003,-1.3563619445231498,-0.17001319267223292,0.6397920890945306,-1.2193274043683415,-0.27922588418009875,0.695553987827834,-1.0179551339406259,-0.3325207345218668,0.16285200851316065,-0.9803018140262773,-0.07909759599877497,0.3241957574582269,-1.4098954651608582,-0.1979860217232367,0.47916957595495774,-1.3053603072616786,-0.250087290557481,0.5754650058236727,-1.1160681779369812,-0.2631452799320532,-0.025334672820977296,-0.9643891465188904,-0.14522812204037888,0.10010883110273566,-1.2404276593187034,-0.2387961120229926,0.26734010929217134,-1.2668131649530607,-0.2828249323450821,0.41219152061827313,-1.2112741960404456,-0.29927060717728693
O,0.0,0.0,0.0,0.31394580998643823,-0.15059669312233018,-0.07703605760518648,0.5740344236154206,-0.33674394207946606,-0.1485710619687863,0.7643145083236,-0.5215245910938305,-0.23695797627030063,0.7978111218739569,-0.7709502682456355,-0.320206968234954,0.4422880001239422,-0.8876568439785184,-0.02356163407473733,0.6152745459398329,-1.281459539686511,-0.18491799959908764,0.7330154108990891,-1.1519652740158566,-0.318466030863958,0.7677489897587231,-0.9578909369165878,-0.38610471298660176,0.31620284653002817,-0.9469294226061367,-0.05779643976160005,0.5210022889737199,-1.3841399268594756,-0.21998106648551952,0.6603715076988173,-1.2207785434924132,-0.34297216894931193,0.7083502612995862,-1.0062195646357122,-0.4040290010364835,0.1589289940381918,-0.9690317094406664,-0.11385927183350505,0.32689923710617175,-1.4134302450331422,-0.24200276727436232,0.4911833960363866,-1.2890598927954067,-0.3051295543110609,0.5822447564621344,-1.0847448378263305,-0.3245446754941461,-0.03136656319075959,-0.9401086893952336,-0.1807353137557824,0.09688404635082426,-1.2434933191221835,-0.2792444800839418,0.27186152923144413,-1.2622218994680456,-0.3288341530939952,0.4147371557044419,-1.1934602050607284,-0.3497331029583128
O,0.0,0.0,0.0,0.31910198350664254,-0.15352216462005425,-0.07583473287929737,0.5714914798076234,-0.3460237272683736,-0.14137066218069902,0.7507215991616989,-0.5324666638451192,-0.22257906931339616,0.8061351292155965,-0.759226124897404,-0.2984429368289975,0.43825000227435423,-0.8885817366381854,-0.016417111982732494,0.6127485135303582,-1.2601490155463175,-0.17013937853557534,0.7318788424689691,-1.1448599066410352,-0.29721798636149777,0.7828679497110861,-0.9621447505586221,-0.36261514351645596,0.3111133409219778,-0.9490537154421131,-0.050055312464169034,0.5085274814279799,-1.3605058027584422,-0.20947996145741654,0.6503860116654013,-1.2153165304131741,-0.32642445578888574,0.7134388803769562,-1.0102234597272415,-0.38295483179911116,0.15547794370171664,-0.9669190388792863,-0.10605347118800124,0.31169850923699655,-1.4075499377155998,-0.23673718019245316,0.48215292900688833,-1.302321427727287,-0.29816000485998556,0.5913616505428934,-1.1108801316612664,-0.31523455081770974,-0.03334975031238705,-0.9371762587601105,-0.1726398920371688,0.07080740185157147,-1.2466053454375772,-0.2763218581866791,0.2447627230378039,-1.2755911131876116,-0.32590337800549035,0.39887876049195825,-1.2102792813789711,-0.3448810196451142
O,0.0,0.0,0.0,0.3192550558907587,-0.15863111895819504,-0.07170438424097399,0.5768970914958261,-0.35654005121205173,-0.1318616589839943,0.7484831749548774,-0.5440268420401035,-0.20787729872869987,0.7847572188327061,-0.7663822880400684,-0.2787793846009519,0.42497914287259697,-0.8966193685681518,-0.012720535280546156,0.596259046734896,-1.2792255190020658,-0.16829660117120662,0.7203921640620288,-1.173430940508013,-0.2939950742233349,0.7720991210255657,-0.9895767549659015,-0.35539627969323373,0.29176780766553456,-0.9554327869256555,-0.044941473913552986,0.4886712329423175,-1.3670573701194169,-0.20323291816556527,0.6387850573342396,-1.2288313948158054,-0.3175448091353198,0.7074946530091358,-1.0253701097716181,-0.37023513702178995,0.13383673246481775,-0.9732106889959412,-0.09954472133463915,0.29070126535471424,-1.4138047047520355,-0.22786617352698307,0.45877151300435925,-1.313063880547285,-0.28109188588147554,0.5714563502665017,-1.1297827967304932,-0.29037504135649395,-0.05624291384401253,-0.9410963607159156,-0.16461823729438546,0.05050029128087586,-1.2508048313417268,-0.26099557241912374,0.22384937892244244,-1.2917019435622799,-0.3020295126765969,0.38306663767020843,-1.2415667180804328,-0.31339988672580144
