R,0.0,0.0,0.0,-0.2084392681800674,-0.186069593855596,-0.06314060975669615,-0.32831459823074727,-0.5204092983324957,-0.10446191694786368,-0.2217089742584931,-0.7468689422562953,-0.16177315858118343,-0.08033925904213868,-0.8827271246156378,-0.21736864769478842,-0.1977201030102222,-0.9930910162017671,-0.05006410752270583,-0.18560058636942792,-1.3513934638923468,-0.1399957428705915,-0.17480618728437758,-1.5807827831841106,-0.20170695247797282,-0.1668836483418135,-1.7871109617607919,-0.24551819998330723,-0.0438548868822576,-0.9944029770876106,-0.09612215174371315,-0.07273359200844358,-1.4397846049135352,-0.194875560100547,-0.13451546080866153,-1.700126472587688,-0.26128132663937265,-0.19253007469232597,-1.9200421556777134,-0.2974577447036095,0.10992527415437899,-0.8946101918086445,-0.15293154054241628,0.04022698148352252,-1.1468496818340594,-0.3037510570778901,-0.06777185970910093,-0.8912541291527812,-0.33419989957356383,-0.12904098899362268,-0.6839200212443481,-0.3147122771781213,0.24339561357940245,-0.7202409542091284,-0.2143721003092143,0.11398697904940781,-0.8086550730763401,-0.3339764909799205,-0.026916878869346253,-0.6552868455212332,-0.3460859548130796,-0.11515477248197643,-0.530764894680586,-0.3301908676844391
R,0.0,0.0,0.0,-0.20766722386517544,-0.19117248320738026,-0.06173122558748571,-0.3212642280291128,-0.5249627030838345,-0.10437155327175782,-0.215228974073478,-0.7519571372163559,-0.16440330238548784,-0.0739685892602168,-0.8895153160672948,-0.22327149493867834,-0.18335731752890563,-0.9975460265986802,-0.045812493227936,-0.17267924194416276,-1.3588816709746785,-0.13434116690113107,-0.16334586646690955,-1.5880620989152157,-0.19453089639852783,-0.15572666019855294,-1.795355097382622,-0.2365997075119314,-0.030572521756231565,-0.9950571518383265,-0.09448060906271787,-0.05945275326683209,-1.4466614033592728,-0.19341324998862341,-0.12254882954702387,-1.7059459529903034,-0.25921558755439805,-0.18125864932209776,-1.9222964617459617,-0.2937699617175609,0.12199633816160368,-0.8923603422992415,-0.15406860761660596,0.04637731406374222,-1.148692753904251,-0.3079775421437187,-0.06322849157091232,-0.8902407463884405,-0.3393319038959503,-0.12337718612144517,-0.6798528258782233,-0.3189885584738077,0.2544097263635988,-0.717264901803138,-0.217867462356519,0.12175566956568201,-0.8237047263273319,-0.3377321236145619,-0.024490930975810902,-0.6677524274293616,-0.3474627925269404,-0.11758363664871259,-0.5367630743581757,-0.32980894244570425
R,0.0,0.0,0.0,-0.21167851389194434,-0.18218077719052,-0.06404077953523547,-0.33156958085859844,-0.5203076429709238,-0.10550385110124255,-0.2209408941035665,-0.7547645421024005,-0.1629856909460359,-0.07615099160547904,-0.8918984748225108,-0.21912484920964362,-0.19373858980845782,-0.9931523680338062,-0.050112890264628285,-0.1812682679465139,-1.3564961751577969,-0.14038045811455505,-0.16914159603261675,-1.588102846212378,-0.2026418975812807,-0.15963535064349704,-1.7959360587786422,-0.24674439830873865,-0.03712777965982438,-0.994713143438159,-0.09574596727229827,-0.06406909368258576,-1.4453117005947451,-0.1944146886931857,-0.12622247284410015,-1.7043290472102606,-0.2594351220548175,-0.18384774731712544,-1.920832915342081,-0.2941013367540993,0.11773263531913658,-0.8944150027271384,-0.15242528355558083,0.040333138195280546,-1.1510183806652832,-0.30497041441212935,-0.07158442720676864,-0.8931923283574175,-0.3344463859790379,-0.13170537332365462,-0.6824296721917124,-0.3133796731039241,0.2506560908083066,-0.7186095443667797,-0.2137343907574556,0.11398386595269334,-0.8203100294370624,-0.3352685340382082,-0.02977757414519849,-0.6650313411917149,-0.34659747789550716,-0.11706714839301932,-0.5360403432372091,-0.32956982387872436
R,0.0,0.0,0.0,-0.20797704584803253,-0.18767738197428752,-0.06643495686893945,-0.32470167983355835,-0.5201883231885487,-0.11417778400019488,-0.22140776447537425,-0.7453161838437597,-0.17831481877840383,-0.07725401340344594,-0.8811625074870076,-0.24096256171548439,-0.18539046526090855,-0.9950349552528078,-0.059456287585768895,-0.16854865416647793,-1.3629339079332958,-0.15640505755586334,-0.15474655260574938,-1.5974772707974094,-0.2208866724493175,-0.14193249162169483,-1.8054206685032426,-0.2643641697240481,-0.02820697729059901,-0.9938394338680735,-0.10717997070775365,-0.05197066437661186,-1.4481653270154267,-0.2142771987292583,-0.10930748433641291,-1.7106605583327192,-0.2818607216026505,-0.1640054800784575,-1.9258676161679478,-0.3150516009756221,0.12650197423934015,-0.8935145573036712,-0.16590434267471202,0.036197302313280146,-1.1232725565863406,-0.3238972299567166,-0.07436721491137202,-0.866604720715509,-0.3518592699829674,-0.1324996350701108,-0.6583393035399168,-0.3269838685254202,0.25430436722362365,-0.7222441637266246,-0.229845586722917,0.11023362775752246,-0.8067601982382128,-0.3499967874644228,-0.032029367679242485,-0.6623269458360953,-0.35785883497078225,-0.118372814475206,-0.5456808884577113,-0.3372971205225447
R,0.0,0.0,0.0,-0.20698900950180366,-0.19302638411335227,-0.058831997026481904,-0.3213343292797156,-0.5267263845550457,-0.09964239571897218,-0.2196236706701997,-0.7528649298437681,-0.1574335802781894,-0.07896099435639,-0.8894452533666286,-0.2139834990329501,-0.18242742933316505,-0.9966382027669611,-0.0471801828050341,-0.1666264016782301,-1.3589483564742504,-0.13718368535424158,-0.15434268466019843,-1.5887899047517915,-0.1985064373565799,-0.14287428661987958,-1.7940387801878153,-0.24084785629542074,-0.026249317322715276,-0.995137693405436,-0.09493126199413857,-0.047358747116440565,-1.441465719238722,-0.19344135457607478,-0.10426947042939994,-1.7020485164195787,-0.25938204025620487,-0.15659882274471215,-1.9158503719883275,-0.293939554886504,0.12601725966753974,-0.8950513390587223,-0.15308449265925622,0.04108205772657651,-1.1353132511774766,-0.3036569268290313,-0.07149241917283558,-0.8855882264890117,-0.3350066420668796,-0.13012475529890324,-0.6768199291852102,-0.3154777324865707,0.25145277926411724,-0.7241623622448933,-0.21555288730175556,0.10387927657777796,-0.8069396943020465,-0.3338760539423293,-0.03945621802313834,-0.6563146952817486,-0.34577900567389436,-0.12395708219419475,-0.5302208555124887,-0.3292929555739666
R,0.0,0.0,0.0,-0.20960361922712223,-0.19048266540210457,-0.06011875214479658,-0.3269537135282186,-0.5244845728088011,-0.10414759653943438,-0.22869438252640906,-0.7508859130237484,-0.16599026479861786,-0.08774555229824728,-0.8868199531636087,-0.22655460390044715,-0.18708311636187272,-0.9951702038228711,-0.051951232544480294,-0.17270763396704958,-1.3596522743215502,-0.14731182980253676,-0.1603628717601157,-1.5915281632023572,-0.2111160076674083,-0.14848582309466285,-1.797499430890834,-0.253972057960709,-0.03146274490084786,-0.9943026335405994,-0.10184482616968162,-0.05421202486108,-1.4497297811644234,-0.20694825351173468,-0.11206569802587159,-1.7138352542996416,-0.27430034528614394,-0.16695954955377454,-1.9295704255382902,-0.307667705028118,0.12222332436874876,-0.8954684365916991,-0.16220041935074336,0.03115834772712989,-1.1281440389540875,-0.31757163511191727,-0.08190085820263354,-0.8715351129651848,-0.3447265034805249,-0.1414639860243627,-0.6611406936497922,-0.3198478809483494,0.24919969175985945,-0.7253069661375562,-0.2273019871374285,0.10344807602408396,-0.8092544544559245,-0.3442605630334122,-0.03959041779934637,-0.660225968641617,-0.3502361546227304,-0.12584810431522658,-0.5378724895619398,-0.3287936212512149
R,0.0,0.0,0.0,-0.2077052403101275,-0.18612412162803382,-0.06348209739910653,-0.3283324437551026,-0.517785752513247,-0.11038862048939156,-0.23310961795390442,-0.743331595498773,-0.17425808161530706,-0.08949695605445926,-0.8774463777864842,-0.2369644650106109,-0.18793826330204688,-0.9937896530151882,-0.05759533459672673,-0.17363976532605357,-1.3567355648887844,-0.15409479496079323,-0.16167248091579842,-1.5875620689878087,-0.21840122144112917,-0.14891116953264683,-1.7927315765251168,-0.2617854189293807,-0.03195977653095047,-0.9937936613244264,-0.10654919706634602,-0.05624974877057933,-1.444158602656223,-0.21259559111234716,-0.11469032484762631,-1.705302526293821,-0.2798457389843887,-0.1693189988391649,-1.9177802313676062,-0.3135092378134338,0.12125459927668442,-0.8957131973442092,-0.166181827609539,0.028728124925635635,-1.1212804179790055,-0.3217854420309314,-0.08250970956483901,-0.8680327681046861,-0.3495699441567457,-0.14050116413534144,-0.6593143799166418,-0.3258702193114223,0.24596607896349565,-0.7258574668108652,-0.23091125000942062,0.0957420927194109,-0.8056684390271988,-0.3488462296084023,-0.045342184974151364,-0.653401551174722,-0.3560507837202924,-0.12891886828382,-0.5277263594239314,-0.33586722885924386
R,0.0,0.0,0.0,-0.21066787739347195,-0.18394677953861485,-0.06535984118352031,-0.3322485135879173,-0.5158010136741563,-0.11326940837741653,-0.23626741393091036,-0.7413037751449861,-0.17761798363788137,-0.09382089251652537,-0.8776436565708988,-0.24065479939439413,-0.19159319664051783,-0.9928967681977968,-0.06091303702407212,-0.1770096441713403,-1.359195783807356,-0.1589228136132795,-0.16587369114877468,-1.5932022664637637,-0.22425976837517114,-0.15387622124605427,-1.800640269392339,-0.2684003009478505,-0.033908798867315605,-0.9933969420344193,-0.10960250415040954,-0.05817316615672571,-1.4479375756950248,-0.21769946286576158,-0.11808449384293912,-1.7108271825088874,-0.2860235536317352,-0.1745459241935515,-1.9250130321992618,-0.320356480571941,0.1206717253538908,-0.8959271932939886,-0.1689648757316699,0.02809571419719792,-1.1274100193681424,-0.3271980141827325,-0.08264415196440365,-0.8703428802711028,-0.3541598637818827,-0.1398709708391278,-0.6592021164727537,-0.32938179862169564,0.2454815657956112,-0.7267177332960704,-0.2335480271597697,0.0926838204484304,-0.8073165725694463,-0.3538179331130393,-0.04845539362191883,-0.6532875417056184,-0.3608029651039299,-0.13110260943830793,-0.5271920323745094,-0.340007763906748
R,0.0,0.0,0.0,-0.20812482146171135,-0.18561876329239105,-0.06298186669751103,-0.32988305239457555,-0.515910707195676,-0.10998640255947466,-0.237887245291791,-0.74030749776129,-0.17476211063320238,-0.09552853409089707,-0.8726117819690774,-0.23860769812764485,-0.19064884620304054,-0.9919851471994481,-0.056149564572494766,-0.17623214460660822,-1.3548757394726394,-0.1540272939619019,-0.1659204268162085,-1.587965037454164,-0.21938185850597094,-0.1556905829746872,-1.794233730584176,-0.2631928141921555,-0.03422579745672841,-0.9937069869514449,-0.10665373351332803,-0.05691788930661942,-1.445302646594755,-0.21455416493624052,-0.11633044722848052,-1.7094852026641796,-0.28272192697201426,-0.17385990432613802,-1.924161852978895,-0.31628367027152815,0.12024547582134426,-0.8960700073826555,-0.1679955659145575,0.027314909253152293,-1.1244344324662303,-0.3253658202099194,-0.08189078277444821,-0.8678914044865451,-0.3516560616893164,-0.13888576367311903,-0.6582001698697147,-0.32572291879419224,0.2465572756306146,-0.7251361402575555,-0.2345238284270035,0.09753253289568749,-0.8070169757298035,-0.3519964220246948,-0.04140048046288241,-0.6571505381933226,-0.3569250233234751,-0.1233119230188233,-0.5340366047471375,-0.33459199082415597
R,0.0,0.0,0.0,-0.21176145479775696,-0.18921375404203158,-0.06657782840828645,-0.32681870248443196,-0.5228387172912281,-0.11175937834608367,-0.23887254354516063,-0.7620203545262916,-0.17166575287996147,-0.10257619997010414,-0.9027259820757109,-0.22926531525042684,-0.19898646793704744,-0.9951167527940808,-0.06372782049514218,-0.23572649920699068,-1.4027998162573088,-0.15296981610492044,-0.25716162012889215,-1.644327062277002,-0.2095038121755801,-0.2589238773077457,-1.852083387122819,-0.2494758947512116,-0.033678911431737034,-0.9935648879453808,-0.10814131665027925,-0.06041428553156068,-1.4456674995414371,-0.20853647980635237,-0.08980879038227667,-1.713155958547148,-0.28001751999135666,-0.09999343238488023,-1.9304063110957477,-0.323038593848276,0.12229049269865007,-0.89423077670738,-0.16237804595323505,0.06200531602450818,-1.1831882083476084,-0.3162419276822906,-0.05673940658990856,-0.9476907002314816,-0.3559381286407166,-0.12016492004602351,-0.7382767239350397,-0.3467144718112253,0.24707971413783222,-0.728641975450162,-0.22002133755275183,0.10500328903975142,-0.8274698854971854,-0.3517103055909576,-0.04362698507059457,-0.6798701204987979,-0.37533220778539,-0.1323039080153476,-0.5442566171383977,-0.36781078038854376
R,0.0,0.0,0.0,-0.2076328596380032,-0.18676538805247486,-0.06678084651477992,-0.3223192175586304,-0.5176108006088488,-0.11237163190514649,-0.23681852939181808,-0.755005434909163,-0.17233311012987537,-0.10228005153301212,-0.894611409184741,-0.2300893145328608,-0.19605361406822924,-0.9952089624421451,-0.06458290701989233,-0.2329810814918352,-1.4016895498810837,-0.15317567595488318,-0.255854229752128,-1.6441090171082815,-0.20950895936658298,-0.2596468465022279,-1.8529440412731466,-0.24942205820989535,-0.031200115598556427,-0.993595435166357,-0.10860324121873335,-0.05910046150572644,-1.4426298486042148,-0.2075332111792404,-0.08654205173409397,-1.7092310410182894,-0.27782897147824304,-0.09413832059426497,-1.9270759439496354,-0.32015171999526537,0.12534139209281367,-0.8938954902066099,-0.1623286941784905,0.06632073988687891,-1.1838799206896458,-0.31449779765252417,-0.051518578025517896,-0.9511156051972446,-0.3534890498182429,-0.11483671470023468,-0.7420040073231015,-0.34415077056261917,0.2511923813442971,-0.7267470309829277,-0.21946605628559135,0.10951471529412703,-0.8260031968238333,-0.35023009617924994,-0.03796380596090075,-0.6782452444895348,-0.3730855090395891,-0.12561550255209816,-0.5407486004484507,-0.36498481584573483
R,0.0,0.0,0.0,-0.2053795763917593,-0.19380638597854347,-0.06326240050238675,-0.3223603645718657,-0.515927083754541,-0.11028922225079378,-0.24299695509377278,-0.7624480724547223,-0.17336508988050717,-0.10562228688179975,-0.9068953890893451,-0.23442023090736144,-0.18036006772896862,-0.9974894379275023,-0.04335901410497655,-0.1881792712825029,-1.3632390078585335,-0.13084971927350172,-0.190788844236025,-1.6007041004443672,-0.19181559234831766,-0.18007322086906688,-1.8088004952293215,-0.23657958611748733,-0.02964355140920942,-0.9955447470528402,-0.0895093094339674,-0.08277821528919681,-1.4224569264654074,-0.18850888686775294,-0.14645861465850873,-1.679800982207783,-0.2552668314066093,-0.18898648649571637,-1.8968772497686108,-0.29457624975802926,0.12271574302250948,-0.9008462308793234,-0.14725953529518682,0.06525022679402641,-1.1845237005971563,-0.29723954454916945,-0.05695327553326117,-0.9753976702971158,-0.33255845623460506,-0.13272445837121633,-0.7776668148745677,-0.32164967709078673,0.25539916663215034,-0.7321447930912952,-0.20966918275598884,0.11461841497385278,-0.8301738649615704,-0.3351764541995617,-0.03537692036710716,-0.6929805822898946,-0.35618486447724407,-0.13169680521176186,-0.5631303413490275,-0.34829642715327397
R,0.0,0.0,0.0,-0.20419374874117968,-0.1905259439268827,-0.0668529222994603,-0.319651269518426,-0.5101890234131631,-0.11671652942193873,-0.23625443718921518,-0.749473858656434,-0.18239341058196912,-0.10185432343415257,-0.8926378617502718,-0.24459874424795572,-0.1735914424580156,-0.999644506958597,-0.045639224122081296,-0.17869215764996746,-1.35859508202893,-0.137714553023549,-0.17843194138346233,-1.5964311617197822,-0.20262882287698442,-0.16466092340472396,-1.803755643620066,-0.2486716945062969,-0.022078883768851837,-0.9956094676895025,-0.09096323839083063,-0.0747894498753626,-1.409018087135081,-0.19333296395676977,-0.14267691635241633,-1.6578979754211625,-0.2594806683415651,-0.18986279934534675,-1.8675517998047193,-0.2963994714234015,0.13039574070501855,-0.8991132968978411,-0.14862535061527574,0.06455566613414364,-1.1515429240932877,-0.29767740422649835,-0.056970094008265235,-0.9215024156205813,-0.3233283318650117,-0.12839935992049636,-0.710938231277966,-0.30365498472077895,0.26103204747792746,-0.7279171938022847,-0.21234599495714598,0.1206097433079915,-0.8212760813686371,-0.3295807670313312,-0.02737133726243903,-0.6854564888722232,-0.3400547694884448,-0.12035766500252887,-0.5582599592911784,-0.32422688185621595
R,0.0,0.0,0.0,-0.2023301321356146,-0.17786064494498943,-0.06270795701693824,-0.31413980003879455,-0.5113421083142682,-0.10852030588894061,-0.22183659647213677,-0.7522077803743442,-0.17144654308727497,-0.09368828381068137,-0.8990371674597284,-0.23053555554050517,-0.1571127324537397,-1.0033150534903221,-0.03494813143291576,-0.1742963533186034,-1.374016418500566,-0.1216370217350541,-0.18873365345679763,-1.617028163685488,-0.18207357422715095,-0.1886716305091471,-1.8210933556325704,-0.2248312249197465,-0.009638188008583933,-0.9965214139388971,-0.08277787683392558,-0.06385039890236166,-1.4228473720543293,-0.17998467696154277,-0.11471732742987821,-1.686316204425728,-0.24248011681216092,-0.1397079260849739,-1.8990158413992415,-0.2758003132545774,0.13651834406895505,-0.8935793459068249,-0.14404227987788665,0.07069409206066236,-1.1609449406016645,-0.2953780001147174,-0.046539962377389506,-0.9357721624190622,-0.32739475018479863,-0.1098524333860931,-0.7264153348075177,-0.31033220761008523,0.2606380338181048,-0.7172610642788484,-0.21048270563564533,0.11323570109828379,-0.8165541650175668,-0.3373353371582433,-0.03187979509237446,-0.6806305290208207,-0.35703103578321116,-0.12012034720766475,-0.5544724902137971,-0.34576175306360707
R,0.0,0.0,0.0,-0.2083033547549711,-0.18258732241850884,-0.059572225784735026,-0.3187777958593027,-0.5144748061784897,-0.10495838047855753,-0.23460109659214354,-0.7557260326963396,-0.1705453351075058,-0.11316055571834385,-0.9074147749779619,-0.23170245661527403,-0.16355684303909396,-1.0064528211509143,-0.02221036015329886,-0.1747406262413843,-1.3809616326403371,-0.10867908508056522,-0.18246660706030737,-1.618838073320337,-0.16907044327149667,-0.1793640244605001,-1.8236874846255227,-0.2117655978424453,-0.016732336010900923,-0.9970926314335853,-0.07433917723829535,-0.0746204955132752,-1.420184921983423,-0.1745049720137897,-0.13361013318573028,-1.6816617099268822,-0.2377770117551952,-0.17263839796241043,-1.893627093704014,-0.2711568367117038,0.12859826898604163,-0.8933300631922696,-0.1410592483453449,0.048257844434315765,-1.1590024024623338,-0.29745069487854064,-0.06922847688226685,-0.9214545648188808,-0.32842464790404197,-0.13564685854082767,-0.7054433365487168,-0.30907823070599,0.253026910763387,-0.7198494282388667,-0.21316958177388792,0.10925353388724326,-0.824565449915944,-0.3429272624072456,-0.03608676791716136,-0.6842779763754047,-0.3620474372556848,-0.12806415299950763,-0.5539429893835007,-0.34982656565327225
R,0.0,0.0,0.0,-0.19982981424072388,-0.17787166689554962,-0.05638640075456667,-0.3090688800173843,-0.5157439534026883,-0.09772228979926507,-0.22006221667650283,-0.7541262632324331,-0.15896530428962757,-0.09328942609023523,-0.8968484978424378,-0.21621798003252068,-0.1463412116898432,-1.0108981264697097,-0.015850859235401922,-0.16932942525673084,-1.3777594055263036,-0.09603158073996482,-0.18794311027352706,-1.6154285248577778,-0.15356255608444214,-0.19298328328867095,-1.8153581270694532,-0.19557276601152024,-0.0032092594108732797,-0.9977220053876699,-0.06738323693056152,-0.06279735277048813,-1.4108872509179853,-0.16092958647370167,-0.11402575777931889,-1.6683329764532164,-0.22255615486294972,-0.13976792368177787,-1.8762121580213342,-0.2558677030609591,0.138290083398256,-0.8907674971577328,-0.13334361768739084,0.06319767863042271,-1.151318976541811,-0.28473682775609244,-0.05311420199712466,-0.9171725682476103,-0.3176150320155436,-0.1133996371772707,-0.7044158093581929,-0.3007634851681368,0.2562600096451022,-0.7153911165240334,-0.20421282676549105,0.10874423483835423,-0.8209018297781849,-0.33250890029460106,-0.034184423907638185,-0.6800937632462546,-0.3534252416567736,-0.12013375991498718,-0.5494644610767464,-0.3431752316180323
R,0.0,0.0,0.0,-0.20496588913763608,-0.18291557592563512,-0.057780415894134234,-0.31457028013096144,-0.5173919014289138,-0.10100769083462399,-0.2289932149254103,-0.759478672942413,-0.16458598725292317,-0.10548864621308056,-0.9110218271081322,-0.2237418115680106,-0.15715055493438496,-1.0083550987448904,-0.014946093826654464,-0.1704048426448842,-1.3875504602058728,-0.09658142533853248,-0.1789585852552249,-1.6266112162708934,-0.15269885316388554,-0.1753483625906053,-1.8296629618326659,-0.19263623708050967,-0.011452043046424323,-0.9977219343073513,-0.06648152007934162,-0.07682275466939825,-1.418754835896848,-0.16254663699937003,-0.13897923924668,-1.6787270470795954,-0.22339749011528248,-0.17776624897077603,-1.8857612867740055,-0.25542724384398585,0.13267889557020568,-0.8932271323161121,-0.1331413921776629,0.0568731161697852,-1.1621595598947791,-0.2890774312177646,-0.06047602388787444,-0.9292279382171709,-0.3246378081422554,-0.12585207344480295,-0.7147028967237845,-0.3085749022286411,0.2558863192923967,-0.721784753471462,-0.2043951989729942,0.10743422428889905,-0.8275391101747265,-0.33636547145439977,-0.03764449415655667,-0.6858195337967672,-0.3601582494127157,-0.12742340304002756,-0.5537135764710206,-0.35124832327419225
R,0.0,0.0,0.0,-0.20313284238649706,-0.17951468211411134,-0.0597133932811688,-0.3122802815970089,-0.5154421006876162,-0.10206162678005484,-0.2233867780422839,-0.756879121403403,-0.1633144157048122,-0.1000886580659556,-0.9039855551750492,-0.22009615772415314,-0.14868424945808087,-1.011331267803729,-0.019789810804542236,-0.17279559908830278,-1.3791190115874323,-0.1009767748331795,-0.19351325957451404,-1.618688839834323,-0.15987761517652976,-0.20172186226918215,-1.8196415023216692,-0.20330885299153664,-0.005715532929922711,-0.9974975746192399,-0.07046929339833748,-0.06287788688469169,-1.4123852435526099,-0.16422916976423896,-0.11204735360872448,-1.6683973513065349,-0.22649203342153998,-0.1364293476066294,-1.8752811646230754,-0.2610633634564376,0.13524315646665463,-0.8885326788881567,-0.1358364877105616,0.06374406593886967,-1.1561667865421419,-0.2876844176259867,-0.05057751990153858,-0.925998484091455,-0.3201712786934916,-0.10903084944144868,-0.7157956185960362,-0.3039422511427165,0.2531787324540397,-0.7094463056327794,-0.2064937415669144,0.11089589548781792,-0.8229161519887347,-0.33619839617976777,-0.03343404318090017,-0.687445669863572,-0.3575698374546754,-0.12128906849135052,-0.5588874487916196,-0.3480819181517725
R,0.0,0.0,0.0,-0.20521658312433422,-0.18579716020327527,-0.06016167051298089,-0.3118741617285235,-0.5207639478971382,-0.10471072056119969,-0.22591360352814266,-0.7643907009031772,-0.16892808021495978,-0.10503982434516873,-0.9152575832711012,-0.22876881319696762,-0.15011834140434882,-1.0117830972532151,-0.02124084578496795,-0.16835348939338157,-1.387558307143328,-0.10509179172781546,-0.1825589069043305,-1.6265716716177046,-0.16402615884428953,-0.1857285406806846,-1.82978289820827,-0.20647555565586526,-0.006799606521402372,-0.9973351587438528,-0.07263846422198053,-0.06926454610305761,-1.4173766266014507,-0.17087654381240902,-0.13247371342115377,-1.675498763615329,-0.23392194328775073,-0.1727476875643115,-1.8818635474083845,-0.2679686467418573,0.13525182380718315,-0.8893990023780198,-0.13886728877236845,0.05884927890846158,-1.1649316767751696,-0.29541184846733676,-0.060700829683737634,-0.9345945647371618,-0.32972175680452337,-0.12598485530919787,-0.7212945038237532,-0.31328478340498006,0.2562003982697809,-0.7131240752967674,-0.2100959461747232,0.11137026938782951,-0.8298354922672785,-0.34255819033281537,-0.03434622767021498,-0.6930712941821962,-0.36505779658113696,-0.12387215823651948,-0.561947424798291,-0.35535139356187523
R,0.0,0.0,0.0,-0.21079664720060443,-0.1809000717633133,-0.06923713181608855,-0.3224773773074094,-0.5333245529805324,-0.11430395047004575,-0.2331887021330115,-0.7980443124762145,-0.1753053051225541,-0.10148757865949891,-0.9600391909912359,-0.23243445644419106,-0.16776564701099234,-1.0010978931612038,-0.030165912886355218,-0.1883677630672064,-1.383448929380941,-0.1136742803301926,-0.20912136527089262,-1.6320404769450982,-0.17040436591602476,-0.21715152086808667,-1.8405790275555656,-0.21222559882389508,-0.017955178548876093,-0.997059784703227,-0.07449427689985708,-0.07286721941611482,-1.4305760117573136,-0.17075637763223464,-0.12742506462530592,-1.684606070847855,-0.23098005045034137,-0.15979465638358425,-1.8861510440733853,-0.2638363634281846,0.1280260457110179,-0.8990744545907909,-0.13404981242074138,0.06263465774564592,-1.1999972193904822,-0.2933865110914646,-0.051517004010392095,-0.9767660015264681,-0.3310469997619129,-0.11309225142456822,-0.7647445600352271,-0.3176709268087504,0.25115668652266343,-0.7346492458907018,-0.19849490831483,0.08712438881319996,-0.8418776134809446,-0.33971300506166,-0.05781271270808838,-0.7053544456997909,-0.37100879232635625,-0.14380065760499652,-0.5742603587870858,-0.36741769705453087
R,0.0,0.0,0.0,-0.2162130925124806,-0.1879058806630885,-0.07015843458270991,-0.32578732460679266,-0.5434011586576653,-0.11131614203922145,-0.23828593735966475,-0.8067621086241756,-0.1676146059354027,-0.10615616978505316,-0.9675023383149206,-0.22055240423092504,-0.17035451804327997,-1.0011821884026724,-0.02339568749028586,-0.19424182514141577,-1.3695920346159163,-0.10510568724442675,-0.21905281535897086,-1.6164683830834194,-0.16130579736600464,-0.23275905550241202,-1.8225431937065357,-0.2026454339852714,-0.022341313721324283,-0.9975919977243475,-0.06565875248244406,-0.07814232712495882,-1.4245720292947694,-0.1599033266390601,-0.14795451072194124,-1.6710074840867433,-0.2204078440679265,-0.19701603644445556,-1.8628838780989574,-0.2530092486607999,0.12289096016493004,-0.9021237941668411,-0.12354637153684475,0.057466370195963665,-1.2076723995215137,-0.28011437803380185,-0.05748731808014391,-0.99048295774684,-0.3198995235496557,-0.1197908709278033,-0.7823837119770973,-0.3080173055995928,0.24434857123590456,-0.7407697519453051,-0.18648827904139528,0.07989503264188857,-0.850501093170969,-0.32308708502485106,-0.06359738112811256,-0.7193398688073702,-0.3545219296147437,-0.14727014729820376,-0.5921342373659573,-0.35160958084904365
R,0.0,0.0,0.0,-0.21627347307726588,-0.19175689300924964,-0.06699671529139208,-0.3254331974991323,-0.548676151738248,-0.10740809787567791,-0.23825957168703585,-0.8124313799645496,-0.16383161032196158,-0.1055802042651871,-0.9725264674186664,-0.21670867185188314,-0.16647536627673776,-1.0025101662946954,-0.01770011906195412,-0.19070282176697123,-1.3718448093675417,-0.0984729272902275,-0.2162446592968179,-1.617386570676152,-0.1548957983338642,-0.22984239541233575,-1.823883389899157,-0.19684824328746472,-0.021283910727345978,-0.9979183154064551,-0.0608771789794261,-0.07787042578862108,-1.419953954982633,-0.1548199031321962,-0.14718315878419305,-1.6620189192354078,-0.21672332543543288,-0.19562662319434504,-1.8507898362297404,-0.25079081029531336,0.12247869707928312,-0.9028677717030582,-0.11951367240637852,0.059992659148615055,-1.212487038925436,-0.27415913160927863,-0.05171027610710653,-0.9949988479121612,-0.3133533231569649,-0.11265635562109266,-0.7871751146285948,-0.3019296213133125,0.2445944589377181,-0.7419785290946765,-0.18305190671004926,0.08254042912245997,-0.8575725088388386,-0.3165862145216284,-0.0622590800709751,-0.7277131421623402,-0.3465649795311423,-0.14891178825641105,-0.6010509209876035,-0.3434769464873611
R,0.0,0.0,0.0,-0.22291739136044367,-0.2074671790784264,-0.07235443125874011,-0.3358233031656027,-0.5505798566698819,-0.12138421685121797,-0.2675408699237451,-0.8266379542699522,-0.1869559891411845,-0.13416285298843988,-0.9907459354464595,-0.2488252768912573,-0.1713072351857806,-0.9908415449249569,-0.027900365106450425,-0.20798913896625632,-1.3644037455941724,-0.11820930601247927,-0.24468212067169365,-1.6142744269940477,-0.1793767922460664,-0.26838199381181976,-1.822067855952649,-0.22354777250508082,-0.026420950834520535,-0.9970589554588055,-0.07194006322207148,-0.0892138231528438,-1.4321233004866303,-0.1732396717179078,-0.17044555226579522,-1.679217614368429,-0.2359514805718162,-0.23111475642864374,-1.8677508232672322,-0.27019022784291363,0.11519445142042253,-0.9116471559936804,-0.13193248476315336,0.06161142659133845,-1.2568472739319525,-0.2908328182461736,-0.05152652283125935,-1.0404255386440324,-0.32477647853862074,-0.11631282283591433,-0.815378990066196,-0.3090620178258192,0.23238193132267368,-0.7567262676497344,-0.1978855597293035,0.07410293469847887,-0.8894366150535707,-0.33418440631225194,-0.06965360090895045,-0.7710006230678106,-0.3622340366686594,-0.15766621771190498,-0.6370533405110557,-0.356588336883842
R,0.0,0.0,0.0,-0.2269963386089718,-0.21593627666256845,-0.06969748905377034,-0.3178464608417115,-0.5663617335401268,-0.11799648148828007,-0.24200128424462325,-0.8512442164322973,-0.18326573894243042,-0.11870039487009178,-1.0427473285835867,-0.2450746860567778,-0.15167736300690454,-1.0053901086628985,-0.018358652870196328,-0.15390419601893632,-1.383969533010544,-0.10350822793215605,-0.15953347399110537,-1.6366086981152344,-0.16309506573893418,-0.1494007342769972,-1.8442437530585207,-0.20631468582780424,-0.010339795426381226,-0.997964248426824,-0.062932086350487,-0.04517750947938176,-1.4466635227419844,-0.1623940507748595,-0.09992583466285306,-1.7208763381794756,-0.2325946096615892,-0.13259674611469946,-1.9321095765865641,-0.2741433300086721,0.12380947488832766,-0.9032850716746772,-0.12267377309417656,0.09642675058225372,-1.2830108800490665,-0.28001472243717185,-0.02360966536664941,-1.0872212029190746,-0.3198604243123852,-0.09471362043051919,-0.8703886033347462,-0.30969262585421936,0.23303234721746433,-0.7446199720205953,-0.18732193721938994,0.0867561466213938,-0.9189250603290064,-0.3258979828864045,-0.048566964252247165,-0.8261894911421604,-0.35673781919071823,-0.1309231769878384,-0.7057167229935336,-0.35296717130877975
R,0.0,0.0,0.0,-0.20824115366085352,-0.20629841460408263,-0.061730619157323204,-0.30099761241352463,-0.5989757936945884,-0.08801825505089202,-0.1643502917766923,-0.8300253764680237,-0.13036259621989085,0.004350560309270531,-0.9490923314193501,-0.17303461523507585,-0.16078429205664083,-1.0057821001177922,-0.009021590910953234,-0.14465331244316376,-1.3623951912472532,-0.0852071939536302,-0.13442834086388564,-1.5896269240691,-0.13720659854544565,-0.12627729958451206,-1.784534243241205,-0.1757068977083291,-0.013289118600243644,-0.9984815846020021,-0.05345955983267968,-0.025763927611064684,-1.4368349503652809,-0.1426936953865609,-0.0876135772454328,-1.6774712870366086,-0.2037528253928493,-0.1344462641745673,-1.8738592194921364,-0.23375653986211603,0.12866128468156912,-0.8903009159611867,-0.11169939464343565,0.0745609724356273,-1.165944619592539,-0.26164405643025734,-0.039502607189539594,-0.9179940939519112,-0.2916572406899615,-0.08605055368815441,-0.7214200916628123,-0.26965138786547993,0.24213672102941988,-0.7107268966890261,-0.17445485283019713,0.09161361672621803,-0.8138659412891345,-0.30209955550830436,-0.012623369235440003,-0.628585657269856,-0.3150950644108869,-0.035739266275591285,-0.48053449162953044,-0.2965028862627127
R,0.0,0.0,0.0,-0.21312409534016946,-0.2082213308559832,-0.0616423499558532,-0.3040658728173881,-0.603164187731258,-0.08747632659165826,-0.16300582369429262,-0.8395275852265411,-0.12908232180875928,0.0067081788072464645,-0.9612049451264039,-0.17183666217298077,-0.16083374603293224,-1.0096642430674794,-0.015196575403795452,-0.1432277260753394,-1.3833144093308634,-0.09206654709646607,-0.13162932948649408,-1.619258709506884,-0.1440572560993273,-0.1249413752147616,-1.8222448818922239,-0.18251644584580318,-0.00976639074686854,-0.9982336352177131,-0.05860227923732297,-0.015663153698724494,-1.447935920110893,-0.14821174788153624,-0.07854029829067144,-1.6930011112752936,-0.20985493831882962,-0.12980406515635529,-1.8875043082299245,-0.24080657683267082,0.13455889090854095,-0.8892885567450038,-0.11473043897858042,0.07775435036889115,-1.1776537293880143,-0.26477845660751387,-0.0393814777227716,-0.927162182986676,-0.2927094530654135,-0.08674958706717947,-0.7234039202316671,-0.26953576361058434,0.2489147816881169,-0.7097459917763125,-0.17509946027046439,0.09444483556603991,-0.8212019088802417,-0.3040884696231972,-0.010815632158766311,-0.6281898032592242,-0.31467503082763476,-0.03107443702461256,-0.4717586389849421,-0.2938121818194982
R,0.0,0.0,0.0,-0.20818509969604737,-0.21023140217084874,-0.06243867452251249,-0.29403930561158975,-0.6013356371520805,-0.09200605311988744,-0.15321502800682454,-0.8344462117847024,-0.1382669168477953,0.01610939656606239,-0.9544615527647742,-0.1855469468147948,-0.14929799670706084,-1.009707232078984,-0.012193693333791457,-0.1276536361553378,-1.3739667421462474,-0.09080642255121384,-0.11516584344841538,-1.6093823052436091,-0.1436900320979255,-0.1051946063891859,-1.8084281326886897,-0.18155699355183919,-0.0007129524247457622,-0.9983299099858998,-0.05776575565493137,-0.004065492937646763,-1.4435239176750527,-0.150981293520155,-0.06621445143402636,-1.6916088304697456,-0.2128184755652529,-0.11578624107372522,-1.8919140576150295,-0.24108943254265022,0.142195771450952,-0.888881148451732,-0.11677536520483793,0.08253027324973977,-1.1591970696430574,-0.2675145756991758,-0.03480901866058086,-0.9134246244888165,-0.2936608624637645,-0.08082819983708289,-0.7220265346783381,-0.26753329701087986,0.2546528444358762,-0.7086098283479861,-0.18056554700773012,0.10043317615153816,-0.813088864600927,-0.3043008079489185,-0.0007628759226233176,-0.6271258917803542,-0.3098645667610703,-0.016564130449351584,-0.4819429375500321,-0.28534729121140195
R,0.0,0.0,0.0,-0.22992062318684922,-0.22424253032758448,-0.06431510447976065,-0.31411691609312514,-0.613340263065292,-0.09669514020558671,-0.16051641303692973,-0.8462132887966213,-0.14446367036249122,0.011619694173986958,-0.9758786383112662,-0.19388662732800924,-0.17515794779433488,-1.0031755029516072,-0.025922023288839455,-0.15307190351191435,-1.388430008388885,-0.11063771359187516,-0.12721424608888054,-1.6310646178078014,-0.1682782470244611,-0.10521880756666988,-1.8385592272822724,-0.20946463592251788,-0.024171361571442534,-0.9973567535519293,-0.06852190470308493,-0.031145235499210652,-1.4433467927054244,-0.163189920016213,-0.08345126824917919,-1.6830724230828435,-0.22805123054600354,-0.12740910782208298,-1.8776901340031231,-0.2608930490136852,0.124376188805102,-0.894814376836524,-0.12382782518067845,0.09119924772214635,-1.1755096371624585,-0.2757055081746303,-0.035239508017339806,-0.9485259858447699,-0.310235254584562,-0.1079973182700485,-0.7581921667027965,-0.292314008919648,0.2545036672626514,-0.7182162326790281,-0.1832271712202638,0.1376368759505753,-0.8323060959210916,-0.31231275762133887,0.022200587372292812,-0.6625880546644218,-0.32493838840001377,-0.029319865740572378,-0.5152719908758824,-0.3058056863506345
R,0.0,0.0,0.0,-0.22987787507308197,-0.2378513350964653,-0.060927429822961024,-0.30273430318139316,-0.6430540249891262,-0.08265431540623185,-0.12568875645419852,-0.866516343457283,-0.12064345856886385,0.060876930723178325,-0.9814445335526588,-0.16067251718632652,-0.1761336310998334,-1.0017176315537593,-0.0019181266973866038,-0.15700052274303328,-1.3702740199357002,-0.07723410976284625,-0.13656573757396098,-1.6081388606661962,-0.13038085426224594,-0.12437471532908147,-1.8097621884664945,-0.1704352478322783,-0.023895461224262615,-0.9986105748459332,-0.04696729435207896,-0.03503114181278003,-1.4487378541393738,-0.13683162538125443,-0.09479737680209059,-1.6995207387100297,-0.20453271758259506,-0.14870007419995157,-1.904597989748503,-0.23991728852254177,0.12601498409310644,-0.8897175009602547,-0.10607997435305626,0.12153149403534597,-1.1853385198518747,-0.25954309096868666,0.006503628556420465,-0.9697243062968738,-0.30530205748877515,-0.06478956996789938,-0.7906978064317276,-0.294362945696967,0.25914249159519553,-0.7081028650863734,-0.16847533780368784,0.16452905772419762,-0.8378530129798271,-0.3029099671712058,0.05396851358623541,-0.6778405436277747,-0.32428101615293387,-0.0007975932885952328,-0.537849320735182,-0.31167490965933603
R,0.0,0.0,0.0,-0.21501484927457662,-0.2531664551790444,-0.06703015023146502,-0.28435428197620155,-0.642365194930887,-0.09657815442841436,-0.1013404991741904,-0.8568244346159055,-0.13962807073628986,0.09173847432744087,-0.958430330665299,-0.18435586217635494,-0.16955677836184005,-1.004207976544822,-0.025512298241335645,-0.14281648035556013,-1.3763464898984359,-0.10528293751064217,-0.11181297273011792,-1.6148160011322112,-0.16224196590842588,-0.09013813685298261,-1.8238490018509514,-0.20591031281852124,-0.011231724573639253,-0.9976448501077859,-0.06766536349208067,-0.01947967599858154,-1.4648291640159437,-0.15710036319646403,-0.07717725976195995,-1.7220539560657333,-0.22401851115695914,-0.12571438906838078,-1.9326041327826906,-0.2624854771242352,0.14283352940535904,-0.8829051238288541,-0.1228828610519499,0.17751072839469437,-1.220765575392314,-0.2740221192176809,0.05796961082461446,-1.0389084759022158,-0.3230863483137182,-0.02847570184192293,-0.8795777176097657,-0.3188856518771519,0.28301024855038703,-0.6887988503598947,-0.18129096396569813,0.21871108327098163,-0.838918954215424,-0.31253552016642316,0.09791155639185506,-0.6952522945765578,-0.3351919314064952,0.024045979836391226,-0.5626951746544387,-0.32704414314912156
R,0.0,0.0,0.0,-0.20816039882179457,-0.21623169060468347,-0.09396428337338245,-0.2754852374568715,-0.6114445816804567,-0.13383154013407197,-0.08514020329881859,-0.8309930468311956,-0.18085836399190788,0.11747547551717732,-0.9406107693354234,-0.2276775592025432,-0.15838217938487859,-1.010971247429511,-0.050900902838155626,-0.11034160435829718,-1.3776770771190048,-0.13707645943064375,-0.07165956634465749,-1.6198008901797882,-0.1961091225626678,-0.040602793741200474,-1.8271801051482421,-0.24128202404622656,0.003146781651555881,-0.9967862240550549,-0.08004574504184107,0.0007421018856341324,-1.4363202529137722,-0.17776061700030074,-0.04136530206218717,-1.675553275766485,-0.2431238187119934,-0.07217446443667862,-1.8769411977554873,-0.27833817476814227,0.15626318971389283,-0.8743304851099563,-0.12461636060698603,0.1853973845866326,-1.148903627786694,-0.2918890727190251,0.06677022087424453,-0.9056335925401693,-0.3382586203256807,-0.011035690918481162,-0.7138484470872349,-0.327058630272564,0.2894957129289369,-0.6814610655786009,-0.174383192524174,0.21273071153950796,-0.783096956654923,-0.33235983955649917,0.0906053017666791,-0.6079702038613658,-0.3672494235500055,0.020088860202396894,-0.469772175443968,-0.3618646298712669
R,0.0,0.0,0.0,-0.20012594433046563,-0.24361812389476398,-0.10080464669735885,-0.24538337782633246,-0.6243733679080405,-0.14599856984149104,-0.05170108272775313,-0.8345677639805533,-0.1975878025845157,0.14118888297646945,-0.9515052992022102,-0.24759757727923354,-0.14085894255451306,-1.031433366421147,-0.047010036010523386,-0.09062842027572196,-1.394701949755989,-0.12882742831794633,-0.053128220400918046,-1.636596516485065,-0.18766489208655637,-0.023794409340043676,-1.8430531018191918,-0.23369822381658684,0.019843481798268472,-0.9969849337641853,-0.07501518564493959,0.017997377928500338,-1.4312264998147655,-0.16828309523032753,-0.018597302638467306,-1.679395112590763,-0.23568988028577117,-0.03924346989059225,-1.891584412756382,-0.2752980151925634,0.1680138023595928,-0.8553147665488599,-0.12008255365406681,0.2224328964928898,-1.1608366903164118,-0.2837119274549307,0.10516796444283787,-0.9394364928094252,-0.3350282235245611,0.025926485800207937,-0.7642915442153674,-0.3300892234374901,0.29537770927442786,-0.6460222560790958,-0.17095577616490326,0.24515808811089967,-0.785143924231215,-0.323414447851374,0.1179404378258415,-0.6261322628557057,-0.3598106599885869,0.03793624448531897,-0.49558341343156687,-0.35845887627467665
R,0.0,0.0,0.0,-0.19918426788961527,-0.23987653111308527,-0.10446334107039687,-0.2447184759147617,-0.6201340198203397,-0.15009708182855194,-0.05022136682576838,-0.826974589194355,-0.20118647534802564,0.141117818522086,-0.9453592987601741,-0.2505018648819914,-0.14034226109390546,-1.0331551481666779,-0.04710212807416575,-0.09031274934654686,-1.3958959608130144,-0.126207756705238,-0.054548322689357095,-1.63825476392315,-0.1824409367696827,-0.027624780569029693,-1.8418531452143307,-0.22648677613282073,0.019199069698547025,-0.9971270789983463,-0.07327335157433454,0.016452160654133293,-1.4288619433670282,-0.16529464634052288,-0.022105466187972468,-1.6735363884508825,-0.23136716880070532,-0.04654953909514728,-1.8818653264869063,-0.268838649073204,0.16615445419264332,-0.8535869318896652,-0.11715852813147154,0.21860376297985082,-1.1491140934753177,-0.28151066796093155,0.10351548892714223,-0.9212021947591599,-0.3342745666375485,0.02595685291280744,-0.7488210396946591,-0.32920943886647785,0.29088882547227907,-0.6452876491155257,-0.16695502456269837,0.24341708006243823,-0.7797782399055491,-0.31975031444923563,0.11759305873332337,-0.6168466255456084,-0.3572460478436869,0.037833604472687514,-0.48984796652624857,-0.35638862200198135
R,0.0,0.0,0.0,-0.20227164936091918,-0.2478755974884408,-0.10132798501575697,-0.24346238918599608,-0.6294894927077043,-0.14396085564311886,-0.04838444379317254,-0.8378498455139768,-0.19252891534236358,0.14018505219301672,-0.963377207157064,-0.24014970058218194,-0.143508316477017,-1.0346508425693817,-0.04069986333477846,-0.09390117436530987,-1.3997760294233639,-0.11885128867979601,-0.05776079003674811,-1.6421003672235246,-0.1752340987214431,-0.029119646543986098,-1.8488744622172397,-0.21944705307652082,0.016053171436078043,-0.9976415877732864,-0.06673498356963903,0.013852351185896963,-1.4321126266417346,-0.1573053252328202,-0.02581749808918412,-1.6796732310433085,-0.22559467427573504,-0.047095276516639806,-1.8898309999541214,-0.2659690807344033,0.16316770430835256,-0.8560599529986846,-0.1101392762603837,0.22416784616002597,-1.1699307794475864,-0.27475992175749125,0.10635492319465507,-0.9505139948571778,-0.33144536524032764,0.02852087507428474,-0.7767285171642957,-0.32998015621384824,0.29019741129492227,-0.6503150251585043,-0.15869479269804485,0.23893901133990808,-0.7892199072543857,-0.31395161226117213,0.11409157939700613,-0.6258204796725702,-0.35404134520946373,0.03971097923804125,-0.4944262225986648,-0.35496904162290516
R,0.0,0.0,0.0,-0.2029635327992297,-0.2458818415664001,-0.09465000083498934,-0.24953148951623808,-0.6154671792326257,-0.13301250601095868,-0.06139380606104994,-0.8273579655492846,-0.17765364340263376,0.12286607008395703,-0.9447153848952159,-0.22083753687976893,-0.138035330828863,-1.0311545956492458,-0.03022069173867747,-0.08805436258950305,-1.3835225590398323,-0.11021529392414324,-0.04219829914939166,-1.6160206446737515,-0.17146154039888425,-0.002514803131435175,-1.812592649210149,-0.2176826926336318,0.01817068360298621,-0.9981856582612161,-0.05740398852887347,0.02149856372764449,-1.4225178795325797,-0.1482433833103921,-0.016307352099661474,-1.669452951600738,-0.21766697849586902,-0.03639727977649131,-1.8739069151305576,-0.2578906169995076,0.16132904879642532,-0.8571550369207168,-0.10217728700457346,0.23354969286750113,-1.1496795055402376,-0.26066266304611235,0.10959567237912489,-0.9539240048965466,-0.3146739581680568,0.02300784240539315,-0.7920098581041107,-0.3122222144961948,0.28562900576949585,-0.645823917398639,-0.15208461072312696,0.24593883631570324,-0.7822154186542465,-0.2969834237644016,0.1171160934770465,-0.6350618297525366,-0.33049757635116456,0.03288055945398374,-0.5155371670280408,-0.32741226209191465
R,0.0,0.0,0.0,-0.21880907384418663,-0.24632782200933492,-0.08190329506206169,-0.28222966837892527,-0.6149050384535237,-0.12088758236875742,-0.10032999232456323,-0.8158882436059279,-0.17056720299748096,0.08674797148456917,-0.9135620286905657,-0.22009316269555634,-0.1354973436704694,-1.0058675428077195,-0.028546988398378367,-0.09881795364659868,-1.346317459990605,-0.12252125121684648,-0.05508588156799143,-1.5739614647735902,-0.1976297824350051,-0.014666597289352873,-1.7757830509012,-0.25256392647449016,0.019573251742799492,-0.9975853064774428,-0.06663665745308318,0.028764134375081206,-1.4144153238169979,-0.16693117245837152,-0.016693974326148404,-1.6618538716504752,-0.24383048001401858,-0.05020626592384488,-1.8908170857082587,-0.28885856936240767,0.16829737610739293,-0.8798371622434378,-0.12130721757361841,0.1880193413013428,-1.1462409443842696,-0.27156911862749616,0.05397817982120493,-0.9442761592995114,-0.31433942292760336,-0.03185705396258352,-0.7882239839538885,-0.3061815517785893,0.30167733196800206,-0.6792590055698247,-0.1831085187456401,0.22865440239367207,-0.7880425393125328,-0.3074987820615885,0.0983291204363579,-0.6502621951252402,-0.32723460019813205,0.024860762056189888,-0.5445863455830074,-0.31725956986028536
R,0.0,0.0,0.0,-0.20850475730070325,-0.22489079028307501,-0.05873875097536354,-0.28220053559246977,-0.6076001406018096,-0.08040221789529747,-0.12321253375391887,-0.8177513944136292,-0.11832965752579733,0.0494113395269894,-0.923321731898678,-0.1580463660500434,-0.13124716669719982,-1.0118326899517922,-0.0022945101571593823,-0.0977546719604561,-1.3598315500858784,-0.07641630226025493,-0.07046215746290141,-1.587490590521816,-0.13057602707319138,-0.054508347124375085,-1.7832167381517454,-0.1719518248988381,0.021547432579561383,-0.9985994416049834,-0.04832042399901701,0.03720784388672288,-1.448135744042848,-0.13595373272617411,-0.020908013097637092,-1.7005599995324214,-0.2017275640743166,-0.07648713686391355,-1.9093280370258716,-0.23612143862283225,0.16485736724003683,-0.8782430046165628,-0.10824045242748107,0.15515979359214116,-1.1656977196769076,-0.25430785114810994,0.02150692793452341,-0.9763597950275293,-0.2991976865759616,-0.05923683169062465,-0.8267794297409826,-0.29106901881038627,0.28403086087722007,-0.682621840179862,-0.17163456014980397,0.18602554478849476,-0.8000143411127899,-0.2952276255235321,0.05960189278628744,-0.6538488289771373,-0.3147756821817611,-0.0040312507619206395,-0.5367209930111454,-0.30434798634253984
R,0.0,0.0,0.0,-0.20162644705893704,-0.2014361995941297,-0.06380942700025403,-0.292064212215752,-0.5921381366805234,-0.08861447837316531,-0.14640050583443012,-0.8028718516717636,-0.12735044760348171,0.021291085154214805,-0.9072480784389342,-0.16638477567526777,-0.1283101977845922,-1.0132632052208161,-0.016213277932276386,-0.09113466723871635,-1.363942787335411,-0.08791509845452584,-0.06414942926586145,-1.5853150733631056,-0.1374417946959097,-0.04358598816799369,-1.7783448548467213,-0.17464702778471822,0.025334410744014445,-0.9981531048084306,-0.05521364861647674,0.031039650832126765,-1.4333073489820334,-0.13684634742926405,-0.01503635327150219,-1.6789059907622463,-0.19320235019528004,-0.0516647438678173,-1.8815946318344081,-0.22161387719154663,0.16762237954890927,-0.8840219287839549,-0.10780909316146747,0.12252054325845278,-1.1431240248366703,-0.24967682715516396,-0.0023353821242841247,-0.9118424077237167,-0.2851289172566029,-0.06422216847315644,-0.7211813541672674,-0.26934717609787484,0.2799206283429099,-0.7001404045319031,-0.16506805743235997,0.1351047620983498,-0.7744143587041434,-0.2909665116240398,0.015799358997908353,-0.601974896547419,-0.3134944152856666,-0.028316382265246465,-0.4662144736498258,-0.30280666548954566
R,0.0,0.0,0.0,-0.2068406913329954,-0.20360383020457987,-0.06657466974106159,-0.2970754036343983,-0.5853984952416293,-0.09553690883086528,-0.149762953626472,-0.795615450862405,-0.13893249388585147,0.022170952591488047,-0.8965304676870098,-0.18293721558773818,-0.14021901886219257,-1.0094816268371993,-0.02357330290551552,-0.10203634307712095,-1.3683386219062545,-0.10175262450594941,-0.0770652924932127,-1.6011047907296003,-0.15598786033636997,-0.0627111129804932,-1.797038271317766,-0.19583363754217242,0.013034028250533809,-0.9977904822585317,-0.06514804388353375,0.024023476830384482,-1.433416830619774,-0.15411390954772403,-0.029366596005748865,-1.6826691781137502,-0.21419933518819473,-0.07936953979947516,-1.8840024417514105,-0.24355212041931226,0.15452037895241896,-0.8852837751476119,-0.12012982416624485,0.103814067659164,-1.1297770258149291,-0.26154605541326964,-0.017024067599689885,-0.899998163063726,-0.28959617745839883,-0.07264801756211858,-0.7160699020379766,-0.26892715183150556,0.2605406604010979,-0.700303638723922,-0.18100291317651654,0.11957932807279152,-0.7757436475000085,-0.2996455322504111,0.012385151674210074,-0.6062683516790464,-0.3109139960865802,-0.015353736938380486,-0.4752800283477404,-0.29286937283353726
R,0.0,0.0,0.0,-0.20830496004013824,-0.20689807735803492,-0.06431678383030418,-0.2962178463569022,-0.5918825236744253,-0.09168373884074357,-0.14383822610722302,-0.8009956147591137,-0.13390156277550358,0.028445711860494764,-0.9051000911272596,-0.17766362245032621,-0.14502662955961684,-1.005257748976588,-0.021523506986985623,-0.11079601847701288,-1.3609601345890636,-0.10120022281625402,-0.08717580067706007,-1.5926859511756024,-0.15754310045825617,-0.07234208784051374,-1.7903470406036615,-0.19941616425201922,0.009078617620935531,-0.9978453172427529,-0.06497923944463228,0.013468572460463183,-1.4346523355754934,-0.15600115010944818,-0.04077855965876157,-1.6866709237798942,-0.22017619924347104,-0.09018809244869853,-1.8959820403643424,-0.2529539902361965,0.15263474922407436,-0.8882318582952909,-0.12140509557321426,0.09964172294691913,-1.13419906439595,-0.2649719549490003,-0.02351377491960142,-0.9074952646466962,-0.29543715957475014,-0.08270553364074965,-0.7307863917870058,-0.27687400127798606,0.2623609123977907,-0.7050566013254064,-0.18329148711718757,0.11877973541103976,-0.7805908067918934,-0.3040664004002257,0.010488338779848203,-0.605600715124889,-0.31512441730148394,-0.01897287990150489,-0.4727342871858396,-0.2971390768758039
R,0.0,0.0,0.0,-0.20763015261553305,-0.2061126134735078,-0.06988038244052328,-0.29615596933111704,-0.5920824303794257,-0.10141239462959623,-0.14278984381990903,-0.8054378864925311,-0.1469775093581903,0.032141959982952,-0.9140174113087227,-0.19407115346919043,-0.1445055026119468,-1.0082118294755382,-0.029222726459628194,-0.10659360314553801,-1.369958903448025,-0.11113961169431628,-0.08039033873634306,-1.6020205502806906,-0.1683085112117695,-0.06306448845739421,-1.801324361778853,-0.21059695221853697,0.008006126436025753,-0.9974367531098655,-0.07110432817444862,0.017170088407601706,-1.4419735399105849,-0.1633861070028233,-0.035705076073552056,-1.6943151123829054,-0.22705058664476885,-0.08399243748380249,-1.9034547038481293,-0.25979057602272243,0.15026700429088857,-0.8865619767094998,-0.12644589455710786,0.10382667828897467,-1.1458730913331767,-0.2733196884985618,-0.01717076343196291,-0.9141775608384177,-0.3036799427746348,-0.07439477236015482,-0.733287063865099,-0.28466176423313216,0.26007962985890437,-0.7034513246121906,-0.18752628601907478,0.11999705561763753,-0.7881970892830935,-0.3126525564343215,0.011409599265201744,-0.6100833050195756,-0.32489494591064383,-0.018916207673938677,-0.4744246716855306,-0.3073483837600935
R,0.0,0.0,0.0,-0.19256938805329726,-0.21287978947510403,-0.05617187050065985,-0.2709576363923203,-0.5998408920750206,-0.07474859663197377,-0.11809737966343184,-0.7960862765884897,-0.11068601212832083,0.04967821957222983,-0.8955994331005882,-0.14780872449106655,-0.1238648329288114,-1.0094936529639476,-0.0019289890652409603,-0.08281250669560215,-1.3579797099755428,-0.07196427963762136,-0.05693719861707764,-1.5828554091785358,-0.11958622439477726,-0.04564456866547906,-1.772678092405714,-0.15439320469241058,0.027203932507739042,-0.998570537151614,-0.04600900334555575,0.04860169832468722,-1.4321259156649007,-0.12835464582625852,-0.0040260268185953706,-1.6804818580084444,-0.18623583362511073,-0.058598487426139496,-1.874405284118141,-0.21303952268271387,0.16734873501104983,-0.8850554886058499,-0.10344150826195694,0.12414522994874892,-1.1154788131990752,-0.24107124056192558,0.0065335047008161125,-0.8877866064072958,-0.2747627214613218,-0.050408437793336,-0.7075413027209322,-0.2569580825019008,0.2716179671386686,-0.7002670754997736,-0.1656900490705173,0.14351109156019215,-0.7624579485526474,-0.27918545500026987,0.03256010857318002,-0.5986484846875159,-0.29298304264939334,-0.0023409339120705397,-0.4710100669701435,-0.2772761927239536
R,0.0,0.0,0.0,-0.18425440128851198,-0.2162234867726739,-0.056097452740594377,-0.260695529854936,-0.6017783569664416,-0.07671166736212856,-0.11345492656684512,-0.8016446206482067,-0.11461928837478194,0.05395404810396928,-0.9075432147954923,-0.1530851783658389,-0.11247551333391524,-1.0075653295451985,-0.005164894366270669,-0.07081098409404364,-1.3553972869747926,-0.07998241733815285,-0.042611819299152816,-1.5809060887487045,-0.13053183312137895,-0.027036546403157172,-1.7733982803704889,-0.16667125164816327,0.03865912290527111,-0.9979481323434832,-0.051039174840008625,0.06017958786975227,-1.4331236001596792,-0.1360507274850202,0.010130652635062114,-1.6850453808482742,-0.19500790620299555,-0.040291048839294415,-1.88490846656901,-0.2223352789857634,0.17946495634466947,-0.8835344922358187,-0.11004787732480883,0.1306543952213871,-1.1244022937740488,-0.2515564373968363,0.009966085788241659,-0.8893874375436126,-0.2809340244977692,-0.046288806101023205,-0.7033954645895589,-0.2587016962626994,0.2840614453782816,-0.6958032297994508,-0.17387883505380927,0.1498254021859065,-0.7681877340572474,-0.29108737378694005,0.035995991562622356,-0.6003920788309082,-0.3022811617498894,0.0013436762795716055,-0.4687372271211261,-0.2830405617333678
R,0.0,0.0,0.0,-0.18927861213044708,-0.2125060749839715,-0.0689236227126314,-0.2550718033781263,-0.5893721217480608,-0.09757081022246526,-0.09879738016291927,-0.7657241258627733,-0.14219116812518487,0.06972471057547315,-0.8529745786647029,-0.1870503963338322,-0.09196974066058675,-1.0161827444618508,-0.019776981997637222,-0.05500192899779971,-1.3496161853434934,-0.105795374258853,-0.02818833533244515,-1.5747611297348558,-0.16677949238739204,-0.013515624870991316,-1.7645115003412495,-0.20929001907901393,0.06434104372235118,-0.9957474275772455,-0.06593398642594415,0.07724389350436926,-1.4205122875426346,-0.16302844835200953,0.027146038627465664,-1.6744520408884083,-0.23119279009292745,-0.023004271704525132,-1.879090819468814,-0.2625263664340956,0.20647676322748723,-0.8677540734454414,-0.12674551674020074,0.1445214208520891,-1.071264378501796,-0.2743241390172007,0.01958632193782035,-0.847948562641721,-0.3070868497558766,-0.040481645913953174,-0.6831789955061334,-0.2854772672677183,0.31006266223118356,-0.6661573706402552,-0.19417024507988506,0.18069592891164177,-0.7249434157308554,-0.30709270415934614,0.06329704391818054,-0.5675889721635851,-0.3138951803711295,0.023546368177065933,-0.45098066581465246,-0.2919688001446788
R,0.0,0.0,0.0,-0.184505443478947,-0.21358832625475874,-0.05975652658874927,-0.2579496465127486,-0.5919580332005198,-0.08206056662915427,-0.10687406208511276,-0.7864707789056817,-0.12003599858571155,0.05756559431097488,-0.8817571272454386,-0.15840267994430926,-0.10285065125049772,-1.0143892281633051,-0.00914641143867694,-0.0684613290280963,-1.3571647095769135,-0.08480172482608025,-0.04249695493768651,-1.581385931694178,-0.13898335862240246,-0.025156009476809012,-1.775591497156976,-0.1798134257773653,0.04778751594447296,-0.9973805475012893,-0.054299141668032555,0.05801812984536763,-1.4242583812872753,-0.14177804848756143,0.0070474934790593045,-1.676329880060731,-0.20722698199412717,-0.03795757926925189,-1.8853229182685989,-0.24109451165746207,0.18776981421509478,-0.8762589640842032,-0.11294469159256748,0.1399390548600938,-1.116503981296751,-0.2576200401125921,0.012111702258863192,-0.8992028028411887,-0.2976472219825831,-0.04989276057498316,-0.7304842447572687,-0.28451549888593314,0.2956026637930083,-0.6828480807496439,-0.1760139072784601,0.16194082916194358,-0.7616664599785575,-0.297607568112968,0.043623817405000445,-0.5978518060002576,-0.31587070886428054,0.004415726541456084,-0.4713264854628938,-0.30290332339660503
R,0.0,0.0,0.0,-0.18262896193826086,-0.21508127286869252,-0.07309740244298714,-0.2598732347143007,-0.5842808497896064,-0.1059013984567499,-0.09986744734648427,-0.7780359482796488,-0.15178377019200884,0.07360760699211479,-0.8764091477903634,-0.1967783831615925,-0.11227433240212076,-1.020416262076177,-0.03526277943905555,-0.07129953732120639,-1.3866372428308953,-0.1177784537367981,-0.04386074837626746,-1.6221081968727138,-0.17373408775861643,-0.028829174470476497,-1.826035119599395,-0.21471612185281347,0.049511386026512005,-0.9958681286916293,-0.07612682122593992,0.07134804489739104,-1.4303151803418137,-0.16831235554547794,0.01805834766465969,-1.688003759218492,-0.22937613432470025,-0.03439368642422992,-1.904536052082953,-0.2594829843275812,0.19595806841255076,-0.8628590348592731,-0.1309246668498612,0.15880192502213172,-1.1070689422350921,-0.27758887024186063,0.03779169163349138,-0.8831713348989616,-0.3072997400309893,-0.02188021669439178,-0.7125498954715925,-0.28656609229510493,0.308142232820165,-0.6554411340689765,-0.19164905758754666,0.19475115371938506,-0.754089539828249,-0.31194710406257803,0.0733566545316493,-0.5987016242156845,-0.3220410521905121,0.026369147392540673,-0.4747959505057366,-0.3030846956473524
R,0.0,0.0,0.0,-0.165934122206668,-0.21342792182904619,-0.06941528295371596,-0.2346704875268648,-0.5768000802158102,-0.10385700973172826,-0.09569581614142307,-0.7678875545040802,-0.1508004868699058,0.06513950425813947,-0.8852651233518283,-0.19518849065442762,-0.08301182801943711,-1.0137998928670982,-0.028622905928122076,-0.037847364565662664,-1.3563693579910165,-0.11235318136973012,-0.0030741377029279266,-1.57823290902344,-0.17154270195685803,0.03045058485080275,-1.7782724813577084,-0.21412547449462738,0.07809355040798575,-0.9946348547896974,-0.06784469781901163,0.0769790469732119,-1.3967685652920194,-0.1550655209292735,0.03152396269757759,-1.6417111965613433,-0.21337317610832418,0.001348233859901724,-1.853100488721954,-0.24309564527535027,0.2234920386388769,-0.8767906818747769,-0.12119511853079157,0.16219846228511392,-1.0626169939616537,-0.25913573841298254,0.036223075196317414,-0.8330229462034198,-0.2837806325737922,-0.01986263086383432,-0.6534093396102642,-0.262242069740266,0.33145818802966226,-0.6902809996006497,-0.18163030533296007,0.18020290199785846,-0.7282445439524096,-0.29664370977976773,0.06511071634654014,-0.556381225774289,-0.30812710918668396,0.036138082314452744,-0.42401252331780903,-0.29066839745885575
R,0.0,0.0,0.0,-0.1684410379417924,-0.20840444570424174,-0.07462921905484497,-0.24119706407217834,-0.5693494534532262,-0.11265095636619282,-0.10422247495591332,-0.7640864751455336,-0.1625295817557796,0.055131718619002346,-0.8842811665017615,-0.2098790540562855,-0.09206366104851857,-1.0141857118584812,-0.03951000617937664,-0.04860195979792024,-1.3630221927035555,-0.12698134715508294,-0.016653236297335276,-1.5900137789893136,-0.18708649118036694,0.01208690177613172,-1.792748064701664,-0.22969312029022818,0.07038738812666008,-0.9944623939286086,-0.07803949419677099,0.07449032705261258,-1.3986322562906186,-0.1714039935678334,0.025418964679502852,-1.6475748061094202,-0.23272546521665227,-0.011479167034359871,-1.8589228436114955,-0.26274757862298137,0.21743585422768658,-0.8748316721746012,-0.13040738525597242,0.1547919781256699,-1.062758151640704,-0.2739006953676827,0.026623106715162635,-0.8316823338808017,-0.29990441809069285,-0.03119064263235388,-0.6521996086721661,-0.27718357426453927,0.3262274097527753,-0.686549751124141,-0.18987521016328773,0.17213773339590813,-0.7238381649060041,-0.30757719792656113,0.05793577685426596,-0.5546016311923639,-0.31885925020494105,0.030847043379875132,-0.4255118039432948,-0.29990645617317196
R,0.0,0.0,0.0,-0.17266210976890578,-0.20180839121810404,-0.06269151657692572,-0.2627585531932762,-0.5676654910231448,-0.08973903152705245,-0.13515339597608894,-0.7529111372606405,-0.13036303939997534,0.024904805365315735,-0.8553925333524505,-0.17126329916739735,-0.10937482188571118,-1.0092158881094588,-0.027266683522762798,-0.06893220362382836,-1.345852751118666,-0.10746934440275456,-0.03826709848169316,-1.5706198264508113,-0.16325129875563654,-0.013353391083912055,-1.7716793341877664,-0.20427167176399147,0.046865777071507964,-0.9965758579733002,-0.06811870700669685,0.04496656268360867,-1.4077840197872806,-0.15414042161275743,-0.005578321690075566,-1.6540820301803683,-0.21468983163361433,-0.04645422926291684,-1.8667008270736003,-0.24596727249449096,0.19136082896240567,-0.8862825860072682,-0.1214554538638774,0.12285712124743901,-1.0862759897600298,-0.2609336647830709,0.0011606880791380186,-0.8568817406681468,-0.29517610302929276,-0.054188212353067026,-0.6777552145929976,-0.2798396558190216,0.30072503688633123,-0.7054591955898747,-0.18021703189823463,0.13717141825881443,-0.7238841772850646,-0.2992165986109765,0.027355945766067674,-0.5442293498216823,-0.3183438565115711,0.001279667166896267,-0.40952345216991,-0.3060130864071179
R,0.0,0.0,0.0,-0.16832947219376568,-0.20539687918195,-0.0649107838024742,-0.2526719951990527,-0.565959932672407,-0.0979768865715924,-0.12736790280613405,-0.7514644992419943,-0.14511580773393543,0.030761013200883598,-0.8594303607503133,-0.19146120508182274,-0.101765640028897,-1.0148161186955695,-0.030680609831885766,-0.06485404434967769,-1.3606760311212402,-0.11338158787612265,-0.03411940186812113,-1.5871650044661116,-0.16865915074606755,-0.006916539842318448,-1.788749332592414,-0.20779754253434302,0.058887195118417945,-0.9956134090114912,-0.07270651998000324,0.05981896053463997,-1.4033531623050919,-0.16051004908402672,0.007128884458076037,-1.6525298306898133,-0.21782494392433335,-0.03513562252924674,-1.8650601618073699,-0.2448480584735466,0.2060192626295966,-0.8764972145265443,-0.12797810419421837,0.12850072341251942,-1.0644409864550612,-0.26774775341386886,0.006138345085706825,-0.837974247246093,-0.2978574270831389,-0.04351720233417843,-0.6646472652033896,-0.2783066626844131,0.3153774291753261,-0.6866740548624584,-0.18916132933227858,0.1503868692351773,-0.7167085805995285,-0.30370556498801626,0.03714238256274156,-0.5448119946332635,-0.3175731162011853,0.011821493637147584,-0.4150120393103701,-0.30137061445819074
R,0.0,0.0,0.0,-0.1942481050392128,-0.20836593976064222,-0.05474134216853736,-0.2935669049539566,-0.564031799325903,-0.08651452517203956,-0.18141122934613346,-0.764023664984142,-0.13536755600945888,-0.029049138453762193,-0.8608444856519648,-0.18400836888942027,-0.136199669479852,-1.0046125820407292,-0.021155789783955273,-0.11600473738571121,-1.343836981404847,-0.10005921281188945,-0.0958115333675104,-1.5628542355513224,-0.1542582455257425,-0.07606753814233864,-1.7579106253736188,-0.19229273083891327,0.015756596420720213,-0.9976331561732535,-0.06693142291201629,0.00557731962059665,-1.4103364359216226,-0.15134200368782288,-0.05132094497366085,-1.650379644786638,-0.20771471718683457,-0.09779136268653373,-1.8505739681839501,-0.23399133969763244,0.15897607417422424,-0.8928262599272351,-0.12465750977950756,0.06185074833550418,-1.0699145708824656,-0.2535397894874909,-0.04646887153966342,-0.8456530610149827,-0.27809345207260666,-0.08670157176877223,-0.6690664377905375,-0.256335134223136,0.2671734554144797,-0.7175908101851223,-0.1883642912569928,0.1082082954040869,-0.7653384579203695,-0.285272629876039,0.006859551968060392,-0.5941769017310724,-0.28750455364172733,-0.015105384645444258,-0.4558917174457626,-0.26556778921361257
R,0.0,0.0,0.0,0.24191881854351366,-0.09531066962870198,-0.1359254558356487,0.4306833583773434,-0.32775287981216616,-0.21161613742468913,0.4054721359034731,-0.5526310695699089,-0.2880277023711218,0.27084352716047033,-0.7314633385205018,-0.3562389338450608,0.35207791024551666,-0.9411366232564298,-0.11445789601749973,0.37576503568721736,-1.3076760425299587,-0.23002761389414986,0.3702917883180498,-1.5456532619086372,-0.3064079879913883,0.35871178404648796,-1.7792360372008462,-0.35664173816310957,0.18532402292921968,-0.9726414659677042,-0.14008420755219092,0.26477125770108745,-1.409959599778516,-0.2670259202657362,0.3647672606006136,-1.6520188475834423,-0.33330405166603966,0.449259467305559,-1.8813345343793875,-0.36584985727115243,0.0024058936142664074,-0.897740149541807,-0.18367623690261514,0.07595205639712521,-1.1543778931912354,-0.37341489203343303,0.11476260182372151,-0.8304120952747259,-0.377121531404745,0.11818057791590578,-0.6082248277043737,-0.3269857210630138,-0.182749185925822,-0.7381315870604225,-0.2386137615473264,-0.09675147835895831,-0.8486933703764121,-0.38298718614223,-0.02942556546905764,-0.6468162764341913,-0.36939927447579457,-0.013179162209109318,-0.5116507455392063,-0.3268906270105925
R,0.0,0.0,0.0,0.250378169452795,-0.09754796805387772,-0.13476493819994606,0.4409532852528594,-0.3394033978504364,-0.20765329955239803,0.4037912041976108,-0.5717907456088642,-0.2820252136307783,0.25190747273591,-0.7425314867632282,-0.3488605761263533,0.3589998583232124,-0.9363819252623949,-0.1104778475879984,0.3849285567283379,-1.3020076369237839,-0.22843544082393508,0.38288384790757496,-1.543028337515528,-0.30656109932450676,0.37297421520538165,-1.779938873447823,-0.3583267413204369,0.19133903453066262,-0.9718595514222328,-0.1373986396375535,0.2715871467914434,-1.4118104399939087,-0.2678495317458809,0.36824874360676274,-1.6564376262828018,-0.33703370473253963,0.44794176038256417,-1.8861106101147807,-0.3705856355358428,0.008405473902757012,-0.8979126693224488,-0.182310958103552,0.08105983933702832,-1.1580847843014086,-0.37612576585454616,0.11690764190905127,-0.8310842694809868,-0.3797456976489092,0.1177139567197536,-0.6076145312525303,-0.3276351646688879,-0.17438105351117072,-0.7386788557393047,-0.2384774767098044,-0.08449685346929349,-0.8471510307740361,-0.38555294582337457,-0.02121957635867444,-0.6446804318388194,-0.37203770127940655,-0.011481444820944592,-0.5105410384781149,-0.3284941926908898
R,0.0,0.0,0.0,0.24536235785919996,-0.10360489486444312,-0.13150284237235124,0.4359414836601584,-0.34736701144582177,-0.2003895556442909,0.40087038572788397,-0.5839638018586317,-0.27147235422291666,0.2522290915211808,-0.7581440305200842,-0.33461528247607847,0.3489323871315565,-0.9445144770608954,-0.09641401131942223,0.37369433292676024,-1.3113899047661013,-0.20959729869865434,0.37245325194690804,-1.5556928850195928,-0.28723816708175376,0.3619273073462219,-1.7939444500722057,-0.33950998696000667,0.1832665148555623,-0.9752290522127324,-0.12386153661630209,0.25935385291434104,-1.4171584778163808,-0.24894219744167995,0.3522841774169596,-1.6622188907082154,-0.3180690446853988,0.4271675350618245,-1.8919213455319759,-0.35231091144434407,0.004562252123486993,-0.8962102107013638,-0.169675176052666,0.07125130163845778,-1.1732251622379615,-0.3603494139596011,0.11023986173800204,-0.8498794262528883,-0.36402720311844866,0.11360807908121523,-0.6288148101198928,-0.31255047518794005,-0.17298775836287486,-0.730433483722325,-0.22660293536455212,-0.08554977035213063,-0.8549018594924415,-0.37384927064171314,-0.018179500807159923,-0.653658555958069,-0.3608238430339719,-0.003216909613452703,-0.5177006266111034,-0.3173283184765972
R,0.0,0.0,0.0,0.24504940307577627,-0.11273577522385625,-0.1311160066553498,0.4307753161801308,-0.3604787754732923,-0.19941868173184626,0.3958942081535588,-0.5947867507122109,-0.2701276956219671,0.2557327570203525,-0.7741496487000985,-0.33262703150768363,0.34096314487267304,-0.9507812799625761,-0.09025180224294596,0.36672048566418275,-1.3156512488970316,-0.19929917059444838,0.36729416154604483,-1.5579184865078308,-0.2738040925219066,0.35814774773522795,-1.791108146929166,-0.32372479711267593,0.17818964840733534,-0.9771143146476489,-0.11617256694730344,0.25201266456150045,-1.4202952456473148,-0.23832741879210573,0.346627367381822,-1.668710692240196,-0.3047017295347185,0.41927870352009106,-1.8945309102651198,-0.33692592896147083,0.000875368631146906,-0.8933650352720294,-0.16125202643268313,0.07213954594856804,-1.1764371421456377,-0.3513037578274737,0.11603578491363714,-0.8570840997955982,-0.3565395732692853,0.11621639696086788,-0.6361131638879421,-0.305930222185583,-0.17282947299445564,-0.7231692917707734,-0.2171158735804005,-0.07609877279397698,-0.8611586896432419,-0.3642280577100212,-0.014268800178273585,-0.6609315686797266,-0.3522055568063144,-0.013189276030052075,-0.5218105146900965,-0.3095966691667194
R,0.0,0.0,0.0,0.2444164578640288,-0.11329856364607199,-0.11805450609184595,0.42579470579674755,-0.3641491783596402,-0.18398889992930484,0.3980258456331602,-0.6071027868351222,-0.2553932792728989,0.2608475267961203,-0.7888960283061184,-0.3195628878672919,0.34192452304640747,-0.9472832261394001,-0.09017511039861842,0.3668122330427189,-1.3193499280357959,-0.19979205167180455,0.3684667661442478,-1.5581918018448107,-0.2734668089733243,0.361655476407014,-1.7905482822352334,-0.3236898121360889,0.1858224535218212,-0.9749947285509065,-0.12188230004834522,0.25967327985183847,-1.4239195713281252,-0.2455429921949254,0.3542721961223484,-1.6665531779575113,-0.31284250903355404,0.42922143474024005,-1.8881658485806758,-0.34781010714902477,0.011479031862114183,-0.8942073549420557,-0.17034873622303576,0.0798563870123273,-1.1946889750708731,-0.35632682649111613,0.1265247398418299,-0.8796629706456073,-0.35748361672824286,0.13015176749664067,-0.6534927391920737,-0.30739749001930783,-0.16370083812289984,-0.7264869399638385,-0.22856767641070214,-0.07412095186995582,-0.870554650299345,-0.37260684956421974,-0.006532662554200229,-0.6748481865152735,-0.3587999261286422,0.000427802680540546,-0.5303007567987262,-0.3165310602455623
R,0.0,0.0,0.0,0.23824954141707377,-0.11492423090137792,-0.12001754568556175,0.41463416297152694,-0.37085706720811773,-0.184298827782217,0.3919469601641854,-0.6098992283750679,-0.2527480381827255,0.2675032453632759,-0.8072775249406074,-0.31290132472180937,0.3347860287228766,-0.9517210075216486,-0.0858999858229925,0.35635344777625927,-1.325040196528585,-0.18954908582664892,0.3569447800450576,-1.5659901629702198,-0.2592093835686927,0.3495768075652052,-1.7969386361415858,-0.30664572135141016,0.18016379113780182,-0.976975171752448,-0.11428264147336409,0.24628184305349413,-1.4263755107319358,-0.23252393429789708,0.34113101017239533,-1.6668415135554444,-0.29522463978654767,0.4154160918386277,-1.8850800215309669,-0.32659772502623746,0.006703528367555662,-0.8957240028341468,-0.1601372459060561,0.08098355198172211,-1.1964251981534888,-0.3451107991051052,0.12345107208297139,-0.8762493528230414,-0.3453925268573909,0.11796584452893143,-0.6521066036621084,-0.2939771114789919,-0.16456912688417719,-0.7291248727356014,-0.21561391785674178,-0.06847958745183624,-0.8751581930455464,-0.36183283419078766,-0.008873317748109443,-0.6741647687216147,-0.34927929500286925,-0.015561671959467326,-0.5309453347405277,-0.3071405482859052
R,0.0,0.0,0.0,0.23985968765767068,-0.12128870830669054,-0.11805224917606606,0.41452933350647664,-0.37939344771460876,-0.18213276726761676,0.38707415567602727,-0.614376322383616,-0.2505337696387474,0.2633091209434028,-0.8106918813824335,-0.31073223473251865,0.3273410272315625,-0.9561529684787161,-0.08655471198040761,0.3450986845205503,-1.3227331508331328,-0.19100580179245588,0.3414207379927396,-1.5627542706958393,-0.26200159452107663,0.32931584678598846,-1.7936118469056679,-0.31063657439069303,0.17181607060257492,-0.9782709015942697,-0.11603999731396922,0.2354280466345646,-1.4246136235269933,-0.23406349689603176,0.32820601471824723,-1.6632813288263715,-0.29661213723632196,0.3999519021301996,-1.880591220667881,-0.3282995465857179,0.00011794762386415722,-0.8937703784289293,-0.16271433457786952,0.07595792556338925,-1.1925418063605944,-0.34611864449005525,0.1209778910760991,-0.8752067074651888,-0.34511356551627115,0.11601456786526294,-0.6534144617117134,-0.2936995021268769,-0.16689347833188642,-0.7226582073131311,-0.21894313929784306,-0.06725779674785294,-0.8718355624414761,-0.3630486318649866,-0.007948040610838291,-0.6738187122299565,-0.3486823129672213,-0.016600554383666782,-0.5322691722083596,-0.30582203384643847
R,0.0,0.0,0.0,0.2399362732615597,-0.1298560468223482,-0.10505698763620211,0.4099420133365321,-0.3833311905194919,-0.16341227017319337,0.39065029172190535,-0.6102821162251545,-0.228080113871415,0.2697413064463875,-0.7845090526357793,-0.285926541925168,0.3302339005323681,-0.9494212368366738,-0.07515796454833205,0.3572110115050119,-1.2994739679759382,-0.17932862422756748,0.3616319482548082,-1.5288386087388839,-0.2486465831335047,0.357216855285414,-1.7509652599713972,-0.2938882544394983,0.17633361924558175,-0.9782406580188835,-0.10932369241173596,0.24121933368664467,-1.4287245991486288,-0.22489927115129724,0.3340644985859443,-1.6657385147067065,-0.2829532264565798,0.4072154222765205,-1.8883641079099511,-0.3091943132875791,0.003310969100221501,-0.8985971774259668,-0.15977165342048943,0.09442392061273082,-1.1688991361641317,-0.33843328868375755,0.1429109353650303,-0.8576077329295608,-0.3401115347585345,0.1373362026126435,-0.6418829431275473,-0.28962772946173965,-0.16625099429101547,-0.7304440326140679,-0.21849548127326462,-0.05655914549732748,-0.853566641905901,-0.35181683143625375,0.006042585811378864,-0.6619747951548296,-0.3350812378073093,-0.001003610846256558,-0.5296587505344136,-0.29159871971575974
R,0.0,0.0,0.0,0.243461969999203,-0.11675317293538597,-0.12726919272102855,0.4339577798430159,-0.36793028787348125,-0.19470157884964293,0.399290469525399,-0.597935412661797,-0.264615928914338,0.2661712407949786,-0.7663151072961478,-0.3245664102169698,0.3331414837185904,-0.9476093334624708,-0.09101927058603877,0.3479618997251962,-1.2965597876619228,-0.20425798235891687,0.3398756317640564,-1.5391475974785163,-0.27877972283198266,0.32362076401425566,-1.7693386845587573,-0.32822170289042696,0.16786142780352942,-0.978351511118378,-0.12104074416553501,0.21975360991953052,-1.4365467962079304,-0.25116835891628686,0.3144517008360925,-1.6878910939946776,-0.3156283399165076,0.3906838735750297,-1.917504598685466,-0.3435684585982857,-0.009082952560227295,-0.8972536304308626,-0.1699497286987004,0.09883185861268538,-1.1731667074238383,-0.36909029455063147,0.15629672601122227,-0.8364833519986332,-0.37332047865673096,0.15560280268051568,-0.6084031201458254,-0.31929239251319896,-0.17420796355948356,-0.7268427786941893,-0.2294892665437294,-0.03350550402828541,-0.8224768645456021,-0.3826230018418147,0.03481388158218863,-0.6147718706090661,-0.3748840104452294,0.02926547216534752,-0.4829976622486919,-0.3340493420171572
R,0.0,0.0,0.0,0.247105079542033,-0.10891490172662477,-0.13395441127309898,0.4336269591516175,-0.3581322448621805,-0.20458336774056957,0.3913260756721815,-0.5838545521340001,-0.2756577601620195,0.2403512016940959,-0.7347192890583585,-0.33771716591025286,0.3351687777764924,-0.9419133722936958,-0.10937691770688446,0.3509921270112317,-1.3063754564853214,-0.22604210362217395,0.34130810389860283,-1.544757007950336,-0.3018991351472819,0.32189748003521773,-1.7804346621614222,-0.35294383082087966,0.16891559177826593,-0.9760797545623485,-0.13687890848375348,0.22878909199764427,-1.431774747001896,-0.2665697968290663,0.31849952383324504,-1.6749057688301527,-0.33174155189290594,0.39099468696318584,-1.8975162155602732,-0.3613787650598771,-0.0072573149722224934,-0.8925545935961231,-0.18228064151492657,0.06724138671102316,-1.1559950401946606,-0.3733110666827248,0.11656041179748716,-0.8281515712716858,-0.3730974996394397,0.12181516576421896,-0.6096757173297093,-0.3195129718200541,-0.17599597059612793,-0.7188562948289343,-0.23944135151067794,-0.0718431387379052,-0.8134251393008424,-0.38323537647889205,-0.005877669157190613,-0.6132685313959685,-0.3689917988200251,0.0006919952359918209,-0.49039316071909594,-0.32618351371683524
R,0.0,0.0,0.0,0.24667392527577534,-0.09739084457788509,-0.1279338763247323,0.42474242850446176,-0.35153307797082656,-0.19644295272017134,0.38238069025522725,-0.5906668058300198,-0.2683681564287796,0.23023247659573529,-0.7527911664454341,-0.3318268481121829,0.34312299850756955,-0.9315682312719565,-0.10577987845190248,0.3547336584567987,-1.3111667625923031,-0.2249890715931626,0.3418321120607224,-1.5572722458328765,-0.30075926318106644,0.3153863203222945,-1.800466642921952,-0.3512646707727434,0.17748488695513476,-0.9746387463564503,-0.1363027109167301,0.2457595967011681,-1.4364730400355978,-0.27277651481148824,0.33078914081571326,-1.6940975997017431,-0.34224302107557053,0.3958728481411158,-1.9308107674973694,-0.37381555300198566,-0.002046262184272828,-0.9022744179470873,-0.18392264561029395,0.0639389670890446,-1.1822832391720848,-0.38111115999155043,0.10787409090334005,-0.8493214918045623,-0.3824220904234519,0.11534993233032523,-0.6155938823089306,-0.3269488147669355,-0.17981418635117985,-0.7379839079025658,-0.24280895454201815,-0.0873063255792804,-0.8264867383185321,-0.3941506735760268,-0.016417664944754235,-0.6236803523061043,-0.3843391025349724,0.0019900852167651804,-0.48779192694130197,-0.3417309174359438
R,0.0,0.0,0.0,0.23953918437509447,-0.11653206447387938,-0.11539138080012334,0.40467913094712976,-0.37676914812974255,-0.17764307897761655,0.3524652070806646,-0.6072213344473156,-0.24421458810011082,0.20758033285346528,-0.7678170982910454,-0.30413230695657967,0.3146530459792765,-0.9529292759654646,-0.09472560882392568,0.3211074852357232,-1.3289394124159457,-0.20311881530612244,0.3042730143057406,-1.5749772135565347,-0.2740607291399322,0.27518107275223075,-1.8104451249192273,-0.32167353914292,0.15367588297409965,-0.9800151378700174,-0.12630935253472672,0.2129325432591663,-1.4329667174001748,-0.24511554632332505,0.2876910914691486,-1.6828742579642713,-0.3079652843814863,0.34412617632514264,-1.911088537894931,-0.33934404313549815,-0.020617748657210305,-0.8922914374153783,-0.17376911902422706,0.03129629407045575,-1.1839458825533975,-0.35415960190199075,0.08381756717844001,-0.8810122882481718,-0.35730025464938925,0.09677935351764552,-0.6573762708385116,-0.30972512700977384,-0.19247215068180287,-0.7132004438551001,-0.23086248820923966,-0.1128530246310957,-0.8369854034691947,-0.37150860933169993,-0.03891575735122332,-0.6474405386845433,-0.35975602452586325,-0.01945672164561279,-0.5070816502593036,-0.31943252981191883
R,0.0,0.0,0.0,0.2307989487791861,-0.14283381830869035,-0.11710617245502383,0.37335065992512995,-0.42023296330493065,-0.18284471657195436,0.30356201113715087,-0.6494428274332027,-0.2506377145038847,0.15595295669240927,-0.796112925051826,-0.313244682688337,0.29479610346136875,-0.9775952145993353,-0.10951338315388703,0.27638992395125467,-1.3591379052318011,-0.21856838718606028,0.25061776467758795,-1.6087540109328016,-0.2926402256491553,0.21757667218481302,-1.8374874647519828,-0.3429742456522186,0.12376900364683259,-0.9823273889570076,-0.14040703202182714,0.16540039578258536,-1.4385727074628663,-0.25234991908090804,0.2295560388149484,-1.695506794798836,-0.31408769577165235,0.2780358291438834,-1.9226041110970695,-0.34935920458418745,-0.054792962125484186,-0.8710446205804498,-0.18706608371219632,-0.04216262744073117,-1.19458687677056,-0.35356838839201,0.03738854662068519,-0.9466835795617674,-0.3648093242944908,0.08614603290580107,-0.7328862611164447,-0.33171742415466504,-0.22981367428412833,-0.6737985692843826,-0.24378046764038924,-0.18825170613742076,-0.8232323928451176,-0.37731375579184906,-0.0984603361487431,-0.6807176518113431,-0.3745944570015771,-0.0460101448245337,-0.5596817057181181,-0.347016302497003
R,0.0,0.0,0.0,0.2385131223265197,-0.1467478752684714,-0.12235193923667337,0.3805472815902157,-0.4321110528611466,-0.1856056266821647,0.293520191568997,-0.6542658027464855,-0.24883107029789303,0.13852877900819766,-0.7923586651196919,-0.3091171704289555,0.2789674648250161,-0.9795872833263468,-0.12144316082013618,0.2591649693985487,-1.356611962499237,-0.23301888273442062,0.2328370277937719,-1.612343946597992,-0.30750927021261576,0.1997292263985438,-1.8441001032653517,-0.35642044183696764,0.10541912133205404,-0.9836368632702411,-0.14610041092843834,0.14310863653362152,-1.4320821569206668,-0.25966659450857277,0.19212889044343878,-1.6905325612934632,-0.32449439527957363,0.22940074243901737,-1.9196292861692077,-0.36103079908910046,-0.07012462101835966,-0.8732324932861601,-0.18512191081359905,-0.0720760878941443,-1.1906804552361845,-0.35628194265532737,0.005636596999934533,-0.9475004364346472,-0.37274983567052294,0.057642885015778536,-0.7360413709310197,-0.34074775894063136,-0.24002294903449017,-0.6777951946177018,-0.2331935020488751,-0.21239122790336407,-0.8476236542827069,-0.3732769163238092,-0.1229961421942646,-0.6840778805029499,-0.36968235723932835,-0.07139091398288745,-0.5317704438925375,-0.33789375281472
R,0.0,0.0,0.0,0.21987090094649625,-0.1549944889841098,-0.15032492527176583,0.3372155388271664,-0.4448396547843268,-0.21908641928009415,0.22693431813875256,-0.6485251120037245,-0.28472574200382594,0.06754620909176814,-0.8092184877474616,-0.3409691508861805,0.2183005583965246,-0.9870192634915741,-0.10611638727356405,0.16494054505897698,-1.3483355184201709,-0.21568280627123051,0.1087899615421649,-1.5980689960492076,-0.2882223024205217,0.04020326870536766,-1.8265526654641042,-0.33595165063838184,0.05259807891451981,-0.9916771783370135,-0.11751517374382323,0.0742624403782983,-1.4292561955889358,-0.2385087418398741,0.11644591845935144,-1.688611292069913,-0.3003663889497232,0.14544980559159362,-1.9165776974441637,-0.32719924138211176,-0.11397368338852903,-0.8825018560609057,-0.1504277459008344,-0.12739838407196472,-1.163787659098693,-0.34076248447280993,-0.06793889236309282,-0.8691193820097047,-0.3514576605302869,-0.029717688076214017,-0.657249671209486,-0.3037280926363053,-0.2675962217687964,-0.6885348704545508,-0.1954469253998815,-0.24344092835541414,-0.8195569341921582,-0.350604731376062,-0.1549931709273811,-0.6286925564913616,-0.34850968020577294,-0.10543462846310489,-0.4901448770019625,-0.3107880682359922
R,0.0,0.0,0.0,0.2160414063157744,-0.17864882948740596,-0.14845649587184284,0.32302124396061266,-0.48193223704995447,-0.21535584532057167,0.20683136495611895,-0.686340440572829,-0.27873708200965336,0.042536846960488574,-0.8297614907076756,-0.33338473947492353,0.18190090049276944,-1.003222956904778,-0.10718186652623804,0.11403492860781697,-1.36596410072317,-0.2135147827582206,0.048216174224082343,-1.613332673105061,-0.28350589568891177,-0.026579313990951963,-1.837364740397229,-0.3293249398671591,0.017151954419551845,-0.9928825488573846,-0.11785607593184616,0.014790702840258817,-1.430737407289705,-0.23472546433137392,0.04395277894306724,-1.6953473377700037,-0.29365696682862985,0.06238027134568572,-1.9207915347072635,-0.3193129465332077,-0.1438843015853199,-0.8724104578761078,-0.14966668727284493,-0.163904583411569,-1.149811841645281,-0.3361223737174917,-0.09357406311226586,-0.8638181501143053,-0.34827020826485294,-0.049531977986175695,-0.6491886784519568,-0.30235608127547775,-0.2912958074167137,-0.6726175120955256,-0.19330565150346124,-0.2684184102045617,-0.8083652501903755,-0.3449372157181041,-0.17495061755025978,-0.6261020551821986,-0.3438584486999785,-0.12265268278203102,-0.4867818747747653,-0.3079019854916186
R,0.0,0.0,0.0,0.2180457543620951,-0.17612595587265523,-0.14483944070631916,0.3233766165228381,-0.48163343383993057,-0.20962575077140685,0.20343839865204794,-0.682814670975874,-0.27172158884412423,0.03538893247870074,-0.8240266045012302,-0.3253217285255036,0.17498983145090477,-1.0044813579479162,-0.10496863511651133,0.10021216999431119,-1.3724176659041878,-0.20989272346312687,0.031418823946321006,-1.6208574740007988,-0.2780348566587682,-0.04559380605446486,-1.8439498907082073,-0.32289972579039344,0.00973298090984172,-0.9931169989273361,-0.11672144414875182,0.00056738084770249,-1.436213991780879,-0.23194560224012326,0.022652600041005125,-1.6965900172751933,-0.2903849535151148,0.035324884340462916,-1.9167862511480607,-0.3165604201687911,-0.14946888712784492,-0.8697289419753533,-0.14888098286704127,-0.17430841960936397,-1.1536046966095843,-0.3327739192177861,-0.10071282591988295,-0.8699458101394778,-0.3429064709596434,-0.05412272090047405,-0.6564992571933961,-0.2970517271444171,-0.2936108769711871,-0.664306900452259,-0.19268689195622918,-0.27504762401779165,-0.8043934166914365,-0.3440351977240898,-0.17715267283638242,-0.6246864106580376,-0.3425471492236177,-0.12090224942262502,-0.48541285802153844,-0.30665218291716034
R,0.0,0.0,0.0,0.2117110131716047,-0.17793016665855838,-0.15033973027938785,0.31481189356908823,-0.48286768528513047,-0.22084845424401003,0.19735830142116761,-0.6805576378388698,-0.28713042199844335,0.023290548038611445,-0.8153170258321855,-0.3452507845578326,0.15707505675612066,-1.010799395804114,-0.11584727517229312,0.0821257063156696,-1.3697199386250458,-0.22695415064327387,0.006027849715607262,-1.6136403085197317,-0.30046092330885865,-0.08166628482422138,-1.8341517786807633,-0.3480405642439957,-0.009121167249868448,-0.9917032927261504,-0.1282239583857524,-0.021361910127110466,-1.4383391858650416,-0.24669417161510657,-0.006756987489568563,-1.703755134802863,-0.305784347350816,-0.0014219328248467641,-1.9301195910014564,-0.331217879256661,-0.16618490258178484,-0.8598983207600521,-0.16118462004111075,-0.19949881169991962,-1.149302084274241,-0.34838084915174833,-0.11736920472549058,-0.8687452051025184,-0.35640716808445255,-0.06020885612651368,-0.6536052274673029,-0.3075981298894549,-0.3077923251483958,-0.644759865333133,-0.2062060947961793,-0.29739940043591934,-0.7976095572725856,-0.3593213407298347,-0.1928837225649783,-0.6227681415233993,-0.3532120053013623,-0.12673601833918574,-0.48352832368575516,-0.31262762502318503
R,0.0,0.0,0.0,0.2160219177178301,-0.17165630253270286,-0.14992463156547375,0.3307762677850328,-0.47137806678294564,-0.2238465079052559,0.20754258077472473,-0.6555624202391235,-0.29396671878851954,0.019206025947584342,-0.7683754610263859,-0.3560625367400368,0.16010272718043433,-1.0042714691990446,-0.11551456780483306,0.09099874590007989,-1.3565326031492477,-0.22818759217817708,0.017230006039304635,-1.5924993215674363,-0.30267001754445183,-0.07199021145856488,-1.8108159156515908,-0.3512227288701455,-0.009850821080358885,-0.9913062669138833,-0.13120536003267358,-0.014949140267810218,-1.4335801623639348,-0.2512266566502021,0.00599941446479424,-1.6928578758663515,-0.3114069911341113,0.013431447966622878,-1.9261007767015308,-0.33742366588680545,-0.16804782428019832,-0.8633932741632668,-0.16706254395492018,-0.19737977835715562,-1.1417662526427312,-0.354395597944053,-0.11142774605517887,-0.8472063363161578,-0.35777215027404535,-0.055652369845279735,-0.6398395183783032,-0.3057353941552657,-0.3081041508176414,-0.6460467362599731,-0.21493169988950184,-0.29677126877075666,-0.7979293973975777,-0.3625821272591039,-0.1909702812965419,-0.614427287326003,-0.34778644571751327,-0.12682499408990724,-0.4771479491616649,-0.30189627896909976
R,0.0,0.0,0.0,0.21410456996882904,-0.17744473636778563,-0.13660199341514545,0.3260914053833361,-0.4726469072187782,-0.20543877906285218,0.21336132268263674,-0.6573557077849154,-0.273181094278872,0.03409847909808313,-0.7758323178965524,-0.33417744358300766,0.16667522539022767,-1.0029553794395734,-0.11004256699959804,0.10256701020537279,-1.3554243029289783,-0.2226373047133626,0.03318217611014143,-1.5903824567216656,-0.2969290393615273,-0.05281451830081639,-1.8087682500231395,-0.34463911151646276,-0.0016478397379253767,-0.9915312866642596,-0.1298575842610509,-0.001438723019914542,-1.4365591730573295,-0.2478503679927836,0.01873936733438691,-1.6977614749603764,-0.3079182390689511,0.023075146895241774,-1.939219533993422,-0.33474108284361953,-0.1619581098764846,-0.8594884850587694,-0.16796203100289947,-0.19826788209157784,-1.1408372774565074,-0.35058204599599446,-0.11529208778900454,-0.8590288000421998,-0.35595197743298557,-0.06258333607711986,-0.6558944931002192,-0.3073134735204638,-0.30606518023669227,-0.6370340239509131,-0.21671425955723284,-0.29582073810286863,-0.7811987175845282,-0.3607636601736513,-0.1940706772091915,-0.6028457640752306,-0.34660992040776045,-0.13477126360133201,-0.4667171006220994,-0.30231156427198086
R,0.0,0.0,0.0,0.22072869497297076,-0.21463321187477324,-0.11130078384104387,0.32570666681360555,-0.5281186362270204,-0.17501676871335367,0.24186173528916485,-0.7540948715075331,-0.24072936698202074,0.10688019224138892,-0.8901647011205719,-0.305399002357761,0.16596380488844575,-1.0287240277259855,-0.13809418963242423,0.10047489585651022,-1.4009999448586739,-0.26043859335821945,0.04344146330234069,-1.6405129885247118,-0.3412943917540087,-0.018903898465337663,-1.8555594921534047,-0.39264654021499074,-0.011276560782994247,-0.9851855144784194,-0.17112083811973192,-0.03729672943065805,-1.4545363651237213,-0.2950532034292565,-0.021639753010976898,-1.729939536129682,-0.36333216877912466,-0.015772586130072565,-1.9707404616008968,-0.4021002002640017,-0.17513606157063852,-0.8300775132386465,-0.21663831224957988,-0.2128370620872303,-1.1625386903426,-0.38766412459755717,-0.076241441585048,-0.9699658849272862,-0.4040085640507115,0.024933333684145634,-0.7797859413024772,-0.3737723477425025,-0.32471045327330006,-0.5929102579922454,-0.2706097075696101,-0.31108644509724614,-0.7903612747568821,-0.4060840953312138,-0.19130400180449803,-0.692284010239467,-0.4032644626277304,-0.10448069455719339,-0.5797110506982306,-0.37384456492930757
R,0.0,0.0,0.0,0.21795813369716877,-0.17913145202815733,-0.11562119256327764,0.34904172652332355,-0.4661790684403717,-0.18371817545091967,0.2837074623819281,-0.6782816767786934,-0.25473359054800493,0.13498254690429418,-0.8072656825253249,-0.32146567732980286,0.1817237290486765,-1.0090869868737258,-0.11391931997963432,0.13420845204499585,-1.3711878756561324,-0.22875368085309924,0.08398636200362793,-1.6059066178907215,-0.304729821526793,0.026482187143622285,-1.825475761330266,-0.3547581822231439,0.020061795646246272,-0.989066420081056,-0.14609976394057692,-0.0017476510052268756,-1.451963322205399,-0.2694269473536571,0.03754303519294028,-1.7149839759712742,-0.33513016346777025,0.062335867490881734,-1.9498010094378315,-0.36955144959852954,-0.1401614461150415,-0.8566601110422737,-0.19291285239286493,-0.12514118871101784,-1.1663023729956492,-0.3768047204864569,0.00046626646127214267,-0.9097791192342047,-0.38798946072669727,0.06392168753468802,-0.701629956975009,-0.3472172346960458,-0.28527724327072707,-0.6424882460778079,-0.24807338283873978,-0.21829577847309328,-0.8145162031094288,-0.388844522474254,-0.11149711136964635,-0.6598288345728988,-0.37906349103867365,-0.07009552843137372,-0.5218912789886878,-0.34169488165643863
R,0.0,0.0,0.0,0.21252916720902792,-0.1776418401404357,-0.11184509156915826,0.34956639571214687,-0.46715093078861375,-0.17970149740163383,0.29864077514694143,-0.6761554769762517,-0.2516390998684589,0.15105790345090728,-0.803513391884803,-0.31768039795828534,0.1853804241107574,-1.0082544881029025,-0.10712124743644759,0.1455386692105198,-1.3643769938322388,-0.2248747502701279,0.10227566390425023,-1.5967991253578615,-0.3022800166963105,0.052115762961613556,-1.8153376937014678,-0.3527499783620664,0.02353077156073607,-0.98938664128342,-0.14338890068505783,0.006030566038019519,-1.453263351285077,-0.272894925485511,0.055002676240185996,-1.7164375762813255,-0.3398643608264882,0.08683550898315144,-1.9596249752152832,-0.37269148392459717,-0.1384268526706089,-0.8590950867152689,-0.19454291305249494,-0.10183437055520406,-1.1515781019117226,-0.38358407305278835,0.01630781371628086,-0.8709588841843434,-0.3893185349344506,0.06354665124629008,-0.6640025280727234,-0.3419593539679661,-0.2844696964650366,-0.6439071168536468,-0.25421285948512423,-0.19710056607579807,-0.799847467015317,-0.3943977027767161,-0.0924038212605042,-0.6379283894921718,-0.3794245049281599,-0.06344420084412505,-0.5126636528601899,-0.3375230061640356
R,0.0,0.0,0.0,0.22232152173579775,-0.1547706152102746,-0.14149840983553266,0.38256166346789183,-0.4535102451817246,-0.21516837179777604,0.3405492678843863,-0.678513300000898,-0.28732829223504863,0.1936336760178602,-0.805149602965097,-0.34970065213645396,0.2175915827468242,-0.996388222866386,-0.12422564487837841,0.18742506508396542,-1.350124286149338,-0.2480512888134161,0.14577028774423323,-1.5834088094774574,-0.3290425887619479,0.1012320246437891,-1.8027259958434347,-0.3838437105902862,0.04485985789703946,-0.9876005142380185,-0.1504420733247803,0.023765312097961677,-1.451299256897736,-0.291866164869829,0.08203575351234918,-1.7137048129273171,-0.3640720202334613,0.12956496897011474,-1.9496327327843974,-0.3984823615966979,-0.11888472125089478,-0.8645945295064746,-0.19460699565736844,-0.046013211951662594,-1.1423103524591993,-0.3921261601847349,0.053815005117877034,-0.8378136121334301,-0.3926338341983527,0.08114714160723865,-0.6308796366711469,-0.34048692599554414,-0.2602176850463607,-0.6653570943451873,-0.2519372427096352,-0.1380018011730354,-0.782004840025647,-0.402000408429384,-0.050612238916114716,-0.6090415789972121,-0.392970271057682,-0.04681538770837657,-0.4990330150061639,-0.35442208838440364
R,0.0,0.0,0.0,0.21741332685283976,-0.1626079570853712,-0.12378302042716556,0.3749262966813852,-0.44498216995240664,-0.19687523879979854,0.34247466965189083,-0.6597496661343825,-0.273231143712732,0.1913211644190646,-0.7945502048324071,-0.34049007875201265,0.21760335109675633,-0.9927898235106316,-0.10779082036021853,0.1935786846784468,-1.3350138143084056,-0.2304443791635295,0.158257752018912,-1.5589736073458877,-0.3098336065230812,0.11399197719266156,-1.7737486601653472,-0.36291467756078977,0.05201021993993214,-0.9882999717834787,-0.1433809708244962,0.05229505479547411,-1.4451462640951984,-0.28567448233514986,0.11601060695240101,-1.7041381247300156,-0.3559064000707435,0.15966751830782014,-1.9470248765394875,-0.387620197016356,-0.11184065287871314,-0.8695380435009451,-0.19650063109095348,-0.03490148890162136,-1.1408130672323231,-0.39768160793762286,0.06896026159109095,-0.8213178299020342,-0.39843044552343887,0.09621151145965735,-0.6167902827962669,-0.34361938308906614,-0.25368911622478035,-0.6657601148335338,-0.2604747335993758,-0.128103242029213,-0.7755260173247973,-0.4103932575682856,-0.03485826493521616,-0.5949459581798421,-0.4002397564248874,-0.025454684495673254,-0.4883236168816843,-0.3599924502795737
R,0.0,0.0,0.0,0.2321288912585549,-0.1432207006176877,-0.12462606887277963,0.40767062693082196,-0.43041886504242455,-0.1959966884041459,0.3808211758570939,-0.6544847237009856,-0.2723871382496373,0.23501595668610042,-0.7850388479843382,-0.33765180052351296,0.24621652709316408,-0.9852193437284441,-0.10063796154473739,0.23382774739793769,-1.3376897192487716,-0.22255226756104757,0.20449693675092934,-1.5636802551920495,-0.3023284134461485,0.16850771884807428,-1.7826136080910522,-0.35791412501857117,0.07642258802580884,-0.9874613190275386,-0.13812940115641928,0.08559057012298507,-1.4336368767608576,-0.2872226271889608,0.16017560169173772,-1.6988919777232692,-0.36392768964831823,0.21630675894597445,-1.9410456052182905,-0.40112877806412117,-0.08759454716106121,-0.8786541373433344,-0.19362446499267513,0.013603620236389927,-1.1482881489060397,-0.3980666789737301,0.1041739376677057,-0.8101791468208689,-0.3931526435396719,0.11809010387332823,-0.5936056793411243,-0.33461150639027226,-0.22652672503715313,-0.6873069015164949,-0.2617176088875416,-0.07347255800009038,-0.7900482955748259,-0.4168270354498716,0.00632368507593685,-0.5975308686309989,-0.4083775526785445,-0.001812509219103747,-0.4843630915204978,-0.3686926791664184
R,0.0,0.0,0.0,0.22896572852257743,-0.14158898403896747,-0.1260076699419951,0.40620310304889806,-0.4260119570316764,-0.19715714739566395,0.37847418447816555,-0.6461721699939073,-0.27290365535373107,0.23468263620644422,-0.7838390527042477,-0.3367891059964586,0.24750429028034837,-0.9817266769499418,-0.10107817885256565,0.23839927813942458,-1.339374588322656,-0.2242649957980657,0.21370503435381466,-1.5742154677751703,-0.30318822210420726,0.182427792508843,-1.7965567112450342,-0.35644801413183713,0.07656869126559813,-0.9874827009418259,-0.13789543450930486,0.09296356080975242,-1.4343339698482929,-0.28839608401392985,0.16561173120361317,-1.7083212847775993,-0.36677358349502404,0.21927100840472566,-1.9573984259987558,-0.40317686439890615,-0.091021969520892,-0.8831225642798008,-0.19269104786671257,0.015033799826551128,-1.1416566656354814,-0.3997025756520888,0.10169696802451153,-0.8006643991937039,-0.39636647810455483,0.11377511591041953,-0.5836903873208851,-0.33617546891443667,-0.23228676234038248,-0.6950792108851359,-0.260054121032509,-0.07590825784286102,-0.7886825603995052,-0.41606756468317424,0.005291863559122871,-0.5932701292000192,-0.40783681684322126,-0.0001047052689352891,-0.48150535445315723,-0.3663783211047933
R,0.0,0.0,0.0,0.23491361117336126,-0.12323816147999948,-0.11794190423446854,0.4069406505663208,-0.36463632693582626,-0.18750270379591216,0.3868768695121644,-0.5630815608986317,-0.26150947541091407,0.25864000689658073,-0.7149099148994004,-0.32825272975344094,0.3380087257734666,-0.9409497549899954,-0.10478773092615352,0.35464616529297055,-1.3060167087675698,-0.22360454801600002,0.3496223125011427,-1.5452716482428732,-0.2998350499657902,0.33330936745575246,-1.7787504717532419,-0.34859422701195486,0.16696221988831053,-0.9760386019641546,-0.1395430564586646,0.23384542795440552,-1.4310050063278597,-0.2690460405879135,0.3296928641564696,-1.6808548904529694,-0.3344840525878165,0.40549824118931493,-1.9166392824523435,-0.36335696306276444,-0.017511173759696852,-0.8935539358558054,-0.19076461875965717,0.06973592034982598,-1.1287425003621945,-0.37656163022641714,0.12120935648109987,-0.8092684492689778,-0.3785322720202532,0.12393021311240177,-0.5967619151231439,-0.3262445033823771,-0.19629248083976547,-0.7236567844438462,-0.25249677477240023,-0.08815017194866674,-0.8019106371034452,-0.3880339056127165,-0.012523809923707394,-0.6150930900392404,-0.37197111951195466,0.0009344221380233551,-0.4993878496042277,-0.3281912082306403
R,0.0,0.0,0.0,0.24794831243670373,-0.13006433434884246,-0.10949080715632428,0.42910027083398966,-0.3687493306367466,-0.17581291885042857,0.40413269123589607,-0.5779227208579507,-0.2489475261437179,0.27302658458948365,-0.7374555494364048,-0.31676649975578297,0.37039068760553423,-0.9221722935882518,-0.10013788101506317,0.4085967083491853,-1.2934772628560023,-0.22014607592950666,0.41468266268482606,-1.5425083232552563,-0.29794330365542,0.40816015244929954,-1.7875690164956293,-0.3473018905799164,0.1978023518929516,-0.9705455225785754,-0.13753406192030018,0.2934989783812578,-1.4227752940104723,-0.2657452912401513,0.3960909742366656,-1.6729072598351946,-0.3300694387341917,0.48062046973429945,-1.9135207340429454,-0.3588579505423398,0.007916071239788198,-0.9052425470401013,-0.19024543165498195,0.09232807727148301,-1.1548486261313313,-0.3758591860320585,0.12309866549964188,-0.8317122017264669,-0.37703094925733577,0.12239761265329506,-0.6081460606315374,-0.3239885335326244,-0.18223412376744316,-0.7523619526033676,-0.25232127014271283,-0.09034172850725629,-0.8352349437299935,-0.3870438433438896,-0.016742734389969812,-0.63725664893433,-0.3679822941307053,0.009322643474162161,-0.5048792285874717,-0.32156684260266416
R,0.0,0.0,0.0,0.2492467587748604,-0.1204739556313516,-0.11247534569530902,0.4281440581389324,-0.3669397892888627,-0.17863117286003988,0.39194888471287653,-0.5820124457423288,-0.2507683977369591,0.2573845375407516,-0.7545082874252573,-0.3175447910553908,0.3694675924310194,-0.918609030817957,-0.1078546616324471,0.40554406307194835,-1.2923488497219051,-0.23076251244601123,0.4124895426457831,-1.5453771121894038,-0.3085654768989706,0.4032057353458537,-1.7953245688192323,-0.35821303880009797,0.19959531658120938,-0.969109061260875,-0.14487697187929,0.2999915160946808,-1.4266604653885253,-0.27799616633207636,0.39946347385685116,-1.6754439318786716,-0.3421120456231703,0.47733835794545393,-1.9145768424145118,-0.37026281134745836,0.012489563437733076,-0.9039361561202326,-0.19711421416593125,0.0818154065616454,-1.1839472406667466,-0.39105720136444483,0.10859957718693275,-0.8467139947649687,-0.3892652871578799,0.10896788772006104,-0.6136358048274012,-0.3322150300827218,-0.17620832985822732,-0.7467908492784096,-0.2583749424924383,-0.09710346625268408,-0.854211403242675,-0.4033612672960616,-0.025943489387200702,-0.6425348568998724,-0.38447385802179823,0.0005023392535060215,-0.4980874290742865,-0.33605778870765207
R,0.0,0.0,0.0,0.24882665036145038,-0.12511610546478688,-0.11361957218742318,0.4215193728307859,-0.3747458913946544,-0.18043019842522812,0.3819947398250693,-0.5903434553028195,-0.25276320047379336,0.24891835348539137,-0.7619594970643061,-0.3193424547439044,0.3605780520393437,-0.9259143196312168,-0.10621037771633265,0.3933493072245952,-1.2979589772151146,-0.22443607615906194,0.39239082382681534,-1.5450687847625693,-0.29969965537219523,0.3741569578993233,-1.7909962281512368,-0.348017840735884,0.19215666164354994,-0.9710467257598071,-0.14192981990112014,0.28999558490401517,-1.4224875178879126,-0.2696330557560564,0.3882594905522965,-1.6686061886864187,-0.33076447966530587,0.46528112032648417,-1.9025251177714653,-0.35767983536461084,0.006847329528468559,-0.9025738215332194,-0.19334310790347312,0.07468495987513243,-1.1787219414285706,-0.3813991709948805,0.10299355781247917,-0.8481557408716697,-0.3805287245513745,0.10554951353989221,-0.6177886947246833,-0.3259230826496533,-0.1799088197840572,-0.7441057396079043,-0.25415632050617953,-0.10297449373020998,-0.8501599136230453,-0.3947237424444843,-0.029246844078563945,-0.644425030471187,-0.3770630699238858,0.0015216070586542448,-0.5028901552399834,-0.33095113658362607
R,0.0,0.0,0.0,0.24598084915143179,-0.1238255018816532,-0.13141256532115603,0.4233181870615257,-0.3826481496695278,-0.2017830447338979,0.37485099359273516,-0.6065113491103806,-0.2745512497770596,0.2191881571805585,-0.7657258348220909,-0.34028956947616334,0.31488349192220677,-0.9484309952038312,-0.11359139667395561,0.325518363492941,-1.333782593803862,-0.2372365298880575,0.31512303679031073,-1.5882868724343184,-0.31627438849895895,0.29133043373583056,-1.8357165469245607,-0.36775327598098245,0.14501934671045585,-0.9789113658371966,-0.14388164203409304,0.20603375542923916,-1.448466707041431,-0.28134926577592345,0.28614368994820866,-1.7149307969485001,-0.35154555856109726,0.34710590021453924,-1.966592953086215,-0.38370910893612376,-0.03325638814410754,-0.8948843928515243,-0.19146968820894675,0.019798295208818265,-1.1805213758710453,-0.39098795298738886,0.07172400340250339,-0.8455837869430098,-0.3917053879086942,0.08855981608468816,-0.6181754018008634,-0.33529068625405267,-0.20866914071160966,-0.72174849173069,-0.2500959565197001,-0.1332851737724006,-0.8332490869684813,-0.40094245739339074,-0.05325172516593694,-0.630138738676516,-0.3861016441012903,-0.022801420057717965,-0.4956845350224485,-0.34001293236815977
R,0.0,0.0,0.0,0.23907095081463023,-0.12955288599516207,-0.11274245658386522,0.39981810150491215,-0.39669857761725363,-0.17800042530239468,0.354356462162143,-0.616043133108052,-0.25054069272725527,0.20662291457388035,-0.7680413548962405,-0.3171421429270855,0.30866657210209253,-0.9469741355050952,-0.10080715667970255,0.3329271976372534,-1.3264315521342254,-0.22530077127426643,0.33223104756226723,-1.571625330875382,-0.3044400830576167,0.31509539042681806,-1.8099264834962616,-0.35467791493311795,0.13839338795497824,-0.9802498363186246,-0.14127111724500668,0.20399554716240856,-1.4552139580086114,-0.2831044617260633,0.2821966004221497,-1.7359476301245664,-0.35724585727521646,0.34061933448596726,-2.0001939628701204,-0.3904151287636798,-0.04053432691025775,-0.8958377917097624,-0.19705837383665517,0.011417211935100887,-1.1849147435657281,-0.40067754599000843,0.06531993883698041,-0.8502936391968963,-0.40389911538613993,0.08482051889719378,-0.6141000307576917,-0.346032444102622,-0.2144862151060186,-0.7186094389923097,-0.2618115826062927,-0.14005319833527696,-0.8369442357438447,-0.41529014619436533,-0.05530895784680334,-0.6343181928851243,-0.3998085517685705,-0.019613974782755186,-0.4882375389887578,-0.35072164223051755
R,0.0,0.0,0.0,0.24662396491590763,-0.1253280992236933,-0.13689401272942187,0.4204937501071216,-0.3813089811831277,-0.21192398276038119,0.3658364027980221,-0.6045250677201784,-0.289255630087532,0.21066934683270813,-0.7559871913248539,-0.3590881354543953,0.3102500461834746,-0.9459116834121682,-0.12149930231260216,0.32653688364210853,-1.3294906345905624,-0.25357376298003287,0.3215496320514273,-1.5841579283688112,-0.3372272908686046,0.30251580262323957,-1.8279474261808155,-0.39164695518459375,0.13886336639282426,-0.9783877524445606,-0.1532134828940771,0.1917283501473213,-1.4625963252974146,-0.3041524847390186,0.2718849913525231,-1.7381321858707497,-0.3823926606956743,0.33431934567840493,-1.9921670870296246,-0.4178352375275277,-0.03956710734528818,-0.8899562362808605,-0.2024902449174931,0.008896649772032375,-1.174709618666927,-0.4111985731168298,0.07018506035572165,-0.8429187719443274,-0.41241445800207693,0.09268058672086082,-0.618897875206835,-0.35403746926186364,-0.2117395047680811,-0.7128450005655731,-0.26347725349665063,-0.13560808349784031,-0.8295099443346461,-0.41970450711617135,-0.055413646800291524,-0.6278341712814067,-0.4045235287474083,-0.028565112274037182,-0.49542039135326876,-0.3569004778071528
R,0.0,0.0,0.0,0.2429755138211525,-0.1291401829093223,-0.11456674623093845,0.397819067132471,-0.40077558117479417,-0.1787583294155697,0.3464140786252439,-0.6207591117887739,-0.2505282188795208,0.20350502918302532,-0.776474627440464,-0.31508195556437263,0.3058866669881868,-0.9497641220508748,-0.09640397730598954,0.33481961767843027,-1.3347221097246893,-0.21932020288901086,0.3388058007700011,-1.5736115595386497,-0.29540507446257513,0.3277986512890201,-1.8028846967541665,-0.34341226219208726,0.13655415052325864,-0.9812125920975105,-0.13628944597493794,0.19346505016666332,-1.466372555100108,-0.28368890190293916,0.2639277262437091,-1.7546049295278319,-0.3623057692899804,0.31525464019506055,-2.018706619900406,-0.39741252389598225,-0.04045177082668884,-0.8938407389845306,-0.19175401933823744,0.008128028545791475,-1.1861754348394358,-0.3995127975939112,0.06422722538758634,-0.8516123339374796,-0.40344845612874947,0.08270315043132914,-0.6190726235020038,-0.34451654987859015,-0.21217432272965042,-0.7172427133816142,-0.2563704493073584,-0.1374833545579631,-0.8394439958000339,-0.414043256108421,-0.05376581899917242,-0.633983890176048,-0.40071745294513694,-0.02366613071270754,-0.4889513491037604,-0.3521365827246334
R,0.0,0.0,0.0,0.24606429543547825,-0.12278032727479835,-0.13866311897667166,0.41274642912706033,-0.387781950649018,-0.2126338815674937,0.3546681985596634,-0.618356499538305,-0.28908472808149516,0.20248203575254664,-0.7703894952279704,-0.35735816325494013,0.3125596707965927,-0.945631077220474,-0.11857719669638442,0.3366273631422347,-1.3329843556813534,-0.25017472610577696,0.33364593828669453,-1.5794968973774879,-0.3326418595488321,0.3166874512091345,-1.8160998691207897,-0.38551032837767835,0.1383432808522059,-0.9791258386313865,-0.14890845767595579,0.18559548339148926,-1.4741478689019158,-0.302470530975526,0.25941283418895345,-1.7605451279823803,-0.38289369083109703,0.3173717607843548,-2.021800861098879,-0.41902202136131866,-0.040186843193641214,-0.8916866950280994,-0.1971684558064058,0.005887881013337267,-1.1796967598136632,-0.40777493056575775,0.06744941565562929,-0.8503411646117703,-0.4112124068433706,0.08824246353941534,-0.6268737657129507,-0.35311633940239184,-0.2119033304664244,-0.717956818656141,-0.2573459811837401,-0.13206137375908647,-0.8343546281050788,-0.4156399152413403,-0.051359234434956304,-0.6328610830146781,-0.40282364445480384,-0.026664682416933597,-0.4985598481373863,-0.3560829613655904
R,0.0,0.0,0.0,0.24380985616930173,-0.14159310439519177,-0.1177667576956105,0.39756809447347463,-0.41877218247921216,-0.1794819198512947,0.34083749363605625,-0.6385976140056998,-0.24829536161994922,0.19714732998799372,-0.7903679140588299,-0.3088959202092471,0.30686038169592156,-0.9490188995049994,-0.08777131564408328,0.3415367089443641,-1.3288854359068571,-0.20986061764367303,0.3472009298358432,-1.563618204295968,-0.2850889638624166,0.33804620578732675,-1.7893238498080548,-0.33231381520637027,0.1332234453320485,-0.9831522617685401,-0.12515248216980276,0.18060992482655908,-1.4684838553223984,-0.2737156905567541,0.23976905462670192,-1.7545612817678449,-0.35287192839259496,0.2798641782911862,-2.012973992004347,-0.3874778061053592,-0.04376720182187515,-0.8993346211368718,-0.1795575883237764,0.00550132161814095,-1.186754255460537,-0.38872096418532376,0.06373624737771241,-0.8521333344537072,-0.39543608583611844,0.0816379583980227,-0.6275171389437414,-0.3379017687309803,-0.21403468502894646,-0.7297034815497793,-0.24343016361976716,-0.1289749618827439,-0.8425521976014527,-0.40161528256664525,-0.051241403775036096,-0.6321389413760021,-0.3908982997307579,-0.028695107891079832,-0.4913198529758551,-0.344465480102805
R,0.0,0.0,0.0,0.2460539643597693,-0.1361701344658654,-0.12663306070457164,0.4058320662611835,-0.41177001258524715,-0.19133422745915457,0.3499823379575127,-0.6391543134939336,-0.2605555123547748,0.2039692382780925,-0.7954451765704376,-0.32136867833881466,0.30399564247586724,-0.9504227917396764,-0.09580602319647424,0.3421734806260875,-1.3347155265384856,-0.21726368027534135,0.34907339333855164,-1.570898981908368,-0.29150251899402607,0.34070342993498853,-1.7941071544719511,-0.3375646155633808,0.12996599721767746,-0.9831674232671197,-0.1284159545909575,0.1729834736107167,-1.4801421405232904,-0.2751692317776607,0.23307651739961538,-1.767670047724571,-0.35196219012003166,0.27412353170797826,-2.0217187899060076,-0.3845998189949561,-0.04675733099516723,-0.8952404097882818,-0.17865907344424606,0.002126379532842297,-1.1858241022323552,-0.38655545170719646,0.0669731840047815,-0.8576909632209536,-0.39349739327122457,0.0865546448230884,-0.6365030282807043,-0.33649532681791466,-0.21710152060948504,-0.7221647628974821,-0.23895137924004764,-0.12939328341122816,-0.8485647264158134,-0.3968668086743425,-0.0482081010428337,-0.6438792515824552,-0.3861266049467678,-0.026598041097663644,-0.5054621351916645,-0.3399203462195032
R,0.0,0.0,0.0,0.2425599689893498,-0.14256021675965302,-0.11868286895730872,0.39317270292963574,-0.42214188080619025,-0.1792189133024061,0.33707430379458664,-0.6413943873480971,-0.24620472318869677,0.19723937266127675,-0.7964671359688706,-0.3047403856376322,0.2973282090306774,-0.9523854456504797,-0.08589650952107969,0.3370966486561477,-1.3356280724152714,-0.20316757238025068,0.34710557166729317,-1.569527684928219,-0.2741460866511986,0.34134561759572374,-1.789998232513988,-0.3184221099190482,0.12423142571324965,-0.984702021598602,-0.1221821653306229,0.1678002636433453,-1.4795837110140864,-0.2658185160370105,0.22742708375926096,-1.764098077076866,-0.3410718262653851,0.26719089691559744,-2.014583089256886,-0.37307705068435465,-0.05145490065742556,-0.896512857583365,-0.1758294586577019,0.0013332105946395954,-1.1859092313729418,-0.3812437284517517,0.06625389262577362,-0.8552534152351388,-0.387401755739854,0.08487966361636097,-0.6342755310128685,-0.3303470802001774,-0.21985443970686697,-0.723355733296171,-0.23897586516714883,-0.12917200257057068,-0.8453191063432148,-0.3958014795854266,-0.04855833723761866,-0.6381696399263315,-0.385451748217718,-0.0283190113099867,-0.499349578937051,-0.3398777542690564
R,0.0,0.0,0.0,0.24230468046660322,-0.13743158002792946,-0.1305507526256354,0.39845120211810525,-0.4145792631288655,-0.1964899397725285,0.34197004250575286,-0.6435830584129311,-0.2657018112554138,0.20447600732580015,-0.8096558248392991,-0.3268257160013063,0.29988646483347864,-0.9507196236770339,-0.10447854990375721,0.3396683344738769,-1.3335821769700136,-0.22790269629190477,0.349777820307981,-1.5683608152179653,-0.3042142259209809,0.34514563166633155,-1.7933845675594169,-0.3517712955386329,0.12431550710342286,-0.983144845968655,-0.13405919043052672,0.1678738512428123,-1.4746677761910019,-0.2788657566431458,0.2266415960986576,-1.757840122863917,-0.3544864743528892,0.264396619296037,-2.0111621474672265,-0.3873880644785746,-0.05248098568520247,-0.8945683176112948,-0.18140261383729728,-0.0028510384098918164,-1.1856087368401211,-0.3874175490059252,0.06221132161056156,-0.8585051809142435,-0.3949098841004698,0.08015696502509295,-0.6372750880585821,-0.3397420257292668,-0.22175723005072565,-0.7217164175925157,-0.23911982817513824,-0.13200367739753094,-0.8442962410292545,-0.39797222419804407,-0.049445135017279575,-0.6429477049009963,-0.3896814500668437,-0.027865112394602414,-0.5071462436208437,-0.3454814185203851
R,0.0,0.0,0.0,0.23879306864884353,-0.13952943801189716,-0.12509151254568673,0.3884054699071745,-0.4199037711566854,-0.18821712559896034,0.33651865481871546,-0.6420868557552534,-0.25611581256923355,0.19842877733214773,-0.8016057089816384,-0.3153855869136888,0.29629707267576494,-0.9545046099695379,-0.0949810214811966,0.34084318113902096,-1.334437830751697,-0.2150722889035737,0.3538018560019286,-1.5662605547402384,-0.2901615456294015,0.34982655315457656,-1.7901101707684541,-0.3377524492916081,0.12056109962962636,-0.984474900229719,-0.12757034166992048,0.16364631425079515,-1.4635882692174935,-0.2725827465023453,0.21337554197455522,-1.748601770751664,-0.3517704353558078,0.24144931011620605,-2.007254501291153,-0.3878051592602245,-0.056587937767603624,-0.8936610164521666,-0.17737847344196292,-0.004976799786106424,-1.1781245275460872,-0.38378197821567395,0.059252459289415506,-0.8466581671275756,-0.39138545480413833,0.07775565343644147,-0.6267336865579891,-0.3360207733159246,-0.22511247045035487,-0.7195228990899486,-0.23730601287656714,-0.13323805781644435,-0.836655082053477,-0.39722540156039043,-0.05247177658220673,-0.6299007586786759,-0.3892458643813161,-0.03038984548975156,-0.4934972847524346,-0.3449488637914799
R,0.0,0.0,0.0,0.2434613533735071,-0.14042515272111,-0.12714775110078685,0.3961950721290059,-0.41919228069363057,-0.19164741547247713,0.3352643780490305,-0.643002951829751,-0.2600268562285407,0.19369291110781858,-0.8018347808841418,-0.32067988611965603,0.2966530099383767,-0.9540292415439391,-0.10255504195301027,0.3430584159822305,-1.3380488037121694,-0.2240980040689503,0.3572208771039615,-1.5744568175005942,-0.2995177914161238,0.3547224122855615,-1.8004077180498723,-0.3465042187505909,0.12017679276098735,-0.9838234467148199,-0.13284940412307011,0.16139027656676935,-1.4671386926466217,-0.27542438446529116,0.21107138246695836,-1.7526629590183247,-0.3516045061890671,0.23795007702042645,-2.010632211308201,-0.3856926760615768,-0.05712521222128704,-0.8909399520142133,-0.18013162966524057,-0.008762260213362802,-1.1774111438789663,-0.38407959097530425,0.06030282962688226,-0.8539689249696691,-0.39264600378516024,0.08032239566306774,-0.6335079062946748,-0.33882479758564843,-0.22541359628725655,-0.7127890062979448,-0.2374360939152143,-0.13392044963339358,-0.8362802825138169,-0.39529650128679134,-0.04866892236222448,-0.6373548094273809,-0.3872250433939412,-0.025004479595853068,-0.5009109835961663,-0.3433160750660443
R,0.0,0.0,0.0,0.24486686341506608,-0.13674067215991076,-0.13169692012882386,0.39581777911015076,-0.41574908427693635,-0.19811825489821985,0.3330962936771684,-0.6421726767208307,-0.26795846264741624,0.1851322780210071,-0.7936812758986311,-0.329356389039661,0.30101324594946777,-0.9515848408430625,-0.10646653627190858,0.3460015676210286,-1.338320527316321,-0.23004854955824663,0.35740231594170213,-1.574184730177597,-0.3073163035610017,0.3533522555275927,-1.8013439964231002,-0.35648554366072654,0.1219750871199012,-0.9830711721233778,-0.13672289004428154,0.16587351083547738,-1.4644144704505615,-0.2828122621875789,0.21216143506570992,-1.7533309127368866,-0.3629235432709056,0.23797256844790038,-2.013798569053478,-0.4001995854094451,-0.05639082647564452,-0.8922340470741166,-0.18426555331941874,-0.01360972137373337,-1.178640767314603,-0.39118838639463377,0.05205348344156741,-0.8532974938273298,-0.40156683697500967,0.0769530019339012,-0.6283844771161459,-0.34890712280091873,-0.22516682856394746,-0.7168273201125789,-0.24259106088670948,-0.140788097848905,-0.8217340724417921,-0.40540404575365563,-0.05389066750615006,-0.6175313612897857,-0.4014944552211506,-0.021171967948806263,-0.47729411615477935,-0.3599265922435798
R,0.0,0.0,0.0,0.24504882424378802,-0.13767593113265977,-0.12764784873338886,0.40147624646565655,-0.41507114109093235,-0.19248159677304388,0.3439810714175954,-0.640773997803053,-0.262058475916486,0.19460167268202894,-0.789646863871341,-0.3235968391268588,0.30214683385555136,-0.9520358762456388,-0.10039612466341462,0.3521854723971184,-1.340180765939563,-0.22420234910136028,0.3683847353501177,-1.577683349069693,-0.30115510886404845,0.36662292512654027,-1.806083506908671,-0.3498600150020478,0.12447898453567453,-0.9832321452028442,-0.13326489053302984,0.17053608849035523,-1.4655506336349333,-0.28086198491720993,0.22139185089630545,-1.753308144168614,-0.3612390493119786,0.24884772142437675,-2.0152898135345634,-0.3978215076589768,-0.05373883130707581,-0.8917305111757727,-0.1833987974217088,-0.005607956395725678,-1.171894727252234,-0.39126270199211444,0.06196132972643015,-0.8448935543003614,-0.40037774657914893,0.08357652056494509,-0.6264897374562031,-0.34622218503595764,-0.22410891247097847,-0.7158494171992407,-0.24404670545238197,-0.132064550896966,-0.8216431374930891,-0.40404294280898395,-0.04553853893551448,-0.618931268342659,-0.39725625613624577,-0.017807098202011904,-0.48529625096433204,-0.3541893872736917
R,0.0,0.0,0.0,0.2448767725496611,-0.13395067324540072,-0.12088018200641243,0.40480320382034823,-0.41105244790957585,-0.18494114591800026,0.34414104879512714,-0.6431547652475023,-0.254450130794091,0.20178807072702082,-0.8067893728145177,-0.3161312774081813,0.30495711616801885,-0.9409591465554848,-0.10467137632224051,0.3521499686371566,-1.3239960108260505,-0.23228749322295245,0.3689515905485373,-1.557139453882455,-0.3111403424036622,0.37164881724009496,-1.7865727288198445,-0.3614330685205281,0.12745763005928826,-0.9818701886344631,-0.140304972152071,0.18818412095729842,-1.4734543183742432,-0.2890480410711571,0.2643355855165914,-1.7493746434116433,-0.36596663124055223,0.319077545560472,-1.99850485371819,-0.4004623859115605,-0.05303447004547733,-0.899511905809175,-0.19232371221832903,0.015177091327889688,-1.2053790857628695,-0.40260476549587965,0.0748344713986698,-0.8639718136056058,-0.40629526436586105,0.08958282289318964,-0.6309279616835496,-0.34853935292541127,-0.22204988701020228,-0.728544403020087,-0.2540805231967405,-0.11494430280181515,-0.8334198429570104,-0.41993125758306005,-0.0318226539317465,-0.6198916705395975,-0.41339063473251264,-0.01143694627743562,-0.4770853536279373,-0.3691933839934403
R,0.0,0.0,0.0,0.2457370779923322,-0.13578155203754372,-0.12421736090829348,0.41026873277575376,-0.4136893752955265,-0.19016031133898564,0.3441581513550774,-0.6467336137860634,-0.2602714164640175,0.20117939539846333,-0.8099815397946277,-0.3230618389271703,0.3100324531207495,-0.9364539825211595,-0.11364848082457328,0.3593541269227382,-1.3143754110592667,-0.24718919690641836,0.3789335665996677,-1.5473237175077958,-0.3303493480088295,0.3851467418459203,-1.780549016473864,-0.3838722750603189,0.12993860044871705,-0.9804796874305671,-0.14756538431992192,0.19761270409732287,-1.467023596676541,-0.30191345020971594,0.27974333633285664,-1.7364318810259836,-0.38059045390790436,0.34027805537446776,-1.984700304506336,-0.4157959127902342,-0.05362351064715053,-0.9004355521003534,-0.1977043436012748,0.01416423095736878,-1.2068213872238578,-0.41174591005951977,0.07052115458456876,-0.8590507292649918,-0.4132632418595064,0.08561749687398147,-0.6247694776029529,-0.3540648191507037,-0.22422289209592833,-0.7311498094165897,-0.2578463314677835,-0.11916850315696868,-0.8324344392282607,-0.42634573650898827,-0.03856218005190129,-0.6137305905334408,-0.41869628153473754,-0.017174436388133575,-0.47207087514608315,-0.3735986936085147
R,0.0,0.0,0.0,0.24990982852679794,-0.13497528019777746,-0.12453219722836299,0.41426959406171554,-0.4050238653652913,-0.1926129677107626,0.35052511139965037,-0.6415367066805115,-0.26535348763267097,0.211995275841693,-0.8105388610048734,-0.33123760751429004,0.3137014113872992,-0.9312578772939635,-0.11683273634453886,0.35780249462382463,-1.303481687803901,-0.25340566181496266,0.3727743192395217,-1.5392932594979618,-0.33900269920346704,0.37100876628831597,-1.7789078702913879,-0.39423226105573966,0.1363937207891412,-0.9790579363709163,-0.1511367267027338,0.21851885460799053,-1.4702067286884872,-0.30989462560778996,0.3074954570360963,-1.7437299599051592,-0.38976038404236457,0.37222994963836614,-1.9952000328258772,-0.42445091304830185,-0.046324252859288664,-0.903797052625429,-0.20159364456935303,0.024420043908816698,-1.214248550320638,-0.4204693611776204,0.07761861098643232,-0.8695260223419943,-0.42341561445575476,0.09403071538806715,-0.6283091996701441,-0.3629283168305169,-0.21834997825547822,-0.7380166323872553,-0.2618315401021776,-0.11405725681242351,-0.8374435410226434,-0.4321057520293875,-0.03193574608576158,-0.6200082929030318,-0.42423770413721884,-0.005243016960953968,-0.4715581290116478,-0.3777159675933549
R,0.0,0.0,0.0,0.24637174163873823,-0.13001676799217615,-0.1221079650862574,0.41469569574597304,-0.3929614835617461,-0.18903315073339852,0.36256878474600435,-0.6325822464994366,-0.2611252813044701,0.2294855153929879,-0.8134805418487979,-0.3265347125467881,0.32315227204742863,-0.9274714739220743,-0.11152306952977752,0.36413645103949854,-1.3037202140223412,-0.23934611811541182,0.37648403051618107,-1.5396397433300768,-0.3197953729452057,0.3767932693485255,-1.7789026039592104,-0.37257906528418094,0.14928650120169723,-0.9783216961151804,-0.14352769582652733,0.23416543674866863,-1.450150620687152,-0.290551458263539,0.32847043746947624,-1.7131973790511716,-0.3644638286033543,0.40116815239246695,-1.9537581999448113,-0.3980897137280973,-0.03364622846454114,-0.9056923107330159,-0.19139324153477524,0.040287639091312354,-1.2054651437519763,-0.3963046170161442,0.09020813804609813,-0.8747144461579515,-0.39756407293220364,0.10177890797053844,-0.6402989694449084,-0.34161003037077986,-0.20673468807270853,-0.7401554192623907,-0.24932433815439772,-0.10005010035168894,-0.8409610577086785,-0.4108509076683203,-0.019849982452690373,-0.632424115286012,-0.4028043767923112,0.002101058127609329,-0.4857905260658807,-0.3593084851524899
R,0.0,0.0,0.0,0.24737625514486264,-0.13434959933221405,-0.11785662078141852,0.41027587410051314,-0.4043683736816381,-0.18047638513791645,0.35294201004097314,-0.6433335334489106,-0.24930089183392384,0.22208028916705522,-0.8208090654596004,-0.31033843995857696,0.3186671312696078,-0.9306401488217505,-0.10049701533414925,0.3602946457706286,-1.3082813167466352,-0.2231632964855118,0.3721252415937467,-1.5414137520505158,-0.29980240286476,0.37087674305360174,-1.7786595646809518,-0.35163578562674774,0.1461446065989793,-0.9800810508957711,-0.13447262783581798,0.2315574417495541,-1.4460475174565846,-0.2807735466719527,0.327326346863119,-1.7047227393720799,-0.35571364937284117,0.40095926989302205,-1.940653974710266,-0.3909084323452166,-0.03634641266109919,-0.9080750047369002,-0.18450931333322157,0.04421738171853521,-1.2137322193988522,-0.38906907379854366,0.09337157598463403,-0.874711932770296,-0.38920582982407964,0.10393068066097466,-0.6386624354597349,-0.33278139833274645,-0.2066003667999388,-0.7450722189549682,-0.2445719874326383,-0.09441614010073422,-0.8384607894749393,-0.40771702747212707,-0.017538760339274845,-0.623588082680045,-0.40218658081006137,0.0006665856566327983,-0.47578420962503815,-0.3606183972309379
R,0.0,0.0,0.0,0.2498720692035387,-0.1323803470514702,-0.11968751268650757,0.41862058046429645,-0.39819595760621146,-0.18579420216809747,0.3640361978225285,-0.6340236971712577,-0.25816556449729816,0.22716410744648993,-0.8072991558715849,-0.3239613010602436,0.32474196815754486,-0.9289718193043559,-0.10825897452157039,0.3699246392639644,-1.3055252928398198,-0.23693786033865147,0.38542279826881176,-1.5422928816922066,-0.31789940391503857,0.38711792669770195,-1.7837259210308951,-0.37235735349236015,0.1500707165890216,-0.9781386909802153,-0.14395652548588567,0.24248845870641808,-1.4449241334242575,-0.2950998611673944,0.34510101077854227,-1.7025276297811265,-0.3720440368688514,0.4242519312830395,-1.9380536197890215,-0.40794971959021176,-0.03490618760488958,-0.9053856657528112,-0.19563351342580632,0.04742557556472509,-1.210474182337164,-0.4060279772439009,0.09587196988129298,-0.8699842065414506,-0.4073469999955985,0.10701829677290442,-0.6323783574192975,-0.35064006067723547,-0.20908347514835618,-0.7404030895484872,-0.2572803570255984,-0.09789831874074961,-0.8309370091805882,-0.4251521349480531,-0.020009415467444787,-0.6141136578913015,-0.41997619964844063,5.6628333558725075e-05,-0.46603086738479255,-0.3778618940597104
R,0.0,0.0,0.0,0.2484147340354134,-0.13153401807489304,-0.11972411304271569,0.41502322595509183,-0.39908739044853453,-0.1853180824610322,0.35896882998982677,-0.6332432462773495,-0.2565688069341578,0.22378644120586166,-0.8095725221992681,-0.3209253722175123,0.32332047440301376,-0.9251726214055188,-0.10934894850601731,0.36773048802912117,-1.3004934999565005,-0.2378673637919127,0.3826859128043082,-1.5355141629877065,-0.3177078415365998,0.3835736187859996,-1.77654207362297,-0.3706799054507208,0.14811666843992824,-0.9784922776930959,-0.1435768610369843,0.24151282002776248,-1.4475583376838042,-0.29328024087188614,0.34389931482085645,-1.702362234646762,-0.3672906843628948,0.42254330612817514,-1.9378664956866303,-0.4004630716094668,-0.03698838811644811,-0.9101381100974175,-0.1938640052497477,0.04487575663945624,-1.2092811050836272,-0.4037259963462612,0.09120361868873614,-0.8670327216373573,-0.40550226575292186,0.101378645876835,-0.6295596699560491,-0.3486552391341181,-0.21104493497387716,-0.7490513511352193,-0.2539729226296286,-0.09971994707490861,-0.8296070374492465,-0.4211346419959084,-0.023399828801706476,-0.6106951108396681,-0.4165236146750998,-0.0034467202252764697,-0.4641435285708697,-0.3746574839406167
R,0.0,0.0,0.0,0.2550739890415496,-0.08712315431492189,-0.13817792747034766,0.4503359610826165,-0.3248123986008398,-0.21007816113250424,0.401910961227156,-0.5570612711446825,-0.28188518142828173,0.24331481818728012,-0.7202780214570949,-0.3468057107601024,0.3730516131667889,-0.9230993438498616,-0.11398171145413535,0.39075766267609524,-1.304713058102323,-0.23008366805590397,0.37753203593336637,-1.5576751827229864,-0.3069605683056492,0.3496424334362679,-1.804383352312415,-0.35919017215405497,0.20206418610933427,-0.969700079111137,-0.13730193466891577,0.2904732591952243,-1.4161957777875827,-0.2638880624674387,0.3808933151731698,-1.6626605488213237,-0.33070644742777056,0.4484814903428047,-1.8883481567056437,-0.3641045021206494,0.016594370049405366,-0.8996708041958886,-0.1790297422095331,0.07209507204840261,-1.1887181933662756,-0.3709623176558186,0.11190898787933624,-0.8767055031922227,-0.38131970176352076,0.12252592324994331,-0.6478159272454203,-0.336570550747446,-0.17007914341984354,-0.7386393927126438,-0.2321818872295379,-0.09214997010181367,-0.8444810272325708,-0.38616160695623786,-0.020038920285260976,-0.6432259926226902,-0.38335829587170417,0.005810892686693952,-0.4990164886024331,-0.3479679476104636
R,0.0,0.0,0.0,0.24672014395230282,-0.10774347497896487,-0.12516591477815767,0.424654534788898,-0.361768781814765,-0.19238893049324168,0.3709863946207723,-0.5891410381960774,-0.26296730683981157,0.21760584073980427,-0.7525698592058844,-0.3268000432766743,0.34313393983460455,-0.939336165353112,-0.10093441418224705,0.3510190707301679,-1.3158460756832295,-0.21506648732981776,0.33513154143160045,-1.572784075371155,-0.2911664173445074,0.3020524363040994,-1.8246232701865768,-0.342659876515046,0.1783071217986545,-0.9752878125760687,-0.13046169152845996,0.26378808274865834,-1.419535575395268,-0.25859195490724635,0.3480054891495267,-1.670172522341002,-0.32405176379215855,0.4075785203446004,-1.8991306767400113,-0.3543765042638073,-0.0005477791618180056,-0.8996908759995745,-0.17748254976656738,0.04792794686258802,-1.205412500007388,-0.37370687564066984,0.08679353809439332,-0.874484845166484,-0.3776756869442633,0.10078124277920533,-0.6323951185060438,-0.32407636039592586,-0.17955839226359632,-0.7342160725224125,-0.2345864942564189,-0.10750825751496162,-0.8552725374877043,-0.3912502824273056,-0.029952123251109734,-0.6434792296603554,-0.38320309830067906,0.004150428076150129,-0.4877320559662754,-0.3407144415516458
R,0.0,0.0,0.0,0.22850003044118164,-0.1330875744194653,-0.12571709574814177,0.3821004529740771,-0.40285735948114554,-0.1918948368363329,0.32520366263150763,-0.626243885536178,-0.2602069277392116,0.17569506097827073,-0.7894768184615802,-0.32105935504129207,0.2938502869565152,-0.9603035392851003,-0.09916521233530642,0.2764871965349751,-1.3314540973431481,-0.2049402943076166,0.24304489333128837,-1.5833466880086509,-0.27508710828410304,0.19408248891692548,-1.8280942397390556,-0.3231208577935378,0.13175581400506264,-0.9833186770819236,-0.1253985038894775,0.18860361573486284,-1.4254969732990688,-0.24299920752295556,0.2556849506797455,-1.6716277068997176,-0.2991497785450576,0.3011660672417617,-1.8905519564254818,-0.3244705051337089,-0.041015854270795966,-0.8947534578865295,-0.16966303303979804,-0.010253991213642993,-1.2028939332970168,-0.35568529169142565,0.04308697781155389,-0.8823837778703993,-0.3562637277777527,0.06910424395930333,-0.6413115885192263,-0.30358717372472516,-0.2104743220338323,-0.7172390726254594,-0.22442255692058785,-0.15071838816270838,-0.852378418424882,-0.3757676648108206,-0.06511880467215955,-0.6502264102054744,-0.36764409768781703,-0.022910746712276546,-0.49592134785188874,-0.32716244599294697
R,0.0,0.0,0.0,0.23699769735029327,-0.13109717047829228,-0.12822146594123,0.39036389742551114,-0.40975658374651325,-0.19504326061173338,0.3290812577280326,-0.6381206203640799,-0.2642320817077249,0.17420813912818375,-0.8001981039598594,-0.32512947421671584,0.27453691552054954,-0.9643583921894486,-0.10491145439228387,0.2540872802731472,-1.3394641193425865,-0.21879977547142077,0.21334590158541591,-1.5868963481553056,-0.29378122467450535,0.15536465608304226,-1.8277235833849783,-0.3452029311311695,0.1105428988308113,-0.9851782793140523,-0.1311641166092476,0.15602147276931036,-1.4377332456259229,-0.26052005304160536,0.22062226612744915,-1.6953895202448503,-0.3253447837322623,0.2643440731929736,-1.9232029202112129,-0.35661185461318945,-0.060207167151254105,-0.894630194708173,-0.17519702125414174,-0.02469694690960382,-1.2124076339577419,-0.3678231101223527,0.03659572641527957,-0.8888925034676122,-0.36650015981008344,0.0634721756645614,-0.6529531884190627,-0.3123368197948783,-0.22058102902141186,-0.7181089185544363,-0.23037444675999308,-0.1463349427169305,-0.8490065190810506,-0.3863772994322926,-0.06321527069914178,-0.6440949287959671,-0.37890982736609047,-0.03080136171882796,-0.49311463710989734,-0.33833196372716484
R,0.0,0.0,0.0,0.23283151579315323,-0.13631881314840513,-0.12554919164301154,0.3798714439986165,-0.4131427410235636,-0.19254470399308213,0.31612238224182304,-0.6362370266584674,-0.2626933429625835,0.15813346313351184,-0.7929376423906535,-0.32527146123644024,0.2664556316432491,-0.9707681855400829,-0.10156725046035016,0.23869803216140914,-1.3426645224513047,-0.21341597151977484,0.1980419589883527,-1.5884902176008453,-0.28759039428509336,0.1403782006925052,-1.8290571383062688,-0.3388646222730149,0.10134463420232565,-0.9864536213414365,-0.12899037972175545,0.14369504805866176,-1.432647996272862,-0.2569621997391414,0.20401436480537302,-1.6869536075675053,-0.3202856778944635,0.24411744757898773,-1.910400164512311,-0.3503452504806726,-0.06779629446241071,-0.8904060876505159,-0.17404508088593584,-0.04458340003958685,-1.2075683108493882,-0.3635694136165505,0.022724401319475424,-0.8867655492703495,-0.3602807359098506,0.059579733151101426,-0.6471746292441783,-0.30500154339337804,-0.22667010771287815,-0.7073053817398324,-0.2303157824510312,-0.1637996984244254,-0.84136711803412,-0.3830490479521332,-0.07420058030624259,-0.6407003709517834,-0.3736789541427409,-0.030819195239858134,-0.4873463874151892,-0.3318814211827971
R,0.0,0.0,0.0,0.24072526614896828,-0.12662929120853383,-0.13221746669979176,0.3994414174132341,-0.40408710372598006,-0.1987209518823285,0.32713369044507024,-0.6346426711670005,-0.2665244997275177,0.16449032598291558,-0.7840511184132795,-0.3262169830778148,0.27073587625950807,-0.9689763426039647,-0.1011507170632623,0.2445722283983062,-1.3365380166278753,-0.2135443268475293,0.19991722619114138,-1.577720669921617,-0.28980316925027977,0.14001357036504142,-1.8108026280731517,-0.34266158673224767,0.10445958812912372,-0.9865530308152977,-0.12570326899903586,0.13919451317720266,-1.4341947686210068,-0.25291163515354054,0.19601726803238304,-1.6942498060339526,-0.32106989056900115,0.2362959978255086,-1.9222795235390446,-0.3552844552717759,-0.06403009038144283,-0.8909938352860437,-0.16846276164698856,-0.03852348364213722,-1.1998085703231431,-0.35695355603122675,0.02599362833138773,-0.8898324677853158,-0.35841954185620495,0.05778100742143563,-0.6594434589167596,-0.30767928434983827,-0.22250008105419655,-0.7083643073675182,-0.22312294541369881,-0.157673213397855,-0.8347450585763618,-0.37700461243790834,-0.07042356015589145,-0.6382926833121453,-0.3713509493357315,-0.03180143922928189,-0.49238845538264636,-0.33258776735838397
R,0.0,0.0,0.0,0.2325094721007189,-0.14546213032226205,-0.12426821870921129,0.37706393051237896,-0.4347769859139782,-0.18930529267223942,0.30528677715163527,-0.6555893714507238,-0.2559962320913616,0.14571238231836903,-0.7943013341585753,-0.3156100199069339,0.2497401462159068,-0.9789271526141099,-0.10889730198992136,0.22036507882514123,-1.351294844320161,-0.2207663865260631,0.17514524957136632,-1.5982477527351155,-0.29398545913512003,0.11026297755417643,-1.8384607690667227,-0.34389063620266347,0.08363136992056168,-0.9872593238651594,-0.13536920405512662,0.11891465359922902,-1.4453709704563418,-0.2586708939569393,0.1770309165582855,-1.698214327053401,-0.3192560940867414,0.2136473433556495,-1.928763420493427,-0.34821187164356765,-0.08559667227322237,-0.8833107671862355,-0.1782303574031216,-0.06688064873546097,-1.1972725544013798,-0.36374914359134325,0.012369491627935682,-0.8921278150593399,-0.36363803941172007,0.05266991038509899,-0.6637397942460891,-0.312449972994587,-0.24557427466394588,-0.693268887566024,-0.23144549977567547,-0.18647059739176403,-0.8310140940596588,-0.3777543178020459,-0.0895086525784913,-0.6423769651652421,-0.36633587474058144,-0.04432532286734793,-0.49806291136575326,-0.3253970618569078
R,0.0,0.0,0.0,0.2353484653451158,-0.13264207653215238,-0.1386562991361729,0.41401271760433433,-0.4172256980775282,-0.2122205900059709,0.35805850130040856,-0.6394934760504335,-0.28407564721616946,0.20170491456840473,-0.7786256355828762,-0.3501481860703802,0.24777015576731642,-0.991584076423175,-0.1265034901565853,0.22871204439012663,-1.354351739454507,-0.24785396133409082,0.19612343895567613,-1.6000484038550293,-0.32897674511963976,0.15496924872670836,-1.8295810200735643,-0.38374459761439544,0.076571890308957,-0.9853305889881098,-0.1525135273307187,0.0893222327104015,-1.448258169959101,-0.28593113947149007,0.1552165313009173,-1.712108888263967,-0.35587684613356857,0.20145572737873335,-1.9541382155915292,-0.3915384957107075,-0.09624646222416187,-0.865113377237262,-0.19626320582815646,-0.03531104161409168,-1.1791429887040352,-0.39810971003910006,0.05980048141838643,-0.8798383826253934,-0.4095347839675778,0.09000852914870663,-0.6605121774222819,-0.36458583260061334,-0.2560739617477161,-0.6600561278309938,-0.25069789610844123,-0.14549569141645005,-0.8092920607678277,-0.4121443187750834,-0.05258209462764667,-0.6303401057618081,-0.4103601702406273,-0.037812224964177535,-0.5005871192622618,-0.3755366308259469
R,0.0,0.0,0.0,0.22513504611469567,-0.14491032284265443,-0.12122800035667204,0.38272963088563816,-0.4122404023329617,-0.1934142915176943,0.33183154184131,-0.6260589880212536,-0.2678577596026277,0.18813585276769393,-0.7691384367989098,-0.33597404343758014,0.2399626064897156,-0.9879984350072328,-0.11181949652291696,0.21812586390003566,-1.348152779779839,-0.22832820171499224,0.18328067709349455,-1.5857548814902263,-0.30624417599406095,0.13618060192092699,-1.8126955011739532,-0.3588075310851801,0.07821527599691906,-0.9866152012526218,-0.14308324590242744,0.10162778806570584,-1.4436901820653378,-0.2713520362961454,0.16766218752090029,-1.6975001384286463,-0.33874253183704023,0.21315394900793042,-1.92618092832461,-0.3732531169598849,-0.08977959729875067,-0.8742740703925888,-0.19026132218911734,-0.04295793256313123,-1.1729309930303573,-0.38069151526483996,0.05104296325359983,-0.8869929761535287,-0.39062705152547617,0.08640339833485489,-0.6686719519962205,-0.3472232633342459,-0.2465674006941478,-0.675281785303584,-0.2467258877807754,-0.15223549880362433,-0.8180049275114808,-0.3968869033870719,-0.05398097022510442,-0.645729336275767,-0.39116295487314245,-0.023845979902179994,-0.511015638214371,-0.35475328407843415
R,0.0,0.0,0.0,0.23078587605797055,-0.13845386863437545,-0.131672153474147,0.40748689715952807,-0.4157979114279736,-0.20496875212698165,0.3746655633025879,-0.645114704156232,-0.2777496279328726,0.23452017492509036,-0.7667507500598553,-0.34270662417089287,0.2546648272828032,-0.9898453830115915,-0.12201676497131878,0.23800852953802185,-1.349358732462047,-0.2392808226469732,0.20324158229896805,-1.586480755204492,-0.31867931235092534,0.16579390537683664,-1.8085205652206777,-0.3739567984294964,0.08208123061340745,-0.9851753676021986,-0.15063919360797692,0.08226480073006376,-1.4451830647116828,-0.2809436643792584,0.1532085387791219,-1.6921790074568144,-0.3512513324964989,0.21462313849024345,-1.9063239442259787,-0.38854385766949284,-0.08577028994694039,-0.8678963171480922,-0.19516011862210128,-0.016580863695705775,-1.1593230192780513,-0.3808610512661157,0.08941630381202573,-0.8774720532504162,-0.3866210991325804,0.13248674281047598,-0.6639740522594737,-0.34337497820404617,-0.2357265973138384,-0.6709008203835941,-0.2514984482554443,-0.12355177820812524,-0.7964109584474994,-0.3961734579932415,-0.02133540285260863,-0.6316105466616047,-0.39057221865114644,0.008393866347277896,-0.5097360790128421,-0.3567163047215484
R,0.0,0.0,0.0,0.22403311553940383,-0.14297681457468514,-0.11727897297390515,0.3908853842911044,-0.41400957657918575,-0.18828372312735223,0.37105806398439245,-0.6311075218448414,-0.26419134838997255,0.22959865375318864,-0.7686665704892598,-0.3309523859891348,0.2508640153867792,-0.981329487178674,-0.09876793040748244,0.24009957956195216,-1.3352728339628912,-0.21449850038912963,0.21331931497256543,-1.5647321890879802,-0.29072308686616993,0.1781641853863727,-1.785519894602093,-0.34355436499264513,0.0881014220843851,-0.9868377765497531,-0.13560730880394495,0.11183385749189784,-1.4311006797300434,-0.2718187491421935,0.19333202858551368,-1.6762000260007028,-0.3404975196347313,0.25188416082935944,-1.8985358270248736,-0.37359843363981676,-0.078653089618219,-0.8820165922775045,-0.18953101678721074,0.00959300463184805,-1.160132090164749,-0.3859210920262997,0.10388701543098804,-0.8413610269520838,-0.38750228129425757,0.12659744532521897,-0.6250610520174253,-0.3358126732295354,-0.2248379061296403,-0.6919983829841972,-0.2539349960441574,-0.08919948382191113,-0.7949681768847616,-0.405401457478528,0.0002583431530034915,-0.6089218385629912,-0.3996380800781731,0.01001317393589293,-0.49037374586179383,-0.36277788568215735
R,0.0,0.0,0.0,0.23426482230487497,-0.1335486014690653,-0.12285823546124029,0.42178457136381825,-0.3961559434701648,-0.1966207816320398,0.40170592488141377,-0.6195908424543969,-0.27501263387863584,0.2602903594701898,-0.7618812071130755,-0.34410752493826874,0.2656807673657328,-0.9794512343326846,-0.10609352963027598,0.26452731143893227,-1.3381233901099612,-0.22533185437580272,0.2407281207087489,-1.5715526576624608,-0.303625738139147,0.21124096990604588,-1.7948073226692918,-0.35792384532195715,0.09945416770834006,-0.9846892323901949,-0.14316418595532243,0.13059747773195415,-1.4305522740920358,-0.28478469484084923,0.20988755393288913,-1.687703696884378,-0.3593434214921754,0.2695576666653354,-1.9176387508750055,-0.3968767320002826,-0.0678851898809562,-0.8798030243986747,-0.1970434645701124,0.03370904866619027,-1.1620192209767988,-0.3965883420632286,0.12722587726185092,-0.8380788586303308,-0.39485719782493395,0.14933059866878395,-0.6157859952171885,-0.34034625674023894,-0.21330981925378253,-0.6892595804331484,-0.2624116988961257,-0.06559239773987044,-0.8105578777953819,-0.4149074491501845,0.021802601087672048,-0.6217127445454814,-0.40562929261711356,0.02648058642968626,-0.49535253024651643,-0.36543581788898416
R,0.0,0.0,0.0,0.23162014855822724,-0.13333238055652846,-0.1246803137200598,0.4181916893551671,-0.397591290405077,-0.19816609636252056,0.40206182770316545,-0.6148306570499686,-0.27563096297621487,0.26802352382076705,-0.7585296178809479,-0.3433481480859112,0.26865618509522743,-0.9786185471977549,-0.10672592431634978,0.2664324541845055,-1.335239484036676,-0.22355776104056327,0.24327212601150475,-1.5708134033891226,-0.30038851769516484,0.21542137090871324,-1.7944510926679216,-0.35373904556669133,0.10113370896203315,-0.984634313611237,-0.1423630618205121,0.13131074115202523,-1.4278496500090823,-0.280464602729665,0.21156600719202276,-1.6849561968725633,-0.3530262927275544,0.27277707200954066,-1.915406946500029,-0.389742946041849,-0.06787729063094407,-0.8809546448852483,-0.19506262583941003,0.04104206345545944,-1.15820204723793,-0.3926579582159063,0.13049285519956613,-0.830032759191822,-0.39143275905742914,0.1483708652929701,-0.6071182739770078,-0.3378193466638603,-0.21393843523251238,-0.6904958693097054,-0.2594565025330303,-0.06242433819714629,-0.8053883570904092,-0.41164457422424844,0.024816795572667402,-0.6126079609139842,-0.4037921861293143,0.028359553841182394,-0.4872377580520304,-0.3651310099978229
R,0.0,0.0,0.0,0.23664269123029855,-0.1315450466165901,-0.12369755240823488,0.42384139531503656,-0.389830745465765,-0.20021565402005204,0.41321454545598285,-0.6090778619967054,-0.2820439755736377,0.2756584592683267,-0.7513056429935886,-0.35409432425032006,0.2806292513841123,-0.9748184020071476,-0.11129936468226524,0.28479547383830883,-1.334850243985589,-0.23227195466061473,0.26254087606564386,-1.5669107184322402,-0.31206210022363245,0.23639759469707253,-1.791275978026354,-0.3669223335386406,0.11321471434474054,-0.9824113712094027,-0.14849352233111085,0.14731013284982467,-1.4224431611739978,-0.2899280884801774,0.22845152741492655,-1.6793379214992157,-0.36469208066947756,0.29015578316018636,-1.910434858891464,-0.4031534250700599,-0.05669537006068927,-0.8814056456602278,-0.20227958764693094,0.05594051041331124,-1.1514743969726755,-0.3985700309439709,0.1431895389560409,-0.8270111690152122,-0.3958766377213528,0.15837484944458194,-0.6049344538227153,-0.3421001873688077,-0.20238265408867961,-0.6938934022016447,-0.2681856869960443,-0.04773103238217726,-0.8057717020590683,-0.4162189174104826,0.033520980046126976,-0.6176449381721747,-0.40571602862897216,0.031126213193090595,-0.49264047359382557,-0.3658876065112542
R,0.0,0.0,0.0,0.2411233440718648,-0.13318489330649294,-0.12662649086566727,0.42848341867326367,-0.3942995721373025,-0.20535475432203762,0.4256129639844514,-0.6094241223438969,-0.2898225344967638,0.2873571092383233,-0.7590529056564198,-0.36393723311518483,0.28883952933832363,-0.9701970780136799,-0.1112525441885132,0.2948146156858007,-1.3272833230036833,-0.23760732404805443,0.27542984972982687,-1.5613745260665777,-0.32008969763748885,0.2497796936603379,-1.7851089688505704,-0.37623170796857464,0.11830866465834049,-0.9814073019349527,-0.15113823995110184,0.15645029117625794,-1.4342698254674597,-0.3022269243260169,0.2463942178080258,-1.6937800557144276,-0.37813791691168336,0.3134098226662213,-1.9257668192394457,-0.41375617621776145,-0.052045200911574524,-0.8829932741844508,-0.20946949751420643,0.0633533839602722,-1.1571818178038833,-0.42121113383601133,0.15232129293402796,-0.819081460134041,-0.42172547180817177,0.16909038201758209,-0.5964897336948586,-0.3645529987246468,-0.19777579954820326,-0.6997222574085208,-0.27971185448297314,-0.03774064575490688,-0.8015032622919926,-0.44070213604525194,0.04692725692906499,-0.6056535367889189,-0.4352330317143235,0.049304973002675785,-0.485648350375466,-0.39598623809866934
R,0.0,0.0,0.0,0.241781349770276,-0.13214479563762227,-0.1271797944928466,0.43039065056813564,-0.3988479628026626,-0.20324765257548877,0.4199419261877118,-0.6125101604307912,-0.2832578501158018,0.2760721064029093,-0.7620809948985501,-0.3539955887364044,0.2873932302799219,-0.9717804960354636,-0.1115541641133745,0.29248672209273996,-1.3264255254665729,-0.23220497094857276,0.273905010025809,-1.5656192584697681,-0.3109025971398964,0.24760236380886183,-1.792519956438596,-0.36501083446497545,0.11964897423572769,-0.9815016981901196,-0.14946082902971394,0.15736138496868907,-1.4366322855965776,-0.29258286101812786,0.24788020203818523,-1.6924012954477938,-0.3634643009576779,0.3129424310653555,-1.9218043144744745,-0.39678727533064584,-0.04936802758733849,-0.880891646109758,-0.20569697740224038,0.06285812936444907,-1.159013253702413,-0.4143810571624779,0.14955661851622085,-0.8232346734852162,-0.4160499419291521,0.15997649287734694,-0.6048201668811812,-0.36059602367677723,-0.1956072074714914,-0.696326574466346,-0.27330527289695944,-0.038307703703614776,-0.8126605142382807,-0.43460756004880724,0.04337025491602659,-0.6116760185684885,-0.42902667538279976,0.036748025667597335,-0.48761612725187725,-0.3902245231147542
R,0.0,0.0,0.0,0.24230075749795776,-0.13353125961018042,-0.12031988921006222,0.4303044180297045,-0.39850677743918966,-0.19418851536943543,0.4233005828519485,-0.6181754301679331,-0.27522148126272156,0.2778259740032649,-0.7595784095823229,-0.3462326659545479,0.29626316436068034,-0.9627189684407546,-0.10031352687867764,0.3047963574872333,-1.3235643180302392,-0.22306790430729637,0.2875624701254496,-1.5607010475590481,-0.30286272749453563,0.2609712009520537,-1.790415085100451,-0.35838809656574644,0.12816238090625737,-0.9814216636611177,-0.14277927796806927,0.17422789077949108,-1.435008215607253,-0.2915135390210379,0.26851332851260395,-1.6906321777501694,-0.36355482952174345,0.3358098640056337,-1.9203654623133768,-0.39676949307838766,-0.041013946934197125,-0.8880964962591202,-0.20381235139034098,0.07333573074553093,-1.178207063995586,-0.4151099541464906,0.15717711021974015,-0.8317545332736164,-0.41222396726484833,0.1698331194547916,-0.6036848156220594,-0.35275033176531556,-0.18772265401339974,-0.7065007414948772,-0.2763683176578968,-0.02785106477897297,-0.8141525596245643,-0.4382579831380236,0.05113090986037846,-0.6117246607626808,-0.4315946381797863,0.04811328895528617,-0.48473218666827533,-0.39158783067574765
R,0.0,0.0,0.0,0.24488906205630437,-0.13172719265582164,-0.12094702509395715,0.4360381392762985,-0.3871935581946172,-0.19460025135261172,0.42179268387181235,-0.6019739303378802,-0.2737627427287185,0.2883468363644233,-0.757170849292347,-0.3448912630222056,0.3016724807517834,-0.9622527089567393,-0.10703233278944353,0.3270220119550533,-1.319719105221073,-0.22594714136082045,0.31977172456795516,-1.5588595053846772,-0.304752133378152,0.30470775246540766,-1.790478174500384,-0.3591477844124779,0.14042238909007296,-0.9794216774666255,-0.14496458309082857,0.19640047609183162,-1.428714513249782,-0.28093373696471,0.2840315728008007,-1.6810876349130095,-0.351854462636211,0.3485499847572491,-1.9132880138630965,-0.3883082527633251,-0.028797514481347545,-0.8840758882176566,-0.19954021989869908,0.09337599145757183,-1.1689941002389475,-0.3960835073768359,0.17037620752355276,-0.8402108437754473,-0.39483747214516035,0.17643858880525679,-0.6170008588568028,-0.34210020165684274,-0.17872754741602065,-0.7002373726903198,-0.26516031221786673,-0.02654737838336567,-0.8240744913198272,-0.4166771499606967,0.04670442466276644,-0.6273115322515083,-0.4062459802763189,0.03409579336861994,-0.4948811393641636,-0.3661572885060145
R,0.0,0.0,0.0,0.24042488958900496,-0.13070665833284947,-0.11479736629402013,0.4278892607700954,-0.3838768800423962,-0.18836298783235916,0.4175575367320042,-0.5970854303831071,-0.26893052449728855,0.2992390987640782,-0.7646153914512814,-0.3407653589991956,0.30347999647540796,-0.9590012415440683,-0.10524795225840418,0.3435011343066166,-1.3118088772120422,-0.22684869117238707,0.3478728582351667,-1.548073513958865,-0.3065346636144201,0.3404979736296587,-1.7770384859587254,-0.3607215734816485,0.14529273828164957,-0.9786091077495684,-0.1456510708241225,0.2172630154761454,-1.4202700709153362,-0.2861324506641705,0.31764282127009086,-1.6672833228996227,-0.35556241448051074,0.3884116672704004,-1.8988641932811283,-0.3892293782347039,-0.0238475119913063,-0.888374071782184,-0.2027747501928833,0.1150933734919029,-1.1628429894440333,-0.40240192994018775,0.18912014701323102,-0.8280183249790023,-0.3990193836660035,0.1856120430417384,-0.6063826466301641,-0.3432269053964888,-0.17359522724882803,-0.7082695621003179,-0.2704243324648082,-0.003131378716004001,-0.8155656304496114,-0.42326777264269194,0.06853155076243825,-0.6212937055794757,-0.41359988211351073,0.0473742180671799,-0.49801096560181013,-0.3731782324418643
R,0.0,0.0,0.0,0.24031544313233927,-0.11953065372116255,-0.12419330267495991,0.4340370054098385,-0.36969561474728163,-0.2028967374021087,0.4337500898349674,-0.574484158755868,-0.28870405434638685,0.32319862259419546,-0.7472015006699232,-0.3643302960922275,0.30561821975165404,-0.9572807928826698,-0.11097890788717775,0.3468005019786409,-1.3115923570566308,-0.23778396273148653,0.3513284339739388,-1.5522551409756877,-0.32043210895553975,0.34546489643403366,-1.782451132207533,-0.37636712851880094,0.14266871751398613,-0.9782795958133277,-0.15038174576133478,0.221521326982881,-1.416436350494301,-0.3003696103096535,0.3260715288732976,-1.6720727102717214,-0.3745868507147733,0.40124528475473764,-1.9055780236661601,-0.40929108141551596,-0.027192387144924605,-0.8957320888214187,-0.20793099100012047,0.13786720516298318,-1.1614677934891842,-0.41729177014424224,0.20545759695768684,-0.8087795838858997,-0.4122944228070867,0.1960110527180834,-0.5811509348877327,-0.3524825529061737,-0.17072810226750834,-0.7249948185907337,-0.27749627145355743,0.02086545073899659,-0.8108027866687602,-0.43907302747761245,0.08239748577628998,-0.5990051264487787,-0.4317800690426384,0.05048964011654381,-0.4724968192989411,-0.3907435105485314
R,0.0,0.0,0.0,0.24259172736414258,-0.11701796079107246,-0.1272704385889055,0.4373790037396737,-0.3700028738240275,-0.20578233473267563,0.43328036254871527,-0.5774416550109666,-0.2899173189234847,0.32017148368314235,-0.7483877557443159,-0.3635711546959818,0.30290057508675483,-0.9587243559017788,-0.11272222467767844,0.3373272276703598,-1.3160126785955097,-0.237482667467784,0.33719630148146745,-1.556341883729131,-0.31858957636631513,0.3286959764600919,-1.7848920400275665,-0.3736138291010722,0.13812839020778564,-0.9790261112015455,-0.14976121461908903,0.20269643708012638,-1.423311103635096,-0.2977556575965282,0.3031119904094285,-1.6774296945588691,-0.3713930750568147,0.3767358003725547,-1.909375945901446,-0.4062037322610513,-0.031413669003911,-0.893760588301213,-0.20487638539954364,0.1276776222343881,-1.165119825588307,-0.41292809501792943,0.2007384285698377,-0.8172824613275962,-0.40951043287886824,0.1950850651550824,-0.591352825273772,-0.3515343777630388,-0.17454016121880142,-0.7208653055422194,-0.2720151065206244,0.015187122679915805,-0.8113086124584896,-0.4345015208389819,0.07885791535727131,-0.6008974074903417,-0.4287852424518355,0.04844584220610644,-0.47344570123197166,-0.3890377957856135
R,0.0,0.0,0.0,0.24176675233131892,-0.13600057121767767,-0.1163849240266238,0.41929986779723477,-0.392908342804536,-0.18983614259896367,0.40784738341429383,-0.603065437071032,-0.2693934860858454,0.27213038346861645,-0.7491147621668343,-0.34073261258882814,0.28678374446977917,-0.9726812988435624,-0.10853753709554227,0.28360099954627266,-1.340264302471389,-0.22681454803140172,0.26327115309727667,-1.5767897300280407,-0.30370279009768447,0.24047223366211315,-1.800773611933709,-0.3556787161261785,0.12589468141783403,-0.9808696565104376,-0.14847641606598033,0.1536507218546858,-1.4475367846651832,-0.2823564882221291,0.2331027539286574,-1.7004232204479544,-0.35050188009710487,0.2934838273343867,-1.9234183979074921,-0.38438290188391827,-0.039648956334445935,-0.878103005870215,-0.20478270733494416,0.06566899241914133,-1.173739866535209,-0.40022038377934166,0.1578332399914454,-0.862435324133295,-0.4047749706166682,0.17979725813506905,-0.6374973145016511,-0.3558098546623749,-0.1858865558881637,-0.689265832917632,-0.2714025990896504,-0.041543507598531114,-0.8126313537563467,-0.42190544263726615,0.0424783440446644,-0.6331159802240021,-0.41642555957689775,0.04720439135556285,-0.5051386839178269,-0.3801659124438337
R,0.0,0.0,0.0,0.21933104398723355,-0.149507248085278,-0.10475081876765006,0.3842521637073356,-0.41133219498626683,-0.17364461688927943,0.3760967800679862,-0.6262912465941692,-0.24828941381934133,0.2624228417221855,-0.7721769420212,-0.3164988029035302,0.25158852180876595,-0.9885482090188148,-0.10737939412698583,0.23413494967082785,-1.3652298513605283,-0.2204758343895606,0.1989079738611544,-1.5997231960867635,-0.29610003527375667,0.15783664828059124,-1.8231543649671846,-0.34731062937340024,0.08376691250761475,-0.9854409078648093,-0.14795040207962318,0.09996327111139822,-1.4657706138786424,-0.27132404088083234,0.17291509205431874,-1.7190532600342654,-0.3360477042256862,0.22951886408684524,-1.943510047670861,-0.3701231155950344,-0.08598030909421384,-0.8766370829544841,-0.20234784127310315,0.00507703183259144,-1.1817814698745002,-0.3824637629827606,0.1197059781650811,-0.9065190051151676,-0.39304226574001416,0.1651842276251597,-0.6867960232864171,-0.35417234573413664,-0.2392473403002419,-0.6827672569318322,-0.26581891122870444,-0.10711888744119259,-0.7992778040112503,-0.40745401993377234,-0.006596178206048273,-0.6323943244795737,-0.40443677154629687,0.02193794353315255,-0.5008021289016406,-0.3726542606443188
R,0.0,0.0,0.0,0.23192185056675382,-0.14802984094346663,-0.11349092136800681,0.39799759294802683,-0.41561160426547084,-0.1853689499247537,0.3615645539084005,-0.6356257170584573,-0.26127057311228996,0.21273863498525108,-0.7635943090721087,-0.33316848789818965,0.24507411519791097,-0.9935547853116161,-0.11592483599286271,0.22651552109599082,-1.3558977056174764,-0.2340456703879464,0.196290129619894,-1.5929459588140593,-0.3146895959162733,0.16158989117480094,-1.814872188871305,-0.3699163005307567,0.08473640144560211,-0.9844875032360244,-0.15363625302039988,0.09521495077690843,-1.4435083090895136,-0.28156474506867785,0.15781753376581178,-1.7001948292877918,-0.3551092081877524,0.20659889928728692,-1.9257776102548758,-0.39711290664444804,-0.07745390188633451,-0.8608099350243915,-0.20544715062039495,-0.02423070210829078,-1.1729758380900515,-0.3916575035146557,0.09287628830763235,-0.914384641588093,-0.4096166548803607,0.15058774974416667,-0.7005813204264862,-0.37609075197790065,-0.22670426996926737,-0.6507478450000564,-0.2659193394345357,-0.1258788349158532,-0.8029259690651402,-0.41158554876988224,-0.01889406614154161,-0.6528784749799078,-0.4110138000313146,0.024117515665681852,-0.5200602631095108,-0.38161574380944513
R,0.0,0.0,0.0,0.234125174846112,-0.1423407592831966,-0.14896593705321592,0.38830992384688723,-0.43286307905149796,-0.22987387350719538,0.3349224462693794,-0.6435194304888159,-0.3085264620272708,0.19305373117248342,-0.7853560589220678,-0.37619407326487053,0.22061123883285805,-0.99568743004812,-0.1351892529156755,0.17848648871999392,-1.3773870898168676,-0.2562127050003233,0.13481345424443783,-1.6206532614941662,-0.33394357325466456,0.08365826231133994,-1.8493915791554356,-0.3877275062435426,0.050911456699648534,-0.9861278668033727,-0.15798687885564802,0.04552737624531358,-1.4445510587034085,-0.30135421854694405,0.11062412068984365,-1.7046280710833783,-0.3755180679385959,0.15932303738424775,-1.9277608897427954,-0.41177499514803756,-0.11212859441563712,-0.8733138313198284,-0.19949894852409253,-0.055898773217001374,-1.1757144899905068,-0.4067167434504013,0.05941370267220471,-0.8603948355283063,-0.41808429249170886,0.11605694819086847,-0.628849243323802,-0.3709060471177262,-0.2542162598551549,-0.6852362069007967,-0.2539262731110141,-0.14416404280801665,-0.7799408173809248,-0.4250430876694938,-0.030428338479673626,-0.5831319181433909,-0.43493094787583536,0.01820949014356215,-0.44637567812043344,-0.4057105128774575
R,0.0,0.0,0.0,0.23537702815094827,-0.14061597279813007,-0.13108864148166066,0.39602821373080604,-0.41852112838028865,-0.20507906616870503,0.34044134000498716,-0.6285905030917638,-0.2815610088825895,0.18287881696156574,-0.759207590536151,-0.3493011273108417,0.2331295779308597,-0.9892175442153357,-0.11162769908518978,0.19644457420106043,-1.366810576661209,-0.23084132193540968,0.15308510928626934,-1.6116528377451114,-0.30711663891678453,0.09670732317351002,-1.8430053572292573,-0.35921620516461583,0.06547343285683599,-0.9876042434120097,-0.14265723950971848,0.07959063778866876,-1.4464578918754476,-0.28172474081026705,0.13677270845774062,-1.7108843121818715,-0.3532175528471228,0.17184266271591142,-1.9416911442927935,-0.38793903351459813,-0.0992477267656894,-0.8757162163902179,-0.1918517148193112,-0.0536435889275255,-1.1764378931206645,-0.39786658348788284,0.052048700572796536,-0.864317984943103,-0.40772498391608747,0.10017750398841724,-0.6352794679373823,-0.3588421958735617,-0.2474558001562629,-0.6774991097074619,-0.2518630665125658,-0.1398086023565778,-0.7960664324677879,-0.41718484226558217,-0.031501539429799136,-0.6062960108631952,-0.4191637947541047,0.011010541398164656,-0.4670357703137158,-0.3847963422707563
R,0.0,0.0,0.0,-0.19224170051818823,-0.19045342887228078,-0.10648226132721302,-0.27636471148908137,-0.5127089029760094,-0.16787492530209622,-0.16553059748145876,-0.7136645906581773,-0.23366124733564153,-0.01962476431692899,-0.8168439382821057,-0.29589481838912796,-0.08026073685022617,-1.033127898105197,-0.07310810074759841,0.014528190126092773,-1.358897986332963,-0.16391641111306043,0.09660646773898575,-1.5749622493101352,-0.23651634705513855,0.17162624798704446,-1.7730110139814708,-0.2939551816843697,0.08008690685191142,-0.9913599761384648,-0.10388207285973648,0.11928360829942322,-1.416350228537783,-0.1994648577018191,0.09516121586388011,-1.6623374339404642,-0.2713728534305079,0.07915725545435334,-1.8739450277154628,-0.3202332044134395,0.22182331864002505,-0.8483346523915944,-0.14986049781760463,0.2981660986596518,-1.1955038559047138,-0.3073980051423401,0.16165654432599838,-0.9768219701500442,-0.34309022065103456,0.06583231157942904,-0.7701057990432302,-0.33418683196168364,0.34107837170358546,-0.6255645492124936,-0.20330259216666646,0.2828033817654689,-0.7612884776194719,-0.35191731331956455,0.16453187810715755,-0.591939152752037,-0.3776856027797055,0.10874726167672484,-0.437649502338191,-0.3702691833803535
R,0.0,0.0,0.0,-0.22300542863630093,-0.1688100457731962,-0.14387646096811005,-0.3203944425642017,-0.5044353944265052,-0.22800369975249546,-0.2134130298648495,-0.7179794844484955,-0.3118861476427506,-0.05009692365937125,-0.8462262290516,-0.3924653958552093,-0.1010849833732843,-1.0345063746317813,-0.11131398994112836,-0.017292274270987812,-1.378103028385836,-0.2181944037223776,0.0526759612084538,-1.607227761629359,-0.3012407726888675,0.12119213046219283,-1.8076289638596414,-0.36694236574412226,0.05939909172071997,-0.9885869478475111,-0.13844708176157416,0.10300050605996221,-1.4312230973412583,-0.25503250702415786,0.07109356398748139,-1.6780256188556038,-0.34054453646437655,0.0478044661196354,-1.8801057783635746,-0.39726524594169105,0.19822483697458745,-0.8465880134965206,-0.1851899126929223,0.2555087126772758,-1.1862110620126973,-0.3703193323940697,0.10688120096359978,-0.9427467412696463,-0.4170006147923595,0.011160557281195102,-0.7359538921557436,-0.41277643458134095,0.31473968962818155,-0.6397495306231676,-0.2419330853883261,0.2321706954192993,-0.7654738235389079,-0.4164651482589719,0.11917219773389306,-0.55912289175152,-0.4525391827093992,0.07840902069741001,-0.39714659272349706,-0.45156540391649325
R,0.0,0.0,0.0,-0.2232515432432303,-0.1880403945087491,-0.13739418662534716,-0.31549792000374366,-0.5120396438379275,-0.22456276068395006,-0.21318994497318755,-0.7289405232519623,-0.3131051656550202,-0.045943701659696946,-0.8509249057911373,-0.39957623853249424,-0.06558735975910579,-1.036258620595757,-0.09964113715669187,0.020257641483158284,-1.3603027756245447,-0.21225365482810646,0.09702588541489258,-1.5876396489092035,-0.3009014067560884,0.17867515209769877,-1.787348449266744,-0.3703113982139081,0.08540265742146588,-0.9879821812395866,-0.12883165627445992,0.11475810292689002,-1.433675604354303,-0.24810568500681016,0.08612423304710756,-1.6839135679724562,-0.33645912316518084,0.0763999264763527,-1.897463484291199,-0.3970606121685209,0.2175357280723502,-0.8412220088064588,-0.1784145793335068,0.2775575026374507,-1.208270129745771,-0.3694952484633316,0.118017440251262,-0.9942838570328446,-0.428170010797676,0.01446380832911852,-0.7940378212145235,-0.4327612330287438,0.32843865400813266,-0.6231207410747863,-0.23637654306531497,0.2437116686082634,-0.7639582599630756,-0.4195202205077752,0.11971405922922917,-0.5807214145337493,-0.4675718592101438,0.06495541409551263,-0.4290274211330393,-0.47521798443412977
R,0.0,0.0,0.0,-0.2317262128324894,-0.19797639465830297,-0.1631287650072764,-0.322546993639289,-0.5229766825883859,-0.27019194799041857,-0.2216716538203598,-0.7241167548784028,-0.376689126301391,-0.04781787103493989,-0.8567453065200058,-0.48010907083672183,-0.04972158249634499,-1.0399211730144653,-0.11605055595369372,0.04411565655492207,-1.3563515904392256,-0.2397188929428236,0.1273406050900999,-1.5865570795151394,-0.3345955407060155,0.2189543424734707,-1.7784111033458854,-0.40756137586212854,0.10425341813268478,-0.984119773879989,-0.14366452403447055,0.14133079283828756,-1.4268656025930089,-0.27327413887642416,0.12233333510714793,-1.6793286530141978,-0.36450604295052974,0.1229472019248178,-1.8929091256898574,-0.4252999086424878,0.23481582806643725,-0.835830194039862,-0.19626400335476804,0.293655777407551,-1.1884451630597468,-0.40413064805656246,0.13161811599481896,-0.9660929138310648,-0.4664905079193787,0.02740272501013142,-0.7645671376113615,-0.47128613871556024,0.3383972521695135,-0.6265501390985484,-0.2599304126441897,0.23899573595796336,-0.736985685005643,-0.46128979745619786,0.10892097892686131,-0.5437599676221392,-0.518041784749777,0.052305798825243714,-0.3900821219924593,-0.5302145464461819
R,0.0,0.0,0.0,-0.23286578160709492,-0.20832071044974493,-0.1577898027454007,-0.32173941995673105,-0.529223157560754,-0.2632127814363098,-0.22518956515276053,-0.7235989787842585,-0.37036863355389077,-0.050936559426323434,-0.84951142952216,-0.47450398042283726,-0.04097514087805272,-1.0448937762644552,-0.10304832478443432,0.05593699235517674,-1.3516253523653476,-0.21977426222024307,0.14107808383148368,-1.5778471810796026,-0.3092916169781181,0.23307292420507453,-1.7662006540979702,-0.3784240881271351,0.11065589424947603,-0.984904324663237,-0.13311177381246878,0.15092434453920384,-1.4251629204795115,-0.2539836367370239,0.1361614985469022,-1.6796846558387457,-0.3388225273287678,0.14038182997525167,-1.896156188712406,-0.3952876802406632,0.2382928822954075,-0.8326263890397122,-0.1889506785753486,0.3004726324860223,-1.1723532514179251,-0.3905387902446254,0.13495791337469626,-0.9530675156482294,-0.4546002036293977,0.026102090070600565,-0.7542465310219673,-0.4605448954720128,0.33836539952138117,-0.6223515331758933,-0.2556507941302634,0.23916956779121185,-0.7269636750747537,-0.451485812015368,0.1071792242061874,-0.5411891362459204,-0.5102538121741873,0.046499533136722906,-0.39251452660091335,-0.5246600403376872
R,0.0,0.0,0.0,-0.20999880205938942,-0.2239452564802047,-0.1427556200386556,-0.2831916146462833,-0.5870394684566976,-0.22186329215094713,-0.13262913852855632,-0.7797407194641346,-0.3016369924593078,0.050763329976173166,-0.9140267891047532,-0.37509058145745156,-0.07354897957242006,-1.0325789720384013,-0.11107311616097208,0.014430501711979524,-1.3771217733442689,-0.23804543773845796,0.08459747648045092,-1.603759836599591,-0.3213553222157274,0.14841996134333726,-1.79547157420319,-0.37490761772687614,0.09987786256997128,-0.9856153590730031,-0.13633332874924287,0.13899730662500862,-1.4206424689078385,-0.26868302847565584,0.11636348664958995,-1.680021415022701,-0.33849250323068003,0.09688989178198158,-1.8893061659903265,-0.36456481224398646,0.25133170508664393,-0.8386126549402778,-0.18461355531722054,0.19260780349080817,-1.0108196183791338,-0.3662325205478843,0.07123014361336616,-0.7674211917303132,-0.3847128966459081,0.02409752982002217,-0.6162813111795674,-0.34654019613277026,0.3645071311979384,-0.6405022929412869,-0.2466201285431997,0.22487051341951383,-0.667531399690134,-0.38254900823739585,0.12369812258243335,-0.49380415179796106,-0.3841364411480195,0.10879496080085167,-0.3972117737729834,-0.3542939450814416
R,0.0,0.0,0.0,-0.20897954727281193,-0.2243465627092229,-0.14001246423023042,-0.28361804879521696,-0.5874922245923442,-0.21591042714120354,-0.13685762484044725,-0.781606485750873,-0.29244817155842934,0.050470760757574375,-0.9099475122523628,-0.36283026688939457,-0.0725443269604802,-1.0346825057315023,-0.1022177379494638,0.015818085060544575,-1.3764205691141755,-0.2233568168245802,0.0895009030987241,-1.5969803644692362,-0.30081459363963164,0.15783506661700122,-1.7826771832813229,-0.349003211623106,0.09831190459364085,-0.9873638238341805,-0.12428776608627305,0.13901886491003704,-1.4224732994125102,-0.24982333152771005,0.11690329262302925,-1.681158664031546,-0.31568262907916184,0.09868959878331307,-1.8922449155780643,-0.3385574207724976,0.24807531285264456,-0.842079381898908,-0.16929532461713692,0.19031460352533938,-1.0127225182109323,-0.3460733323278993,0.06441443699233274,-0.7780714844758883,-0.3703828661620269,0.014008938906195765,-0.631230473741747,-0.3361729445070311,0.3600797585945457,-0.6462095188219886,-0.22729134914304336,0.21862273797036685,-0.6651681445909294,-0.35918538274634054,0.11504781357763234,-0.49406420333914275,-0.36527836073824077,0.09909036927669797,-0.3993686079343492,-0.3389983269073984
R,0.0,0.0,0.0,-0.21046929346237128,-0.225509416129659,-0.1376042204390513,-0.2837815495141616,-0.5907869116345451,-0.21319552451459273,-0.13464946707797015,-0.7844410768807695,-0.2899960634704242,0.054620626675499225,-0.910512458241795,-0.36067906672996836,-0.07166182962934883,-1.0339467500919155,-0.10070549095644783,0.017875263348885912,-1.3735751369764972,-0.22135974615817644,0.09310722355996025,-1.5939544439608953,-0.29853465122713646,0.16379918627722617,-1.7792448319224985,-0.34659095942366364,0.09960222412918973,-0.9872163742738747,-0.12443161701940463,0.13592400046215766,-1.424672698291787,-0.248007149443636,0.11296892667802803,-1.684365746483055,-0.31145048422310123,0.09603963835396684,-1.8934197599923155,-0.3326888899800791,0.24836964091775604,-0.8413461631823028,-0.17102699469252408,0.1883061549036385,-1.0095806178535514,-0.3451528205032325,0.062147828629583034,-0.7741449309402352,-0.3665910962681852,0.01230144772597263,-0.6250891947603199,-0.3311303260677628,0.3586098625773474,-0.6452198163387299,-0.23079282012628946,0.21327120106770805,-0.6595389608893951,-0.36119909700911557,0.10902155577117305,-0.48805341316853057,-0.36611487526727177,0.09253687211601447,-0.3931313043681973,-0.33930092486922375
R,0.0,0.0,0.0,-0.20785588468200486,-0.22224634388705347,-0.14800006437961877,-0.2814940576901729,-0.5811022261962426,-0.23049161632397624,-0.13937013953922361,-0.7802272789503816,-0.3120285898001465,0.048310160469808225,-0.9173431190862392,-0.38706854079327835,-0.07428218160643771,-1.0314617299630058,-0.11620191541553608,0.021100213689167237,-1.3749243345487088,-0.24765463847294844,0.10010554394201694,-1.6008498042221413,-0.33174295964516304,0.17598401226359697,-1.7894626329904184,-0.38307477183197103,0.09614669543578726,-0.9859601076874356,-0.1365228149642338,0.13701906828348315,-1.4359267787770271,-0.27036437992384915,0.11648691793552726,-1.7029031734450693,-0.3393802157793126,0.10199142805582359,-1.9196669161151279,-0.36312062683139584,0.2462387612309533,-0.8414122251971391,-0.18005322692406592,0.19842323239990528,-1.027769138705517,-0.36510595344934704,0.07122264703071617,-0.7882492884790369,-0.3890036187615388,0.017942291404538034,-0.6349010922299487,-0.35268291178567385,0.3580197663230889,-0.6466833794508704,-0.2370449244762529,0.21913438374381178,-0.6620830308306818,-0.37626977158220365,0.11296686424785655,-0.4882820407433771,-0.38339080643891393,0.09347011885842343,-0.3936309102988322,-0.3560284080828601
R,0.0,0.0,0.0,-0.21202641954672555,-0.22713467908071,-0.14820781186339776,-0.28067291204631895,-0.5853568930070477,-0.23259732629928337,-0.13787727836710686,-0.7750544850235899,-0.3177054417954005,0.04286820059420844,-0.9215199256828436,-0.3964210893351321,-0.07326257146364303,-1.0381155865725504,-0.1107232700122335,0.019759657857800945,-1.3809018059920415,-0.23934937492030064,0.09652870667332505,-1.6062119801759616,-0.32215561389374314,0.1684652782139436,-1.7951011712118496,-0.3733940993589985,0.0963953178222258,-0.9860215030633993,-0.13590267914410945,0.13780502607276143,-1.4324889580811884,-0.26932040650928074,0.11552227506775614,-1.7044237350209188,-0.3383298861092194,0.09575114290018322,-1.922883208412696,-0.36238203394904334,0.24439257883603888,-0.8366451734438664,-0.18570417539113376,0.19034696623520017,-1.0212601840896918,-0.373933593615133,0.06432229129036852,-0.7774954651414885,-0.3994575233800649,0.01294642785850729,-0.6256123574089583,-0.36400540226340455,0.35477579741466936,-0.6423114224211737,-0.24917671784629883,0.21384635264821572,-0.6626652343818549,-0.3924823980413322,0.1104626423165834,-0.4877024489734373,-0.4016407797433194,0.09500925705898862,-0.3942397137284034,-0.37609484261081705
R,0.0,0.0,0.0,-0.20412076871338333,-0.22580399883005553,-0.134026996971386,-0.2703349298152463,-0.5915220257307147,-0.2065774395209863,-0.1255549443781836,-0.7900949141994803,-0.28060240048354834,0.049206567777480156,-0.9304357432591736,-0.3488051408402653,-0.06768239911341496,-1.0368313355826224,-0.10069011586710476,0.026090429681214715,-1.3822299781229264,-0.22430039941584037,0.10387544255634121,-1.6080730352797705,-0.30554806611416,0.17684687173047509,-1.7977724045157213,-0.35630629250000934,0.10082445462060713,-0.9869334354209847,-0.12568541442263836,0.14407338479788775,-1.4299365286138765,-0.2530385176164661,0.12293004728014295,-1.6954940036804098,-0.32260754487492443,0.10643021220401148,-1.912061152069592,-0.34892193855270176,0.24860252171439032,-0.838788575131087,-0.17207649822113458,0.20341008470368047,-1.0341810505721691,-0.35093148946597347,0.07392693787766141,-0.7912576095728363,-0.3723218930928871,0.018105309844990553,-0.6300695761275953,-0.3358165827657325,0.3578202556861621,-0.6383705357972597,-0.23066069285766022,0.22251333479811888,-0.6710518805861958,-0.3661238470528577,0.11598139340660808,-0.5004110219067257,-0.3702390190479623,0.096665275431172,-0.4024287707113829,-0.3413380986397679
R,0.0,0.0,0.0,-0.2118321867529715,-0.22684757166247632,-0.1452590253957312,-0.27726983759880675,-0.5863886760865109,-0.2252818935835505,-0.13555430876092883,-0.7760191360823262,-0.30622300001891495,0.03597082245184605,-0.9272846893799761,-0.3808232544992392,-0.0690316218126662,-1.037928147980703,-0.10367477897964258,0.021192428059224028,-1.379126844211147,-0.2295093874934401,0.09476438282024187,-1.604881468234811,-0.31350865831629904,0.1631213016984968,-1.797916466792552,-0.36740313311874767,0.09850627284937323,-0.9867143728311976,-0.12919466187757644,0.13725608912672185,-1.4278717755401777,-0.26015847943840903,0.11524175022012412,-1.6983745827197412,-0.3319386712189622,0.094758693625538,-1.9186730023413987,-0.3603877115697971,0.24411925563406628,-0.8383755546340161,-0.17890938978115598,0.19497456948342207,-1.036596876419999,-0.3674633141314745,0.06698991206331738,-0.788959742798266,-0.3944348750623995,0.009426106687628449,-0.6265204333148947,-0.36085715902653304,0.3530131090760208,-0.643134837510854,-0.2418495174871206,0.21517832217551539,-0.6709357985806184,-0.3899125430816655,0.11029641772379124,-0.49471228147912516,-0.4020885309187729,0.09057286862217083,-0.3942597706790273,-0.3783550329344352
R,0.0,0.0,0.0,-0.205927260073511,-0.22934991070144223,-0.13531392340287007,-0.26910784826381445,-0.5894351540982993,-0.20991067372904756,-0.13007926228541355,-0.7813579362606669,-0.28679623423002465,0.03707443102682661,-0.9294472240938176,-0.35722159616267446,-0.06317581484051364,-1.0413032512075486,-0.09333642238591312,0.027380641557359746,-1.3790625652883697,-0.21651396229686148,0.10148106295018289,-1.6038868984122268,-0.30134233265042176,0.17025902253661981,-1.7971446273991483,-0.3567212120918829,0.10306174889354631,-0.9872052869228816,-0.12167167865413353,0.14235614115410677,-1.4229502459772374,-0.2500719372498183,0.11859829529649017,-1.6910681545318624,-0.3239023549957337,0.0979003434448834,-1.9146059814919956,-0.35525725222995397,0.24734632336274182,-0.8366598454367671,-0.17242359103265906,0.2028578193679215,-1.0440093869569125,-0.3570252037572015,0.06812560178182771,-0.791525348103724,-0.37900634694628926,0.006092739029877378,-0.6230490833182368,-0.3429597772408713,0.3544160949631433,-0.6363067971733724,-0.23557949481687346,0.21557632148753988,-0.6728635849341025,-0.37971735507655674,0.11052885908142697,-0.49720413587786266,-0.3866003044850661,0.09469017731586057,-0.3961777786928437,-0.35921950823581505
R,0.0,0.0,0.0,0.21443763803168958,-0.1447362090485279,-0.13656230958875473,0.33972083291943106,-0.42055552444637045,-0.19898292063991976,0.2717589977767995,-0.6458001433364139,-0.2615298558470556,0.14063344547581164,-0.8355846204937784,-0.3155035931068407,0.25451075747975976,-0.9673380622993972,-0.09667450295408757,0.23769767445963105,-1.3391138708690968,-0.20349306182198854,0.1932519318111329,-1.5918336162416653,-0.2706507316657686,0.138299608311855,-1.8238468115229325,-0.3075074271671464,0.10409300250969086,-0.988575014242096,-0.10901416442259662,0.18403701922956647,-1.4274880676981394,-0.22825302775357298,0.2397854631394976,-1.7178808382595265,-0.28865985015545637,0.2811923517194165,-1.9625006537322889,-0.307680079526468,-0.05118498647149223,-0.9023339853014163,-0.14067770126345513,-0.028676899057340714,-1.1240231518330028,-0.3320780686252611,0.022676490864692814,-0.8064149342901815,-0.34651314308456993,0.056934860022556134,-0.5693054640958121,-0.29147497868709094,-0.19786956822853694,-0.7344812968647526,-0.18177999484718166,-0.1593113896572625,-0.9132774488742971,-0.3246822497713528,-0.08131643582397964,-0.7048971587265245,-0.3063594022099983,-0.03133822571835409,-0.5271759590703328,-0.2515314617408525
R,0.0,0.0,0.0,0.23630498909368977,-0.14418590476010276,-0.13835768632317452,0.3979506780024378,-0.4360354025566594,-0.2076489072992655,0.3605920562279813,-0.7084155679128419,-0.27646894234587516,0.24111501259535548,-0.9342612365906787,-0.3360956289428982,0.33327719230589614,-0.9492080894730947,-0.111868922751958,0.35260637423466473,-1.3100170711699435,-0.2300970039644209,0.3394481605688372,-1.5664332965330017,-0.3026213627965397,0.3123382712968004,-1.7906022291159196,-0.3442783183737171,0.17465288768222542,-0.976433865473074,-0.12678042112870083,0.2967087731575979,-1.3857856246289104,-0.28320227811710935,0.36534449851170053,-1.6342438721695507,-0.3631592314261376,0.4007591204249207,-1.8161011117965424,-0.38863079471601303,0.004213931144811175,-0.9048214808679594,-0.15845736787093856,0.07158395614216619,-1.1193059044551281,-0.37424275578402166,0.13859944018122194,-0.7962848686451605,-0.3889290219674527,0.17911525100006345,-0.5434819552447486,-0.32823445727974027,-0.15412101880502796,-0.7568370264535146,-0.1989925308679814,-0.06563679412256417,-0.9253582387164919,-0.35965583078202423,0.029223011326864296,-0.7085118987554441,-0.34821312546989786,0.0829122459445758,-0.5225502771561493,-0.2943569641688707
R,0.0,0.0,0.0,0.22864734463937766,-0.1351039687235783,-0.14774012302192702,0.3853639802073462,-0.4210939972979331,-0.22145059415063895,0.34705176825740675,-0.6826849636777046,-0.2926477518798962,0.22186419535587093,-0.9036425667834608,-0.3534410032181096,0.31765739724699515,-0.9620502431719973,-0.1153498837065671,0.32252164120877325,-1.3304816942031277,-0.2304910594762334,0.29999369273167925,-1.5854917204733898,-0.30150264005285515,0.2720312595604067,-1.8075970461961044,-0.3413965459199902,0.15929303750559512,-0.9792195580237621,-0.12551806796628498,0.2539171553808964,-1.3952143359724074,-0.2756066506785195,0.321230543779097,-1.647192672863142,-0.3516511940621883,0.36661120640754735,-1.8344854354736206,-0.3747659700358435,-0.008607557569580418,-0.9014888671030262,-0.1536969776441651,0.053416531235198815,-1.1054230645729906,-0.3696710953778501,0.11851159266995959,-0.7748985019997853,-0.3863196356178902,0.1563042519526008,-0.5265563096649224,-0.32650575010897415,-0.16509537272937302,-0.7486142058410055,-0.19117187480439626,-0.07855238066180437,-0.9108442546616691,-0.35425232906015275,0.014089109752782552,-0.6823033549590061,-0.3434618130297016,0.06423553667366949,-0.4974316715723764,-0.28944098501836174
R,0.0,0.0,0.0,0.22481258272523394,-0.1384125589650816,-0.1646576912844481,0.3783586877585989,-0.4236334854995452,-0.24324292996489164,0.353793082562026,-0.679530771867044,-0.3166278685948376,0.24066250551261145,-0.9040709345936039,-0.3804430002423258,0.27755450050725855,-0.9693686022371025,-0.13662009320477284,0.26662149506369326,-1.3239543391178517,-0.245334324657939,0.24050748974562394,-1.5640263083752726,-0.31143833352815864,0.2149179368637119,-1.758080388437299,-0.3475599511297808,0.12316547527154435,-0.9827953930749826,-0.1376353190562835,0.18848194868269352,-1.3950772251071937,-0.2711178230034233,0.25419914312415054,-1.638678527263567,-0.34270000032278813,0.3006423590271523,-1.8113029957008553,-0.3699268852741509,-0.040019025069751,-0.9005860676686286,-0.1583041648806921,0.029802747854955586,-1.1224551083694785,-0.3473972680579919,0.11697222629523413,-0.8165256923099927,-0.36830668930139093,0.16649888507355196,-0.5713895231546376,-0.3224199571537454,-0.19285754112591447,-0.7571891015019987,-0.1917599660557722,-0.14248444704849025,-0.9732744019987389,-0.3244050421392456,-0.04011076909511095,-0.8465446186155091,-0.3216233922898802,0.030359890690953753,-0.7127340243248048,-0.2852652526152155
R,0.0,0.0,0.0,0.22581128390469,-0.11106406427084257,-0.1781845494176159,0.3979611363433122,-0.39498766213561803,-0.25311851371493255,0.3629086227661823,-0.6505257413467666,-0.32269158232549944,0.2261333008651328,-0.8744284182884885,-0.3812473174407441,0.29143571455356077,-0.971670284595259,-0.12057225575789617,0.26924383971205623,-1.326912174159997,-0.21202874358610993,0.22525742855319875,-1.5671027937419717,-0.2710017273406837,0.18626988153992793,-1.7558679612135712,-0.3028713218000245,0.13675148158960038,-0.983984841993996,-0.11433662146967524,0.1882109666083483,-1.3959226200581594,-0.23246768610707083,0.24930642910541162,-1.6395339788213186,-0.3085211301016995,0.30235699577956643,-1.8041212698541764,-0.3418357843088215,-0.025275912812440855,-0.915693406068668,-0.13117960715809457,0.03401183215561295,-1.1453604284605488,-0.30614755068753413,0.10137522349322702,-0.8354246322224915,-0.33858451864598144,0.14277927975685953,-0.57266881234219,-0.3025503413748621,-0.17511468885231304,-0.8125610825192908,-0.16386156454896028,-0.19165088169222036,-1.1071670402279408,-0.2743965315453735,-0.1302710630165686,-1.092910361225503,-0.28079260205996315,-0.0698182523933504,-1.02916810588995,-0.25833338749405665
R,0.0,0.0,0.0,0.22347451836733187,-0.14461978189383556,-0.1551560524590832,0.3728004741277055,-0.43517188298524945,-0.22821786688702803,0.3446078584971272,-0.702389365657459,-0.29866022574545154,0.211381823933489,-0.9057906689325571,-0.36038760976925605,0.27151366354301565,-0.9679971360686952,-0.11332881934461377,0.25898194077329934,-1.3171098450799341,-0.22513813121159001,0.2219097584100714,-1.5479058168667839,-0.298189844489576,0.1790238613744287,-1.7304595710086474,-0.33905634236396665,0.11840086974612415,-0.9860331547354636,-0.11713177112035167,0.18179761091637328,-1.3911293228614443,-0.25487084425147727,0.23322234671722283,-1.6402670589449855,-0.33333342872137667,0.26479180738858693,-1.8185022435200304,-0.36567982524509446,-0.044752554565698995,-0.909293100565039,-0.1403983379610995,0.010680457468168718,-1.1362327943753943,-0.3322448439696435,0.08952924694428666,-0.8349070078863213,-0.35274493103546256,0.13206392131123063,-0.5867346094066388,-0.30525286589066647,-0.19760857800519518,-0.7677807997130869,-0.17539061265114655,-0.1437441739857151,-0.9944338132674673,-0.3121737496816218,-0.04507124366050433,-0.8251885646999471,-0.3024847791146079,0.011371008810809479,-0.6494442974679991,-0.25843849607947267
R,0.0,0.0,0.0,0.22394063146887652,-0.1413862342274353,-0.15960057483282203,0.3727353999342,-0.42904595279759067,-0.232422409056517,0.3443409968341518,-0.6951146943161612,-0.30186283449963314,0.21446200876182367,-0.9045049687586072,-0.36216990820861844,0.27673579389846586,-0.9669797538280896,-0.11225970985964548,0.26099419601132096,-1.3157332614256605,-0.2221559289859611,0.2213234155601448,-1.5461550865331846,-0.2932963324449831,0.17672989374680123,-1.729148306858562,-0.3322976548593544,0.12337917031402917,-0.9859004537998608,-0.11303926543396436,0.1867173414586666,-1.395093446447664,-0.24661216535116162,0.23922154594351508,-1.6443540956801905,-0.32086514676931016,0.27302291751666413,-1.8201531348429114,-0.34952092445422855,-0.039049156533003976,-0.9085790827819471,-0.1343808264303371,0.011304840628330896,-1.1310805617596567,-0.3244955103945908,0.08949486869865933,-0.8259066156498863,-0.34355004926395033,0.13386595527163941,-0.5778164747675191,-0.29425936195275343,-0.19294939357216784,-0.7660413157224879,-0.16790616351311208,-0.14312425112923272,-0.991142792083214,-0.30271475619924804,-0.047017468555882694,-0.8191840112527399,-0.29108812240920645,0.009733738006427087,-0.6442406273985263,-0.24545068354955987
R,0.0,0.0,0.0,0.22098629491403177,-0.1399569280459789,-0.15739136892931846,0.3677381940317443,-0.4247007003949045,-0.2305090451036341,0.34698086279037016,-0.6839895086868374,-0.3000131080713758,0.2154778588418055,-0.8904719190004811,-0.3610213193733865,0.2762901972843382,-0.9666757325219008,-0.11498158994774374,0.26056452327381013,-1.3137962084429826,-0.22234771958781901,0.22111927642103457,-1.5465250147483403,-0.29203674813920194,0.17690344889184356,-1.7393974135309769,-0.330608344011998,0.12354296130104267,-0.9855064025594549,-0.1162508805441531,0.18766901740101516,-1.3925722193813501,-0.24580780833790805,0.241200182044111,-1.6362658919399704,-0.31684046057052845,0.2757854958168157,-1.8117245194453622,-0.343513876411255,-0.03848366141499941,-0.9082928370701634,-0.13730943802231335,0.011112856171816706,-1.1293419578930153,-0.32453083173026026,0.08779536821516387,-0.8288147466007298,-0.3454005297273056,0.13190997622458894,-0.5847385340639598,-0.29825664399971386,-0.19167416908830423,-0.7647647796569952,-0.17011748754833522,-0.14043894237976068,-0.9834165685091155,-0.3038540398136654,-0.04459801847451401,-0.8156530677357203,-0.29348322743158084,0.01373583786506092,-0.643815830324574,-0.24910058402574117
R,0.0,0.0,0.0,0.2186942877765642,-0.14279038691086654,-0.1580739259334735,0.36418278232523515,-0.4229623863834245,-0.23074813892951973,0.34754828938680843,-0.6777259845789493,-0.3002288150003116,0.21325551119609204,-0.8782218258949407,-0.36078888577598084,0.2732076443169476,-0.9703560617344418,-0.10719488401222885,0.25796127787074014,-1.3196924492202373,-0.21115993068069042,0.22225827376412696,-1.551377179853681,-0.2795511725314563,0.183724594020955,-1.7397495032520152,-0.31766122338518793,0.12298751880221222,-0.9865954671502652,-0.10725415804259292,0.18362865665343545,-1.3909456553717416,-0.2329693724389105,0.24012669568043246,-1.6371036717007625,-0.3031865422369923,0.2787147980757246,-1.8140393887328794,-0.3301993215542127,-0.03709427036722402,-0.9067396444690712,-0.12793886499032925,0.01132619117778118,-1.1235839109367038,-0.3109345966655016,0.08756674498768383,-0.8267788139783376,-0.3317134312531429,0.1304793550476028,-0.5872225095557032,-0.2856620775871916,-0.19020472711795758,-0.7612773146569964,-0.1608113569899874,-0.1404114890595362,-0.9801816180526398,-0.29050000279567817,-0.045900622979209806,-0.8136092298915625,-0.2799490291553493,0.010968955307453825,-0.6453054338941232,-0.2366611295568516
R,0.0,0.0,0.0,0.22959051171127176,-0.1392907703181797,-0.14528423994337017,0.3727186545093582,-0.40726911734615817,-0.21528147387118243,0.35499722099049197,-0.6548491624114395,-0.28521877036393156,0.25119130510399534,-0.8810973743165574,-0.3489710570045655,0.2953826930779817,-0.9464538504312887,-0.1345311113301059,0.3359593794235859,-1.3246850711914906,-0.24651708357943156,0.328100853575497,-1.5819218727064315,-0.3144170235184849,0.30622301221449316,-1.819847570434821,-0.3532044919254617,0.15377057052868348,-0.9770070789480998,-0.14768811504174853,0.2581766996532929,-1.434165135963747,-0.2765892423904515,0.335389796333519,-1.7299066147646258,-0.3481860088913415,0.3902907230366299,-1.9795232205159923,-0.3799608726807076,0.00015039746849500042,-0.8987597845726162,-0.17773183771813605,0.04798195483440725,-1.1329821597386704,-0.3648138342733052,0.11230010334627946,-0.8484695555478292,-0.38913980742482535,0.14872210264458013,-0.6167727909596938,-0.3473728042726456,-0.1530808759592007,-0.7497878225181336,-0.21835696443831845,-0.11309098065200374,-0.9719816697147725,-0.348483340728728,-0.02516593612988539,-0.8340024892190973,-0.33957024727653384,0.033025150295907885,-0.6888696204393555,-0.3001867815787876
R,0.0,0.0,0.0,0.18678616397893177,-0.16701953244153017,-0.14422405116153783,0.2786704900438951,-0.46783611055923524,-0.21124834209875157,0.22944562971308777,-0.6910766355840465,-0.27957766707413617,0.0747524402821016,-0.8326215916176001,-0.3419984807646352,0.1475836698516682,-0.9983807803107465,-0.12017589487323445,0.17974273109602892,-1.4004178560902727,-0.23228196379404317,0.1762988426422339,-1.6584322279188743,-0.29768357683182683,0.16174266069224166,-1.8806968839088045,-0.33015466289092416,-0.008251779484361023,-0.9908438777302465,-0.13476022447231847,0.014178447837487543,-1.4593373328662607,-0.268052772023766,0.029720562786282004,-1.7719674950327304,-0.3480218260711786,0.03676768578928924,-2.024494155067897,-0.3802638311515223,-0.14868231924638659,-0.8664516063383249,-0.16610791007542902,-0.13898602547388594,-1.039318301818005,-0.35818861015698994,-0.04026055220083355,-0.7691904398157903,-0.39534107483352865,0.03002415903123471,-0.5586076976799907,-0.3572542130401003,-0.2771508314918114,-0.6779636260603378,-0.2075268769400581,-0.28780320183681507,-0.8597963069973118,-0.3341207872058575,-0.19615806264770946,-0.7535933085308939,-0.32756786773115,-0.1186028084135859,-0.6398681679643935,-0.28829880467586677
R,0.0,0.0,0.0,0.18746840560795683,-0.15454074638407003,-0.15214608605125104,0.2776613569255891,-0.4581950885394111,-0.21592675351244997,0.22176007783399532,-0.6856703343444289,-0.27912007069634326,0.06405080830951534,-0.8314772117953351,-0.33687321918182583,0.15172501959248746,-0.9860309139775258,-0.11694618953819928,0.1787704142695889,-1.3807680050214353,-0.22430265623503642,0.16973291458046624,-1.6332889678936051,-0.28831434800022554,0.1536577589121462,-1.8554433670704045,-0.3217320436780332,-0.002663247013699559,-0.9919505510188904,-0.12659783350699114,0.016822937759855227,-1.4647564578390218,-0.25303305211773064,0.03466074637250478,-1.7741384254635784,-0.33057366997056703,0.049073241281991545,-2.023816255048141,-0.36270899078438146,-0.1419666460079266,-0.8796928789017165,-0.1546663728919368,-0.14276326149237858,-1.074440615953816,-0.3461270225645739,-0.05513090740333512,-0.7921155039046984,-0.3869243740719723,0.012187419632230974,-0.5703291822745098,-0.35213834679263933,-0.2698652884563984,-0.7037001545292274,-0.19346461775805293,-0.3025630653136293,-0.882899937236537,-0.3253342746180344,-0.2216790210457525,-0.7756244338967063,-0.3266166910070216,-0.14572582066266332,-0.6642371256532874,-0.29340605971167955
R,0.0,0.0,0.0,0.1856470923470383,-0.16104418848327703,-0.15394786399607496,0.27721634186500915,-0.4560394944587903,-0.22184516379673022,0.21596869397402874,-0.6735823109931923,-0.28863189528859784,0.06441629342952453,-0.8307849691896051,-0.3490530794795328,0.15278958717222235,-0.9922633246290721,-0.12101811419653871,0.17179619577953936,-1.3797055916463428,-0.2302844176797643,0.15966452796997324,-1.6312142812160577,-0.29631740308986454,0.1399554211046301,-1.849861517142996,-0.32990543653224086,-0.002417120470004685,-0.9914333237598116,-0.13059143182922092,0.013973628113280555,-1.4619393467489894,-0.25464708194603547,0.03041570678005623,-1.770636001067986,-0.3287216776116173,0.04203506087170821,-2.0184303339230745,-0.3579497181329638,-0.14401247193435482,-0.8754089088876129,-0.1589778420092662,-0.1395780133753767,-1.0564961788179177,-0.34771347946408127,-0.05179633174880581,-0.7808223717695953,-0.3841044932949443,0.010008708202641233,-0.5669894699233642,-0.34575080297844024,-0.27573961484766896,-0.6953298144432998,-0.1983444171824026,-0.2922573724836933,-0.8865965638155504,-0.32603602019040345,-0.20656640464236742,-0.7636162645524044,-0.31874889635443193,-0.13523338246250688,-0.6348202010219928,-0.27833233717778144
R,0.0,0.0,0.0,0.19408369776726517,-0.15951972758677482,-0.15188865524653294,0.28427888253313716,-0.45641923032074005,-0.21745942327972587,0.2157817911428831,-0.6767847714088454,-0.28233455289517234,0.058222792466173734,-0.8263492653431981,-0.3412442127939277,0.16198420892781928,-0.9885436469344022,-0.11312883400836565,0.1759088925833499,-1.3724428824993598,-0.22250445671124905,0.15999402274682273,-1.621015746387425,-0.2888040232782717,0.13842236394980792,-1.8423828346871878,-0.32341683377945607,0.00289475608498184,-0.992346448219378,-0.1234509906545661,0.018033145498988174,-1.4664039642164006,-0.2517442734063726,0.033399249546709066,-1.7791031555477468,-0.3263275803633352,0.04615060707357967,-2.031949640584827,-0.3549162134688239,-0.14078788209974677,-0.8784671211540448,-0.15279968961482016,-0.1478437259391754,-1.0743773352093242,-0.34879898915975177,-0.05834029056932587,-0.7820183894559013,-0.3831771551214899,0.007151166244239382,-0.5556501847092972,-0.3410691033849166,-0.2737695874027526,-0.6980095625661322,-0.19269069901754168,-0.2924885246474625,-0.8911003186166188,-0.32720906437240543,-0.20405647339001703,-0.7543533783235886,-0.3192135460020462,-0.1303851627136298,-0.6180956273163579,-0.27676576339433423
R,0.0,0.0,0.0,0.1929882116320404,-0.15567294013980112,-0.15096668718460424,0.2870686233059849,-0.4540427980452756,-0.2166118896046798,0.22326204206661143,-0.6777557829694165,-0.2815599095368279,0.06450282634608381,-0.8244518606371564,-0.34134143832184777,0.16692784727646984,-0.9835565325822437,-0.1189086140952726,0.1741855942576685,-1.3547489959033359,-0.22885323424219425,0.15133948926500573,-1.5953830033000138,-0.2958035004541711,0.11929754954795589,-1.8155892659214967,-0.3312747139546488,0.008097307260664105,-0.9915191902387379,-0.1297078602222855,0.038081174438730575,-1.464135468027527,-0.25690161751378665,0.05695344965288345,-1.780208415970352,-0.32953689250083074,0.06766775862627587,-2.0401924713722166,-0.3575708609323728,-0.13794551985219203,-0.8796475330316433,-0.158983056784841,-0.14278990598241442,-1.078895951384287,-0.35237026993963405,-0.05573493739336553,-0.7854714668121623,-0.3841142890751804,0.009397475839542502,-0.5557735736155479,-0.341227931871798,-0.2747608495862152,-0.6976212656598723,-0.1989801655239947,-0.2922802962277797,-0.8946166361803656,-0.3304235301480907,-0.20377817768500356,-0.7605232948553914,-0.3199354633391305,-0.127963118133149,-0.6222078218828314,-0.2767394787043771
R,0.0,0.0,0.0,0.19632035345139776,-0.19810949496537436,-0.13370725964525793,0.2821700464156323,-0.5341780834155434,-0.18138386956547722,0.2418237936012739,-0.783142094922925,-0.2321421976811059,0.08417335368386945,-0.9084460856484975,-0.27565318663907057,0.12332815334089407,-1.0111703388350148,-0.0800407336179433,0.08494073583542337,-1.3937186789410423,-0.17452408373398015,0.02487567169679332,-1.6301101458456853,-0.22984802094947102,-0.044009873184261174,-1.8443158656214234,-0.25709531873757085,-0.02999035384283422,-0.9950177129078455,-0.09508064827304409,-0.017326423082720675,-1.4562382542904586,-0.22017668031558274,-0.007586195432617849,-1.7720050563945322,-0.29054050664219033,-0.007078421899868279,-2.0249990503088067,-0.31339056083816796,-0.1672922517057187,-0.8770435786260461,-0.12855715310212185,-0.18198825748581846,-1.0356976314595967,-0.3214243890474632,-0.08101162151278875,-0.7443433579685174,-0.3509123642469814,-0.006534028511569481,-0.5229599830236324,-0.3024946416084161,-0.29019175655888924,-0.7034131492433471,-0.17222142639963717,-0.31270217794279753,-0.8978443105039998,-0.2978257939425747,-0.22753845334411907,-0.759939492876537,-0.2825042262104253,-0.156321989264757,-0.6208723217983821,-0.23498640791272013
R,0.0,0.0,0.0,0.20139432719806255,-0.19441172552071162,-0.13876160362608364,0.28707668905954914,-0.5374640508235586,-0.18650449855669218,0.23401807596719704,-0.7900458043444981,-0.2361372778125089,0.0705018684982882,-0.9100755658646934,-0.27847357362431185,0.12088062809141993,-1.0111670853466972,-0.08600229454507712,0.08198873077509777,-1.3921191209952688,-0.18047519620531974,0.021598467704165722,-1.6282180744171217,-0.23490082654629377,-0.047243213232044425,-1.8433051052183174,-0.26188089855036556,-0.03244677113936419,-0.9946080638285043,-0.09849876349449031,-0.01778477970442072,-1.457235766311896,-0.22401545513018337,-0.007936187242564226,-1.7756600678490198,-0.29470728425210785,-0.00895290900471961,-2.0319874662144506,-0.3182844420040912,-0.16837311480569164,-0.8769607941338488,-0.12960828626565604,-0.18447611633146344,-1.0387721607200444,-0.32406849866818377,-0.08193409997256239,-0.7467880226531033,-0.35378092862540966,-0.0074271721003783256,-0.5262339860317208,-0.30518746358564114,-0.2907441497016096,-0.7059222195733174,-0.17110903952812817,-0.31886363787128547,-0.9072717298854677,-0.29753279263054305,-0.23409495164741148,-0.7723712676368105,-0.2825824560578165,-0.16488394031561784,-0.6349427404660373,-0.2355418797583799
R,0.0,0.0,0.0,0.20262308854144623,-0.18874618627108306,-0.1339188255185947,0.29467996794978535,-0.5271388654381416,-0.1840421374007026,0.24464004663609443,-0.7807613571249662,-0.23661618577567228,0.07432749260204674,-0.8807920287346757,-0.2834619723385699,0.11950110063385147,-1.010868456597015,-0.08918949542360513,0.0833448749548074,-1.3865195039247626,-0.18348000672457299,0.026671395164857788,-1.6192983365215272,-0.23894167972372649,-0.036601999773469326,-1.8308369069514787,-0.26713195791968025,-0.035981539168891935,-0.9938546374952717,-0.10468184354595392,-0.027685223910814807,-1.452736043065616,-0.22696485718149725,-0.015255308232878463,-1.765242607629658,-0.295949227245996,-0.011751549730178886,-2.017597166396962,-0.32011635784673875,-0.1725705389245327,-0.8713945414755655,-0.13753764662884935,-0.18486879273278028,-1.0363317651467558,-0.3280912822754897,-0.0803612940601164,-0.7483641263495663,-0.3581652229025585,-0.004014231304588593,-0.5213541540038074,-0.312108841444103,-0.29557539806108374,-0.6911073877118309,-0.18022626828952865,-0.3230788186039254,-0.8924986128631672,-0.3033284585441205,-0.23689399388499652,-0.7730004236711516,-0.28870537799323936,-0.16418785089199145,-0.640746884302657,-0.24366488755204133
R,0.0,0.0,0.0,0.2039851526048291,-0.18473854574718904,-0.13606933097822788,0.29872863345607054,-0.5276310979786953,-0.18586024299437923,0.2487363644074589,-0.7866570429704131,-0.23776573698994152,0.07957109822845855,-0.8867911501939238,-0.2836982581891641,0.12169079793014109,-1.0112665828294622,-0.09020393215486151,0.08563430110381809,-1.3867044724194304,-0.18534834023683397,0.027361135763077585,-1.6203293478980703,-0.2407299838642715,-0.038635029798304445,-1.8338072943701207,-0.2688989503929933,-0.033154274298099314,-0.9939220559190818,-0.10497495345725148,-0.020074244225995942,-1.4562155124485705,-0.2305181759952476,-0.009162481919858433,-1.7722804352065542,-0.30120996009490913,-0.008822317146681727,-2.0281906259368383,-0.32556875004449576,-0.16904670922576592,-0.8721272379918249,-0.13712370448160122,-0.18022821282877197,-1.039074326188852,-0.3311993573340241,-0.07635487744807175,-0.7496860100824915,-0.3609375882757555,-0.0006774221551296807,-0.5239997663402535,-0.31321532549572356,-0.29110836105866755,-0.6943289581391547,-0.17918911269022392,-0.3197238746130511,-0.8972293307740623,-0.30419679982187353,-0.23326355135822366,-0.7748740324275637,-0.2888017998683068,-0.16133566161348864,-0.642308622190255,-0.24235925360170427
R,0.0,0.0,0.0,0.20373130626603525,-0.17829420454780912,-0.14018207329839458,0.29757456598466403,-0.5181210882976548,-0.19158896894577288,0.2564009138125233,-0.7785488046988909,-0.2447911373065161,0.09313751809223753,-0.8763325090711975,-0.2918198453451097,0.12984546236539365,-1.0079837255613129,-0.09379964483892973,0.09437563859903214,-1.383081357013797,-0.19129395309748132,0.03835747786371323,-1.618535620010937,-0.2478980014805345,-0.02625604663024388,-1.8348058073498983,-0.2767759170653771,-0.02453470981280371,-0.9939688353627972,-0.1068831246826449,-0.007039627176171599,-1.4560445941365827,-0.23346294515849284,0.005003585224689852,-1.7721880567815358,-0.302917102790455,0.00548194996595141,-2.029180215182988,-0.3259800688157525,-0.1611484349068244,-0.8747214645977535,-0.13813521639016102,-0.17139753694948578,-1.0345004631864565,-0.33285284243485963,-0.07348219332789349,-0.7440602916999314,-0.363126433242242,-0.0007070353782270212,-0.5189374457060011,-0.31535116974981425,-0.28446983020258526,-0.6996076255001302,-0.1799359237977465,-0.31354819646247645,-0.8905534292495533,-0.3045107220438616,-0.23253475026083356,-0.7665984189922431,-0.2902181401427298,-0.16367545567996608,-0.6349630509621156,-0.24469402505934654
R,0.0,0.0,0.0,0.20805371745257567,-0.18035700534019056,-0.13612118182779032,0.30431812248879037,-0.5178964078464264,-0.18555318142569543,0.2600059103290586,-0.7728193657800486,-0.23748882992069623,0.09595563058231038,-0.8713751170261388,-0.28337194831479495,0.13679680315686166,-1.0064190662526518,-0.08884579399399387,0.10436414540678564,-1.383038687338717,-0.1834956435739508,0.05210609409957271,-1.6196331436113596,-0.23891310473974833,-0.007948107165505647,-1.8360947278832607,-0.2676396185362134,-0.019270377146288934,-0.9944335630009952,-0.10358832628141847,-0.004804310181000275,-1.4561006199793427,-0.22772894085652717,0.012227209172551143,-1.7718106730025256,-0.29664112951814664,0.019765129078200685,-2.0279577126642176,-0.32028805244589004,-0.157271173871575,-0.878044710030987,-0.13632540470079826,-0.16863459217937388,-1.0399068383879737,-0.3289997729300131,-0.07275283418414659,-0.7468952717550827,-0.35955503826000323,-0.0009402554724347718,-0.5177033023117706,-0.31276977519634536,-0.2815848058216941,-0.7060061467994424,-0.17938718967308656,-0.3103960867918241,-0.8959047039686239,-0.30448195133103,-0.22828022619747076,-0.7689825272877768,-0.2921824288337876,-0.15719989330509132,-0.63356273507435,-0.24827985717956674
R,0.0,0.0,0.0,0.2083525710627372,-0.17964193065764383,-0.13788566305072808,0.30456908932768545,-0.5153860999971941,-0.1883693681375069,0.2643412039437278,-0.7713423762847469,-0.24141148883184133,0.10036215612023122,-0.8708788398187778,-0.2882712443883801,0.13578559947789132,-1.0063993621634226,-0.0899892752424357,0.10389046886691464,-1.3826134861027437,-0.186403791219381,0.05049103683511586,-1.618608935768561,-0.24316604507062017,-0.011831578498728677,-1.8356774568488559,-0.2729673336744696,-0.019715840909346537,-0.9943218257867795,-0.1045724264865387,-0.003187730757634521,-1.456435523380821,-0.2314688076954263,0.013093449350637677,-1.7727746207239627,-0.3028433372496322,0.018821448626021208,-2.030637799689497,-0.32825870108584876,-0.15814249006444853,-0.8762429251325039,-0.13721837268481504,-0.1664438114854431,-1.0473140824910427,-0.33205401504338083,-0.07104747686871817,-0.7532046840782244,-0.3623753311895007,-0.0006280189293784387,-0.5249010080490051,-0.31535164422124917,-0.28215710936135824,-0.7021011829621358,-0.1803408201601678,-0.31020376071263506,-0.8996089235343782,-0.30685479600896787,-0.23028494936989,-0.7753765391597893,-0.2946261081465807,-0.16247834830752567,-0.6421357449720987,-0.2507860404859294
R,0.0,0.0,0.0,0.2133758386278429,-0.17590868828110157,-0.13486863067166555,0.31740281285377686,-0.5088972695760992,-0.18242091779758,0.2788451967748995,-0.7663019665237819,-0.23278274797897974,0.11336506534598415,-0.8615364085919456,-0.2775820289801233,0.14722428720577774,-1.0021402905065073,-0.08441769470040149,0.11255308577869384,-1.379427411688473,-0.17686902788724582,0.05865362122499456,-1.6129608876464563,-0.23235780385302585,-0.001862661561591234,-1.8302625985677161,-0.26180204986378436,-0.010048002573058596,-0.9950271538393173,-0.09909591700327212,0.0019050540691204463,-1.4564364995292989,-0.22273874008451525,0.01922500216449776,-1.7745381365648842,-0.2944570187945498,0.027611544538623,-2.034133384815086,-0.32090670291167384,-0.1503548108387042,-0.8833724631240311,-0.13137651729242683,-0.1637221467513001,-1.0508377052420548,-0.32154059318531497,-0.0741829750215803,-0.7591183930748511,-0.35333529992843593,-0.008221863787184836,-0.5292049111636506,-0.30861682964476994,-0.27703144964507276,-0.716433703339899,-0.17393552750926403,-0.3118875476242263,-0.9163453554802523,-0.2962145550898739,-0.2353984201930569,-0.7927848920734926,-0.2832050893886748,-0.16971709950835423,-0.6577856257505044,-0.23983296845831273
R,0.0,0.0,0.0,0.21128330081818997,-0.17777426095187557,-0.13730917233005432,0.3198459357722763,-0.5129076320262694,-0.18546067474081224,0.278810864062985,-0.7657250705116746,-0.2361010570101448,0.11086003121310045,-0.8591555568315689,-0.28094366340788224,0.14283866725149572,-1.0021625326937929,-0.08290509760861112,0.1090857915061957,-1.375858759636334,-0.17504434130557345,0.05591231581311525,-1.6083126467407387,-0.22986246802788346,-0.005231891069663549,-1.824318517890711,-0.25793193718361257,-0.013945849644841461,-0.9952970388994967,-0.0958609286183747,0.0014278560283457363,-1.4541546557077607,-0.21664647793036287,0.0162819861836944,-1.7707154808594177,-0.2859242920218053,0.0200052851796338,-2.029119007258727,-0.3099930947998918,-0.15438587503203,-0.8858707235890033,-0.1272634861152379,-0.16060222497759813,-1.0481644989367074,-0.31673640614648196,-0.0713664319831108,-0.7538532908067762,-0.35002220108086796,-0.006340058402196355,-0.5244213083040861,-0.30533748573961655,-0.2815002208003685,-0.7223870682176778,-0.1690409713385836,-0.31429207716680935,-0.9157065989391697,-0.2883594360195321,-0.24044919721114358,-0.7900031806735331,-0.2751146145267743,-0.1765944729339264,-0.6538805804226695,-0.23147784003259197
R,0.0,0.0,0.0,0.21539261731436407,-0.16521174178025794,-0.13291977299328564,0.323242679729969,-0.5042470594001902,-0.17814121713984626,0.28540918891398465,-0.7618029512999387,-0.22621098213294571,0.11496559801923946,-0.8447062634629617,-0.26897210231173313,0.15334104242087918,-1.000018016675538,-0.08125502959698716,0.12205190904365948,-1.3743369805749903,-0.17283379001633487,0.07130147893241763,-1.6080602281253227,-0.2272258462358622,0.01338680558551712,-1.8220982861930952,-0.25479812050816575,-0.0026785950437813693,-0.9953008448727726,-0.09679387028183459,0.010352320110412636,-1.4542342200482565,-0.2176102290598148,0.03096831244095396,-1.7709507265220832,-0.2881217919698808,0.04113262109175338,-2.029677549895692,-0.31295838179470137,-0.14250651675342746,-0.8862353646793917,-0.13011072267506626,-0.14959217834275382,-1.0445809539319788,-0.31879954309096403,-0.06548676182137472,-0.751009664760934,-0.3529086048242218,-0.004877257553351457,-0.5214262412151076,-0.3090578746222075,-0.2704371122648549,-0.7228017761855621,-0.17346376235202718,-0.30758609849212654,-0.9132203669734108,-0.29069343317167584,-0.23976689053188874,-0.8062200903778538,-0.2781260523155783,-0.18000587321372613,-0.6866006404774804,-0.23604064905689254
R,0.0,0.0,0.0,0.21226546965608561,-0.16418048840051214,-0.13626679990551263,0.3250954041358352,-0.4966686374147335,-0.18461995564361294,0.2934668443904616,-0.7519050047997274,-0.2352223926433459,0.12313439237474581,-0.8392953523235621,-0.280298390059185,0.16058215780890703,-0.9993239957280405,-0.08619869300414568,0.1306368662083794,-1.3731260703185582,-0.17999439727513805,0.07997617628140614,-1.608107868524958,-0.2356776420088945,0.022842127278593305,-1.8234439633976347,-0.2635225006495083,0.004917350547730316,-0.9948413406568674,-0.10132386976244807,0.021154963431194187,-1.4526657655930704,-0.22441577463122345,0.040675030357577524,-1.770233049186797,-0.2957884744350257,0.05040324891658503,-2.030292458653547,-0.3208300707368766,-0.13665702522053433,-0.8847049598507508,-0.13437486819266287,-0.1407588753671358,-1.0402683165246056,-0.3251199899822555,-0.05831899186273333,-0.7444970017530081,-0.3588256287623414,0.001529063252116577,-0.5156069460931778,-0.31406613688882945,-0.2663907377203387,-0.7208185969930024,-0.17779742393632864,-0.29879616548318894,-0.9130104853182761,-0.2962046856145728,-0.23123429467119636,-0.7995552905787439,-0.28258952983314667,-0.17288705896495257,-0.6759972405513415,-0.23924261564738813
R,0.0,0.0,0.0,0.21294599571081976,-0.16536115195403836,-0.13619172188421824,0.3269014252237338,-0.49881517353723237,-0.18355633988050676,0.29429156588246613,-0.752834554021621,-0.23361887393298678,0.1200150303316276,-0.839926950357653,-0.27792731748281524,0.15912459512003696,-0.997124292049195,-0.08350044113126888,0.1307012800297587,-1.3757176056686653,-0.17659975652950263,0.08039843105660928,-1.6106735668640306,-0.2318299694186583,0.024147639857418735,-1.8282387022506672,-0.25974802529600494,0.002384335386803075,-0.9950817886697838,-0.09902802028974923,0.019118758854690027,-1.4567946401898055,-0.22420212856316737,0.03923820071096179,-1.777632546749469,-0.29761761243439155,0.050088673426970744,-2.0404683852353953,-0.323963408402381,-0.13868976671253258,-0.8874990611170244,-0.13262150368094036,-0.14385120148317063,-1.0455338422536096,-0.325274825513834,-0.06286803200704003,-0.7483953087451098,-0.3606432560952696,-0.003701384400956656,-0.5186224937134023,-0.3165964919665725,-0.26839428158606643,-0.7270521931890246,-0.17658045297894195,-0.3047051988411777,-0.9218236307761737,-0.2957778779576459,-0.23790756794114004,-0.8084761202678095,-0.28333665799950175,-0.17924730184743948,-0.6859611781113495,-0.24102317314324262
R,0.0,0.0,0.0,-0.27698332006928444,0.035434442418172056,-0.10256750957854599,-0.5465530082335777,-0.18238654822186404,-0.16255260558257628,-0.6067239582572929,-0.5131120953494679,-0.23433541358636062,-0.5204695513204347,-0.7668057961762406,-0.3006980098114125,-0.6719647465420567,-0.7425941277503363,-0.061435576222871484,-0.7799508055993328,-1.1107239351753029,-0.1780543486089182,-0.8223873474426457,-1.3860254782735673,-0.26029193755509505,-0.8577298077365513,-1.6281684204054534,-0.31026604050629303,-0.5170047852139763,-0.8502784599778382,-0.09865390293123774,-0.7302565877018614,-1.2568766876741657,-0.22786215169876908,-0.8413716303704357,-1.4838982778202137,-0.2959323451364714,-0.9390025392096683,-1.6737121438686726,-0.32013269482779344,-0.3252685245960696,-0.8813283150468857,-0.15351184093134004,-0.4328338211333441,-1.0431411037714529,-0.3524627007673111,-0.383667306910731,-0.6832974853230239,-0.36629526861236533,-0.3469702586553074,-0.40603455869260374,-0.3110872355871699,-0.12143836516195819,-0.8373116858128404,-0.21579043282818663,-0.23162690276568776,-0.9358353623287784,-0.3574865479662264,-0.23482367943051116,-0.6698009386810648,-0.33908304144416496,-0.2370796285543929,-0.44134519126184946,-0.2873865811730056
R,0.0,0.0,0.0,-0.2784977231716547,0.025589736963998917,-0.11762232275827343,-0.5379636020420766,-0.17995473479421806,-0.1885471641622158,-0.5984136996138526,-0.5029438588831772,-0.2682647217062666,-0.5141834795013318,-0.7688806385900052,-0.3392976785039458,-0.6796360927972852,-0.7361667936128692,-0.07199691575821253,-0.7790493068299337,-1.103509453480891,-0.19507625807327839,-0.8221280895916301,-1.3776749529606598,-0.28233818560078955,-0.8586969327821228,-1.6241377055315598,-0.33593942513651737,-0.5221326266026317,-0.846537596459131,-0.10369000924985175,-0.7280302913237022,-1.2472783550338902,-0.2424912990417758,-0.844571058617655,-1.4745432718327645,-0.31651873044537177,-0.9476803493999567,-1.670406291056991,-0.3448721869741193,-0.32778981259841583,-0.879443561194129,-0.15385557115573265,-0.40970844778434046,-1.0596033261939375,-0.35915913434357855,-0.3580346881433152,-0.6897082400708637,-0.3673687958365393,-0.3265879113932309,-0.40097606685418863,-0.3070582924808259,-0.11841339699778568,-0.8336628061578608,-0.21296710313256853,-0.20378188825168747,-0.9544391224815434,-0.3563238309570505,-0.20191417681365584,-0.6879510359175544,-0.3313643620706938,-0.20861285483498324,-0.44977479274276005,-0.27388516601054486
R,0.0,0.0,0.0,-0.26493669064894787,0.020612377511019672,-0.12170762719521902,-0.5193439956764496,-0.18982993987009952,-0.1944150600013719,-0.5609736913741793,-0.5370303751882199,-0.2740311067135931,-0.4820944031315846,-0.8191720949353598,-0.34460042993745243,-0.6643975197929581,-0.7488106363602948,-0.07805810523350669,-0.7641341916696793,-1.1263655360945846,-0.20074790371780496,-0.8119521480828483,-1.4023689553395196,-0.28583612120058655,-0.8509882436087003,-1.6441207041848267,-0.33799048491448797,-0.5077782836504483,-0.8546294615026754,-0.10848823984493407,-0.7204046202602719,-1.275216655119248,-0.24910606460379622,-0.8463560192559214,-1.5007137016468988,-0.3257262192878042,-0.959258986089142,-1.6873356699303603,-0.3549950544574107,-0.31321991121508735,-0.8829765462056631,-0.15724243789338255,-0.39438004560120005,-1.086218251182117,-0.3626106614506463,-0.3440340714632475,-0.7322875719065333,-0.3723927319939419,-0.32006090288981365,-0.4565803564026017,-0.31340406632426904,-0.10251588274792228,-0.8376044747828271,-0.21501401940558634,-0.1882782344237566,-0.9848294894058357,-0.3588869241332637,-0.1782481415834902,-0.730951484222571,-0.33453128151253675,-0.18199005328184822,-0.507404123415729,-0.2774290972536633
R,0.0,0.0,0.0,-0.26655404244756503,0.0333269714466559,-0.12304326797050844,-0.5157468450745389,-0.18368038789366525,-0.1928231211957645,-0.5579004672735892,-0.5404755021118088,-0.269436068087893,-0.4998929015168737,-0.8194645851734731,-0.33750910906859904,-0.6838533738016939,-0.7240550043448443,-0.07546633132055004,-0.800075190397633,-1.0921095417984237,-0.19850137540018956,-0.8570176984037726,-1.3682509466616406,-0.2864642470288706,-0.8995490659987884,-1.6153827335550173,-0.3413962781036272,-0.5321833764502095,-0.8403534449052495,-0.10289286401852281,-0.7587642782526716,-1.2316760238650322,-0.248347126140286,-0.8867689872120329,-1.4520751069070146,-0.3320263496232141,-0.9910829176427953,-1.6482841272110558,-0.36754750741104897,-0.34216792186713224,-0.8802832830293517,-0.14835750714904442,-0.418440552404054,-1.0949951480915068,-0.35330980741648743,-0.35841343077427396,-0.7441853021839095,-0.36291824526124344,-0.32277729865098004,-0.47281669504321316,-0.30533625729514513,-0.13539807697763284,-0.8510536206886096,-0.20332250457123857,-0.22136862955829384,-1.0147609511031563,-0.34642044542500766,-0.20223597880767907,-0.7670884969174241,-0.3228773868439369,-0.19509689793400867,-0.5485563360397299,-0.26699588657421935
R,0.0,0.0,0.0,-0.2697709410377027,0.030840154515438926,-0.12599180363611118,-0.5209748187774007,-0.18253877222823411,-0.19756085842570675,-0.5595995579863123,-0.5439620161218855,-0.27531091829759613,-0.4959588263618247,-0.8249370917652022,-0.3449165312236254,-0.6935466432611748,-0.711212054158623,-0.08042024515370219,-0.8110932856418346,-1.0787364998746638,-0.20667658425949084,-0.8682702715396353,-1.3552669014626526,-0.29853057049004195,-0.9118304849808294,-1.6050000764079475,-0.35717094733998683,-0.5416801039784026,-0.8337751991026664,-0.1067781921332997,-0.7716946872859887,-1.218368224180217,-0.25595589306455363,-0.900445772951619,-1.4329358751260615,-0.343666148319978,-1.007448237191023,-1.6275264926429045,-0.38250021071756724,-0.35069401247812865,-0.8795824439200506,-0.15092224363876638,-0.42289411398109295,-1.1033762121545745,-0.3592424945019637,-0.35562763463427177,-0.749593399694875,-0.36936737032223166,-0.3169578282393002,-0.4732889513958993,-0.3122754062947077,-0.14180575301391318,-0.8555619424294298,-0.20474627719560695,-0.22641476465120483,-1.018167436527457,-0.3515471567274609,-0.2043914185976264,-0.7680223289808122,-0.32865287186930525,-0.19565887960011097,-0.5465310000669835,-0.27293196508138984
R,0.0,0.0,0.0,-0.26702882344996925,0.034964887817490936,-0.1316888038964773,-0.519797330836497,-0.17451855952692227,-0.2057820296209358,-0.5667427082566256,-0.5355636228904096,-0.28482170747420543,-0.5100550978558079,-0.8218717000002437,-0.3554050641250333,-0.7119343669164787,-0.6922715229152363,-0.08622260698300548,-0.8310952406632754,-1.0560730698843126,-0.21753890683946972,-0.8897459401706336,-1.3353141192774038,-0.31277143292893594,-0.9332583934357404,-1.5856315572848583,-0.3719977506153691,-0.5602758063105218,-0.8209880307018902,-0.10986206946588412,-0.7904070546589059,-1.2007482077852543,-0.2637639472012248,-0.9220847930186451,-1.4195650146207202,-0.35401584819500376,-1.0295180086453943,-1.6135564067585946,-0.3931365565629837,-0.36918235931941545,-0.8718453160919107,-0.15172732756080765,-0.43637845271564324,-1.0939492424237267,-0.3626227437297918,-0.35743794917475463,-0.7485473127109761,-0.3719283770689958,-0.3088716582619468,-0.47873082827627644,-0.31270076032509847,-0.1604884286905752,-0.8528890042398698,-0.2036887633231291,-0.2413172576726004,-1.0207667820096553,-0.3498642156506681,-0.2072616325244,-0.7756088124717696,-0.32410788086307685,-0.18838923590676465,-0.5606497797488806,-0.265346082859151
R,0.0,0.0,0.0,-0.272095628264359,0.03364983070648284,-0.1333310425707067,-0.5265883122073275,-0.17236595106976385,-0.20690481761311583,-0.5717423239470558,-0.5350951047288258,-0.284383185438169,-0.5185605103090775,-0.8255099060625655,-0.353026768137504,-0.7288148220462617,-0.6803927150369606,-0.08136185393902089,-0.8502377775292519,-1.0450709884859777,-0.20792831565472447,-0.9134330948497363,-1.3233942731928692,-0.3001027797253153,-0.961321883082551,-1.5750672637155554,-0.3574537732031208,-0.5791599070467575,-0.8086905947595149,-0.10292387486435442,-0.8161984653345119,-1.184087859542829,-0.2488903811007259,-0.9502174576295789,-1.3978515520439099,-0.33344493250951984,-1.0609002509219958,-1.593783001169962,-0.36947418844317403,-0.3882429931650011,-0.8631568255676011,-0.1437208835195814,-0.4522066880338617,-1.084937734538794,-0.3506231365268698,-0.36796753957486594,-0.740803909089068,-0.3601804938740578,-0.3162571004480812,-0.4766556023354974,-0.30168125386237665,-0.1789787302948494,-0.8488400340108423,-0.19469528513763237,-0.2605845978364359,-1.0168983385006491,-0.3382593564615875,-0.22168003606775935,-0.7705696660091782,-0.3126411026038304,-0.20084044142508864,-0.560570494223734,-0.2547175814567108
R,0.0,0.0,0.0,-0.2789811679113001,0.03687524856118164,-0.1320518666373769,-0.5350892289677297,-0.17463337482169694,-0.20485117285101162,-0.5710995095675849,-0.5476610528444058,-0.28238641703921324,-0.5241318123118747,-0.8437316424231069,-0.3524928741196948,-0.744625195826563,-0.6573436556196823,-0.08477880834584803,-0.8751905965252905,-1.0298129186484082,-0.21505560400481916,-0.9403216753041741,-1.3101227454361626,-0.30800995021535127,-0.9887340329705108,-1.5642334050760671,-0.36408829921349617,-0.5946415165733063,-0.7966849821665539,-0.10814113906222675,-0.8393956122510862,-1.179058349007559,-0.25581891349821106,-0.9803355849407663,-1.399489633874878,-0.34098389853879213,-1.0970283999944457,-1.600066846380622,-0.3760074568496744,-0.40143434175699044,-0.8610784424944521,-0.150458648458432,-0.4683060739915752,-1.0807423204733422,-0.3599819473508126,-0.37387357507964014,-0.738122647870943,-0.36959415599830026,-0.31433988554611836,-0.4780814097964923,-0.3094925554212928,-0.18927982939715934,-0.8553789214635694,-0.20264799085968582,-0.27820383154372325,-1.0234142361968905,-0.34667672111151954,-0.23230473537726093,-0.7721319020063303,-0.31725090667025424,-0.20277572527770876,-0.5629477224087363,-0.2554946490194513
R,0.0,0.0,0.0,-0.2794495168137617,0.044563547542294246,-0.13509669116528553,-0.5424426404406038,-0.16030957485494596,-0.2075393349069419,-0.5869608518317804,-0.526609619331551,-0.2845667740247048,-0.5436874955900409,-0.825002091287279,-0.3540859640737868,-0.7599088233139029,-0.6410552232262082,-0.07640908289786333,-0.8946969785990906,-1.0048372223094906,-0.20359924163813425,-0.9671986144332168,-1.286221081570936,-0.29519182445127334,-1.0222770006909643,-1.539755950670871,-0.3503877226423864,-0.6125679063536497,-0.7842725968582487,-0.09837201798644367,-0.8677096901431969,-1.1494022445169396,-0.24058366302132841,-1.0173681029949542,-1.3601021642531297,-0.321782952867909,-1.140468346654521,-1.5495787834130155,-0.3542769111269314,-0.4218749245559667,-0.8540279323715504,-0.14124558375494894,-0.4957394784330655,-1.0712850652146961,-0.35061463952376143,-0.3919927339505853,-0.7303924702612897,-0.3619459225023097,-0.32507311172281234,-0.4701434431145929,-0.30238386173676873,-0.2097596668520743,-0.8545200185118058,-0.19435914766133155,-0.30317102821727504,-1.0150739048477744,-0.34084831955332257,-0.25011073035302583,-0.7563178223441304,-0.3146132097921429,-0.21505392183258396,-0.5403197121976461,-0.2549218111267339
R,0.0,0.0,0.0,-0.2755903301778369,0.05306840219767007,-0.1314925344624573,-0.5456516971032075,-0.14286040060093994,-0.20710309103675742,-0.6078633923320038,-0.502799676922817,-0.28926811346308884,-0.5576322885131988,-0.8081528966237501,-0.3631148997807952,-0.7611346723289637,-0.6426606979959417,-0.07719518987826397,-0.8998183295486794,-1.007915756945804,-0.20668970426400377,-0.9743772549244026,-1.2857004902259799,-0.2986207746187643,-1.0347707669394577,-1.5353576768859165,-0.3548113547713853,-0.6129113817710335,-0.7832617033491014,-0.10411888475289534,-0.8718531834491121,-1.157776785694506,-0.2555089854639356,-1.022590568203173,-1.3673001249005854,-0.34184917437361356,-1.1495532832229398,-1.5561380770399484,-0.3766943857958619,-0.41979049515285816,-0.8513222126100165,-0.15025985480935486,-0.5063517292156735,-1.0673498763077622,-0.3646393408531632,-0.40483335929317965,-0.7115392779229378,-0.36964728906253846,-0.3403793552037337,-0.4417536884795742,-0.3039971580310119,-0.20433690212553238,-0.8506314115751803,-0.20625687573766915,-0.3022297642590938,-1.0106834322892577,-0.35086192421334395,-0.2531397756032429,-0.7524196567771325,-0.317228468986825,-0.22132907459823745,-0.5338058805599295,-0.25163915830762007
R,0.0,0.0,0.0,-0.2743510786254779,0.050166341379728155,-0.12721330659170746,-0.5413642095449418,-0.13956858242009276,-0.20396100409705809,-0.6121896083068211,-0.48465686255933277,-0.2874675480774051,-0.5628742041109029,-0.7866135215021575,-0.3624190183691361,-0.7447812658677713,-0.666084935670681,-0.0784541576497783,-0.8804612522030103,-1.0320868893051287,-0.20486508526901764,-0.9533460646255952,-1.3063681385115409,-0.29307199233085957,-1.0129642374857815,-1.5527337711136877,-0.34530475406470296,-0.5982712274998074,-0.7942026017674425,-0.10636618678743194,-0.8456019628439194,-1.1878095023458215,-0.24808045030672202,-0.9855546862405516,-1.407389298173715,-0.32450225739684585,-1.1045376825946986,-1.6034190036641165,-0.3524893462324736,-0.40816958049237506,-0.855269616315731,-0.1538695393308011,-0.4932965509776842,-1.0560842996173627,-0.3600366238523314,-0.4103030988427016,-0.7058405182187876,-0.3683152102521346,-0.3552882839668328,-0.43982621717566767,-0.30630856644893817,-0.19655540542531935,-0.849885783940085,-0.21089008947040647,-0.29560709045179795,-0.9995902411294447,-0.3485452508020811,-0.25517126485537595,-0.7481348197598275,-0.3176001695653359,-0.22709540477697307,-0.5330861773468772,-0.2554104808450415
R,0.0,0.0,0.0,-0.27635686000689763,0.05314019339573822,-0.12612388079292655,-0.5542540526806443,-0.1273123457467452,-0.20587886660721194,-0.6399398708137094,-0.4658004492868348,-0.2938916099443807,-0.5783926700833644,-0.773169500770947,-0.3733444558959089,-0.7480757166634612,-0.6708835495775132,-0.08163291104083642,-0.8845373175486511,-1.0486803009703138,-0.21163112663563627,-0.955988215521558,-1.3289061236434336,-0.30002855201121864,-1.0146042915479447,-1.5770699218560893,-0.35177979856002156,-0.595750614725559,-0.7952156725165442,-0.11275300101628652,-0.8429361412434462,-1.2087126820386427,-0.2590199023723773,-0.9875480273521013,-1.4326784958603769,-0.335498361932937,-1.1134930069543791,-1.6276554093433306,-0.36255803571931894,-0.40058789861466676,-0.8510565825214912,-0.1631327598273532,-0.49753033951600945,-1.0486382627246145,-0.3720758074257413,-0.4214196143232451,-0.6955534212989767,-0.3775176342638338,-0.3691339846549692,-0.4280687170018104,-0.3128209345837407,-0.18413810595055882,-0.8378291361962441,-0.22302754261599644,-0.28965025182444426,-0.9847059531304453,-0.35915069149919315,-0.2568177401279168,-0.7310107561306067,-0.32471033724315235,-0.23407344469133412,-0.5114851116723844,-0.260406663070085
R,0.0,0.0,0.0,-0.24837377056186924,-0.09321085899190965,-0.10557714547764739,-0.4158967099737209,-0.3949302366530813,-0.171669031288901,-0.38015281650356136,-0.700686516458959,-0.2485898460546612,-0.2563825462157038,-0.8952714868346546,-0.3182848258915138,-0.3839784430397315,-0.959853691384867,-0.0640159169194177,-0.36930301801157367,-1.3338756027296197,-0.1838052533676322,-0.3336109315871853,-1.6035762023914384,-0.27365652999976764,-0.29472812476568794,-1.8292243536175345,-0.33248144048883277,-0.2231788169585154,-0.9695978681578564,-0.100355317371515,-0.2875455635605593,-1.4341876696750953,-0.24347292215693375,-0.32525677562820915,-1.6818718938543165,-0.32945659707811886,-0.35101324205578155,-1.8812541427027565,-0.3677980944741067,-0.053333464822949775,-0.8920116903765173,-0.15287425468674823,-0.07816846738953885,-1.1296726003408202,-0.3420043580038408,-0.14738807710718585,-0.7945295833062958,-0.3484380443149207,-0.20081733099913973,-0.5359630463172981,-0.2955617024681022,0.10559382224469002,-0.7445109599276153,-0.21469248926082854,0.04575101798327442,-0.8955620919820276,-0.3504364269027464,-0.03043744887569478,-0.684025964161327,-0.33096315001657206,-0.09456323874922977,-0.5004406819334832,-0.281010904415286
R,0.0,0.0,0.0,-0.2479929852567466,-0.09430998663617482,-0.11654758884132074,-0.41298892940743576,-0.4008363909547078,-0.18226574566835674,-0.3351928116050779,-0.7063065418484317,-0.25352880614909457,-0.2018260870225418,-0.9052698446456956,-0.3179694209103053,-0.3783050377897463,-0.9614603039998395,-0.07838031557021993,-0.35665398508303714,-1.3301580955654038,-0.1977205992585403,-0.3111868815240417,-1.5934646129800054,-0.288343875791794,-0.2650057892149092,-1.8200333829161517,-0.3481683196167573,-0.2109277028040161,-0.9717037393747908,-0.10630779404572882,-0.2690840415356475,-1.412983334802289,-0.24550073445209944,-0.29237410817740517,-1.6546140268322416,-0.3281473091184914,-0.30968391645811166,-1.8606611103630022,-0.36476276660706247,-0.03325564630468071,-0.8939943928984061,-0.15118904050974227,-0.03595948367204174,-1.1053789842274537,-0.3436982907420592,-0.09621467080383247,-0.7630804312446513,-0.3548394678795962,-0.14877747276300918,-0.507441660231091,-0.30447514065780723,0.13559814028626554,-0.7464224791596814,-0.20525248091171824,0.0959382880618439,-0.8843690693146463,-0.3507493313687651,0.022041523673588338,-0.6579845545398257,-0.33576771961871255,-0.043685613249200866,-0.473521034906684,-0.2873655893493119
R,0.0,0.0,0.0,-0.24147461740013137,-0.0979883940114037,-0.12164960141539255,-0.3934826639334319,-0.408336136718308,-0.19020583648436612,-0.30666069745222785,-0.7023243676963574,-0.26329844092247756,-0.17206534222930198,-0.8974029017090126,-0.3274143329749804,-0.36010962669431085,-0.9600352635517537,-0.08466549203832335,-0.3380646215120737,-1.3145007801236648,-0.21147362735157904,-0.2935597301585104,-1.5727805658201606,-0.30679600503236987,-0.2451171362860293,-1.7957785736159273,-0.3705868054828241,-0.19285156077418916,-0.9747733606575303,-0.11236178558292698,-0.25132332633430365,-1.4001238086455534,-0.2618178409406612,-0.2666899000393979,-1.639272578076549,-0.35139174982222754,-0.27138036011048877,-1.8474139700496435,-0.3942690386970513,-0.02073540610051641,-0.8952665527270016,-0.15717614338449515,-0.00890789295386415,-1.105503041311033,-0.35454549359085025,-0.06762638698097484,-0.7602387678872916,-0.36021939709235923,-0.12274269777390458,-0.5097103681955923,-0.3080034881256934,0.14282461393264237,-0.7442716120433203,-0.2124331705987558,0.1190352227735533,-0.8686988471160422,-0.36195248777713135,0.04428199758985446,-0.6406983017880105,-0.34718603785123564,-0.028543759665367867,-0.4636229573116778,-0.29975497830947556
R,0.0,0.0,0.0,-0.23863735021286905,-0.09057317399863751,-0.12590427616160035,-0.3940016943997956,-0.4011264512291936,-0.19605795190316547,-0.30671774351138553,-0.7014578025881617,-0.269413822127669,-0.16767667424060667,-0.8983442627021445,-0.33352806446731026,-0.3676702098996011,-0.9601101190153774,-0.09023010093692373,-0.34152443930563814,-1.3215422701314785,-0.21892613952771647,-0.29410795419964453,-1.5846889687588628,-0.3146172440357992,-0.24399690032613663,-1.808947096169323,-0.377991817342255,-0.19940046635673267,-0.9730354634636669,-0.11593722809677787,-0.2551629819599889,-1.4092845618837746,-0.26941725638198055,-0.2715253545406064,-1.6485474747281608,-0.36014601200743357,-0.27804673930480805,-1.8537721061805008,-0.40212151554696485,-0.025432502390797366,-0.8935787064980687,-0.15871832844577338,-0.007617440236399389,-1.1084261845746897,-0.35987487102520244,-0.0684143084869614,-0.7595991997356794,-0.36654171627250337,-0.1251719653203378,-0.5067310921760234,-0.3132956505160265,0.1396761421450048,-0.7432528096462809,-0.2119398590969284,0.11741689073806832,-0.8676549736540171,-0.36386352625632107,0.04449604807414362,-0.636377890864295,-0.34953324157785176,-0.02573630181066417,-0.4598226125347288,-0.3013458984656222
R,0.0,0.0,0.0,-0.23424348964990024,-0.09025609626569238,-0.13421740447980182,-0.38238546082730057,-0.38723898616381675,-0.2085356004392748,-0.2976109715621025,-0.6875838058713418,-0.28548674268679647,-0.15604194192711918,-0.8873359534119549,-0.3514069382444827,-0.37373378682407843,-0.9546767801925787,-0.0868172436966445,-0.3502057899488899,-1.3134446119306296,-0.2188399422078752,-0.30262670102245426,-1.5800828635260655,-0.3173810799760085,-0.2499423816547155,-1.8052993524784315,-0.38246751877822693,-0.20523546057153622,-0.9724994176148946,-0.1101058057628217,-0.27004256969933393,-1.4021108190698919,-0.26565938827765867,-0.2886081177567898,-1.6409535042893233,-0.3588470353688369,-0.29199839391792864,-1.8407483682072088,-0.40248286461729543,-0.03331142521818232,-0.8931833070897387,-0.1525182717587295,-0.008833563093542583,-1.1120059876947004,-0.3573957284064604,-0.06084255687773947,-0.759474090872845,-0.3653810006776138,-0.11036993255374035,-0.5010569374470517,-0.3118605295501516,0.1287648775683271,-0.7426830769274477,-0.2065147089716578,0.11506361596239918,-0.8612410369071359,-0.3640214584673344,0.045058625817709454,-0.6291869092296859,-0.35424301698251676,-0.0230505708213748,-0.4507676223349754,-0.30792356906144963
R,0.0,0.0,0.0,-0.23615029144972943,-0.07892167144722419,-0.13425429817983567,-0.39190046732591965,-0.373416622118114,-0.2059706130293168,-0.30743891212254276,-0.6744537736822983,-0.2805642914624075,-0.1633908678695751,-0.87163556105162,-0.3445596650511324,-0.38850117884372576,-0.9426859864846919,-0.08353969253081614,-0.369349122211159,-1.3006997555833806,-0.2154344109419195,-0.3258534593789635,-1.5695672435218542,-0.31375007253021714,-0.2774826988413535,-1.79616548427346,-0.37890368364669985,-0.21778949621643617,-0.9701656543473756,-0.10651919293028614,-0.29110830972354945,-1.3950296816013739,-0.26255415242655705,-0.3144585574565577,-1.6346000772677436,-0.3557998981618919,-0.3254176464071358,-1.833172237127447,-0.39926572071654237,-0.04360053197535599,-0.9004404534256744,-0.1489674982505686,-0.026212015983927372,-1.1155502531950203,-0.35787274349003384,-0.06532293657659198,-0.7515177067027565,-0.36568888709322267,-0.10845261136896367,-0.48521766833954805,-0.31066222959379125,0.12089383331018903,-0.7592819756512726,-0.20287371261350362,0.10037979526808342,-0.8616974970501545,-0.3647037956350611,0.03578303798433125,-0.6126816325158331,-0.3553858890131711,-0.028714646943068325,-0.4237351030231665,-0.3084224302183251
R,0.0,0.0,0.0,-0.2407544800176333,-0.083486963090643,-0.13487438292320042,-0.3948387263391272,-0.3671788814210087,-0.20942969929323352,-0.30633564464822327,-0.6621605538558285,-0.28690448867316387,-0.16587195395927581,-0.8618530801688127,-0.3534811984855741,-0.38692437078907493,-0.940726077407041,-0.08629424709190792,-0.3697555014481116,-1.2974905712414855,-0.22060552547182127,-0.3283142924361024,-1.5663665296325529,-0.3218910868647248,-0.28203330143447164,-1.7952971135288773,-0.3892465070453873,-0.21751463068022636,-0.9698263555640086,-0.11011006081860875,-0.2911799077472303,-1.3891259964719773,-0.2669180827006738,-0.31473768936173024,-1.6288431171600064,-0.3614010152067767,-0.32657856117167505,-1.8309732997233508,-0.4060639204140634,-0.044419981786958176,-0.8999111265517724,-0.15345356681513236,-0.025571177243441424,-1.1081774283819086,-0.359813656724809,-0.06668182090774465,-0.7490163357765959,-0.36731240399086745,-0.11152106272567065,-0.4870780386638159,-0.3131567331765783,0.12001732909083267,-0.7570637333515409,-0.20878077398635655,0.10027499799041964,-0.8548825202691375,-0.3670505967618623,0.03307179973091903,-0.6104041794993613,-0.3566566392191801,-0.03374240522929066,-0.42624059204839476,-0.3096211841332599
R,0.0,0.0,0.0,-0.23677475394520142,-0.08008876840092974,-0.13634657448635604,-0.392133572319747,-0.36614889810931855,-0.21157637995155193,-0.30808795729381955,-0.6664996806324363,-0.2892801653441283,-0.16564174107990384,-0.8675175085075935,-0.35611949078645966,-0.389626380427373,-0.9401841076261299,-0.08711686892707664,-0.37090335646616157,-1.2969444782966446,-0.22341639629307136,-0.32583239218185944,-1.5685194701198792,-0.32663129851960576,-0.27668392971167544,-1.7981103416154338,-0.3949404091452084,-0.22131010898586892,-0.9689018019765872,-0.11068483991579428,-0.2951357499468994,-1.3900978435963183,-0.2693724119051096,-0.31991915426852435,-1.628677518663747,-0.3650588206612215,-0.3331192218872609,-1.8271210750015385,-0.40992411993426636,-0.04858638356806483,-0.8982388056267341,-0.1539927013023005,-0.0306654302007313,-1.1125541403703418,-0.3634193036489563,-0.07091741377171756,-0.7522994644392191,-0.3729453017385175,-0.11426174930536609,-0.48889218985884153,-0.31924486570497435,0.11482933621352565,-0.7544806348312039,-0.20915108686327818,0.09382704689561058,-0.852568124399037,-0.37107307147104684,0.026927067815334747,-0.6059963325670381,-0.3628180785610502,-0.03805507601888625,-0.420970344515077,-0.3165011574103671
R,0.0,0.0,0.0,-0.23951036520258362,-0.07885806062145467,-0.1375906348101128,-0.395922864303953,-0.36063986414491617,-0.2145089491434238,-0.3118959498048222,-0.6596430912079522,-0.2939547542173509,-0.16895306976728422,-0.8628862769293448,-0.36245179514359926,-0.38881387670490364,-0.9384983395211112,-0.08955097516220017,-0.3726304444900882,-1.2965635367472697,-0.22452457623612526,-0.3321379676670949,-1.5677045443242357,-0.32600210988151435,-0.28634289831289234,-1.8001143630262177,-0.39382112616954723,-0.22131425857660875,-0.9686399193724274,-0.11294558667280132,-0.29921399073990584,-1.394051101643131,-0.2695710586447749,-0.32616325267197555,-1.632011997711881,-0.3628945901086625,-0.3375233884768237,-1.8323837591472085,-0.4073173544773139,-0.04877029277274348,-0.8976199462284552,-0.15614978285868708,-0.030153450146008533,-1.1182471785267067,-0.3639675988027639,-0.07217376578806282,-0.7538313736401732,-0.3701524839600185,-0.11512049198476873,-0.4869580007894119,-0.3150867803972189,0.1151555753001926,-0.7526723053095526,-0.21144013174853826,0.09273654539135387,-0.8593040857755382,-0.3721020809441047,0.026646965093906013,-0.6127625493502213,-0.3617540856000191,-0.03645473013732916,-0.42603041597715136,-0.3146535805870319
R,0.0,0.0,0.0,-0.23816843043886268,-0.07714081059813685,-0.12999145628579878,-0.40074559582557134,-0.3640873900403148,-0.2019125858120528,-0.3143387250574483,-0.6660831833349342,-0.2777089679219591,-0.16073453406657953,-0.8611486951714823,-0.3433498651347077,-0.3868271957677828,-0.9408928904168645,-0.08508893184435772,-0.3738523308691818,-1.3050554035256428,-0.21644893262446907,-0.3346370310598529,-1.5766270153871653,-0.31414474726286973,-0.29140317612342054,-1.8055758746675998,-0.37871262783046994,-0.21922339774018781,-0.9693357009192369,-0.11103783502328876,-0.30338107325780006,-1.3991748211500687,-0.2640883322977304,-0.33295258141205175,-1.638997017166515,-0.35491703218262005,-0.34719951263544474,-1.8329114795931374,-0.3966082521018146,-0.046839233186986455,-0.8978850659804395,-0.15595158494084924,-0.03627439038969132,-1.096948103775278,-0.36027857748216247,-0.0742964501925456,-0.7369263530387796,-0.36797875812913194,-0.11494411414176822,-0.4714882487476698,-0.31370386214187845,0.11510308936763639,-0.7535487867844838,-0.21231212148752432,0.08474569869083177,-0.8478777025434979,-0.3699279901414822,0.017171176018688377,-0.5955502930652709,-0.35948690863171295,-0.04818351288392821,-0.40268821489175405,-0.31255939261338955
R,0.0,0.0,0.0,-0.2331360098627542,-0.07555460085061229,-0.13280927107619392,-0.3937065067218697,-0.35902889432516116,-0.20641813102422643,-0.30737913367818404,-0.656400284080795,-0.28329505270744937,-0.15930095354208434,-0.8575108581770423,-0.3496626638861715,-0.3833839978274461,-0.9416500773904445,-0.08648225064220776,-0.37057612987534166,-1.304505161411175,-0.21568848034130098,-0.3334957154285627,-1.5724549372117602,-0.309766760633422,-0.29370900364659314,-1.7992173495226873,-0.37072898449957015,-0.21603334291473955,-0.9700749792821839,-0.11083379141648567,-0.2975564222869765,-1.3961642756749313,-0.2615678501438425,-0.3359268227383853,-1.6364436944247622,-0.3490852890043756,-0.36196713753887627,-1.8304624905244067,-0.38727124661735324,-0.04461459316987838,-0.8977487505577462,-0.15464278216745783,-0.034317506592084046,-1.0817411946474105,-0.3580478350020042,-0.06886669697695412,-0.7211313991479447,-0.36527652003622785,-0.10808389644928111,-0.45925205322123946,-0.3094607755337866,0.11579183801697007,-0.7523349340386858,-0.21014738175728806,0.09018737179951436,-0.8444513879160299,-0.36595499449162927,0.023035501809210653,-0.5903392149339024,-0.3545678933276391,-0.04423561719208585,-0.3969487693921818,-0.30657665302506054
R,0.0,0.0,0.0,-0.23539928157340168,-0.07593996701560983,-0.13150134343241512,-0.39837436455386194,-0.36382787829208746,-0.20333005940596918,-0.3111394591467184,-0.6600888073665622,-0.2789762406471018,-0.16021982884273125,-0.8568866656421746,-0.3443443230356874,-0.3856178086634471,-0.9437552465916399,-0.08425925677618858,-0.37109101316197723,-1.3063613861560206,-0.21412537632129475,-0.3324462145247429,-1.5774614637821296,-0.3096739213155433,-0.2912498944047494,-1.8030704712012675,-0.37212445350464235,-0.21599972672674103,-0.9702322109911113,-0.10951518072519796,-0.2959252302352532,-1.3975501509142292,-0.26422717939108087,-0.33555662068423237,-1.6370723242221097,-0.3558035619554227,-0.36330816286128026,-1.8248910271910839,-0.39613806008478764,-0.04352176407594718,-0.8968663732109411,-0.15390739256950423,-0.034092491042247916,-1.0886815879481015,-0.35827257171291893,-0.06875254182911532,-0.7276059406640242,-0.36557796467866216,-0.10849486799473619,-0.4639087190769875,-0.30970658426054976,0.1180997454329773,-0.7520003630084351,-0.21000677283060196,0.09056744588076159,-0.8418438350417293,-0.3667455828123794,0.022393241910915785,-0.5873835891501847,-0.35615894399792264,-0.045278333883055785,-0.39511937392955504,-0.3085382432045084
R,0.0,0.0,0.0,-0.2356126077281812,-0.07593532345340118,-0.1320328156298526,-0.3997852863752317,-0.3595141111004295,-0.2049844955772614,-0.31775001308499484,-0.6599262162322101,-0.281326598912109,-0.16523833571381272,-0.8581605988504846,-0.34622041013300264,-0.39116766233906175,-0.9377456262178997,-0.08401356563280607,-0.37340011354763825,-1.29460390772661,-0.2169004806414389,-0.32757263716248136,-1.5628436201652625,-0.31528016692912153,-0.2783961790593421,-1.7822942901951806,-0.3796422052452291,-0.21979480495192352,-0.9694961633337076,-0.10847779955994243,-0.3024423428273234,-1.389989451952038,-0.2650188525141465,-0.3326890050558245,-1.628057451792442,-0.3578232198825656,-0.34758366062565965,-1.8116059293955642,-0.3998727004910092,-0.04764368538304141,-0.89939252810041,-0.1523114821773829,-0.03925117414477839,-1.0895316908835189,-0.3560877664722069,-0.07180649611078223,-0.72849377990605,-0.3603551120795403,-0.10925914303664415,-0.46458267252164087,-0.303238974417046,0.11529021310764899,-0.759325128422667,-0.20811530855418905,0.08575398892365606,-0.8408819380521708,-0.3643612225979778,0.02189532050544731,-0.5846342984075277,-0.3524544577898107,-0.04144160347962896,-0.39278620488251215,-0.30383890134300373
R,0.0,0.0,0.0,-0.2411902995819784,-0.07558830072897833,-0.13388108509576918,-0.40425123784202416,-0.3488245352002587,-0.21279598712468734,-0.32200701138239973,-0.6497277782579249,-0.29604729335700913,-0.16613434616209244,-0.85122730815619,-0.36614480523924836,-0.39262568098185496,-0.9340017694355849,-0.08507676416475489,-0.37067982160122087,-1.2928418805716397,-0.22700061288178033,-0.3208089658757767,-1.5690878842041476,-0.3328693025417247,-0.2707236924841703,-1.781243338363878,-0.4013377550804033,-0.22008125003394038,-0.9689848566656778,-0.11239479941747386,-0.3126428743412123,-1.3928755116406837,-0.28691965609692577,-0.3557437299126335,-1.6213131092787325,-0.38936023769463574,-0.38248335568675124,-1.7716415462739885,-0.4328386017093908,-0.05043964347533754,-0.8984649459420165,-0.15917689868564266,-0.04791838746977503,-1.0808719293804796,-0.3683484946859829,-0.07402030552987589,-0.7193179296188311,-0.3670259443399565,-0.11029914089772487,-0.4520613602340572,-0.30305108666519265,0.1122164890184192,-0.760125942092609,-0.21934343322789468,0.08692867153070515,-0.8434728879782104,-0.37563027838585644,0.02268523064326243,-0.5873525701144447,-0.3594351430614791,-0.04644466210665769,-0.3935723402591844,-0.30565024071449637
R,0.0,0.0,0.0,-0.23837251406358345,-0.0803426477880204,-0.13043413106286436,-0.39833737093930566,-0.3507773249201073,-0.2082528253217456,-0.3173247257236063,-0.6507761337180902,-0.29133732600433443,-0.16480510632566317,-0.8537652834319361,-0.36081806634193214,-0.3883898766119963,-0.9335765812694282,-0.08063227913052866,-0.3692795006328345,-1.2942909689447546,-0.217680919790605,-0.320211762333534,-1.5681372983312645,-0.3184763152270392,-0.2706229736105793,-1.7775147956113517,-0.3835371720608954,-0.21602438937991073,-0.9704339663691028,-0.10766327187192419,-0.3106931508688776,-1.3877608919146247,-0.2779963686511522,-0.347769863072883,-1.6147975882463625,-0.37518217605387877,-0.3670518978332791,-1.7604939031354598,-0.4153748912729351,-0.04760124412669456,-0.9023911984373829,-0.15397466531416368,-0.04755027467318961,-1.0783135876618588,-0.3585457992479517,-0.07321801609550037,-0.7185019931306084,-0.35415103734661774,-0.1076210767591739,-0.45162659480480577,-0.2890080153768977,0.11529052701428823,-0.7665020138106318,-0.21357901767344792,0.08856985703692975,-0.8495505321717696,-0.36567039792916767,0.02527319031590461,-0.59255370057035,-0.3476353651805263,-0.0418768199081808,-0.39650854469307906,-0.29311369728837233
R,0.0,0.0,0.0,-0.2354775816174238,-0.07883308552923077,-0.12720785332966744,-0.39325818238673016,-0.3480544825252641,-0.2052659286261813,-0.31608604543177193,-0.649560914290522,-0.2895688137949629,-0.16831130542922865,-0.8523881053067511,-0.3598996793132726,-0.39117149186287087,-0.9372037769655573,-0.07894578490460577,-0.37590054303799614,-1.2993747367410406,-0.2157823626062291,-0.3300750115145948,-1.571516866218038,-0.31648087152350685,-0.28272621705052403,-1.7743455107294397,-0.3813380063585039,-0.21701528593767,-0.9701814682523902,-0.10794574715581776,-0.3092794596753737,-1.393217141964115,-0.28027212653640354,-0.34116861521400793,-1.623870440968437,-0.37920354869784273,-0.3539567300125835,-1.7670677282653362,-0.42006843333378674,-0.047201595043884596,-0.9001799515265526,-0.15562989433844202,-0.049301499160220225,-1.0755996411643385,-0.3581827381408817,-0.07493983264200996,-0.7178329038971349,-0.3508208511606664,-0.10907662026086504,-0.45243419920449895,-0.2839840559008681,0.11722121439141472,-0.7641605519346363,-0.21648076703656463,0.08800041171744706,-0.8558664513902158,-0.3645695610982887,0.02873163548049456,-0.5997424993926285,-0.3424733623176429,-0.03435296199176755,-0.4041641530729797,-0.28532381507602267
R,0.0,0.0,0.0,-0.23759501208248648,-0.08181488928313697,-0.13030986041704953,-0.3976509401475368,-0.35054775335920013,-0.20807407449731188,-0.3203608097839445,-0.6469236643388051,-0.29137296915795013,-0.1728245193701054,-0.8522399181522673,-0.36096533043135,-0.3914785702319839,-0.9373516050834579,-0.07607284168200783,-0.37287059765385894,-1.2966963774018203,-0.21319321683064202,-0.3218322099131498,-1.5738108124619603,-0.31472501228026767,-0.26898050468320944,-1.7865162365655378,-0.38019299539835455,-0.21994425054683048,-0.9699411615057776,-0.10410893270135907,-0.317164328903579,-1.3855628526691484,-0.27634472296502005,-0.35728657162004945,-1.6113628975727672,-0.3758940805107779,-0.37872967462739116,-1.7567375192085313,-0.41697405948839633,-0.052194131443838276,-0.9003569082957348,-0.15183676042331654,-0.047923840974266885,-1.0817594304358613,-0.3593961083231817,-0.07182312913393013,-0.7237217961048485,-0.3572707124601249,-0.10734576926909917,-0.45643262687267383,-0.292722846815303,0.11040858199566034,-0.763540856338869,-0.21275114683376514,0.08954269431653453,-0.8549801153052556,-0.3668755505737494,0.03019639751147756,-0.5990371138907469,-0.3498822643456932,-0.036553119183357845,-0.402000276028297,-0.29562943981103046
R,0.0,0.0,0.0,-0.24161285470045532,-0.07937644182264628,-0.13508694434297658,-0.4117770873139883,-0.3448723386761351,-0.2142197408952753,-0.3366556748581944,-0.6495891929140618,-0.2965818306831418,-0.19113233203138846,-0.8644032596380324,-0.36540606067968295,-0.40557162422792326,-0.9287599430334583,-0.08825486006400085,-0.38797836942962793,-1.3013598412738914,-0.22283192568770632,-0.3411920528167147,-1.5776800295680016,-0.3174438889869397,-0.2978908716128642,-1.7953600506424925,-0.3749227236396668,-0.2287420266439431,-0.9670728752771373,-0.11156674751032264,-0.32641228393509875,-1.3973033249298863,-0.2755570131560003,-0.36403000943038416,-1.6313156183658963,-0.3649138344923096,-0.3928801525523982,-1.7876410338577686,-0.39626308793410475,-0.05304505122109238,-0.9056771783445459,-0.1544044547600765,-0.055081415385524336,-1.0274185342926805,-0.3583586264633195,-0.07246559953672865,-0.6858596039832152,-0.35906253333467136,-0.10599480263377964,-0.43097009395225283,-0.2936586228311533,0.11223292464294986,-0.772992272347238,-0.21013339352778046,0.097809459258489,-0.8468085325112366,-0.35457106139542066,0.05284829459418854,-0.5974987459535668,-0.3321630916279611,-0.0034152667293049677,-0.4027581383112439,-0.2737379847554698
R,0.0,0.0,0.0,-0.23680543305380586,-0.033645071233375276,-0.21538589493374544,-0.379826313369235,-0.30466728364887624,-0.320452331301597,-0.2756997808456153,-0.595324845248749,-0.40696822448369124,-0.11315367937723271,-0.8288039329361914,-0.47631536705032623,-0.38471839205185127,-0.9000141545039089,-0.13976501578162578,-0.33675811318666843,-1.2557791688695725,-0.28488926668190756,-0.2860455911710816,-1.4963505017803596,-0.39303708836145534,-0.23604890135971426,-1.731098216507989,-0.4749064464744626,-0.18938861208279642,-0.9729881004356684,-0.1320079922729746,-0.272913062833202,-1.3870345448892938,-0.2878621250082943,-0.3188627868987073,-1.5968387393181849,-0.3808958918629143,-0.3401361708460457,-1.8308181913222892,-0.43384042178483523,-0.006220318505027654,-0.9115158303417404,-0.15412880842946805,0.032652482498026006,-1.2495533439629738,-0.3918624891133108,0.02008878938329884,-0.9056546249826423,-0.41914078353031015,0.012129405616916368,-0.6891275930531862,-0.38277031285418905,0.18147567361662081,-0.7551869350644541,-0.19318566988285835,0.1927130421790482,-0.9224807517307893,-0.4218341321247817,0.13841226160933331,-0.6660174650688,-0.4604367603377144,0.09564523765181965,-0.500120119722603,-0.4437226170389065
R,0.0,0.0,0.0,-0.23966115320251896,-0.03685560241145293,-0.23295285484958334,-0.3841781224625823,-0.3127941266280916,-0.35006609173339753,-0.2718805612842467,-0.5983877360933867,-0.44372575645010814,-0.1026661174178155,-0.8375329630704316,-0.5212602023993654,-0.3757981999802765,-0.9047816686050846,-0.17906559192632696,-0.323263858155444,-1.2688216759545814,-0.33158266530753794,-0.2745983473579133,-1.5121090886655038,-0.4438343595362342,-0.223193379122591,-1.7590683200025923,-0.5282150479913315,-0.1738008925648696,-0.9707416667708089,-0.16569208230536078,-0.25969238908798836,-1.4038185134607664,-0.32487664022156876,-0.2975995451905029,-1.6238663433337248,-0.41591890283962896,-0.30787029419270834,-1.877793164502478,-0.46848230399362895,0.017861636817962826,-0.902842081515904,-0.18242967102528157,0.05342089762994303,-1.255213783142639,-0.43090092636630484,0.03648127884929515,-0.9181046322318844,-0.46718165274788137,0.021961464885596152,-0.6958192340130275,-0.4360407952128084,0.21345604119646044,-0.7429305632310992,-0.21615839419042845,0.2264194571911876,-0.9237263810982907,-0.45918698185935886,0.16232738285373094,-0.665984661047047,-0.5053534826980467,0.10561243787679947,-0.48912219576852906,-0.4927201856079724
R,0.0,0.0,0.0,-0.17978328600745114,-0.16527946334078517,-0.14109009587542917,-0.28113449153580866,-0.43330772801807466,-0.21938295407879385,-0.18458347925595522,-0.7076125195440233,-0.29572818177709687,-0.052039252942607694,-0.924700646579392,-0.361374008108562,-0.2906914919025266,-0.9292385144290113,-0.07159063712413079,-0.24719328077567296,-1.2400344561782206,-0.18717712576098325,-0.19500659533476408,-1.4565206006558118,-0.2775618717194749,-0.14889035262363554,-1.662977117152921,-0.34518987677086244,-0.1267156210875926,-0.9883595488329341,-0.08419354846509712,-0.18002512351147654,-1.373550049741956,-0.2067101114766059,-0.20417593259286984,-1.54684610496244,-0.28356989667153437,-0.22790493207421886,-1.729111238311866,-0.33067626209562406,0.03471693870078861,-0.923460727216976,-0.11940193928843734,0.07980717977523799,-1.2472767261492668,-0.3052163367912361,0.05196413066145694,-0.9449800469792359,-0.32421898481180306,0.010808770570277926,-0.7306184168538677,-0.29538551169248944,0.1985096236322748,-0.7649782234266189,-0.16605737016390823,0.2121971442919979,-0.9346686100135816,-0.3300841217618476,0.14906791437908273,-0.7192970471886789,-0.34743724316909846,0.08264696269210764,-0.5613755501663807,-0.3300357894118425
R,0.0,0.0,0.0,-0.17663980009997493,-0.16422043483925441,-0.13803294254547172,-0.27633447015529283,-0.4339819196000345,-0.21460866903436668,-0.17840161888921113,-0.7091518247410056,-0.28919702210926196,-0.045952210391995464,-0.9269007299231585,-0.3531605658848273,-0.28367118982213935,-0.9320149149877667,-0.06933459186820107,-0.23504930296433324,-1.2393760400523923,-0.18292977836929453,-0.1811806854180743,-1.4555521636528104,-0.27061695521584817,-0.1362553043770681,-1.6598073654002492,-0.3364340666998659,-0.12124810558092289,-0.9891420788648086,-0.08304724385578265,-0.1711407536456492,-1.3739890961653491,-0.20542619167041248,-0.19570760594468606,-1.5469391774232393,-0.2812473038842469,-0.22268702813797953,-1.7239201228110914,-0.32703290901825843,0.037840577906225886,-0.9220704000951574,-0.11894082086671755,0.08361792389086004,-1.2476547518862915,-0.30641535239203993,0.05843185995753691,-0.9500337340052133,-0.3277550730704632,0.01891090695865406,-0.7379094343096124,-0.3002028252208065,0.1998488582222177,-0.762284654381404,-0.16562626157299892,0.2117100946210864,-0.9216202639780344,-0.3332735572207556,0.15032470296113176,-0.7040548067300881,-0.35410001293636173,0.08693076601936264,-0.5467427136830257,-0.33855055482218344
R,0.0,0.0,0.0,-0.17652974382149555,-0.16413626621348323,-0.14115902680162618,-0.27637866066927935,-0.43326175574135944,-0.21993493666881545,-0.17975510457057195,-0.7098016245935693,-0.29575772411070134,-0.04704485730478888,-0.931109534920011,-0.36075065854933835,-0.28574788872672263,-0.930116947407537,-0.07393554496647448,-0.24171770424876438,-1.241100301245368,-0.18706931667664167,-0.19086530119763295,-1.4576294264263268,-0.2735659862096405,-0.14739375893775056,-1.6605484310543352,-0.33855283543840203,-0.12335179302254559,-0.9886427003540957,-0.0858483907518637,-0.17688128938872758,-1.3772701399616636,-0.20648072467953926,-0.20065390994878882,-1.5511690779661778,-0.2807291012327637,-0.22459492123458435,-1.7283243015568404,-0.32621215450787483,0.035233564694042714,-0.921915680616028,-0.12006675414632345,0.08200269216119559,-1.2564400180084967,-0.3053303577900476,0.05730312454928422,-0.9654243326803968,-0.3281265266195587,0.01857485375102141,-0.7539191966756408,-0.3031295817840609,0.19836547200545676,-0.7617094624067082,-0.1652673065408429,0.20873945799512494,-0.9210571672358921,-0.332380886382823,0.1499619170202763,-0.7073364162912318,-0.3557145238927695,0.08984163957126681,-0.5506955325237032,-0.34289849828918306
R,0.0,0.0,0.0,-0.174990003755748,-0.16883876814628607,-0.14055186384279186,-0.27647544686733844,-0.42902243042640686,-0.22005283752561017,-0.18323991493915726,-0.7017261483718028,-0.2974820726486061,-0.04737056041513214,-0.9141794602336385,-0.36403056892624863,-0.2845769869383363,-0.929599912590998,-0.07278500529752778,-0.23639416429386367,-1.2372040563977995,-0.1861577204230146,-0.18372997716567413,-1.4520044560579817,-0.2742947605009595,-0.14062836789906408,-1.6556684700650146,-0.34107038789170363,-0.12255573218512889,-0.988699746442253,-0.08633020267317564,-0.17270119040235662,-1.3703854275649352,-0.2071418781763538,-0.19776397506643892,-1.541931471290502,-0.28216469445881665,-0.22587493086834498,-1.7224036484276264,-0.32864042889388473,0.03700128921314987,-0.9207698425136156,-0.12239302222532344,0.08117888737807825,-1.2474545909320747,-0.3073788087075584,0.059219167185634136,-0.9541203272503271,-0.3285503570875398,0.023591006873406574,-0.7443850309678663,-0.30207488949441086,0.19950823063728026,-0.7577943188631565,-0.16974775854309468,0.2121368796368404,-0.9235053603153661,-0.3350041026996528,0.15232820577937345,-0.7140687951466343,-0.35601243788375947,0.09120129635479858,-0.5597159004606287,-0.3415991340074484
R,0.0,0.0,0.0,-0.23077323930794205,-0.04738810323626044,-0.22098498856199186,-0.3659260637264692,-0.3318562932761339,-0.3291008813987212,-0.23782252497507209,-0.6150392705022285,-0.4149213062729633,-0.06022036194517949,-0.8421092844268779,-0.48521710424878756,-0.3529745884443263,-0.9172322026452538,-0.16431092591629587,-0.2891108517125743,-1.2792919662856264,-0.3076696124370527,-0.23308293925909987,-1.5219982514910368,-0.41517179434729284,-0.18298968597513424,-1.7648920847201777,-0.49831454108234446,-0.15560428216901215,-0.9758516217056977,-0.15330009714617313,-0.23115172769691691,-1.4019398929513835,-0.3033499198497904,-0.2639396776749877,-1.6159188609715793,-0.39268238743197226,-0.2767530361954688,-1.8533769515439509,-0.44718850153979484,0.028946365523008225,-0.9015399577295036,-0.17113212204972109,0.07623657547556453,-1.2549909278465088,-0.4099802094132771,0.07252632309913476,-0.9427334030501796,-0.45069433505121254,0.06226352077734093,-0.7238287551509306,-0.42755178123929666,0.21786731832613673,-0.7330694934364274,-0.20508434180882623,0.2447177014134006,-0.9144744713040739,-0.4473120494062024,0.1870852114235679,-0.6640445514004725,-0.49909138728916486,0.13057800957611632,-0.4809375873329798,-0.4925211184171403
R,0.0,0.0,0.0,-0.17456951669956866,-0.15983446852234437,-0.1424163117093742,-0.2759603327117163,-0.4223581225237732,-0.22116411262976735,-0.17560496535953807,-0.6941133061842945,-0.2961083473241405,-0.03868697530592386,-0.90961828584395,-0.36016309711262406,-0.28219361485521094,-0.9291413436564898,-0.07535537035606114,-0.2290923230793573,-1.2315871860019971,-0.18689167765400608,-0.1736801791507001,-1.4447898267578698,-0.2740927141391471,-0.1276330051099727,-1.6440887480025244,-0.3407915454352739,-0.11790335139189687,-0.9892326068260107,-0.08670437891349171,-0.1658127491602863,-1.3663321197474232,-0.20482463873374582,-0.1884936284119297,-1.5348409950743374,-0.2798033471370897,-0.21498289971389276,-1.704236040229554,-0.3272383540029229,0.04057058114740549,-0.9205031676558922,-0.12056682299327907,0.08942554350470769,-1.2410293690787202,-0.3050513916813863,0.06881437367779086,-0.9557868231788574,-0.3323817670370391,0.03211395513173948,-0.7469926595380016,-0.3117163252476148,0.20054957692056777,-0.7575835372849239,-0.1653000859380434,0.21175103280656185,-0.9085990717518807,-0.33483434993734856,0.15250119541235072,-0.6981549216612764,-0.36311014139501263,0.09090051339319184,-0.5431425157703307,-0.3543308285945153
R,0.0,0.0,0.0,-0.17313975217517577,-0.16431010543634939,-0.14501644530576033,-0.26914401816501005,-0.4272365707756135,-0.2254033678076078,-0.1684374279575793,-0.6937478742770528,-0.3016757070499466,-0.03495375829278328,-0.9081554982004579,-0.3671941266351012,-0.2767126267007704,-0.931552118949167,-0.07646907416607643,-0.22355669401838552,-1.2346668407826205,-0.1870417206893395,-0.16807061653058683,-1.4456256441865083,-0.2738612392160072,-0.12105173643645653,-1.6439821948940638,-0.3401334067145196,-0.11161734653421013,-0.9899722913000114,-0.08658192889320157,-0.1572058603395168,-1.371124855429208,-0.2029524141806968,-0.17768385178804794,-1.5407644334850874,-0.27783177463675374,-0.20126447307959433,-1.7122249824304256,-0.32565642542702944,0.04683567265708108,-0.9203070685327069,-0.1194647826389146,0.0957401617623997,-1.2497082903302292,-0.301509824017456,0.07658070868657124,-0.9701743880647691,-0.3295965254131579,0.04156627780099894,-0.7626485430646367,-0.3104130808872397,0.20715724908511665,-0.7559130921592668,-0.16348970077527616,0.22314388245568373,-0.9159443918688608,-0.33055707566076065,0.1643715711349265,-0.7093395409651501,-0.3584534812364322,0.10230430181754177,-0.5530068900983224,-0.35027911337046086
R,0.0,0.0,0.0,-0.19758806921654284,-0.09428269053865844,-0.1663758764218071,-0.3197785893578026,-0.35878468393223545,-0.2591758374563722,-0.2094454232419951,-0.6560839694316071,-0.3432450010767717,-0.08924328451870059,-0.9026815660489076,-0.4166461978915713,-0.37542882174831393,-0.8533120519713523,-0.1438812929930536,-0.3802192726358175,-1.181520685867473,-0.2779398119270903,-0.3602918607488448,-1.3965861388016803,-0.37616442788134397,-0.34726470281950356,-1.6076880711942363,-0.4472181988415506,-0.20709848124046235,-0.9666876861297719,-0.1504165434816316,-0.2889436015366229,-1.3896247665627588,-0.287392237981636,-0.3146552475648733,-1.6105946529247803,-0.3697180280941912,-0.3501959355901679,-1.8511354278662502,-0.4193730154772714,-0.03632503930184853,-0.9376758566394703,-0.17730397791214725,-0.025541329751055795,-1.2583486064525444,-0.3780066347432242,0.0061044939352367855,-0.9367303568279153,-0.39679482733290344,0.004433927579979088,-0.7094339134419703,-0.36301136629254555,0.15318523040421045,-0.8104626361418052,-0.21683609716088195,0.17468582685158562,-0.985557751750429,-0.3917164329426727,0.13920055273466053,-0.7597409819545128,-0.40757099896233706,0.08550651280063513,-0.5803298970487994,-0.3863153340272313
R,0.0,0.0,0.0,-0.19563044229887105,-0.0872607414560944,-0.1626518327191351,-0.3150029946801522,-0.33371082606508295,-0.25500077055312237,-0.21087831073115207,-0.6293289962595586,-0.34048626997568004,-0.10351623690372,-0.8783882663092414,-0.415541932642519,-0.37671299235539235,-0.8526635365111317,-0.14347850557555242,-0.39186408988583954,-1.1912741959057334,-0.27381940966080404,-0.3854977741814476,-1.4055189243844293,-0.3697461113798947,-0.3799620753844626,-1.6168829040791597,-0.44029005755553335,-0.2057470336614142,-0.9666334500854493,-0.15260383781356895,-0.27433945851749325,-1.3836287415714845,-0.286544808452706,-0.29231142783639613,-1.6069374762492352,-0.373356623647012,-0.3212156865778829,-1.848229873396527,-0.4286301719147864,-0.03399521460212729,-0.9366679371205183,-0.18091029682905296,-0.021213794530335554,-1.247548088170459,-0.3726994131394797,0.009121060709927784,-0.9313935197584846,-0.3927950249392767,0.0041591327183990575,-0.7078126169193263,-0.3638299063728085,0.15098599316202369,-0.8079108249278578,-0.22191076709523222,0.1806523227554518,-0.9903263941571399,-0.38538597756686976,0.14351729560090826,-0.7763203672363007,-0.3988370825202583,0.08575716356885155,-0.5988026152760826,-0.3789589784427862
R,0.0,0.0,0.0,-0.22022890653033808,0.015229542677527571,-0.2736800260226628,-0.33376337219207064,-0.2150511279005854,-0.4113660827901844,-0.22453174101544732,-0.5087797739244181,-0.51691772942147,-0.1017057328925068,-0.805489729343758,-0.6101980013105223,-0.458452021676399,-0.8082258377353075,-0.24242537603974482,-0.4339412763390352,-1.1827954822265425,-0.4048394216797003,-0.40113210184364056,-1.431382278761758,-0.5265356526366906,-0.3582106016067226,-1.6878263395964783,-0.6205602671316319,-0.250126688382358,-0.9442060426890271,-0.21426989687868403,-0.3699167338739696,-1.3950681577871038,-0.3833967662136417,-0.4228545474111024,-1.6504986719016503,-0.49409295639884243,-0.4500610266775168,-1.920950947923303,-0.5653169856207935,-0.04819775316544879,-0.9325040955794781,-0.2160417418592766,-0.010829711008121913,-1.3034038491410003,-0.48715159539762903,0.0360844296727543,-0.9964227781733572,-0.5616868536892121,0.05215592760483465,-0.7565288003627789,-0.5588885833965589,0.15876715769097266,-0.8221897394877895,-0.23523068990492477,0.22050020322347175,-0.9834721769553019,-0.5282239944892412,0.21089551249214944,-0.6966246687443362,-0.6144831719682882,0.17222465536198828,-0.4560374318703599,-0.6262282631299892
R,0.0,0.0,0.0,-0.20918879417012556,-0.042168444854478335,-0.19130705122532443,-0.36666203773446804,-0.22937004012291598,-0.31367368349821584,-0.34253498451693287,-0.4864662604199579,-0.4251205559281088,-0.2442801789409079,-0.7339937332104298,-0.52559114231137,-0.3809868186005233,-0.8576295771376459,-0.179011919189227,-0.38563794097496074,-1.1806915163788496,-0.33069335241068926,-0.3677189798392325,-1.4008378404077104,-0.4472058898843269,-0.3454650720678946,-1.6274121779742643,-0.5327194727438492,-0.20926505559344125,-0.9600297063507658,-0.18587926035880484,-0.2803468854823114,-1.3750157224730177,-0.34022072294231165,-0.3030344528067742,-1.6100546658037034,-0.4451602287318723,-0.3323229615990973,-1.8750540428997096,-0.5150702091011171,-0.028985111994699542,-0.9199060982009225,-0.21400418987369327,-0.004118941306866881,-1.2519118535014175,-0.42592088864901373,0.0076187223011923225,-0.9323220762525816,-0.45473000679821685,-0.015038340453944221,-0.6981527192596497,-0.4304037463762638,0.1669601646248143,-0.7799084689573027,-0.2563837062519938,0.19145739491336294,-0.9878659503088122,-0.4363452841723869,0.15505142809418207,-0.7742076183965225,-0.45428717526309853,0.09163861182350161,-0.5902926843610362,-0.43629777536678077
R,0.0,0.0,0.0,-0.20890178338794024,-0.04338176015007973,-0.18919287174836683,-0.36330154701169276,-0.22682299975279344,-0.3119892894377223,-0.3388144605218504,-0.4788387597576019,-0.4242951733951667,-0.24213011906082416,-0.7193158225098527,-0.5265406793755082,-0.3728068277284415,-0.8576700961559464,-0.18407064510417717,-0.3726400321119279,-1.180676015807964,-0.3370062520765509,-0.3521109269638198,-1.399999214148764,-0.45351963823752994,-0.32778360004711443,-1.624944625032293,-0.5385752107436568,-0.19710523583987913,-0.9612981846597703,-0.19249760043786399,-0.2566049158259052,-1.383108364253664,-0.34751005599321255,-0.27231474514601456,-1.6236193655680837,-0.45277474888065594,-0.29489547776572955,-1.8897289412833809,-0.5228892315411693,-0.01575411500489081,-0.9212078442127275,-0.22130956430337662,0.01262017850801625,-1.2471568994206452,-0.43306730873920657,0.019262203455433433,-0.9265237819261264,-0.4617416170722631,-0.006098180182904087,-0.6906050405695872,-0.4375761708888304,0.17846717082043181,-0.7791704088014877,-0.26409344184109945,0.2008413748728013,-0.9810243530931484,-0.44412879669687555,0.16517732653693445,-0.7681300289739482,-0.4606287322996755,0.10498149214153922,-0.5864384878050085,-0.44143342299193183
R,0.0,0.0,0.0,-0.21496481927329475,-0.053337430733298156,-0.1918278703968006,-0.37126557132912746,-0.23808354544727117,-0.3112218608636381,-0.3308373424505621,-0.4879028791893135,-0.419858936299584,-0.21940437163307913,-0.7208077043687822,-0.5188113472447682,-0.36957610370705596,-0.8744339824902375,-0.17670466388353676,-0.36558071317014434,-1.218261302271227,-0.31981636631286503,-0.33515500854267444,-1.4362883590796118,-0.4298658246988228,-0.29466149820549153,-1.6637161525158228,-0.5120366399245919,-0.1840193420196165,-0.9667337014997265,-0.17765931483405262,-0.20576013360821543,-1.3551199551119983,-0.3202142268480395,-0.19653561560127764,-1.5797406458276533,-0.4194845492002811,-0.19770778963987312,-1.833726424055137,-0.48940742139680016,-0.000864359565999905,-0.9211845966837793,-0.2006346051449391,0.03370589133610911,-1.2382153238105111,-0.4015417801943951,0.03535362840552002,-0.9222094742666964,-0.43286551805164547,0.012925315632492844,-0.6884615679713469,-0.41484034669827186,0.1886712657068024,-0.7763591268489305,-0.23816511712640995,0.2155048374151503,-0.9708133794895367,-0.4159399829135854,0.17697059718407232,-0.765091051282989,-0.4403898259180051,0.11875730257010263,-0.5883144391927203,-0.4286231012358036
R,0.0,0.0,0.0,-0.21509283854720157,-0.053109182716466724,-0.19550300943376686,-0.37653004248256416,-0.22970938070726218,-0.3148190260542751,-0.3478655861301389,-0.48117306994759823,-0.42283056752404213,-0.23488393705494115,-0.7028070129973684,-0.5206947253337165,-0.36511020206878536,-0.8778431702646557,-0.16578211690009634,-0.36155993841470146,-1.2083524232616119,-0.30604640197207855,-0.3324657683589475,-1.4147857147746448,-0.4146672362591446,-0.29683133063354283,-1.6315051473059656,-0.4972457778398887,-0.17717761270412907,-0.9701652974715894,-0.16549135668767787,-0.19479545612414773,-1.330464337887283,-0.3078018159234931,-0.17822198018563687,-1.515028674757493,-0.4061512845234775,-0.17523574191820054,-1.7213130100111442,-0.4752080967599994,0.006064528155838844,-0.9241325831169016,-0.18926017048884897,0.056475761545077136,-1.2404416183304399,-0.3925968663934008,0.06711316318064295,-0.9331082437857975,-0.4303007657736812,0.050273574374247884,-0.699754246512961,-0.4181565680163957,0.19697205854354013,-0.7743424197325208,-0.2277868858356298,0.2390070128413104,-0.9620714494899041,-0.4140304064086418,0.20387844061476107,-0.7458135303127913,-0.44863153853767185,0.14662316920668353,-0.5614743014974894,-0.4441543255208695
R,0.0,0.0,0.0,-0.21383655895448284,-0.04815824442851565,-0.19585318441060431,-0.37868066717157584,-0.21822786786756243,-0.3170959970038812,-0.363358826698293,-0.465780265139043,-0.4269987521517955,-0.2552273465800835,-0.6866455985353653,-0.5266256570398288,-0.3681257797173265,-0.8737343707659012,-0.1679809518647591,-0.3674402396934174,-1.2028664496608377,-0.30823841786783823,-0.3385684095966744,-1.4045404313921115,-0.4165045090254096,-0.3034408697399101,-1.6212351520223303,-0.4991126053792961,-0.182414787986889,-0.9688443594342445,-0.16752746734833232,-0.19907881280753212,-1.3234398321066836,-0.3065223168748775,-0.18225858369310885,-1.5053108365132146,-0.40233744962477763,-0.18056881338371764,-1.7160073960179292,-0.4712254276840292,0.0005674445524721401,-0.9262255045391792,-0.19129703390197722,0.051308713334971674,-1.2373166156699094,-0.39108935326959543,0.06470626766905928,-0.9294333460682837,-0.42763396026267864,0.04983963917255672,-0.6996620646460214,-0.4165919813360351,0.19119154291730311,-0.7802153207358175,-0.23020235942310233,0.23346302123947127,-0.9577616019738024,-0.413652733718253,0.2010085430642049,-0.7444508191341749,-0.4486562628605517,0.14620386875208383,-0.5651856624972068,-0.44584024074798356
R,0.0,0.0,0.0,-0.21756150405875005,-0.04921391842440367,-0.19790197337869858,-0.3835560877329593,-0.22229056429611097,-0.3192407808152799,-0.36174690779778496,-0.4712258470291212,-0.4289549206812606,-0.24556654520376348,-0.6870765723600395,-0.528363620419584,-0.3649207146462079,-0.8737916585971666,-0.1696637621269659,-0.3619007563136179,-1.1996428151313454,-0.3129311052401857,-0.3319535348583755,-1.403773804884221,-0.4234142780824485,-0.2953719629628818,-1.6192736549896565,-0.5075257402424067,-0.17827689338916694,-0.9692915527788479,-0.1693848723914782,-0.19906195363992746,-1.3272071294854744,-0.31430308710864485,-0.18221113949568518,-1.50635492285187,-0.41415082628494715,-0.1791991460726342,-1.710438332750394,-0.4841387746084142,0.004340456493009043,-0.9249058367552779,-0.1934687676101363,0.06109379060475747,-1.2385166041510203,-0.39835717047948954,0.07391142608189137,-0.9312568040982456,-0.43804626231178195,0.056062902216443625,-0.701188296034384,-0.4273841304786495,0.1956181782787077,-0.7770498673360434,-0.23263808359410582,0.24260695250136405,-0.955502617543717,-0.4195751392839128,0.20745822591136634,-0.7436697698694767,-0.45728068043702186,0.14684191067318578,-0.5654289281761181,-0.45545262889637195
R,0.0,0.0,0.0,-0.21438066727722974,-0.06049972550116662,-0.19490570500646,-0.37819174198966016,-0.2412744273254568,-0.3139260276804218,-0.362768621036259,-0.4889191920041034,-0.42162034370457385,-0.2447527457563058,-0.6997169645054852,-0.51814486136935,-0.351862862198556,-0.8967646275807885,-0.1525645961016104,-0.3474916549746636,-1.2084040256116413,-0.29230457961197803,-0.3147571590633821,-1.4168337108789804,-0.40105668116594134,-0.274607822304885,-1.6168905687812618,-0.4829460490872872,-0.1702208906858206,-0.9738216443954755,-0.15065275729643296,-0.20072190465852996,-1.3253210092984629,-0.3039954222605681,-0.16725579431757695,-1.4516670834333634,-0.4029979320681497,-0.14368285820471854,-1.569908700823505,-0.46379188353595624,0.008131755790642185,-0.9227006111038343,-0.17355778550304174,0.07307534597628276,-1.2421107875416884,-0.379975202975252,0.08598149489924704,-0.9499910472880112,-0.4204554619178359,0.06662353147076447,-0.7110952068296292,-0.4069607560652615,0.19636497693556115,-0.7748561183505426,-0.21148269625645674,0.25942283302865016,-0.9561255628833017,-0.39885763802371416,0.22404578947586876,-0.7510484104430881,-0.44023461812539816,0.15860787656708045,-0.5684925508712453,-0.43881165535873307
R,0.0,0.0,0.0,-0.21815184131703277,-0.07403538409090533,-0.16952575851842566,-0.38414780815509497,-0.2605919143810808,-0.279330488026413,-0.3876678062743758,-0.5016178459179494,-0.38405456562953477,-0.26861975116412706,-0.7037194899704157,-0.48141978407207314,-0.35519839327318775,-0.9232924315334267,-0.1201245426921148,-0.3475058746451137,-1.221803100187957,-0.25860008024187786,-0.302355453579695,-1.4378918502185873,-0.37762836274421324,-0.25362479507821034,-1.6112163722602313,-0.46616270270734805,-0.1713050305404672,-0.9755725759316395,-0.13752358198372738,-0.17027969839322815,-1.4223656928846558,-0.3159924574280349,-0.12458291093710736,-1.417803091205631,-0.4360724531070756,-0.10540532424727256,-1.3411527731360953,-0.49307224792759274,0.007041260000452249,-0.913883303003956,-0.1742077067109938,0.071072283711415,-1.2932926359502512,-0.3681150528438864,0.07303237840373353,-1.023177011961619,-0.4078834542860907,0.04298012064529719,-0.7712149062774729,-0.3917646452822136,0.19170425372454739,-0.7512883300404766,-0.22481972490617544,0.25318795471802674,-0.9666645289917912,-0.37977760046615805,0.21715220566156923,-0.7776390292213494,-0.4025335816059684,0.15586691528491387,-0.5889298911775209,-0.39068215423779773
R,0.0,0.0,0.0,-0.21466143987969094,-0.07656180042607982,-0.1679018671338217,-0.37785117495620707,-0.24903028482970785,-0.27924527838819824,-0.38820941717509805,-0.48510539042129347,-0.3849036221013981,-0.2719559150097055,-0.6880272924138544,-0.4817690620534318,-0.3472278879274511,-0.919212012792468,-0.12165072336392019,-0.3413520070561505,-1.2173507939529729,-0.25658182883244374,-0.3002195764202735,-1.427549262048924,-0.3703083123243387,-0.2561205425152277,-1.6038541402653315,-0.455321328137747,-0.16513248507191242,-0.9768015465028205,-0.1363451543828119,-0.17333047697047232,-1.4002578186605696,-0.3011155209086498,-0.12757742896650376,-1.425650138572192,-0.410088320881624,-0.10795223976371439,-1.3915755091779978,-0.4647502938956702,0.01277097838153982,-0.9163162235825804,-0.17097718104868376,0.07175150254205671,-1.2827467346745511,-0.35998439700992807,0.07843879450928654,-1.011284621274654,-0.39211198225260147,0.05083859339222119,-0.7623285226022882,-0.37308444474209296,0.19835397365667248,-0.7549647034615693,-0.21948731438526514,0.258036315726136,-0.9633597313632696,-0.3765526212533202,0.21924749324265724,-0.7730311403356593,-0.39807493174961783,0.15319652247272889,-0.5853658745078563,-0.38516590810370566
R,0.0,0.0,0.0,-0.22182615534480774,-0.025497637925209253,-0.19842624960617425,-0.3953100584731573,-0.20818649266197622,-0.3159003316717175,-0.385075542954502,-0.45288413933484745,-0.4170675302760224,-0.27624088387899737,-0.6685394137271347,-0.5062284422473011,-0.37239825158987183,-0.855785226705763,-0.1595220097548668,-0.3342705738647549,-1.181581514212924,-0.28671070465818227,-0.278802872388263,-1.4094430815746946,-0.39677130341290917,-0.2266484159500651,-1.6469303128711505,-0.48691404004153527,-0.20413542961306125,-0.9668558818440074,-0.15335719781065923,-0.2842177283052236,-1.3589463314071282,-0.2741635989406229,-0.3007471059462218,-1.5650732627480348,-0.368423480364929,-0.3241309949761384,-1.7833850287790327,-0.4469959235827275,-0.032419341906164335,-0.9362713312010355,-0.17187601805168232,0.015834476189161794,-1.3696280027882721,-0.358336490517096,0.06070829015475116,-1.1729076008318924,-0.4202607498374123,0.059941427604346606,-0.9651515742595441,-0.4402766643790697,0.16442807572419404,-0.8028270601666888,-0.20577080632257885,0.24928581695748506,-1.0530706966861405,-0.4048832645554606,0.24261467631973732,-0.8842943932559922,-0.47474464881009765,0.18874832603668493,-0.6924517399808744,-0.503569403792602
R,0.0,0.0,0.0,-0.20830200860610443,-0.02508024798646064,-0.20885995348695593,-0.3791155634977107,-0.20014805736387012,-0.3334581108490648,-0.36256486128262144,-0.43352505475649394,-0.4415002657086436,-0.2548095519531712,-0.6470520785042225,-0.5377110011587408,-0.3372120114325397,-0.8535387865972748,-0.16770097539263296,-0.28545228041081905,-1.156386966480407,-0.302211779631494,-0.22004930820819246,-1.371013382149186,-0.4156929333303062,-0.15934543115306585,-1.5934196884643785,-0.506822788587169,-0.1672793725310915,-0.9732403685932568,-0.1575461724894196,-0.22295852230902297,-1.342590693466735,-0.2893937123997023,-0.21536686719383982,-1.515041174340053,-0.38757464823612103,-0.21972279954517368,-1.69727091837078,-0.46472130434087605,0.0020769457101289094,-0.948457922803469,-0.1732402551224127,0.06424288034892088,-1.3496614686544044,-0.3712471059268718,0.11823777134566951,-1.1211439720074883,-0.43412579911603394,0.12194638383756883,-0.9064239864064213,-0.45078061705496003,0.19447907809387277,-0.8126081865212337,-0.20461590239687208,0.3002573665120777,-1.0331509829905794,-0.41232918191788737,0.29853892293127676,-0.8429629737820985,-0.4853533648437002,0.24772365656567083,-0.6503627448672344,-0.5136934950437402
R,0.0,0.0,0.0,-0.2111187970016871,-0.008435110229317675,-0.2112013674754797,-0.3770223434621854,-0.18234416200103795,-0.33513482601108757,-0.3567655376502388,-0.41649307358200566,-0.4410030030468124,-0.2504494385612588,-0.6253064131350302,-0.5353328858809191,-0.3265722280235801,-0.8564449772102115,-0.1699483300730125,-0.27266481586315716,-1.1531454322073225,-0.3017274011732491,-0.21198734607522837,-1.3648105745939791,-0.41181924830046895,-0.15642110747122684,-1.5787660537593031,-0.5001791626353944,-0.15298426812646135,-0.975188265770006,-0.1600114371234108,-0.2087613066592179,-1.3544620325219008,-0.293690904047607,-0.20110135312994246,-1.5333689104525852,-0.39182313506919136,-0.20287625295201273,-1.7117874796875459,-0.4664224336434599,0.017842390594201778,-0.9457694457550073,-0.17590116273937764,0.08491412488769967,-1.3490323778169007,-0.3837202348541775,0.1348523611744125,-1.1181444166106085,-0.45401055941008533,0.13359645611364415,-0.8986667798179613,-0.471618440642617,0.2101399559822993,-0.8093801129481532,-0.20626999999658593,0.31726278728807594,-1.0287714729767108,-0.4267395972134696,0.3190754887851339,-0.8354503716476224,-0.5058295124134847,0.26825936418752994,-0.6393254978484156,-0.5347986036775266
R,0.0,0.0,0.0,-0.1916421251801391,0.0005438198784907466,-0.21635551119273155,-0.34642708097256725,-0.15182737801063623,-0.3474733255785927,-0.33046685904686135,-0.3771154607713983,-0.4606872077271422,-0.23659998198736837,-0.5889836736454043,-0.5635273635183569,-0.3296827777630374,-0.8516299532884869,-0.23216860643922074,-0.33737782904368147,-1.2344359096080926,-0.38141406585052257,-0.31640064586189903,-1.4747343125231966,-0.48460906968437734,-0.28556605875147373,-1.7213532842637596,-0.5606975499764604,-0.137529818500316,-0.9643310511807096,-0.226166250249629,-0.15157820152532778,-1.38147767268801,-0.376233178561401,-0.12501393772305108,-1.6445273596999732,-0.4816315444111408,-0.10946559249220213,-1.9073971849734352,-0.5543579251675546,0.04411359873357233,-0.9215259633105057,-0.24066849442425617,0.145533331548104,-1.2563068295573945,-0.4607228959066682,0.2079277475249419,-1.0078502369569315,-0.5278025207260033,0.21821530406239104,-0.7963756248638332,-0.5348123366720491,0.2256665279057118,-0.7675090416579461,-0.26919245996284413,0.34801441096216196,-0.8792974582377018,-0.49476518451144125,0.3572330494105776,-0.6680969848538426,-0.565897493249029,0.3211238552327908,-0.4828095286800675,-0.5817738577037177
R,0.0,0.0,0.0,0.18848814482319642,-0.06373406078788686,-0.27740097511780815,0.2502815932398497,-0.2181889805048807,-0.47449926556682404,0.22251180282118585,-0.3140423412243311,-0.6560339165518584,0.07296632021356594,-0.41136098009642547,-0.8375853414470165,0.17644265205084325,-0.8934737466210808,-0.391431589676217,0.11582646147641726,-1.3656143134295724,-0.6061376077887531,0.053841167363489956,-1.6619602738856583,-0.7388994872814628,-0.018312955715981617,-1.92524608484722,-0.8304671611704354,-0.037898336824310715,-0.9219197805308103,-0.38552254711232353,-0.029056314707325448,-1.4697842606123024,-0.6363986228329173,-0.01721928418761647,-1.7825503999542018,-0.770482147972071,-0.019110550421750673,-2.027256131467831,-0.8435744141299428,-0.260884970332075,-0.8146976740620834,-0.3986601064047561,-0.43539557005587537,-1.2167755379996967,-0.6922634224079903,-0.386234229204644,-0.8664839272877933,-0.7285348473040563,-0.3046509656831072,-0.5614643761724747,-0.68900103850731,-0.46974501326512275,-0.5982146600112087,-0.4299008373889966,-0.617905531075888,-0.7670469292445056,-0.6787423290767634,-0.5717882929984741,-0.5528141997517635,-0.7104270808826458,-0.49167584648170454,-0.32512961257933676,-0.6878553143572852
R,0.0,0.0,0.0,0.24078733147610168,-0.04637195177272432,-0.13009067172932237,0.4316058079178232,-0.2658724167937794,-0.19288535096081277,0.4518228626215333,-0.5351539713367666,-0.2586868391968936,0.27824074402869736,-0.7475067646597334,-0.32213008776986735,0.3860275041874052,-0.9118864374156808,-0.0743311551089268,0.3609704869102481,-1.2485372576994591,-0.18991784124571562,0.31586837200521395,-1.4649708860171955,-0.2870409640270427,0.24804308126125194,-1.682672738096845,-0.3625197561131299,0.20900753456253013,-0.9730821860371416,-0.09709227422030407,0.26658024760874693,-1.3792173763565732,-0.22721948070851353,0.30671851341665696,-1.5740231276579955,-0.31589438542283177,0.3190223164204931,-1.7548266368829306,-0.3724078525605517,0.041170008262908286,-0.9083579298389717,-0.1394902995836326,0.007812916520541724,-1.2834689019907997,-0.3218235775084065,0.07252684884173854,-0.9714310109637578,-0.3533062605016685,0.13894518872696154,-0.7153698261271241,-0.33487063916283855,-0.14169876028837805,-0.7395170517460276,-0.19349097136098226,-0.1514454680144418,-0.9328084193439596,-0.3622500448272079,-0.07908767265813763,-0.7397515973260099,-0.3910752368718987,-0.002093811298604938,-0.5563640539568258,-0.3830270488737749
R,0.0,0.0,0.0,0.2374960359275693,0.0015099535874780682,-0.21050968484476268,0.46336397268468854,-0.2807324159432898,-0.29495207923034034,0.4412673474900135,-0.618397607626659,-0.3607115289962562,0.24645622674972611,-0.860654528833932,-0.4211672769010641,0.41214328824900764,-0.9027564206772815,-0.1300177945321312,0.38913308449041906,-1.264662598223502,-0.2186455611732732,0.355944450292338,-1.5273643800164256,-0.277692024120556,0.3315400075030823,-1.736276492833558,-0.32042450466652705,0.17280633891762667,-0.9791757705421482,-0.10654942333526014,0.15162046011239783,-1.371932824561785,-0.20563287006643566,0.18184016627593597,-1.5644972217567172,-0.2647318926086336,0.22152661789494354,-1.703238570776778,-0.295953935660912,-0.047500825570923805,-0.934174136640531,-0.10836023224171967,-0.09510725078984647,-1.3145367859981092,-0.29766489777375954,-0.010564819956116644,-1.0959782869450034,-0.3475188051561983,0.06175920562888591,-0.8624343481885183,-0.3372241797017263,-0.27472962215963,-0.7861537748725543,-0.12329532498648678,-0.30776997179452487,-1.0413262208438883,-0.327940640532117,-0.22589281943279713,-0.8601135835106581,-0.3786349451132135,-0.1546156869098523,-0.6417751848733049,-0.37493415285156734
R,0.0,0.0,0.0,0.21093039498322477,-0.004228403658248925,-0.1877302676696394,0.40105369473724445,-0.26455365196038383,-0.26452925579014536,0.36832645061638064,-0.5503326824874093,-0.33134013149074254,0.188645414693759,-0.772497819653473,-0.3921970226767407,0.35511477319123763,-0.9101808373607453,-0.1023105072020561,0.30992387118312664,-1.3002832148515007,-0.19738063204039796,0.2709305277831982,-1.5614980099146498,-0.2638709180151975,0.23574730470408223,-1.7933622077456832,-0.3103546452721878,0.13907791298224884,-0.9855429722009915,-0.09675941331848528,0.13372988820288992,-1.412071381854504,-0.19834425366835529,0.16121729065735452,-1.650140362850921,-0.2662939001977717,0.19605669891172198,-1.8386820403130748,-0.2989434340174599,-0.06040026212187907,-0.9266417130758071,-0.1149345873081784,-0.11487231194763609,-1.2838404931519698,-0.3067253935933549,-0.05111652087344294,-0.9959370723177158,-0.3392051040075537,0.01440354411826369,-0.7576856249407076,-0.30693022831451094,-0.2578073974950325,-0.7435706926203739,-0.14602410304070781,-0.30918511389805275,-0.9728344203491336,-0.34544513004492466,-0.23561652169423714,-0.7624249344646119,-0.3718550777842509,-0.16209201781385374,-0.5605859963612408,-0.3437007931266103
R,0.0,0.0,0.0,0.21485643809762958,-0.0029073091014068498,-0.19947138669280795,0.4041561652996676,-0.25230937543372856,-0.2866631169064862,0.38702936135764654,-0.5169249435405006,-0.36238081763467156,0.223960267340947,-0.7558374113291473,-0.4335923741386905,0.36535045317036247,-0.9181244976016385,-0.12972028748629735,0.3316232404119077,-1.3052507566210918,-0.2415760043693876,0.289514664342588,-1.559606360369018,-0.3193042841741589,0.23866368161978127,-1.771860024873776,-0.3714983234804504,0.14773157840502515,-0.980951727925975,-0.12613123412146546,0.15723778893670584,-1.4310383330399958,-0.2465345194046056,0.18790788994634233,-1.6895529513014338,-0.3234505227973294,0.20950260525330913,-1.902599432095846,-0.3629769231377964,-0.056924626769119066,-0.9144139429123398,-0.14764093879632134,-0.10276575386583855,-1.2972877029813525,-0.34968776910586846,-0.02498632309380236,-1.0180053179513797,-0.38621230927522543,0.03918533858515019,-0.7770320208310026,-0.357131182960924,-0.2629197642133542,-0.7216486547177821,-0.18357324889496676,-0.29328551933805996,-0.9733895385857646,-0.38886597310290616,-0.20691443267796983,-0.771171513715944,-0.4195416443059195,-0.1343195008715979,-0.5730641493405336,-0.39622820435236294
R,0.0,0.0,0.0,0.23938743533029294,-0.04699998883452827,-0.1264654002707456,0.4311026154670087,-0.26364377013502804,-0.18714501561352226,0.4490680622148169,-0.5326392758079432,-0.25142288939220103,0.27127071833354527,-0.7436135999515192,-0.3130510870687363,0.39294799650646245,-0.8991006946781964,-0.0700336720575637,0.3752856073029662,-1.224091458490142,-0.18757233082435618,0.3332984509460192,-1.4342654500220726,-0.2874660241597733,0.2617612288086946,-1.6539339411358018,-0.3648369410909391,0.2189307252209097,-0.9712326265126923,-0.09368309746962733,0.2905914514542495,-1.3721774317690634,-0.22480537378876184,0.3374294837301509,-1.5622215591238096,-0.31291558694492533,0.3490968733178334,-1.7408928818586775,-0.36850308197275466,0.05220801644011262,-0.9154853541706743,-0.13688373656020483,0.02371506751322745,-1.2873029078012321,-0.319945422167358,0.08628374154888185,-0.9614451713047255,-0.3478223373884096,0.1515867767182153,-0.7015264020181166,-0.3256705009743837,-0.13105088060531828,-0.7533857393481068,-0.19149666125517995,-0.13617711526077111,-0.9401825888221342,-0.35915334939532223,-0.06364485418628901,-0.740166238917889,-0.38447087440764,0.013555144807251422,-0.5531947240204733,-0.3731788851329116
R,0.0,0.0,0.0,0.21387985735486637,-0.01676040329557777,-0.16242078892654968,0.3946651136222826,-0.30894891793950013,-0.23213455241639253,0.33564018546017815,-0.6247687732638987,-0.2970050457840078,0.1643347489255041,-0.8709353731705144,-0.3635500024025363,0.32308703371875497,-0.9213431436184775,-0.10629859721911641,0.28133505941172604,-1.3224711255263661,-0.21723520048886816,0.23281820625864857,-1.6435879937483437,-0.3005934171794226,0.19315901531301527,-1.907895335034231,-0.36195017932685003,0.0965459947353097,-0.9878241053426302,-0.12199347443450359,0.057430501652405194,-1.4380333374235357,-0.23787612899877447,0.08414542535275238,-1.6629712759647362,-0.3152824016008685,0.1114647644436458,-1.8306870843694505,-0.36022256359724275,-0.10055611145888818,-0.9239216672024125,-0.15929143366320433,-0.1597734432156349,-1.2749411293351525,-0.35699541713700483,-0.08106263087220374,-1.011457023101751,-0.39263663060769044,-0.014815471057114228,-0.7693439095814406,-0.3697736229293844,-0.3120648310715855,-0.7459850092368205,-0.20839749818301986,-0.3506435260108314,-1.023133319116772,-0.3964631408784411,-0.2608821236046278,-0.8417322136386359,-0.41679050179846233,-0.18266000850619474,-0.6329873243506152,-0.3943777254313383
R,0.0,0.0,0.0,0.2091035596796243,-0.009909233278011517,-0.1529101526901435,0.3977966668163743,-0.26813904494970625,-0.21100904222409275,0.3699722056626389,-0.5534385916304875,-0.2661187477873928,0.20671657961284398,-0.7819194278053163,-0.32027228493789844,0.3322097704232075,-0.9020616027849742,-0.07817332156483657,0.29654840020268247,-1.2666924973052165,-0.17665690677504753,0.25395340344259354,-1.529924329285734,-0.24779289028759277,0.2064896392093096,-1.7478703530438613,-0.2985630604906276,0.13079045759812677,-0.9867361280530451,-0.09615440601531147,0.14561922133433444,-1.41493609031266,-0.20175284582068426,0.18473284779217786,-1.647311679185975,-0.26557579847079543,0.20936110717705642,-1.8387648370035392,-0.2962730573212046,-0.06249856596743733,-0.9324010712397206,-0.13774795359335634,-0.10459526430858149,-1.2888322506533125,-0.3287590581927285,-0.038537317275183704,-0.9897080022190662,-0.36023173563617633,0.016674894058380536,-0.7391221256197082,-0.32937420945720197,-0.27253190943851585,-0.744546673127217,-0.19082558840619707,-0.29764838929678744,-0.9699787441440377,-0.380421756448685,-0.21918075871683065,-0.7656659411738935,-0.4057003232645796,-0.15686396902656644,-0.5658945590751358,-0.3823750582566552
R,0.0,0.0,0.0,0.23830952658160748,-0.06381718531037683,-0.11150106229254626,0.4229584593206987,-0.2929482269781538,-0.1604438298646153,0.41316579949790033,-0.5809601881829723,-0.21481463389699498,0.25280624446438715,-0.8030022922937009,-0.2676803148747351,0.377486971618888,-0.8939459118241276,-0.050458951388341604,0.35749520795907136,-1.1923882183891104,-0.1576950992383367,0.3297288337578368,-1.4006195996648312,-0.24430942173576042,0.2785600444620873,-1.6023478767130332,-0.31341192916112204,0.2073569791373635,-0.9749422810984553,-0.08056445698673644,0.27049139003399525,-1.3674741225115352,-0.21396148794321637,0.30872643514031634,-1.53315335979931,-0.29911702425806547,0.3114018158266278,-1.6647650524118298,-0.34813914020097714,0.04229819699490965,-0.92212323892722,-0.12836773404657373,0.016166294562428025,-1.3055967250756804,-0.31136970499557565,0.07493771254254827,-0.9720910537942642,-0.32848981045409187,0.13556389365887506,-0.7113829837443887,-0.29758452581419553,-0.14316104726539977,-0.752252507484877,-0.18569251367309028,-0.14966479561972426,-0.9625154647048924,-0.35756162840028577,-0.07432353763358042,-0.7507178753709642,-0.3773632941366529,-0.002750421459142867,-0.5538733677614558,-0.35931478053293736
R,0.0,0.0,0.0,0.24732524918534993,-0.04351032606056272,-0.12852050591013472,0.4415663480647735,-0.2723284219819901,-0.19060724130133003,0.44856642994807183,-0.5891163194306864,-0.2546273183394767,0.32128967830173294,-0.848603416990065,-0.3131428664884982,0.41686158017967717,-0.8713885474233664,-0.07434341191126273,0.41534065604719156,-1.1850618436078242,-0.1738621534981511,0.3822654287683514,-1.4263257430274408,-0.24939248381051013,0.3170797495496826,-1.657918030105681,-0.31368773688687807,0.2508540216809822,-0.963476202313313,-0.09373295782377382,0.32490380535539687,-1.3657288794276754,-0.20628070304847324,0.3831801339138719,-1.5374504887325537,-0.2677660605515288,0.4064967140854689,-1.7171512370263418,-0.3091424596535059,0.09419245124518827,-0.9220700005248578,-0.13344939559489674,0.07185778453252258,-1.3211032314060611,-0.2951837970204404,0.1503302112709327,-1.0355062081489506,-0.31240006760712363,0.2134011809081318,-0.7894666539991486,-0.2936328181703014,-0.08871497370221086,-0.7704539261975936,-0.18621799236806055,-0.08571277834215195,-0.974395200951593,-0.33986298066420606,-0.004460615761072526,-0.8168316949498267,-0.3707739112278381,0.06392115480184525,-0.6415463648263424,-0.37216856774150325
R,0.0,0.0,0.0,0.251956375417553,-0.05073488529155583,-0.12825038499477243,0.4446051828550261,-0.28385386512780963,-0.1891112089073709,0.4460092941988773,-0.603598573455717,-0.2513159815410324,0.31266433747920197,-0.8599109044020887,-0.3089076528033452,0.41293005301582947,-0.8795927943873072,-0.0764723218544778,0.40761166448886665,-1.1972139321532984,-0.17927055960607963,0.37280389634461564,-1.433632489164369,-0.2608188879948579,0.30499832885458955,-1.6620528494759759,-0.32987586338384894,0.23911255836683024,-0.9663457546288909,-0.09487395291642778,0.31074217494639195,-1.3718708522121958,-0.2082649519572051,0.3658130777236168,-1.5404615381595472,-0.2757393662919929,0.38764861430194325,-1.7204040672507372,-0.32305236380716407,0.0804249970720805,-0.9178560957557581,-0.13314236552051664,0.05348599731328693,-1.3332091279136846,-0.29530942159662027,0.12966385326153543,-1.046063796001492,-0.3174712113026313,0.19659485031645038,-0.7997683041402625,-0.30349662841064634,-0.10019001855924534,-0.7589566505109254,-0.1838588862691501,-0.10124910037672541,-0.9746920222511382,-0.3408880839282724,-0.020908924471265036,-0.8155992793676333,-0.37557901176033653,0.0534971491001334,-0.6407330098556636,-0.37986028411057743
R,0.0,0.0,0.0,0.22138277772462592,0.009982119092479902,-0.1264611858273037,0.4428111082905995,-0.2990511784673295,-0.1717725190108175,0.40934871665710576,-0.6806064135037837,-0.21275475756907983,0.24766515469225422,-0.9443027418092435,-0.24988606776288502,0.3496547414896988,-0.8840722106079099,-0.08899042130192952,0.332403920783597,-1.2487999035525545,-0.16606723979084848,0.2868188296367742,-1.5854555572360944,-0.20521009341603277,0.2423165254975598,-1.830447002014736,-0.23643004061453543,0.13955092790724616,-0.9844480980786766,-0.1067121394664314,0.1355668683405319,-1.4508575937998018,-0.1959510248993242,0.1851509345861917,-1.6373803542187901,-0.2203804745377327,0.2383078754589676,-1.7802026211307804,-0.2249745088218288,-0.03762906568808835,-0.9523049247930603,-0.14135949706112064,-0.07386937439880843,-1.3442236327973471,-0.3032868725468356,0.007849601121426728,-1.1101844213828942,-0.2960476492652805,0.07058715108683963,-0.8733527804815819,-0.24833989145324903,-0.2407725663616177,-0.7905538398111669,-0.18631048912906256,-0.26411618037858864,-1.0370223253924435,-0.3333578954542466,-0.15842834785969948,-0.9050539299571302,-0.3349701334618989,-0.07461474788245254,-0.7118746094252846,-0.3044639902170578
R,0.0,0.0,0.0,0.2478306196937881,-0.060403346858138376,-0.10827685544247705,0.4340106238020586,-0.2933626339889755,-0.15758145948432695,0.42211496595832554,-0.6216930502671534,-0.21205267305696987,0.27374933325093737,-0.865325370130329,-0.26132171569037954,0.3898609990130499,-0.8792491808052225,-0.04626219644047402,0.37919852783041913,-1.1916791001767153,-0.13930216210509652,0.34337375122208197,-1.4349362335598002,-0.20982473091050644,0.27947000503226643,-1.6575889569687896,-0.27090827090745534,0.22023044036572303,-0.9727965147260634,-0.07187137172159339,0.2790324551158068,-1.3609760479681976,-0.186394163394106,0.3257500452765891,-1.5277764465811674,-0.24952549148427103,0.3436483515144808,-1.6993815120928857,-0.28929739583037184,0.06593223430826828,-0.9313707638997506,-0.11601950867324255,0.03337516765074775,-1.3143885492768301,-0.27368891319982985,0.1058344396783416,-1.0250899325578984,-0.28469689793718217,0.17061160926461488,-0.7915792654748637,-0.26045545905979484,-0.11342467340157027,-0.7698943922013115,-0.17109702644765398,-0.11221830972385241,-0.9693943545710321,-0.31412070484810084,-0.03452453248877354,-0.8045708098334998,-0.3345787409636488,0.034666694300711384,-0.6291932593523979,-0.3277293873791381
R,0.0,0.0,0.0,0.25085416268834754,-0.06626039870770613,-0.10300574239345346,0.4307082396255914,-0.2968460401943145,-0.15157958572426083,0.4256525956417481,-0.622614958502849,-0.20700999014407154,0.2845586778717778,-0.8641570478025825,-0.2566204527387212,0.39344929209632573,-0.8808201973414282,-0.03802647635339125,0.38347550699102495,-1.1876103912736045,-0.1283213240544091,0.34925793633317237,-1.4279099607611745,-0.19658262038467206,0.2850717333462001,-1.6468198446666567,-0.25586291767438213,0.2277580099848118,-0.971531634705403,-0.06521174475817626,0.2907759380465746,-1.3472229148828456,-0.17476735844944982,0.3368716918069346,-1.5200222293442485,-0.23454833012957502,0.35541260440596306,-1.699568006885441,-0.2729592178765785,0.07722333878673088,-0.9306733083740742,-0.11104331323693077,0.04188543609031182,-1.299059291199295,-0.2588112179260236,0.11239177669633557,-1.0206619401345638,-0.26367219797560254,0.177652699392221,-0.7971119172628106,-0.2373994960952575,-0.098983083525094,-0.772256360500492,-0.16828027387747452,-0.10400010685025264,-0.9692503523493087,-0.30141875212930597,-0.027222237385245977,-0.8140500725264278,-0.31704626040590317,0.043688954263540594,-0.6437421234868952,-0.3080472931871315
R,0.0,0.0,0.0,0.25342936494648566,-0.06590449044078288,-0.11464704893977877,0.43177639219146,-0.30514649739648214,-0.169592093124848,0.4286694097203356,-0.6295634243651097,-0.22904396476810762,0.28844466529493684,-0.8759916059652185,-0.2835261641605731,0.3921782005375805,-0.8891387230337343,-0.05382774558319699,0.3836243637785492,-1.2011897190130383,-0.1459073631618876,0.3471582892830268,-1.4469419450911691,-0.21437904771990002,0.28377329989044936,-1.6720463607368026,-0.27336423105796653,0.2239537496641208,-0.9715416221740593,-0.07714657733676741,0.2860297245456193,-1.3634632813372847,-0.18370578553646988,0.3329873526212324,-1.5377765264105743,-0.24027286534374215,0.35295870483800695,-1.7236235767612038,-0.27683329964425063,0.07325253247097095,-0.9249831329317014,-0.1201203155948527,0.03986193830524129,-1.3074682251202832,-0.2747551637038513,0.11917327091594454,-1.0391507471029635,-0.2885227724178516,0.1875037613684273,-0.8108337832998282,-0.2670570583172298,-0.10252103793053839,-0.7685240615872854,-0.17478323338852125,-0.10991666830188704,-0.9733027259261635,-0.3185834603822756,-0.030485024321629944,-0.8264712451793597,-0.34316616893776947,0.041493347071224845,-0.6563035478536494,-0.33981288747733734
R,0.0,0.0,0.0,0.2523496075715538,-0.059253200702609005,-0.11179224452984513,0.4357543945314396,-0.292942073899067,-0.1658177007116771,0.4354138763338417,-0.6167676311599781,-0.22585852885543173,0.2891356873140369,-0.8649140304449446,-0.28095100175947063,0.3978813537304855,-0.8792463065231485,-0.05302368171619981,0.3859477080649651,-1.1888368545375458,-0.1501327076648472,0.3472978811974114,-1.436516474174419,-0.22366692760681997,0.2761191263508091,-1.6638079881635301,-0.28677495866526836,0.22619275279507986,-0.9708593561195633,-0.07917669618069896,0.29016836774893034,-1.3725769339207101,-0.19036252000475162,0.34086377299646237,-1.5448204783741812,-0.2492455125258261,0.36264952041466214,-1.7287523942468832,-0.2877195384452016,0.07260218834190767,-0.9281025763569215,-0.12482199635889575,0.03820580462375521,-1.3239924043515547,-0.28208510014517096,0.11160433354261957,-1.0398914977343776,-0.29275415056869625,0.17809371451754932,-0.8029913019318601,-0.2692151980096214,-0.10444131411077284,-0.7680106429301065,-0.18237422859215474,-0.11374926104075611,-0.9712297118027923,-0.3294214493037623,-0.034800959794506404,-0.8107736599072587,-0.35334382198186515,0.03815017541325655,-0.6323844362806058,-0.3492418209293783
R,0.0,0.0,0.0,0.2501045251751415,-0.05511988277709057,-0.1156812975638523,0.4373006420761061,-0.2922833438811553,-0.17091830260611232,0.43222884847487164,-0.6106488279307284,-0.23075047460964335,0.290967200825233,-0.8575647677754753,-0.28533786111327764,0.39904972985728376,-0.8821455561067116,-0.05720807501683943,0.3862691464195595,-1.194375767976377,-0.15565373886197256,0.34514606823233,-1.4334639873685122,-0.23072122558435595,0.27071299728417064,-1.6569013077601416,-0.29378468943902836,0.227950123275222,-0.9702798714007066,-0.08121399173442517,0.2963653386913561,-1.3767539332842087,-0.19294830678237967,0.34868505310074693,-1.5453504457108354,-0.2522548163968673,0.36635205313975333,-1.7195858169536138,-0.2900296697138159,0.07311120845666681,-0.9256403496499546,-0.1251268928397201,0.039404556017073246,-1.327667045721535,-0.28494607977671793,0.1165190329355038,-1.0427552131969202,-0.29859938179497963,0.18314978445373098,-0.8009479068472276,-0.27602857554727717,-0.10507343304734493,-0.7651272500896668,-0.18103842330087397,-0.10903868408443607,-0.9671654705140316,-0.3304860131103823,-0.027605360435720518,-0.8060336626000011,-0.3560853235745233,0.04528211715893496,-0.6285092794669627,-0.352726879418628
R,0.0,0.0,0.0,0.24533227979970068,-0.05811850714660444,-0.11626219119385908,0.42995856865319465,-0.29649404312878425,-0.17200242877365735,0.4241462502807341,-0.6142873937417073,-0.23261779014351758,0.2836030558694955,-0.8604584512099854,-0.2879282000988467,0.39410825574011527,-0.8838917814482887,-0.053710277663677336,0.3816050904136097,-1.1868807563170118,-0.14945412004443076,0.3431131790126327,-1.4300061923622494,-0.22121850600101153,0.27352569836027774,-1.6513898832403409,-0.28193078109890685,0.22463775406345501,-0.9713356060523141,-0.07774972581501688,0.2907819371420558,-1.3659804991180247,-0.18818566431278955,0.33831500998378083,-1.53125494118344,-0.2455891560871956,0.35560331672899315,-1.7039654763114611,-0.28142189007761115,0.07065841701454513,-0.9284832867274916,-0.12186937690048408,0.0376247402231087,-1.3196092218682203,-0.2808386957478112,0.11015245227284287,-1.0386307283810479,-0.2918514732450968,0.17377328747870993,-0.8000793196619082,-0.26703784265881625,-0.10687149876397463,-0.7709480801915217,-0.1782063479209463,-0.11559365077680893,-0.9702930631994147,-0.3268506072068643,-0.035456478237152304,-0.8111955455698818,-0.3510516269526165,0.03656983784263569,-0.634577562501524,-0.34609493445608464
R,0.0,0.0,0.0,0.2501014544108713,-0.0552627162376611,-0.11636756122898745,0.43641431427066224,-0.29435886743325074,-0.16998826546635562,0.4269852579767502,-0.6127362118655376,-0.2275671518561736,0.28587021264094586,-0.8596242612173007,-0.28011231840548,0.3954308791281133,-0.8813988366844344,-0.05975074423701619,0.38252886831423216,-1.1943816469181354,-0.15873627182477976,0.3418374686146077,-1.4351833121720554,-0.23459675036943542,0.2688885039129316,-1.6616041776369148,-0.29857296415676887,0.223231148101006,-0.9711565899387662,-0.08380174423013959,0.2900710561965238,-1.3796640920343517,-0.19763246147002506,0.3401600413949364,-1.5540026527451252,-0.2593295171290369,0.3549519918944872,-1.7298169568702593,-0.29886176369132367,0.06674109656674151,-0.9273927269667984,-0.12738431702193012,0.034433787404655275,-1.3318565702846024,-0.2900772030558876,0.1095532217829446,-1.04391368430888,-0.30377289970889276,0.17331914382570987,-0.8004936827402119,-0.28042823189121013,-0.11249658711615043,-0.7676775957236218,-0.18272816361583819,-0.11709369197377299,-0.9790280110718659,-0.334844049574336,-0.03799404800141987,-0.8099435503663833,-0.3590165600417107,0.030966924006323053,-0.6254050680789843,-0.3537659920409801
R,0.0,0.0,0.0,0.20228645579069582,0.01879353684071939,-0.15957846652879396,0.4185765055550743,-0.26655438583168417,-0.22207414357576344,0.40480444370726,-0.6214962583241149,-0.2723251558086758,0.2649594301248171,-0.8949932891745644,-0.3165412519454672,0.3519659233130572,-0.9066819523315972,-0.10222042097969719,0.3447587538165924,-1.2697836728822445,-0.1903587080125593,0.3015680560702929,-1.581250801049001,-0.2459418894865381,0.25438040322700495,-1.8202712146779276,-0.28704184335130073,0.1408113576153672,-0.984812526772173,-0.10156992014925112,0.13275614802212996,-1.4210657097311263,-0.20579302801276605,0.15114518691613837,-1.563571780992921,-0.2548805473884612,0.16971890489199457,-1.6610192798201293,-0.2720932820460281,-0.041879202955756895,-0.9400159409420683,-0.11968859013637102,-0.07934758225901022,-1.3217181247478669,-0.2831204631904225,0.006324770500744035,-1.0921897473954751,-0.2877168932246034,0.07835468816780755,-0.8636853042759496,-0.24728388756094827,-0.23627170171305295,-0.7696721335754494,-0.15103305696249145,-0.2623083287173196,-0.9978993628511864,-0.3001215538632027,-0.1631860287873925,-0.8602775262075198,-0.30788844641732377,-0.07820749152117625,-0.678258525934024,-0.2792330514864592
R,0.0,0.0,0.0,0.2560701649635146,-0.04707034828833524,-0.12692411271231774,0.4523913753284178,-0.27280179280054206,-0.18400004746118614,0.44483633127985917,-0.5899088394238037,-0.24310988129392166,0.32297747081746175,-0.8392632073207491,-0.2964458564882363,0.42572189764981677,-0.8668727608256938,-0.07838285743112322,0.43008220708317146,-1.1897255614957027,-0.19678206956276734,0.40120773999716547,-1.4211792498807683,-0.28738051141865173,0.33774517131174725,-1.65246489019191,-0.3566041695723417,0.26799214102962193,-0.9580655796129931,-0.10144238516112966,0.3600659290793331,-1.3829270380113994,-0.234731919072527,0.4157559018254186,-1.6123961034781165,-0.3155171398431394,0.43881408434301067,-1.8300506443072746,-0.364031521919409,0.11137564081244485,-0.9185958056395505,-0.1441116640799535,0.08711910168494164,-1.290299270793857,-0.33047834396934445,0.13787160678516203,-0.977838132547318,-0.3518475812572763,0.194098671109384,-0.7273839189803476,-0.32241166390064513,-0.06805698647003217,-0.773795485705981,-0.19808262092502277,-0.07986074940827591,-0.9784349929478057,-0.3667685531845025,-0.01094216473459939,-0.7797485266380018,-0.3893274342450153,0.059118484583338994,-0.5873848070228509,-0.37420501158483666
R,0.0,0.0,0.0,0.21369630009323323,0.011585288013521561,-0.15187288680761085,0.42382643321594127,-0.269909577862128,-0.2109346604882861,0.41714122195581316,-0.6022024654507817,-0.26185059262887506,0.27498753411410354,-0.8732736672921199,-0.3083067417277731,0.36798047474705353,-0.896366118046725,-0.1054444031915242,0.37468694204789277,-1.2624617040608996,-0.20747269939278193,0.35030812791727317,-1.5257925373229524,-0.27172162291176094,0.31274422902487803,-1.7536977548055444,-0.31688565179028527,0.18794628488025236,-0.9746923905890384,-0.12104105802386314,0.2520336205371153,-1.4155549810654078,-0.24558487361597442,0.2953925873707383,-1.6702523191253154,-0.31354686851841923,0.31682165971145365,-1.9155367738236717,-0.34328866096445254,0.01409387373042244,-0.9300295334686393,-0.1554241955259943,-0.008319316003915812,-1.2916475531526774,-0.35932343029818,0.07280566856535495,-1.0054536106279022,-0.3793987119319848,0.1344526615833894,-0.7811973468007102,-0.33487439198920244,-0.17926188705429907,-0.7522854023037093,-0.2000406832461801,-0.2002747884926714,-0.9846081471242539,-0.3836069418515325,-0.10429071272737979,-0.8005929245800668,-0.39513846047259743,-0.029190883417209285,-0.6138580475638478,-0.3595280429970862
R,0.0,0.0,0.0,0.2717796842796081,-0.028233913879051806,-0.13340950582766128,0.48148993846881144,-0.200004388795539,-0.21834420277252617,0.6573974129516349,-0.37287285828875955,-0.3028599715782474,0.6427379653582711,-0.5307293019300875,-0.3937927307721998,0.4019386047258513,-0.8693122979182885,-0.19965522945698627,0.4455668092353621,-1.2316285483487444,-0.3316269974074608,0.4511464516761285,-1.4685724230243626,-0.43667943311083984,0.4310165511026846,-1.7136571141571422,-0.5231728883982785,0.22705999182789277,-0.9458194416972555,-0.23209770317392045,0.29677065084304516,-1.3994107612975768,-0.37398539152221244,0.3648796611024701,-1.6783988816396036,-0.48186800991328604,0.41210705116804686,-1.9347799036436786,-0.568730208379411,0.04645757386788929,-0.8750198363940114,-0.2744926462748143,-0.018756695689375703,-1.3149406151831806,-0.4379024770699233,0.049453370737574505,-1.2284990604727253,-0.5128223578554414,0.12893790981045003,-1.0895771266425052,-0.5522903829131071,-0.13697319678884756,-0.7056742011673081,-0.3276005597950317,-0.20953843837117753,-0.977473303684338,-0.4913309948399304,-0.16570618986949046,-0.901769627603512,-0.5558395995493153,-0.09765756931178585,-0.7559848210040506,-0.5912594812684285
R,0.0,0.0,0.0,0.2645833619628514,-0.04410941116198917,-0.13165258493356244,0.48412527369695,-0.2334936142850983,-0.2111459036214168,0.6551563348120792,-0.4350016955359065,-0.2872337265531872,0.6141739057552528,-0.6022956365545294,-0.3679018671385511,0.37312936073627745,-0.86985309753134,-0.1775707225822149,0.39162433044580375,-1.2100684716983445,-0.2932766921780307,0.3738582196688033,-1.4263493422779254,-0.38841696031264256,0.33063184530590867,-1.6537136891801816,-0.46395995671043516,0.20734990850256677,-0.9577857744996001,-0.1991291681551914,0.26696674461594555,-1.4155579871972697,-0.32074019734968945,0.33663342791811696,-1.7002955237011514,-0.41446208887073194,0.3809525926892752,-1.9425999847486115,-0.4884365894111661,0.03852882973969431,-0.9070888450735785,-0.2310726209901111,-0.03940359989607231,-1.306264006655154,-0.3654674902556875,0.032664393718096554,-1.303418588392879,-0.4390648625714688,0.10415332394968753,-1.2283810772775818,-0.48141278164809975,-0.13312999823136693,-0.7647449265488396,-0.2744877088624897,-0.19103593809673688,-1.0283422672720073,-0.4035981765705701,-0.13791767913960903,-0.9687467451531026,-0.45323976447581515,-0.07464997488866999,-0.8282294558744041,-0.48161611117949515
R,0.0,0.0,0.0,0.27538259544770427,-0.047525692935230804,-0.1329177367795829,0.5036933163702559,-0.2372140999397117,-0.2146186823437117,0.6718373873246458,-0.43128570892187146,-0.29183298649094974,0.6307017732327048,-0.6076830837478212,-0.3741389136749782,0.38982697935917926,-0.8708084344295197,-0.19354720868847308,0.40580915673273926,-1.2252595302312654,-0.3155183671878301,0.3846124176637068,-1.4560217405723246,-0.41582943357028107,0.34682712860631076,-1.693860726004469,-0.4956041293915881,0.22376778214828047,-0.9498371776201282,-0.2184887083651435,0.2822163763744989,-1.4218292648974356,-0.3417911754415466,0.35730845224237395,-1.714346894294993,-0.4395263974610879,0.41829897584666514,-1.9635902169997483,-0.5179427488225816,0.05216888450584338,-0.8960219621277462,-0.253787480223272,-0.023905688998830377,-1.2883884429466206,-0.38770144276792023,0.04786226312032445,-1.3275995270712573,-0.4660190334912422,0.1291100225447859,-1.2882804005788178,-0.5142887316643062,-0.11472673058613572,-0.7559012285773163,-0.3013573309239953,-0.18963357651445364,-1.0289637456887004,-0.4330785038114317,-0.1440276588730377,-0.999436414013088,-0.48859649939263133,-0.07677381399742016,-0.8909544918206495,-0.5223485102085189
R,0.0,0.0,0.0,0.27784615344171826,-0.04750232049447647,-0.13842235240737685,0.5053628532340881,-0.232657448708295,-0.22860870274134532,0.6723516067693508,-0.4202635023200342,-0.31481210572807683,0.6375210041915038,-0.5841492645427482,-0.40782085306684857,0.39223168833336947,-0.873811789779707,-0.20995960209693737,0.4145439881226961,-1.2307052428401335,-0.3371672502537193,0.39885042579169694,-1.4600184275882413,-0.4413396324109686,0.36865841117208814,-1.6978041847528806,-0.5244223383688186,0.22574974157057492,-0.9447626731186708,-0.2376142791636946,0.29149225357846464,-1.4167856108777164,-0.3677659027170964,0.3689123823801288,-1.717468937938712,-0.4754128123189822,0.4314186198114128,-1.9705010719515748,-0.5628500404712803,0.05011502348711246,-0.885143138511787,-0.27523466770758886,-0.019794474658556275,-1.2837726300005543,-0.41620492271179754,0.040562815335587095,-1.3386981365928106,-0.50660068314703,0.10861925282551539,-1.3056935457046444,-0.5645927372158843,-0.12114075606421836,-0.7413554807536649,-0.3247232546916165,-0.19357737097021996,-1.0228898949300385,-0.4630122551250839,-0.15274871178881796,-1.015948428204908,-0.5286139989451023,-0.09178622698917287,-0.9297469867844175,-0.5712855496098903
R,0.0,0.0,0.0,0.2796143406857289,-0.03057757618166265,-0.13362817280457928,0.5114133364292854,-0.21507879861316886,-0.21759688625682516,0.6854366363968221,-0.4184039934047917,-0.3013711733870786,0.5758845967689377,-0.5229853961954741,-0.3924744852706956,0.38118580317311135,-0.8864133706528089,-0.17796036798505202,0.3959517319428879,-1.2473626622252623,-0.2894209918790919,0.3915384799381251,-1.4680902699578102,-0.384622108715259,0.36089724410484086,-1.701111240707901,-0.46350546317310537,0.206600452763489,-0.9569500272131685,-0.2038698073149564,0.27158690008833286,-1.4286705340542525,-0.31860565030078214,0.36044913821834496,-1.7000261235843317,-0.4063617242237084,0.41355455873818525,-1.9345740965316256,-0.4806106767795464,0.030250879826190968,-0.8894757731445788,-0.24032312268519482,-0.027426527106608596,-1.3491240668653657,-0.38552366001929067,0.05102860214584687,-1.2511963418317114,-0.45453339214260796,0.10700057323251705,-1.0811607902691736,-0.48912302973953875,-0.1493522819181705,-0.7217291696746303,-0.2873563818503403,-0.18174529865340633,-1.0395909340800646,-0.42714094990647267,-0.12459634977323741,-0.9381032452058911,-0.4736263109787936,-0.08065698596497596,-0.7449476279207091,-0.4990272377373063
R,0.0,0.0,0.0,0.2751486016545707,-0.03063831684979001,-0.1379232609127394,0.49985208009984494,-0.20631853102793057,-0.2279878271186181,0.6738046580997434,-0.3872726477157148,-0.3185229539859774,0.615117292313438,-0.5126531832874879,-0.4164352559960312,0.3759145382264228,-0.8880218617765041,-0.19249551788428348,0.39198340787944363,-1.2660955808333814,-0.31187310597002743,0.3939071912530459,-1.5010256784711455,-0.4094862939183668,0.3740353148313843,-1.7439947918677958,-0.4894965204283173,0.19789419638898695,-0.9549107623089342,-0.22132176364317907,0.2581841597220972,-1.443567772467223,-0.3471127351390014,0.3353943173454155,-1.728664285224061,-0.446399941534367,0.383713575596081,-1.986411382352675,-0.5278470451568259,0.01713383231827564,-0.8825572259006715,-0.25954454282566475,-0.040928027974545506,-1.3446889718099673,-0.41541118335783467,0.035955113544406316,-1.230550981297099,-0.48527295283395594,0.0965961428768556,-1.0554397397424424,-0.5179760208400009,-0.1652700453543236,-0.708952694649228,-0.30819680362641505,-0.2000176667693307,-1.0176278910164784,-0.45488507763938835,-0.13606368632034296,-0.9143788808727888,-0.5017361991196863,-0.08098109786532905,-0.7300466388942116,-0.5254301868802373
R,0.0,0.0,0.0,0.2834215244941356,-0.028855400140436072,-0.13691411700464215,0.5099194320253054,-0.2054109804306364,-0.22446294205538062,0.685060062023359,-0.3925659762819196,-0.31260733823056025,0.6232513239670722,-0.5199390097089364,-0.4081088247143488,0.3916918954276619,-0.8796460475569408,-0.19352108934773793,0.40775397769836697,-1.263333158658795,-0.3161787852971224,0.406693702722455,-1.4986623148543077,-0.4141181175631592,0.3844504340650552,-1.7452265723054825,-0.4932887281078947,0.21022889659476496,-0.9519878297946273,-0.22253759897928094,0.264007635452586,-1.4467857359768572,-0.3532285501799022,0.3290937859860066,-1.7387628126351131,-0.4543115362752418,0.3669644408449777,-2.002372532390666,-0.535492329607077,0.031347192204993476,-0.8845677406349852,-0.26046821730608194,-0.03145357396112616,-1.347240857113673,-0.41896236868209924,0.04118161770385677,-1.228023688861036,-0.4866962371351728,0.10435570985648317,-1.054522025585771,-0.516456559461713,-0.14845610536106946,-0.7157177003967304,-0.30903505761448874,-0.18955124230332965,-1.0197309193891482,-0.45562630433573176,-0.12985232224893375,-0.9122574217865747,-0.5001450375003306,-0.07143654747051634,-0.7274051064549117,-0.5211170910591046
R,0.0,0.0,0.0,0.28445912443041194,-0.039861726138797085,-0.12237466489335538,0.5124004556803656,-0.220332955765628,-0.20163616751791405,0.6891216375467788,-0.41196882269871893,-0.28435672844077664,0.6330584959912241,-0.5350939070725784,-0.3750512908814712,0.38942754295691784,-0.8838661539097087,-0.18307879593090917,0.4108878863901482,-1.2865241419658224,-0.30484721051842395,0.41096034908082046,-1.5345962297933007,-0.39886713759313214,0.3952491955255253,-1.7822546591751698,-0.4735056758299965,0.2084745399552461,-0.9532260956854892,-0.2188569777152357,0.23946383073000507,-1.4499776122064083,-0.3570201148866425,0.28655578062594833,-1.7500530675854644,-0.4638555087587862,0.30646728580512445,-2.0088419732908482,-0.5461129813291884,0.029634549013576744,-0.8819938215008677,-0.2605888882616861,-0.027680333764276067,-1.3405953876729269,-0.4259119994397451,0.04659485583793173,-1.2002561700211005,-0.4871595100789773,0.104077437985626,-1.018572639579323,-0.5078923798569233,-0.14844779273804962,-0.7135550216601615,-0.3111683898210869,-0.1852507651854421,-1.0220932911646985,-0.4596276730715146,-0.1219818301513107,-0.9069258524442049,-0.4963961222227082,-0.06713678642595629,-0.7245460590631968,-0.507810186462075
R,0.0,0.0,0.0,0.28420609027752664,-0.038680407698096164,-0.12636779803415749,0.5189078513664165,-0.21748528702781028,-0.20308058326197206,0.6926338605277225,-0.41057750742015325,-0.2828289047058191,0.6262958405311685,-0.5284163359885808,-0.3701582102931048,0.3931576184785174,-0.893678560390456,-0.16676011327060286,0.42393529098447164,-1.279063480586776,-0.27583833715538,0.4339219192604244,-1.5179088781314407,-0.36301882272350683,0.43376525574511016,-1.7536961378066778,-0.4361506520412861,0.2101428457912948,-0.95766363474429,-0.19677486387008744,0.219970127250617,-1.4086563041635385,-0.3205181163782521,0.263550139948412,-1.6750866584633268,-0.4231498507559347,0.2899409244138776,-1.9014863884834274,-0.5074015903402237,0.031120515851062205,-0.8798054797695078,-0.2343605104321003,-0.021666522886398497,-1.3207813853749435,-0.38582724512584354,0.048624412764678146,-1.1984348170028962,-0.4499962804256904,0.09844805480995661,-1.0323321700851449,-0.480019222834482,-0.14540283493250464,-0.707256614254891,-0.28156421835368517,-0.18106597350429865,-1.0021505000831035,-0.42654574917855376,-0.11993665417830392,-0.8993843942318114,-0.47209847856235176,-0.06764293006745849,-0.7228930366562468,-0.4932131186107115
R,0.0,0.0,0.0,0.28053532701555495,-0.04535361764348059,-0.1338617509205692,0.4974554671673898,-0.2323549586303439,-0.21063325041827466,0.6581079444818575,-0.41598273954675363,-0.28857469943099795,0.5833886483302367,-0.5398629361570593,-0.37413592609303886,0.37418819363435113,-0.9269596581318998,-0.14701342058981923,0.4073450145120417,-1.3105570073317028,-0.24414525163169662,0.42397153589466297,-1.536760128219022,-0.33635848878934127,0.4320955602071213,-1.7571208216372136,-0.41811714026616026,0.18616514174471752,-0.9680926527012833,-0.16774729739987365,0.16838819975167565,-1.3841457480367847,-0.26201280256885,0.2017639512896459,-1.5497473929642718,-0.34913207369236865,0.22926106282016254,-1.6762118715061163,-0.42929062243105415,0.004805817693445945,-0.8802007870725786,-0.20131432873850177,-0.05454198018953872,-1.3149238255962419,-0.3241075025465562,0.02395852574969156,-1.2018761442363917,-0.3860784332414837,0.08366244808101399,-1.0177366284212375,-0.42633591209853877,-0.17474091361801466,-0.70326963567221,-0.24704595354990858,-0.20165283052918256,-1.0123640327707915,-0.38494242004809714,-0.1420050893644631,-0.9197052520612425,-0.43969947684919375,-0.08844715903783562,-0.7308646245206022,-0.47273203698822835
R,0.0,0.0,0.0,0.2721433369468994,-0.036299268913276825,-0.14945611726080354,0.5117078786116382,-0.23477549698406963,-0.22483469397896777,0.6721408754140551,-0.45240543094896046,-0.29441419145592035,0.5955637624734877,-0.5777302379368212,-0.3704149550272431,0.38081446773368616,-0.9076713063562845,-0.15996687513439267,0.39867488428114556,-1.2671357842799271,-0.2504475569136776,0.39502808033476855,-1.498327122308279,-0.33590817772992154,0.3859227133700505,-1.7108797209940387,-0.40966016129526434,0.19537148875576263,-0.9660669471722632,-0.1689515757920615,0.20221967840078575,-1.3940051818187327,-0.25825453432281364,0.24217049084854872,-1.6260054438958784,-0.35304014019191776,0.27361044553571284,-1.7939675855131665,-0.4383144488299383,0.01543611722965685,-0.9012986210400326,-0.19055849506729064,-0.03868668187144776,-1.3234191143171108,-0.30301025876795884,0.0285769343656978,-1.3316089165005804,-0.3906265421390175,0.0853618364662527,-1.2311150176853218,-0.45164948604392813,-0.16033418669379465,-0.7564637117391747,-0.22489187813984926,-0.1915653934351103,-1.0696741371680532,-0.3416688379729554,-0.13093122454830072,-1.0255733001581562,-0.40294452556550975,-0.07063469979700214,-0.8660779175251474,-0.44533207874986164
R,0.0,0.0,0.0,0.26891532531882995,-0.05214967235151153,-0.12819676394083912,0.4948314318402782,-0.26098775732045043,-0.20203783075844078,0.6565857116375785,-0.4776369258695828,-0.2731171248236113,0.5614273812341082,-0.6052755304378221,-0.3498328337781624,0.3613567570857113,-0.901914046867343,-0.15463142148854778,0.3641467597364723,-1.2424621680729313,-0.2496118244536789,0.34561669966071207,-1.471664591242455,-0.33861274834479105,0.3056731884886779,-1.6916866364124874,-0.4151891529811278,0.19071320991678292,-0.9661147352034203,-0.17392754234468497,0.2331306091288454,-1.3987921400604317,-0.26879289184245686,0.3106960769349442,-1.6405231151202833,-0.3545767872307939,0.3644118622054476,-1.8304504066759166,-0.43045318076439326,0.02107896006439637,-0.9024272812305751,-0.20430705517362813,-0.04233314884408133,-1.3243513165633742,-0.31645427395573505,0.035601454066545205,-1.3231531337376874,-0.38986456181345214,0.10383240285425979,-1.2237881091560685,-0.4393017287984571,-0.14612960219686644,-0.7494599432685825,-0.2463512147116859,-0.191099416013631,-1.0541685202735571,-0.3595569730918588,-0.1252633266132616,-1.0022739086308323,-0.4104943539446188,-0.06193325888552359,-0.8482226630740977,-0.4455444400636163
R,0.0,0.0,0.0,0.27367055717929406,-0.05986687681928562,-0.13048625201927525,0.5110178891356633,-0.27741883097508246,-0.2029864110892099,0.6708594087631544,-0.5018652185920935,-0.2730763621078835,0.5696959923690279,-0.638955499316006,-0.3493623884700672,0.36467056729767167,-0.9145690182116546,-0.1448003975804992,0.3601369899595111,-1.266726038351721,-0.23217798647157536,0.34035665470908133,-1.4996173754374456,-0.3160692583047903,0.3031030580629577,-1.715051420958107,-0.3885589468325453,0.1907856937693133,-0.9682491826445823,-0.16153742402632348,0.2133400401158895,-1.4020388254108467,-0.24369499044002965,0.28432315542817127,-1.6196657347394428,-0.3198515066273561,0.33386177610713225,-1.7826728354070303,-0.3892983499907497,0.02070802786332914,-0.9040409846416975,-0.19126494177309913,-0.039952188929226695,-1.3379900166207734,-0.296134608126443,0.05069102426351,-1.3234503615963682,-0.36560893505319625,0.12237145450294666,-1.2013664670759407,-0.4124470831302864,-0.14682816828672562,-0.7560022001619945,-0.23347728674013607,-0.18702175923639025,-1.081657234854725,-0.34152460165881887,-0.11544126922735257,-1.0348007214724095,-0.39033425108506814,-0.05032114237986843,-0.8691777110319204,-0.42403198463671277
R,0.0,0.0,0.0,0.27044868405727773,-0.05997350035289269,-0.1288960458762689,0.5119056575163875,-0.2778524352836805,-0.19968002395332382,0.6701220024935034,-0.49730234131087,-0.2680997436818688,0.5706409893058291,-0.6405289949722653,-0.3433171945911448,0.3633650041440026,-0.9208479790730553,-0.14011188329535304,0.36026958273537496,-1.2656099320788416,-0.22872147863660755,0.34206037950301,-1.486392626997478,-0.31802196551072787,0.30449916155732537,-1.6875719686674735,-0.3943592832607995,0.18983837439279547,-0.9690374069420048,-0.15788570408689975,0.20433570320088051,-1.4050948201333646,-0.23782786951371984,0.2590346728338832,-1.620802434300467,-0.3223768161126788,0.2925340579675393,-1.778900898557499,-0.40080391169082435,0.017785569394563976,-0.9052165745873788,-0.1885708843735119,-0.038605093822283366,-1.3490871640061464,-0.2929050310194376,0.04374069369350328,-1.3324419853277498,-0.37031132692444724,0.10463503192140731,-1.2032489261416814,-0.42461263331579235,-0.1528609817634542,-0.759897538144497,-0.23118626450544788,-0.186348473574459,-1.0880119969577422,-0.34130503911223314,-0.11976491709351318,-1.043839775628218,-0.39619711736235513,-0.06330236768754334,-0.8809348302604141,-0.4353420417322363
R,0.0,0.0,0.0,0.277931805435108,-0.059839538486941346,-0.12813232445713807,0.5187804967866656,-0.27693557000533525,-0.20639127539517485,0.6906277287662695,-0.49484947832326465,-0.28706110680646246,0.5894443109225912,-0.6418407562533227,-0.373884338216228,0.3728613330190485,-0.9188067431644258,-0.13467175478253615,0.36721163807029783,-1.2674090130266846,-0.2330411455027261,0.3449804776525323,-1.4805347116624494,-0.3267757465788942,0.2944184224882876,-1.6698271293115907,-0.4045138352609485,0.1962426806170946,-0.9679666770918235,-0.1566183972080879,0.2079175394159023,-1.4209368731041365,-0.23924810214980063,0.2745179165920456,-1.6142079092446464,-0.30838703721413163,0.3168185657158745,-1.773655346171309,-0.3753736491318844,0.021470846794736924,-0.9053222420041825,-0.19433590546605806,-0.02958027732748114,-1.385330668778425,-0.3008177520563939,0.06843640266014453,-1.279544486258715,-0.347650274842005,0.1352435929912757,-1.0798395114001318,-0.3778395989224327,-0.16095405495267961,-0.7606293483300305,-0.2463727444753729,-0.19497912528430117,-1.1124580996482014,-0.35926906950536064,-0.1177132072792381,-1.0550930146028832,-0.40235377161146885,-0.0549691268443863,-0.8728850649790438,-0.4312538931294189
R,0.0,0.0,0.0,0.2746128173764727,-0.0579352990397328,-0.12386605880931648,0.5125018268063618,-0.276772886552321,-0.2001397249970953,0.6832382038853513,-0.4899026362995362,-0.279773646534715,0.5922402589762901,-0.6431132492961439,-0.36606672127067674,0.37505071530665507,-0.9215622539011463,-0.13703151977706027,0.36348128961169407,-1.2684386354425214,-0.23945919102984198,0.3445912944003306,-1.4791384307398991,-0.3345483762661651,0.2999570295384062,-1.6593845077048033,-0.41188720374228066,0.19453935899279523,-0.9673339629165916,-0.16254058567248586,0.19427627294147473,-1.4185301598723687,-0.2516373938996229,0.25697058918967147,-1.6073120029083579,-0.3246711619452825,0.2967477964388466,-1.7521919231627552,-0.39309058817772813,0.01607818764326929,-0.9002565606745732,-0.20332494148755142,-0.04904465741130208,-1.3828684563055431,-0.3137768880948212,0.05426613142610974,-1.2784169333681579,-0.3613335575580856,0.12919093327646217,-1.0800455544123395,-0.39151475865940794,-0.16902220531234052,-0.750981710619125,-0.2578024245570157,-0.21218049053077898,-1.1036678086010197,-0.3723570714716904,-0.13292973808999708,-1.045214233330132,-0.4156613480639598,-0.06450883138164784,-0.8643954863527241,-0.44427900211371807
R,0.0,0.0,0.0,0.27763610069177624,-0.05864042701023072,-0.12140217234649055,0.5241362016825949,-0.2775321480513022,-0.19756567593561009,0.6948102766362529,-0.4785258887351369,-0.27724818660312767,0.6169587028251509,-0.6576188172397861,-0.3633614838710591,0.38749744419235765,-0.9261752225947009,-0.1373413087840397,0.4094574394924852,-1.2686415185508126,-0.2601658850529712,0.41410495239569256,-1.4279976405789165,-0.37198832459846076,0.3888859544615458,-1.5209638409597748,-0.45212295281627507,0.21081377100222295,-0.9633649348879665,-0.16578768405441444,0.22445165859112817,-1.3903226703715055,-0.26204399369582027,0.27620325767885656,-1.5664442131066403,-0.35433742285176223,0.30508047132850663,-1.6958010444540954,-0.4371760754523258,0.033475698469272556,-0.8924932567537315,-0.2107070176857807,-0.016241180552707832,-1.3586927864343465,-0.3269853756998225,0.08739840086639597,-1.2608280362590523,-0.3908952297559281,0.16393986566446572,-1.0715405421872484,-0.4334768847070558,-0.1490201502955983,-0.742108291276112,-0.26789957386571234,-0.18313834596712808,-1.087739464681276,-0.38591573994599704,-0.09603924571789511,-1.0238917965797396,-0.4357277268984951,-0.018906277292254414,-0.8440346196184966,-0.4690063302878774
R,0.0,0.0,0.0,0.2723738341716919,-0.05391595535030221,-0.136406482695999,0.5136968314119151,-0.2629652511726393,-0.22082942151269294,0.6802937616074967,-0.4579955288754032,-0.3074761637634461,0.6300968789330945,-0.6634052950298917,-0.3992445114922648,0.3888532061761754,-0.9183215149193906,-0.14938862820478066,0.40916748521867763,-1.2703656478078893,-0.27374736068384964,0.401504477901809,-1.4500858631834757,-0.38450094725711303,0.3641837289181089,-1.5691787911667925,-0.4631248675366165,0.2105905508657076,-0.9626166997409206,-0.17035465730638577,0.22201786548118688,-1.404782186652722,-0.26724217942545514,0.283845946360387,-1.5838310940043137,-0.3561353970528098,0.32594495747060626,-1.7099923688356529,-0.43470878348447833,0.02901014357792903,-0.9001633102970522,-0.2093896509866122,-0.018843279705418884,-1.3734263984362647,-0.3311611597189088,0.08237006270848697,-1.283022601176955,-0.39835784732971324,0.15162263114277508,-1.0853014097347804,-0.44042003701999666,-0.15609288263784232,-0.7594794816969569,-0.26167834814764757,-0.18970067763856935,-1.115088955101564,-0.38689433955294683,-0.10632638445343283,-1.0534553612475446,-0.44098661705880265,-0.03934177510997432,-0.8712670181125155,-0.4749018763791132
R,0.0,0.0,0.0,0.27718922009908525,-0.041911746456031025,-0.13179125356502314,0.529380134515994,-0.25357140180633353,-0.21117865169624164,0.7018279754828545,-0.4524015490940765,-0.2931855888754821,0.6503197886152725,-0.6498784366743239,-0.38099985849836776,0.4058867873454557,-0.9089811201067597,-0.15063468959731743,0.4232516806519422,-1.2627608213712318,-0.27233571696562225,0.4187762402238754,-1.4513175690265558,-0.3795177339051288,0.38231376298103903,-1.587088789227988,-0.4573854458677856,0.22748750209627147,-0.9581424564545116,-0.17381734530625267,0.24202159479444488,-1.4132060604023644,-0.27443073887486763,0.3198793708489784,-1.5855522367181505,-0.3584122456628029,0.3704106548383115,-1.7045054777160402,-0.43168641163757315,0.044591257767173174,-0.8981829288629641,-0.21414556326694054,-0.0024619094337888863,-1.392156097967037,-0.3403772823977108,0.10877832213438396,-1.278719536652925,-0.39952793923678587,0.1820589931097764,-1.0646903044515046,-0.43334046586751,-0.14472885308352793,-0.7608524298204071,-0.267392547779738,-0.16381897136515527,-1.114476889382267,-0.39653297656635755,-0.07304868673379435,-1.0439442380789996,-0.4480933955697371,-0.005826943510921841,-0.8582510081659197,-0.4786900090869585
R,0.0,0.0,0.0,0.2829607205110238,-0.038551795416539816,-0.1291538767661354,0.538028357851812,-0.245134487046027,-0.20897415943115025,0.7145393073313209,-0.43672340093628453,-0.29211637635447907,0.6681802943120013,-0.6388751112687068,-0.3820647924418133,0.42369430772002004,-0.9013667414679637,-0.15264871333303304,0.44703615857931495,-1.2517563819072044,-0.2764960765826094,0.45059786864572027,-1.4321005653923802,-0.38719371193882907,0.4212895066786314,-1.556800811972366,-0.4681311122724004,0.24986615068681195,-0.9517112479808929,-0.17836089035325728,0.2825450488203981,-1.40278628404995,-0.27897785690794896,0.36310292401924665,-1.5613915067855813,-0.36655254867443576,0.4136513201272612,-1.6657613299020706,-0.4441124520945808,0.06734528134700718,-0.8927611755205568,-0.2208675547173707,0.028348107745073896,-1.3860120897497652,-0.3452278345807126,0.13147206677933612,-1.2677420934883306,-0.4080027278604667,0.19797537179309022,-1.0462962888493674,-0.4468442164100237,-0.12498596605826011,-0.7572007935055733,-0.27605354846682467,-0.14438825339187059,-1.1110292621638587,-0.40491626690131555,-0.056552725447154915,-1.0401958244699636,-0.4599209386741724,0.00930032522356348,-0.8530462228494735,-0.49482009584198255
