S,0.0,0.0,0.0,-0.33411578174248857,-0.16892088540284972,-0.06371146083398638,-0.5763553916292242,-0.5620394117156506,-0.0801006821316695,-0.5575121177351657,-0.9778245778828045,-0.11648482799309748,-0.4064006225005745,-1.2667563536339663,-0.12790091828279518,-0.40171313508130335,-0.9275560343958893,0.10147869330705174,-0.5370120856973138,-1.1896176404232106,-0.04586797819789414,-0.5224139942183161,-0.8817193217579827,-0.10311072330220505,-0.4330054542516677,-0.8046913818035628,-0.11752146275695816,-0.2249798081711509,-0.9718182808111219,0.07037979110929084,-0.3306049224484419,-1.2158649357290576,-0.0925806783451337,-0.3277394524618878,-0.8196869736566677,-0.0939020490662257,-0.23153029012202747,-0.7741920370413578,-0.03997225034136114,-0.04051239156915264,-0.9590057326438526,0.0005873829187854713,-0.16154590819851505,-1.1771601520633426,-0.18133751779932686,-0.1775805622020047,-0.77956273878248,-0.11058665164233145,-0.08673973753986917,-0.7192640371725978,-0.0016070699234573926,0.16814029418391493,-0.901872624497548,-0.07812903215052187,0.015691977385312902,-1.0968750956195312,-0.17381833272775027,-0.025956515507965783,-0.8171391887609462,-0.11202338302849461,0.04086655078097394,-0.7122844214278679,-0.030514209632372995
S,0.0,0.0,0.0,-0.34168632084341927,-0.18301724132936373,-0.06479326393995388,-0.5789130759672807,-0.5704871985733595,-0.0850089746658622,-0.5517493902725396,-0.985370943075162,-0.1250982355998453,-0.38356649156522693,-1.2652682341258823,-0.13909415699748187,-0.4213663548835847,-0.9264155861248795,0.10009013393068135,-0.5583826149142033,-1.20176479131769,-0.047949815899269756,-0.5396873017462228,-0.8943302115293483,-0.10395783382662095,-0.45532417126985575,-0.8360552193621312,-0.11822210258166417,-0.23484071981356927,-0.9697544244142842,0.06652963735332379,-0.33629298023387433,-1.2120985231130508,-0.10199255151372862,-0.32931204802090414,-0.8056982014975561,-0.10544526722388592,-0.24010812432631384,-0.7791706148225062,-0.050744434580296524,-0.0429433236936539,-0.9576464101584665,-0.005549001556983346,-0.155738464649849,-1.1795937304095465,-0.1853172140978563,-0.17205128376860723,-0.7820872859712497,-0.11109632449110211,-0.09089885977419859,-0.7407315538810211,0.0002209923912703267,0.1731050302657364,-0.9059389079743021,-0.08723884174627435,0.02921562515596448,-1.0897199550506922,-0.1747964594522385,-0.013895687109695517,-0.8176070198181887,-0.10799532793705706,0.04883686742933031,-0.7328920871874031,-0.023752686793637585
S,0.0,0.0,0.0,-0.3386530816164926,-0.19083152900394804,-0.05892154187208225,-0.5741740101386463,-0.5746255869112155,-0.07671375753636303,-0.5493222133986952,-0.9798322354612957,-0.11519240393817959,-0.3926952390645499,-1.2571450543255023,-0.12846597123123138,-0.41401044355420075,-0.9286136257679475,0.10095118796082989,-0.5485300019857229,-1.1927837603163824,-0.042066278197590415,-0.530336468341029,-0.884025516524857,-0.09838849370114827,-0.44757602359768806,-0.8222931064119537,-0.11432570242058221,-0.23442582231432413,-0.9698851834119249,0.06608528452136644,-0.3363056198443912,-1.2082667488473415,-0.0940355603952492,-0.32941419391027155,-0.8083475827956709,-0.09822313109127244,-0.2404583414187735,-0.7797416474543692,-0.047530689944960736,-0.04763592711443571,-0.9577674395566599,-0.005853534020199884,-0.16145431268125568,-1.1807073350851205,-0.17594721106925662,-0.17607763524772035,-0.7904695238943495,-0.10270519187517062,-0.09358874387578017,-0.7468919315501059,0.00398972752317839,0.16391694605097193,-0.9059705860229327,-0.08715575193513565,0.02050184574943277,-1.0914931598577293,-0.16813819447235992,-0.02012141075467477,-0.8246817783602262,-0.10091831050280654,0.04476075819168085,-0.7403095819372691,-0.018802044187220895
S,0.0,0.0,0.0,-0.33692189853983767,-0.20077238377518566,-0.05044874843415475,-0.5727925594442693,-0.5897477536214868,-0.06620659432417351,-0.5472506358578174,-0.9844500349032914,-0.10440726081254124,-0.3692671750879652,-1.2345489047853044,-0.1190757883893141,-0.3900862045886704,-0.9450287950612585,0.10191829767281846,-0.5179795837113168,-1.2147998129654007,-0.04093642675127981,-0.505850573503105,-0.8974929608900316,-0.09787093066339668,-0.42375672230706324,-0.82690463262396,-0.1145482163546873,-0.2121618296004903,-0.9751914251968712,0.06315886543524687,-0.32033169134604633,-1.220603006790675,-0.0992101509674088,-0.32048436636025507,-0.8201684125746692,-0.10431761935902727,-0.22707834384068504,-0.7754936089585135,-0.05346610552678896,-0.028961513200725753,-0.9589205678342443,-0.011397204662741597,-0.15257778723218154,-1.1904842500526474,-0.18653904651346725,-0.1705458175325397,-0.7925109754880875,-0.11602859903984217,-0.08375828443758532,-0.7295182567375674,-0.008751153239111372,0.17941750355674138,-0.9018864737898897,-0.09373850168336888,0.024011976639012843,-1.098645764502065,-0.18157724634501735,-0.017689357061426967,-0.8194324859357829,-0.11568958609989835,0.04954056183072159,-0.7151846634180483,-0.032810788286355815
S,0.0,0.0,0.0,-0.3376072235870348,-0.20123256007737364,-0.04921825437518734,-0.571420566825459,-0.5909994257826013,-0.06281165479399899,-0.5483853939365467,-0.9884421794758546,-0.09956889090618186,-0.37017055954037875,-1.2363124508576162,-0.11297426108355159,-0.3870878359193276,-0.943944070048207,0.11345165282717513,-0.5103398803008816,-1.2111213331379092,-0.025868303630302462,-0.5002142055851783,-0.8952659188450571,-0.0827275940800981,-0.41835566148776654,-0.820964445042681,-0.09944678805857628,-0.21076867376810196,-0.9745842378406657,0.07590869193026738,-0.31620170823822036,-1.2215240650949801,-0.08281562380094419,-0.31850396667794795,-0.8232199935529153,-0.08878135415761755,-0.2256518044941072,-0.7746496175062322,-0.03840115813666742,-0.028235103337699866,-0.9584780357693478,0.002238737772211028,-0.1494315795454552,-1.1898675422409237,-0.17057427108015463,-0.16974167527116554,-0.7941767973924457,-0.102446348171819,-0.08358140064576557,-0.727965748399177,0.003399869545959081,0.17864571417130434,-0.8999411079582609,-0.07912841043047349,0.02492145897780993,-1.09853295585147,-0.1658211630686088,-0.01739906224745728,-0.8208880306899402,-0.10127195370781784,0.05060352787133973,-0.7150972180364693,-0.01920224525494807
S,0.0,0.0,0.0,-0.3282375474384099,-0.21027203155045168,-0.04400134132582224,-0.5562432577294103,-0.6036878955834318,-0.055355249282037354,-0.5355390828411785,-0.9931679771714952,-0.09121385189920615,-0.36078483334655026,-1.237545902685441,-0.10472584696484538,-0.36497396040589464,-0.9523967096871649,0.116592949682057,-0.493674690545276,-1.2136090016474814,-0.018926704582915444,-0.4859673942590103,-0.8994964438363516,-0.07214526167826876,-0.40078118396333945,-0.8237496250755207,-0.08640091509548106,-0.19036831901915952,-0.9786741328907677,0.07718059810809925,-0.30122063785038866,-1.2199184043269145,-0.07785467161715987,-0.30534512371481987,-0.8196807839510405,-0.08005740085764995,-0.20773369844298673,-0.7683518989002803,-0.027466164276042395,-0.008888719637281044,-0.9581553294016938,0.0021516342815648976,-0.13482109619726435,-1.1828678929071714,-0.16862395274654368,-0.15580727107498837,-0.7862790569561876,-0.09802583431572147,-0.06545865057388424,-0.716591406146028,0.009347430083800758,0.1962391167523521,-0.8945814916760497,-0.08010343827224015,0.04130861130046376,-1.0970880276513448,-0.16567399017430653,-0.002699602892712146,-0.818763367679593,-0.0992280203185823,0.06576275296507349,-0.7077786565728716,-0.015767734092117368
S,0.0,0.0,0.0,-0.33889004953386714,-0.2283694397360638,-0.05629572202330075,-0.5427343011498618,-0.6193295001693156,-0.0814215879622848,-0.4851904707117857,-1.0012475424434568,-0.13086857690321435,-0.2894438697050802,-1.215183096988128,-0.1576768684169922,-0.387314187047142,-0.9562414323369333,0.1028532662998451,-0.5120588475968495,-1.2447831490387626,-0.054643947727196315,-0.5007308273118322,-0.9443529154455789,-0.12480113641064329,-0.4239971645796257,-0.8558025568372506,-0.14486538675092744,-0.20389513421612807,-0.9770461117525553,0.06170631857598096,-0.3006513252450911,-1.2309916003879928,-0.10742537575478799,-0.3167374315032059,-0.8519278243226643,-0.12357464904608835,-0.2370361424331284,-0.795809494693194,-0.07865160309570086,-0.017653560515322762,-0.9470147958941525,-0.017115678426753236,-0.1293908498313611,-1.1761001943400584,-0.19642173104763766,-0.16148156012967782,-0.7983628556140494,-0.13710244120988338,-0.08418773850750683,-0.7315391421184512,-0.03538160491357269,0.19042745556664997,-0.8785443773659173,-0.10446275887644335,0.04281252969457614,-1.0805037213344908,-0.18841233698371276,-0.005643690874092536,-0.8146981965551187,-0.12225718933367315,0.055894761390831015,-0.7103976469072557,-0.03876671904551426
S,0.0,0.0,0.0,-0.33315271222518,-0.23373769975919673,-0.05945872436285146,-0.5309579887524674,-0.6305491615289495,-0.08560542263552025,-0.47581755887695043,-1.0131343266122885,-0.13573827886375478,-0.27438049651096524,-1.214355468699996,-0.16289274589480618,-0.3674413480073326,-0.9665371086236152,0.10300216533983905,-0.48625134033650663,-1.25762140961494,-0.05381679690244913,-0.4811842534513343,-0.9590640368327109,-0.12470790077719446,-0.40647820249113953,-0.8667294523965074,-0.14540204885100516,-0.18475522160720304,-0.980713958777862,0.0637623646607248,-0.27618197221820173,-1.2346371071081015,-0.10394211718070008,-0.2999798334991662,-0.8620657095470744,-0.11996532787833022,-0.22244519310319374,-0.8033076857760328,-0.07557449243589873,0.0006582358405083037,-0.9445389208983731,-0.013645396525038463,-0.1021358107143266,-1.1767021034066347,-0.18866317464237262,-0.14372834131400172,-0.8084237686554935,-0.1293247172907186,-0.07113182133547707,-0.7394919237807981,-0.029017970689033036,0.2083483134223831,-0.869837262682494,-0.10040857675813568,0.06637391606943467,-1.07538097781113,-0.17875695895924715,0.010958658088024452,-0.8167127645443859,-0.11236797802949966,0.0676574984853198,-0.711767624888588,-0.030333210430538084
S,0.0,0.0,0.0,-0.3050848037493079,-0.2667922833386482,-0.05728442954229598,-0.4687151040190227,-0.6881707463081257,-0.08280750462437711,-0.3865845310541161,-1.055514429187274,-0.13122975507354087,-0.17723463855930624,-1.2181008737309906,-0.1586519766299788,-0.28134516733903026,-1.0000531092189762,0.09095777439971423,-0.3698305189053189,-1.2927308373172806,-0.05809445358762745,-0.39197998880312807,-1.0023245534974923,-0.12546093033750688,-0.3345230459639608,-0.8985606065912506,-0.14638442239983868,-0.09939257194301002,-0.99369266533697,0.051923053628059004,-0.17264242873566343,-1.243246610575416,-0.10491068029277158,-0.2236144026030251,-0.8822428210505193,-0.11880790525934079,-0.15454663375039354,-0.8151481250301941,-0.07727765614369449,0.08219633465372123,-0.934641112627982,-0.022982000641875434,-0.003869719918152401,-1.1653425591240547,-0.18572017368936905,-0.06977093015363928,-0.8115925504768521,-0.12587405148734063,-0.0069331926447228145,-0.7351188157572088,-0.030721910849212455,0.28026765318108793,-0.8324965473088005,-0.10723454924529924,0.15616868135186504,-1.0386474446777936,-0.1802366819228139,0.08541532488762352,-0.7910453552402965,-0.11501633288862266,0.13135230837118178,-0.6838715759018698,-0.03677375314897995
S,0.0,0.0,0.0,-0.29989393283052196,-0.26619528407611615,-0.06035650147908371,-0.4551645805731848,-0.7006134872046391,-0.08375583890351262,-0.36564838629469687,-1.0683444076290214,-0.12941708510220648,-0.14936639513988026,-1.2117856544392158,-0.15341063101325825,-0.2559825525409003,-1.0112946740827067,0.09591126423174434,-0.3459470151502183,-1.295767560458619,-0.05308991278135478,-0.3699747915612629,-1.0149045758715107,-0.12028071720471757,-0.30960780638029983,-0.9130702406060379,-0.14056444675911464,-0.07520020184453091,-0.9954073229856241,0.05923842493800003,-0.1397521612141779,-1.235714561068755,-0.10036585221891814,-0.19835961621237602,-0.8754720093014428,-0.11259729656003757,-0.13316340858904835,-0.8095429115513606,-0.06774452940545192,0.10442892468179825,-0.9262008954370298,-0.014505494242050982,0.0281476439137984,-1.1536061219324945,-0.1834496131555772,-0.04808392701967368,-0.7995787291887836,-0.12467742559456212,0.011512885658639024,-0.7213812002862443,-0.027624343674701894,0.2979442515329373,-0.8139589484885906,-0.09779217227668473,0.1835394868725002,-1.0159058111227073,-0.17646567009538963,0.10277288333595946,-0.7709397057602284,-0.11442077866487751,0.14307348201669692,-0.6650214656377774,-0.036702562682167816
S,0.0,0.0,0.0,-0.2912878424312098,-0.2645234918207013,-0.06026009860573741,-0.44049548828429935,-0.7044741359181859,-0.0824152378644911,-0.3469818239494061,-1.0653536390740292,-0.12633760447713102,-0.1280132506959155,-1.2033803959678917,-0.14748102293692258,-0.23925533186520054,-1.017093841213552,0.09226924184707681,-0.3188197392848365,-1.307146987602479,-0.058663573189040724,-0.34788585442624503,-1.02258905269902,-0.12426561754627609,-0.2929897975474635,-0.9197940233718875,-0.143136925925869,-0.05868406805726849,-0.9967178050846682,0.05576555552893791,-0.11425817511238094,-1.2350755536866322,-0.10585675331947875,-0.1797474410393005,-0.8681776312702567,-0.11543658195752607,-0.12064332062460797,-0.8043456270636007,-0.06806224468640333,0.12074931718722538,-0.9222793695782486,-0.017834904413947795,0.04957776130555833,-1.1435168156457858,-0.1890948772993412,-0.03277479281014267,-0.7828503983632454,-0.1271775589391197,0.02339376919408183,-0.7090354849045526,-0.02747267601831251,0.31240181133056283,-0.8044931480528105,-0.10073395720533566,0.20171080301208147,-0.9966869895891445,-0.18019377497549202,0.11735720863385476,-0.7535063973880884,-0.11661467364987477,0.1560022440664789,-0.6580568205755354,-0.037585374714733354
S,0.0,0.0,0.0,-0.2846329025251875,-0.26046130120685906,-0.06108689240052904,-0.4416349213926846,-0.6942589261705855,-0.08605753422823945,-0.3551152679985407,-1.0592083217823138,-0.13289081918882534,-0.13276745342571247,-1.2015151655881389,-0.1558402108796858,-0.2349229441741972,-1.0168115378119258,0.09097298556982536,-0.3257907045283248,-1.3036266900090379,-0.06419079978432472,-0.34865384622593365,-1.0156171735252622,-0.13085122939403335,-0.28750580349612626,-0.9164994846158712,-0.1498732067446059,-0.05455037962110124,-0.9970599094013879,0.053812574252586405,-0.1201757143228111,-1.2291430630488775,-0.11176928685778127,-0.18028256928008704,-0.8578421072040899,-0.11911059154612591,-0.11670400282603735,-0.8029836376133875,-0.06948004398187387,0.1239298959044693,-0.9216293237362134,-0.021195184933320354,0.04264104134586464,-1.1392572173441657,-0.19771944061114738,-0.034624405723889855,-0.7749732873820693,-0.1335130784227061,0.027720498145752805,-0.7097187896557496,-0.03112596383299862,0.3141929301053628,-0.8024781876844014,-0.10554128693207758,0.19915421978590797,-0.9926608883484714,-0.19004518598031978,0.11794244199912036,-0.7480658948995695,-0.12734775086859346,0.16146606666170704,-0.6566350398758433,-0.04782598647026473
S,0.0,0.0,0.0,-0.28549180499138005,-0.27042935171163773,-0.06011214415608021,-0.43453185392451565,-0.7029166408292884,-0.08597450204132635,-0.3422560552307007,-1.058341179980706,-0.13353705263754842,-0.12281371165316891,-1.1987389030273736,-0.15803799212604214,-0.22504647632317687,-1.01988170947644,0.08799913185927408,-0.3130716700267871,-1.295254211338627,-0.06260409889965812,-0.3418834446054665,-1.0068053279218911,-0.12565317088511277,-0.2813230687711025,-0.9139984594442067,-0.1438692684295852,-0.045488012124577835,-0.9977355608787508,0.049543832218739176,-0.11155330868208305,-1.2271406874240232,-0.11431769909949666,-0.17386793835626768,-0.8587484582823413,-0.12094182515467823,-0.10458067481386618,-0.8015825124600491,-0.07111463357137912,0.1306795768901173,-0.9203525532112108,-0.02590819514442348,0.046068849502797854,-1.1337603066685857,-0.20012381824981826,-0.03139085627551609,-0.7756260189546449,-0.13605948599308854,0.03508356868749351,-0.7098548036364833,-0.034525662481075435,0.31785528379804384,-0.7977549320218232,-0.11046240042724204,0.19858088833530466,-0.9871059783243669,-0.1936226030715931,0.11785311052797755,-0.7466309014201551,-0.13066453603376227,0.16505304172055846,-0.6550744706810421,-0.05149097892289187
S,0.0,0.0,0.0,-0.2838536346454852,-0.2676510934714765,-0.05983496049861934,-0.4356214348181701,-0.7010798597141553,-0.08475951326325536,-0.3447783732752563,-1.0616963053660797,-0.1317090260605758,-0.12212253064594614,-1.2014195016145117,-0.15481626377051633,-0.22620987427585573,-1.0195868753019042,0.09094748754483775,-0.3121812426558642,-1.307595410860839,-0.0636201129138742,-0.3411062498345114,-1.017338576707658,-0.1292614950063729,-0.2823278756515602,-0.9179050691106754,-0.14799517492359063,-0.0462277865013668,-0.997545350970263,0.05259528983472544,-0.10822131551096197,-1.2324002169131187,-0.1140083646860733,-0.17326896508238387,-0.859316140625122,-0.12178295801869252,-0.10957617214707414,-0.800726778377239,-0.07197318253313825,0.13132328029758483,-0.9198743500864874,-0.023281951322105976,0.05207642087083008,-1.1360071663645845,-0.20083671187839455,-0.028664316018633274,-0.7710196977185502,-0.1369935525205581,0.034056849298654594,-0.7032918307133081,-0.03443641733721875,0.3205844118241825,-0.7972165567259704,-0.1081615128086827,0.20541639260669373,-0.986729270403663,-0.19316844453678764,0.12266429979545922,-0.741619720789129,-0.13024961914798758,0.16710086475726296,-0.6492892882184486,-0.050392015583796974
S,0.0,0.0,0.0,-0.27120799957933556,-0.2888035404608375,-0.05698802605976185,-0.4045911513505011,-0.726101726265644,-0.08126027614315035,-0.30636891246591885,-1.0673250315392104,-0.126436893652781,-0.08849293728275058,-1.1902822061245815,-0.14917940857953196,-0.18476622380553975,-1.0316244071160914,0.0829714979005861,-0.2614635598580188,-1.304468611950411,-0.06153682295009141,-0.30174985349707495,-1.0186587688209368,-0.12100505992296594,-0.24984575100978484,-0.9276006181420355,-0.1386091763881124,-0.004743062713562192,-0.9990095970918406,0.04424170288871988,-0.06906890482003901,-1.2188826230589958,-0.11240679593989698,-0.14160905559179365,-0.8625580236548321,-0.1175432618756098,-0.07696198473709423,-0.805330349148619,-0.07006893818232525,0.1697837800172831,-0.9103689289409235,-0.029835332714455678,0.08924554875502345,-1.1162950229101316,-0.19664841782661432,0.002651210798331857,-0.7698807383663236,-0.13256756363786826,0.06365547034715131,-0.7035880143522806,-0.034741643539672566,0.3523411267285943,-0.7751792949112039,-0.11261208655493547,0.23833541207364012,-0.961996787588248,-0.19110618855523512,0.15025539115641898,-0.7280726879500926,-0.12755954357236093,0.19145984931913812,-0.6369397055741622,-0.05016644451759028
S,0.0,0.0,0.0,-0.23306825122711303,-0.297810546441815,-0.06789578519416309,-0.3315563953207684,-0.7494928945402662,-0.0960744606701674,-0.2129799021137089,-1.0719604713413187,-0.1418147115064126,0.011037725630958797,-1.1773982984874312,-0.16229103898024996,-0.07796332599289182,-1.046105418430368,0.06600512642405588,-0.13808679563908668,-1.3188643947145455,-0.08047116114103046,-0.20888780531337423,-1.0336874436452983,-0.1363752394230815,-0.16613646284238195,-0.9286250587789503,-0.15129979020155673,0.0947693557721206,-0.9949519145901474,0.03300692139441663,0.04140683448304239,-1.2125958788528182,-0.12078359578171506,-0.06312935506537434,-0.8571723862899986,-0.11736763382586014,-0.0023448338802699933,-0.7856791715827148,-0.06545072268169744,0.257887130389534,-0.8771099823652363,-0.03610755200164015,0.19281196222431599,-1.0836462323253013,-0.20821865087746472,0.07025006226516413,-0.7332126333187757,-0.13896200632399702,0.12533434755277711,-0.6447529269997067,-0.037015651015382775,0.4242137148978838,-0.7078786546034408,-0.11443113694680626,0.32250758556914316,-0.888178007969896,-0.20335630527384452,0.20691019857915433,-0.6662816984544305,-0.14455648571116816,0.2327471141819036,-0.571011326215764,-0.0688606699860827
S,0.0,0.0,0.0,-0.23430055011131096,-0.30333483795876576,-0.07877352340954012,-0.3080358371597823,-0.7827384836756179,-0.10678927497095246,-0.15944216072566444,-1.1000491614991539,-0.1502224159976678,0.07840164562506137,-1.1595926643595071,-0.1682004071122843,-0.0247366034366153,-1.0604434164337118,0.06392748969665571,-0.07514521375589785,-1.3147827683767224,-0.08080101251058845,-0.15572996482558502,-1.0332430652013476,-0.13311045381703068,-0.10877283973762131,-0.9415109611912158,-0.14821266023166244,0.1517319038340845,-0.9878589442219567,0.03334869831890294,0.1101009079848646,-1.1992066165882749,-0.125318871397951,-0.02086324869305015,-0.8416256266429916,-0.11779426160666286,0.040988918552157784,-0.776804384831555,-0.06071982254557613,0.30978097852512054,-0.85110522004374,-0.035404440891379604,0.25098102334476485,-1.0534786257797897,-0.2138300768255907,0.10481656066850596,-0.7043351326659694,-0.1390648307497002,0.16176127059111547,-0.624191436685134,-0.031513376128576416,0.4656738075787784,-0.6654489533097679,-0.11467296814271391,0.3738703971755963,-0.8509521617770432,-0.20841153705953067,0.24569880775914016,-0.6329219399059766,-0.14754151145671626,0.2747029229520257,-0.5437220122481529,-0.06959811466120755
S,0.0,0.0,0.0,-0.2191096659816864,-0.32415845417837413,-0.06752875632758254,-0.292118611796379,-0.7837753273261925,-0.09482228018943364,-0.15405256392138592,-1.076376919726204,-0.1397943489661657,0.06751995844234228,-1.1310315887896676,-0.1587461798841424,-0.009658598259462385,-1.0612446426735578,0.062472515340004406,-0.07606174009189348,-1.3208834171635575,-0.08649398858866227,-0.15734096838390213,-1.0343484828914586,-0.14108148619196748,-0.11199756518106695,-0.9370231263374954,-0.1558675713856183,0.16056367775171773,-0.9867053458488244,0.025136942140886256,0.09791995798979554,-1.1943090431765495,-0.13725963857429507,-0.027711569730675432,-0.841789773300736,-0.13044042691557545,0.04022851289753031,-0.7806398058927019,-0.0733343638954476,0.3129485189758416,-0.8482877075596,-0.04899659654770007,0.23692976456319667,-1.034310870422116,-0.22478583167002666,0.09658983508474518,-0.6963110275256997,-0.14939112996637852,0.16087917641639124,-0.6253812098007002,-0.04251999988831557,0.46172479353210244,-0.6609920063812158,-0.13350120497164625,0.3586587197907554,-0.8264067802462459,-0.22012596606964496,0.2318898964339388,-0.6182050345178433,-0.1570036757914659,0.2635533099785519,-0.5392892075339545,-0.07859962170580083
S,0.0,0.0,0.0,-0.1914063735081493,-0.2937431870196196,-0.08333524435938641,-0.2724144664842058,-0.6951060895436102,-0.13241679093769498,-0.15603576758686669,-0.9267104100427979,-0.19070996771319776,0.05411564522114581,-0.9170280911349546,-0.22199064394941995,0.06860373068927304,-1.0472336435303689,0.007374920709660921,-0.0833737111943835,-1.2060657171672091,-0.158305890275867,-0.1589205112955015,-0.9214339269122194,-0.23488705215108946,-0.10522423174607268,-0.8380659213732333,-0.26746288987483,0.235220636210822,-0.9715594468423284,-0.02726707817139408,0.06821467631185534,-1.069385761460336,-0.20162885370215294,-0.03611697696796939,-0.7468233981787589,-0.2059191053821853,0.03288918072855928,-0.6883693152347314,-0.1614522694872806,0.36819218336191045,-0.8240961590376237,-0.09737946438354779,0.18080330446053286,-0.8715899454156312,-0.26641128855209284,0.06651403439993502,-0.5726579105663042,-0.2018380016328179,0.13845343387597733,-0.5221084782703334,-0.11051681394332193,0.4852342538500757,-0.6266719238006819,-0.18177136761379006,0.2993129764979764,-0.6609194071173109,-0.2651075462937618,0.18915923679018623,-0.4710669331963272,-0.21949466487788968,0.2337467941009527,-0.41999472022455947,-0.15754420756801582
S,0.0,0.0,0.0,-0.20517925860118016,-0.3055063842552757,-0.08572263604760372,-0.2972866833152434,-0.6932194776268035,-0.16179468460695548,-0.19200857117695053,-0.9070519605827244,-0.25100540816001476,0.009491890533847483,-0.8588435641067221,-0.31153093951155475,0.07079050271674384,-1.0592317019121618,-0.022269169944575323,-0.07967292776639578,-1.2084976665390121,-0.2167830141193719,-0.15653563227896336,-0.9411272422651131,-0.299442803253513,-0.10553829803686558,-0.8559615809174573,-0.33303898183754616,0.23553568715888804,-0.9692089078131387,-0.07181248561533826,0.0500043707299749,-1.0375410714150284,-0.27716004102379765,-0.05554362702281953,-0.7137494652633033,-0.27654271697345606,0.02581759018830181,-0.6860415082150918,-0.22290461261668512,0.36287283937524123,-0.8076030184689271,-0.15963354523722195,0.13734276844569115,-0.8144580232650821,-0.3498648230945814,0.03325403906708019,-0.5179073508020319,-0.27432222297627373,0.12467296357456475,-0.4990690654732695,-0.17367440046428087,0.4708964201823188,-0.6022905683980945,-0.26323762561508285,0.24484166647076605,-0.6036783462733949,-0.3594510388752276,0.15334712010391033,-0.4171993316733602,-0.31348219903257335,0.22342613069483674,-0.3932798321928374,-0.25020619198296123
S,0.0,0.0,0.0,-0.1870379687214841,-0.283131972510358,-0.11400021444770773,-0.27790992457867064,-0.6665346545342866,-0.2038819670521393,-0.1946527266786429,-0.8828049899004458,-0.2982536043286931,-0.008730046713128698,-0.8210546519853836,-0.36083323480570917,0.11721678547989244,-1.0495016951031617,-0.057129881356070555,-0.03520248395019054,-1.1818715933438713,-0.24791657035568387,-0.13187919629710032,-0.9254859257123481,-0.32647656604779235,-0.09944928593837696,-0.8385941078422138,-0.35840691905045563,0.2785465278494458,-0.9562935245100639,-0.08896362629264748,0.07276431880249316,-1.0073522633884398,-0.28403196886388377,-0.04145014557505368,-0.6808067994782147,-0.27640120390801626,0.036551376244738996,-0.6511521529628423,-0.22113648039694125,0.3951556751038456,-0.7851080443641278,-0.15938095253761986,0.14946895986415795,-0.7675543301723134,-0.3376622298429426,0.045305097174445336,-0.4904623318413875,-0.2626449147628111,0.13295475900025244,-0.4736435944642333,-0.16679645250525024,0.4838027029780484,-0.5721518302936492,-0.2484944140415632,0.259914740052721,-0.5568369437195517,-0.3384319109069041,0.16608449354902075,-0.3889912319372553,-0.2968387784442253,0.2270924116192108,-0.3677066764329563,-0.23897085511653543
S,0.0,0.0,0.0,-0.18719727301379566,-0.28397431000874185,-0.10649767111003665,-0.285715257985239,-0.667145273472573,-0.20177165702208458,-0.2021166382689192,-0.8875243543961371,-0.3044639975544348,-0.011950735025656675,-0.8218396792534883,-0.3760716430108069,0.11682316196509854,-1.0543951434004133,-0.06233009291271803,-0.033807126517962,-1.200006823616641,-0.25687105453809134,-0.1284118799787569,-0.9520387800599001,-0.33323300862321326,-0.09664583985225207,-0.8501602065903601,-0.3619896122167058,0.27984604583683126,-0.9547522744904349,-0.10066918587547867,0.0681795076686933,-1.0117481784208011,-0.29316511997807687,-0.04959270140054118,-0.6821409435665664,-0.2756775888009319,0.03930470415981712,-0.6528654716053132,-0.2138155955503917,0.3977318502191038,-0.7780257311138957,-0.1776065678157935,0.14747266541249276,-0.7686758932476234,-0.35199324735212595,0.03770584105569824,-0.49252750187369426,-0.26802809675254297,0.13244088434838025,-0.4709325973559702,-0.1682440502809932,0.48647682756388383,-0.5595890211659857,-0.2734444700771704,0.2560129870203667,-0.5473737143090041,-0.363725910225317,0.15724875789589993,-0.38329054702819554,-0.3208398234825165,0.22235121169368824,-0.3560325713774171,-0.2626028998303173
S,0.0,0.0,0.0,-0.1853348138137038,-0.2641189067893931,-0.10665981813837275,-0.2874884511733907,-0.6519978800928825,-0.19178972067770472,-0.21073413173747435,-0.8741983191682993,-0.2820064584543999,-0.022701213204115497,-0.8074315241216004,-0.3403101774101043,0.11763193604163832,-1.0473138598313936,-0.05572026881584765,-0.05095496849539793,-1.195123918600608,-0.24218376836141586,-0.13756225327572721,-0.9369998586800514,-0.3208155144429451,-0.09756724196862822,-0.8391108411215453,-0.3536663241694583,0.2805830304028473,-0.9557759016435423,-0.08812257876065965,0.049157871868577445,-0.9969465053095834,-0.2722072210698201,-0.055052596604549905,-0.6675378554663253,-0.25995221279035163,0.036370662979774676,-0.642708477545464,-0.20449035899621265,0.3955511164308878,-0.7797249330978169,-0.1579389309001312,0.1290569737470172,-0.7496888398562599,-0.32348387405215423,0.031143540600151225,-0.47428993124458124,-0.24493721811811814,0.12956168404371118,-0.45653269247746736,-0.15030243179865005,0.47981787553750493,-0.5614020174245461,-0.24700322785292894,0.24027781357945896,-0.5306245284439105,-0.33384157246899654,0.15061630268059797,-0.3681406099674392,-0.29562222582169684,0.2193582095020849,-0.34492994911366437,-0.24091065030344655
S,0.0,0.0,0.0,-0.1851093758566223,-0.27413793711106726,-0.09446306472853662,-0.29861511978065663,-0.623780828734109,-0.17682434465619454,-0.27482559247964566,-0.8330853084133275,-0.26402771750587084,-0.11022332058213187,-0.7959998879038809,-0.3207923466722475,0.1282327240471083,-1.0491350373200432,-0.036668663182526665,-0.10614695674424113,-1.140307924534391,-0.20492281681173583,-0.1689349427904416,-0.8841247434024373,-0.29005595760338276,-0.08712144864969931,-0.8287751172951351,-0.3374996162400007,0.27666376083802724,-0.9581159343387174,-0.07396634238087757,-0.024456207817012,-0.9776157750859389,-0.24199283538347158,-0.09057270544620419,-0.6830333764005906,-0.24450041192926558,0.021387765594452428,-0.6713482201894063,-0.21027114556046336,0.3733030896760982,-0.7850459357462225,-0.1446254769370517,0.04817951854307025,-0.7629876332727391,-0.29306949368158347,-0.018343778356960612,-0.5064350878086273,-0.22370464508872268,0.0895174728405304,-0.4958246341335361,-0.14525527510297698,0.4323917889426258,-0.567604341958612,-0.23390282063574366,0.14504157586052757,-0.5324072225269357,-0.3214111753665054,0.09055492855321262,-0.36938351991554574,-0.29325285904077425,0.17808251807030648,-0.35112128952802263,-0.24884009011599167
S,0.0,0.0,0.0,-0.24797252729715819,-0.2547598101640766,-0.051028849728604005,-0.4084734784199203,-0.5809702355137838,-0.11638118954967853,-0.3836588516863169,-0.8602056131601081,-0.20555591415949026,-0.2095637830259001,-0.9981129063136424,-0.2670567906062228,-0.16356584155786863,-1.0170336321072508,0.048242578818728975,-0.34236534523195716,-1.1584459248640089,-0.1257674225566364,-0.36214693114019814,-0.865125118015776,-0.19850528688545624,-0.2677426918546541,-0.7991604292498822,-0.2305748911198778,0.011098358817641372,-0.999853307226753,-0.01304570654578913,-0.19126097166582132,-1.085184735211961,-0.2047869330041354,-0.22790598836693854,-0.7281895107955444,-0.20224029845797487,-0.12052457806618953,-0.6996243254176985,-0.1515960450366311,0.15426905563359966,-0.9275595446992557,-0.11223451329590894,-0.06154907841852104,-0.9698080890163407,-0.2957651300328142,-0.11875213929632786,-0.6318746150379018,-0.22303159710607773,-0.015621988041552199,-0.6020091379150623,-0.12822124652910474,0.29043865802504754,-0.8086250509554388,-0.2233808920171054,0.07680945488055144,-0.8099028871633742,-0.32852383856070616,0.025331104085939717,-0.5970605957269918,-0.2970385864431122,0.10783332798404327,-0.5727362159554541,-0.24498198137147745
S,0.0,0.0,0.0,-0.3001151886556359,-0.21617957292125234,-0.06307521526739716,-0.49944803875624516,-0.6163846171341526,-0.08960285788276123,-0.4486824029761782,-0.9865722313117615,-0.13687650896240863,-0.24078168388259455,-1.1629688556383104,-0.15867177084783907,-0.32354227441497746,-0.9766343683291396,0.07880841245170368,-0.44405727310130916,-1.2646467419522949,-0.07217905434484245,-0.4421164575246209,-0.9523613087858565,-0.13284299512718784,-0.37074601454495887,-0.861780229613145,-0.14953187418957262,-0.14206514942739482,-0.9889581036261211,0.042182491514820265,-0.23396321059857333,-1.2182833195151457,-0.11795813186927163,-0.2601676589000294,-0.8374546016936705,-0.11928944817706937,-0.18565597818356058,-0.7918993348626544,-0.06794620488692736,0.041584469064859055,-0.9397568761046122,-0.03151693708835189,-0.057921700070684715,-1.1467379813260874,-0.20212305496404095,-0.10150509827578545,-0.7721615731589765,-0.13290135822417254,-0.026974231211044242,-0.7151164563064714,-0.029522936233378157,0.24304267857756276,-0.8465373967850771,-0.11495391571217906,0.10956425178017305,-1.0228296606854739,-0.19505283017378644,0.051015945537586135,-0.7664038942172994,-0.12936541405094099,0.10625155685013428,-0.6782762277410164,-0.04919517808263241
S,0.0,0.0,0.0,-0.33432542858098513,-0.22810172760818653,-0.04845730714984539,-0.5390089910422243,-0.6365062052739224,-0.06827610472096776,-0.4839120529168353,-1.0236287430367588,-0.11366058318620036,-0.2859801492637437,-1.2367498656787719,-0.13565645521401498,-0.3795840808530286,-0.9506279559606489,0.1053011253359512,-0.4973491788812801,-1.2554183385277833,-0.042321816775822814,-0.49267637921891017,-0.9411535035536405,-0.1070490093562447,-0.41605369527297315,-0.8272471581894203,-0.12555941516164482,-0.19825723562193573,-0.9781484590504367,0.06260719272419375,-0.2854331855806209,-1.2528665400295356,-0.09347272923371218,-0.3030150121450903,-0.8773301890065708,-0.10583666098786082,-0.2210334520653552,-0.8063875210253254,-0.062001053385997124,-0.011988411344281828,-0.9524235148365073,-0.015702468208712267,-0.11319390255147174,-1.2043372479201504,-0.17588816869636203,-0.14782658831315149,-0.8354780900970016,-0.11087650025470429,-0.07379221859339963,-0.7534048545794539,-0.011693101094996116,0.20022224512653083,-0.8856773975825691,-0.10320546008724768,0.0608089467218082,-1.097151451287708,-0.17364046567865643,0.009387741343084626,-0.8412883932964186,-0.10539627275918075,0.06443271902177111,-0.7297931891702643,-0.02477822278526074
S,0.0,0.0,0.0,-0.34974288185877883,-0.22734758391019563,-0.05311176908803439,-0.555992083514194,-0.6325573906723254,-0.07079129041101766,-0.49297599398306075,-1.0281638017871804,-0.1126862826328281,-0.29516644621578764,-1.251902345809964,-0.13392906437512142,-0.381842095828516,-0.9438661583813183,0.11706024886992109,-0.48715223291853715,-1.2317216490713223,-0.025771602588489116,-0.48597333435282425,-0.9288733892964047,-0.09418280478688047,-0.4155029983514289,-0.8289917538539173,-0.11701527755124418,-0.2021337524360918,-0.9761073733545483,0.07972666937097572,-0.2849960140102803,-1.25160479942263,-0.0742701403170856,-0.30273603490917456,-0.876710110752136,-0.09405487220226125,-0.22050165210970374,-0.8056537115629713,-0.05479489685102442,-0.01741742815742393,-0.9561459665834504,0.006243722387115371,-0.1126047533633211,-1.2107001258002643,-0.1556765153726843,-0.1490782647101493,-0.8387895006096822,-0.09870604331870435,-0.07626733079046873,-0.7526109082567201,-0.0027411387893876843,0.19237276899841532,-0.8940467026077986,-0.0761814969355429,0.05684146451853941,-1.1118535605036008,-0.1494801226059592,0.003958613894496659,-0.8519797921574502,-0.08429763093713137,0.05872219847547509,-0.7365092199045598,-0.004402077845825285
S,0.0,0.0,0.0,-0.3347751779005209,-0.22750920154610782,-0.056280722994960765,-0.5345025748234588,-0.6285595842679582,-0.07602647228536635,-0.4711519942128097,-1.0148200296595091,-0.1180360646394762,-0.28340571760731176,-1.2417409679644031,-0.13772195342778523,-0.35802868263181625,-0.9588840126651184,0.10232571001471122,-0.4702296837098421,-1.2316351570419362,-0.043130968605956346,-0.47551192267293757,-0.9166878924463894,-0.10643536111756398,-0.4066563012477005,-0.8300962483432441,-0.12554786431272302,-0.17986547756524635,-0.9814721184746459,0.06603703988759997,-0.267281664769797,-1.2339641569451134,-0.09277619631804641,-0.28809316167882393,-0.8443653124758245,-0.10427688394367586,-0.20216764223637632,-0.7947759861007756,-0.05828453353921666,0.002972211949086777,-0.9533592732224319,-0.006462300441159833,-0.09701346249110755,-1.189990391055984,-0.17557437063532005,-0.1369566817173133,-0.8092320835233012,-0.11049303227299434,-0.0586749557159959,-0.7446301216434504,-0.007725705001294759,0.20754827066297413,-0.8836800417886995,-0.08771911785796574,0.07179424202956645,-1.0972176284865136,-0.16602395734823944,0.016838802006518695,-0.8335990791271092,-0.0970254690307936,0.07599191600035707,-0.7295948845548302,-0.012820024560171112
S,0.0,0.0,0.0,-0.33538875535111207,-0.21746676272580057,-0.06079720965570417,-0.5423299468649821,-0.6139290255370703,-0.08235453946072775,-0.49082981233389394,-1.0043691450452326,-0.12536929870774272,-0.30800998970292537,-1.242172288479562,-0.14444738820900585,-0.36970263038133816,-0.9525260352313586,0.10402155730159093,-0.4878385611187002,-1.215905101942698,-0.04353625316240036,-0.485084133467849,-0.8972942438031138,-0.1066090385877237,-0.4115531752538489,-0.8256509267344078,-0.1255525100350754,-0.19400508743865377,-0.9785412774586157,0.06941897692692416,-0.2879957421688451,-1.2234791649793526,-0.0938361466108841,-0.300694614010928,-0.8303722772759929,-0.1038987088535935,-0.2125096102918502,-0.7921347731840721,-0.0553237233607665,-0.011947432102764957,-0.9553677136690728,-0.0025905367116132293,-0.1195519680979258,-1.1872251348641982,-0.17689769523990348,-0.1503271800675108,-0.8006175112773539,-0.10947512221479616,-0.06869661075172345,-0.7437722954625274,-0.0032823928205773425,0.19337655483820732,-0.8926589180420189,-0.08366909286669444,0.05322195831446339,-1.0943529044475777,-0.16461141285496103,0.005433251575380883,-0.8276666855456576,-0.09541685833784203,0.06912959533571113,-0.7316603741714142,-0.010072806711557114
S,0.0,0.0,0.0,-0.31247918662809726,-0.22675466941824032,-0.04959087943902724,-0.5107941615954886,-0.6379129837758833,-0.06248840837987946,-0.45857389933084264,-1.0200601416995958,-0.09873281751118128,-0.264397381176817,-1.2239027290018472,-0.11323032143106875,-0.3272867071681101,-0.9683605492586358,0.11490557350749546,-0.43072554205588237,-1.238394354431943,-0.022259150133912785,-0.4371755440205576,-0.9306854148370457,-0.08126636255972375,-0.3672106493899775,-0.8449074955939903,-0.09867975425967829,-0.15321605451334547,-0.9850922494497452,0.07821828886778748,-0.2333817412824687,-1.2297789602489229,-0.07206644447713699,-0.26015161839824585,-0.8460803327291256,-0.08124503813410791,-0.18095379329096584,-0.7936029978948903,-0.03514839931286254,0.026538802904455507,-0.9513066300326253,0.005825073701771062,-0.07036862203194225,-1.18638458852748,-0.15904260320876087,-0.11386738870550252,-0.8043504582153872,-0.09701648670405427,-0.04122275595787542,-0.7323412293590137,0.002705834561586568,0.227948184784276,-0.8744534753979997,-0.0743288725563234,0.09517607480743363,-1.079638742392101,-0.15340383283534204,0.04069214853778588,-0.8139893244482055,-0.08889014899353502,0.09804091320496587,-0.7083597012623905,-0.008423762885131577
S,0.0,0.0,0.0,-0.2889593721394649,-0.23321887089390567,-0.04961511964454074,-0.4727549853124707,-0.6547021788681147,-0.06665840104711546,-0.4126817462433326,-1.0309094674663173,-0.10742268357251399,-0.2021792889524276,-1.1963318653568198,-0.12613955108473013,-0.2746573822575817,-0.9943767299097852,0.09736029155423878,-0.3797851770393977,-1.285844230338929,-0.042305187415302876,-0.3965138029587768,-0.9799959376177838,-0.09613362812742743,-0.33029596837602215,-0.885409733511376,-0.10940316696346991,-0.09703396038530084,-0.9936095271786597,0.05765863362710142,-0.1764566281588745,-1.2348664431521827,-0.0927983049114991,-0.21991511128937316,-0.846544504389613,-0.09242497724826684,-0.14677202925155283,-0.7940864074532505,-0.04000319940626434,0.08330341250649982,-0.9362238388272951,-0.017428221995302032,-0.014397230215730259,-1.1631157030660844,-0.18393714640819966,-0.07032621965338005,-0.7802600214979215,-0.1150277761564645,0.0023951549229606884,-0.7126634934213288,-0.011173838741000579,0.2788381938163941,-0.8337173449494364,-0.10017756283876604,0.14642005843619552,-1.0368498342305759,-0.18082470026798095,0.08233068591687383,-0.7731670075970416,-0.11355483856658122,0.1396896750951516,-0.6729887214618662,-0.03144273344989701
S,0.0,0.0,0.0,-0.2823985853821207,-0.24261902755562387,-0.06786615064843357,-0.45749029189731083,-0.662764762995168,-0.10020223186250278,-0.38029378461711144,-1.0290352570911445,-0.15215475556163674,-0.15224119177223808,-1.1813929071611924,-0.17851239620551942,-0.25387554826333936,-1.0099594075819291,0.06531767100876222,-0.35515079221617785,-1.3138716962834114,-0.08949039222016596,-0.3743254935744631,-0.9981276773086808,-0.14871584235456678,-0.3093068455793299,-0.9025146279265449,-0.164008862745993,-0.06697139004447066,-0.9973533870043245,0.02830290349970202,-0.14341062330876067,-1.2357028015605207,-0.13604878936666576,-0.19611439647081344,-0.8492082027453368,-0.13469681820054985,-0.12522011259902574,-0.8038099254897183,-0.08024368083261602,0.1153503702197044,-0.9221073594923396,-0.0457983790265337,0.025231319724779128,-1.141357416487651,-0.21953068819192156,-0.041791414265178566,-0.766571794604781,-0.14432277519885658,0.02938801538815495,-0.7129346829394207,-0.035763622296549544,0.31015146331859655,-0.8008016817564318,-0.12977365185669942,0.18920420960060982,-0.999994157595198,-0.2102924910960981,0.11351733234978789,-0.7492808849016063,-0.1393312486210723,0.16283447067072157,-0.6611614941993084,-0.054883853704046054
S,0.0,0.0,0.0,-0.2822661106542039,-0.24646881900230322,-0.06531347612814623,-0.44871994600898535,-0.6793997439487544,-0.09260682599241948,-0.36167307547847244,-1.0440162566493052,-0.1398421354631732,-0.13210228821937886,-1.1810582208821512,-0.16207197378273086,-0.23535679808188703,-1.0122452920593203,0.07168604785276697,-0.3299534720923827,-1.31019173368553,-0.07422330594398349,-0.3565027142863679,-1.001485168758734,-0.12832138941947485,-0.29224534799385604,-0.9085491736741792,-0.141900007699236,-0.052881495530371886,-0.9979492678208677,0.03606669220021759,-0.11970985694357454,-1.237311554990519,-0.12085669879166112,-0.18015025422433342,-0.8509442083410222,-0.1168589016556232,-0.11021996958846175,-0.8005775530150825,-0.06163343364020585,0.12656202852836526,-0.9223873494664815,-0.03609976142238119,0.045115290177977906,-1.143729289214667,-0.20570983447295071,-0.028403724062623526,-0.7688247849659062,-0.13281050538620148,0.04295890226130114,-0.7073425868084261,-0.026596076858150634,0.3189640332452628,-0.8006926021118075,-0.11779242822299044,0.20518262886328406,-1.0011805234464877,-0.19677183548254862,0.12615505213178713,-0.7537341784454805,-0.12824992397291227,0.17605661952759888,-0.6636607144580113,-0.046254033464807456
S,0.0,0.0,0.0,-0.2781908581074272,-0.2402816334381712,-0.06636503248024826,-0.4492725037441992,-0.6803759117822591,-0.08969271578531665,-0.36205010717003694,-1.0494242671257241,-0.1319172141271959,-0.12906198256245474,-1.17948972973361,-0.14754461941595018,-0.23840533078190576,-1.0099843872252579,0.07916947009503558,-0.332377813444244,-1.2999054976640643,-0.06503116127201793,-0.3551830967010855,-0.9913921534305518,-0.12025250811431994,-0.289450704989599,-0.904459118103106,-0.13553348019589034,-0.058293428564366215,-0.9972669024050811,0.045393849292447636,-0.12323916774216563,-1.229899514999652,-0.11129497869181798,-0.18042834272531239,-0.8529611333891851,-0.10908991688179026,-0.11257767581769261,-0.8081209718525554,-0.05510488337418074,0.11780890549554703,-0.9231796882528898,-0.025618206498421066,0.04101947122487149,-1.1360939566393968,-0.1940425394653736,-0.03127886759960776,-0.770628574380274,-0.12353259241037325,0.03634075518421333,-0.7170636683545804,-0.019381852677142784,0.30846315088891163,-0.8037958335919759,-0.10669640033934848,0.19806139040874368,-0.996373673636808,-0.18544724351532368,0.12144951872128053,-0.7512676764181541,-0.12000096112143574,0.16774809188908818,-0.6652943107602162,-0.04056817994716189
S,0.0,0.0,0.0,-0.2807446105435701,-0.25472656061567406,-0.05342446088017514,-0.4477684229908033,-0.6826452860325853,-0.07785697715556471,-0.3701755389389135,-1.0387959777454816,-0.12431184241725855,-0.1519592573822033,-1.170720032765644,-0.1472491301414965,-0.27146574914290084,-1.0012774140860252,0.07480496526699769,-0.35183601675645826,-1.31417015125336,-0.07185904814832486,-0.3773373942453834,-1.0141336300925587,-0.13186192400430893,-0.32548014254154284,-0.8912476228694528,-0.14671302619833165,-0.08793112952503784,-0.9954889794538185,0.03563436889361026,-0.14561235055137428,-1.2429309285602055,-0.11481731334567082,-0.19674001534963506,-0.8858120878474186,-0.11750597030978781,-0.14095436937222475,-0.8112487563990283,-0.06929451787094813,0.0996611993137008,-0.9275495883721208,-0.03773761128151047,0.026674903293847987,-1.1442391508386094,-0.19199840368809004,-0.03867270690603981,-0.8009589673217292,-0.1284667948143492,0.015705354190741067,-0.7252647908534466,-0.03403817959655864,0.3025333470850891,-0.8143460500650075,-0.11995823103365094,0.1918785173079201,-1.001635599848472,-0.1848054188182263,0.1180521146432685,-0.7671450174895583,-0.11859972660851392,0.15632718542822083,-0.6711281307105312,-0.042179352735068294
S,0.0,0.0,0.0,-0.3102990052853076,-0.26129377483528377,-0.06568798718383612,-0.47071820180095275,-0.6907602204224426,-0.09551363316235725,-0.3575855637271082,-1.033865362771952,-0.14411476178864627,-0.1576443686116684,-1.1836566882518749,-0.16931535446733198,-0.32354690885707943,-0.9980541195383349,0.05582464451313421,-0.39391510941987246,-1.2900014083525826,-0.10916111613459843,-0.4140668259342579,-1.0156570537283405,-0.1856062694219056,-0.3776559522063913,-0.9114357310249158,-0.21044657991287008,-0.12604736880292924,-0.9918717779752726,0.01739071229219693,-0.14430395062078383,-1.2575229013281797,-0.14828810184766666,-0.1909983361576753,-0.9204294829910158,-0.1659102720831496,-0.1604220183062063,-0.8608019243081577,-0.12892644889857185,0.07352477641840278,-0.928954213054555,-0.055626137101214904,0.04051506732085903,-1.1524521188876076,-0.21823434394332994,-0.02734960034476722,-0.8235385674961136,-0.1587288277022426,-0.0017575724066737181,-0.767832793802115,-0.06919423831800414,0.2896102415601902,-0.8278863420814759,-0.138559097078471,0.22080047561303953,-1.0202812630104634,-0.2027241579700924,0.14170729863509834,-0.7892965421492117,-0.13126012008177942,0.15359388981757263,-0.7021650916448309,-0.053704611104569436
S,0.0,0.0,0.0,-0.24953370903169592,-0.25802193363352577,-0.16983660184476104,-0.3739289998264975,-0.652058805221987,-0.2664585177104896,-0.2226976618803352,-0.9425137585137744,-0.361969482567691,0.020275790944273394,-1.0545556813828316,-0.42498876112740025,-0.20182384648225812,-1.0499416064972928,-0.062192037544681625,-0.23322633471058826,-1.2835378037214784,-0.30211319897511696,-0.26006998725995584,-0.9695205268361841,-0.41489119427890525,-0.22689203888112625,-0.8822798068675431,-0.45758954986143185,0.007972458531732125,-0.9973949109575359,-0.0716926181762719,-0.011092673135078609,-1.1883824662743683,-0.3083527275425723,-0.09219463605985531,-0.8148808698016518,-0.33605971785450306,-0.06481680437153126,-0.8152004966599933,-0.29658234839891406,0.2026222131309271,-0.8815042564128948,-0.12973073630782764,0.19494176185424839,-1.0225093361706037,-0.3627773059283554,0.0808948159001158,-0.6655379721948016,-0.3031103066822287,0.08984817063268186,-0.6643080992802689,-0.20027364233695868,0.3980301058261757,-0.727786753886696,-0.2065097935072728,0.35844921289376946,-0.8394018738281306,-0.3191048089392773,0.2465109636080691,-0.6025782859313172,-0.2601173920334754,0.23758342720031583,-0.5685943655058119,-0.18263812535338747
S,0.0,0.0,0.0,-0.23684189024861516,-0.25535708360595333,-0.16992334125426606,-0.3499441893017269,-0.6403224016886843,-0.26781307533218124,-0.20517999545351734,-0.8858695401866268,-0.361604951648711,0.02719890443821338,-0.9474977244928786,-0.42537265143582353,-0.11887952692942766,-1.0426946424167898,-0.06498379950790148,-0.18707523093078626,-1.1763599527568305,-0.3058894489605356,-0.24260068456590658,-0.8861873309822587,-0.4232224614195073,-0.21647995523308627,-0.8011921653443999,-0.46883183590907007,0.07717773778236528,-0.9943191525126885,-0.07330088496904551,0.014369899747315003,-1.0969037894595268,-0.3100729969079732,-0.08837518440205298,-0.7482928355288792,-0.3316152204815016,-0.05179905324905224,-0.7304584612214312,-0.28541928732231564,0.25210713429140663,-0.871791567823047,-0.13170274383629896,0.18559377469734664,-0.9194363928288755,-0.36023593072044385,0.06813269132510133,-0.6036142260618549,-0.3013040071044169,0.0952384874804868,-0.5971197822614525,-0.20068336712043167,0.42498043657905027,-0.7048820861724573,-0.21007202076083883,0.3287824635415833,-0.7202311276697938,-0.3291547400590036,0.21675739910615935,-0.510454780702776,-0.2823458675500598,0.22369932695675895,-0.49130212477876345,-0.21200002055677028
S,0.0,0.0,0.0,-0.2294909235929583,-0.25378606777944057,-0.17051438981396597,-0.3418892774411469,-0.6231480814367746,-0.2804841554680229,-0.20593400785782165,-0.8346499825149003,-0.3884886515233906,0.02925017023407292,-0.8585160371456253,-0.46814460188835205,-0.07394903176177046,-1.0447018378448674,-0.06724155411537076,-0.17341398996397503,-1.1276238759482977,-0.3341604939755172,-0.2417227729466698,-0.866549796804219,-0.474172902057722,-0.22115857115950982,-0.7909916104293105,-0.5309985185533866,0.11499911892646945,-0.9898483459263688,-0.08351918769341121,0.016091729542175595,-1.052083388715142,-0.34746543404021263,-0.09429497470244567,-0.721917179081363,-0.3836470879790828,-0.05436222610311249,-0.7061388068830692,-0.3403998999703527,0.2801908029342152,-0.8597426885450289,-0.15214853835688052,0.16909649984107436,-0.8486411999231541,-0.39961398354866284,0.052128099204766985,-0.5494323482067089,-0.34813543367568234,0.08865014065348586,-0.5557945018763426,-0.24647605701232886,0.439019232807555,-0.688746144569367,-0.241654164275824,0.31297713330293236,-0.6554366349068702,-0.37028827099324885,0.2042350736603523,-0.4537040181384829,-0.3289065312578304,0.2238895579025001,-0.44863436034378884,-0.25912936144744053
S,0.0,0.0,0.0,-0.20582305599678438,-0.22312071904376762,-0.15341832545285952,-0.31193078494335874,-0.6035598638952113,-0.24688737358650342,-0.19098639248370006,-0.7978755455436779,-0.33485759757476913,0.03916127567832218,-0.7780918779609051,-0.39668531858100087,-0.009910315749305516,-1.0272980686508728,-0.07127414799544654,-0.13570685634756766,-1.1175275307990868,-0.3081727306658582,-0.19938118768363652,-0.9197569913894033,-0.43588527953398715,-0.18254593597596339,-0.8619501381056621,-0.4927029856777228,0.18299421405333535,-0.9792110038737708,-0.08751529875127116,0.053269532614593544,-1.0418742633942635,-0.3226695617075961,-0.06272758398187787,-0.769301442024533,-0.35990361763422557,-0.04322730642053185,-0.7738549797057763,-0.3257271026724683,0.34283198439932167,-0.8396790164217728,-0.1481573998920446,0.1700356436170337,-0.7715742698594219,-0.3594747501425603,0.0633425620718538,-0.48637790883959064,-0.3083688296752502,0.10698661852389556,-0.4937438750486952,-0.21742971470164113,0.4825929125751513,-0.6490676989664317,-0.22991971314599297,0.30554155397114724,-0.5583647725432892,-0.33803744561410615,0.21213138310418322,-0.3676181019255403,-0.29983745824216135,0.25171538827098916,-0.37241779391887325,-0.2386686552748799
S,0.0,0.0,0.0,-0.21085946700735694,-0.2251005869600049,-0.16897244898665964,-0.32067458208148575,-0.5948546932589469,-0.28242235274825916,-0.21718374716031483,-0.779812977288877,-0.3853664213098911,0.0058475808576865015,-0.7166433269906849,-0.4557744815195331,0.019686542793601967,-1.0281674893028143,-0.12449895460558508,-0.13241658674597848,-1.09828963418883,-0.3523973915504916,-0.19482935636977583,-0.8138056247394941,-0.4622502768120852,-0.1413102821819054,-0.7519526097283146,-0.5145510181099906,0.2071540356892196,-0.9691504311160458,-0.13354642400772854,0.023046113004672526,-0.9671805605454273,-0.35559215429607466,-0.07560761846054351,-0.6399361812327193,-0.3653217676186933,-0.009111411571146514,-0.6368341172566012,-0.3198653578645776,0.3479136854429439,-0.8145772746648815,-0.185535675286355,0.13606476549703292,-0.7059278010058532,-0.3779599460099407,0.03815540428184151,-0.4400713790539533,-0.30793884017630363,0.10334583562760287,-0.4659695213032347,-0.2153762736127174,0.46636724854466943,-0.6147068254195596,-0.2616889306931263,0.25949991008059936,-0.491190015565799,-0.3638983593347993,0.17391453316127561,-0.32156012899540976,-0.3283867595780584,0.22085434042169913,-0.34015478975092706,-0.27348172150145744
S,0.0,0.0,0.0,-0.22152617164276717,-0.23716349410243648,-0.1440429515668305,-0.3520752330989036,-0.5970343196082449,-0.2530311441223014,-0.2741918989260078,-0.803050772337606,-0.3596615052415768,-0.058178780497931425,-0.7408889508429196,-0.4354275169350511,0.008701296365437068,-1.0386837269347253,-0.11448072734387994,-0.17148194145665605,-1.0982952351287514,-0.32130282026602675,-0.21835770176881789,-0.8062709163749181,-0.41173267206183956,-0.15112425447877967,-0.7490294770783941,-0.4562565548911526,0.19153151684142028,-0.9718595425337697,-0.13713025793921874,-0.025908792765247594,-0.9562662485704351,-0.3372720261915797,-0.11035615178490159,-0.6032712505161658,-0.32400279530173276,-0.018597074411872607,-0.6168815924010683,-0.26817641957403143,0.3273486186424252,-0.8098105086840393,-0.20006910330110408,0.0994511456907478,-0.7064060258523471,-0.3744329778806135,0.00834098332158085,-0.4296759412354477,-0.2856241832572329,0.09556521345337357,-0.44828391291986625,-0.18608957236809426,0.43664369245378537,-0.6015663546501144,-0.28626217901824147,0.2333188660432604,-0.5000099262084838,-0.37959547286800127,0.15070699439774812,-0.3384109321386528,-0.3386964051708045,0.21282759959546657,-0.34900097190373813,-0.28352032857634096
S,0.0,0.0,0.0,-0.2204151830198421,-0.23011661319255572,-0.1476221266420561,-0.35343523568593205,-0.5894207588032231,-0.2573873459178434,-0.2759909540484701,-0.8020755198713552,-0.3637751875501316,-0.060889301950611444,-0.7457496437100856,-0.43845032446756105,0.009400577861676465,-1.0372750927475174,-0.1149570605497381,-0.16697461791298962,-1.0991209394727701,-0.3247717242798402,-0.2138152794822237,-0.8099750067525522,-0.4155745839245419,-0.1497460672440512,-0.7470911490970055,-0.4580822147997718,0.19106217853028162,-0.9722066210476857,-0.13531271162128275,-0.021140687570657297,-0.9525187612647537,-0.3378360113042548,-0.10537616408636197,-0.6029763748177427,-0.325366999680982,-0.017749053349919035,-0.6151043514991497,-0.2687405134053541,0.3268548987771891,-0.8123879021757038,-0.1967131586539147,0.10207295367132667,-0.6996467572607457,-0.3743468964440144,0.01328840702397898,-0.42484010093666574,-0.28815438269073446,0.09714253385970971,-0.4462499350712954,-0.18929335330435235,0.43829461084665644,-0.6062082473018822,-0.28150209861681946,0.2339831290471091,-0.49379816322919245,-0.376242195546333,0.1538630585004166,-0.32962192978075067,-0.3370686441537668,0.21511820954354807,-0.34483751779715227,-0.28260977411913635
S,0.0,0.0,0.0,-0.22228359105570106,-0.22478166136781486,-0.14145505535301506,-0.3590691610199106,-0.5938308335286367,-0.2402252170244913,-0.29044227297876746,-0.8193684747598016,-0.3352950254271344,-0.07618783423865827,-0.7598936745599014,-0.39886881394554147,0.006691534045000651,-1.0345851017893217,-0.10491214823970049,-0.16966981127838585,-1.0984198507784233,-0.30254946281045025,-0.21356254591328325,-0.8070407241927275,-0.3894782534745881,-0.14931061326769024,-0.7506112057917356,-0.433554730763101,0.19248497282926413,-0.9734933838924362,-0.12353204747178397,-0.030184288009596227,-0.9463153605052417,-0.3169939834771508,-0.102444805092668,-0.5944192690458122,-0.306892220207967,-0.010846775068776054,-0.6078279366407612,-0.25551008557817534,0.32997585329185836,-0.8135932264436161,-0.18129441733899765,0.09917724897149044,-0.7061551937738353,-0.35157436854241764,0.0169398103429321,-0.42467866189512293,-0.2667348947157039,0.10231027528046045,-0.44445648632104234,-0.1713026988382806,0.4414655814016092,-0.6056555096864122,-0.26166954715396273,0.23392704037327838,-0.49775306668721936,-0.3549296912421958,0.15921691548918332,-0.3308257568561197,-0.3182212590540022,0.22423383196193555,-0.345375632726803,-0.26666661465681774
S,0.0,0.0,0.0,-0.21689676537169342,-0.22221178048852863,-0.13042936389985668,-0.3526151521373148,-0.5896714188324428,-0.2164628288368303,-0.28522593625733045,-0.823053953531033,-0.2992356549950436,-0.07619754633586506,-0.7677814958217515,-0.35045498411426795,0.007947800859211587,-1.033447653959683,-0.08130483063043956,-0.16247089836280254,-1.109348450837039,-0.26374207469147687,-0.20366585982486296,-0.8234107542093585,-0.34596093930513516,-0.14436278177470385,-0.757368351307535,-0.38632715010072133,0.19203100173493529,-0.976442915807229,-0.09840389495621542,-0.028145349232865633,-0.9436664340353211,-0.27315052284845764,-0.09451483403415654,-0.6061133551521742,-0.26534890506814235,-0.008439256535548893,-0.6110820895124036,-0.21868303639926331,0.3296115899769671,-0.818497424770186,-0.15275029272311563,0.0991385149619807,-0.7091598457009841,-0.31008899248371763,0.021964369226472824,-0.4343484566140995,-0.23424929881835002,0.1062794378252935,-0.44661363334706417,-0.14623872417668216,0.44290974424159657,-0.609564590804341,-0.2282500942926717,0.23344355024456426,-0.5116683032654248,-0.31241843190000657,0.15610020910139832,-0.3477102386355181,-0.27690111602305983,0.21459974046420321,-0.35342799142218806,-0.22670145223301819
S,0.0,0.0,0.0,-0.21487978935657398,-0.2314026193935861,-0.13320552636949481,-0.354797556347515,-0.5782812407545055,-0.23392923496023804,-0.30801461728889973,-0.8288806402126523,-0.33245359399035107,-0.10832072682389099,-0.8036975881928586,-0.39894264632865406,0.004709177208341993,-1.0380499139199482,-0.09753939175900682,-0.1519942788373142,-1.0811356303463853,-0.29268851253963823,-0.19830475600997127,-0.8243631675949915,-0.372804361480008,-0.1598884720872635,-0.7688064753223172,-0.4080740580158995,0.18953784625498457,-0.97466676109481,-0.11874388259600743,-0.0313047893699977,-0.9201107931064882,-0.3056976869604232,-0.10433888648362581,-0.5694938883589564,-0.286405405547141,-0.022082614113388476,-0.58272931367824,-0.22839362233225194,0.33146662511000147,-0.814926388480805,-0.178533254304946,0.09517672309888203,-0.6988094702503473,-0.34638108604249224,0.016441147211417498,-0.41714252133671187,-0.25512099301521457,0.09614305461456335,-0.4290278550123324,-0.1549998159011321,0.4433568299967196,-0.6050007370727022,-0.25989649913456575,0.23100359308767376,-0.5000626092369697,-0.3516785155869305,0.15282725063773897,-0.33347842660397026,-0.3102582602097417,0.2121921524108807,-0.34268656399581565,-0.2545766967431601
S,0.0,0.0,0.0,-0.21856091094412997,-0.24185033607043552,-0.1319980661458835,-0.36039742204393754,-0.583266304136833,-0.24216057299007965,-0.31597092291468787,-0.8336640239106067,-0.3529000410448132,-0.11638934557920533,-0.8075527411831123,-0.4323492695263137,-0.0014321324895200938,-1.041263599515917,-0.10322460505583352,-0.1643155135656339,-1.0821671940788733,-0.3108265992069118,-0.2095655109635336,-0.8181351489310899,-0.39516038456572383,-0.1646570696547446,-0.7597996483075393,-0.4314514258233681,0.18529143953274307,-0.9738575141647877,-0.13141013865247989,-0.03403245081789496,-0.9293878125193521,-0.33036005588614964,-0.10973562799433566,-0.5692499589673461,-0.30817490120935126,-0.025170015636603184,-0.5856029506564399,-0.24465783745329833,0.3291301973080592,-0.813092116566235,-0.19958005376639168,0.08993721355223104,-0.7028820560321879,-0.37762590565995185,0.011429671817965116,-0.41589251183848924,-0.28202774890809096,0.09458912620511142,-0.43047411201525254,-0.17652167154425988,0.44180253621859766,-0.6052191900711916,-0.2891871744738374,0.2230594502471148,-0.4976028707849749,-0.3857226667992679,0.14648833540398407,-0.32867520148319623,-0.34208227234976085,0.20973717249512752,-0.339894603385982,-0.28386557864572187
S,0.0,0.0,0.0,-0.22163049101665738,-0.2535035192664818,-0.13140178017580947,-0.37087812705068596,-0.5811820543036131,-0.26835554285019236,-0.33262414572799565,-0.8311835533248889,-0.4119551828159806,-0.13727951636239058,-0.8337452046603625,-0.5265396141097004,-0.0023795663649648397,-1.0468584044641966,-0.1124514841064148,-0.1369822274592852,-1.0769753123780657,-0.3433781144012197,-0.19802883616867364,-0.8873758179608321,-0.43025786020241547,-0.1873303803829761,-0.8510662279923485,-0.4600326976066949,0.1842599490338948,-0.9706771368619149,-0.1543831828781292,-0.02746641058835386,-0.9293399934831948,-0.3741645275039201,-0.11693441221295947,-0.5650454349821595,-0.33742975881921905,-0.04316426878441608,-0.5853295751828236,-0.25444386111335654,0.32969608312985865,-0.8083589198650881,-0.2402990595121359,0.08640904584235105,-0.69930893928503,-0.43402009789070445,0.009403330485860227,-0.41141467033750884,-0.324481397125769,0.08731830520763903,-0.4263818576770243,-0.20517846826355873,0.44184446675313827,-0.6044414145098428,-0.34812969387720283,0.2169423633564682,-0.49525175476481537,-0.4509923267481634,0.14370601309110018,-0.32257531460813094,-0.39986240083440044,0.20657078191960124,-0.332627731842629,-0.33423103421912936
S,0.0,0.0,0.0,-0.21588630461072966,-0.2386109803799601,-0.13594126414241706,-0.35419700901575696,-0.582558956451409,-0.2422414489785392,-0.3131850974921364,-0.8402705308468064,-0.346461150960495,-0.11152405891973496,-0.8322356593165174,-0.4181586860550698,0.007162777546575083,-1.0418481120938665,-0.09754884531000191,-0.1554240146934029,-1.0619485283735035,-0.2977293930101717,-0.20568741619383252,-0.7967735722628382,-0.37980702060933325,-0.16028628054711302,-0.7542418081662735,-0.41689534202618944,0.19126192270689124,-0.9737784941081097,-0.12318409530051153,-0.025483238433637895,-0.9210560821288727,-0.3222537488549613,-0.10581371936292386,-0.5662498872372785,-0.30586172639072146,-0.02596381937641229,-0.577449299240437,-0.24684060947754272,0.33235021313724944,-0.8129990964863695,-0.18840649913000013,0.09905858526470722,-0.7014479490020017,-0.36873954481903065,0.018068335605884563,-0.41874029201006907,-0.2799507691647092,0.09925355279785757,-0.43324258026276563,-0.17832956404473688,0.44399209416334867,-0.6061556385390956,-0.2746306934189152,0.23550429897718025,-0.5032638022156957,-0.37246299514243963,0.16072741212391725,-0.3364177057645472,-0.33166735380959333,0.22319627212500234,-0.3476364041244021,-0.2754314497991664
S,0.0,0.0,0.0,-0.22634950214518088,-0.2979446650224701,-0.09805052194010037,-0.36510068086757963,-0.6184381230121463,-0.2392648607014828,-0.3292536767276193,-0.8601201645756941,-0.3982372702726231,-0.1379355244317752,-0.8666040635504911,-0.5304142412660025,0.008694621334378518,-1.0599525004163857,-0.08854834489865482,-0.1369123846550825,-1.0825108184860273,-0.31756257307716274,-0.20262759396765292,-0.8661886432810681,-0.4001092674092779,-0.1748715353303636,-0.8350505442630144,-0.42813908288212793,0.18813766667699094,-0.9693993284711211,-0.1576995888931771,-0.025140699143117395,-0.9548340989555453,-0.37922040326035344,-0.12101552784714688,-0.5944898588625923,-0.3370714880107591,-0.03356214772840529,-0.6153793070979868,-0.25060903305339804,0.3262608176548521,-0.8037609422005636,-0.2695009729556601,0.0791606102757885,-0.736239917241373,-0.46376175288784327,-0.0055547521900612086,-0.44332953843438105,-0.34853281462965685,0.0845004186448547,-0.44926834994339404,-0.2268804752760567,0.4357739755761449,-0.6052187185831266,-0.4002889863231533,0.2057263973401497,-0.5304046102394149,-0.5009630289033118,0.12649300090424165,-0.3597992424866258,-0.44549206726001056,0.1939332422116452,-0.3606721372513187,-0.37855809413299407
S,0.0,0.0,0.0,-0.1899798948385279,-0.30635086123067923,-0.13412669998290563,-0.3003856127821612,-0.6474646192958438,-0.23859597227298773,-0.3040519647960338,-0.8664029706013295,-0.3380671244455519,-0.13990447511617687,-0.8189582663465497,-0.40501529369221945,0.1740875238338053,-1.059426932617016,-0.09669913830496349,-0.07769025740591634,-1.1231816032580917,-0.2629947160549096,-0.15393802750026225,-0.8718307173619546,-0.3335607285330173,-0.08324874538005879,-0.8198631616793337,-0.37037099394610096,0.3267389061043555,-0.9379328609382782,-0.11629116737682964,0.00010311220016358586,-0.9378273108839952,-0.28805635300281307,-0.08787163911769066,-0.6344936101442672,-0.28622500538646634,0.016164417466275064,-0.6164699226028884,-0.24797313299802207,0.42125125984343975,-0.7348264760298885,-0.16867974949496956,0.07871686486288655,-0.6932467070411558,-0.3280691461108199,-0.0070822370896946995,-0.4429656779398858,-0.2609425394862423,0.09929795166646631,-0.4248439344883689,-0.18062240180351796,0.46903067243973134,-0.49696938355761083,-0.24070354230470262,0.18869857677152138,-0.4550063297267639,-0.332872553916908,0.11426005559738384,-0.3104547629135473,-0.30456414673635795,0.19181523782690374,-0.29037894394894775,-0.25762633555663794
S,0.0,0.0,0.0,-0.1851795891922109,-0.3088073864356095,-0.12330803552115292,-0.29901708073193684,-0.6527412404222783,-0.22575542030043255,-0.2975498640085278,-0.8827623912278839,-0.3251695372761006,-0.13763240445703134,-0.8347549547960772,-0.3913312403392772,0.17149941723722958,-1.0595280749706169,-0.10381455484969329,-0.06653517558617394,-1.145662914370265,-0.26297576996648925,-0.1502607021422127,-0.8902319324135747,-0.31672616864143066,-0.08701705652915778,-0.8248938830124973,-0.34073637374799215,0.32584314073860016,-0.9367409424662183,-0.12783839149921128,0.007896042905746777,-0.945710815271685,-0.2951488650717809,-0.08945286128986062,-0.6372530858514118,-0.2816160317241961,0.010863137620214357,-0.6181707402272079,-0.23493505102480358,0.42238694468664806,-0.7337705793338531,-0.182335973375224,0.08590004117554584,-0.6995755022652647,-0.33562688132720614,-0.004452275135083846,-0.4439996312962514,-0.26300625381629544,0.10123867972117255,-0.4197508174843618,-0.18053679115645546,0.47562898433948697,-0.4965278407994624,-0.2554969067106569,0.19591444061115762,-0.4638164925395946,-0.3416215621456004,0.1130660505429941,-0.3197637901201118,-0.31079894241330686,0.18598233057044014,-0.29356745749887897,-0.2636328284821403
S,0.0,0.0,0.0,-0.17445475104857594,-0.28978131066910084,-0.1260313652648454,-0.28337332666380916,-0.6331892016359594,-0.22686133031827235,-0.2791621232900123,-0.8668813782937365,-0.3245052006222873,-0.12277091420400194,-0.8238364304830357,-0.38939260626816247,0.17358412754195407,-1.0522050206429394,-0.08591749891401905,-0.052414893372635385,-1.1250090607224463,-0.24456394810212845,-0.13601388855908159,-0.8800323612185748,-0.3067479657478561,-0.08164577969606143,-0.82102468849452,-0.3364801782832428,0.32720674665481225,-0.9389673616155007,-0.10618869414584173,0.016722579543718516,-0.938121654335323,-0.2699909120503189,-0.07299641862498707,-0.6320746518834963,-0.26270869349109455,0.023335309931529772,-0.6139796938093272,-0.21970994451692563,0.42583871234827697,-0.7399954048505865,-0.1580764536027675,0.09452746876770052,-0.6997602129523803,-0.3068266865792305,0.012533403558517241,-0.4443875790694074,-0.2384542817427961,0.11310684883860678,-0.42295944377505035,-0.15859593661198745,0.48248087825524205,-0.5029008091404377,-0.22939545047572835,0.20083128502521952,-0.46490157773704804,-0.3120249471663752,0.1294264355024456,-0.3171949374333919,-0.2825169806689862,0.20405324198823635,-0.29248074908625216,-0.2361122241641806
S,0.0,0.0,0.0,-0.21716416507932415,-0.18802551040065424,-0.14565934452691479,-0.3637465273836689,-0.5402115307429037,-0.22715184186336107,-0.3144290476345755,-0.8029183264114342,-0.3020006710157918,-0.11164346891788386,-0.8444338578323827,-0.34359790658392564,-0.10681629049537936,-1.0129834675368052,-0.05582917723897835,-0.23247105498474593,-1.0851242828468752,-0.234500218813272,-0.27377724576958645,-0.7930833471403248,-0.31866390854445237,-0.21109815697190143,-0.7345438791524479,-0.3620994874242565,0.0819753747243079,-0.9947767101916107,-0.06082215714002084,-0.07193432970068787,-0.9900919472199041,-0.2476081293472863,-0.14221971352441926,-0.6631976849572956,-0.25744982632833896,-0.07799580335389887,-0.6475852232208281,-0.22186321974628279,0.23712357294872471,-0.8876625732316205,-0.10588355303137514,0.06874551676197918,-0.8355396098674578,-0.278666873470499,-0.010808123527770216,-0.5361560492501355,-0.21190425674103244,0.04895799829575272,-0.5303336420995315,-0.1266391564789614,0.3824133638886049,-0.7261653833684195,-0.17151243025084892,0.20002972218382847,-0.651832327389729,-0.26566436800406373,0.13657742497167,-0.4615493305626298,-0.2328026535106009,0.18760615735744396,-0.46788665018038744,-0.18331328435833338
S,0.0,0.0,0.0,-0.3141093361204091,-0.18965416507324767,-0.06561626862730363,-0.5366499020876007,-0.6132534871206238,-0.08456314089202291,-0.4921960741939519,-1.0138675532719705,-0.12410438056895162,-0.26275239680963086,-1.1762385278503416,-0.13888330211581698,-0.35005777031601215,-0.9668477645631881,0.08573354095460742,-0.4624022632335618,-1.2712713451039894,-0.057291421575731985,-0.45885381214665993,-0.9653222222275188,-0.11205450466249521,-0.3891304459400959,-0.8784967968611909,-0.12641824917095382,-0.1634620553563187,-0.9851208295022402,0.05307643299531489,-0.24850564090447277,-1.230318889186864,-0.1010016632878579,-0.26877563648099684,-0.8396434919755306,-0.09780628064554417,-0.1988514126745515,-0.7928295375167751,-0.04200832182341632,0.02639276825080443,-0.9434634808584749,-0.017237756450939605,-0.06868364445812002,-1.171293927331559,-0.18136309196266415,-0.10556032343890295,-0.7851881898170294,-0.1064406939986177,-0.03808152598106196,-0.7230495370315527,0.0012635290129775953,0.2361599653549801,-0.8552307583639399,-0.09801152391836637,0.11026504942066165,-1.0590162210589649,-0.17388971864696193,0.05552906419394186,-0.7933578586962448,-0.10423026506989432,0.10740208212483134,-0.6978742564723974,-0.021492563710664884
S,0.0,0.0,0.0,-0.3254695148128403,-0.2010919646576341,-0.05485750797390158,-0.5500070360608117,-0.6135292865080727,-0.06957716727339663,-0.5154350346062381,-1.006923321412038,-0.10592909637139374,-0.31150799998599865,-1.208000542241379,-0.11774950305307087,-0.3634964207295397,-0.9566098589337242,0.09603624839336815,-0.48309479357666196,-1.238814054903602,-0.042102766834569094,-0.48220442467074165,-0.9139232106133025,-0.09361516724936567,-0.4066700111911077,-0.8372198787200614,-0.10701321303434806,-0.1861209428761137,-0.9806412105810794,0.060842507615820156,-0.2830524113801411,-1.2353391621641927,-0.09157186065647818,-0.2986144726676697,-0.8359398373589828,-0.08881504925227132,-0.21376383979222646,-0.7936675994606542,-0.03440279632395865,-0.0011834643381648166,-0.952913116106843,-0.010212532615382472,-0.11205626148801502,-1.194362501070178,-0.17667227278406294,-0.14180079712304774,-0.7969543846994905,-0.10137481192071479,-0.05976059519514271,-0.7330338529845779,0.0071944104861260275,0.20617888227438802,-0.8825528957913092,-0.08981234183577594,0.06255400642142972,-1.091339456636237,-0.16813367900986823,0.0157018802766446,-0.8153776392427078,-0.09703292765413875,0.07923867664846337,-0.7141314734977658,-0.012438754828032358
S,0.0,0.0,0.0,-0.3397084573557437,-0.19490545982037788,-0.035385450676420044,-0.5840421252104784,-0.6102245505774447,-0.038932319859881354,-0.5562727151797721,-1.013076312388848,-0.07035733785555118,-0.34063863979298525,-1.2150034425991478,-0.08310329176322948,-0.3800384131318012,-0.9303234119755854,0.13335860523647824,-0.49464679629750286,-1.195970703966966,-9.891370610660161e-05,-0.49341564482091116,-0.8822337846443661,-0.05799937797594483,-0.41326309600700617,-0.7876324228726038,-0.07553164748030751,-0.20569760345326968,-0.9742050114222519,0.0928067435769155,-0.3061492599336777,-1.235864777151659,-0.06376854559175701,-0.3065695715573813,-0.8328461238278106,-0.06975577206928238,-0.2069521636329219,-0.7527894043920599,-0.016413376116232205,-0.021168155767626564,-0.9720137896107611,0.0172025812058818,-0.1457486464371295,-1.2233987022436594,-0.1490006327465431,-0.15948924162426606,-0.8152643067728292,-0.07885668262617142,-0.0692207889877591,-0.713437702497029,0.03036872427264804,0.1919701756616047,-0.9192134742980187,-0.06561768291027993,0.03116429899332044,-1.130903810237932,-0.14507084446868118,-0.0043596619387531845,-0.8482569926802018,-0.07809861685830825,0.06734203156087132,-0.7253845013090109,0.005288405742855097
S,0.0,0.0,0.0,-0.32364558021983375,-0.2011076775479782,-0.028081216639400736,-0.5541594294201039,-0.5818593230397209,-0.036597712941061136,-0.5450683817168851,-0.9644577039544745,-0.07477443953484639,-0.3792555363965954,-1.2339443417891691,-0.09383257068426784,-0.3395081635234182,-0.9419579400947412,0.1417787026878126,-0.4673983408897555,-1.1608029657896248,0.005965861152404767,-0.47078907331050984,-0.8481344719422121,-0.05296305457840806,-0.38882701456970425,-0.7638422478502436,-0.07058045348440876,-0.18331592543397646,-0.9783824303616415,0.09572403795250471,-0.3181749820683974,-1.1952522610762262,-0.06334484868325017,-0.3164266081904597,-0.7932189420678921,-0.07043310509728992,-0.20421190998991762,-0.7313049520612498,-0.019388988607165224,-0.016362458537379606,-0.9765965115406317,0.013855035141754062,-0.16887984310794266,-1.1798700048129365,-0.15597418337263466,-0.17730656252093469,-0.7750775979219791,-0.08860490279465152,-0.07135038912836765,-0.6913459622362115,0.01659046188837887,0.1793212676066155,-0.9306170918358609,-0.07422862216771557,0.0012444648899282006,-1.1229618003567217,-0.15851217756673305,-0.03338531504036689,-0.8393824664521902,-0.09482678766851275,0.04954908532529037,-0.7262596564054405,-0.013926057174476023
S,0.0,0.0,0.0,-0.33677812708584226,-0.20102648405875004,-0.02376459319783785,-0.5657864573124252,-0.5847354028624008,-0.029371931020930296,-0.5574366054405919,-0.9701618959284846,-0.0673295004931556,-0.38517474979358446,-1.239477016467607,-0.08660226562502694,-0.36303537993204205,-0.930592002069861,0.1617431863872297,-0.47697838697660994,-1.1697046346820292,0.025288830444764408,-0.4805517166818451,-0.8614045069635858,-0.03644484447639232,-0.39749466535856587,-0.7727007796570712,-0.055778165362937775,-0.20391152691408065,-0.9724240234703398,0.11318837294229483,-0.3233901621396162,-1.2157887392885853,-0.05296348333798269,-0.3245121639908305,-0.8098848219601807,-0.06828136218269973,-0.2119468830289255,-0.7337137819982755,-0.018717298709486897,-0.03188758594532786,-0.9779611183203941,0.02857556220689755,-0.17407654435538603,-1.2080791932351107,-0.14852155766791345,-0.18732119477944015,-0.7932163373156423,-0.08679245462929995,-0.08142925816135879,-0.6928008383046784,0.019265840894212825,0.1715935783539266,-0.9392773021142048,-0.061533473073025965,-0.00525004675739997,-1.13602792197526,-0.15093734498710476,-0.04188387862889628,-0.848350733044939,-0.09021785373331848,0.04246090815237792,-0.7265549701868024,-0.008634714812116228
S,0.0,0.0,0.0,-0.3269945065557614,-0.2051846133150024,-0.024625170032461077,-0.5545229594225505,-0.59517814200677,-0.03160471769312683,-0.5421413220306855,-0.9819736495087503,-0.06921143212540794,-0.3712488602127847,-1.250164910986181,-0.0884657973104078,-0.3409985027193049,-0.941797966394074,0.1454692881884014,-0.46232053920129124,-1.175894412866335,0.008879900289648765,-0.46970305510829413,-0.8612432046380979,-0.051762956353959236,-0.38981384697333316,-0.7700930715969494,-0.07053377074287934,-0.18531077059499731,-0.9778140177269926,0.09767120884930636,-0.31401835250133225,-1.2153475038610047,-0.0640655749232459,-0.3161909343026587,-0.8065369116723036,-0.07456016252361632,-0.20309915625389358,-0.735723092843898,-0.024409085137386672,-0.017767387969707126,-0.9775432415559565,0.01473858937530404,-0.16610676460673746,-1.201918593662567,-0.15833131191828795,-0.17884975029166328,-0.788119744465002,-0.09224379478532645,-0.07302536649076453,-0.6949315819791221,0.014167035670724306,0.17837401160227342,-0.9338848670871126,-0.07371549521866909,0.0010843582775288982,-1.1332072598720753,-0.16096468069624206,-0.03425067844930007,-0.8458067691006165,-0.09758910391825651,0.05102574278911827,-0.7291302363029685,-0.015660914717544536
S,0.0,0.0,0.0,-0.33229356648841973,-0.20600396555566533,-0.02315749725069408,-0.5570699747663502,-0.5889448414294608,-0.029486071559542457,-0.5419627319137472,-0.9729997376026238,-0.06746400368358851,-0.3714674064512941,-1.245130883179627,-0.08696547976975909,-0.3503907061838518,-0.9365643829660951,0.1526812267081835,-0.4687170979082598,-1.1722427379749865,0.014675289878513468,-0.4744631248225699,-0.862441418822315,-0.0478957431506403,-0.39243823824792495,-0.7766047452645766,-0.06868299847074841,-0.19202828334078906,-0.9759699015647986,0.10299460974627175,-0.3171080185538555,-1.2169621438423504,-0.06355389161924586,-0.32161703398673114,-0.8097906478132688,-0.0781365491515206,-0.2078126041354163,-0.7382956022201053,-0.02959812286911713,-0.023387744253056054,-0.9790727665392036,0.017827496842689274,-0.1696361621031752,-1.2075462187534605,-0.15986095302498662,-0.18699086521483954,-0.790959006449041,-0.09641844968784008,-0.0800721666440855,-0.694836908172316,0.009598494900150663,0.17532246834164286,-0.9380555205401875,-0.07288728967717215,-0.0029435402343080514,-1.13322613461669,-0.1643034743924302,-0.04306810829896691,-0.8437948906718433,-0.10369774231033767,0.041296429717901637,-0.7244069952563698,-0.022663155636917388
S,0.0,0.0,0.0,-0.32372384319065145,-0.20546953513901095,-0.026454307431345303,-0.542611304665778,-0.5908612596246716,-0.03691111087609029,-0.5209316535966256,-0.9692692064225402,-0.07709177338243563,-0.3558226346179094,-1.2399407510389577,-0.09925893681679016,-0.3358020163906272,-0.9449434885574218,0.1343653691627648,-0.4597744748918782,-1.1768925337139546,-0.009479375697576786,-0.4699788986126024,-0.8653873509349118,-0.07494581051918457,-0.39166809678134695,-0.7716893171377092,-0.0965138845121855,-0.17914852616865942,-0.9801439725863913,0.08499175591882305,-0.3086453310958092,-1.218908252187873,-0.08269072452232332,-0.3152340467352659,-0.8091440152758129,-0.0966178587662261,-0.20169253076023125,-0.7341184608187268,-0.048696911890120945,-0.01252986494968426,-0.976072535171588,0.0007902391391557079,-0.1640850256034316,-1.2031611576223413,-0.17796398541503133,-0.18054273492257294,-0.7857235444103396,-0.11213057288467869,-0.07246034286545712,-0.6879707411725952,-0.005324443524185547,0.18117332269416922,-0.9259434472883395,-0.08892371867381338,-0.0007144452818561756,-1.118439397367822,-0.18325329787467393,-0.03790462991537481,-0.8316155504140738,-0.12207862297334135,0.048854867838459805,-0.7177360162032385,-0.04058395012146578
S,0.0,0.0,0.0,-0.32479072088869293,-0.19803569084416633,-0.027119996492499323,-0.5431201806386885,-0.5894781874168864,-0.03683671297776251,-0.5191876906210391,-0.9708220020374498,-0.07611292278683514,-0.3530251034686333,-1.2408871955292193,-0.09705586429053271,-0.3453395398574191,-0.9408742115076552,0.134565576967319,-0.4734667413046785,-1.1741369504967487,-0.01136395485133612,-0.4827010811982761,-0.8658469674692315,-0.0765185088983385,-0.4011483333045668,-0.769611861705466,-0.09636383714066551,-0.18691309281595214,-0.9786599144519161,0.08537135104321189,-0.3169753098557368,-1.2210060895742045,-0.08334987800635929,-0.32420238201434537,-0.811952030058602,-0.09594712290900591,-0.20858326503571553,-0.7366508471828943,-0.04579625603988439,-0.018082543694399673,-0.9749220014702279,0.0009995773524275925,-0.16911976412610016,-1.2027535469103223,-0.1811856267690625,-0.1876587349261779,-0.7843847411882946,-0.11621600998327414,-0.07828911861862228,-0.6875464332523034,-0.008271684918101443,0.17698028113942296,-0.9245061079365736,-0.08871618009990821,-0.004325735769303985,-1.119578944852995,-0.18492297205534572,-0.04376477416782804,-0.8340797647748536,-0.1240997767038683,0.04278555120275165,-0.7202750023108345,-0.04194381051022278
S,0.0,0.0,0.0,-0.3118540219597067,-0.19414320193259027,-0.04141256720955405,-0.5247062466638984,-0.5952211780945152,-0.05659336644185129,-0.4944435226242373,-0.9813224367400694,-0.09707478272697052,-0.3194729705446248,-1.2353303236787447,-0.11787501107699914,-0.3412850976855176,-0.946775937382972,0.11340301939287065,-0.459933794747487,-1.204052093923498,-0.029767981014417702,-0.4705794447369753,-0.8875845790392427,-0.09054791518867347,-0.3951022020335174,-0.7836076004927651,-0.10774067618246237,-0.18052978705008815,-0.9809680005267237,0.07148970506479771,-0.3006175768526417,-1.238981323105208,-0.09084227216563952,-0.31270875459177483,-0.8299071842558042,-0.098457818111838,-0.20533123125719827,-0.7487222928014696,-0.04616753776634425,-0.011690470746350724,-0.966712310454159,-0.0054769374032035845,-0.15266241852603765,-1.21319062393376,-0.18012565444260625,-0.1757007723935053,-0.7972490025575314,-0.11229810536735665,-0.07230304680549549,-0.6908640027633236,-0.004281642849088721,0.18262014356481981,-0.9061293558652938,-0.08925178434581381,0.004611245778527273,-1.112429413486637,-0.18391325736498385,-0.03868758090218654,-0.8255560967007326,-0.12301599599427683,0.04309382567777873,-0.7007671752788034,-0.04078958747076727
S,0.0,0.0,0.0,-0.31024416280509154,-0.19785694781887536,-0.03420385602844213,-0.5161886670357001,-0.5998498439463654,-0.04844653715960381,-0.48244876852851826,-0.9771502709403593,-0.08953736779227857,-0.31079131869631405,-1.2328393625532326,-0.11260078968072976,-0.31646483908473755,-0.9492963668070711,0.11068330257404177,-0.4381447079397634,-1.1989958551806337,-0.029814084229412775,-0.45458142051318073,-0.8889267660876421,-0.08805366356904992,-0.38039413717444026,-0.7846692586320655,-0.10501041683549646,-0.16109318666881134,-0.9848628138001925,0.06398611726347292,-0.2894297987746145,-1.243575666974128,-0.09766108622508791,-0.3057498629278451,-0.8407908958693912,-0.10569535988249629,-0.19866610778732835,-0.7576001537486297,-0.0551510005058036,0.004142737307567504,-0.9735324515236321,-0.016096014584824746,-0.14754923361784095,-1.2128619559916864,-0.19558475630361902,-0.16992743448428754,-0.7946818172223395,-0.13048235315284432,-0.06714238589947355,-0.6875407486899285,-0.024103054588782074,0.19337093665086233,-0.915007796181368,-0.10139623636428632,0.010501592435043021,-1.1142115581688463,-0.20191511899310483,-0.030666809017999095,-0.8262330921646314,-0.14332939759638194,0.05039525105708441,-0.7029437985728524,-0.06272542769394465
S,0.0,0.0,0.0,-0.29938053813840615,-0.19326892527417494,-0.05033915143203752,-0.5011745027219019,-0.5966202753589624,-0.07031797019005477,-0.45455553556249906,-0.9753366296287689,-0.11305510595769665,-0.2754822543809304,-1.2159576374783996,-0.13470623810770843,-0.3323085898890266,-0.9535494744971604,0.09677117054447595,-0.4515372540369642,-1.2234781148487164,-0.04943375626599644,-0.4657090204265946,-0.914111002184113,-0.10763305657311835,-0.3944378734986046,-0.8064271574716364,-0.12081544684321045,-0.16995819286063585,-0.9837247967494835,0.05830726318165233,-0.2814816521369918,-1.2476655286162843,-0.10366957018088276,-0.3009681556195314,-0.8448849455486556,-0.10796996696583905,-0.20016308749823442,-0.7641006819789975,-0.05234091031248822,1.9481807867310062e-05,-0.9601633984080516,-0.015394253327165276,-0.12939926682845057,-1.2081965847575984,-0.19254961140484686,-0.1592750687731521,-0.7944291612131698,-0.1250425370818968,-0.05972642739923608,-0.6888625394356881,-0.015664333938106536,0.19266528895040935,-0.8899056052092829,-0.09610367272389075,0.02414085724210051,-1.0991186418554784,-0.19217288818938194,-0.02243055432476471,-0.8209819661759502,-0.13134290379283137,0.054803024877692286,-0.7033194395671304,-0.04801926149769975
S,0.0,0.0,0.0,-0.3046921610801735,-0.19835815122139544,-0.054348277737495856,-0.50474123772107,-0.6070437956337721,-0.07205709571207074,-0.45353589075716644,-0.984532101561287,-0.1123051034280593,-0.26350735276463405,-1.207207707155888,-0.13100810793079995,-0.3269465922396145,-0.9495250782756645,0.10223163566758998,-0.44423305339235797,-1.2183661271392412,-0.03525723286045172,-0.4571433356966464,-0.9085954984313486,-0.0885441521180702,-0.38793550101297225,-0.8128005305819282,-0.10123797227097855,-0.17054884558002917,-0.9830645133199883,0.06706156814639765,-0.27704888641662734,-1.2470052932885416,-0.08857238204533474,-0.3013623175805594,-0.8551214539454588,-0.09319561986400215,-0.21208651878696402,-0.7827830718117881,-0.04003986274834399,-0.00504687071586462,-0.962008998524026,-0.003584392513485261,-0.12769990053112631,-1.1995952064482478,-0.17946978562669733,-0.15889674838071077,-0.7918084058637861,-0.11685237250698612,-0.06737619506665884,-0.6937692722562421,-0.010988478638218599,0.18174367070095418,-0.894329590856029,-0.08137422896226998,0.018586834334970697,-1.0933223297450145,-0.17418393873316804,-0.025263301060680622,-0.8197516549358406,-0.11476178785652227,0.0485409030272907,-0.7071663628826141,-0.03364062948604199
S,0.0,0.0,0.0,-0.2927508284176549,-0.2033319042904624,-0.051592193696311954,-0.49419582717955635,-0.6086702369160002,-0.07161105314700257,-0.45318957170864493,-0.9837992986426104,-0.11520553885076988,-0.2536401398086399,-1.1904270835631092,-0.13761690916348102,-0.3296956971010355,-0.9523613835486195,0.10686438156422069,-0.4431897217585829,-1.2247543805304806,-0.030419132507505477,-0.4478322937447607,-0.9220467168743848,-0.08465815358471672,-0.37607139532984174,-0.8283427683865721,-0.0976124913857036,-0.17348164079237358,-0.9823077002602155,0.07053865831919688,-0.27423192456284434,-1.2411036690439254,-0.08345930705258223,-0.29275345601316116,-0.8612607982974118,-0.08870729650707591,-0.20845668871121747,-0.7897547766466014,-0.03659244614200546,-0.008344270144405254,-0.960004474966258,-0.0012287196542442732,-0.12341465746901287,-1.206262141904141,-0.1761803766787264,-0.15270738412801121,-0.8074100774450166,-0.11793906538328752,-0.0676757659494796,-0.7030606690594151,-0.015387639402629251,0.17696875198425535,-0.8925335641479157,-0.07971531190558012,0.018101894716129645,-1.0958712102211512,-0.17257152022838726,-0.024136605728872173,-0.8199476007440267,-0.11693407092610777,0.04410915380876471,-0.6961555427056313,-0.038804510532070804
S,0.0,0.0,0.0,-0.28752945015616316,-0.21058197682722007,-0.04871642456767603,-0.48532934784253456,-0.6135565583095397,-0.07214783891466567,-0.44676864665882837,-0.9859179725542132,-0.11980148445806656,-0.24445331727962213,-1.1843838674271048,-0.14690680261543945,-0.31875268445815474,-0.9594598092708595,0.09944351045434591,-0.4302358389589868,-1.2357885216673055,-0.04042883681858455,-0.43752663244606455,-0.9321405754480359,-0.09688076133334465,-0.3682184927557987,-0.8308415751448194,-0.11083596626086957,-0.1618473525658082,-0.9849582935066585,0.06051937309564752,-0.2605862343498399,-1.2468120174544872,-0.09243261752377487,-0.2810637721300147,-0.8674541736584311,-0.09711778836787782,-0.19773987511623298,-0.7942318998083246,-0.04594119979736044,0.004039051261979401,-0.9591118537546836,-0.012791504993357775,-0.1116145025926286,-1.2069898679055011,-0.1848149045077458,-0.14179981413956363,-0.810748630034022,-0.12399498909097247,-0.05744442536038305,-0.7079636813629298,-0.021397694688407406,0.18876698807671988,-0.8876191263655472,-0.09256031773412728,0.030966676790344583,-1.097821869681438,-0.18113154300139817,-0.012449031827969996,-0.8229551356005073,-0.12119470721180595,0.055074800549998096,-0.7001603574879814,-0.04140861575379565
S,0.0,0.0,0.0,-0.29016776215951745,-0.22352177426982361,-0.04933413328440636,-0.4818867639894719,-0.606463995018587,-0.07166687720834412,-0.452739573222562,-0.9532958607057326,-0.11777110149665232,-0.27513846557758637,-1.1627674087179614,-0.141063803039762,-0.29009163574121055,-0.9720538138772626,0.09611107494329253,-0.41179038463770257,-1.23437391705713,-0.04239327465503719,-0.42354720642458615,-0.9224154482533297,-0.09472927711223234,-0.3476062020834595,-0.8358608640689338,-0.10822534605790145,-0.1347707699026858,-0.9892137850988524,0.05738403044609846,-0.2417170455565446,-1.2302954826440222,-0.09501376595892921,-0.2752350653886955,-0.8415797651250266,-0.09507203823304357,-0.1859749175395226,-0.7866663769800278,-0.0438402352958062,0.028468781347199913,-0.9519806614864225,-0.016187794441890037,-0.09644880782235066,-1.1807255539011936,-0.1863826552443802,-0.13867705480166753,-0.7814128851631296,-0.11829527562093836,-0.044498006123129735,-0.7013284698195323,-0.014519630446347635,0.20918386320163204,-0.8679491105774539,-0.09702692885075787,0.05136956880591033,-1.05622396869431,-0.18380276745326013,-0.00395405614885362,-0.7892637104086766,-0.12269236926168743,0.06873744588961865,-0.6912667103897733,-0.04420474639274435
S,0.0,0.0,0.0,-0.2807986902848262,-0.21915345526674568,-0.049666009064959514,-0.4705644112413392,-0.6104179986043472,-0.07253946560481137,-0.4428778403768887,-0.951815574509498,-0.11875338749930776,-0.2536686923037462,-1.1211707644579705,-0.14333621410017555,-0.28925991307624066,-0.9751673373598599,0.09016460215757557,-0.40264632063600225,-1.2292132719243942,-0.04541739433264007,-0.4138782110750396,-0.9208567438628481,-0.09730635741397325,-0.3467043139672414,-0.8286082902509749,-0.11108609815494738,-0.13607897314815506,-0.989445561488566,0.04979953732234848,-0.2405539256148542,-1.2181265992689996,-0.09737316569386595,-0.272253995853995,-0.8421396528388733,-0.09746868521616928,-0.19407070405834434,-0.7843807087039064,-0.0482559035313769,0.025817987703536934,-0.9468614945952168,-0.024450731144804564,-0.09423919503960425,-1.163777319144587,-0.18966511793975022,-0.13047551055964507,-0.7742015519090187,-0.12305489261616338,-0.04737272812495086,-0.6907276255981512,-0.022689359550720958,0.2028175027668041,-0.8551361680385917,-0.10612758738309437,0.04728763660212089,-1.0345875195788332,-0.1911085293482927,-0.0010875134939064806,-0.7683667318541804,-0.1299141102663253,0.06501773699738758,-0.6673391771528403,-0.05277759666109865
S,0.0,0.0,0.0,-0.27804246142435185,-0.21210239856478233,-0.05597263824884464,-0.4629256448557757,-0.5953935478564117,-0.08176217489089489,-0.4370587579982007,-0.932143534084292,-0.1289074885966676,-0.25009787420017765,-1.0922415620575598,-0.1519769736275931,-0.2777770196668651,-0.9807976397818774,0.08457639981409534,-0.39795052652068574,-1.2134176926683846,-0.05341832956772901,-0.40711304735512027,-0.9028648958239917,-0.10494252426814007,-0.3395711484660843,-0.8219901723872943,-0.11890297282298765,-0.1225650133659233,-0.9913934711231932,0.046008726486584106,-0.2397995400828248,-1.1991465427555397,-0.10401445055981562,-0.27241354025702574,-0.8181894438328846,-0.0997329485891599,-0.188596368694346,-0.7733648416259901,-0.04634194767801121,0.03683304319318104,-0.9405849006524472,-0.02797630066084543,-0.09312947203287128,-1.134334701094723,-0.19244159889509752,-0.13491808413851092,-0.7451979281840339,-0.12195311606879777,-0.046180492201175406,-0.6806579018822255,-0.01924301962814834,0.208753914530102,-0.8406301449548764,-0.11080790136544494,0.04916868029101846,-0.9901494940732763,-0.1924146633989613,-0.004304336804048261,-0.7333968300491015,-0.1324221783504381,0.06447160381488552,-0.655752491560067,-0.05696919302498823
S,0.0,0.0,0.0,-0.2820931727180242,-0.23307585223521135,-0.04831965247225428,-0.45349036805185106,-0.60845872487079,-0.0714026091618961,-0.4521974188766206,-0.9362698771906713,-0.115117020865076,-0.3491130074828433,-1.1879993970720355,-0.13462046539121,-0.25408147940525183,-0.9932620068600744,0.08568825808941267,-0.3906636622666045,-1.1946326734240584,-0.05236160734647302,-0.40435310075250425,-0.8862154751704194,-0.10733303723343457,-0.3352966276457969,-0.8006002920547993,-0.12306406458487587,-0.10322023769429683,-0.9935051141982345,0.04788706080232708,-0.24492752401199458,-1.165945629438209,-0.10140223900629745,-0.27137083471897716,-0.7948774394512829,-0.10309523539006038,-0.17615536928521947,-0.750188790686348,-0.05812848298371734,0.05611752928060214,-0.9401186671216757,-0.02318415284966755,-0.0979658298683549,-1.0974827465662005,-0.18856632164058518,-0.13299795647603666,-0.7318220880007916,-0.12056366024194451,-0.03724901599695393,-0.674964650383052,-0.023582913690031192,0.22327008183264135,-0.8409760540651039,-0.10149114757548754,0.0568430704655622,-0.9798408182286452,-0.1890945626000429,0.0043667635752957495,-0.7270486016898415,-0.13046634984625088,0.07596896371880997,-0.6441505117090393,-0.055942986294556504
S,0.0,0.0,0.0,-0.2829321782135568,-0.22403678657554899,-0.05310757413645836,-0.45575452869759303,-0.5963091529827469,-0.08468364972187123,-0.4516704706230569,-0.9304502850769222,-0.13645464837025745,-0.34750695129635684,-1.1886547620097558,-0.16281335465248856,-0.2417303386744329,-1.0001401499659062,0.0664408012262422,-0.38996903769503893,-1.1922583704640164,-0.07996286357124142,-0.40129972788400914,-0.8732217691134293,-0.13455528678244902,-0.32664515390492577,-0.787571865018706,-0.14954298972146096,-0.08872476276031152,-0.995685002926349,0.027189913951371044,-0.24353417510042918,-1.1535802383538436,-0.12830805935103318,-0.27137255845930874,-0.773631264360515,-0.12424463045800892,-0.17257158659605842,-0.7428567789842008,-0.07613383463927972,0.06724404266308379,-0.9383765223005006,-0.0460041972731909,-0.09943813709840234,-1.0820706575314452,-0.21522611461369467,-0.1367500644453521,-0.7057168796342806,-0.13882397957604986,-0.03635178427341851,-0.6613837524657077,-0.037410314785247666,0.22845960747500502,-0.8351789118208587,-0.12735629319026937,0.056309867555179124,-0.9630685892104104,-0.21660647387832177,-4.8772772784222024e-05,-0.7099861986286949,-0.1561189962101119,0.07384008757776236,-0.6376832095606554,-0.08113568452667733
S,0.0,0.0,0.0,-0.2797992588087619,-0.24383301071208296,-0.05180950088318054,-0.443190357424878,-0.6409224066552086,-0.0778001454860353,-0.45174389127325076,-0.9968491862404459,-0.12486258215593062,-0.3986407815424275,-1.2902312337278667,-0.1486841242670864,-0.21056998947401767,-1.0072878550830215,0.08787091150985009,-0.34545841229865204,-1.193963202256528,-0.05094429496792297,-0.35782404223985564,-0.8894960911757208,-0.10866054111769693,-0.28880218454623435,-0.7758140762550724,-0.12468465409869196,-0.06512725531260893,-0.9964682631113302,0.053004162358583067,-0.22077594092735897,-1.1399616907210617,-0.08244499167850365,-0.24692537313127486,-0.7749403117448168,-0.07753771174778087,-0.15055220343853812,-0.7398153604060999,-0.035115821083676044,0.08778411230361917,-0.9365101604440375,-0.017297937900582924,-0.0717103785703136,-1.0807144408422218,-0.17439612512888722,-0.10945280370423328,-0.7223129500784846,-0.10263441886193292,-0.013203393443768804,-0.6685851225961759,-0.00858111334101934,0.24828729984660433,-0.8326490676318834,-0.09588516098054334,0.0900952433065924,-0.9796720263961018,-0.18150036774757858,0.02886249488160667,-0.7325601546759166,-0.1226305674258259,0.09569096492101373,-0.6441569587307688,-0.05085517576254636
S,0.0,0.0,0.0,-0.2871819748734109,-0.2311914763081592,-0.06029525371206469,-0.4479202473485113,-0.6431391893002673,-0.08710184703728187,-0.45337967469137436,-1.0069504698941343,-0.13319959768191078,-0.4090438908615238,-1.302138364207745,-0.1557678551163022,-0.2164880888783609,-1.0116172480921055,0.07879735030257233,-0.34364117532925215,-1.196382392002748,-0.06862818409191916,-0.3590354327991703,-0.8824837378730563,-0.12939532784942503,-0.2912350087619284,-0.766192908867726,-0.1455855679457531,-0.06587822827718613,-0.9967052182939011,0.04731560910276614,-0.22284741233985272,-1.144480228655473,-0.0998311718929704,-0.25236229752091766,-0.7731990716350394,-0.09663534037867302,-0.15194191022309977,-0.7341429469648828,-0.05138812514522781,0.08924262422021677,-0.9319416678653949,-0.021183201795554996,-0.07444848935110254,-1.0705864881855163,-0.18434030032108872,-0.11689421314200824,-0.712098993413167,-0.11446148653006373,-0.01725189400517508,-0.6604564099504466,-0.01983059070804237,0.2491215779200612,-0.828483255828533,-0.09872067888259936,0.08168718044072243,-0.9651776776960417,-0.18488390961831228,0.019536887667443117,-0.7223703373003915,-0.12890471851015292,0.0915057464066243,-0.6425538395384217,-0.05913391911307056
S,0.0,0.0,0.0,-0.2942353450988126,-0.23503226691381926,-0.053470235867870516,-0.45228307891687075,-0.6544285779842003,-0.07652881231331173,-0.448186387493724,-1.0319679519100373,-0.12006046260035197,-0.3985167222508743,-1.3355697939215103,-0.14034662526310274,-0.21198756952643402,-1.0081279544971982,0.08660221375929093,-0.3367590647625419,-1.2005919320328429,-0.05516023617753276,-0.35746252974342746,-0.8887287261161202,-0.11239123918701867,-0.29062382685291344,-0.7708121509171173,-0.12737595676077026,-0.06243452941540289,-0.9966480694764991,0.05286355214554358,-0.21477812342779223,-1.1451725777157153,-0.08774215452387273,-0.24547068994774357,-0.7730061563328229,-0.08110598117593404,-0.1441484479686014,-0.7374479483712728,-0.03597914223895096,0.09244699147954369,-0.9366196189532284,-0.017455182211042482,-0.06637429626153556,-1.0816412415032923,-0.17692454910899497,-0.10834309849156666,-0.7212798191680089,-0.10490844941987885,-0.007984933720272275,-0.6713646776517527,-0.010316080501363727,0.2533865650994797,-0.8377495928673255,-0.09627329989021391,0.09160672991797915,-0.9878991814640093,-0.18060549325624167,0.029101476691961944,-0.7408062518658728,-0.12233856274100548,0.10083530560440011,-0.6553564116879937,-0.05170696490676851
S,0.0,0.0,0.0,-0.2846188561536451,-0.2187100694595349,-0.057015624796485635,-0.4404321894411441,-0.6345965464946198,-0.08163146380799866,-0.4395639290582469,-1.002344415615108,-0.12566472366092288,-0.3938368576190554,-1.2973114378387893,-0.14691042177476102,-0.19348733037352836,-1.011371086892602,0.08384789765331734,-0.3235223221991998,-1.1738698431834742,-0.06460934205353183,-0.3403475364415532,-0.8677507455576267,-0.12725227701101807,-0.2772530548530971,-0.7450332917444278,-0.14377173997179624,-0.04409129071120544,-0.9976958182811099,0.05156561129092219,-0.21400564375857645,-1.1228011557281374,-0.09507989975356065,-0.2402489024100992,-0.7521423591653521,-0.09083238327113603,-0.1376716995586906,-0.713984292791185,-0.04433242889929169,0.10814404754523917,-0.9354434544611767,-0.018251005479609294,-0.06701912960132238,-1.0532591201989658,-0.1826478663968241,-0.10621744220240158,-0.6945765138343335,-0.11307888625915596,-0.006204609571970589,-0.6464817642251703,-0.017912363461474182,0.264126589622479,-0.8331965295474115,-0.09681456515981839,0.08855719646794896,-0.9583169971522087,-0.1862578813424623,0.02835563934925395,-0.7108603940142056,-0.13218239822206151,0.10157066431775551,-0.6327905036114787,-0.06259856922306958
S,0.0,0.0,0.0,-0.28059418799901925,-0.23546889277191396,-0.05963543428002382,-0.4377500348049317,-0.6227548846343016,-0.09253361053578621,-0.4296073110967301,-0.9749447101617794,-0.14489461119693298,-0.34389839044575865,-1.2561848190981453,-0.17136114400389824,-0.19749124369422338,-1.0067105318472507,0.0888206031730833,-0.33437710007704274,-1.1662984351197474,-0.06561140811459952,-0.3557942656496741,-0.8486284605663053,-0.13043203036059509,-0.2862158729766597,-0.7384323921739071,-0.14863880332621568,-0.057111657680434885,-0.996801049297316,0.055909987272066204,-0.22057884904060424,-1.1258282479732133,-0.10150375289775626,-0.2530178695244722,-0.7466985246879626,-0.09942519164344317,-0.14910944216569438,-0.709029303563317,-0.05074308085284126,0.0899859011404355,-0.937709301089419,-0.015484947808809924,-0.08044288254446941,-1.0514176292459823,-0.18289482329848347,-0.12149700404065354,-0.6874483767627957,-0.11221446382754176,-0.018365525413852248,-0.6467932645306605,-0.014190248813325711,0.24628804495707204,-0.8338610731481308,-0.09656912316646393,0.07295774341075303,-0.9517096162425487,-0.18307057737907648,0.014933123939450803,-0.710301016257787,-0.12962465270430928,0.09176573454315463,-0.6453402010910027,-0.059852634248634635
S,0.0,0.0,0.0,-0.28492882098654077,-0.24167729214806727,-0.05842578533605148,-0.4453141720125173,-0.6347571401946683,-0.08900797349069726,-0.4357667089699934,-0.9931576305546208,-0.13919423124605906,-0.3497954194128374,-1.2804915896370777,-0.16433272023690734,-0.19852359943552936,-1.0105470427619623,0.08650399361816397,-0.32980183973574045,-1.1936538748587686,-0.06268782552586546,-0.35201016073426117,-0.8780684874814005,-0.12443691056941716,-0.2814304121421801,-0.763182977835005,-0.14128192948042234,-0.05589905422436738,-0.9969717047817794,0.05406214573371758,-0.20730256930060637,-1.1428987947498899,-0.09950589171621461,-0.2433459736018918,-0.7652661199752684,-0.0985562878034345,-0.14309281576686533,-0.7220950661462654,-0.05195262472065108,0.09234867028382647,-0.9361896686955221,-0.01573153574689829,-0.06809144978911987,-1.0655657636884506,-0.18256256394958945,-0.11312570631057219,-0.7020118033537275,-0.11394319474122096,-0.012183571129864169,-0.6574290317781366,-0.01741293829503872,0.24900329962523063,-0.833498185215978,-0.09435661214904378,0.08220344769539044,-0.9705328345964802,-0.18136398747882956,0.022325052925249722,-0.7292133157324715,-0.1267837786197392,0.09929350054092322,-0.6585696859052207,-0.05635651530335033
S,0.0,0.0,0.0,-0.28297799269941626,-0.23229350616991312,-0.05278114141635206,-0.448383531499409,-0.6236136006841598,-0.08179866633102317,-0.4373019522691266,-0.9826002361440822,-0.13199847687804558,-0.3286057101818045,-1.2588054043656767,-0.1576617529658806,-0.2086611610477839,-1.002685887121848,0.08956178179863754,-0.34364863842589854,-1.1964058113865603,-0.058267267060812374,-0.36453175441824803,-0.8867183688447294,-0.11656223983159363,-0.2893384712908215,-0.7848201576333255,-0.13217083284060158,-0.06369310451501674,-0.9965305231897614,0.053573358942477466,-0.2142320636499639,-1.1520073387456893,-0.10353672538170719,-0.24874972444467847,-0.765837430883716,-0.0996693110890458,-0.14662734946394404,-0.7247428243383714,-0.048550904112923524,0.08632719930642808,-0.9427921179779165,-0.019373817346753083,-0.0798382835338828,-1.0725743779415013,-0.19059092964239135,-0.12327679647931218,-0.6955597802155898,-0.12052064248684913,-0.021918791089706683,-0.6519223098989264,-0.02056160271430212,0.244521976513581,-0.8443661362081027,-0.10048818230048617,0.07013564821167478,-0.977473716567884,-0.18947351414052027,0.014764118543012612,-0.7315668312733966,-0.1347552583064916,0.09505419309010389,-0.6658562528344059,-0.06314680362131198
S,0.0,0.0,0.0,-0.2848307585847868,-0.23994744499313195,-0.047599335190944954,-0.4494300771469646,-0.6334095609815791,-0.07325579834168983,-0.4368176222799186,-0.9936733241806636,-0.12144226180890091,-0.32222003189111126,-1.2703659895225135,-0.14648656454588696,-0.2126935516708281,-1.0004897841442517,0.10099098914334637,-0.3419252584468636,-1.1829839479418547,-0.039630474449630325,-0.36284064943051386,-0.8821124651641468,-0.09586128640968032,-0.28843109650935833,-0.7879296675289637,-0.11165133213702438,-0.06813560039276313,-0.995664637655723,0.06332037019013322,-0.21067198649364627,-1.152191376215229,-0.08998469456495867,-0.2468070666208947,-0.767674129754984,-0.08778827286350666,-0.14512338834735344,-0.7263356605196761,-0.03764781980173099,0.08221507012674653,-0.9430470043357653,-0.010635720313936997,-0.07803542174083038,-1.0756680578655184,-0.17889934855294523,-0.12332029295811045,-0.7031936864540143,-0.11189551347151266,-0.0216070373834495,-0.6624868419292627,-0.013770893157594636,0.24023994234231577,-0.8453340064802944,-0.09203741465989158,0.07135509443679329,-0.9836270614720036,-0.17771146344388752,0.01571884222861839,-0.7408354747643607,-0.12251266867185814,0.09753765359476116,-0.6761663918686275,-0.05089286582005601
S,0.0,0.0,0.0,-0.2840404086800621,-0.23690345423457057,-0.04765266142484222,-0.4478731212541612,-0.6258790806255186,-0.07395430433049272,-0.43481052340308,-0.9824492021644373,-0.12237476301826151,-0.31332705854821274,-1.254121744249402,-0.1477095951789268,-0.21018541991471404,-0.994374478608471,0.10257836136815744,-0.3443025165323455,-1.1580217312298264,-0.03694051422291137,-0.3645733949057386,-0.8567366171559299,-0.0939404925617345,-0.2885937239606142,-0.773869214939459,-0.11213708339589892,-0.06332828952314785,-0.9959163963014575,0.06434329276615254,-0.211642139243481,-1.13417194589459,-0.08767188859253747,-0.2462754661869262,-0.7532159033681165,-0.08604463461568215,-0.1435896579908227,-0.7216547066299746,-0.038008665927589017,0.0869381186546533,-0.9461120998248093,-0.010188557665837063,-0.07791611079314548,-1.065471074388108,-0.17835555712440987,-0.12324298377538744,-0.693911509560472,-0.11225987985581498,-0.021946829979459223,-0.6578854580055283,-0.015652310533855563,0.24345902701838543,-0.8499164305336945,-0.0923297109882091,0.06807627539041328,-0.9724816651594796,-0.17935235639835495,0.01277466959542487,-0.7287948668385524,-0.12656128398979197,0.09294479522033762,-0.66799835032782,-0.057032756667947264
S,0.0,0.0,0.0,-0.27401892960973007,-0.2248103818235786,-0.04766562477170387,-0.4431310944151358,-0.611185076148622,-0.07490588720545119,-0.4333423951762312,-0.9670760433629545,-0.12393942000934442,-0.30654550982741646,-1.23555711932543,-0.15081362569715223,-0.21849953329459676,-0.9844419808510734,0.09593178658482,-0.3604577358045099,-1.1426843326736056,-0.047988563062494057,-0.37492737525703046,-0.8421065784206863,-0.10657696306966165,-0.2915170556778975,-0.7517387268218381,-0.12491683990544354,-0.06954940275689454,-0.9959733148183592,0.056568867284829946,-0.22378659475973284,-1.1364331231614242,-0.10014758319913114,-0.2527326179800825,-0.758309038795478,-0.09926867245850829,-0.14681613282669906,-0.7116902117404681,-0.05049310670431402,0.08547745222121945,-0.951113983280002,-0.01867884812284543,-0.08816294222974315,-1.0673879061475284,-0.19020978483687753,-0.1260218671724948,-0.6922174464973035,-0.12324458692467573,-0.023172503926740338,-0.6466466860412504,-0.025523071129093536,0.2495611518798933,-0.8549627849566661,-0.1013851168845788,0.06087592422794795,-0.9698462227022819,-0.19229224875287088,0.01024895058503598,-0.7222352377675516,-0.14075463597883514,0.0904944520319268,-0.6558089347353475,-0.07159575316514903
S,0.0,0.0,0.0,-0.2524790172049438,-0.23188229693886703,-0.05266337736444715,-0.42486914384557956,-0.5891284950760772,-0.08701078505679856,-0.4044887898878589,-0.8981819829110699,-0.13965100061444424,-0.2352107319824122,-1.0833441225813398,-0.16816064246393306,-0.20071373854125252,-0.9918977137282757,0.06889865789641833,-0.36878852931435363,-1.1414934694783356,-0.07267428021611043,-0.3859306008570108,-0.8444849137242721,-0.1310081808126871,-0.308435040803608,-0.7792371291658823,-0.1527716113202601,-0.048734257141507295,-0.9983612965799014,0.029994894101556056,-0.2240895938855354,-1.1270818505945046,-0.12732280897482562,-0.2534128181307575,-0.7723846278749865,-0.12859831090074217,-0.15969194861372812,-0.7263496305828505,-0.08291506662678469,0.09555854069600081,-0.9451548379973013,-0.042058498294570895,-0.10078712269005528,-1.0589924551863708,-0.21315560522666827,-0.13696771646811115,-0.6873366215231559,-0.14952300642923547,-0.0378511219838222,-0.6260441933867731,-0.05455805881185472,0.23911280820098663,-0.8341783046257277,-0.12178823769062562,0.024042624184533685,-0.930361062121336,-0.22024358518315826,-0.016868909078357558,-0.6883250549418295,-0.1763206949401706,0.0664020086608414,-0.6213418322851664,-0.11108248909855688
S,0.0,0.0,0.0,-0.24175577915305133,-0.24754800987440503,-0.044795366372677795,-0.39871829252859575,-0.5952515946532551,-0.08119599354236776,-0.38816670370150014,-0.8793730926347407,-0.13745163493564996,-0.22801507299670673,-1.0496275965599495,-0.16975111128655046,-0.14613300582694563,-1.0021807143719823,0.0717939476491586,-0.32827302049350293,-1.1119709222204874,-0.06779191203999578,-0.35114230126367685,-0.8230729160855721,-0.12795355374949294,-0.28480187115539346,-0.7681939068214572,-0.15268915547841946,-0.003925953737082382,-0.9996080313209028,0.027719498660748094,-0.20459998096525153,-1.094010160996457,-0.12718585824944198,-0.23320388588634106,-0.7454231288892844,-0.12836405553196636,-0.14010032264211417,-0.7082165841501216,-0.08528013448212851,0.13006974346887448,-0.939004687934485,-0.04840177679334832,-0.09383283604128523,-1.0264788139869474,-0.21121816761614953,-0.12638538553178238,-0.6676455518504827,-0.14289912771124036,-0.027816673757743007,-0.619207133059279,-0.04907527895456071,0.2573347065746294,-0.8178043334869494,-0.13250228508366524,0.028341025472174004,-0.8934212683639888,-0.22375935986018353,-0.007655693338825022,-0.6649087560353765,-0.17719736516479964,0.07952345189340913,-0.612998815796333,-0.11243884006416088
S,0.0,0.0,0.0,-0.1996861670946216,-0.2602645075153551,-0.05078248044432705,-0.32938374920588165,-0.5868809837911964,-0.09905721961391592,-0.3442310065280608,-0.8317592306835009,-0.163480795985959,-0.21104759663352873,-0.9876590497457138,-0.20343888266163193,-0.05863046756046889,-1.005376604238171,0.06080193997532675,-0.27786265150939815,-1.0856174085394033,-0.08510290985873378,-0.3130554530595742,-0.8185375250368154,-0.15996276223249417,-0.26143368446844223,-0.7525134557617561,-0.19422183033968654,0.07234576565424926,-0.9971815576090409,0.019875395752221303,-0.18245026399941788,-1.0593667101015025,-0.1343590704048428,-0.20173924321881767,-0.7226114980617583,-0.14430199909963068,-0.10723716464711394,-0.6777005994815094,-0.11012525450758597,0.1951177131793759,-0.9254902835114288,-0.05224773224179445,-0.07661255552934032,-0.9792732949629117,-0.20459969216373522,-0.09449772052431636,-0.6397873304302334,-0.1408254321670568,0.0026694783466675,-0.5859978690686172,-0.05722271026489447,0.3036228952943228,-0.7839403814035468,-0.13442232746267066,0.04401357662318676,-0.8134469770445613,-0.2275854722404303,0.025190036864759447,-0.5962209766299399,-0.190295425755787,0.11717673764541355,-0.5482148184732761,-0.1332478227966525
S,0.0,0.0,0.0,-0.33492740658266745,-0.1859717611478847,-0.061172791110150795,-0.5490627190995209,-0.5781314084905093,-0.08336123991614391,-0.506697247504057,-0.9688009686789685,-0.127196418318616,-0.32912725068868726,-1.2105630395271934,-0.1464138080770323,-0.4158918552357119,-0.9213643654943391,0.09744479117163916,-0.5483468640123991,-1.1963422499738547,-0.05119993112181879,-0.5333309092325501,-0.8693747509867858,-0.10986483105048468,-0.45480060374230513,-0.7800687822582838,-0.12275529620720901,-0.24308557722635063,-0.9679754356295694,0.06271330131859514,-0.3416589406563089,-1.2426470866588557,-0.09634839808822271,-0.3390273575058615,-0.8441753546538796,-0.1001695841906286,-0.24923442255595793,-0.7967624364055483,-0.046087114413309795,-0.0607851777601803,-0.9571728442894629,-0.009085037061698956,-0.17463080432627717,-1.1972996717556696,-0.1825907301343225,-0.18610679476810782,-0.801418639359647,-0.11343319765651211,-0.0975799719938481,-0.7380092492798175,-0.0045024276302485945,0.1454946964029212,-0.9073519247582298,-0.08961320931097712,-0.004058870826212032,-1.1135153397947197,-0.16982575337193762,-0.0375519259732595,-0.8381070970743326,-0.09757698659274466,0.032592044790274784,-0.7323494340042351,-0.009053022318803873
S,0.0,0.0,0.0,-0.33563968341691885,-0.2058285816900513,-0.0474091595137168,-0.5460194976365444,-0.5909869335246636,-0.06466609746584187,-0.5099045973824241,-0.9794685011618167,-0.10951805037582286,-0.342162723429332,-1.2239616171944938,-0.13507829925708076,-0.4048159598665941,-0.9201699429252259,0.1346074594886967,-0.5283710586851816,-1.180969429989009,-0.01144104563399974,-0.5154295911341393,-0.8753411382288695,-0.07874228835946098,-0.43825262347985017,-0.772275041312864,-0.09608794474381459,-0.23859116342336006,-0.9664164236173467,0.09546493020447247,-0.33250583192312644,-1.2429851595841506,-0.06271265738691163,-0.3259238982342126,-0.8504272449892064,-0.077226992899497,-0.231636990236564,-0.7768042501637468,-0.027740886834868715,-0.05979940028683167,-0.9626936353585478,0.01890177273746184,-0.1760746900979718,-1.2150417323644966,-0.15170628727907687,-0.18684318745812786,-0.8223603278568901,-0.09104038059373139,-0.09906919251349419,-0.7297424017600737,0.014317341847360134,0.1449315369884396,-0.9189265882791038,-0.06553375912428705,-0.007848295213669003,-1.1365693004671815,-0.14558826419259835,-0.041277289867380766,-0.8595143721292663,-0.07746091460059781,0.029089936671530463,-0.7369927147692736,0.009588490407714628
S,0.0,0.0,0.0,-0.3380121156013858,-0.19757994628626596,-0.04784343285557006,-0.5567918540237266,-0.5794049855641832,-0.06207129489777243,-0.5199541548949632,-0.9793285214605508,-0.10312029008208749,-0.3481272972353696,-1.2369565598648429,-0.12382092574519704,-0.4059762635317156,-0.9150319414558474,0.1441822883596949,-0.5297005569790586,-1.1655462512393249,0.00033131372119936235,-0.5165112824259697,-0.8582262396521606,-0.06733660445812725,-0.43617941827511786,-0.7701189162696298,-0.08724105967075912,-0.24098114418594274,-0.9646609401249316,0.10657090946462286,-0.34001334999208,-1.2301756395922119,-0.053428914758523405,-0.3332110064275749,-0.8303553340697118,-0.06750705663795105,-0.2339493222903398,-0.7644195234853773,-0.01797960063572939,-0.06478881750171742,-0.9645905920130102,0.030382474996300143,-0.18344505759417648,-1.2133030534850495,-0.14341192830474556,-0.19572209848630115,-0.8108684088513842,-0.08127806698093842,-0.10272677704384683,-0.7190948129050613,0.02562691211467561,0.13948755160829943,-0.9255260662479576,-0.054067085976027406,-0.015596953630082717,-1.1365483808610808,-0.13834588026962427,-0.05157253963654536,-0.854552194917363,-0.07312791811100228,0.02131906506804353,-0.732838203393554,0.012270124856694473
S,0.0,0.0,0.0,-0.3346580567998452,-0.20305337786507732,-0.049626768513339095,-0.5464158047035563,-0.6072461911746226,-0.062106313577459334,-0.5073740115423335,-0.9915748226485993,-0.09931807253688632,-0.33654537791256217,-1.2286850291404545,-0.11545390032001378,-0.3785707516631949,-0.9361286206250911,0.11766191352470398,-0.5047170654272889,-1.1977965349739654,-0.025903629622956715,-0.4957145766223693,-0.873825786682283,-0.08859743130964198,-0.41550098655271195,-0.7754808924218887,-0.1054482767633881,-0.21492488590072376,-0.9732990455172779,0.08059938843264765,-0.31575323910113345,-1.2424346854037014,-0.07776045895511872,-0.31705309674530324,-0.8422277897930881,-0.08770663947429458,-0.21915956825580393,-0.7739683634303987,-0.03695899235694401,-0.038839391457022095,-0.9608578215516792,0.0073148903104993885,-0.15746493647832793,-1.2089085879451307,-0.16030711502362224,-0.17267926320202234,-0.8144814076000872,-0.09427731043903585,-0.08078978684235488,-0.7287613944181675,0.011545254959889971,0.16510395567490033,-0.907112392075095,-0.07445732919730642,0.011985172046872475,-1.1211827040808906,-0.1561185837467844,-0.02276291323765103,-0.8454853604727166,-0.08853479770345597,0.050332218865794504,-0.7267987958243315,-0.003067837867581527
S,0.0,0.0,0.0,-0.31032010245909164,-0.23803176255462466,-0.048936093026469805,-0.5018066269985677,-0.6570713032340917,-0.06402720741515745,-0.44880586560201147,-1.0335433990127223,-0.1028382692561734,-0.2625135275517892,-1.2477409917954694,-0.1198115484686698,-0.33699417720495123,-0.9582415087268622,0.10762021988719657,-0.45556266619728625,-1.2359414702007665,-0.028194921273892906,-0.45235406873361883,-0.9201406906502775,-0.08295853315689666,-0.37400710923611274,-0.8253561747742324,-0.09636340532711245,-0.16991042602632708,-0.982933593819726,0.07051239088408566,-0.2565522855793768,-1.2521593675709388,-0.07751245138651364,-0.27188755842213025,-0.8656633109685135,-0.08083296380165936,-0.18223234304836794,-0.8035739392200164,-0.029586890462998318,0.0061358601832265285,-0.9542991256564142,-0.0014618952118217328,-0.09968316469150876,-1.1982577902233302,-0.1612934906924199,-0.1291886810217453,-0.821527415141239,-0.09391175835125627,-0.0438316029228585,-0.7475996096619247,0.008999593632445116,0.20418773760829376,-0.8822250943415982,-0.08152919919708937,0.06252907888659166,-1.0955515416770802,-0.15547239321023268,0.01704604490703066,-0.8334808342342748,-0.08588651331896537,0.08215888963163,-0.7228654994620571,-0.0022190254402617428
S,0.0,0.0,0.0,0.2724146205530441,-0.13474314695414327,-0.15153902793852322,0.5367453280159183,-0.473760965388181,-0.2364725766184648,0.5109853447893832,-0.894145430570281,-0.31935810804437187,0.3397062153954158,-1.1763711595803574,-0.3786751995130196,0.46766939135647784,-0.8956779584681953,-0.01255022782296577,0.5406521391452727,-1.1007038484113114,-0.18342951869055113,0.5324202787787022,-0.9951935523297349,-0.243382958318498,0.5072776883791085,-0.9776076231298385,-0.2523954187383066,0.23278863848577686,-0.9724899143546554,-0.008533245010748324,0.28148770834135983,-1.1172191725209666,-0.18156234421572068,0.24441285995189874,-0.69018711022467,-0.1768015862901669,0.22256694664169566,-0.7293342763072979,-0.12113479031742673,0.013224190093956579,-0.9815036120676988,-0.0427270726001305,0.03741337181851296,-1.112180518534868,-0.25652758220883287,0.04751601955615955,-0.7085499935870727,-0.17462231696978073,0.027982623799113208,-0.7056236466114908,-0.060671655990009614,-0.23541506558123376,-0.9557182890757142,-0.08716630682059495,-0.19269413471358396,-1.0707420833482364,-0.2144383802724055,-0.1392633915720875,-0.7973938508119124,-0.14231807536002272,-0.13576030097663952,-0.7546418391382034,-0.05070939566709862
S,0.0,0.0,0.0,0.28889238363335523,-0.1317206322001053,-0.15427036226747545,0.5568060263402561,-0.4703475660110321,-0.23906306125376828,0.5308465548716665,-0.9009632931495489,-0.32219522192265815,0.35605094697335066,-1.1849375557991786,-0.37986853728549735,0.4809215061016633,-0.8974400704085135,-0.013277051302899206,0.5579650373980641,-1.128590288189158,-0.19262056904840277,0.5496224806098128,-0.9619061557451767,-0.2546921057676198,0.5223140334744241,-0.9021375227354139,-0.26072082887286724,0.24425016653700293,-0.9696838915491404,-0.007416644575634319,0.30105986380657734,-1.113806956636329,-0.18457166977851278,0.259158450214931,-0.6800942590382303,-0.18221041169119112,0.22927273200351803,-0.7296404465571324,-0.12670528602793402,0.025987305355430514,-0.9796600371780272,-0.04123852889804149,0.061866653947854365,-1.1068228537209472,-0.2559661735698932,0.06367205196050077,-0.7072449140669236,-0.1770108647472902,0.03564272718031089,-0.7229454956748321,-0.0644348821945522,-0.2211938295390597,-0.9611806057452704,-0.08542695602003886,-0.16953747295879235,-1.0858247558947713,-0.2121439547945022,-0.12032582606542189,-0.8079560599048871,-0.1394067246112758,-0.12185902601922578,-0.7673753208576884,-0.046044513359242534
S,0.0,0.0,0.0,0.2909949626338364,-0.12874810414656532,-0.15273151021363596,0.5515070929714808,-0.46747885246907095,-0.23495671495371367,0.5212023349479381,-0.9029822349176049,-0.3149752297874581,0.34680349368495256,-1.1858777207970423,-0.36723138836011654,0.48306176889970415,-0.8903814887739705,-0.013448483705553174,0.561259325787876,-1.124846037766959,-0.1994837359365595,0.5321026675479649,-0.9236292650457945,-0.26760608944067477,0.49043787798704064,-0.8552680503537452,-0.27812355897932967,0.24748111678920826,-0.9688593202565472,-0.008044525143691505,0.2933490802169953,-1.1106675994700417,-0.18527861687532649,0.24620894554495143,-0.6813686000949521,-0.18368280002825793,0.2235997232418676,-0.7366430433351504,-0.13155420622312766,0.028014296255057115,-0.9793482864359807,-0.04341646563786836,0.051727808560517965,-1.102388833379723,-0.2562091672323292,0.04983183733386819,-0.7104859712891157,-0.17748565670680047,0.030372869070208006,-0.735445800992577,-0.06756874657205501,-0.21898383288411094,-0.9623182296501327,-0.0894338354392654,-0.18233306941259075,-1.0720920407709538,-0.21233775526858675,-0.1381200896627961,-0.8022547048529944,-0.14093674760152128,-0.13407926174958068,-0.7787096138175337,-0.05080475489069811
S,0.0,0.0,0.0,0.28100706236609013,-0.12174683764949332,-0.1553135622254065,0.5553930442228071,-0.45943631793649575,-0.2404822669537678,0.5297242246477221,-0.8948645281279324,-0.3226867496000588,0.35730794786803693,-1.177853876150504,-0.3796633959358324,0.48609162580167786,-0.8910406881447254,-0.020932562602184058,0.5580796710189706,-1.1235272021230123,-0.1997321962004633,0.5431047897271523,-0.9686488143741404,-0.2615507771770093,0.5163472189209901,-0.9145039411306134,-0.26915889356920225,0.24515219675812144,-0.9693702677864096,-0.014889068351372764,0.29182626248469384,-1.1208882158937312,-0.19111276161064958,0.25769562946259417,-0.680797664362323,-0.18682144856491006,0.2376462064087279,-0.7194722217980919,-0.13169905386212163,0.021625463359131583,-0.9764035487178591,-0.047725876667712386,0.045534183025005226,-1.1171363843535702,-0.26317669975686586,0.05583022674607827,-0.707980304019547,-0.18034741381387728,0.036768455616844976,-0.7083979803688512,-0.06635782173410469,-0.2315269261806968,-0.9477812877924335,-0.09087504097896863,-0.18990022792730404,-1.0717761304671396,-0.2196897605750824,-0.13227088529051595,-0.7886771270018305,-0.14632871216676935,-0.1253560212853687,-0.7411785235329247,-0.053212195323090024
S,0.0,0.0,0.0,0.2566235342082941,-0.1953373993165844,-0.14313804076180517,0.4969201600229689,-0.5839519801006943,-0.22691585150378182,0.44012598217976895,-0.9987277544663402,-0.3102036973173112,0.22456212141036905,-1.2405612199654235,-0.3777375152457355,0.3376281816901523,-0.9671319276230047,-0.015727213989739555,0.39213895818454964,-1.2006010873099844,-0.17161549063123582,0.4368379167202343,-1.1241773183801724,-0.2306575587433443,0.4408150223236107,-1.106182962614302,-0.24368518498092118,0.09916980832758088,-0.994948252204156,-0.015598863810102344,0.16216101643322067,-1.1663460067353186,-0.17678117694826379,0.1771124160894871,-0.7304961067210448,-0.17422664622052764,0.13919138750144536,-0.7359184236102083,-0.12467246531594993,-0.11755334793427169,-0.9571884192184154,-0.04947752101655843,-0.07426813302901304,-1.1148274320676848,-0.2549215572323049,-0.01979856901228211,-0.7146921704578133,-0.1768482402739903,-0.05632832119910187,-0.6834880313332518,-0.0693490873761358,-0.36421476383426826,-0.8772709961473765,-0.09185875561966968,-0.30902117305472426,-1.0282641755291422,-0.21944938895512556,-0.21813784730555827,-0.7653847360903134,-0.1470846937954773,-0.22042551201411942,-0.6950234647372255,-0.05791910445381009
S,0.0,0.0,0.0,0.2452518143761822,-0.20419714503516836,-0.13403713494238953,0.46485573574635,-0.6187349674169453,-0.21250006338392788,0.3998744730498088,-1.0357854620086393,-0.2914522752127203,0.18547765580763112,-1.2573151965608258,-0.35165533657993225,0.30682257691544,-0.9880039227533332,-0.015667637060046792,0.35588754016067586,-1.207694931673683,-0.17140557485200653,0.37901206124220965,-1.0890644875188258,-0.22469829667403132,0.35927447385803446,-1.0703372782440717,-0.23387169356912704,0.06466555339720331,-0.9977063968316984,-0.020007796603899106,0.12059269054216208,-1.162523174695915,-0.17419200399941256,0.1465921842951011,-0.73217469561422,-0.16235476756633305,0.10755109288341225,-0.7660887275980083,-0.10912789469968012,-0.15312144808852948,-0.943099387760805,-0.05830637946115655,-0.11996804391472904,-1.1090409900484457,-0.25251697892177166,-0.05142431802621665,-0.7222142094315053,-0.1649209552789961,-0.08747260446687607,-0.7111861897020805,-0.05615694309125552,-0.3959704316283523,-0.8447705007552208,-0.10544952921988895,-0.34983827368893494,-0.9907366840286402,-0.22301715481301385,-0.2518096558882551,-0.743772915322286,-0.14626275239120592,-0.25128726602658785,-0.6960916012413727,-0.05702027631010401
S,0.0,0.0,0.0,0.2426239529595174,-0.1984562592456756,-0.12177406936988681,0.4417219496074299,-0.6507496693887098,-0.1928905441702599,0.34640123266153244,-1.084301374085722,-0.2653176543952652,0.12250425629732085,-1.3029572196927115,-0.3259274257040418,0.27949122987206526,-0.9962379886114531,-0.002412095238814432,0.3286502144921939,-1.2319951311225392,-0.13712387191403874,0.3311214953978907,-1.2562108758810353,-0.17806440733019627,0.29266556740014005,-1.3070068277228288,-0.18499286903110004,0.0259782513432754,-0.9996348470144989,-0.007436604833184492,0.07246608317695906,-1.1765653727231526,-0.1549017409847123,0.1112134221743956,-0.7600973453705017,-0.1365893230346256,0.06513097786743602,-0.7580198891554526,-0.07912199332201268,-0.19919717549782914,-0.9320915036442312,-0.043392571747102204,-0.17625409979818782,-1.1197398148259792,-0.23427694564270934,-0.08678459086534979,-0.7358034138156798,-0.14072425860060978,-0.12690419072998912,-0.6929739807248639,-0.02908375997854632,-0.44488961608110533,-0.8098943507669856,-0.0870047847510445,-0.3926054997057249,-0.9709279040100177,-0.20509043745328215,-0.28473525133830635,-0.7273702520373357,-0.12834006541101953,-0.2896347278200346,-0.6680756156794324,-0.040971306129746
S,0.0,0.0,0.0,0.24649639756454797,-0.19424511329767688,-0.11634795330925077,0.44538680105653045,-0.6607979129034951,-0.1784015538202752,0.3478950215574045,-1.095956490892919,-0.2402269685672358,0.11764387376540071,-1.304938013255908,-0.2923667254466259,0.27436077649898,-0.9889427069011265,0.006133873973577411,0.31054183762662607,-1.2103145868928191,-0.11947800425323123,0.3179204604112654,-1.237189092978813,-0.15845501166563056,0.28858710794719067,-1.297403950151678,-0.16590769085811774,0.017417789305755924,-0.9998478385270935,0.0009593791739784433,0.0714769875667925,-1.1770507752305184,-0.14010932074698365,0.11579081401264103,-0.7545095338530071,-0.12308495068174641,0.06565915783927517,-0.7341158750507466,-0.06683118670887651,-0.21374752537027422,-0.9332921553771504,-0.03392736906198139,-0.18234281604688343,-1.1255287686024769,-0.22217288452160097,-0.08907667955217652,-0.7276892026773263,-0.13021341387251387,-0.13452984603491672,-0.6682605762541328,-0.019812289351668032,-0.4669553608624522,-0.8047210632915781,-0.07510714655965088,-0.4074107445671782,-0.9718444106561913,-0.1929879747845347,-0.2951419942750186,-0.7170909232997736,-0.11568410229287607,-0.30383415026971006,-0.647512419064388,-0.02824501133775334
S,0.0,0.0,0.0,0.24635135418844567,-0.18085953767521823,-0.1231817050119472,0.4743081965089035,-0.6087539775905332,-0.1960789799195549,0.4162034302514968,-1.0346028920066148,-0.26969664509506647,0.2093058442982986,-1.2694672910497982,-0.3312570054531961,0.3250293812038325,-0.9720920699109094,-0.00833678492838265,0.3966539006374587,-1.1877366084368135,-0.14618064656650617,0.41013809990773314,-1.2005421016270637,-0.1922337800304365,0.37346611354307846,-1.2488415986562027,-0.2020225173841499,0.0770704924353049,-0.9969323527504771,-0.013639033513336897,0.14717850635543206,-1.166617588305475,-0.1572845498778247,0.1627082311249399,-0.7434945655732088,-0.13864781837920856,0.1023778180237846,-0.7469843820376794,-0.08348264768191517,-0.14770987815595657,-0.9495319406814028,-0.04993889922731429,-0.09507819994133838,-1.1198618501729911,-0.24035402035285092,-0.03210586877858022,-0.724367947595256,-0.14809742749873536,-0.08958449893362454,-0.6827119123221148,-0.03805245980690029,-0.3992681502897658,-0.8513717566286129,-0.09383919267264439,-0.3220264595719436,-0.9958250630104619,-0.2116833575158938,-0.22978862935788172,-0.7399759739630707,-0.13387771544560131,-0.25425635706628247,-0.6805435390856084,-0.04632905806795666
S,0.0,0.0,0.0,0.26985456048314993,-0.1341815103474951,-0.1417972257326306,0.5251652526053039,-0.5408941917029035,-0.22673544260999012,0.48569038371786283,-0.9959881777345502,-0.30959105568195616,0.2863743552384662,-1.2695088100425294,-0.3757062605111904,0.4073522999578879,-0.9312431663581179,-0.027159145502574207,0.48098634059411816,-1.1619297550347845,-0.1933551595302308,0.4875253457625847,-1.1149503893253014,-0.2484169509267275,0.45959671266016516,-1.119612628244155,-0.25624514498374046,0.1528809734923002,-0.9878617541919622,-0.027505682118897045,0.22919647565317883,-1.1599225824941464,-0.19833421154451286,0.21891578013226448,-0.7148293607547581,-0.18302235142966988,0.16329450080418229,-0.7251240385694585,-0.12217497578434036,-0.08098801378537103,-0.9707511361859505,-0.06302707750220292,-0.029344126333559078,-1.1551399246369718,-0.27219448355405484,0.013142500100109695,-0.7393831247019136,-0.1748107322016022,-0.038557031173912154,-0.7043112515924148,-0.0554995562652658,-0.3438866684628818,-0.9060116891917394,-0.10775887419972636,-0.26779994801716617,-1.048576298046324,-0.23546893668597643,-0.18633289799315478,-0.771184425153675,-0.15612780169243445,-0.2022453903658135,-0.7163448701894083,-0.0631117158577326
S,0.0,0.0,0.0,0.26366475204223466,-0.14228624874068768,-0.14286146785590337,0.5264415988605546,-0.5288317878913021,-0.22091150963717376,0.4911269432630129,-0.9656397487718178,-0.29449850369791997,0.2989081385973747,-1.2260964079706032,-0.3480185791295612,0.41033601876137027,-0.9311493351429226,-0.027500480232325708,0.48986494599044383,-1.1419447114911958,-0.19081354371397302,0.4794399470923999,-1.0244512160880053,-0.24703210664511108,0.43554145647483017,-1.0061190155290205,-0.2556208009180301,0.16060520959614308,-0.9867222864671256,-0.024188758539178522,0.23154480873670316,-1.1573741774753616,-0.18427661615632548,0.2148950364612942,-0.7130871925799556,-0.17175435666811728,0.16871734496596635,-0.7269712752968638,-0.11609769767047083,-0.06976492757211968,-0.9666962489438647,-0.05547693331587888,-0.021081270064118904,-1.1322904323560423,-0.25450965175694773,0.009887945817652628,-0.7241598101676505,-0.16258387249742984,-0.03411646242815058,-0.7022016210165879,-0.04937952606252448,-0.3282014756233802,-0.901586767337172,-0.09572687326680594,-0.2616222460770382,-1.0348380452024704,-0.21271328098243333,-0.19031552685936298,-0.7636135632929811,-0.13221852442330126,-0.20363833065537973,-0.7164443025120633,-0.04033589744217432
S,0.0,0.0,0.0,0.2606009627595177,-0.12192051270194747,-0.15285757159373564,0.5287972437615885,-0.4738044944753313,-0.22912555307969676,0.5087375972140793,-0.8825279741185716,-0.29917946778730437,0.3288491541338911,-1.1406308188964875,-0.3412292268300587,0.45485953731751,-0.9086558198875808,-0.03751714251048966,0.5276780640459899,-1.1185887614946857,-0.21736874025543595,0.4696512151489828,-0.881245918035852,-0.28533067335300805,0.40800421107465024,-0.8213275533666214,-0.3015953651800733,0.2158008450788952,-0.9758777676856569,-0.03305416464069001,0.2589783222600024,-1.115312320355245,-0.21079187555407758,0.22657599441856976,-0.6817902674830179,-0.2152810108479673,0.1944713887920587,-0.7163188326783646,-0.172103907860686,-0.010134665580243245,-0.9670182185935443,-0.0654174083622293,0.006372452819564072,-1.108011186495078,-0.27766424127472666,0.026554834941963323,-0.6940779763021567,-0.19977389143021454,0.006051326481714498,-0.684958124377711,-0.0942057594766662,-0.2615529118525667,-0.9191561068533333,-0.10767750260495355,-0.2280177972473215,-1.024395467008817,-0.235357853302657,-0.1622347267626311,-0.7400155071429846,-0.16572286559193686,-0.15068213872325162,-0.6969795432633027,-0.0785412405286984
S,0.0,0.0,0.0,0.271517437812822,-0.11212701418422544,-0.1526719710452765,0.557819855474479,-0.4500732687024427,-0.23778740443560845,0.5486506783697298,-0.8711707056136178,-0.31911877122273735,0.3722972278679991,-1.1510441923524692,-0.37592905236481844,0.4919187773829145,-0.8885849546277885,-0.042343832411940195,0.5760987125001684,-1.1087419759750068,-0.22674617587009666,0.5367693861392114,-0.9552613246275181,-0.2938162224190762,0.4828363845864633,-0.9162697115959343,-0.305460897303348,0.2435690928483226,-0.9690890046347399,-0.03925045356545792,0.2968823672335498,-1.1183436680684367,-0.21776479114722147,0.25821313610572405,-0.6771142408060866,-0.21166847479985745,0.22943365908655342,-0.7060339511402864,-0.15763052682566883,0.01166904341168288,-0.9738223361466363,-0.07306488415992189,0.0348439701092374,-1.124911988374586,-0.2878274018701184,0.05124676699865933,-0.7011636213848209,-0.197103005098733,0.029172889839768942,-0.6761890103685122,-0.07983996333347526,-0.24821718726001074,-0.9377369425284248,-0.11718397556874753,-0.21159069277628553,-1.0629803429645035,-0.24414790656426982,-0.14620188121765607,-0.7733511465996677,-0.1648344156003474,-0.1372142900805124,-0.7127201405718063,-0.06888220488620582
S,0.0,0.0,0.0,0.2791223474241239,-0.10438332970927795,-0.14523375140542746,0.5829988971811852,-0.435626516548172,-0.2266826783713486,0.5863215774053914,-0.8667106762209035,-0.3052338688635414,0.40556253952145666,-1.151306208841635,-0.36055863500394253,0.5005175525426586,-0.8795041968410586,-0.04334197409445553,0.5903146815724518,-1.1101980142276686,-0.22118771577417873,0.5542666659756172,-0.9020808724474275,-0.28595695832274637,0.5071280691501715,-0.8241229694564247,-0.29738223597615904,0.25662844371736065,-0.9655919501225427,-0.0421192086078352,0.32849493222037085,-1.115949950151471,-0.21078544262308774,0.27952027830916987,-0.6716039401929459,-0.20781301410979908,0.2413479261755477,-0.696339511737484,-0.16006148567898282,0.025956243734084103,-0.9744886493523265,-0.0754486668495253,0.07053900927462597,-1.13313479026325,-0.28032734916895846,0.07396081667069664,-0.7110983672041188,-0.1960517778312256,0.03971828091148116,-0.6880680105672651,-0.08745624552776289,-0.23663277229319832,-0.9479197228974496,-0.11747884549341037,-0.17934736455835706,-1.076618791423369,-0.2386847282564639,-0.12296021681992406,-0.7878799705703128,-0.16097661649427547,-0.12616492575422822,-0.7299599782718278,-0.06875852939893702
S,0.0,0.0,0.0,0.29088235989165917,-0.08751292807620706,-0.14364591188600562,0.6019573792266556,-0.3836662082496211,-0.2206753631888415,0.6268888113831627,-0.8062807153380069,-0.2941630275379327,0.4645720297884409,-1.101321776621328,-0.34272464422732285,0.5521187538060157,-0.8385392183893986,-0.04990180517964343,0.6549179739851159,-1.059040422319151,-0.22621672025551628,0.5876413353585199,-0.8176218853180456,-0.2910130449659254,0.532364887568633,-0.7492837217134082,-0.30691178462514085,0.3201180653020308,-0.9459650198369643,-0.05171658836520796,0.3991595697473696,-1.088331669420049,-0.22410308884047017,0.32397592741233744,-0.6551692274180708,-0.22768795176866305,0.28919367088692505,-0.6906434696937827,-0.1880769442988882,0.09456616874123935,-0.9759954839013029,-0.08711550828286643,0.14657341323562606,-1.1361376905801515,-0.2926616705442635,0.12406157656990796,-0.7179690118770966,-0.2146530718704699,0.09232760314949787,-0.7054485851560552,-0.11322350493197333,-0.16344008112132882,-0.9724794594274533,-0.13125325875476626,-0.10017130872184786,-1.0941498346376393,-0.25659809422745766,-0.060705128634009925,-0.8049730617213982,-0.1862831277552275,-0.06091933118862125,-0.753876507040506,-0.10093477605178913
S,0.0,0.0,0.0,0.28938603780431355,-0.08337479958465863,-0.15012130604629248,0.6022843847253332,-0.36383632605498784,-0.22838956259900112,0.6384888297490148,-0.7769431080118157,-0.3015935668951887,0.48172421205052335,-1.0751535485512722,-0.349576810088866,0.5647973238169051,-0.8303379019837427,-0.04840468304186048,0.6624293585048462,-1.0196899797388,-0.22255726627599542,0.5853661677233258,-0.7739947395232198,-0.29081163244617203,0.5253508584146931,-0.7203327168833654,-0.31163650239160223,0.3386727017650136,-0.939708112542898,-0.04742851779520818,0.4107846710702352,-1.070591320487614,-0.22094066563215534,0.3351969584536781,-0.6462368266928069,-0.23025100367820464,0.3047978587475659,-0.6821024007043562,-0.19510512196091043,0.11584253792914084,-0.9714674633736744,-0.08044992649489771,0.16370575295584003,-1.120103807654952,-0.2860363501298097,0.1395181534540248,-0.7077717436711982,-0.2138260258287537,0.11191787224803532,-0.6965364262311706,-0.11657075189558455,-0.13887378096270742,-0.9678677760828212,-0.12309726219342941,-0.08214223799933278,-1.0773489914148413,-0.2507040587103533,-0.04465197633978526,-0.7967257929624377,-0.18701976925418623,-0.039252717807855886,-0.7506153637296009,-0.10664413305687234
S,0.0,0.0,0.0,0.31147023194365275,-0.059073798434115185,-0.1445060710972963,0.6446113218984817,-0.3068452672320194,-0.2234598450723827,0.7168450588547375,-0.7200480377531286,-0.30062494387410443,0.5754192747486683,-1.0415423867614026,-0.35165959341313446,0.628159695477378,-0.7764614004240117,-0.03571329804804217,0.7512065875558754,-0.9743341954425601,-0.2177519318661113,0.654720115736376,-0.7319560392201766,-0.28853345868467456,0.5769527725030682,-0.675092179430402,-0.3068055488297005,0.4082539762446924,-0.9120985746369648,-0.037481742563752925,0.4959720221973206,-1.042425305497502,-0.2107551137277456,0.38675622592271997,-0.6249679790069591,-0.21586983763356288,0.35732680641952136,-0.6766723954045388,-0.17628560128433626,0.1876209266327098,-0.9711302432479244,-0.07496628779369334,0.24895902925853797,-1.1085453516149724,-0.28118474181304504,0.19325964890416997,-0.7031257530766397,-0.20276256139036677,0.16406938219248174,-0.7093337146088229,-0.10019949696125922,-0.06916152736043175,-1.0018274506307692,-0.12195197281465432,0.00033119880777773104,-1.0951768496118635,-0.24498971417042426,0.01281323649561089,-0.8086844582336209,-0.1735595723063395,0.00898616614100209,-0.7736341138760048,-0.0875241817575837
S,0.0,0.0,0.0,0.3026205360185541,-0.056118967878629335,-0.15653994321038225,0.63191811989467,-0.29825952772987935,-0.23446896432344813,0.6957417448587007,-0.7030749157167474,-0.30587406541294715,0.5607006370787698,-1.0219159259943225,-0.3496719711361939,0.6246715473311791,-0.7782082779497783,-0.045908635950398555,0.736474036860852,-0.9521282014778303,-0.22152511041741493,0.6267005385538604,-0.6889666215932883,-0.29315298050558647,0.5551921672934127,-0.6456264253599678,-0.3174363014888295,0.4091427115845896,-0.911522738474005,-0.041575699658093886,0.48531648072969436,-1.025368538629396,-0.2180751911938651,0.3781602965472961,-0.6144679498529552,-0.23493042413321746,0.34707232705333135,-0.6629456751453461,-0.20602843084117917,0.18975063727393793,-0.9681097462690372,-0.07220279319890122,0.24378742757574925,-1.0976164729628777,-0.27967756990253717,0.18929528025736764,-0.6957069691656114,-0.21472005278089218,0.161569915722245,-0.7019798223225996,-0.12286652878703526,-0.06306278734934206,-0.9947416539132162,-0.11273526986450977,0.0012537660173222588,-1.0838337066017885,-0.24030570642342394,0.015610467689653231,-0.8016090463925197,-0.17969596918955305,0.015673336687748143,-0.7662358932583418,-0.10196533999618036
S,0.0,0.0,0.0,0.2958354739221067,-0.05641594883092273,-0.15424138845373764,0.6179858339977272,-0.29025119457971227,-0.23160541076893704,0.679727453154317,-0.6823458356700746,-0.30273722938772474,0.548193556715388,-0.9951339818595628,-0.34652301920029105,0.6235251202353306,-0.7772450761124362,-0.0445176631120577,0.7207846746344375,-0.950064132072875,-0.2224961648721296,0.6135670517181806,-0.7015923455952309,-0.29881735713653007,0.5508890895699917,-0.6545272610384211,-0.32615951829222706,0.4089951591882262,-0.9116289411980897,-0.04068947444545714,0.47208238294125693,-1.0149287861367984,-0.21889881076248577,0.36737856397286467,-0.6141291277419977,-0.23822983476285786,0.3455488012834393,-0.6510723850939492,-0.21102055864788785,0.19057525373590697,-0.9681575754626334,-0.07197853918276098,0.23070923832402215,-1.08619962061352,-0.2795180174697121,0.1781833690127432,-0.6894377218090437,-0.21764518531345187,0.16240875945008787,-0.6845438771978285,-0.12792037992766864,-0.05983583013833488,-0.9902409479349205,-0.11350091741798844,-0.009644873271186507,-1.0698582060220394,-0.24283120730362712,0.004734004241942222,-0.790252407058794,-0.18653020707300785,0.01498432526859133,-0.7503594666116619,-0.11138912956372106
S,0.0,0.0,0.0,0.2416579568808987,-0.04067582095722032,-0.1565652244502737,0.5269430331961917,-0.2204985096443729,-0.2388495135681037,0.5630193560255764,-0.5180794747059092,-0.30580035498675157,0.427252084176052,-0.7540137779827998,-0.3451497149052732,0.5618893673614936,-0.7718071222685285,-0.08354255734165217,0.5990726996298599,-0.7754201635075294,-0.2369692532044642,0.504920686596568,-0.568573199048195,-0.30258600330325797,0.4559821255038285,-0.5755289515652616,-0.3307215897539914,0.36186181201695833,-0.9295318096764932,-0.07089882794057456,0.35027898630193466,-0.7901406551074074,-0.22363683937315582,0.2709404423485459,-0.46203467663223485,-0.24502920167846456,0.2706851961866517,-0.5507589966966051,-0.22953679960872617,0.15425111238900158,-0.9648456936012356,-0.08765375430122187,0.13313945015646844,-0.8364026667656581,-0.25869058668553374,0.10362764380652849,-0.521494776766859,-0.2189055494972554,0.1178103036968566,-0.5781318496372463,-0.1595808942182763,-0.06620744875634908,-0.9443993683170194,-0.11674579207570598,-0.06742157673695655,-0.8355836636146126,-0.22856424809713213,-0.049680200852610684,-0.6024115810370755,-0.19760355741373917,-0.014526405529407219,-0.6186148807879759,-0.14776622874436227
S,0.0,0.0,0.0,0.22202861595377416,-0.019068850472731866,-0.17091451291097193,0.4986732648673148,-0.191521053350786,-0.25839422335722106,0.5229617826953603,-0.4788537987659517,-0.32257222995599827,0.38944837805581334,-0.6971579390546003,-0.35620558189362445,0.5419398117537884,-0.7733951663234554,-0.11147575744413575,0.5651399540134331,-0.7127135847557065,-0.26800710598850314,0.462083630312462,-0.49849219180918586,-0.3376577580351341,0.4073225337888201,-0.5253429674799174,-0.37079256080390316,0.3409873476691843,-0.9357040872316114,-0.09047369710358885,0.3187120568505553,-0.7356702071127574,-0.2461779739432153,0.24368684534397775,-0.41923278796724334,-0.272452426774748,0.23983758994401833,-0.5131444094392751,-0.26215952307714496,0.13434014160413163,-0.9636915550073369,-0.09823011082840495,0.1038699559445458,-0.7602450915833945,-0.2629522447441516,0.08031894902412146,-0.4637145413306751,-0.22767578870006833,0.09574081261683019,-0.5346012819423083,-0.17495652166387346,-0.07665002598066863,-0.9304621988276286,-0.12022751746244398,-0.08760152737459385,-0.7598803245229346,-0.22746557188195426,-0.0689939061043646,-0.5391822365910063,-0.20397825105678594,-0.03217231798763562,-0.5741277414525402,-0.16145173631230172
S,0.0,0.0,0.0,0.23209573983979387,-0.033856174715311785,-0.16022656483927494,0.5147270590166615,-0.21861998415383682,-0.2409425858045838,0.536263610636966,-0.5086135656969429,-0.3017333796968057,0.3919593713745829,-0.7265580899385784,-0.33185760421401145,0.5451907796216546,-0.78116277970996,-0.08884472787596703,0.5616236664431387,-0.7344455201076738,-0.2414055401944748,0.4579569778533311,-0.5077922574906091,-0.31225243153716,0.4055024109806066,-0.5327578392387452,-0.3476842805770122,0.3481789039074311,-0.9345589509518095,-0.07328722992222514,0.32549949416982243,-0.759407227760497,-0.22697318206917955,0.2560330911142956,-0.4414682015097596,-0.2542781903953979,0.252810185645906,-0.530144875894177,-0.24472965640291378,0.14565259534724037,-0.959495363041119,-0.08644278166047316,0.11596209858910923,-0.7856086459134467,-0.25165166771723463,0.09379156266524738,-0.48200741852777546,-0.21501793757854654,0.10721769574800544,-0.5470537067192482,-0.16033296003040481,-0.062575469961694,-0.9275026281713099,-0.11320613591425858,-0.07006751452091448,-0.7728776850513938,-0.22147485805335532,-0.05034346978714604,-0.5488690622052791,-0.19616223142877068,-0.015360901859609925,-0.5828955831703785,-0.1518325254930311
S,0.0,0.0,0.0,0.2308410220210999,-0.056440590207118356,-0.1581229016808999,0.5074618197799976,-0.2644627725539498,-0.236587774923093,0.5280139292481162,-0.5745310764928443,-0.29766594789671097,0.3850503815342945,-0.7984042365463497,-0.3307878812521121,0.5104000719468349,-0.8101451747887067,-0.0784884819379458,0.5529123477865812,-0.818705496291122,-0.2335675245349928,0.46309894462342577,-0.5893871404563751,-0.30491023454753546,0.4095315936010101,-0.5881855953784697,-0.33746551522868873,0.30748666710053046,-0.9494148139275357,-0.06374527943581813,0.3044514930062831,-0.8326373959332442,-0.21303447677762877,0.24166150072595666,-0.490687394806865,-0.23518847206543192,0.23585837501550025,-0.5705866767219803,-0.22149751782515897,0.10018010559381213,-0.9673507484105313,-0.07906780258297726,0.08797224506983826,-0.8548124397715592,-0.2467330716992884,0.07260133565219805,-0.5327510332662198,-0.20372935926182167,0.08118257125732209,-0.5853804764140182,-0.14322281353116728,-0.11928615424607084,-0.9286365931318463,-0.10682435733626022,-0.11372330169844799,-0.8303450907672104,-0.21583140936473422,-0.08445090771948202,-0.5963775896548948,-0.18084340025650303,-0.05187773054186802,-0.6130225862095501,-0.12863586925356332
S,0.0,0.0,0.0,0.2335730412431097,-0.07253368683877999,-0.1595620638779756,0.517558398750373,-0.32765760607704847,-0.24480992962199685,0.5319528232220124,-0.6743662224615,-0.31624250043907187,0.3539544802895568,-0.9012523764253381,-0.3651599100591486,0.4799224507759031,-0.8311847857698363,-0.06882560890926738,0.5365792605499475,-0.9103811634459827,-0.22852714753984463,0.5041362313080191,-0.8047349693416487,-0.29561024618352083,0.4798110436289488,-0.8306773074535124,-0.32177704834669596,0.2528872363785094,-0.9658593347744906,-0.056247587555543016,0.274111397711578,-0.9235897034787878,-0.21018393168044802,0.22959977845388016,-0.5418406280406061,-0.20996079390469571,0.2321929383053456,-0.613539602330022,-0.17346780432840742,0.031306961007016666,-0.9843174675588451,-0.0764577343968334,0.033623996756739334,-0.9443154439871547,-0.25676140303627143,0.037494004141474635,-0.5894765643370488,-0.1854927889916523,0.04544635239311953,-0.6273033665992742,-0.09971474459292876,-0.20708971209591945,-0.9398521709011585,-0.1094931882872292,-0.19373799899911331,-0.8975718000082464,-0.22514391563343938,-0.14919998362297335,-0.6509328095290142,-0.17177575167471587,-0.12070388574820107,-0.6553132712630351,-0.10381879109154751
S,0.0,0.0,0.0,0.24016039667497457,-0.08168069793418997,-0.15585397535272558,0.5249919621343975,-0.35394488215236797,-0.24531266148361808,0.5320220334555382,-0.7132626367049586,-0.3253475983219427,0.35785571665242566,-0.9480557713581305,-0.38448329113133806,0.4823107411433487,-0.8500647682939222,-0.0661293639637469,0.5491796393074154,-0.9689546981335182,-0.2304209973087839,0.5180027664274597,-0.9051113969030958,-0.2934659884431934,0.48209874898733573,-0.9445538265805401,-0.31359726183322034,0.24280048046290162,-0.9683765619953808,-0.05740000753476078,0.2795379062592731,-0.9726986906658001,-0.21406946591591153,0.23624208167035687,-0.5820388242307407,-0.20249644076183798,0.22537651521651278,-0.6559146843000753,-0.15554166428734542,0.015632384404267924,-0.9822146939487564,-0.08285420258976216,0.027840300685316965,-0.9972267307962982,-0.269340442871666,0.036639244174021424,-0.624636958188998,-0.18439695923759308,0.03343491661356837,-0.6481489855037214,-0.0868731788036209,-0.2333789185500154,-0.9325516241748911,-0.1211919554353298,-0.21241907909463908,-0.9350424986129339,-0.23997350144657983,-0.1566993386555037,-0.6742914788147946,-0.17754428273887532,-0.12889657407342534,-0.6615078308435024,-0.10147895579357981
S,0.0,0.0,0.0,0.24029767009216818,-0.08337604014712321,-0.1568048036925415,0.5161991370702127,-0.36347054896045766,-0.24326177806325708,0.5138155100295437,-0.7217850570455144,-0.31825585583807536,0.3401275155313101,-0.9462880658065616,-0.3714013488790045,0.47044085687956755,-0.8598415595334642,-0.06561950502399277,0.5355764924473011,-0.9685094466972068,-0.22849829853090722,0.4922155549779839,-0.8877404409276395,-0.29211963723089035,0.44201748258173285,-0.9155588745794884,-0.31281330230660204,0.22750581965454011,-0.9722381336132649,-0.054718493871003235,0.25377754654900453,-0.9678514896702124,-0.21055851793288333,0.21812284338683638,-0.5800704242679732,-0.2025783821423831,0.21053569811463943,-0.6474779832079323,-0.15887646493899213,0.0003734885348663611,-0.9758722614617034,-0.07797198385253161,0.0030861600298049846,-0.9738602766142735,-0.2595977636801924,0.017913074585202412,-0.61387034538411,-0.18002439599575865,0.01758099685540245,-0.6427930232105479,-0.08828161755215805,-0.2434759493810142,-0.9149234692966542,-0.11425302544132902,-0.2249934762261488,-0.8946096230699592,-0.229455313445923,-0.16948677600716622,-0.639279698857144,-0.17161363399110857,-0.14278999489381966,-0.6391401681827482,-0.10046801630281414
S,0.0,0.0,0.0,0.2197833359823438,-0.09317782492640544,-0.16204826402059208,0.46968150220521454,-0.3854183141671602,-0.24783370077897296,0.44747449941781725,-0.7249738841550797,-0.31958881692226365,0.27071834019117913,-0.9282052233952998,-0.36644270698882736,0.40218159821281835,-0.8890523088988254,-0.07064742983211868,0.4648047728804763,-0.9698050011920131,-0.23807538798049424,0.4143319208769644,-0.8521502307269089,-0.3059599173703477,0.3476061993708014,-0.8727473309596008,-0.3294200039896288,0.16255363263544353,-0.9850793486964399,-0.05652427167880308,0.18192171817124028,-0.9454842568953283,-0.21910047300541427,0.1685422567424929,-0.5631227228717278,-0.21962470558919112,0.15373676109952056,-0.6328562177775303,-0.18133274343092243,-0.05665328478423375,-0.9670126093302103,-0.07685238149326395,-0.05976217336436683,-0.9300212024098823,-0.26147584455851797,-0.023892834778252405,-0.5777419928878034,-0.1906742197537406,-0.025315643232118084,-0.6133320550674257,-0.10395315740652868,-0.2829665522754595,-0.8803737728552341,-0.11073654373056506,-0.27523310198329154,-0.8310731125392111,-0.22826405174610945,-0.20501295150020543,-0.592166104402141,-0.17927213391678382,-0.170234850423332,-0.6055603298879175,-0.11370260711825093
S,0.0,0.0,0.0,0.21116615853099024,-0.10497121238476316,-0.1585929938192719,0.45412715664197156,-0.44278440189064305,-0.24234659283014282,0.42319531154734946,-0.8099680861462395,-0.314199444187533,0.22790079668995428,-1.0117742292325498,-0.3644356103983036,0.3540028649685926,-0.9125833109505942,-0.061249975904173144,0.4165801997922971,-1.0291235772262606,-0.22182272341260761,0.397591288629897,-0.9705300422750596,-0.2825486476109563,0.3573019551608304,-1.0139893326473381,-0.3029552767637607,0.1160001050128623,-0.9920494352176185,-0.04880464856352359,0.15055210457312226,-0.9963444437896042,-0.2094597904072719,0.14562381220016005,-0.6028813770961604,-0.2015087113839285,0.12249947695113607,-0.6552873805761287,-0.15593006197040327,-0.10270948452413288,-0.9645889001517727,-0.07045038712075502,-0.08398629479697893,-0.9593996877770115,-0.25944249147343784,-0.03960108589047147,-0.5948778929538115,-0.177899731446333,-0.0517971059067629,-0.6094233301678996,-0.08079427787609253,-0.33615795850173147,-0.8720162524626636,-0.10523265016202148,-0.3027442777289809,-0.8455165095002944,-0.2245300843150513,-0.22282618695036582,-0.6084097222965044,-0.16848078788260276,-0.20187639563885285,-0.614402543006104,-0.09704721696272813
S,0.0,0.0,0.0,0.20935332694065234,-0.120199073391831,-0.16532243441487554,0.44120857402479824,-0.4693957775477493,-0.2555149184245939,0.4078756814288506,-0.8403242236143503,-0.3330258258255684,0.21205929340270976,-1.0487989966077709,-0.38634385371451296,0.33770900533094883,-0.9342363486913552,-0.07182029536349506,0.39928151265600187,-1.0448706942191301,-0.24275277386304794,0.3682171496513753,-0.9192020736475084,-0.30723821163523596,0.307607460295071,-0.9383949811990521,-0.326940097988435,0.09639969036281124,-0.99359603712606,-0.05894077286007886,0.1334182455745978,-1.0176345066257695,-0.22304441542385892,0.14049604267108184,-0.6071919451318232,-0.21390449751767635,0.1132343474447018,-0.6691781583456492,-0.1672526864725277,-0.12398828938351007,-0.9564951214474594,-0.08144840366768126,-0.11042140120833896,-0.981937525992413,-0.274458460310052,-0.051157017412428146,-0.600809326212854,-0.18837738478844174,-0.06617073406548309,-0.6112028617945717,-0.0872478210145361,-0.3570595272118962,-0.8549881938166511,-0.11736838573448749,-0.332550625893266,-0.8640945457082385,-0.23846980750733707,-0.24228672685627556,-0.6209351024724868,-0.1774991248645754,-0.220046735839907,-0.615291824200141,-0.1018096099866785
S,0.0,0.0,0.0,0.22135894180493673,-0.13065780311041225,-0.15772886804113082,0.45972456095528597,-0.5068607287805258,-0.24162779966620831,0.42267875499122687,-0.8934190465524159,-0.3156066520176579,0.20943929227020866,-1.092048815956053,-0.37034082495168136,0.3408465229974005,-0.9462148075194389,-0.056672699128226756,0.3932240783514076,-1.093516351826523,-0.21921838414468447,0.3748925129909404,-0.9969540180395732,-0.28390359383202807,0.3349516398505598,-1.0219239724353455,-0.30502955698745826,0.09287309704657835,-0.9945595342968303,-0.047179662824662905,0.12673459230460904,-1.0794034257178062,-0.20871187282615297,0.1376078066490595,-0.6642173677668244,-0.2025634245627044,0.11268456810999608,-0.6919943529779654,-0.15581399494418335,-0.1332423743320732,-0.9533331197362004,-0.07154697855658002,-0.12391834991186111,-1.0439951750238445,-0.2639639337998315,-0.060727455466368346,-0.6582856383104669,-0.17950982369595841,-0.07216849775926548,-0.639291102566622,-0.07713430193904981,-0.37580867015828356,-0.8476476397128865,-0.1078877287431103,-0.3492863675831715,-0.9079321499012777,-0.22924794959516237,-0.253923578561938,-0.6624940132331377,-0.1643646087479393,-0.22998926865151345,-0.6320289581487823,-0.08480261934695384
S,0.0,0.0,0.0,0.22392737761042894,-0.12740735674234951,-0.15586664622138213,0.46009652294187986,-0.5065047398134452,-0.23926196472580435,0.4136467298071514,-0.8958824149012198,-0.31364430830823675,0.20861384997640153,-1.106755373830958,-0.36987683118009057,0.3402932667498707,-0.9427199891825306,-0.05077538172890452,0.400030701603415,-1.1066064912123925,-0.21057044949316686,0.38886094153131795,-1.0742902517666792,-0.2682602038903731,0.35289681395448086,-1.1112114253250918,-0.2838673226366976,0.09197883702556381,-0.9949106063372039,-0.04114339481815071,0.1322790388799782,-1.0871385049773357,-0.20397915991229532,0.14186599721285972,-0.6684337257830749,-0.19237826059060295,0.11346571380457005,-0.6921805034442399,-0.14040888855061956,-0.13402022638362482,-0.9575695785149118,-0.06532643451847932,-0.11236823244519908,-1.046333580486934,-0.2653899073700206,-0.05305593138101547,-0.6477423415059242,-0.17563932707076355,-0.07417020564919738,-0.6224194935005322,-0.06698548002997369,-0.38035760580341965,-0.8553301157050859,-0.10089985658657313,-0.3426413357075628,-0.9166799176405395,-0.22880145940653354,-0.2474530751420754,-0.6569284518666579,-0.16165384757297432,-0.23205989266735277,-0.6196136896836341,-0.07883985431956586
S,0.0,0.0,0.0,0.2228841032799473,-0.1371311054006315,-0.14291278719584016,0.44755557901953286,-0.5269474333406099,-0.22133869689117114,0.3969397666813172,-0.9181042572264745,-0.29310893533495075,0.19206939594585784,-1.1306470100799564,-0.35053009583775063,0.3262044915714802,-0.9463202674169147,-0.033974250173011346,0.3726509259970827,-1.1207863357959367,-0.17816169186537834,0.3746602003668383,-1.1599308480654402,-0.23074010369084066,0.3548855472460373,-1.2123837303410567,-0.24753773427864054,0.07633599382016028,-0.9966238673746702,-0.03022719018771405,0.1235220122159069,-1.101008609981618,-0.18914565272254974,0.13542482533078326,-0.6939480588302497,-0.18074856581875345,0.10844350355292821,-0.6943958705115941,-0.13058031467056289,-0.15112001022320287,-0.9563488710814385,-0.057836316271872926,-0.12480599732014364,-1.058443789040939,-0.2529294764309259,-0.06436304313586096,-0.6832704488566651,-0.16905068800196255,-0.08281122782466038,-0.6627256184259147,-0.06600066751598928,-0.39696394744334684,-0.8504431451832893,-0.09561189348103148,-0.3499978270271626,-0.922233289337248,-0.22091296184477363,-0.25609978660959837,-0.6725190942386586,-0.1547197456325051,-0.2441355864220556,-0.6387349626082556,-0.0747311374915875
S,0.0,0.0,0.0,0.23031685623022224,-0.14815303702494154,-0.1348153652615926,0.4522568544902134,-0.5551685086551411,-0.210847809117481,0.3957251905312434,-0.9581195499460856,-0.28380728378478515,0.18575051654778224,-1.1745485578399497,-0.343562861437781,0.31063582085714786,-0.958855502348604,-0.015525151739212636,0.362014864162752,-1.1411703025703175,-0.15890464010433633,0.369310072406786,-1.1662719888843927,-0.20994222724873696,0.3530376347269598,-1.214869238393031,-0.22405698629390705,0.054482552270565865,-0.9983872244846178,-0.015956236523266217,0.1098632090190059,-1.1152424582454166,-0.17563125689018805,0.127800907634062,-0.6946539040721967,-0.16721639878549072,0.09100996435830629,-0.6959782368624348,-0.114335319685217,-0.17378423843551483,-0.9509204065870314,-0.04763745726921579,-0.1433576959863513,-1.0773186306381413,-0.2451134211801609,-0.07243905507587328,-0.6858666242103928,-0.15756025973083213,-0.09885648965855004,-0.6543633374759673,-0.0490609634269706,-0.41942065044391336,-0.836174376166092,-0.08827149415300502,-0.3633323838405802,-0.9353926420936083,-0.21427911395326438,-0.2631419549032941,-0.6769771476624401,-0.14233474193669357,-0.25797945523693394,-0.628571891661513,-0.05581972423262935
S,0.0,0.0,0.0,0.21767009148553712,-0.13601386213865693,-0.1454937333154002,0.43241416316244574,-0.5548484197395068,-0.22558815426901715,0.37289752371496926,-0.953949733240431,-0.2995463095072845,0.16394546729302037,-1.1659745804508537,-0.3605026608124118,0.2800563520119669,-0.9677866244354978,-0.032423965455493836,0.3284598903423124,-1.135401231941963,-0.17721190889535382,0.34782506558976223,-1.1632519989171253,-0.22954121844450287,0.34357179567610924,-1.2061190619510158,-0.24385825418193902,0.03068789164320732,-0.9991905113802015,-0.026011060614019813,0.08545951796733843,-1.1177077418986259,-0.18031805214688268,0.11478658883309549,-0.7013838677471531,-0.16833050215440565,0.07742363896744145,-0.6878950372837964,-0.11518009592106324,-0.1920255891021953,-0.9446928217430646,-0.05126811127789388,-0.15709181309326864,-1.0660628880042293,-0.24678210868219605,-0.07735797473217668,-0.6723972034997932,-0.16064488276526276,-0.10534477007200804,-0.6155416441141611,-0.05383379188137247,-0.4318672969086303,-0.8223285264473387,-0.08628575941554223,-0.37719409979605145,-0.9138879698771258,-0.2155194032003788,-0.2679126312513653,-0.6624114055627188,-0.14990260329574656,-0.2587283666891282,-0.6059577542673679,-0.06794884966815908
S,0.0,0.0,0.0,0.21348281646545098,-0.1735947620967325,-0.12244240177284313,0.4094400707362065,-0.5853355343262168,-0.1954090419664879,0.3616117741716435,-0.9714006544356557,-0.2690027844811771,0.15694430104553875,-1.1677158134381873,-0.3267309218647939,0.25473080181798813,-0.9933106833407704,-0.004154829145692874,0.31441114834931705,-1.1639840280024567,-0.152098991711731,0.3165513544471796,-1.1306619740063395,-0.20461181450305846,0.2826603442743153,-1.1405442104867087,-0.21466206960050302,0.011346221978882111,-0.999901694245824,-0.008238027138619007,0.07381183235148006,-1.112363893975045,-0.16050945197960154,0.1044663191296327,-0.6965773003194677,-0.14775257578464138,0.05545129286213667,-0.7115899058604487,-0.09281193413138612,-0.2038318271006426,-0.9343763729057969,-0.044494226920428696,-0.16552719355385856,-1.0436191687491507,-0.23066800789294162,-0.09125848431009637,-0.6712270526136267,-0.14433840404912945,-0.13715521879083667,-0.6506186413653298,-0.03901109817574287,-0.43543443996231407,-0.8051716947653439,-0.08934996486092708,-0.3672455637892078,-0.9006881219158072,-0.20344029842614916,-0.27569123296689596,-0.6579328177728918,-0.13129702468839022,-0.29640409996837574,-0.6176623831245965,-0.04636620926827108
S,0.0,0.0,0.0,0.22311898170452038,-0.14061932708436542,-0.14644341405907388,0.4349502086214674,-0.555291867792772,-0.2306342319314246,0.4025938060138657,-0.9576107116018713,-0.3101009249583741,0.2065589988230515,-1.178064705578982,-0.3724689687807408,0.281492954473717,-0.9854740781438242,-0.035738093262808156,0.3551344818035206,-1.1424820002999438,-0.19261509463528495,0.3692868235683027,-1.092921387371575,-0.24605545937164616,0.334407947362544,-1.111901461488829,-0.256897443605069,0.040024219043312124,-0.9986857736763085,-0.03201229992559329,0.12342571260963937,-1.1128183995156098,-0.19294452611110624,0.1448738241660142,-0.6826481094913537,-0.1772875907644987,0.07919110169382454,-0.7030208751226333,-0.12055637975390232,-0.17579356249851955,-0.9375552915595223,-0.062079602444092934,-0.10877510118477496,-1.0449349198206856,-0.2635084734022657,-0.04258695685642531,-0.6552407616733942,-0.17500032839244445,-0.10547714410448562,-0.6314581203380162,-0.06561830045763772,-0.4072449850816777,-0.8174083310592227,-0.10170596402457156,-0.3174675736082,-0.9065460183279698,-0.2303980439007649,-0.2245206796876811,-0.6556804892840995,-0.16095697483780058,-0.25380971731446267,-0.6176828582442214,-0.0762924315893612
S,0.0,0.0,0.0,0.233142134942204,-0.12762077378864428,-0.1487182092219652,0.4556736736192243,-0.5205333384958029,-0.2299023372057505,0.44039193215420647,-0.9243253423573442,-0.3039129396020378,0.2496356461945677,-1.1519301044964272,-0.35577704891119827,0.3094031104639636,-0.9735564057275461,-0.056993253162118646,0.4028311541041147,-1.1266870750579334,-0.22325873851179692,0.38756654478399677,-0.9244028323665839,-0.279406954804999,0.31325033127984053,-0.8691652389944625,-0.2880181309210621,0.07445972816412579,-0.99586838874512,-0.05197981512013108,0.16613014552327282,-1.103316193699813,-0.21139998312457117,0.17656968391091715,-0.6673973327932514,-0.20025550639394296,0.10795109465756143,-0.680143385027348,-0.14953473713182613,-0.14142335222014715,-0.9441364275767166,-0.07991061452196571,-0.068830764278655,-1.0486332864652599,-0.27420810659581424,-0.011722208897729978,-0.6484363973181061,-0.19001969227166166,-0.07337275946308949,-0.6083865821855129,-0.08603186400184983,-0.37619014164178566,-0.8373533498441411,-0.11731721150456613,-0.28430148711375935,-0.9131583467401023,-0.24103139500596876,-0.19265703154342223,-0.6495907085271722,-0.1724659977678841,-0.2127621307264236,-0.60044728266742,-0.08831099936289454
S,0.0,0.0,0.0,0.226229821855866,-0.07146680122329496,-0.145213147743435,0.4959756841319798,-0.3414934354531938,-0.22111789599001744,0.5002066957478912,-0.6762794855365952,-0.2853291743607617,0.35646154526274326,-0.901852096732226,-0.32394008265893276,0.43948072970076024,-0.8698200527464749,-0.06430802881802522,0.5231198795398369,-0.934698055512135,-0.22586588799687682,0.4594258774044905,-0.7515176495251065,-0.29163523894878524,0.3893920844138236,-0.7381738814535151,-0.31440635512170156,0.21507368335498178,-0.9749431151273948,-0.05682634066885028,0.26727235354216944,-0.9141037939436426,-0.21175027732606594,0.22262487937913988,-0.5337138513027299,-0.21922986342257003,0.18751219156505725,-0.5953933707244061,-0.1901255272552747,8.009599214011332e-05,-0.9686345903592084,-0.08028684447862654,0.0395971914113396,-0.9211465112120993,-0.26043612165579283,0.04350171532056488,-0.5632270444998881,-0.19904290180788803,0.01702556782226835,-0.5895586953405135,-0.12048849281354297,-0.22949918330175934,-0.901165613042204,-0.11459471860807814,-0.17345789854919344,-0.8390474964380622,-0.23168225216639207,-0.12405635978269981,-0.5856405937281105,-0.18555012155807338,-0.12055505628802748,-0.5941090943963119,-0.12241567027294999
S,0.0,0.0,0.0,0.2121163063967972,-0.057925696559705385,-0.1596523880390629,0.47562504283000046,-0.2947324585226892,-0.24165838263066622,0.4950618857291548,-0.6066300863555425,-0.3057830025444076,0.35630284062031675,-0.8164883988838683,-0.3405699918352181,0.44211680741384407,-0.849869196903611,-0.08675461986351422,0.5141791751568877,-0.8530978509411883,-0.2486734243111468,0.43682587550925567,-0.626272845047772,-0.319035471792271,0.36754493094085716,-0.6259398518509284,-0.3493567523189234,0.22461321108108348,-0.9717504668307322,-0.07245643947986,0.25660635745098814,-0.8447615012554479,-0.23082224401640408,0.21378427231972608,-0.48551404079464555,-0.2473767458026987,0.190515667704675,-0.5650040167893042,-0.22742389844567854,0.011872077449704204,-0.9715368711945586,-0.0887579264353276,0.03770238972825779,-0.8514802839885925,-0.2628598194786083,0.04202602139509587,-0.5164538486845883,-0.21069276026812123,0.03098120704414501,-0.5637417625775569,-0.14189198588969398,-0.20609488941624987,-0.9083228826763299,-0.11807235253233432,-0.1639897296379762,-0.787477911577296,-0.23230224877943886,-0.11840638092020221,-0.5494164552481148,-0.19699751506631064,-0.10189279829791616,-0.5738961951192896,-0.14292340981737703
S,0.0,0.0,0.0,0.21155885213354816,-0.06002856542558253,-0.1563677105531657,0.4772471648603622,-0.2972537003427191,-0.23735906973554247,0.49663579577426653,-0.6102844427428328,-0.300598731353101,0.3526317168092333,-0.8191021958557996,-0.3340604917187021,0.4433545787647331,-0.8495089746073352,-0.0870032799247646,0.5104740468902779,-0.8514884100527307,-0.24489189122912772,0.43177426212160863,-0.614198580629208,-0.3117248937638947,0.36237701827121843,-0.6085943288259971,-0.34017733926001276,0.22842199229815446,-0.9707796685782943,-0.07355425555029993,0.26256012891802255,-0.8438645593001597,-0.2294333463594228,0.21649162787047582,-0.4831803004460381,-0.2448368768486971,0.18980754898641802,-0.5592931467093436,-0.2244585432433465,0.01725804120358806,-0.9740000841461903,-0.08959012072699368,0.044338824876805676,-0.8559287619910498,-0.26129444378576816,0.04656465259652317,-0.5181655983995318,-0.208210286483187,0.03241988420025471,-0.5608711876151163,-0.13906418478258775,-0.20104298859549874,-0.9155786601292532,-0.11820890205203122,-0.15685555848363766,-0.7996024539309272,-0.23080682696375282,-0.11300951815547608,-0.559083430688642,-0.1940592650863013,-0.0994734553192946,-0.5798460382381753,-0.1390812753155248
S,0.0,0.0,0.0,0.21901206816227442,-0.05718162335601726,-0.15539463611679488,0.4909949618201514,-0.2931527025030269,-0.2352236837860403,0.5142757895311432,-0.6097009527074978,-0.29850767149041213,0.3736988417419846,-0.8208766314900148,-0.3326584931849165,0.45455859782385083,-0.8437024887596387,-0.08133444474059348,0.52415355944388,-0.8580182974084466,-0.24186137754671055,0.4453085502869862,-0.6321849712835269,-0.3093946779964705,0.37727055518274427,-0.6247085021294058,-0.3369202369835832,0.23536803561892378,-0.9695091461486768,-0.06821952318033897,0.26705176665613445,-0.8547102322524538,-0.22550414255023057,0.21923955338295834,-0.49477534591447075,-0.23959205364612046,0.19715601630714513,-0.573490363516688,-0.21727159352293277,0.022413036345514892,-0.9756649304286876,-0.08556848592175743,0.04900363962769258,-0.8609266140993064,-0.2591077993701455,0.04758106287707839,-0.5257170011028983,-0.20506110744651113,0.035778342837007544,-0.5724368699302448,-0.1346431917735674,-0.19781660308922783,-0.9213007274132675,-0.11560132268741978,-0.15472586878412417,-0.8032583776208486,-0.22906589893111606,-0.11380565135907994,-0.5623286826564929,-0.19234169649231747,-0.09965990684947294,-0.5868880457243361,-0.1370694309965613
S,0.0,0.0,0.0,0.21884439315977466,-0.06344839338351962,-0.1456796224560728,0.48896633932383915,-0.29137960708927296,-0.22575709332200222,0.5081118258115609,-0.5977921134109382,-0.2920157506575375,0.3634498686462954,-0.8055219937577957,-0.33118976060195304,0.45944276497500475,-0.8452004932498084,-0.07497011119424661,0.5194475785618595,-0.8410828586955272,-0.22428117898688654,0.45885475464713593,-0.6383553323049069,-0.2852701858258696,0.399824430279306,-0.6352984717469672,-0.3089557177206129,0.24680871265389867,-0.9668506127565931,-0.06546259978281907,0.27338442406739233,-0.8307419045338447,-0.20769940491042552,0.23230722189684583,-0.4812943247435257,-0.21656645764788382,0.2112899085407642,-0.5622825626792152,-0.19277676512537018,0.040716440469287074,-0.9694351903411987,-0.08455208528693427,0.058023748748326706,-0.8439414325089374,-0.24471291553423677,0.06176271570744849,-0.5178147773509962,-0.1888842761564686,0.04944574400618957,-0.5590333038921893,-0.12059329235242747,-0.17472090572433,-0.9093807449813193,-0.11621271755752156,-0.1413335038542124,-0.7864692814317568,-0.22190499776643705,-0.0982111842179656,-0.551453462604636,-0.18333541689320632,-0.0821414255723601,-0.5689770836958897,-0.12828560879147063
S,0.0,0.0,0.0,0.21949423737773763,-0.04946275343309297,-0.14226069301100067,0.49793064827477396,-0.2595040894906101,-0.21877217530276116,0.5433275982777844,-0.5578740579678828,-0.28202244150749445,0.4071512908178415,-0.7725475014258761,-0.31864513229723085,0.4841639869521946,-0.8328649845875599,-0.07340240284869781,0.5598999939241168,-0.8224789159997676,-0.22963411520274873,0.4707133511081302,-0.5725627657852014,-0.3036151634015082,0.40159322632119054,-0.5529258028825967,-0.3359065270339992,0.27695600384106944,-0.958629926756674,-0.06575739854099598,0.3160926919771478,-0.8275221253761621,-0.20986513895011868,0.2500620645306324,-0.47710975078753937,-0.2281815559062237,0.22176483033628683,-0.5395153729095422,-0.21306457612855875,0.06821873115603229,-0.9692967032037658,-0.08640273904776682,0.1006213636199958,-0.8428250420314606,-0.24291237906790927,0.0838186091078472,-0.5174482156272977,-0.19262942281105835,0.06454093271213897,-0.5506989597776084,-0.129572364758503,-0.1513418642398158,-0.9190432750429112,-0.11902381526379743,-0.10554138905116858,-0.8088047648423994,-0.21717587085190385,-0.07742697547393763,-0.572093982438108,-0.17524316379251403,-0.07312274756257806,-0.5806475676344338,-0.11933133212903259
S,0.0,0.0,0.0,0.23204282166429993,-0.05404690251710979,-0.13566075764741478,0.520586333189345,-0.27969752127442593,-0.20497125674604297,0.5657826120257612,-0.589007937687113,-0.2642479504001894,0.4437044714946623,-0.8207914159736304,-0.2990788439524155,0.513376329874207,-0.8178315551007439,-0.060749696475994514,0.5929610257790308,-0.8453433184065976,-0.22503867457542,0.4968899421370828,-0.6340262155848327,-0.30333606524616974,0.42364545175729534,-0.6278156173954923,-0.3362096402695864,0.2949505156669891,-0.9537739480659572,-0.057614662182938,0.32608523517195054,-0.8682219090507056,-0.20884013868167584,0.2509412958743887,-0.5120457632044718,-0.2226488543080914,0.22887561479557836,-0.5671586120515049,-0.2022776250428554,0.07273185282459738,-0.9762244612537352,-0.08476009090144968,0.09763679688796545,-0.9009515581524322,-0.25040162033101604,0.07036687289072388,-0.5614721062861499,-0.19142079049308683,0.057258641797103216,-0.5857357064033688,-0.1203269034647316,-0.16414119098600669,-0.9391444074311999,-0.12360495871266669,-0.12396960965263382,-0.8592336982380767,-0.22442551732889085,-0.10127597009233405,-0.612345624027772,-0.17523909904825943,-0.09105269275206165,-0.6166357941576118,-0.11421910950516968
S,0.0,0.0,0.0,0.22682013495038997,-0.05135035089075297,-0.13255885361163733,0.5126583127480823,-0.2625943274528224,-0.21066012977606663,0.5739967893282665,-0.5709163036124582,-0.28154871114356467,0.46063292658958177,-0.8109110978047127,-0.3307907877053567,0.5258945358181799,-0.7958864646436474,-0.06201534992886616,0.6393683976950946,-0.8105334298480783,-0.22751987167731058,0.5621176471674791,-0.6588040855221223,-0.30583755330161955,0.4878874755248863,-0.66668438299729,-0.33645434124943857,0.308653630571773,-0.9492762478731053,-0.06006281344411345,0.3588416614839403,-0.8336183358993527,-0.20422637513969383,0.27048392960596324,-0.4849195381741499,-0.20898689694035164,0.23977721768129445,-0.5578714000168485,-0.18211141803644457,0.08954223013008765,-0.981173193810279,-0.08869269814281681,0.1289356874413739,-0.8702938075517554,-0.2448551240479164,0.0927144880122061,-0.5472963148470591,-0.17787111377088927,0.06906378106336157,-0.5840157606624853,-0.10364992018658044,-0.1460091342153118,-0.9477321811749382,-0.12992687249333396,-0.10388915133522147,-0.8436254533287566,-0.22421193119652952,-0.08146564218809008,-0.6060758775232973,-0.17216014460754717,-0.07389227162469278,-0.6181338479470472,-0.10994038437543419
S,0.0,0.0,0.0,0.22405083469036055,-0.07924854319674868,-0.13352003748095265,0.4909913915117016,-0.3093070636079238,-0.21362036425618916,0.5716608066589026,-0.6050994015221065,-0.283906598399295,0.44933403711129927,-0.8323684995668168,-0.3296444823764093,0.4885360690368815,-0.8343305571083086,-0.07791760359754875,0.6100467204444849,-0.8062544305388792,-0.23236628070212406,0.5153733488072157,-0.5638140434518449,-0.3028244088116181,0.41514607073847887,-0.5727437890738606,-0.332332531769897,0.2787369846457234,-0.9572948425486771,-0.07676117391177158,0.3579808824725919,-0.8484464914618041,-0.2084110250794185,0.2760068518685186,-0.4852266097369895,-0.2082431958116755,0.23108478041496477,-0.5699169592552029,-0.1832809493016898,0.06707547367234544,-0.9708000330095063,-0.10342068423966853,0.13714036510915448,-0.8726691614690587,-0.24811211336985733,0.10563143244485704,-0.5376052333276671,-0.17742474236910583,0.06191801288617733,-0.5757823499617933,-0.10470167554576869,-0.15456820369405777,-0.9274841593153083,-0.14224254459535382,-0.0833085964720151,-0.834326767464459,-0.2285999401060244,-0.06511500533633895,-0.5957647752410614,-0.16976217419012554,-0.08346690578766819,-0.5985165456621817,-0.1050026007729073
S,0.0,0.0,0.0,0.2317691483755525,-0.013800028438154676,-0.13198140645245174,0.5190242238803621,-0.1869701151359348,-0.21918310013021367,0.6251229659699871,-0.47730491536456376,-0.2999746821331796,0.5238213080382828,-0.7212719553197992,-0.3551575302078416,0.5632288455745958,-0.7814545010210541,-0.07408550795570648,0.6863743899496741,-0.7534576582055122,-0.24674261955579885,0.5744167687787556,-0.530564780110552,-0.3237068434654374,0.4747695464770434,-0.5151109063219934,-0.3520673280213305,0.3611611494095799,-0.9292268639863456,-0.07810287704849679,0.4409343663098796,-0.7755716565884768,-0.2310180730620409,0.3264222511927808,-0.4192335636387013,-0.23904574264955203,0.27616844427799636,-0.5067599848749581,-0.21178617379674425,0.15712014858099052,-0.9602094590152548,-0.11172691420693781,0.22425146559531353,-0.7961652128079857,-0.2777704595151486,0.16385535673902396,-0.46959940561933855,-0.21644870372251965,0.11776443759252718,-0.521055612055421,-0.1409793333561855,-0.05864699238033956,-0.9337720168159942,-0.15675024631160175,0.010211482709249962,-0.8026771772257368,-0.255628747505515,0.013512326166833795,-0.5556242736389642,-0.20461094171963784,-0.0023807156353946924,-0.5670506697967833,-0.13938748211953927
S,0.0,0.0,0.0,0.22214394273348556,-0.015811544770680166,-0.1357894428022281,0.5130714001866286,-0.20148867679777863,-0.21587066584173956,0.6191631360770488,-0.4913277206295097,-0.2888765437362906,0.5308601640422956,-0.7461732577475975,-0.33615705476378105,0.5588451800179097,-0.7737669366769255,-0.07515037666979818,0.6786363389514657,-0.7497377914657195,-0.23665355206496316,0.5700814956971131,-0.5190229943807991,-0.30105374565589693,0.47439493194829957,-0.5027933708010606,-0.3205201074397736,0.3614668554176977,-0.9294567632408239,-0.07383656072930345,0.42408364801230997,-0.7667232279923879,-0.22236287043767178,0.312279322432498,-0.40961623496955324,-0.2284274157492667,0.2733021287458486,-0.4905678486650161,-0.19937592275451496,0.15455759942937264,-0.9667541205704603,-0.10105038575210759,0.21030414664885957,-0.8155204983771274,-0.2678669195981315,0.15108952706982248,-0.479978349372871,-0.20916269163200898,0.112549155302746,-0.5188894049498065,-0.13423442123529797,-0.06634452269536799,-0.9469264166862645,-0.13901973433141218,0.00044637254913452583,-0.8208575095590099,-0.2427463463480582,0.00242084582812247,-0.5666382549744231,-0.19360962569669787,-0.011720771363714758,-0.568160744709409,-0.12811592978953878
S,0.0,0.0,0.0,0.2311652691771543,-0.08202256642341546,-0.11790592540184389,0.5176827978541323,-0.36478771875566574,-0.18206589268929133,0.6099993425550361,-0.6701382492723243,-0.2444035469385757,0.4817305255635464,-0.9099076037474576,-0.2955283246703253,0.42912837558793243,-0.8831281142753494,-0.03983997929066684,0.5265577981126639,-0.9753691926308975,-0.1805697855630066,0.5627969215379526,-0.8537267948957444,-0.24602210578317532,0.5902097751545904,-0.8385459427187397,-0.27061717052443474,0.21833072230994302,-0.9748342113135593,-0.04505503466084054,0.31077278084526905,-0.9625412309596161,-0.17086404637493896,0.2656195410976257,-0.5900946659297371,-0.1662548701877829,0.23552466888269247,-0.613858003962071,-0.13534743418407982,0.003647144913769262,-0.9668061989555207,-0.07900784802700392,0.08741808085655085,-0.9545672172082019,-0.23375401746984684,0.07694037561262071,-0.6095051894524627,-0.16385188280402357,0.03998083175261013,-0.6035253047325154,-0.08722912765408772,-0.2305071446959285,-0.9067021937766604,-0.1224646836826623,-0.1422926502436257,-0.9090153096989675,-0.21938431326448704,-0.11402372115611183,-0.6539659299961266,-0.1556991797610539,-0.13508897271208145,-0.6141918733957127,-0.08713294263603784
S,0.0,0.0,0.0,0.26885474074615073,-0.10403894692304132,-0.12879858281069861,0.5528151899906466,-0.434015933347135,-0.1908954494317313,0.6147717557253629,-0.779131000721402,-0.24926192067902028,0.4578271915735902,-1.0105854171640243,-0.2920759644333696,0.40336088871659337,-0.92701905886473,-0.04641713613741337,0.48740088516302166,-1.069536068755811,-0.20124680141171733,0.5129191302699959,-0.8802291952178549,-0.2725639206410133,0.5324104028969088,-0.8290675222610001,-0.29543731559299163,0.181899000634203,-0.9823567781074191,-0.04345013319530012,0.2624990419955938,-1.0420921490465258,-0.18155624022003608,0.25235215400454186,-0.6754271711966849,-0.1847193101122106,0.21919539964173382,-0.6730881573489284,-0.15609141660545642,-0.04077303360880277,-0.9597563607293867,-0.07093276438265675,0.029446426783102674,-1.029884955956075,-0.23046554426592122,0.05028372650577233,-0.6790402424833443,-0.16054379233390767,0.014777121165411126,-0.6315837564164196,-0.07975061039484459,-0.28571022889395514,-0.8911341265444198,-0.10862248694318034,-0.21116564221273204,-0.9586686185604478,-0.20608014393378596,-0.15522048795118984,-0.7032699806450203,-0.14048373538102996,-0.1674749198125489,-0.6347220780554529,-0.06596670175497067
S,0.0,0.0,0.0,0.22804301039329258,-0.1577701849532768,-0.13303616193984674,0.45943662499554466,-0.5607970826784504,-0.19390413448969174,0.44002769916969114,-0.938944380160923,-0.24808452181780985,0.2397645086903924,-1.1406207724793136,-0.2808153121083976,0.3006136260680845,-0.9871617357177929,-0.04448514849460035,0.3698376492726729,-1.1799831508048266,-0.20566638536632062,0.3509834131921404,-0.9786552448597019,-0.2710204179176808,0.28720626142111433,-0.9027516766264766,-0.286147213795446,0.06018490716433394,-0.9972968587861696,-0.04215154095474387,0.11685606607696693,-1.1099835247740901,-0.1952469303136168,0.14383460803677478,-0.6852032410940928,-0.19949312176868314,0.10917639457647471,-0.6622297516589631,-0.16241442572998785,-0.16293636839854864,-0.9243492733929447,-0.07025212445564222,-0.12767037651672394,-1.0393045776473482,-0.2546657959625044,-0.05242259384546939,-0.6480906458629098,-0.18600679273053358,-0.07884738213233258,-0.5884434454164967,-0.09462847714477807,-0.39869923454220546,-0.796504787414213,-0.10650104247940619,-0.33777890880159545,-0.8902319760415703,-0.22244048475516479,-0.24027867987427848,-0.6293765531895847,-0.15825455352048678,-0.236901731914155,-0.5597189947501047,-0.07860886880687881
S,0.0,0.0,0.0,0.210283105066028,-0.16729759710171221,-0.14267200906392333,0.40837481876072956,-0.5660033813265622,-0.2168014091809136,0.36822312060812457,-0.9381293462902767,-0.2829606020796573,0.16700176050011054,-1.1229961144730054,-0.3272583227740927,0.2358870883072688,-0.9998541290563022,-0.05163055539123573,0.3085644466754136,-1.1338562411371242,-0.21185548469613333,0.3014271387997782,-0.9158820090844388,-0.27214354537685703,0.23592644157141768,-0.8493853619456185,-0.2863501674328483,0.0017202998327936086,-0.9989525020488025,-0.04572678885426528,0.06386172747480796,-1.0835070503300692,-0.19750481720025745,0.10860626388107972,-0.666387186689476,-0.19424407132165536,0.059488517914391095,-0.6701819657324032,-0.15256696569204167,-0.20845786319550405,-0.9176094299840785,-0.07145692117002776,-0.16208934875535544,-0.9896573859878358,-0.2553713403603538,-0.07415141920526402,-0.6161197007546538,-0.182632672105285,-0.11328917738379836,-0.5785573224520475,-0.08978247135781046,-0.4278215778001379,-0.7783483475719966,-0.10651173915217983,-0.36564260839343554,-0.8413143197961778,-0.22364192785609285,-0.2577801212047695,-0.6047960800905595,-0.16279865820700212,-0.2580685868775306,-0.5612521305683216,-0.08630507951351898
S,0.0,0.0,0.0,0.19909379868054983,-0.13988459648394777,-0.15118308823472829,0.3910279845222211,-0.5493797103919695,-0.24015018294936036,0.3435685518250622,-0.9324172614880276,-0.32300666725517896,0.13700641873238528,-1.1276423697067008,-0.38989835620824287,0.22426712934162682,-0.9880080980646763,-0.04726129269029617,0.2837141339388275,-1.1329868484763594,-0.20289702037189877,0.2984551551154567,-1.1276910956417556,-0.25569629791550325,0.2776555040599677,-1.1557373967025573,-0.26698052086179325,-0.01686983620180056,-0.9990804158869188,-0.039417397399447336,0.059715183216853915,-1.0704341544461058,-0.1979670530077676,0.10015175805316359,-0.6563310300997894,-0.17958807664950893,0.04391372203380126,-0.6744312891501514,-0.12204337502156525,-0.22745142499051885,-0.9257742923422119,-0.06516806607393026,-0.16206791531351442,-0.9781464895447517,-0.26306214358446306,-0.07794500614032628,-0.603003903757828,-0.17689130381837181,-0.12644553725136776,-0.5794014575678588,-0.07070794452207857,-0.4472879658100432,-0.7876944152238083,-0.10160051280636435,-0.36926075790141827,-0.8309101041421924,-0.22905491248404655,-0.2576743991195736,-0.5935603711997484,-0.1654878077180798,-0.2655672566910593,-0.5596147604294139,-0.08521449538336257
S,0.0,0.0,0.0,0.19557483165178421,-0.14055291458764466,-0.15583286658529905,0.38208700693270536,-0.5422571115693188,-0.2499585740445539,0.3362155396913263,-0.9218656041984582,-0.33750877510857324,0.13423582112611895,-1.1188565026558466,-0.4062381785002105,0.21606139696954207,-0.9910392632434467,-0.05154679420333226,0.2757340437591937,-1.1224610474587484,-0.21206127110051334,0.2920577566119835,-1.0778309160441972,-0.2655747273101769,0.2676229314588955,-1.095161930368757,-0.27611663609425974,-0.019892064254909424,-0.9989038691384174,-0.042371759462852925,0.05514688211684032,-1.05432061218609,-0.19896509864872744,0.09499043627794349,-0.6419588036990824,-0.17711287439520484,0.03642609011224456,-0.6864221520100291,-0.11750706617887273,-0.22380054871180144,-0.9232278700028996,-0.06841010664278398,-0.1633093930544601,-0.9621316184936917,-0.2600968683292888,-0.07866207697505324,-0.5965758250932607,-0.17094254150560095,-0.12569613494155835,-0.5953003745406955,-0.06516270419603827,-0.43523897238143133,-0.7851998119448225,-0.10647073077941677,-0.35705254516665785,-0.8029416702782615,-0.2283012408608683,-0.24922360043624717,-0.5730464463347412,-0.16515766527745257,-0.26160186577876754,-0.5586834131493258,-0.08644680821853261
S,0.0,0.0,0.0,0.20507861074756972,-0.14765051048953243,-0.1546210370962868,0.3947704761794842,-0.5697010462668355,-0.24401085461080954,0.33632583193320276,-0.9596295431565022,-0.3268260142639268,0.12509049497900032,-1.1552480353060848,-0.39426469419338833,0.22124616700591937,-0.9990728269919839,-0.04330439627043645,0.2850045070134104,-1.1509303523491203,-0.19965429569717225,0.29786904645084467,-1.1345952916749737,-0.2560938945597446,0.26873855130004104,-1.1548292742665927,-0.26940639563830376,-0.018669982093449642,-0.9992372016541223,-0.03429936732753124,0.05326302408945575,-1.0909502509580342,-0.1937191560495533,0.09596413110302576,-0.6753000614121327,-0.1804295647677735,0.037483056524160736,-0.6820071235020563,-0.12572261317925257,-0.228365981008311,-0.9206448308270473,-0.05915446249329519,-0.16752144165677837,-0.9960716436138833,-0.25895175086905925,-0.08121547996324248,-0.6182814581227588,-0.1758363539474929,-0.13211829422383536,-0.5802862487099396,-0.07017594085980225,-0.4480520284105976,-0.7778813680800131,-0.0945059572542986,-0.374130376753153,-0.8427503950657925,-0.2242738143050694,-0.25871845717749525,-0.6050688900785118,-0.16076971983601748,-0.2650026269530975,-0.5610646788317358,-0.07954406817338525
S,0.0,0.0,0.0,0.1997178332529935,-0.15191533906525093,-0.15068776388819044,0.3794622084779753,-0.5551446350584976,-0.24270725348485642,0.3337046852154234,-0.932185859067981,-0.3289844533551671,0.13117408485210427,-1.1209441688409116,-0.3954447248925887,0.20037952418598753,-1.0008128536401928,-0.04937159231962271,0.2782577232305785,-1.1174027226890975,-0.21232085765856945,0.2909132193698616,-1.0045250705722384,-0.2684072168605568,0.24553513240068006,-0.9935994078696444,-0.27895582697072135,-0.029948940863219222,-0.9986293835782789,-0.04292336421155688,0.059461603333706925,-1.055905316510742,-0.19730331252854605,0.103347860237073,-0.6438154985172847,-0.1805063499262348,0.03830851894260775,-0.687086271613589,-0.12537182084613147,-0.22827787103461689,-0.9169921492703406,-0.0710219113789579,-0.1545265306447236,-0.9619981344105855,-0.2607881752068246,-0.06967973470059616,-0.5959601961856195,-0.17810868294258833,-0.12450314496750228,-0.586576482389138,-0.0764260211743825,-0.43210080403115475,-0.7756678990884327,-0.11005700834459661,-0.34470033093282226,-0.8068781233521013,-0.23062824625006248,-0.23707262733707188,-0.5767228739046039,-0.1692142696046404,-0.25431228598849415,-0.5524295385662141,-0.09136831164328924
S,0.0,0.0,0.0,0.1983856836636425,-0.1534152187046052,-0.1393892819042973,0.38296842926047897,-0.5709464827097348,-0.2221560763156442,0.3299124659584009,-0.9538915082027756,-0.30084937265403155,0.12501562770540386,-1.1454068020295594,-0.3648036274131034,0.2161719177830737,-0.9937820973606762,-0.030571184591741192,0.2736063988233851,-1.1434649184657293,-0.1747255576864271,0.28728866907850753,-1.1534369366216712,-0.22293337079601483,0.2670615226766466,-1.1917414801421664,-0.23417656898429243,-0.02209277898145699,-0.9993872996621038,-0.027146535524163413,0.052076024910637175,-1.0781525531483604,-0.1786543393183934,0.08778488929951526,-0.6707460609210537,-0.16100862217362083,0.027820284841754746,-0.6871125923092795,-0.10539501086201249,-0.23019958234796828,-0.9223168060878039,-0.05582375528743317,-0.1735682531762454,-0.995817470167552,-0.24576251912150238,-0.09118271368606772,-0.6295122716695949,-0.1602686510401122,-0.14164979249868806,-0.6100580787267249,-0.05696696169493007,-0.44801731345410917,-0.7806360602192783,-0.09432244941629944,-0.36882412333851383,-0.8414062072530538,-0.21632753160990129,-0.26439865208367486,-0.6084038350143117,-0.1514473023882058,-0.2822661702556062,-0.5776699069532188,-0.07219927542101574
S,0.0,0.0,0.0,0.20983235444982268,-0.16882609940089752,-0.14501792939525565,0.3860639634315695,-0.5797255225313114,-0.2320748920306101,0.34032522322849346,-0.9610422480440749,-0.3154643425911049,0.13420388259546218,-1.1512819222958643,-0.37935869240439957,0.19716036007110968,-1.007533883612584,-0.036797385071610476,0.28058421798763233,-1.1415527892358321,-0.1993696677478008,0.29622807484631397,-1.0058224368205855,-0.25838381562238505,0.24562142667507345,-0.9788469436027107,-0.26967639498284374,-0.028403611273291732,-0.9990705881967626,-0.032422132360635354,0.059747688117157874,-1.0849737932193833,-0.18748606363409706,0.10812465135338696,-0.6677243766869915,-0.1753408816547777,0.036457864222949166,-0.68749598144097,-0.12224252936089046,-0.22727680514846157,-0.9177175392881963,-0.062402916231275564,-0.15980926008049545,-1.002290725835756,-0.24997792359211274,-0.07037030912886635,-0.6291554801062997,-0.1689381502714578,-0.13155784185796202,-0.5946734776110907,-0.06730953838553419,-0.43700292708356686,-0.7752334468690428,-0.10278989797732625,-0.35012685919174524,-0.8368612928816911,-0.22061514619372824,-0.23827984574106295,-0.6065246130333527,-0.15749369309025485,-0.257038175138046,-0.5670242748072993,-0.07779965246085856
S,0.0,0.0,0.0,0.20026087776138152,-0.12339355216519127,-0.13541784041085295,0.392264115106115,-0.4521833024777622,-0.21039404022176444,0.35665337257818186,-0.7740542584022766,-0.27522295957825976,0.203016809570968,-0.9622156700286969,-0.31443685619042266,0.23690408498659166,-0.9734457286494874,-0.06866169737446427,0.3212118033201949,-1.0348754740727,-0.21960669894360724,0.30729205126427167,-0.7874483731835717,-0.278125244730008,0.24181080220221918,-0.7161387241589205,-0.29509683757059235,0.020860010446851516,-0.9977964091117556,-0.0629856009564363,0.1096062768581754,-0.9309268083370686,-0.20522098473394337,0.13394045542576263,-0.5640956902681366,-0.21228910395918296,0.07576285263121443,-0.5987775953814746,-0.18411947540531848,-0.16590116348684958,-0.9229470459791044,-0.08492603112579813,-0.08326544481780954,-0.8548971558422012,-0.2479890346119521,-0.021618174419256807,-0.5304737145439223,-0.19509593279325393,-0.06846162971887308,-0.5330150063247913,-0.12342125147245184,-0.3502486756782631,-0.7889567386757042,-0.1170721474939496,-0.2597844812521451,-0.7281052519535147,-0.22286400562672612,-0.1690374466591526,-0.5132033854805732,-0.1822769032716972,-0.17842471677532507,-0.5094686489808892,-0.12261720242401494
S,0.0,0.0,0.0,0.20048256038962725,-0.10570275435153582,-0.1253679225882299,0.4112704108878263,-0.3994816881960492,-0.21118159921388474,0.39516883856650953,-0.7122048869968305,-0.29358349248177856,0.23913420775817396,-0.899432802155082,-0.35582763471580287,0.2864284922057594,-0.9437533547524894,-0.053368375712281896,0.36992874015342236,-0.9923385757483356,-0.2044633645662355,0.3647442794643478,-0.9115812246315385,-0.2605921097650187,0.33218383837635346,-0.9057000244295373,-0.275133199589024,0.06227132285727005,-0.9966110263883774,-0.053747041134470784,0.16416856106494354,-0.8719633204121969,-0.19562811700752275,0.16999437001788809,-0.52525850587304,-0.19150251326096387,0.11648962788165734,-0.5949421849676996,-0.1517365318672978,-0.12372894368810977,-0.9389229860563509,-0.08297335319003755,-0.032731993737448443,-0.800696985153894,-0.24556082455357206,0.008575114688659848,-0.5034745238447867,-0.183688556162323,-0.03482988007310165,-0.5436575561381808,-0.10537513647907525,-0.30647794991438143,-0.8179456369985456,-0.12369737287236443,-0.21194191115003072,-0.7082169459542157,-0.22757965491244775,-0.13625755155581823,-0.4994603749591266,-0.1849145739378,-0.14773555680712297,-0.511528915014423,-0.12376968763578927
S,0.0,0.0,0.0,0.19801392916306412,-0.08924421750165716,-0.13567689152592607,0.4155592575192333,-0.3529730345603507,-0.22065555804637352,0.4109131104259219,-0.6482107753552597,-0.2962956092930769,0.26107500593628435,-0.8270152967666632,-0.34595663341713095,0.2949774736643852,-0.92237122379096,-0.07893545386966919,0.39648689110770285,-0.9306171015007505,-0.238978542300411,0.36149165796171756,-0.7481250538826056,-0.3038755552224132,0.28731118054919447,-0.7230489397846845,-0.3258187148782257,0.08026622707154459,-0.9940034007714019,-0.07426016460113193,0.17509861161025422,-0.822473546206443,-0.22342773444823055,0.17285781857553856,-0.48337789710944806,-0.23361173045238603,0.1246922441486908,-0.5543307724225938,-0.20761625558352792,-0.10451028854499983,-0.9412539606407817,-0.09793161192620031,-0.012621284594551854,-0.7524635821628278,-0.2580845005526319,0.019344443608764677,-0.4634013921002288,-0.21227378100762043,-0.020509183584148414,-0.5133305660172572,-0.14865733863273606,-0.2800025876148885,-0.8222598508484186,-0.13401000088390233,-0.1832668325606376,-0.6428278360812316,-0.23676058948905038,-0.1215492065835889,-0.4450527822297442,-0.2107923836185637,-0.13451209178695334,-0.48003854503921645,-0.1640910067784291
S,0.0,0.0,0.0,0.20337563817943144,-0.09561872273498224,-0.13752741548714947,0.42386273257192464,-0.35136439794923524,-0.21897399742227486,0.41938901636553155,-0.6366325339145484,-0.28841025683366356,0.2737770012015249,-0.8087254176044281,-0.33069274778630026,0.3039682873872151,-0.9157814641025932,-0.08294355162313281,0.4044569609244244,-0.8964811045589484,-0.24079718959877117,0.36233907970105256,-0.6753911501678856,-0.3115354238489876,0.2864035812265485,-0.6559959860276916,-0.34131754753931437,0.09466625697477901,-0.9925778280919165,-0.07633842394704482,0.1824349823236965,-0.8020315280198722,-0.22494558205619866,0.1757829702940266,-0.4702630633855745,-0.24307943346890548,0.13228754955412877,-0.5392821356118278,-0.2257107866392436,-0.08939996108185023,-0.9448676911156856,-0.09757560659230707,-0.001101191852225681,-0.7307439961582393,-0.2524748673230772,0.025559230833778406,-0.4501596271429556,-0.21449843042684658,-0.00855484414758869,-0.5067343253811429,-0.15922804123156858,-0.262408847225568,-0.8335857683995422,-0.1318126071140716,-0.16950531487637158,-0.6280891812332081,-0.23117990967382818,-0.11398131233583764,-0.4345184156404813,-0.21178638914479228,-0.12305725027984377,-0.47669828448467383,-0.17196082063638052
S,0.0,0.0,0.0,0.2034540467027108,-0.08877546552679438,-0.14191713163129224,0.4242514203074267,-0.34772631897241896,-0.23223241646902265,0.41587478082491636,-0.6408192010971733,-0.3122439850013479,0.26170246646329687,-0.8202049894495766,-0.3680606861043194,0.3136870243572082,-0.9067671863984488,-0.0867619422877433,0.4052956396532787,-0.9124012974257076,-0.2482741134359082,0.3736698104545223,-0.8022310144674227,-0.3153293435328924,0.307638051646067,-0.8097624531795256,-0.3399118610170256,0.09682674308853081,-0.992140875841481,-0.07925316591383984,0.18096695083398587,-0.8022061160370844,-0.22917226479431863,0.1772598885908489,-0.4707301725988863,-0.23417801290142026,0.13733525554316264,-0.5459933048430466,-0.2050426716282845,-0.09105456914349443,-0.9488598895221366,-0.10132883484836311,-0.009086917677705551,-0.7383994020911708,-0.2594788276697991,0.01983238485020763,-0.4582343009115553,-0.20819150994168276,-0.01231844233239668,-0.5163100018310549,-0.14336074991239586,-0.2706619198793825,-0.8357512553186413,-0.1377250406750815,-0.1830698588017594,-0.6282583916117974,-0.24084308156957332,-0.12556940134715103,-0.43584522859290153,-0.21694507464833687,-0.1331963961973095,-0.4796722980533174,-0.17354060557312476
S,0.0,0.0,0.0,0.1992383509317325,-0.08780743711495587,-0.14443298376290992,0.42054410139254633,-0.3415223404091299,-0.2386707819792172,0.4163257561317527,-0.6336444670571171,-0.32264419156179647,0.2619057610998769,-0.8117931187068174,-0.3829436178126539,0.3099737709998596,-0.9064816196199401,-0.09227009394518337,0.40019854438562347,-0.9121377991072164,-0.25726175442910143,0.3770063729068156,-0.8088717296479662,-0.32602118195380814,0.31750539622709845,-0.8150659708468757,-0.350398907887335,0.0915040494519326,-0.9922330934303147,-0.08426444823059642,0.1753009110545175,-0.796755543863527,-0.23434127427240095,0.172500242413178,-0.46582337955814496,-0.23730051515059558,0.13353671415030896,-0.5437982963240345,-0.206278760296523,-0.09840470779547919,-0.9491817375968536,-0.10623665514967041,-0.013541294817657989,-0.7299640449546051,-0.2641684375322906,0.014279581251619466,-0.4536319687374205,-0.210987856013906,-0.017068650822992852,-0.515660979608108,-0.1445926961996039,-0.27984214622989995,-0.8360249272140469,-0.14287728665678345,-0.19158679357329036,-0.6280006749261154,-0.24594855086207562,-0.13264989205338298,-0.4381353860379942,-0.22050364010895748,-0.13754368606812734,-0.48185847441852364,-0.17530596365281725
S,0.0,0.0,0.0,0.19592998493044042,-0.08681293358876553,-0.12997661639059319,0.4147408035581528,-0.3315223114050125,-0.21110631478984368,0.42249886360325123,-0.6061141560339133,-0.28196928867494114,0.26771825974799385,-0.7693948345085903,-0.32664276780499235,0.30348828460396127,-0.9135795855413851,-0.08100723678719635,0.41787393875685136,-0.8681400897220657,-0.2436012981786035,0.36152229434627536,-0.6249511045357664,-0.32380733089341407,0.27729915015779993,-0.6062244659848246,-0.3609641292151725,0.09176102778884034,-0.992534792104279,-0.08034052676981644,0.18952313863580153,-0.7803864727830664,-0.23443290600985603,0.17803083730774194,-0.44717592023988534,-0.25844826923743053,0.13487204129761637,-0.5062938499722095,-0.24529189518255784,-0.09595790567999539,-0.9436628275511247,-0.10660528450770179,3.824817393407892e-05,-0.7199685485940726,-0.2642575016723835,0.024454330313638247,-0.4355404931363217,-0.22816437675291135,-0.009718805564513319,-0.4844591315481027,-0.17337133157211504,-0.2709033902903883,-0.8309712903428337,-0.14494149160298225,-0.1697615821031941,-0.6332419782734074,-0.24226222406595777,-0.11556236753879243,-0.4326076896776199,-0.21905346770933726,-0.12394991492185525,-0.46332485359621484,-0.17655660069484985
S,0.0,0.0,0.0,0.20121629696072035,-0.08083997654445643,-0.12902539079119002,0.4195423958799451,-0.31939266360028046,-0.20819614408282305,0.4294148826970561,-0.5845036321952413,-0.2770719850232537,0.28110636409947387,-0.7463861541863985,-0.31957862723275227,0.31702610383877183,-0.9075003573055909,-0.08323591140208546,0.43277197664137523,-0.8455492371663093,-0.24599808191394795,0.3673615346350528,-0.5890871282222445,-0.3288155194326156,0.2842176004446306,-0.5770856144933799,-0.3696644265434728,0.108026832162174,-0.9905338498205428,-0.084692950667099,0.206380638503036,-0.76491338347732,-0.2375501817137443,0.1846524875666764,-0.4388841186528773,-0.2635680760196881,0.14353710522729132,-0.5049765241306462,-0.25394477670150245,-0.08046835973091433,-0.9458973204751853,-0.11289118009031006,0.01507545519667659,-0.7138403798835519,-0.2674233784668698,0.03258384615680273,-0.43024147481487207,-0.23174748451229416,0.002361897901840546,-0.48048599934762526,-0.17949332384887057,-0.25572431415326,-0.838399387392022,-0.15373516172443466,-0.1583083185822956,-0.6288451324216039,-0.24969840527633028,-0.10470736608517586,-0.42646603446367115,-0.22734133339683113,-0.10413684325912857,-0.4572194347207957,-0.18663706880692582
S,0.0,0.0,0.0,0.20237460558561438,-0.08054926814089586,-0.13808066524618096,0.4233206905451161,-0.31230177825444094,-0.22721560346542688,0.4456667585745431,-0.5810800985123051,-0.307737451757024,0.2954525967572436,-0.7517117006793235,-0.3639864997207739,0.32679484637226386,-0.9052677987835042,-0.08006149261790887,0.43021190379191665,-0.8637400228446441,-0.25154936487143853,0.39209850982472094,-0.6657019373269263,-0.33711395229881547,0.33451665781902024,-0.6411669987470274,-0.37353874405666215,0.11774366894081116,-0.9900371123021877,-0.07722010546937844,0.21006541701841705,-0.7878929850811859,-0.23484163497776647,0.19194444871687896,-0.4582031192898738,-0.25523404225462326,0.15484237404547802,-0.5080705728956331,-0.23605561967275598,-0.07165720616738629,-0.9505644351144558,-0.10440793201875756,0.019214954301209456,-0.727714432631296,-0.2650272106119997,0.032538445805626044,-0.44898510789428553,-0.22540391379125346,0.003433139226484105,-0.49136369943350594,-0.16617390841687435,-0.25189982353008017,-0.8450784637200651,-0.14538306391357156,-0.15909454262613087,-0.6451018664602192,-0.242680974104236,-0.11133295591029337,-0.44510920759894057,-0.2171488964885484,-0.11487279808335733,-0.470588748053299,-0.17229806787637966
S,0.0,0.0,0.0,0.19942983116381655,-0.18420130354161363,-0.11043668599538913,0.35674839218270327,-0.6032800560736058,-0.1426352625076579,0.24335502237721499,-0.9325322282394705,-0.16411361320893597,0.04370938492727827,-1.0801857747103336,-0.1529980486033553,0.3348872829437335,-0.9442840456700238,-0.0032049781980025417,0.3982998831112885,-1.1524981045364784,-0.10147266193661157,0.3409518110812294,-0.8394190768664911,-0.14234391135670751,0.31694935636941934,-0.7790860222701204,-0.1650417343262919,0.14753838223992893,-0.9890388583886714,-0.005878976378440977,0.21648072297992313,-1.1999489760690496,-0.12124396042961533,0.18216060012395927,-0.819486039751872,-0.13481629512038337,0.1444152701414997,-0.7789711957642036,-0.11267223564027111,-0.026225529638861742,-0.9653861179323816,-0.031465154961066916,0.006565880925829879,-1.1749379055927671,-0.16780266800527738,0.0323344686161461,-0.8091084254171292,-0.11378495514135785,0.008843667305700756,-0.7500033389840338,-0.04342278940496005,-0.2051983433235592,-0.9114963500805237,-0.0643482763373202,-0.14613277071749992,-1.0775148764102063,-0.14186657926023633,-0.11269630536956958,-0.8206072868096481,-0.07606569858563243,-0.13149137803805117,-0.7494606148810681,-0.005614663677077204
S,0.0,0.0,0.0,0.2039575904403184,-0.18600780262339292,-0.10866948176076782,0.36466575030385545,-0.6074253671727615,-0.13917198399502964,0.24771515622557883,-0.9388583674612807,-0.1596528266333417,0.04694869531626948,-1.0866078163285986,-0.14798370662683852,0.34238291823484424,-0.9435269123216828,5.8219763421886484e-05,0.4071096088878772,-1.1575257732274695,-0.09645179425924735,0.34837426519249365,-0.8451819491169501,-0.13841713920581789,0.322605056320195,-0.7826126014819513,-0.16189289741495394,0.15431545851350917,-0.988015943539633,-0.003351801792210284,0.22597818634108233,-1.2058823247610664,-0.11490869621415098,0.19100477428410473,-0.8307394226793318,-0.13027462828564002,0.1518536049031878,-0.7877806919268245,-0.11070053835818297,-0.022433908397153677,-0.9645597014615154,-0.029456337585575115,0.014941061478088423,-1.1870252368552854,-0.16223353495527515,0.0391476324769136,-0.8230362141840681,-0.1102638465052712,0.01268182193995811,-0.7576717018424338,-0.04236728721962428,-0.2061157755783534,-0.9105457877625839,-0.0628007842925167,-0.14073206290070092,-1.0868400730248176,-0.13849035101338691,-0.10672136242863112,-0.8308049396153936,-0.07279312232268881,-0.1269773800797312,-0.7535616509665582,-0.0031654294516282972
S,0.0,0.0,0.0,0.20579943754471344,-0.19100809555770004,-0.10828823139840449,0.36290841661544787,-0.609731375393536,-0.14182410438495682,0.24497308293332273,-0.9382441316544807,-0.16630015543536925,0.041550224308973975,-1.0842385261144036,-0.15932254771825569,0.33997042269164207,-0.9413212040040828,-0.0013071623563159153,0.40475023547750594,-1.162106602071811,-0.09874069674404913,0.3489931912913579,-0.8514231031646389,-0.14169166838740074,0.32295696358466913,-0.7825681315303309,-0.1657970090340227,0.15313829438502383,-0.9881867804521323,-0.005962359641545347,0.22458245902525947,-1.2175748843376761,-0.11861413605585307,0.19168309529172495,-0.8447084304216776,-0.13481456706428052,0.15177929714219313,-0.7917876847970138,-0.11568262145869584,-0.024135031220580618,-0.966499143971951,-0.03307543626956315,0.011698440218815321,-1.2004061303030036,-0.16470430010270484,0.03948723450226887,-0.8412364557344704,-0.11258398152625673,0.013278382820154299,-0.7680930446643196,-0.045245738959815596,-0.21074804704873856,-0.9128314164150152,-0.06765918031785106,-0.14633431039608946,-1.0921470702704206,-0.14388121023014433,-0.10819524248182244,-0.8380389131780798,-0.07936852929717908,-0.1266441799172636,-0.7577802617617598,-0.011041290431735995
S,0.0,0.0,0.0,0.21228683173603,-0.19577044317962194,-0.11014680149556592,0.37507205773697405,-0.6137382472281548,-0.14267464787904688,0.2598482573007661,-0.9472111054295196,-0.16621902134584432,0.05304208654645625,-1.081960330255174,-0.15768596959112455,0.3435840670563412,-0.9453097023483278,0.004553068059047189,0.40718860183289024,-1.1757901146038774,-0.09158587434189673,0.357665950412663,-0.8578763148560756,-0.1350450380875117,0.33301996168568604,-0.7889984273821511,-0.15909699370854397,0.15974553306750314,-0.9871576386823395,0.0010775231259445644,0.22400132408503912,-1.2271719120209577,-0.10874139094180131,0.19714769270095583,-0.858060423172548,-0.12448174057288068,0.15624416077340325,-0.809591381721836,-0.1053256617433872,-0.016653765509023356,-0.9625144670943184,-0.025826904066702096,0.01704816496285258,-1.199792967078623,-0.15558469464386138,0.045216571669070754,-0.8441160824828977,-0.10472063972408868,0.015030430614186765,-0.7760677595744644,-0.037760177809167766,-0.20223113708989085,-0.907139789492358,-0.06070179228924707,-0.1375769694811761,-1.092362864421004,-0.13316790175842919,-0.10079574041642005,-0.8423557020635583,-0.06780515120240017,-0.12555590612814005,-0.7604644554678879,0.0007049228383560713
S,0.0,0.0,0.0,0.21085163844557947,-0.19910434349805567,-0.11005483237092648,0.3781498805366524,-0.6229608539219886,-0.14358569689548906,0.26373192616603436,-0.9632783527826616,-0.1692924806928984,0.05221979791250458,-1.0878039900377081,-0.16418742748085452,0.3391751338677674,-0.9446990902770099,0.0029947925129478296,0.4134806549764486,-1.184731746554387,-0.08811458861306494,0.36131599534793685,-0.8705638295058701,-0.1307906805663904,0.3324253724785014,-0.8007793135131815,-0.15597175006592734,0.15598169410152932,-0.9877595837897625,-0.0008460122291921057,0.2277067435193468,-1.2342574544938607,-0.10711603493410714,0.2001148778665058,-0.8701138676913469,-0.12431480398285924,0.1580624124365673,-0.8152392449474428,-0.10748997275100387,-0.02095371751723326,-0.9637968197379032,-0.02692909686619228,0.017475327225831967,-1.217940198317587,-0.15060084260504084,0.046713321284422106,-0.8649915211084144,-0.09940871578902281,0.014683659198704825,-0.7798339502814018,-0.03365126039560555,-0.20941336466191235,-0.9104303126040572,-0.06148178970885238,-0.14077906669045576,-1.1110317440553723,-0.1303544197800109,-0.10073764485487337,-0.8637236747479978,-0.06457939166928511,-0.12366364208195871,-0.7687571702843724,0.0034557604458773936
S,0.0,0.0,0.0,0.21583346889389923,-0.20006244112709473,-0.11798782499242862,0.3746646846487157,-0.6338362491295378,-0.15004582632765903,0.2479811081029663,-0.976823365379768,-0.1710907355747469,0.03407827511190847,-1.0988567554488766,-0.15757125743723852,0.3667055849141243,-0.9393175610109772,0.004389695822979883,0.4149770584509212,-1.1869277829064573,-0.09084864918127733,0.36559343319764415,-0.8770174645235932,-0.13714571337189485,0.35669081246870066,-0.8051356622649484,-0.1632109983073895,0.1779375158904453,-0.9840292028305447,0.004976787660752782,0.22951621299859828,-1.2444933775561364,-0.10379625289088736,0.2002011643965007,-0.8824722797565207,-0.12046320529278594,0.17376567968869888,-0.8169450508423585,-0.10140537804133598,-0.004147842652104922,-0.9686321027070964,-0.0185842860368326,0.01828629523133253,-1.234866557152803,-0.14403995149356885,0.043200555098133024,-0.8845492425184431,-0.09265517760375493,0.026968073922378766,-0.78595281932659,-0.024427016349956112,-0.19559795120718612,-0.9238178969112446,-0.05195056945999627,-0.13943699302348997,-1.1353761207838158,-0.1219587363370101,-0.10656430929673584,-0.8904790286530762,-0.05744965976196945,-0.12231877813491454,-0.7829995850967754,0.011538893461032151
S,0.0,0.0,0.0,0.21459633873980885,-0.20301920399548243,-0.11969750681421285,0.3661457183042316,-0.642948290676477,-0.15204849352269265,0.24411324489648098,-0.9873010675078819,-0.17408613468079895,0.03014834001537606,-1.1016368604108668,-0.16134412648336832,0.3684755499439154,-0.9367441615408153,0.007987766444834964,0.4116238692225868,-1.1885023995220663,-0.08666444210794909,0.35742918568951404,-0.8787901926380083,-0.13450772145433576,0.3507665925185678,-0.8076205130435296,-0.1620344818825307,0.1810683193245045,-0.983424341541239,0.009530383055246772,0.2303632049089173,-1.2503302134533525,-0.09974867292500622,0.19464177474932812,-0.8942101599588164,-0.11866202137804918,0.1688341612119024,-0.8284322408711882,-0.10109824417112034,-0.002041907290264058,-0.9716284249634218,-0.013581264833298043,0.01986186556838975,-1.253134213621392,-0.1377060182584793,0.03917160781105286,-0.9077534502663965,-0.08802491219733694,0.023766384114964893,-0.8061366604222704,-0.02129562683125144,-0.19363734413189967,-0.9329994503288505,-0.04709823579778617,-0.14275523108623592,-1.1505934899614705,-0.11611477423216542,-0.1121335698772581,-0.9069096743183324,-0.053247508278898195,-0.12503983391675766,-0.7944015824797925,0.014026446514999574
S,0.0,0.0,0.0,0.21002436665989505,-0.20944546475058803,-0.11714870081580954,0.3557525667527673,-0.6527455794108572,-0.14802425860907087,0.23418434448164835,-0.9947749042763293,-0.16868007396823775,0.022609672446829033,-1.1076159866238087,-0.15463809294977648,0.358928950003834,-0.9385075919383864,0.0057491683613215714,0.40246143063703904,-1.193691190640973,-0.08854267676945216,0.34886417285868926,-0.8850640681458416,-0.13495206036661747,0.34267288597581863,-0.8111649999244329,-0.16117040870792154,0.1720123336987756,-0.9850777079537608,0.00580227094043051,0.22056583702937027,-1.2533179189162587,-0.10255641148329264,0.18611309102547346,-0.895906439536821,-0.12011930910627634,0.16213934517338088,-0.8277869609416642,-0.10165136157603381,-0.010322066882614535,-0.9727144982716642,-0.018361940143630424,0.011131148812288811,-1.2498561259106034,-0.14097340636758932,0.0327182292593443,-0.9047440389289031,-0.0908987595510809,0.01912178002408752,-0.8020266678941826,-0.024295157200607296,-0.19969051294375767,-0.9323511604060761,-0.05276085478429198,-0.15056147537057682,-1.1497488649678458,-0.12057889037408169,-0.1170797960656252,-0.9060235838994743,-0.05717927035584768,-0.1276478710021948,-0.7913954492065979,0.010262537006213728
S,0.0,0.0,0.0,0.19995334768551695,-0.2068487947676868,-0.11464975109557098,0.34144378943785797,-0.648431695157711,-0.144431667128064,0.2182903457439895,-0.9787596290570374,-0.16456329550057353,0.013338238276040628,-1.0983396205877263,-0.1502564910578835,0.3427569185477822,-0.9430898194789387,0.010005491630640828,0.38974016894511787,-1.1746819413773424,-0.08349628648970334,0.3388096475160363,-0.866979575166161,-0.1279665658221087,0.33116147113920946,-0.7976475078687006,-0.15285962169889625,0.15834004803852172,-0.9873393962170399,0.009452294162244707,0.21189124339855397,-1.2263349712435168,-0.0994605571503796,0.17696118785561452,-0.8632298894151204,-0.11779187853282191,0.1491752444945854,-0.8029678569941259,-0.09947231084668091,-0.017778569168698657,-0.9720709649078749,-0.015329161907947466,0.006348843745355874,-1.2131034914316976,-0.13949343118265609,0.02813660385504889,-0.8668025203593444,-0.0917762060785608,0.012607517649392375,-0.7787065853903167,-0.02667237961325078,-0.19896312186891493,-0.9298585039109106,-0.04958011813452268,-0.1508800950463069,-1.1308198157424694,-0.11703031086915583,-0.11670096211632223,-0.8867660246811789,-0.0540842269443161,-0.12470686147018659,-0.7824161956563265,0.013087741940795239
S,0.0,0.0,0.0,0.19774705328725442,-0.20842560891867726,-0.11924150310398762,0.3407632463559714,-0.6504919094339984,-0.15135146659172835,0.21543385501421086,-0.9840176185955158,-0.17284170463003692,0.00820607733348178,-1.109678391741624,-0.15920392270141578,0.34114716027087855,-0.9456443985895876,0.006742976071911397,0.3905466720488834,-1.1798203230108009,-0.09157080237504217,0.3384194552093697,-0.8680709908247084,-0.13720887875084511,0.3310479446134571,-0.7975737244303313,-0.16169546040896632,0.15460150579089937,-0.9879476151685109,0.007608159438283783,0.211875382707406,-1.2308349493955384,-0.10689340100913583,0.17604484900881454,-0.8632464616143544,-0.12582567217335686,0.1467055000659721,-0.8041640263758154,-0.10629164609566412,-0.022194981906739363,-0.9718549482431267,-0.016548911123387276,0.0013095032717163576,-1.2146610063745715,-0.14644007561916172,0.021974280964262634,-0.8637625317822416,-0.09727226059686986,0.00564687149452255,-0.7803398882604641,-0.029620566122128184,-0.20465601699773675,-0.930079861090175,-0.050357116017220635,-0.1545877945796527,-1.129305247262328,-0.12100264004555614,-0.12211006501916583,-0.8814584192515904,-0.05718925874330463,-0.13272931553206385,-0.7804527166614459,0.011405398989394876
S,0.0,0.0,0.0,0.19722395492013867,-0.2108179119979587,-0.12106002562801839,0.3360082930716815,-0.6479160560590119,-0.15682796962598688,0.2152018357446793,-0.9773426908495465,-0.18148865400021003,0.005113753038640771,-1.0924606030289041,-0.1710451576241488,0.3335697561042148,-0.9493223589681841,0.004070076880749099,0.38272709881179906,-1.1850029572443839,-0.09323276864266819,0.33912091191848776,-0.8706129499986582,-0.139611276012943,0.32971097958133017,-0.7975749331267522,-0.1651091920998846,0.14814561520257244,-0.9889528317187302,0.005017303235448742,0.20175466919110985,-1.2325749622900615,-0.10457584147096106,0.17751262644405424,-0.8635346779326589,-0.11976698047419645,0.14698481552877937,-0.8044980030766617,-0.09975512313968492,-0.029590660624497358,-0.9656052215705634,-0.01954151847536191,-0.004152027705039276,-1.2083631023137225,-0.14532856076603776,0.024870108271040255,-0.86163481270924,-0.09378659362201429,0.004041192612571397,-0.7834000814125156,-0.026591981262091717,-0.21268808925018087,-0.9134596196288526,-0.05427596028436676,-0.15956641278879014,-1.1081350271549233,-0.12328731412543814,-0.12201360322249684,-0.8664919297302022,-0.059031844416045,-0.13961098321619908,-0.7746256365921419,0.008342011002788596
S,0.0,0.0,0.0,0.19811647780328193,-0.2095353598440428,-0.12104753425309621,0.3328313840527928,-0.644450638998798,-0.1571186826501317,0.21305825362988376,-0.9723275582660648,-0.18259414957372544,0.0021649389257173564,-1.0794222805104048,-0.17336395095012525,0.33228304240610446,-0.9493180779661464,0.008227274848263185,0.38018069346041755,-1.1825645719403022,-0.08676678418556372,0.3386283263997725,-0.8716126275808123,-0.13356289418505865,0.3281506792862608,-0.7989651646772622,-0.15973497231544787,0.14900859713318831,-0.988790460440702,0.009479626673223718,0.1990118669650454,-1.2329806179832714,-0.09741000599243595,0.17632166380612657,-0.8705783865486707,-0.1131556232313523,0.14622564414298345,-0.8080409830260457,-0.09384016753947236,-0.026990831740617085,-0.9638799419296546,-0.0148774786830553,-0.0058956997127751825,-1.2033657323751188,-0.1361071493075618,0.025124629738387708,-0.8681955569955908,-0.0863476713173493,0.004785542036710935,-0.7885348422248972,-0.021136072688715788,-0.20721332933479714,-0.9112263267518472,-0.04982946508617492,-0.1574851340958547,-1.1074578698745292,-0.11470518751053237,-0.11991099636284658,-0.8738981786637574,-0.05112517281712975,-0.13709313479386817,-0.7811691202252554,0.015037555988539203
S,0.0,0.0,0.0,0.2032657131632878,-0.20781400290154853,-0.11978977593148937,0.33658740416837285,-0.6527582885690675,-0.15225266199405565,0.21756188164324688,-0.9866429171497652,-0.174468867666743,0.009629521141696852,-1.081915798173462,-0.16089902129515,0.3495035097337075,-0.940976000296369,0.007386616560661163,0.3966041826264479,-1.1924867314625243,-0.08817746044449581,0.3471493238752502,-0.8770402886640861,-0.13372644566888767,0.3416666407807977,-0.8026006724968369,-0.15950105720910673,0.16870612512576477,-0.9856390385733477,0.007343635697436418,0.21451450590837626,-1.2479651941373948,-0.09915193825692625,0.18330317458325582,-0.8940043238890234,-0.11099561508390439,0.16092344799532762,-0.8335053047039758,-0.08978942820371598,-0.009795753725968652,-0.9672193046079424,-0.01888738298720564,0.009165565998994258,-1.2344345267080075,-0.13864830158215322,0.03089449201949837,-0.8980514223857047,-0.0842631350297334,0.01696120927100461,-0.8123051645340403,-0.017067014112375354,-0.19449844043620876,-0.9239160488703069,-0.05644901591308363,-0.1482884417299966,-1.1255455347066072,-0.12090011608859634,-0.11676775156554636,-0.8855485710248697,-0.05655035025750207,-0.1296200238185206,-0.7854143843067283,0.00916545780868702
S,0.0,0.0,0.0,0.20422682593517077,-0.19827730227604995,-0.1130722347364225,0.3432686212064626,-0.6376453754316959,-0.14099554764695824,0.23638907132005277,-0.9690921751435881,-0.16097931776667684,0.02547775630133393,-1.0330255864216833,-0.14707207932137178,0.3587471184543575,-0.9348765149087797,0.014603917230183713,0.4034116966518022,-1.1902253510023542,-0.07598747735907609,0.35073295909913577,-0.8739821378070823,-0.12067974155059737,0.3430116968315562,-0.7959337271037331,-0.14670443159671442,0.1831303150276329,-0.9830104797359016,0.012396953144716352,0.222340406897183,-1.2534269320924531,-0.0887512259789983,0.19083276587662587,-0.9010448386305591,-0.0977302955990019,0.17322973341555165,-0.8267730677271348,-0.07454147847120307,0.006091764385626492,-0.9674808286304467,-0.015254486294837707,0.020815494715845106,-1.2432219025216678,-0.12963583318780988,0.04108496325534766,-0.9038851978246916,-0.07517855026338033,0.03043274996202121,-0.7945296362199317,-0.007558616606198673,-0.1795472348242173,-0.9262461990886249,-0.05446772500325637,-0.13607718170702157,-1.1289144824926518,-0.11825251163592866,-0.1050693633785592,-0.8913600932948924,-0.056792575009860846,-0.11463381464273784,-0.780615291926268,0.007251189629146624
S,0.0,0.0,0.0,0.20785646866901925,-0.20648848891058158,-0.1074414840365129,0.3437090979826701,-0.6215180926321782,-0.13207046207755932,0.24415846450143872,-0.9428281217109499,-0.15107882629535885,0.04802744286720289,-0.987107483793611,-0.1369421672772042,0.36056356675027657,-0.92853603095573,0.0195605509052594,0.41213991464923355,-1.1857503512064127,-0.06535503940400528,0.35238308717058586,-0.874600090242447,-0.10810671915606078,0.3421462081794946,-0.8017923289853821,-0.13368039771855347,0.18987618110764934,-0.9816539401176134,0.01739476069223515,0.2371961727013594,-1.245792160795927,-0.0756436503593065,0.1947149706273906,-0.8978619806322681,-0.08199531015369678,0.17651188185326483,-0.832665719127326,-0.059895681649968564,0.01586269164602389,-0.9675401887720148,-0.009661566090443658,0.03998018463122186,-1.2518740760808016,-0.11184417668690151,0.048252540999677886,-0.9197378440372869,-0.05603456985621257,0.033942074886704955,-0.8038226419514012,0.009329525085985876,-0.16765709227031445,-0.922715636387448,-0.04862122044628858,-0.11949167015426938,-1.1326659114461508,-0.09952031028654282,-0.09512184413135528,-0.909500472849113,-0.03649496861109593,-0.10608290909675022,-0.795465135487643,0.025805925610347124
S,0.0,0.0,0.0,0.2108399602490846,-0.20622250098598735,-0.10286427310035241,0.34413607212725356,-0.6266670135841785,-0.12364199431219491,0.246891705298575,-0.9474087302292494,-0.13996940507550762,0.0506474863522122,-0.9717694093841194,-0.12375138617761265,0.3609659785345794,-0.9268421223809215,0.026192842874414275,0.41715291656284076,-1.188356135141545,-0.0533613929823827,0.3574359389955789,-0.8790923031861907,-0.09383510988559965,0.3444177060126311,-0.8028014648330891,-0.11830157491646953,0.19335893846439567,-0.9808390635817417,0.023812859299426118,0.24146096299842099,-1.2499400780774412,-0.06270520423986649,0.20169614898094915,-0.9038425106894705,-0.06599568486323595,0.18372569053087315,-0.8371858981653268,-0.042632237497977024,0.020770010098878428,-0.9681484255696323,-0.0031537615777133235,0.04570357299628435,-1.255165136371029,-0.09836571981034588,0.05784773044261179,-0.9274288596421247,-0.0430864011694191,0.04249151245634151,-0.8092312903030143,0.021190203587010816,-0.16213750791776127,-0.9260257426749862,-0.041995670861817304,-0.10947995749821016,-1.1475816440870859,-0.0866670446668692,-0.0821575590348441,-0.9297846097458559,-0.023318881594719322,-0.09481690439302254,-0.8113129037197055,0.0379968989840622
S,0.0,0.0,0.0,0.2056791637937534,-0.20482535229716267,-0.11337765195030723,0.3320888579500456,-0.6049103286189476,-0.13641042357875557,0.23079716305721348,-0.913393343890955,-0.15236830959624037,0.049431659917653276,-0.9432602553091886,-0.1347676731216482,0.3608284019064866,-0.9237921891189833,0.013977741304879327,0.4131891477706905,-1.183074902975822,-0.06832173553365577,0.3466755992576402,-0.8732945986584362,-0.10818727309326909,0.3406615716018589,-0.8076193407361496,-0.13248450341355938,0.19249011239110608,-0.9811387026279258,0.017731408213950865,0.24187989819824676,-1.2415245325312023,-0.06551758984758604,0.18971833729215679,-0.8933479323392035,-0.06551858516609123,0.18079365476549444,-0.848401005825059,-0.04359872109303027,0.019577520911506493,-0.9685463977191086,-0.004719978045033971,0.04810219732790409,-1.2454587588061576,-0.09492662949154318,0.047050009253711264,-0.921295263394055,-0.040357941304443194,0.04011943977362151,-0.8178005699303944,0.01961924953748751,-0.16115308017406552,-0.9206597146356572,-0.040266586728039545,-0.11279624298493622,-1.1364851855855447,-0.07371230982444764,-0.09266417304231703,-0.9279988396264239,-0.009292980284961385,-0.10077643315459416,-0.8202250647614632,0.048421516243078895
S,0.0,0.0,0.0,0.21730203907311263,-0.1962231161224445,-0.10194165068177988,0.36012994390375797,-0.5939107100030726,-0.12267254197015061,0.22987183195891964,-0.8953299772038755,-0.13825129024763938,0.037363187585657806,-0.8693328362947175,-0.12319694021781144,0.3490116567182843,-0.9353540184964517,0.01937279428159919,0.38589965184344044,-1.1917165897303723,-0.05454551412999783,0.3341971436376183,-0.8877291385547595,-0.09507414731557433,0.32550363441664476,-0.8058178981950366,-0.11959892583274886,0.17597501973373808,-0.9841467931448737,0.022088050442972743,0.20747472608312795,-1.2407038267700066,-0.046855962018100585,0.17543404616806085,-0.9044783523638003,-0.0469799417957079,0.16315218566232878,-0.8418584214177486,-0.0281184327789722,0.0027021469554227365,-0.9689412746142227,0.0009617247054941768,0.012883333482008718,-1.2537947468539927,-0.07242512061363587,0.02995937214936684,-0.9429510159131488,-0.023186890545528843,0.019680074144745312,-0.8183553607079835,0.03054527135332772,-0.18157585670335624,-0.9155303782900459,-0.03247518309647642,-0.1413046961251571,-1.15678538242,-0.05697691922074162,-0.10838053275371769,-0.9622367235295424,0.0031552351108559322,-0.11484820783922577,-0.8409011542886611,0.05684521441337024
S,0.0,0.0,0.0,0.2184191094221379,-0.19525020457583386,-0.10057936793787794,0.36773046916578656,-0.5948802729423244,-0.12096118542143888,0.23556756256707093,-0.8941317418609575,-0.13709080903816329,0.040845846513761115,-0.8576561196499445,-0.12248922483450234,0.35093284924881657,-0.9322337655129967,0.02554082757857049,0.389371154705052,-1.1843704426721702,-0.047751763162757144,0.338173009568535,-0.8816674080171735,-0.08810196179856708,0.3281664271895604,-0.7996877247236707,-0.11275976912423175,0.17855940170365844,-0.9835633531806831,0.02682667223496378,0.2097829193693452,-1.2358604158128041,-0.04405952427292969,0.1782285566951555,-0.9006774839697389,-0.04512742487991275,0.16493862943479307,-0.8382683463024617,-0.025650416625177926,0.00699683624555617,-0.969463982985066,0.003933407433541456,0.014368491582427444,-1.2525806413440248,-0.06957201287154206,0.032521472684545395,-0.9442466854084947,-0.01957062614654857,0.02198208432764332,-0.8239903613777494,0.03498421688898352,-0.17633959000330168,-0.9167635232739306,-0.031449268931504945,-0.13609083158125157,-1.1544232927483253,-0.05343015646450809,-0.10376396420136935,-0.9634908633873764,0.008044407641271385,-0.11091590902993562,-0.8495460195333406,0.06227128709506205
S,0.0,0.0,0.0,0.22162767063316466,-0.19545378127295424,-0.09942298116419614,0.3717552346128897,-0.5942757217346799,-0.11983296464876567,0.24171931757820084,-0.8891101895705094,-0.13620282168525358,0.043126695877542344,-0.849054737669143,-0.12262711111442134,0.34616014985654575,-0.9332863083728422,0.026731892797107134,0.38848767350218966,-1.1855938190606463,-0.04872953770356328,0.3367947653689154,-0.8829245549469692,-0.0921805127755827,0.3213369111070143,-0.792984519842575,-0.11753538443267914,0.17606606427823052,-0.9839764559072037,0.028126059622222987,0.20856749286944476,-1.2392796239953614,-0.044603492450181394,0.17912212701824762,-0.9060324738130378,-0.04941612908415748,0.16411795201376703,-0.8339756152987835,-0.031126657170575132,0.005841899476406912,-0.9715351931713068,0.005634819797631944,0.013212149927794148,-1.2598671380540911,-0.06953646057540959,0.03344298483803401,-0.9489945731301211,-0.02289901145032371,0.02243355237564438,-0.8202949244823818,0.031001370769223935,-0.17594621241381864,-0.9188978523464669,-0.02904119477918691,-0.13500098027105842,-1.1588197115634613,-0.055159375494670364,-0.10098829957085327,-0.9633082415931035,0.0030248996927176837,-0.10695116952907324,-0.8421712455897539,0.05661872300321008
S,0.0,0.0,0.0,0.22115017087389882,-0.19826737545948708,-0.10226052399265917,0.3773290829867504,-0.5979110746609093,-0.12750274817419383,0.24391759579988412,-0.897996260901446,-0.14904448439521015,0.04657678446163197,-0.8696323035872388,-0.139969736338534,0.3452976533092447,-0.9421718663890617,0.014321791804156051,0.3962590072693308,-1.2175733320731539,-0.07050013313991421,0.34248032234647885,-0.90087725019045,-0.11588593209402676,0.3204028293058921,-0.807195922649916,-0.14179912567110686,0.1724108034270815,-0.9849464977611896,0.012446341213194134,0.21639265195257396,-1.2615324337931266,-0.06673156329498003,0.18454401494963898,-0.9160194222388193,-0.07217214608016279,0.1664262661763643,-0.8486314381258827,-0.05566337582158952,-0.0007188972420672872,-0.9611194644485925,-0.013437094346503272,0.01925116154326283,-1.2704719283623072,-0.09764682952242054,0.03851034174458651,-0.9441976412489641,-0.04757397151354074,0.02588357363607983,-0.8125551682179701,0.008349439154945362,-0.1866254294777186,-0.897180485178317,-0.05120873000208455,-0.14060749638910275,-1.1392801366435494,-0.08460223716675487,-0.10539118664669526,-0.9331210924835267,-0.024832765758395978,-0.11137065086884336,-0.8109486546223921,0.029458642797861832
S,0.0,0.0,0.0,0.22191521729196245,-0.1906352309492242,-0.10225086828719875,0.3796717556531223,-0.5996585019069925,-0.12477192625930474,0.24890205783263955,-0.9041797997868688,-0.14387466402020851,0.04938342046600878,-0.8708534759801091,-0.1321819003214095,0.3524465702622281,-0.9405512239299981,0.02368747432726195,0.39649710632957796,-1.2090551866942252,-0.05999996847952958,0.3441159279974483,-0.8959968986792441,-0.10524591212377526,0.3255744943994295,-0.8005742318956494,-0.13138141465258318,0.180162097030849,-0.9834139537438003,0.0209431223897839,0.2167779062703995,-1.260892742867983,-0.06357880925391847,0.18647856206139693,-0.9170083032250607,-0.07174428343499478,0.1701303908350677,-0.8416570480780016,-0.05411467193583521,0.008217999835567638,-0.9627674127186928,-0.0065726969210064936,0.022472164627832008,-1.2688996605862009,-0.09641284789348215,0.040873366563976485,-0.9440181620012724,-0.04946699327063543,0.028199950528323192,-0.8146512705492249,0.006728211545507449,-0.1765772925336454,-0.9050781639723103,-0.04613310386574941,-0.13427695861641709,-1.1415946153384287,-0.08450513509538846,-0.10243212762864379,-0.9329165159778727,-0.028385863163167747,-0.10894890028331253,-0.8150022578286542,0.024518133168532796
S,0.0,0.0,0.0,0.2255628121117275,-0.19068758821936943,-0.09803857391328741,0.38009469207018787,-0.6055179516486404,-0.11659642584518047,0.24977468640355033,-0.9107557824536566,-0.13254082364268674,0.04723117904284874,-0.8673466106716602,-0.11823294075456611,0.3518138973116831,-0.9427327584184215,0.029633265662547335,0.3948083333449069,-1.2137910036614679,-0.05014377477715656,0.34338551257953376,-0.9026285632002259,-0.09376659552311513,0.32675457637165894,-0.8033921685107489,-0.1188970715055373,0.17907743841064325,-0.9834778494627345,0.026506426927009198,0.21318332585492347,-1.2640011553994013,-0.05399567593912831,0.18452521634310273,-0.9228976699008801,-0.060384754296467225,0.16937902757941553,-0.8410893276456423,-0.041347157338691716,0.00588833253399258,-0.962218802192315,-0.00112701561659236,0.017197970505842125,-1.2731140665506242,-0.0875529740411712,0.03808738331458963,-0.9480259500552392,-0.04069243800893048,0.026789347485436245,-0.8102897240488469,0.016008169127424633,-0.17901158399505798,-0.903814432912142,-0.04064357572794975,-0.13815700794220367,-1.1473144844530558,-0.07807046928089141,-0.1033046615143169,-0.941312231285214,-0.022886491224898123,-0.10785613307088279,-0.8166900215556152,0.03002993434227991
S,0.0,0.0,0.0,0.2236257774369191,-0.1889885318752163,-0.09993538500516991,0.3807145116888707,-0.6035583700202881,-0.1208560567237396,0.24746155705898196,-0.9068396585104797,-0.13849952806503035,0.04407486132667284,-0.8670454509363235,-0.12573892871523532,0.3521466024792218,-0.9468018495367632,0.02450810982409412,0.39762495417623095,-1.2082528215499828,-0.055964411655433755,0.34952823758760126,-0.8967775472039454,-0.09917592596954894,0.333929495673235,-0.8060643710775662,-0.12512888194376165,0.17882147152605712,-0.9836487110872313,0.021403142238565025,0.2152240054734613,-1.24771723569298,-0.06048937959033438,0.18943042258100573,-0.9074875482658797,-0.06763528638960185,0.17183797377640136,-0.83716876543041,-0.05071287264438025,0.005707700796507138,-0.958782286377842,-0.006007527608777919,0.01818981355651159,-1.2579486301301879,-0.09594823522189844,0.04285690006884078,-0.9319088330731136,-0.049322028755525125,0.03196364433185855,-0.8021926286877231,0.006305333116377393,-0.17981767513190294,-0.8991839020326781,-0.04501549820007412,-0.14358962302935827,-1.1348640355280046,-0.08733267629128998,-0.10559547024202069,-0.9239887544709299,-0.03326304832963965,-0.10794740103162118,-0.8026254216436874,0.01891852239236399
S,0.0,0.0,0.0,0.2156061973099261,-0.18613651373459156,-0.10798739571838803,0.3775871316840741,-0.6077267634751403,-0.13356357970440413,0.2435358122942073,-0.9120919607602535,-0.15390026490947378,0.0415461759460135,-0.8774923909251122,-0.14205924435605258,0.353268902139696,-0.9461771473616554,0.014203485282741915,0.4121288090808657,-1.202918435656205,-0.0704699790843811,0.3529429531170554,-0.8889315799828671,-0.11033011377769379,0.3327898980236836,-0.8096583452212917,-0.13418356190788502,0.17947434274098864,-0.9837011772337616,0.010997918284922551,0.2302150379082443,-1.241236581132227,-0.08086777317707637,0.19389101936327247,-0.8976071753869701,-0.08614451386361027,0.17242054642913848,-0.8397753862585075,-0.06495937301467183,0.007203959891434798,-0.9595305166498824,-0.017412080034463647,0.027904479611888487,-1.2444772603702612,-0.11650803357873629,0.04601362352050335,-0.9192762988448526,-0.06697537684141139,0.032679227384340453,-0.8143492543645371,-0.007601919655784129,-0.17772702895046527,-0.9036082050047991,-0.05794300104256362,-0.1332742309737009,-1.126582634027023,-0.10381059615765015,-0.09910423276093526,-0.911068707858332,-0.04637055903781974,-0.1054563467737975,-0.8032564469547226,0.008698867867533667
S,0.0,0.0,0.0,0.21319779467691163,-0.19400304943478447,-0.10960117173125913,0.3705075610602992,-0.6201032972143496,-0.13680126255051545,0.24332771322616184,-0.9282497223882494,-0.15885841926270552,0.03968142559028482,-0.8991887994649603,-0.14830566046692673,0.35101550857619845,-0.9497442988575439,0.016358265195168534,0.41156986822074215,-1.2099534940359429,-0.07012987806733474,0.3518517363835125,-0.8979255303464478,-0.11281159852764461,0.3305884534820785,-0.8202307120281463,-0.13871518815857287,0.17516097774195158,-0.9844606116040489,0.012487436753213479,0.22712635230349734,-1.2477670438795474,-0.08128664457689916,0.19115233983034055,-0.9081538823041958,-0.08912649014644833,0.1688326743374534,-0.8521461120856675,-0.0699247422130846,-0.0005965801516626308,-0.9579652126608093,-0.01721361302813409,0.02304204837834357,-1.2445711957853856,-0.11871149898653731,0.041640377274451044,-0.9249989994036957,-0.07155351802923196,0.025690458013731106,-0.8244991594724146,-0.013614742904904427,-0.18747048039351438,-0.9018609609185771,-0.05926604723664737,-0.1395971345987682,-1.124832383088378,-0.10743498543304232,-0.10548886839893307,-0.9138756134128108,-0.051701891683127305,-0.1146973664236081,-0.8090142844320599,0.0020666301214303045
S,0.0,0.0,0.0,0.2771974381186174,-0.0668579454417481,-0.17606157007115963,0.47617222639691387,-0.5734157638191777,-0.2023929033349195,0.2873513351258649,-0.9490892340099528,-0.1979090263191006,0.02292517503297328,-0.9571468251130761,-0.15252339112021285,0.43331200710609064,-0.9126668386979228,-0.02781237494014244,0.47577372302071885,-1.1872827185019472,-0.13709487931793632,0.4178884935391873,-0.8453157017599798,-0.1753379272481456,0.39358675849582986,-0.7776156323225699,-0.19193032596101656,0.2182983292990114,-0.9758741601593962,0.003932296841999169,0.27018722542260726,-1.2829475396821712,-0.12496538439594057,0.2354169344865228,-0.8748516179315822,-0.13383245968648974,0.2077623879957324,-0.7929394232273058,-0.09372309729291224,0.014384074245516097,-0.9752516196567398,0.0030415620195863107,0.03340960909715223,-1.2788461305416525,-0.15010095338355398,0.0618933059557109,-0.8862155477852062,-0.09762927874838792,0.05161296448555992,-0.7928540296466926,-0.014996796574020583,-0.21176659174516738,-0.9306477060497667,-0.01150534158073938,-0.16011199546860555,-1.1220366010988034,-0.10169402407761564,-0.11230378940814587,-0.8579220017115957,-0.046352064370333304,-0.12488743392000722,-0.7603876226610302,0.022076806480472878
S,0.0,0.0,0.0,0.2611635739722394,-0.08550963974157458,-0.17100742472373162,0.45647839180896677,-0.5781847678319435,-0.19349028213504624,0.27120856353519324,-0.9505562064193852,-0.1854547785303495,0.015534758017879307,-0.9757207064756349,-0.1355604636232825,0.4016580252332567,-0.9230061968460405,-0.027743981462250416,0.4575021817919948,-1.196051927752619,-0.13823452112497966,0.3963057750646106,-0.8484759016810492,-0.17323078527547495,0.3655086029356654,-0.7958267853624129,-0.1862715938758637,0.19398983395675748,-0.9809966003370741,0.00368977621710654,0.2601878673060923,-1.2775104518803444,-0.11940413256808388,0.21915644967895,-0.8577019361908877,-0.12073935819454942,0.1869125467116924,-0.7914892855132212,-0.07760594831788581,-0.0030842562780080793,-0.9735338772238918,0.0024497425981086555,0.022918816824644472,-1.2685409899493825,-0.14735650333708789,0.047760773991257194,-0.8559782454473415,-0.08772989068715809,0.0319030884172058,-0.7537356114312157,-0.00016718493837484692,-0.219984444395639,-0.9142671501695717,-0.012370759347432474,-0.16360310102070758,-1.1234965105785597,-0.09324260089465033,-0.1205927664040152,-0.8628087691101738,-0.03033740023633102,-0.1434096465968722,-0.7574289871674709,0.042844855098245864
S,0.0,0.0,0.0,0.20153801366323054,-0.19205264315314158,-0.11598082299749131,0.37623562378275516,-0.6157898412569298,-0.1512301955911239,0.31596092104574575,-0.984699639586692,-0.17853457194510516,0.1060166223042332,-1.1391619071341506,-0.17183581889129249,0.3488981057469052,-0.9392191603294349,0.005857590053574054,0.42811091240889304,-1.2005620743329872,-0.10555391523444284,0.3620630510794609,-0.8871234854236077,-0.15164150887773034,0.3333908476241363,-0.8244334658676493,-0.17336204326321927,0.16829799107345667,-0.9857337201819607,0.002195244148339269,0.23683606276661134,-1.2544273668953687,-0.1311660367305564,0.20064307015802293,-0.8766377020585612,-0.14825537804312153,0.1658139645804035,-0.8309696453909995,-0.12138659955118793,-0.010930678504871425,-0.9660642017761428,-0.027031240885427466,0.024677079454534196,-1.225002964282788,-0.1800130967729624,0.04479750509666112,-0.847019194616636,-0.12295924589668138,0.01921500391161843,-0.7739562473353473,-0.042315307978138365,-0.1997460653625922,-0.9208350281519219,-0.06454637134605158,-0.13448046367283678,-1.1099015488684936,-0.1487257923853442,-0.10675937388129993,-0.8536898733270452,-0.08133036257254288,-0.13371228951635147,-0.7754541182308196,-0.006310355093970312
S,0.0,0.0,0.0,0.19790292779566207,-0.18843603267520587,-0.1202082483183487,0.37975028201831335,-0.6030973294296476,-0.1554828891647123,0.3407160187623376,-0.9781906312191178,-0.1814899182504749,0.13929713333366617,-1.1533685629614432,-0.17363432195221823,0.3494577572435525,-0.9370965399157004,0.008040274451679342,0.43064279794604376,-1.190287743252668,-0.10680544536324184,0.3609766112900996,-0.8896748197071412,-0.15557839848675675,0.32738795107657925,-0.8304022027446115,-0.17790549070832276,0.17165769741293,-0.9851171686861808,0.00882036726070261,0.23735100419396496,-1.2536401574997615,-0.12992346981446867,0.20133386470451406,-0.8816645673758192,-0.15038268281414605,0.1704176265287922,-0.8361612020982465,-0.12368536285643052,-0.004948308786669975,-0.9638157993258771,-0.016791050035258926,0.02821576100963006,-1.2080781159477703,-0.1736812907702795,0.04692049139209849,-0.8355725576076523,-0.11824655976122914,0.024635995066538862,-0.7711300989856482,-0.036805176550285215,-0.19186953560188957,-0.915295481349635,-0.05086688744467615,-0.12928726884002006,-1.0900228203607123,-0.1346864372715024,-0.10131237137085988,-0.842566666877617,-0.06883766723095919,-0.12420450071896848,-0.7803239698088105,0.00559925877534989
S,0.0,0.0,0.0,0.1975823770837643,-0.18646525379412776,-0.11150169736040277,0.3740385969230954,-0.5926828743743805,-0.1446821712800774,0.3434319868948494,-0.9652088712507968,-0.17039834805803625,0.15634262109411534,-1.1585021018006605,-0.16364518100407788,0.34247308972369167,-0.9396814597297648,0.011191059389658793,0.42179649531251723,-1.188266194799178,-0.10405775819863962,0.35669829764206556,-0.8902607437542862,-0.1527677286022466,0.3132541548032341,-0.8301171614440562,-0.17417284144081555,0.16553118359663468,-0.9861632780662488,0.00902309540721928,0.22375235737391994,-1.2415037009048715,-0.1252188636646914,0.19779087014183103,-0.8669729236479792,-0.14364779150434195,0.16375506199623513,-0.8293618013484374,-0.11862214117126087,-0.010518303883517039,-0.9603863584593337,-0.019148207290689563,0.02674453247148376,-1.191960281637842,-0.17472699291820373,0.04990845301459537,-0.8164533467189193,-0.11857941718395211,0.017384390435932456,-0.7604823599052116,-0.038980975926826436,-0.198259125042735,-0.9044731344764674,-0.054723018907121446,-0.12764406433907835,-1.0694292532039262,-0.14073958036923181,-0.09845777054492463,-0.821032674574621,-0.07655652516643525,-0.13091791803857364,-0.7686730609601478,-0.0041838433502272045
S,0.0,0.0,0.0,0.190368600026488,-0.18971948744135514,-0.11149145848802391,0.3584906361168823,-0.5908814713261846,-0.14504023683966283,0.3361200498813427,-0.9551516830729531,-0.17090390815368967,0.15537622855146738,-1.1484043559941208,-0.16397343714495322,0.3383311269420279,-0.941827900911574,0.011081121754491262,0.41372201386653973,-1.1836700200739725,-0.10369704293821108,0.348820820436702,-0.8846247903737522,-0.1518961366686946,0.3078156704661247,-0.8281453422764385,-0.1734142188658491,0.16204460222827646,-0.9867347207729723,0.009804983924725518,0.21782512410711724,-1.2396712914101489,-0.12548472863122087,0.19246401392482887,-0.8633316798511427,-0.1432176464109077,0.16060103042922408,-0.8266226145668732,-0.11728875463559212,-0.01570494207288611,-0.9593181158368689,-0.017444396953458122,0.017548387695736505,-1.1919435186689198,-0.17353462669147174,0.04424832457135543,-0.8158466632751288,-0.11717739898777466,0.016225085114166034,-0.7600501055006237,-0.037362753286109586,-0.2041987070637341,-0.901612433505144,-0.052125671786038094,-0.13921068096482075,-1.0634507868200365,-0.139674502469293,-0.10592101453900148,-0.8146202584460827,-0.07716508846697404,-0.13192304876395586,-0.7637375085302287,-0.005710478154262063
S,0.0,0.0,0.0,0.19016256665964326,-0.18897105950246187,-0.11484276800854197,0.35793566471004973,-0.5944067463152457,-0.1472757001239757,0.33045129378419186,-0.9600648965924874,-0.1709508800636809,0.14184163768189276,-1.1449850701982143,-0.16175821329900764,0.3360029745735917,-0.9408619772844032,0.014538737811054567,0.41385866822581446,-1.1772904807321813,-0.09940986778178597,0.3461306150970037,-0.883815421350696,-0.14898109370757256,0.3065867474893707,-0.8305555964251035,-0.17163177931256793,0.1628468052371601,-0.9865405058128014,0.014790145863797994,0.22070779616595618,-1.241477223352234,-0.1200079881521386,0.18978975231329248,-0.8719616623255639,-0.13938659558226826,0.15869202863632542,-0.8351022623868122,-0.11336362410892424,-0.012036845102028827,-0.961060884850806,-0.011611294867428866,0.017800565115369607,-1.1883698282301973,-0.16783961958938243,0.039444064406645524,-0.8179895899826854,-0.11512978736769576,0.0148669300692791,-0.7647100087920511,-0.03638471850219388,-0.1974415581391708,-0.9064218682501342,-0.04573760421209569,-0.13929852949563884,-1.0663181774908663,-0.13206196031798878,-0.11023859643269053,-0.8208847343744702,-0.07049111324429591,-0.13383132377055604,-0.7695422890337188,0.0007201022685563082
S,0.0,0.0,0.0,0.19033388152901967,-0.1851316722116783,-0.11712821088422766,0.3563162513180671,-0.5969267154767813,-0.1518301515796004,0.3291492903705191,-0.9642363019626307,-0.17844094661775206,0.13573336700829383,-1.1448078639852373,-0.17216184284585187,0.3360927624204637,-0.9400412795841657,0.010398074427084226,0.4177042582645641,-1.1813065863044971,-0.1060520433996867,0.34999567829014855,-0.884009932367182,-0.15663283302244185,0.30992182822335684,-0.8296766901218644,-0.17927094767073073,0.1645760044848166,-0.9863104772071811,0.010314131042230447,0.22762983303849965,-1.2463273213172568,-0.12776440071291817,0.19541664239778375,-0.8760164014094027,-0.1473775747289261,0.16247741588114925,-0.8362694628860857,-0.12011574953963369,-0.008926860016150536,-0.9641160039518302,-0.01653136086983502,0.021182644647559003,-1.1994906161291656,-0.1749070332575717,0.04375143501843743,-0.8274297679540321,-0.12140425932445564,0.020380487996444634,-0.7645286906880745,-0.04059924493416197,-0.19250434309676695,-0.9159684242533923,-0.05153787625941802,-0.13359433924280373,-1.0861574863466739,-0.13892257219105034,-0.10296966004696567,-0.8373640388544142,-0.0760533694377532,-0.12324871031396416,-0.7741255154734147,-0.002781268135618337
S,0.0,0.0,0.0,0.1991005571555116,-0.19889853693318646,-0.10896732133088402,0.36186044649168997,-0.5980099246372784,-0.14450397273549834,0.34210908475513085,-0.9595261259675146,-0.17648803054295004,0.15631551180929773,-1.1390977801095459,-0.17669029357804242,0.3372617818119328,-0.9365708180962871,0.02823089469440558,0.4073828996330555,-1.1836920550555297,-0.09116990560335649,0.34321884467208424,-0.9003377480040617,-0.14907803741603862,0.2988059825344427,-0.827609116661172,-0.17408724569977682,0.16529561473546361,-0.9859510804832079,0.02403802494424347,0.21870868047356593,-1.243079412803179,-0.10795794865755991,0.1959601223950858,-0.879035931735126,-0.1276959134636147,0.1689752205240348,-0.8349990704460595,-0.1020501345608463,-0.0075593737539444315,-0.9655291332260544,-0.008267420633678383,0.021480019725919997,-1.2052823751202275,-0.1616708248207151,0.047133716436315067,-0.8386871218960991,-0.10802224125548843,0.023437048401387568,-0.7659098435431511,-0.02795473654398001,-0.19144135568301018,-0.913835097423239,-0.04913049075842252,-0.1312278433305177,-1.090407190438138,-0.13418522190950744,-0.10325665711318194,-0.8459666064289793,-0.07155929609370738,-0.12653273120698097,-0.7752504073007901,0.0014252109143951884
S,0.0,0.0,0.0,0.19620385102561957,-0.20223663789386193,-0.11820680668024958,0.36197322417313904,-0.5837542945766143,-0.1611334027461645,0.3694420628152718,-0.9327995457388913,-0.19960018463273135,0.20965303785044964,-1.118106838310877,-0.20540538927573018,0.33585174468002477,-0.949001262548285,0.021079708601321634,0.39104145718995326,-1.189857823330767,-0.10089247957540294,0.33889018240233687,-0.9005213637575525,-0.1584201809004869,0.2992044515801233,-0.8233539969278488,-0.1806990654083253,0.16298995581145045,-0.9863352686257695,0.02402107760931585,0.2052000916358883,-1.2258125583766712,-0.10451492393259054,0.189201282479161,-0.8611654622472862,-0.11975509435893007,0.1653117871653751,-0.8363205474430448,-0.09239268426779693,-0.008605121497063559,-0.962089724657264,-0.0028616722032772,0.015808760672172465,-1.1867405605779542,-0.15021747203927177,0.04188982563693677,-0.8332690835504382,-0.09332395106749783,0.021277247163164495,-0.7749798105191228,-0.013494933449131193,-0.19260578898718855,-0.9111203243206095,-0.03998432527549968,-0.13896001166153923,-1.0834841126786894,-0.11918416608253143,-0.1065619221126166,-0.8461628211137309,-0.05510125330940833,-0.12167511869149293,-0.7773724507987515,0.018315973814024774
S,0.0,0.0,0.0,0.19595247617662762,-0.21930906601922348,-0.11626512318485907,0.3621213270259999,-0.5818651796308126,-0.16411207215019807,0.39066955646342955,-0.9172847558150863,-0.20970255274431557,0.23955632813429426,-1.1115343040830747,-0.22422757107606273,0.3322240849683149,-0.951238131687211,0.02247915859508024,0.3700109918613445,-1.1736461064324792,-0.10562888345627178,0.32501777432530765,-0.8906804143681536,-0.17005107871134575,0.2901637336585389,-0.8168642695937499,-0.19590425976583034,0.1617531787933689,-0.9865441585610606,0.023801940242114412,0.19109424462916855,-1.2111186240903604,-0.10799615708133307,0.17868207162740185,-0.8484447592239445,-0.12596497582801222,0.1591702587120707,-0.8299996536030411,-0.10107966626224502,-0.008763372530920088,-0.9617302315590077,-0.00506082733794382,0.00988052102299137,-1.1833564504312897,-0.15174586472341514,0.035162310805809574,-0.833540294915662,-0.09181439347846125,0.01852233853663945,-0.7751240958532781,-0.010863267651170894,-0.1945310266889366,-0.9088648795710695,-0.04486538052166422,-0.14725637859063131,-1.0717633216224094,-0.12167653342401569,-0.11317665165293403,-0.8379154486325747,-0.05607235516616986,-0.12160992375599709,-0.7699327870203962,0.018111298437611563
S,0.0,0.0,0.0,0.20202721973855184,-0.21394397309447924,-0.11548812208542007,0.38280999428437196,-0.5770772338689276,-0.16172779450541233,0.41830743005704274,-0.9218379256882219,-0.20519957284697432,0.2574207044633602,-1.1114780953204304,-0.21776681680977386,0.33351059709176206,-0.9532953666113092,0.024639916260103964,0.3782710526151451,-1.1832838811058908,-0.1013490825483655,0.3369584905106473,-0.8923308675480319,-0.16491455971657748,0.2989339845967138,-0.8165113913625126,-0.18985767020606586,0.16514469553136413,-0.9858904330902656,0.02733648622156611,0.19841630575032043,-1.2176502255490074,-0.10353452993433852,0.19091216568819644,-0.8464421689475911,-0.12269023219625604,0.16698349383411282,-0.8228939901181582,-0.09782152183171655,-0.005428434169390204,-0.9601871323867319,0.0006711618950034424,0.01678391423928497,-1.1910572648010458,-0.1446597566081064,0.0452944190943042,-0.8346448746522431,-0.0847224714304011,0.02454104614078488,-0.7728118261218635,-0.0027949177665986037,-0.19391238083237144,-0.9087017851753556,-0.036472369933846796,-0.14174697145144094,-1.0784219470256047,-0.10983801638259658,-0.10542320736631854,-0.8431343425338172,-0.041768234703961384,-0.11786789269964558,-0.7727796576230819,0.03440701910931772
S,0.0,0.0,0.0,0.20675726778697243,-0.18363392742774856,-0.1207590548579195,0.4068894326819523,-0.5729283714585888,-0.164327063244957,0.4385860166801704,-0.9370307731445301,-0.20204123849261202,0.25393299917587203,-1.1042656590609177,-0.20847261253061816,0.3323944567833757,-0.9521014366759091,0.013375497110380464,0.3758168505941674,-1.1844156522727944,-0.10935837674728498,0.3356429971638316,-0.8890516392959478,-0.16946435397319465,0.29755615881871617,-0.8144462761028897,-0.19316231022208705,0.16181217366213468,-0.9866301076056635,0.019438395529779096,0.18743881298976184,-1.211566009308887,-0.10952132942009102,0.18467641757593956,-0.8385222367699432,-0.12403768255875107,0.161786399670182,-0.8156579928561383,-0.09636603805712907,-0.010034222024943026,-0.9606497541516332,-0.003372821667671985,0.0011895036417631359,-1.1951642547457415,-0.1460791511274747,0.03723884009672524,-0.8350076477488706,-0.08255102470154796,0.017612284356238295,-0.7703790237960716,0.0005006607277851229,-0.19907339643608196,-0.9100270904705368,-0.03735511900719954,-0.1521328527237505,-1.0798173320364428,-0.11156620741978347,-0.11020365478884847,-0.8423866399054788,-0.044135305662037216,-0.11982837556006976,-0.7730457841344904,0.031211245262184575
S,0.0,0.0,0.0,0.20693866165609706,-0.17980973481426324,-0.11691099169731703,0.40373895231245543,-0.568345031044162,-0.15826774962964874,0.42551633737657696,-0.9282621194520364,-0.19366212655736698,0.23879574188083794,-1.0858559266589336,-0.19798478495237173,0.3265844634542977,-0.9550132145899458,0.012792785343996565,0.37256257965483874,-1.1890745285039246,-0.10684418487130193,0.3313702751762237,-0.8855696806588274,-0.1659349202554955,0.29202999046356853,-0.8094036931481451,-0.1896594295480801,0.15612877664576483,-0.987572878633968,0.01798928819366017,0.18506223991554294,-1.2203697790899306,-0.10831178038060396,0.1838548064631453,-0.8431331431408525,-0.12286954647759486,0.15893283733893823,-0.8119823775690943,-0.09501588399137861,-0.014668281446430419,-0.9604934701303506,-0.0042922989734030725,-0.0024075748207428396,-1.1994219957742822,-0.14430516809655697,0.037546262452414374,-0.8335854309493584,-0.0802455557640521,0.01867926684195128,-0.7604429449868219,0.003414413720144985,-0.2021180853474096,-0.9083803370748391,-0.037113072025106705,-0.15537056948766514,-1.0841480527405214,-0.10833390040882687,-0.11166707476142314,-0.8423466155632936,-0.03834575219874389,-0.12085170900044773,-0.7664312722439939,0.038878827577783846
S,0.0,0.0,0.0,0.21072451216021815,-0.1664461960182559,-0.10574296654856938,0.41707755581953704,-0.5602932654810144,-0.13943283012006302,0.41700352516600353,-0.9189890833968876,-0.16880533411214457,0.2067391675848274,-1.0155257210486675,-0.1682642137045821,0.3257581660901494,-0.9625640251497718,0.0173651364196819,0.3567397450523966,-1.211956494441246,-0.0952770908565427,0.3325894486205915,-0.8968040096846137,-0.15488932843610886,0.3121578200504373,-0.8042457294454192,-0.18082084190267236,0.16006758182099293,-0.9869518851169609,0.01744550698768059,0.1753105765640532,-1.230043763529166,-0.09989586541001143,0.18709758749474215,-0.8653388192396206,-0.11715477099563328,0.1689865287810801,-0.817909958116495,-0.09507603316730429,-0.007452973659104402,-0.9546111366280422,-0.00779600790565536,-0.012427334493499061,-1.2070952590998913,-0.13676949417868525,0.03707671398283346,-0.8494352048894107,-0.07873237312624531,0.025153619738458182,-0.7623896297426658,-0.003311299863439315,-0.1937227487224246,-0.8995077089682691,-0.04327025521990137,-0.16133808092444338,-1.0876312448682723,-0.10804798164976852,-0.11243675842058709,-0.8527561035542108,-0.04175174822833179,-0.11439915300279234,-0.7685296822384298,0.029861201408619153
S,0.0,0.0,0.0,-0.24582091046951995,0.3673034787088379,-0.07997086628577232,-0.36153217010496197,0.8480453540483661,-0.10282745203006119,-0.3385478429694106,1.2462215620109711,-0.13525803691707908,-0.28898081550156096,1.529586838399068,-0.17150749240892546,-0.17279832866556485,0.9776406716593861,-0.09356984435719486,-0.21499226692058643,1.3616183436186005,-0.22187423150094832,-0.2326970859817383,1.6264842785762121,-0.30210343305937565,-0.2395607403831565,1.8568693142600132,-0.34991517594324856,0.009133578359180989,0.9927914588871811,-0.11950605385092108,-0.016873068763292306,1.4068012926613365,-0.2684385479360051,-0.08988879279093996,1.6560618677902026,-0.34412929456471936,-0.1600683364742962,1.8479767377539222,-0.3872964553690142,0.2147375495148815,0.9157374842967807,-0.16001404300809213,0.2002206167543598,1.3567346272053733,-0.3441201406579518,0.0606168644637954,1.155671483647528,-0.34953989638085303,-0.05400498842109321,0.8942579492195477,-0.30839342222664734,0.4202298368850037,0.7797712924961486,-0.20743584170969778,0.48559522160053675,1.1330388624683152,-0.3501894563804734,0.38946683205215565,1.2515392776962262,-0.37379909637798664,0.27234287049738093,1.2651049389146731,-0.3655195254745916
S,0.0,0.0,0.0,0.17397189589560363,0.3515074955327008,-0.017117032323227293,0.24768109459101648,0.773558786654614,-0.01765136364460186,0.27848509830277013,1.0936200601524197,-0.040772350234058514,0.3238445768495071,1.3327411914139928,-0.05767884028039716,-0.10962294635743859,1.000986607128342,0.13862186959913972,-0.17360196635089112,1.3417469861668447,0.07930077472707113,-0.11308974624409206,1.5105903468703632,0.0022225676758856087,-0.023907986422072862,1.614883212755878,-0.04504286143530519,-0.22267179401640805,0.9695735461084112,0.10170747679632584,-0.27760301530472054,1.333862033719785,0.04535413156418108,-0.1995482498261011,1.4808287043956532,-0.02654566168103728,-0.09042750861751025,1.5384684436951028,-0.06822435968067082,-0.3256183226943737,0.9148453439228244,0.042900066771688145,-0.37694696816254014,1.2797145177517948,-0.014554333542562777,-0.2787028556343688,1.4335779426287871,-0.05480447689459407,-0.15885784218633323,1.4870091806735493,-0.06794326826476275,-0.4302249286270229,0.8321992516945409,-0.022681436241430087,-0.45152498545001685,1.1768741043217148,-0.058280539988379045,-0.3701270369794163,1.357451305942479,-0.06763343154543167,-0.26135006495928836,1.4469226719618529,-0.06509019471113638
S,0.0,0.0,0.0,-0.21692318169136324,-0.1880043374822668,-0.07030446430981828,-0.3703962918132635,-0.5532482046264755,-0.09573471359789931,-0.3572046469566006,-0.903695109534313,-0.13821302487834117,-0.1797186791910347,-1.0268846243606213,-0.15267254707056685,-0.3351038643032193,-0.9223662211065728,0.09068773258161245,-0.3709318720962298,-1.1830842117834826,-0.03389723522625364,-0.337947244011459,-0.9075028896191897,-0.09481928945810168,-0.30962305405673907,-0.8032211381180798,-0.11424671912554964,-0.17956387691655606,-0.981156922147878,0.07132957470782307,-0.19920881934884077,-1.2355869156089252,-0.04212086973980354,-0.18093859228738585,-0.883982018514528,-0.040745122909853236,-0.17381555245758293,-0.8363746252355866,0.0008002092691956967,-0.015365994045316758,-0.9713743080690725,0.018359785323465792,-0.02570892118427519,-1.222364666164664,-0.09683616736754454,-0.032552605185421274,-0.8859860852012553,-0.02475710341058663,-0.01703287646751884,-0.7847140813700375,0.06586087297798,0.1657512436254904,-0.9163020644209335,-0.047230890596172526,0.1418472813749063,-1.1720293721155712,-0.08535229074932803,0.10540647009533899,-0.9676323634342615,-0.013324096354441522,0.10544917417105723,-0.8636294339608621,0.06216815479920199
S,0.0,0.0,0.0,0.36791519935052514,-0.2831098116857783,0.18872704749997551,0.7519801757992269,-0.294507567630984,0.2119971317458922,1.0106328532044626,-0.10704727701454449,0.18919646620325153,1.1723913966303772,0.1482410207386315,0.16446906590866575,1.0053170201389647,-0.37562930865705946,0.012178338122015044,1.5285276820493163,-0.029302369317311536,-0.018046966135194485,1.5952484441048254,0.2686861896665159,0.013907079609063299,1.5225223681510296,0.44042541157342036,0.06349180058675467,0.9852526373054189,-0.13069341276763038,-0.11043764096478391,1.4939645777516668,0.3356937636721724,-0.10329958496897766,1.4834431077909909,0.6354145158812331,-0.0468114023628864,1.3751278200494783,0.7610653217042956,0.00332348794307693,0.9029719495702604,0.17642406868207772,-0.2106435566809651,1.3687673876708115,0.5962465702471357,-0.174595198114667,1.3754289725971331,0.8679390020121719,-0.09412508747096937,1.2839514332500066,0.9789163575120277,-0.03976595879489713,0.7867991465471397,0.48772598553078056,-0.295977966157378,1.1932501730890028,0.7791027742954171,-0.2275980111221709,1.2453729616502913,0.9853734002317969,-0.12827497381980124,1.2111578055342682,1.085892686307325,-0.050954688148515566
S,0.0,0.0,0.0,0.37539437781689033,-0.1487212546086459,0.17163352515539043,0.7016354585788757,-0.04605496482245604,0.2204814710928357,0.8766417100020185,0.18806572668585694,0.21396341880564052,0.9343532550622207,0.4330330324785445,0.20879467647744035,0.9733744598561853,-0.11858973667256864,0.22237241309687056,1.2094229880041212,0.35634644967616197,0.23402076047850265,1.185365234130009,0.587403783268818,0.2295785932385191,1.1158892441167205,0.6815173817168646,0.2295666218894302,0.9903713240915843,0.08360234536954739,0.1103416887028336,1.236131598973408,0.5753673884879655,0.16414475171690504,1.1774237761787925,0.7668109150778343,0.17956675025049282,1.1014092232392556,0.8111897275964609,0.18166179762781598,0.9522630470247249,0.31923314289262084,0.0029156752350986957,1.1929706771498023,0.7814556747932729,0.0691971731160774,1.125957924999552,0.9334919716533692,0.11070659013188733,1.0454771191193903,0.947733382705991,0.1253219321976879,0.8639591075174471,0.5615960061040073,-0.09841615737698454,1.0710524968520594,0.9107821998582336,-0.007932421103825277,1.0526108991566516,1.0548711552371859,0.07200284569970394,1.0085360690176195,1.0952426301495435,0.12280255565325719
S,0.0,0.0,0.0,0.3653363689018194,-0.15360251344070205,0.14349143826303357,0.6720504110574428,-0.06300260140681047,0.18003171777965152,0.8464514196858967,0.1482215266481258,0.1702107944240836,0.9119820779255258,0.3819265810843949,0.16619920620274078,0.948255779563803,-0.06664088642569485,0.20855436786009934,1.095762144328419,0.3918726968168279,0.20767658566135133,1.0514662079752701,0.6219269711139458,0.1880233463405604,0.9719020596617907,0.7131714843521932,0.1720590845578248,0.9759240183735756,0.1925431882488827,0.10246673128644432,1.138277893547075,0.6566597304204874,0.1421701711706958,1.068860517897373,0.8574548430950296,0.1458684396575525,0.9938504734176322,0.9242816863105786,0.13819629799986438,0.9466372939857054,0.48131203268004913,-0.0028234493486721146,1.0967790266160202,0.9351965413672317,0.042729553848753044,1.0146515411301447,1.089123192927798,0.08460003576289198,0.9415877953837386,1.1126860497228273,0.09994709258152595,0.8552086614752901,0.7753317676516014,-0.10571138963784592,0.9741614714088715,1.1216119756358236,-0.0437550420904038,0.9148305978428362,1.251220183128752,0.0288192377534342,0.857283586446666,1.2818405778533424,0.07804540919734425
S,0.0,0.0,0.0,-0.22806461806438322,-0.17962140117616027,-0.06665926711954481,-0.3994450149459763,-0.5361720750320438,-0.08868402996963244,-0.3907317200179888,-0.8994895522441585,-0.12534502877997006,-0.20759509631911102,-1.0545708902568691,-0.1316553339454795,-0.40744088818118834,-0.8795620504952317,0.08354598011122215,-0.4840738174655474,-1.1473032152085392,-0.0409008551913076,-0.4089253328661396,-0.8905467614490181,-0.10811678796070476,-0.3598847438068782,-0.7846986668178775,-0.13202385048352858,-0.252984238997157,-0.9650770269544511,0.06800960861368922,-0.30185050464910573,-1.2201296041936305,-0.022747968817672902,-0.23750216384955639,-0.8896214096714378,-0.015583369442592861,-0.2348413057375239,-0.8661181214943663,0.017348317314443668,-0.09274292812799112,-0.9776094422214094,0.019321142728238927,-0.1261087877173435,-1.240130968747099,-0.07898129807073835,-0.09647524619301143,-0.9196314538125946,-0.003382962624132616,-0.06869923738825033,-0.808877143697293,0.07943531735213481,0.09199387662110531,-0.9430303276601314,-0.042365306598873775,0.047326828222010196,-1.2204360180178244,-0.07113995714466341,0.029589331670518755,-1.0276102477397138,0.002908298032053034,0.03863150477931265,-0.9078565366506084,0.07360125093072034
S,0.0,0.0,0.0,-0.22910166782520794,-0.1745331442190792,-0.07057846946049855,-0.4094393932188173,-0.5325081633253531,-0.09243789260607649,-0.3928680329399971,-0.9029669453621744,-0.1296730453877329,-0.20790702871813233,-1.0535664307967139,-0.13755711230747295,-0.4183597730934292,-0.8781643285805444,0.08439374585319823,-0.48739297079104626,-1.157537236946673,-0.041450484673682154,-0.411304722409052,-0.8865366496932714,-0.1072980822857094,-0.36425867389796823,-0.7814196708353781,-0.1301907070014163,-0.2614169306839014,-0.9628742639018291,0.06733751010632219,-0.30696824038641696,-1.228784329935159,-0.03175048961762397,-0.24391945848861812,-0.8894738879000257,-0.0258143770705242,-0.2379430515182662,-0.8567432580221952,0.011014813236326764,-0.0942704754966436,-0.9788258499912709,0.01585803269517067,-0.1291139802027571,-1.2503828688737268,-0.0887665439307525,-0.09744160792758322,-0.9200708928005014,-0.015326207680932138,-0.0735137737462917,-0.8139775648231293,0.0697341068193904,0.09062026944853986,-0.9489245211412516,-0.048810482347356875,0.041113690102796335,-1.2252202188038177,-0.08114873646223125,0.02833742287787877,-1.0205438426810676,-0.007639887890097298,0.04197391119501426,-0.9030737904280084,0.06471666616819845
S,0.0,0.0,0.0,-0.23377315692250855,-0.18133238842738936,-0.06859672831846762,-0.4140888067493551,-0.5312274691611572,-0.09052637086509403,-0.399748152675655,-0.906686419853884,-0.12852875137987071,-0.216315429999426,-1.0718668031542167,-0.13766307269556755,-0.423386320455864,-0.8700549684487,0.09315305271898877,-0.4950607290387221,-1.1484203148668806,-0.03142113578157856,-0.4142144833855702,-0.8801569587626092,-0.09800294907637659,-0.3631459283951721,-0.7743112919962902,-0.12077116463974719,-0.26823887838733407,-0.9604166525569141,0.07515156427431693,-0.31660684705534176,-1.2253486644538374,-0.02361596220194521,-0.24886640945726446,-0.8881113034195689,-0.022020951809816818,-0.23952980447146768,-0.8497388287298405,0.012070999255778174,-0.1023694656221707,-0.9803599637663039,0.02284145158719424,-0.14002167435754398,-1.2569064696804233,-0.08321538829061947,-0.10507882008197149,-0.9262384529313366,-0.012607224604978203,-0.0802160357767824,-0.816634725937032,0.071347996499824,0.08172013668171764,-0.9528144947526038,-0.04211490686961355,0.029553737819730898,-1.2314204169409813,-0.07519821673239788,0.0183867841495218,-1.0252612301056911,-0.0016094832141930265,0.032096132329676105,-0.9053770446672704,0.07137063610462184
S,0.0,0.0,0.0,-0.24940664628513298,-0.18181720395821288,-0.06000964817136839,-0.44635888265995616,-0.5546920552335007,-0.07715638710012283,-0.4187520768947081,-0.9516668792637737,-0.11656150187717183,-0.2201422717620737,-1.1299216945441375,-0.1321314754438993,-0.42646995366409135,-0.871024509591111,0.10396619917939291,-0.5084894592196165,-1.1603324498393,-0.023318096827574634,-0.41969595441431284,-0.8945655126940683,-0.08796621288993119,-0.3518395415073198,-0.7897541523039583,-0.10660502085898933,-0.272335020166346,-0.9588246487224071,0.08055389371935082,-0.31824296257125767,-1.2291154857752822,-0.036034385328465944,-0.24771873996140437,-0.88096101047799,-0.04466059667035318,-0.2196026423083182,-0.8062615803587564,-0.008773706304050742,-0.101420378959694,-0.9901694218282512,0.023352798326997774,-0.14322061493939148,-1.2810048585203806,-0.09756027257621194,-0.10526945763546246,-0.92619204594337,-0.037435794226715155,-0.07581509410584555,-0.7970099500224623,0.048742541292839614,0.08407715096387189,-0.9776608641809387,-0.044542570503261686,0.0203212393101876,-1.2607841123972945,-0.08388396157861956,0.01154723602730536,-1.0441365386191166,-0.016198835931616393,0.03334174338235606,-0.9236569630913983,0.05703689403036453
S,0.0,0.0,0.0,-0.25793469257509594,-0.16135304263210776,-0.05977324316594039,-0.47645886323051195,-0.5560380127928942,-0.06906046701036497,-0.449174504982856,-0.9625365358117904,-0.10124670246609378,-0.24887975865481937,-1.1665612485345627,-0.11077243292698853,-0.441317095873248,-0.8597373605711196,0.10496405039477064,-0.535763192569584,-1.1550124838956366,-0.019084841859315364,-0.44360591661612664,-0.8998479739185752,-0.07703840645318258,-0.35823827314895107,-0.8022052111564446,-0.09084953261249276,-0.28190949207431487,-0.9558607759793545,0.08280830406757582,-0.33474405152792525,-1.2264608123826364,-0.03646427591370488,-0.26764777515563853,-0.8724354354375023,-0.0429777923261725,-0.22538475305683073,-0.7915194091593147,-0.0028743293232912533,-0.10753694402107866,-1.0015930921327687,0.026769578706054096,-0.15430273780569675,-1.2912006499990034,-0.10205814312186619,-0.12264339611716607,-0.9184748745660912,-0.04536726529887985,-0.08810921090606792,-0.7811858088127203,0.042452388615835945,0.08035489476706743,-1.006495104086882,-0.03942365420221367,0.014220166139648209,-1.2897828276617895,-0.08707320745501193,0.002103802179659066,-1.0608284314991148,-0.023832029081711854,0.03046064091241787,-0.9325488290021783,0.04865892292398932
S,0.0,0.0,0.0,-0.25203453745068066,-0.14532874993831998,-0.06231547664235607,-0.4841960805248765,-0.5553061075511657,-0.06944502915595283,-0.4563009016248282,-0.9703833960486891,-0.09786021024083692,-0.2510399137798206,-1.1771868058932717,-0.1018137163462154,-0.4511675780989226,-0.8528637594529669,0.09505379881871856,-0.5524065132045417,-1.1481562771914744,-0.03367602570922511,-0.4585588802221444,-0.8730549777497248,-0.08834914623395286,-0.3727998195143233,-0.7850900150636453,-0.10081597453809783,-0.2911242017909444,-0.9538886238764284,0.07309714338275618,-0.348454596401957,-1.2247593936997556,-0.05269691764866206,-0.2794777230998225,-0.8553705927337196,-0.05225033455224029,-0.23825410997251767,-0.7919520040702603,-0.006150503300984131,-0.11631730274579566,-1.0044625740789928,0.016442355012301305,-0.1656803721724049,-1.2886834435932304,-0.11901285212151981,-0.12986199407814727,-0.9020087828829867,-0.05450187810931985,-0.09336184955881974,-0.7816784002181932,0.039261683184271645,0.07436302682590859,-1.0183491424524873,-0.050797503095959574,0.004395902698789157,-1.292826118762708,-0.10487126732721921,-0.001590920835644258,-1.0512633545885242,-0.04051888662085105,0.03304321108935192,-0.930772965517847,0.033358080372898426
S,0.0,0.0,0.0,-0.2536600446521873,-0.14549016554901834,-0.057448738186631876,-0.4763367057508258,-0.5463654957729077,-0.06558621299576267,-0.4508570426204835,-0.9517852075487492,-0.09396388715407351,-0.24241050927701882,-1.1529860009905826,-0.09687061196390849,-0.44876111709799277,-0.8557564083637395,0.08627703698379272,-0.5499405166833402,-1.1335050551324202,-0.03734353490768572,-0.45439649607174,-0.8667168844436159,-0.08846307746561326,-0.367139103932241,-0.7834660388518445,-0.10033394417484298,-0.29113517727389665,-0.954557504311481,0.06372032263206001,-0.3506212614824452,-1.2125442026439797,-0.056949577881628896,-0.27543283181625694,-0.8449541190498113,-0.050071536239759094,-0.23293030761688005,-0.7827706065975698,-0.0016973241221263594,-0.1212665642918956,-0.9962685051652184,0.008544289708827108,-0.1709364227784772,-1.261720046808084,-0.12058048696071653,-0.13179571123977632,-0.8848075553091267,-0.04682366594873258,-0.09040855111930968,-0.7687654774101113,0.05091953143856705,0.06645337610105084,-0.9937614905565613,-0.05695204647945154,6.170266398481845e-05,-1.2731745372104377,-0.10452295817456549,-0.006868253221647689,-1.0410404690663808,-0.03279120410229744,0.02855457805401891,-0.9226554584836361,0.04486821215407664
S,0.0,0.0,0.0,-0.25009751586746204,-0.14303767014485766,-0.06546595290042766,-0.4779619882686665,-0.5549309274430079,-0.07467961336126233,-0.447023770660919,-0.9716618324725443,-0.10342763156389641,-0.23783682515306695,-1.1722349140660226,-0.10670241404606354,-0.448732348491456,-0.8542641937223046,0.08480501862216963,-0.5452847396072198,-1.1493726673753573,-0.043619009147246354,-0.4533281636781,-0.8749272196371644,-0.09736934502812533,-0.3690524126613804,-0.7836088184613175,-0.11026783668209061,-0.28639193557500037,-0.9559718246912803,0.06401194915036408,-0.34228735154707524,-1.2284088461675329,-0.06104597344931179,-0.2747504797196074,-0.8567162122447987,-0.05825331095999136,-0.23506123348950378,-0.7929124932617656,-0.011588284390726174,-0.11175454709407294,-1.0036086492920406,0.009127309854856297,-0.15952813766819945,-1.2878577850394317,-0.12481813632560745,-0.12491956791807314,-0.9037641058173902,-0.055892964017859384,-0.08870848374532644,-0.7861411820089815,0.03917710624116333,0.07818149114229077,-1.0100627671576152,-0.05684390246596454,0.011095189431160597,-1.2859061784603036,-0.11093525612737251,0.006196734670799498,-1.0465655257021327,-0.044598344976300996,0.04379421910417098,-0.9304360623988062,0.02992636034590526
S,0.0,0.0,0.0,-0.2573091597502295,-0.15792520898675022,-0.057076626771589395,-0.4665620979882665,-0.5583268276365084,-0.064574104583472,-0.4349271611727161,-0.9615958358574455,-0.09355917398982454,-0.23189142551799521,-1.1636214728392946,-0.09766748325778996,-0.43816718940505944,-0.8588341340195873,0.09545453799167675,-0.534244611478184,-1.1439983288122448,-0.030649537815764103,-0.43427081345695845,-0.8830304633898841,-0.08775277896960859,-0.3437459828808702,-0.7890706283865137,-0.10192180948001879,-0.28061698004248015,-0.9569675613773845,0.07394049623352661,-0.3351508970563529,-1.2197228725424485,-0.045621148188136076,-0.2584310106720671,-0.8547193689934015,-0.04410066034452912,-0.21631379160227898,-0.7788797283166395,6.629275485835023e-06,-0.11031717695192463,-0.9997051234770837,0.019113965829972414,-0.15847216541654827,-1.2818407929733808,-0.10951395944911847,-0.12078214547744937,-0.902307923083425,-0.03946941314151616,-0.0817369327727213,-0.7655396970901656,0.05618245149805988,0.07574441516884027,-0.995509101974097,-0.04602075962197966,0.014958274620390946,-1.2843866980818655,-0.09428756181898086,0.004345745906971053,-1.0548475787058362,-0.02528244484576496,0.033493801689194955,-0.9274155841741621,0.050934559492344794
S,0.0,0.0,0.0,-0.24691461047198146,-0.14707016162465777,-0.05977591103045716,-0.4665649081734621,-0.563506876902094,-0.062099012430461016,-0.43269620155418204,-0.968754478105239,-0.0849337403795597,-0.22731311326948953,-1.1692707974716416,-0.08190889872761481,-0.43877788881089486,-0.8555965819825335,0.09765836977837869,-0.5340500346707534,-1.1428547988686575,-0.021343606117000476,-0.43839472832259274,-0.8695425200022371,-0.06845516006781206,-0.35224669013993637,-0.7846827209921848,-0.0777370639858484,-0.281946595487331,-0.9563250199193813,0.07712699637155662,-0.3388191225339337,-1.2210804420784211,-0.0451878182552734,-0.2674345890919054,-0.8487588228980805,-0.041460749763190224,-0.22634417450380373,-0.780704080242768,0.006949184720564894,-0.10985313691109984,-1.0021643382138363,0.023168565966937473,-0.16149978063113776,-1.2865563412003258,-0.11010923472802646,-0.12411955793182153,-0.897949218673046,-0.04163912437322798,-0.08635183856583761,-0.7734677869467169,0.05478555798629442,0.07921094119382874,-1.0055599600721021,-0.04097579071247793,0.008933315829117591,-1.2821492071887852,-0.0945964703944201,0.0012716828552084259,-1.0449228017795618,-0.02888567543979084,0.03617594770779059,-0.9266935479593186,0.04624337283696335
S,0.0,0.0,0.0,-0.2512194617473323,-0.15766022170863034,-0.06783794731686038,-0.4715234705752071,-0.5703704334386563,-0.08088942285517171,-0.4286508735548252,-0.9704196697085735,-0.11325388783638107,-0.20632644530881467,-1.148809562416386,-0.12039984079063822,-0.44476669431889926,-0.8555377747588225,0.07805757793671228,-0.5404522080947971,-1.1601140047914833,-0.04797093908673538,-0.4490112527880789,-0.875296382174476,-0.10319336477985679,-0.3638612396356153,-0.778470837354814,-0.11783316065830567,-0.2825803017073634,-0.9574577084770994,0.058507346246067016,-0.34017783368439575,-1.2419232156893842,-0.06627625907456655,-0.27736547855517635,-0.8719148359933317,-0.06742285608198945,-0.23337122520301806,-0.7905815700809407,-0.02328032086375508,-0.10745891075694428,-1.0051161190697795,0.0058169908947785735,-0.15914857337964136,-1.309091176460231,-0.12353354056789835,-0.12970749137207374,-0.9267317947062986,-0.061392667568164826,-0.09138423336971242,-0.7884866531892023,0.02919940288278184,0.08056152800890382,-1.010634724145156,-0.058194331745610686,0.011132678763037416,-1.2994684196822772,-0.10994238276186952,-0.0030018687084401217,-1.0696710759608845,-0.048919037400984466,0.03155736948824837,-0.9373583699891506,0.021766835004425746
S,0.0,0.0,0.0,-0.24434770053654276,-0.16419892733703115,-0.07286177662189192,-0.4519121895128601,-0.5668360063447688,-0.08956752867446285,-0.4083415199554405,-0.9615541875151674,-0.12363978980785735,-0.1901248043978296,-1.117354319601799,-0.1300281780684626,-0.45063508761953036,-0.8451528850464936,0.07540722133131406,-0.5442851584243883,-1.1486777630955496,-0.05213844615729852,-0.44485269778931236,-0.8713297338881174,-0.11221859307163766,-0.37170908830432275,-0.7733401149420221,-0.130767043912228,-0.2909119221275257,-0.9549653416958971,0.05840761700075753,-0.3460296556902643,-1.226588655372548,-0.05379732041840154,-0.2724163845040594,-0.8754551194430503,-0.05111594529358556,-0.24137619465156962,-0.8196206892105192,-0.010983531465326225,-0.11685442955844663,-1.0012370581368355,0.007068450443145935,-0.16110104977888942,-1.3063299685043666,-0.10866378693939607,-0.12621695644721603,-0.9479881293483375,-0.04209302382264928,-0.09582555325323654,-0.8240234231883409,0.04384301408787211,0.06866233610281558,-1.0017823066332172,-0.05741599517810173,0.011597455202096452,-1.2845538852344403,-0.10323216708049641,0.0007109882920325263,-1.065973998746929,-0.04160277074799495,0.025843991366035025,-0.9398160944834365,0.02605609036655113
S,0.0,0.0,0.0,-0.2224604742588355,-0.1788886103978479,-0.07839448035483922,-0.41132480592133613,-0.5702217155740891,-0.10158979241081197,-0.35827506183038876,-0.9353004158729072,-0.13978232937977572,-0.14616718621782246,-1.0574568839721679,-0.14974180796640307,-0.44078172351395944,-0.8625232010165538,0.06820366250278179,-0.5022176508658512,-1.1538849500791806,-0.058763526535474356,-0.4135599874233404,-0.867892286161779,-0.12693204392889818,-0.36012353765396404,-0.7668821546773702,-0.15475925980487754,-0.2791436640790683,-0.9587698216439516,0.05328455601145043,-0.31875434631321636,-1.2301735129774953,-0.05665293523356757,-0.2542879014403424,-0.8892130750450521,-0.05991859948093074,-0.23540925530925913,-0.8317043082925722,-0.026857957306594307,-0.10445513852288607,-0.9930021574531858,0.004491500649328384,-0.13995456859809652,-1.2884513439555505,-0.10010171503369282,-0.11121133655862454,-0.961063216903999,-0.03965454446391986,-0.09120999652242501,-0.8475325913033404,0.036408637987328483,0.07565369272537104,-0.9840115339382748,-0.0584757948772897,0.02439950285977797,-1.259852134265523,-0.09883773345546898,0.011285152809205874,-1.0492011146496967,-0.04101400936321962,0.024882223437836384,-0.9190143610375276,0.02085393926218484
S,0.0,0.0,0.0,-0.21987989290950827,-0.1857169917006474,-0.08185213888922456,-0.3909695060487319,-0.5530053957750553,-0.10914745348185946,-0.3358243983312205,-0.9065727422744843,-0.15063293751975937,-0.13461967988636467,-1.0051521157041006,-0.1637404884859716,-0.42415384329396744,-0.8733291147070678,0.07268306900181647,-0.4721892204390691,-1.1475183954389778,-0.05782897736385703,-0.39424780478593296,-0.8630583890194948,-0.1339433161310493,-0.34877267496848186,-0.7496004284941683,-0.1655613740940416,-0.26638028922128715,-0.9619953286998021,0.0600543843040876,-0.29807634816390244,-1.2166817420694147,-0.045845645019096944,-0.24234964799373682,-0.8859391628602573,-0.05264426102784751,-0.2330259255752129,-0.829748721154757,-0.024450039589536555,-0.09890574384925206,-0.9866055556306406,0.012357155829162518,-0.12522480908122371,-1.2638089739104659,-0.08748794625817274,-0.10267843265756141,-0.9522540199813643,-0.03099281785807663,-0.08991733100663107,-0.8324222586057132,0.0407214635287336,0.07292965032712671,-0.9643384822323904,-0.05010672075339372,0.03452812959349507,-1.237371510465893,-0.08298275972527376,0.01534761915210103,-1.043249705124645,-0.024538556049857843,0.017005923855560025,-0.9113254545005034,0.03624528934675562
S,0.0,0.0,0.0,-0.21848865075962745,-0.18378406868054417,-0.08613031492212875,-0.3918239289676918,-0.563650408466853,-0.11398865489358251,-0.3343008399548645,-0.9184105294241202,-0.15581457427000914,-0.13146344147537636,-1.0291365592775317,-0.1683197158291681,-0.42439451746606643,-0.8789128480993703,0.06787615238873923,-0.4679108083987097,-1.160216810853591,-0.06532741980501407,-0.38779112714130515,-0.8689279772885455,-0.13931806709381428,-0.3423634945752236,-0.7636572887723091,-0.1699997081736458,-0.2606115238765722,-0.9638234168281308,0.05591113302803144,-0.29159184664560206,-1.232276233579473,-0.06149930501945281,-0.23398876512854022,-0.8941963929003669,-0.07009339025640181,-0.21978917405427936,-0.8330861745847454,-0.03991703880954347,-0.08643835183382993,-0.9904594462220265,0.008926473265425632,-0.11788093543378199,-1.2814972434028151,-0.1022694765514331,-0.08968339337657963,-0.9555766319964115,-0.044320456828684414,-0.07103297513122259,-0.8371068116524236,0.03189150304746292,0.09174992784081396,-0.9762384746627629,-0.05285955009888662,0.05727905658055419,-1.2484966491155485,-0.09582464844186768,0.04172475374103092,-1.040676307428731,-0.039501075483592274,0.045690096450943275,-0.9126914340004021,0.022100483599281656
S,0.0,0.0,0.0,-0.22192105561116882,-0.18890236501842622,-0.085656666562064,-0.3902658858313744,-0.5538110463608859,-0.11529356385616119,-0.33307968081817746,-0.9042166023226075,-0.1580703251318286,-0.13187684924619858,-1.016947475928641,-0.17034141107660025,-0.4275995985187685,-0.8811956572339316,0.06980727171841583,-0.46759426606808474,-1.1626998042772045,-0.0660317501434381,-0.390048070828134,-0.8690942094650655,-0.14404047978113294,-0.3499870636839222,-0.7643172690103578,-0.17789540630557385,-0.2627405454570199,-0.9631451430850755,0.05760936663926334,-0.2943344089727277,-1.2286717672510565,-0.06015923329925148,-0.23859551278816907,-0.8883994001329799,-0.07113071966964456,-0.23026768230894581,-0.8366893444017595,-0.04378747931718919,-0.0877083155180364,-0.9866072464798069,0.010377242201461552,-0.11881753143770164,-1.2758797600853506,-0.10162333439279524,-0.09253009840702904,-0.9461526244058814,-0.041954180005333935,-0.07575318341124564,-0.8343704070068545,0.03462334485555648,0.09235908967352048,-0.9680196290966796,-0.05153346202482798,0.057358687959925374,-1.232291882089177,-0.09589960942820164,0.041516424145559484,-1.0182202747673734,-0.03736393785086936,0.04513266917397773,-0.8956195436540998,0.026044296350506695
S,0.0,0.0,0.0,-0.21674807248916925,-0.18805768512815638,-0.08777593912297378,-0.37607755259467307,-0.5488877440085419,-0.11998741926967814,-0.31172474314570153,-0.9047069627216731,-0.16430613888416043,-0.11375515905032046,-1.021965762900114,-0.17554805839202395,-0.4301278029600647,-0.8879197761521826,0.0577382994124036,-0.47295318389198493,-1.1867281356200061,-0.0934973233561231,-0.38980683241692204,-0.8838125210848816,-0.17809730841116794,-0.35470726931239627,-0.7761509622423528,-0.2132353546580297,-0.2644945225371701,-0.9634616567626851,0.04224078001098325,-0.2983035120430222,-1.2410756034329444,-0.08668519331408052,-0.2356356079267145,-0.8921746302484074,-0.09742414710118069,-0.23488696509095472,-0.8496068132935767,-0.06844732766942378,-0.09386967793960449,-0.9806989836542165,-0.009793217306675159,-0.11484122354672921,-1.2526031977404146,-0.1245196181830005,-0.08789705753288335,-0.9347431815267652,-0.06101717258898361,-0.08313129784275976,-0.8446198386409492,0.01731008464713163,0.08053142539547432,-0.9514321523245215,-0.07776755692858653,0.05444641790819927,-1.2127995581220319,-0.11728125349186182,0.04428044300063826,-1.0069538034571066,-0.05421971754367559,0.04284484050538532,-0.8914799601918809,0.010827019032941651
S,0.0,0.0,0.0,-0.20077843483747312,-0.17117548370705005,-0.09174085401183549,-0.3563078023300089,-0.537134426262998,-0.12209803584201773,-0.2922930075741095,-0.8932718658293471,-0.1621346414793295,-0.09577615243727952,-1.010932818886362,-0.17016522833210795,-0.41330221658932625,-0.8861383285918499,0.04437257472648132,-0.45851219016323425,-1.1853898480799494,-0.09465074528379527,-0.376844943824583,-0.887525978134165,-0.17173289079199808,-0.34227708377343924,-0.7810510441390514,-0.20490971646170664,-0.2519995240301978,-0.9671361389339307,0.033822014377069394,-0.29172238198046163,-1.2464534217815868,-0.07905127708390945,-0.22876204306700376,-0.9077179108707969,-0.08364513142214855,-0.22637158449901967,-0.8656151747768184,-0.056006950508052954,-0.08652097113993082,-0.9817304892443769,-0.011817102438093778,-0.11224897637860595,-1.2573040951929155,-0.11340878395423964,-0.08499918333738671,-0.9515318064288193,-0.051475670861229166,-0.0788338445851517,-0.855134098898019,0.020114608199879053,0.08316930792645577,-0.947043913246346,-0.07352806584971487,0.049985510833129014,-1.2160293221303236,-0.10900344946368196,0.039095205663096225,-1.022538826992991,-0.05066518682523259,0.03970922892917106,-0.9020254632846365,0.007674637238382065
S,0.0,0.0,0.0,-0.20346193973772278,-0.18213982655915936,-0.0938985063722583,-0.3504460110215601,-0.5469757918785673,-0.1248597761439755,-0.27432741670333416,-0.8981255387367307,-0.16450819678911838,-0.07868993679812271,-1.0201230180292504,-0.1707981628854797,-0.414817991111272,-0.8837814174908052,0.0375326194768367,-0.46610914600430453,-1.198265625036503,-0.10296964438934854,-0.3790487225425008,-0.8956983718807944,-0.1825473935677451,-0.34678189309897867,-0.7847903258124528,-0.21775671847806505,-0.24768506060004947,-0.968455274241092,0.027322015850979535,-0.2915014582378367,-1.2559014096092305,-0.07963256295997595,-0.22353970360110248,-0.913004679663561,-0.0859851998903758,-0.22556104945793085,-0.8733850738431381,-0.06447977705975867,-0.08172574493017774,-0.984330111154173,-0.018095748753889085,-0.10626158509589645,-1.2673019301622046,-0.11203903998357413,-0.0799285118705446,-0.9649939765955214,-0.052480466404596436,-0.07851021349215939,-0.8652802023465033,0.012618818751390657,0.08818351367898812,-0.9484356136955037,-0.08016153209158051,0.05650782233821273,-1.2277768775670073,-0.1064004355375151,0.04579263222303845,-1.0417582034325592,-0.046657325843787706,0.04220213589567093,-0.9156718384842878,0.00857377420297572
S,0.0,0.0,0.0,-0.20416200131168175,-0.17998606053412916,-0.08903245554907914,-0.36071438558986835,-0.5378271699677455,-0.12043159430242811,-0.2879891834162535,-0.894478184375039,-0.1617483998629806,-0.08539786036014324,-1.0099306696340562,-0.16953597514184493,-0.42043723617778717,-0.8840663068898591,0.04070270069648292,-0.4699446803745174,-1.1929450385567912,-0.1027033041214419,-0.380772248617509,-0.8871538655806307,-0.18163464602614274,-0.3486211444686908,-0.784874394587474,-0.21701856070886782,-0.2546948755845442,-0.9666397816805067,0.027167127629472203,-0.29818895935963147,-1.252883625674375,-0.08744846415045966,-0.2295651139917591,-0.9081142960946366,-0.09070093201716903,-0.23306597080254574,-0.875384320128647,-0.06453602811505547,-0.08673626289127359,-0.9817829593680746,-0.02149805580140625,-0.11395505200888383,-1.2658707103110467,-0.12176941750736782,-0.08436806829857553,-0.9561144925740035,-0.054700239409464446,-0.08269052139983393,-0.8673061048514673,0.017423859304412648,0.08528626623275132,-0.948089893367802,-0.08658725601037234,0.053198047373961777,-1.2132706184405366,-0.11899082142560803,0.04239449994655134,-1.0155165554830188,-0.057115853554768115,0.03902850118547935,-0.9007792540860328,0.0013740202431478988
S,0.0,0.0,0.0,-0.19741703539711816,-0.17351405027234934,-0.08891625041008411,-0.35671061012854155,-0.5407266452303234,-0.11941069897117104,-0.28215315735719204,-0.8981686848272976,-0.15973480790618952,-0.07794505013180558,-0.9980699702159916,-0.16702015618811167,-0.4145274574095164,-0.8830020780252813,0.037242728749106904,-0.46515341843152574,-1.1925125738872642,-0.10188503366961801,-0.3738546384831035,-0.893778123378283,-0.17623979396601883,-0.33945399864909015,-0.7914530532143244,-0.20934166837612703,-0.24949899933236142,-0.9680820836969567,0.02381865985123232,-0.29305820420746287,-1.258907208839104,-0.0893507734604137,-0.22244982104762068,-0.9207766031724886,-0.08952552876670121,-0.22357276554972327,-0.8856382191114351,-0.060878293690942574,-0.082745349203615,-0.9823482059215317,-0.024233363275996574,-0.10783731316335429,-1.2690806457992678,-0.12309537189504986,-0.0765785363691248,-0.9672306738149802,-0.056048275786436216,-0.07388520161215378,-0.8794438017607461,0.016022792936318135,0.08872380180992474,-0.9468370706809565,-0.08880792410907744,0.06278060838988338,-1.211126678045671,-0.12103833927862999,0.052729677746706685,-1.023018318522827,-0.06159385732837353,0.049706893012094376,-0.9143335647543352,-0.00534954104772142
S,0.0,0.0,0.0,-0.20011988414662965,-0.17261271800024175,-0.08225672056445395,-0.3637062274725264,-0.5494652255843853,-0.10817176383206302,-0.29230508868700145,-0.9073634018984568,-0.1467369236945274,-0.08336229546717844,-1.0141420765865437,-0.1557218613616611,-0.41674086494479484,-0.8714457176021398,0.05459638343571439,-0.4683738100556414,-1.1766961686693886,-0.07541047502919265,-0.37586684595996,-0.8813531092489132,-0.1478233626681185,-0.3343645950831973,-0.770877111525946,-0.1809070195576972,-0.25439060244449896,-0.9662608697294902,0.040315667147327566,-0.2997142940126584,-1.2634842570489804,-0.07058409307396842,-0.2259683870650249,-0.929794665467278,-0.0759702215463143,-0.21735731516512355,-0.8690272432070559,-0.047920131648016236,-0.08591234913742567,-0.9928293278519603,-0.007296884471577514,-0.11912747155798101,-1.294629963234567,-0.10611185661110165,-0.0829266097344799,-0.9875812620734191,-0.047215804895192545,-0.07506715942022807,-0.8806295142308642,0.022745204524623145,0.08769876983590888,-0.9704643088974676,-0.0700898347723337,0.04892856332809788,-1.2407539827621876,-0.10887882044536727,0.041016699692619146,-1.0441485209982404,-0.05693659351649116,0.04390380013686708,-0.9246164841170392,-0.003255815130100458
S,0.0,0.0,0.0,-0.2004348858471496,-0.17124711110708907,-0.08720481137359552,-0.3577615393921067,-0.5440589433341741,-0.11728954963157487,-0.2832840196496119,-0.9004747136850719,-0.15881907297671918,-0.07618863127057966,-1.0031821201547733,-0.17023917245368572,-0.41046537396651706,-0.8767140016182171,0.043802656321977024,-0.4649573873398757,-1.1817956990768426,-0.0858506699003957,-0.3741954078540005,-0.8893761178685866,-0.15785769739721497,-0.3333293969040977,-0.7802043305303555,-0.19082118904183218,-0.24750190390265522,-0.9683735239897607,0.03155195081469942,-0.29351033755837685,-1.2631392946609996,-0.07441618847105401,-0.2225655524302711,-0.9324765343862341,-0.0789656907658803,-0.21691019614337564,-0.8796285622038175,-0.053942985098409474,-0.08083556958872484,-0.98975787403004,-0.013849901847303687,-0.11190022319419912,-1.2893634329590138,-0.10871005615098095,-0.08015977686921988,-0.991993188409941,-0.05139650479630633,-0.07301578627012821,-0.8838474499962945,0.014740368660450483,0.09126400732107488,-0.9621196240166551,-0.07474366189138769,0.052502441800550324,-1.241738040714611,-0.10815429479703358,0.041446923680278795,-1.0590996962766734,-0.055666677994784655,0.04338560177232825,-0.938072817882963,-0.0038087622255113646
S,0.0,0.0,0.0,-0.19158711979978119,-0.16348976467422796,-0.08723627280652595,-0.3478191377659582,-0.5390440170883322,-0.11509919805962522,-0.27518165663810024,-0.8925202873893536,-0.15278149506348168,-0.07103938251374112,-0.9878488282636838,-0.1605532468140341,-0.405168848904353,-0.8768965106078511,0.038420895836397025,-0.45230143800587924,-1.16511523077708,-0.08637358210606891,-0.362939084042178,-0.8739198857324904,-0.15555279867618016,-0.3261357390300511,-0.7738673049814181,-0.18841839564149246,-0.2450477769237906,-0.9691208518355114,0.02750202833102709,-0.28558493003141416,-1.2476377801708498,-0.07166303180591176,-0.21645485670067338,-0.9174579208903011,-0.07114797674218519,-0.21501919131650504,-0.874478878850156,-0.04534625999926288,-0.08034838779822083,-0.9890507263556365,-0.01591290166453977,-0.10777193251193035,-1.2753980504077047,-0.10634741152539319,-0.07572838424906736,-0.9781188262338841,-0.0454171673149359,-0.0692199147189866,-0.8744718712218728,0.020644519392524516,0.08893542768675707,-0.9590329217149405,-0.07480840688383202,0.053616981139557165,-1.23122771155942,-0.10747389900208704,0.04331073644554876,-1.0476325222924345,-0.053581166566569596,0.04412721498192684,-0.9284307886850935,-0.0015952577608015178
S,0.0,0.0,0.0,-0.19694583975362195,-0.16829035762305253,-0.08447706872205502,-0.35549696762883515,-0.5493066947249333,-0.11016620534579376,-0.2784397050599666,-0.902786149239655,-0.14706440874635318,-0.07272241677491253,-1.0021766986964238,-0.15475315658465047,-0.41284645416144944,-0.8740229137742508,0.04817105123919954,-0.4590477406961265,-1.1641975566368445,-0.07843527859255375,-0.3644835594122812,-0.8728986812571815,-0.14859155787527584,-0.32446400719644986,-0.7711077581863046,-0.18137748608222598,-0.25080070211163186,-0.9673992644513267,0.035180548025072,-0.29170699340670975,-1.2552131462242544,-0.07303559635458756,-0.2169919576270805,-0.9229440180421579,-0.07669866461248324,-0.2113836963685016,-0.8657669731870447,-0.04877923951577816,-0.08226685465944195,-0.9921521860890729,-0.010333082035322889,-0.11320532650141577,-1.2869022572335167,-0.10875374855756412,-0.07483496360592078,-0.9798246957992689,-0.0483784523042496,-0.067518639366826,-0.872949923146597,0.021832933019677328,0.09056295289757307,-0.9689430626515888,-0.0709141968966291,0.053156737041930975,-1.2354981018348916,-0.11030381571238226,0.047968586593027884,-1.0394887893793099,-0.056864572548963106,0.051344373194307014,-0.9221719372331991,-0.002199905458190785
S,0.0,0.0,0.0,-0.1986443163642706,-0.1722563272680235,-0.08806646100099347,-0.35818454990189075,-0.5551289284093573,-0.11457839241571552,-0.28033430458419883,-0.9106750101288329,-0.1518232600801559,-0.07257624875027924,-1.009170350287231,-0.15891495865483685,-0.41742110039453006,-0.8692172519946101,0.0528958375911007,-0.46770082310469185,-1.1640010283616429,-0.07496764813606085,-0.3659761154829144,-0.873673984879893,-0.14613467169175723,-0.32418579276581055,-0.7701278890204915,-0.1792452999509232,-0.25366409493584935,-0.9663988701819587,0.041566220076043756,-0.29825126742124874,-1.2553478836241463,-0.06886538661336926,-0.2156488395777917,-0.9229238598071553,-0.0735964910213209,-0.20850954154882753,-0.8643849599892117,-0.04511685615862831,-0.08348620444216298,-0.9915833797103214,-0.0034582795728224465,-0.11661294416920816,-1.291278087663677,-0.10371015658327952,-0.07249025967581055,-0.9848029207036593,-0.04372938948419096,-0.06465753693093863,-0.8808650968383448,0.027152582816030134,0.0915960030936562,-0.9670478304619232,-0.06412426852046345,0.05541224152684611,-1.2299111027298744,-0.10646892678814852,0.05245701017267018,-1.0315409224748073,-0.05508250815321426,0.05424477447732896,-0.9154999526406868,-0.0012045533402556343
S,0.0,0.0,0.0,-0.24708436683128424,-0.19420554332520398,-0.05215909706990881,-0.4160647480244684,-0.6410608494050021,-0.056889194997501114,-0.3506698130401786,-1.0230481243084535,-0.08446748950609258,-0.145228832891758,-1.06276436746723,-0.09288851041393231,-0.3319457200792436,-0.9206589418652268,0.11681102337163336,-0.36519216492908263,-1.2037184939419472,0.007086026239050442,-0.3220772082628245,-0.9368860667029493,-0.052607830109506655,-0.2926331367423008,-0.8154782729173888,-0.07516475930355818,-0.16650119454060439,-0.9818208649153385,0.09113254870488512,-0.18846028884836818,-1.2585577756814608,-0.014383384634373598,-0.15696092458437022,-0.9291850548412383,-0.023409128832264484,-0.14049201262298722,-0.8413954817110438,0.009525125543303311,0.006135629291875175,-0.9898239573930853,0.03341677557834278,-0.013736288256107487,-1.289395342222371,-0.07152036258869285,-0.008959817351673015,-0.9499454327666953,-0.01486096785459207,0.00226703531330711,-0.8124991612398947,0.06294696971022104,0.19133925201310348,-0.9571320082883781,-0.03610619423835836,0.1644708367329599,-1.2262014262868555,-0.07418067881227562,0.13677875103155523,-1.009160795744328,-0.017123110708666192,0.1398142728917461,-0.8879978548532269,0.04419849429090233
S,0.0,0.0,0.0,-0.23933980799088606,-0.1847867851687031,-0.051603541913504046,-0.4150686495712301,-0.6032261361852361,-0.05922674419637552,-0.35838974951725294,-0.9710339260295543,-0.08551274078469863,-0.16277964854004903,-0.9983933168487606,-0.0900769388790329,-0.35076770188130796,-0.9338780258619896,0.10101723590048123,-0.37635253433907906,-1.2002844929695284,-0.011902923518238462,-0.3274581745537056,-0.915760505593486,-0.0748456276537764,-0.3060781451706893,-0.7978286195307773,-0.10112199793153567,-0.18220854151232124,-0.9805258637599139,0.07327399196050138,-0.19694515351186243,-1.2392412851035697,-0.02848495236024648,-0.1635026999280858,-0.9048436952802644,-0.03585996296730839,-0.15990295735986432,-0.8281596249902015,-0.005693421732066275,-0.005742358990817199,-0.9662483546885756,0.015030510235191018,-0.013102295395187027,-1.242079598626795,-0.08724421997102613,-0.00831447855300336,-0.9108934837997048,-0.029254457554463414,-0.008449208625308348,-0.7941227259964974,0.04535437729731832,0.18072487762518086,-0.9043941867663015,-0.05405608853651953,0.15008235990766972,-1.1542225267496578,-0.0895858630757167,0.13157289761064245,-0.9340811416528131,-0.025857581985738655,0.1349930000824573,-0.8204634758144888,0.03874251813674533
S,0.0,0.0,0.0,-0.2607432715577467,-0.192894509497754,-0.05468251602182126,-0.4090404462204996,-0.6184733403805887,-0.06619142621271143,-0.33859163920537416,-0.9643726673275954,-0.09839307201023369,-0.16903600475304945,-0.9704356459720589,-0.11137533310712094,-0.3230617491662068,-0.9385622850871946,0.0903602432258463,-0.3307816006109142,-1.1877934198401947,-0.016329340784253004,-0.2912067207159885,-0.9311610387135758,-0.07454713130479082,-0.2827952939780851,-0.8139173225999693,-0.0984218217981878,-0.16154119974744424,-0.9848896117433839,0.06242510283630291,-0.17296125294368186,-1.235008289194416,-0.03711796608675955,-0.14124824818255993,-0.91875967346968,-0.044751775592781075,-0.13798170333334456,-0.8230776398290424,-0.016084937954474885,0.010811500653047477,-0.9766823703982613,0.005099287903828989,-0.0018943515800829659,-1.2563976046381848,-0.09717005366009182,0.003944634213476432,-0.9293714138003784,-0.04170335642519199,0.0040002636703331505,-0.7801472922409863,0.031784683785420854,0.18920674008696067,-0.9218559584660915,-0.06338714318538784,0.1717116973408018,-1.191652924127269,-0.10326022146499113,0.1414880448564347,-0.9907604159005242,-0.045127396247699327,0.13137907681384292,-0.8576894871582623,0.01612008591020734
S,0.0,0.0,0.0,-0.2734231887872804,-0.20524209300190782,-0.04761667179950356,-0.44239527850343724,-0.5999715288085637,-0.06054950008980318,-0.39008569537755894,-0.9716027843295307,-0.09993415035111679,-0.17633741276637374,-1.0521668930711259,-0.11889042139422311,-0.31396010819186687,-0.9371492334407798,0.11782632846891401,-0.34080043693896717,-1.1993787057158438,0.0036861154022678057,-0.31279911779933584,-0.9574643538998014,-0.05463466176862636,-0.2883979745816864,-0.8359018044299604,-0.07383823758665599,-0.14665188356397735,-0.9852045054863701,0.08868656841086368,-0.16486240486762413,-1.2237838294719818,-0.011655969657337768,-0.14823392647219963,-0.8794097535342906,-0.012400106622196963,-0.13214591674712672,-0.8006037159585283,0.02313492409383943,0.027073411389715137,-0.9812575804338188,0.027019648049512235,0.011944269158359286,-1.2486595413338926,-0.07963967202484808,0.00018222020637058528,-0.904832126015313,-0.009239649764561179,0.01364970875973059,-0.7704400798554363,0.07802356963183307,0.21872218659381532,-0.9250857692687873,-0.04559102344614939,0.1934378061137337,-1.2063882128533783,-0.07940889754170415,0.15532459236669774,-0.9966052099999977,-0.006471871560318831,0.15608133696160084,-0.8705490748584938,0.06734675644926276
S,0.0,0.0,0.0,-0.27189965996297216,-0.20551871855780726,-0.04490364543820659,-0.436965257694636,-0.5967022295023345,-0.052740763100771804,-0.40190614873045866,-0.9831635198943891,-0.0855269145800214,-0.19335912091032648,-1.0817093131084115,-0.09385397916273698,-0.31335215783481346,-0.9369529376111045,0.13592476068949366,-0.34035414472641007,-1.1857451196117654,0.025410412531772075,-0.31118764273671323,-0.9396744359335795,-0.033213636777211425,-0.28772261959503315,-0.8395036162804803,-0.054938808310159744,-0.14579883291018256,-0.9833006335503306,0.10891540011195407,-0.16253807040252236,-1.2110077093433005,0.01333635288729233,-0.144760093092444,-0.8540020186333745,0.014102725044943303,-0.13397644300984973,-0.7964682976084724,0.0485187105518341,0.022579798134900003,-0.975218800404191,0.048927355579802656,0.008576273299383154,-1.2465452946698383,-0.0537333268333231,-0.0030856039638506886,-0.8943882227470489,0.026718008283125545,0.010223823991349922,-0.7684907700164691,0.11862951037445094,0.21355659660850151,-0.9146202502117928,-0.0223808054394638,0.18781246896566958,-1.1934462272794455,-0.05502474352863384,0.15215810741541133,-0.9748492277111429,0.022391016272126685,0.15224907915523853,-0.8588539176515145,0.09917927813266157
S,0.0,0.0,0.0,-0.27697112823096987,-0.2012713064593342,-0.04154778969472171,-0.4425135182330965,-0.5931538978535736,-0.04828306365094496,-0.4055264871715482,-0.9809977765493726,-0.08078951046390477,-0.19668869268740138,-1.082636515213365,-0.08967787038556187,-0.32046211734143787,-0.9330235042872621,0.13517642349049652,-0.3476360742471386,-1.1801303980603324,0.02666222242881949,-0.3206766011587019,-0.9428807498030174,-0.030787043460129778,-0.29767892546538355,-0.8453090726206899,-0.052597452471136306,-0.15180399828073635,-0.9827358426464433,0.10576298825188042,-0.1705810016437549,-1.2105082069864144,0.010387115073370931,-0.1527770867467661,-0.8548054754848596,0.011961885517654229,-0.13893321118081978,-0.7957459499499536,0.04634390427625678,0.016887523997407942,-0.9764087897951644,0.044022205544321444,0.0014139230330703317,-1.244573555311769,-0.05876698346795517,-0.010252590174831093,-0.893131272340232,0.023450464270674976,0.006567687871672355,-0.7651538769646172,0.1159774023400001,0.20991416921463774,-0.9163065125052198,-0.02883839425046349,0.18618777596184455,-1.2004268083009773,-0.06183611009364225,0.1487766119419771,-0.9819368025239311,0.01685525514203267,0.1489431885131719,-0.8612597682236343,0.09396137194020611
S,0.0,0.0,0.0,-0.2722817762589171,-0.19413592510322386,-0.04927151313797339,-0.44394708570126246,-0.6014537746350404,-0.05877146701869226,-0.4091713014477661,-0.9945278307067924,-0.09250113108756193,-0.19340719860392352,-1.0736718646083396,-0.1022885333094993,-0.320370203445594,-0.9379990958694455,0.11838401344718429,-0.3456539600187685,-1.1945236548729996,0.0076087139472014054,-0.3248814939051364,-0.9389364407928018,-0.04729823145186991,-0.30596513444879925,-0.8387502633026234,-0.06745712392875103,-0.150840190958697,-0.9843134921520881,0.09151057839892139,-0.16985389093103054,-1.2199043095052795,-0.0072971479803683814,-0.15699520876790585,-0.8594028235988236,-0.0017274306397478073,-0.14239634365290002,-0.7975652697561002,0.03647227342532461,0.021577295198166042,-0.9759391105781613,0.03201379088704921,0.00427457602291472,-1.2503630418743354,-0.07172277476656977,-0.008827014973310078,-0.8956316362820116,0.010304514773528497,0.008065104207192787,-0.7674282035467234,0.10314359966716184,0.21585746124782093,-0.9174571497959685,-0.039190174359315925,0.19081572859396478,-1.204593310024382,-0.07145788135670343,0.15313256011041226,-0.9895245281845773,0.005250124467627208,0.155121846291866,-0.8679422415930533,0.08053134249408633
S,0.0,0.0,0.0,-0.269839647625071,-0.18993700869138097,-0.07427381336718823,-0.4663676057814727,-0.5562425704093134,-0.08824574417132296,-0.5029897184646958,-0.9370290292988515,-0.11591262583195566,-0.3253278241244062,-0.9919814737814642,-0.11405631544159126,-0.33385721419119346,-0.9327827716598542,0.1026998148735475,-0.3544928488376688,-1.1740511624775647,-0.010410428365915847,-0.31927281619195347,-0.8984871229241037,-0.07067808933345986,-0.31476738745217964,-0.8070064288570132,-0.09666240816590753,-0.167949996841988,-0.9815366898559058,0.09153428334502611,-0.1836770942621137,-1.1994061415419812,-0.007120468155930475,-0.14956917172385373,-0.833812933698455,-0.009170565971719573,-0.1532302516066108,-0.7897800360471079,0.02182238219011768,0.006958440257876155,-0.9756966451808474,0.04634371243721632,-0.010740201267591457,-1.2360255305192138,-0.05107166526704287,-0.001494686041180552,-0.8949163443707199,0.02227601018491878,-0.0019032419397370527,-0.8011762314266893,0.10525254938669651,0.18518560834909156,-0.9160386843260909,-0.012684707317876215,0.16414435102589553,-1.1705166301654375,-0.041407174002451225,0.13833074177586874,-0.9520423062336532,0.029336024706756968,0.1285543133971798,-0.8455864671156264,0.09872129229550816
S,0.0,0.0,0.0,-0.2890126754279657,-0.1939198034261926,-0.06510792976727622,-0.4975528254375363,-0.5499492177338071,-0.06867191717241754,-0.5379839505893604,-0.9274103544045768,-0.08589263645541854,-0.3573689100650024,-0.9626435396309656,-0.07137902241890842,-0.3204557966330201,-0.933026126392135,0.12014371994594661,-0.3395317600154012,-1.181268083240276,0.014054114916681959,-0.3226901074391109,-0.9067939499256944,-0.046256505889853194,-0.3294618395141988,-0.8057603953619513,-0.07364610089691428,-0.15950193608407665,-0.9808647511794357,0.11163992242533484,-0.17926253995379168,-1.2044181189834067,0.023234062761185323,-0.15517385035624356,-0.840559807142321,0.02004158760348642,-0.1577500618958988,-0.7940053027788738,0.046931957394976534,0.011236158586244206,-0.9783021737181129,0.06937994953636338,-0.011269719394446846,-1.2464524019920606,-0.014532816000482502,-0.008315948762511906,-0.9101523380515225,0.05624639264027983,-0.005219544695715741,-0.8124423522750971,0.13380005853308516,0.1848629998226074,-0.9207162316984575,0.013218383605271338,0.1626310619388704,-1.1777085400202836,-0.005941569468672989,0.12975237716294807,-0.9643412970159168,0.06200734789754118,0.1238830113184087,-0.8558056432885758,0.12721094444950617
S,0.0,0.0,0.0,-0.28701269466484713,-0.1766008690571625,-0.07751748605939002,-0.5033138017770058,-0.5200800412010588,-0.07730934344435648,-0.5516028884647846,-0.9027970492026253,-0.08103400752327192,-0.3652221410369028,-0.9352660646231183,-0.04580471443690581,-0.3264403393320817,-0.9406129623548802,0.09633754898116621,-0.33491353606033536,-1.1576523517847597,-0.0012368809201469514,-0.31627406445617806,-0.856208024969342,-0.05895777549618364,-0.3342315390389573,-0.7866839750011676,-0.09169583437641858,-0.16511147887562752,-0.9816433000223532,0.09547057695817851,-0.17256619932918466,-1.196865126306102,0.009260081506325391,-0.1552689471640889,-0.8180398151629715,0.001895254915498499,-0.1775809316442091,-0.7843520381979495,0.0203749470599483,0.0009683536020410118,-0.9723529393931833,0.06311256579685025,-0.004796575436499285,-1.2269820736859993,-0.018017848653720907,-0.003567748273281352,-0.8840489100007846,0.05469966648973557,-0.012032728169952123,-0.799269079674278,0.12940202149603058,0.17946669449247735,-0.9112838037029907,0.015801853394003845,0.16676224034062573,-1.1648644702858326,-0.0006588190949519438,0.13787103881210303,-0.9528145464138603,0.07033639328292877,0.11564368769728639,-0.8528120084761426,0.1353149305358586
S,0.0,0.0,0.0,-0.28879227491598797,-0.1666978119638935,-0.08067918746769656,-0.5042434972899739,-0.516671811086429,-0.07604585030561245,-0.554559721404329,-0.8912872085538249,-0.07201898235779207,-0.3747564308777989,-0.9229694444177462,-0.027524538221326875,-0.33036606275533315,-0.9428905158352926,0.08896069130018613,-0.33425040903257736,-1.148703433183839,-0.005462639276049183,-0.31563236368940645,-0.843064206404596,-0.061848365631439424,-0.3405110660769885,-0.7868693418313996,-0.09615164483134969,-0.17093453737089823,-0.9811821087409403,0.08979450662751481,-0.17394079737119858,-1.1887438403784838,0.0010811075684313237,-0.15850438400822045,-0.8082780091343271,-0.012490022172626902,-0.1897218228065527,-0.7868623923590029,0.00039493160247553106,-0.0055550811999022735,-0.9715544323203428,0.0606230870360262,-0.008350404273339005,-1.215303088708578,-0.02271584025727009,-0.005488448023393032,-0.8704048615868216,0.04690794876145859,-0.0202556680738213,-0.8011020656960253,0.11802550547411922,0.17348172340052448,-0.9155412760106946,0.016708917457300174,0.16156991892013944,-1.156166348952874,-0.0016500429678852394,0.13817799483295068,-0.9387422940032218,0.06921568808724839,0.11404697391675146,-0.8474887719625578,0.133457562642084
S,0.0,0.0,0.0,-0.28648851303508177,-0.15543771257390698,-0.08254616480932996,-0.5121189272857735,-0.5213433108337939,-0.08059858665907851,-0.5555474246631592,-0.9034191870311568,-0.08015866928999467,-0.3655301052392216,-0.9211283844021392,-0.040724711786842636,-0.33056421176041356,-0.9469010297409421,0.08080713497704131,-0.3316896529754758,-1.171208811859141,-0.016965971125543024,-0.3188182753019217,-0.8492126492457838,-0.07430684070548252,-0.341405145692592,-0.7849483368245123,-0.10870782761165497,-0.16827816240883248,-0.9825122564432154,0.07970022581629155,-0.16904990538884013,-1.19996464442459,-0.01247610907231655,-0.16395117097224307,-0.8123412687964351,-0.024890683282845983,-0.19474284408312376,-0.7851683603744876,-0.009325075239476422,-0.0010270533257336835,-0.9731882395895458,0.04814867685643742,-0.00035784962278998997,-1.2302971740519373,-0.03780574782577165,-0.005432505990521821,-0.8751382732226356,0.02993358099755199,-0.022027263323940685,-0.8016813353695194,0.10118782170771914,0.17622101256294023,-0.919589257399246,0.0018224435418675152,0.16404748316770396,-1.1609328817977482,-0.019794102398636663,0.13838069821615326,-0.9373796144004551,0.04841394080291337,0.11530022782374598,-0.8432653711760745,0.11161764500977128
S,0.0,0.0,0.0,-0.29169017113040097,-0.17300287271252468,-0.07314357107749334,-0.5017392852723697,-0.5096038135264399,-0.08143281776858989,-0.5330232926781461,-0.8908576740282647,-0.09661687021249417,-0.3453775591486686,-0.9240371994049372,-0.07469198278801721,-0.3195168794772287,-0.9417771550367783,0.090000183734729,-0.32387282815999263,-1.1853112030907105,-0.013861531501250945,-0.317714204046851,-0.8860683223055752,-0.07591186579273392,-0.3320413175155374,-0.790942144777167,-0.10966425833461102,-0.15665410775464325,-0.9840827506267702,0.08390846466505397,-0.1648978636686484,-1.213618666240891,-0.009463109682432764,-0.1573042123145317,-0.8378605051642298,-0.019002821263939138,-0.17101513252988867,-0.7882590160338107,-0.0013630641774693814,0.009664308816814788,-0.9727255645733757,0.04749534952606548,0.006840158664475014,-1.240262821159601,-0.03918217296956191,-0.004066875471973838,-0.8999080641306046,0.03606414403352576,-0.005003571927538282,-0.7959521267687499,0.11360814590873344,0.18770032246198717,-0.9052670844482347,-0.003289808089605149,0.17319414075256817,-1.1650802138605947,-0.025946615220415095,0.1374086141773353,-0.952934801999749,0.0460974095457603,0.12133754973597112,-0.8454733867104806,0.1133914831593193
S,0.0,0.0,0.0,-0.2804269761832246,-0.18088710711584208,-0.06811864854032137,-0.49215294274269944,-0.5216356959892995,-0.07322040889605363,-0.5308816934143946,-0.8924255051234788,-0.09178003216834575,-0.35506463765659463,-0.8938555553826955,-0.07647797743405088,-0.2973679395188193,-0.9389706015813339,0.11139906711192478,-0.305495009814264,-1.237460856502195,0.0016746016752221277,-0.31056625703315,-0.9429490312989957,-0.06960798733794164,-0.3167265348605878,-0.8249725756005255,-0.10723495155208294,-0.1457319872661334,-0.9838891279812843,0.1035585425143264,-0.15272099665842456,-1.2621932518563672,0.013565456345169074,-0.1597877370055721,-0.9084859162576493,0.007569951169522583,-0.16247324184078943,-0.8410511239574958,0.029156777049308167,0.009684081114260048,-0.9705837809214206,0.061671043763748636,0.014914377825390618,-1.2730341290270026,-0.015250834933282227,-0.013116600356661188,-0.9595804659861494,0.05469456599655131,-0.013697390106536748,-0.8358744416742021,0.1287688462151438,0.16546847463458833,-0.8971122830810367,0.0036554276013748997,0.16762421311593836,-1.1788979564931226,-0.007563868677842268,0.11532005014378872,-0.9891385584659179,0.058478886322538386,0.10256619424312394,-0.8651951557764477,0.11900991168618313
S,0.0,0.0,0.0,-0.2762856832111826,-0.17079001604737123,-0.07206923348683612,-0.49492539850307654,-0.5333913161531346,-0.08085037540016524,-0.5314961915809079,-0.9014413988864414,-0.10270144048613235,-0.35532148213773435,-0.9033355251840304,-0.09165037178784864,-0.29506442707605407,-0.9453473143472308,0.09173314086131398,-0.29491827966909345,-1.266172018794438,-0.02211004578967986,-0.30710082403783895,-0.9696235566419659,-0.09100501219143571,-0.31972740096543745,-0.8430762739181471,-0.12556804412182435,-0.14424509481097886,-0.9859730990034362,0.08396666400740177,-0.14660940846292883,-1.2782573312134706,-0.011384973033164759,-0.16072022012187304,-0.9246658590228861,-0.014142692681598769,-0.1695785099470476,-0.8530676054571215,0.011158996818542353,0.010633621440876232,-0.9730701996561198,0.042556179333008794,0.01946116440720935,-1.2901050542687287,-0.03938132008101293,-0.012481627450203127,-0.9739131427602014,0.030160241282020012,-0.018534765543415398,-0.8436910114400483,0.1047468923679314,0.16530709242721833,-0.9056221730691666,-0.014949044340795846,0.1697074870302396,-1.1897650762988292,-0.033169902424383654,0.11807193104966929,-1.0005321359747117,0.028498238794564246,0.10315970451157229,-0.8746958244478694,0.08656001305732462
S,0.0,0.0,0.0,-0.2796211475886992,-0.17348688786051475,-0.07219112367192124,-0.5038478455407737,-0.5357541025539176,-0.0855727433303022,-0.5388125063928664,-0.9130157916160324,-0.11300901428800263,-0.35919319330053145,-0.9246531003675098,-0.10874286139676252,-0.29810097321203655,-0.9447076622071479,0.08336798486963834,-0.2977500853122168,-1.2821975261896397,-0.03448601311033333,-0.3120898393684328,-0.979399522929034,-0.10366904518322424,-0.322240843767379,-0.8420147406270796,-0.13685405280671192,-0.14453904177613974,-0.9868430113888511,0.07245230345143908,-0.1458099455797642,-1.2956665509083263,-0.028954429531463963,-0.1609610011384535,-0.9386208726848417,-0.032154430835766315,-0.1655375529139055,-0.8523099538680904,-0.00464268071216073,0.011951282432934515,-0.9778501398846855,0.028292804558262295,0.022636934522010647,-1.3081589714434105,-0.05897042693421446,-0.011694505507401708,-0.9889213630128121,0.009898390602085728,-0.01639275250822472,-0.8496815398254525,0.08660914704860524,0.16862293252781155,-0.9138001173435485,-0.03163768565418121,0.17195535344922072,-1.2078954922124987,-0.050945568057505844,0.11993226720612386,-1.0170392476601569,0.012216015163206383,0.10642085198393315,-0.8860089843763248,0.07209339127269646
S,0.0,0.0,0.0,-0.2751223639796347,-0.16688569765230035,-0.07513652377173026,-0.49758626847204074,-0.5343874863694988,-0.08947433437317252,-0.5313596825117941,-0.9120308325080212,-0.11742018915405456,-0.3480122327670142,-0.9150008715799675,-0.11440970463333863,-0.29609259700812146,-0.9428501634830831,0.07754470450114827,-0.2947854162618694,-1.280343145998815,-0.03998796762966566,-0.30499524115727134,-0.9787735990067447,-0.10835755573595765,-0.31367369330575073,-0.8348399108789486,-0.14092029510181972,-0.14303045693230182,-0.9874092325028437,0.06756697386950355,-0.14107614900573587,-1.2980741075797755,-0.03385020036265924,-0.15311424956786737,-0.9400421081809908,-0.03654072843647225,-0.15844880733517414,-0.8460620333485495,-0.008771047731342376,0.011808657217301117,-0.975868393837695,0.024453438317129587,0.026356092388739732,-1.304673027440954,-0.06324250696498465,-0.005297798358187806,-0.984053017660373,0.0053005183010603266,-0.012805200759020469,-0.8375191062743493,0.08188805843485976,0.1662486692107554,-0.9069923697614198,-0.034546410569246074,0.17449974273453306,-1.2039910256118909,-0.05610728726976967,0.12492745781509354,-1.0141755356603779,0.005071964907583941,0.10842490681798744,-0.878362041401914,0.06352331894389565
S,0.0,0.0,0.0,-0.25884118040956483,-0.1677074109379594,-0.07269411006312805,-0.4600499426126772,-0.5570572526418552,-0.09058325031247563,-0.47328211305718193,-0.9272713464516242,-0.12309962266965722,-0.28956871664361505,-0.9031645950896029,-0.1269683667031617,-0.2905744416957762,-0.9517845153530095,0.06596368647503077,-0.29210284953611865,-1.2901396833281966,-0.05182809606974819,-0.2971878705942419,-0.987742148790456,-0.12181259548264294,-0.30375675498613075,-0.8441259599369958,-0.15658124306822152,-0.13682928157846372,-0.9892092568511055,0.05237168951642569,-0.1380033766921813,-1.3018207650138724,-0.05015220159800406,-0.1502547506616,-0.9485581036151742,-0.05720166349189765,-0.15953063332472636,-0.8516964827290663,-0.034619287594085786,0.018365413995986377,-0.9706775161195524,0.007656668183929221,0.03015172697013509,-1.3088992549076082,-0.07760181512309591,-0.004355145014580036,-0.9853962062216095,-0.012476327354023951,-0.015132872280181921,-0.8279885886002465,0.05907484277471996,0.1748923581157617,-0.9001549802392815,-0.05277426136200463,0.18109426115988916,-1.196528176761405,-0.07262701873133294,0.12830902086635157,-1.010362584827524,-0.014787844668988198,0.1092263994479585,-0.8714997852240486,0.03875010264333136
S,0.0,0.0,0.0,-0.24909634511884957,-0.19812954481036396,-0.05161036302207372,-0.42067318174438445,-0.5445784512299432,-0.06843586023812682,-0.42793413311679807,-0.9037235779114027,-0.10488574562433185,-0.2583874099831871,-0.910880488502462,-0.11615414939565559,-0.2916942509973411,-0.9477896148156721,0.0971853768358318,-0.30755915189836414,-1.2633919506277436,-0.01715887535780647,-0.3006105256785542,-1.0052637299595095,-0.0926420545943146,-0.29458102776497797,-0.8632079073197826,-0.1291874501276328,-0.14421958695994033,-0.9866128481355535,0.07613014272254737,-0.15394385086710996,-1.2848421987383156,-0.01821026810582129,-0.15200621806972325,-0.9599808418113296,-0.03295421451382768,-0.1551104055929388,-0.8574063662058989,-0.018145432750481687,0.006188499809447203,-0.9661409484250855,0.02565664883812955,0.00834881638446954,-1.2967050787066579,-0.05497980510316105,-0.017394077297537155,-0.9971718719960457,0.002139303989136615,-0.022153588129552197,-0.8298720646843154,0.06709640386969552,0.16056392725106408,-0.8903221923536764,-0.038110647010965754,0.15638323199406912,-1.1840102541141646,-0.05510467812430046,0.10347170058927398,-1.0152350146691929,0.0014782987676033143,0.08775728362541453,-0.8742688823183878,0.05436030637850963
S,0.0,0.0,0.0,-0.23144551281190892,-0.19787542832514432,-0.057105022492792576,-0.3890575987647076,-0.5454206909466142,-0.07336497675586552,-0.3693373500672227,-0.8971082092144985,-0.10517582639961551,-0.18907600416693673,-0.9038782470066331,-0.10953497766498943,-0.2833276050116739,-0.946906275379241,0.08655750773587564,-0.2968538683376212,-1.2372809758352687,-0.025636875226675255,-0.2880213353837305,-0.9762863706798025,-0.09975088421246865,-0.2779164496926681,-0.858513915763184,-0.13698861839219198,-0.13269030326848566,-0.988776105267278,0.06866656443269864,-0.1395099026934219,-1.2734193278841022,-0.01619769944505658,-0.14343989642886198,-0.9497119919115768,-0.022273863269763158,-0.1503253072022726,-0.8769244373774502,-0.0047141023431518415,0.01479089744817436,-0.9675007587799167,0.020637587674869926,0.022925098871031214,-1.2780748714243277,-0.05448127738581011,-0.009540614314328183,-0.9872480226297075,0.0055218918936993395,-0.01557900865829983,-0.8390120226200509,0.06962473272586592,0.1696945620412274,-0.8889693359983858,-0.04149115629011127,0.16678992536473405,-1.1775592083092146,-0.05545853274734762,0.11080396747183116,-1.0161347359381567,0.00286756272713096,0.08767940334091769,-0.8764353209357022,0.05570948548345847
S,0.0,0.0,0.0,-0.2302640232711265,-0.2041946349177163,-0.05428723836643654,-0.3783286439126874,-0.5628513395428553,-0.06998129646651027,-0.32507102527211995,-0.9024512204126053,-0.10127906370519363,-0.1373089687039792,-0.893529982434613,-0.10641423799330577,-0.2898889746570676,-0.9458707035096373,0.0780687107977933,-0.30467196249333645,-1.2425952578128172,-0.030842624001519426,-0.28577747808194814,-0.9741608610847883,-0.10353570564172798,-0.27133855889344666,-0.8529430836727977,-0.14145158587669815,-0.13321438677461334,-0.9894217908016788,0.057432108119612545,-0.14201949127017569,-1.2862389631041677,-0.021086139978219873,-0.13870339559780862,-0.9622647082158482,-0.02435304684224703,-0.14414001027440146,-0.885073484662508,-0.007275922347128176,0.019420488639090214,-0.9686128572776233,0.007708725421847758,0.029507805793238893,-1.296102058063998,-0.061979147738343274,-0.0007520829075298777,-1.0058036252139937,-0.0023421173115375535,-0.010008932210412706,-0.8535363339311783,0.05853005814524716,0.17678733934043375,-0.8888419439706987,-0.05598585170022949,0.17316760514917365,-1.1813807422783775,-0.06920210113518488,0.11767477795512463,-1.021982690153434,-0.011750498013863301,0.0933028361859337,-0.882208721245126,0.03853254415759399
S,0.0,0.0,0.0,-0.21076702648925832,-0.2026531951732695,-0.0684289823987103,-0.3463884483512528,-0.5696734726142577,-0.08978389074523133,-0.27701229769474023,-0.9084994793504118,-0.1227192989287961,-0.0813182252610314,-0.8978556341120967,-0.12887726337080152,-0.2903486910831189,-0.9439482966427064,0.05822513095072519,-0.309237826138599,-1.234950191320317,-0.04707131723146331,-0.2783587762153415,-0.9747163326217357,-0.11754653213042299,-0.25861792091740393,-0.8576332172179921,-0.15565058625635103,-0.13403942204535124,-0.9899816699581668,0.044381600743863096,-0.14263390489518968,-1.2776202305722468,-0.025889925673115155,-0.1339155280302458,-0.9664317892552304,-0.026001631218371297,-0.1446812228279715,-0.9050625448818681,-0.010658433661819311,0.014664471807726613,-0.9672884161913554,0.0008303867623048292,0.0322570130615588,-1.2762551475048227,-0.06346480758152412,0.004704701444894669,-1.0092944162336113,-0.01021943791275143,-0.010654885299067034,-0.8697429371894854,0.0422824047478255,0.1679148262349209,-0.8869821964992545,-0.05782495293505164,0.17038371093197235,-1.1738882286378844,-0.07039907740654475,0.11945591068313906,-1.033618532308172,-0.019415493864632382,0.09037230175106292,-0.8978176072361732,0.023866227364412275
S,0.0,0.0,0.0,-0.2107403314658622,-0.22570020359382517,-0.06529113131333587,-0.32031333838569737,-0.6062904811733081,-0.0832125744818266,-0.21999431623784482,-0.9416901390777238,-0.11491569626569256,-0.029161878341107134,-0.9842224990429299,-0.11710132560389824,-0.32139693932653973,-0.9353855703862252,0.07481883735216067,-0.3496114852741234,-1.2493223182656246,-0.04372463558069768,-0.3046076721811916,-0.9690754111179747,-0.12478180252364693,-0.2810835469224054,-0.8437482460331014,-0.16699931002042778,-0.16078706467977003,-0.9853050769466303,0.0576318069720076,-0.18490455148093599,-1.2856630528398127,-0.021980732419666527,-0.16113530652291838,-0.959234407633893,-0.03464510421736042,-0.16690850972284457,-0.9061987299388524,-0.027134844693090843,-0.00854113249141333,-0.966289067157931,0.008878130360479193,-0.0018406484259475449,-1.2854725633239659,-0.05902839205298216,-0.022998284167780783,-1.0071649253827557,-0.010257417322027939,-0.033125942659060416,-0.8700605567187871,0.038324090930221585,0.14550125291835503,-0.8917031120659444,-0.05497656393620663,0.1346300510322451,-1.1706411454940762,-0.06800031269694172,0.08860688373099065,-1.016868023460091,-0.018014705149196966,0.06683133355536888,-0.8859358424814421,0.02398534301508029
S,0.0,0.0,0.0,-0.21985432891723578,-0.24376833339622617,-0.06556730581769085,-0.33994702765529355,-0.6357964144842384,-0.09071563208557515,-0.2531648462672638,-0.9772810684811626,-0.1346182779340707,-0.059199863578301815,-1.0364755178822052,-0.15233966099458898,-0.32928567968145733,-0.9330116316456257,0.0869992962427716,-0.36523040250570366,-1.244508823704188,-0.03140702618865446,-0.31334342650397085,-0.9704556650955142,-0.10683242740542695,-0.2825488356788049,-0.835225759690905,-0.14100906344617148,-0.1731228990918426,-0.9827225248643087,0.06545915470240896,-0.1991146982128686,-1.284667234099249,-0.03183899879410609,-0.17066153081474694,-0.971542040586344,-0.05284263246039595,-0.16771122068362246,-0.8920729550124701,-0.03999182569226416,-0.012074864713677615,-0.9701297732720239,0.012514648996199723,-0.011523035108406588,-1.2949741617001904,-0.0724829606749844,-0.02533501777196001,-1.0119986472058382,-0.030115927120208788,-0.03342005032073467,-0.8679877792370523,0.02442849399581099,0.14773832077420165,-0.9064730006214142,-0.054629314209665,0.13353360202176479,-1.1797731721158768,-0.07728257675592423,0.09169742138909284,-1.0115419821777782,-0.02866234416716392,0.07593758433772614,-0.8741713943798911,0.018782393751000246
S,0.0,0.0,0.0,-0.2461234469000182,-0.23741895887845102,-0.055041386617691646,-0.37561681983262973,-0.6237999787926533,-0.0776409066627798,-0.29254607012092226,-0.9933249699043069,-0.12155911596816495,-0.09912875770443569,-1.0323538110676755,-0.1427133002789122,-0.33330224231602185,-0.9238899385322671,0.10060412263327116,-0.3717862324192171,-1.227551189096416,-0.016855992742625944,-0.32522531768424484,-0.9901775250651359,-0.09458521391897855,-0.28629012963483363,-0.8358684839063325,-0.12789046581032276,-0.1717983225589995,-0.9820839704411608,0.07743649894229011,-0.19671749060505564,-1.2760125180713908,-0.010437403821330396,-0.16782681784327688,-0.969441456503954,-0.023964538295410415,-0.15879235576599018,-0.8778325186926601,-0.007449302103847095,-0.008178017479086272,-0.9761919204422483,0.023054323482118024,-0.009278660383774128,-1.3134726695759709,-0.06288758720269597,-0.02634278290448542,-1.0134671726914684,-0.005904283857678304,-0.026554158857950323,-0.8327135993338097,0.061112267476598335,0.15963567142298163,-0.9152440931147667,-0.04487139420965024,0.14060133245817302,-1.2101588430454795,-0.07359013596450788,0.09659924836483497,-1.0335137530234908,-0.015600165069048684,0.08680374532879986,-0.8758091300366663,0.04213314870175498
S,0.0,0.0,0.0,-0.24590632748282015,-0.21517463914099386,-0.04870674755517306,-0.4052212499046505,-0.6069465724846701,-0.06946905370570573,-0.36418574275133325,-0.9921616311009961,-0.11628029051404318,-0.17110193896561496,-1.0661881342296498,-0.14566429380730364,-0.3221848143597282,-0.927424699643839,0.11402752766653595,-0.35211331661848244,-1.2085529229381493,-0.011311913593187799,-0.3093631325715993,-0.9909028105806356,-0.0871885421457842,-0.2667740740003477,-0.8410363659467649,-0.1126777296148067,-0.16272918456661634,-0.9828778297633374,0.08643138463542183,-0.17898465886021372,-1.2686624905290305,-0.015034933679042097,-0.15640489868012253,-0.9481839194980279,-0.0248566816710245,-0.14011702174266535,-0.8361713087135452,0.006095750982502266,0.0030906795780219183,-0.9812104252200601,0.02634473886345251,-0.001346707143432213,-1.306175652746057,-0.0810054629863848,-0.017577324614342662,-0.9818029941180436,-0.02696722635302139,-0.01463578597244244,-0.7993674536867641,0.051146580394751395,0.17264173035670471,-0.926195618536336,-0.0442292459167487,0.1525636318313215,-1.2252123206004097,-0.08190477506344152,0.10888042919001041,-1.0371782247307284,-0.021716576270770845,0.09933851638105777,-0.8867791338964232,0.04419769401552529
S,0.0,0.0,0.0,-0.24687373780677183,-0.20440622852300833,-0.04661992694381959,-0.4153038536462507,-0.6095858897831389,-0.06389157470353196,-0.372216943189987,-1.0018959719936305,-0.10856901263019199,-0.16824210351714391,-1.0965683114378575,-0.13706835178208496,-0.3208588464090777,-0.9285237112497049,0.11847463674978691,-0.3531255573244235,-1.2139392972061016,-0.004183805863198686,-0.3094375497799253,-0.9962501788912058,-0.07577819194399814,-0.2616295414411826,-0.8483122763044955,-0.09830997591959068,-0.15647189940519682,-0.9835471444107505,0.09028598683067075,-0.17313855904641606,-1.2723765550708908,-0.010432285391421386,-0.1533484543098673,-0.9467148073410104,-0.017883010735239593,-0.1309316004930038,-0.8285705305066242,0.016151608491795002,0.014752639965525368,-0.9846919405945835,0.02940297987932318,0.008027131867768399,-1.3118632103355188,-0.0798275115733444,-0.010673766866791636,-0.9739354663840724,-0.027105174388478974,-0.004217622576995366,-0.7883401870775678,0.05186916715786907,0.19182544724734055,-0.9363795530449615,-0.041393553006826275,0.1724276374525869,-1.237125374514826,-0.08279486350562958,0.12430732979958106,-1.0404588359437086,-0.025702509177998437,0.11497857416180123,-0.8886562858370788,0.03900621203995893
S,0.0,0.0,0.0,-0.2570749568184989,-0.21147625398153613,-0.04264407730824822,-0.4255797955500738,-0.607228635064735,-0.05465073245098004,-0.39034517388434026,-1.0062699383531903,-0.09465189283154991,-0.18109537654164926,-1.1182968026983824,-0.11629345528596487,-0.32719997597379047,-0.9268957851752008,0.13917415281507856,-0.35510871880089073,-1.2125376817808373,0.01269685849943866,-0.3200175620714327,-0.9651420246166486,-0.06284673629786348,-0.28107806155612947,-0.8158585080422097,-0.08723702877759994,-0.16328051494988546,-0.9804881892538432,0.10946407708202643,-0.18095832856737962,-1.2703166952139235,0.000435615447134095,-0.16481600228702,-0.9284979630817541,-0.014677613155916848,-0.13985585350164711,-0.8133274748852972,0.016856341686786864,0.007483552762207718,-0.9826953950066705,0.046117274840598216,0.0018114167033897778,-1.309143898894123,-0.07174505013768115,-0.020969715126539053,-0.9563647664786014,-0.01938081033242589,-0.011181097940913522,-0.7770590348049646,0.06322670748077425,0.1902853828430068,-0.9352284395171224,-0.026310251979811926,0.16616448101712444,-1.2368029652518533,-0.0689245088645544,0.11794513673238052,-1.0251919550681925,-0.007571885888513404,0.11235321269863677,-0.8773178783629145,0.06217643843924698
S,0.0,0.0,0.0,-0.2611503150223581,-0.22036870152250732,-0.030657920592630453,-0.42527208667141775,-0.6093966657235882,-0.041498484837684084,-0.3865529899716512,-1.0030567381373068,-0.08287249276049917,-0.18079919844141218,-1.1332757032916292,-0.10807513300499255,-0.32160610197131445,-0.9238575627955573,0.1429417778721515,-0.35339242312704994,-1.2074955345448108,0.015827650750766982,-0.3174374342332976,-0.9821178636506704,-0.06340127546572769,-0.2708683264812563,-0.8258865220447346,-0.09071226988504831,-0.15699608728506748,-0.9817274529436063,0.1075334213816283,-0.18125483070189177,-1.2736244483741237,0.0007360174499253021,-0.16377545438655805,-0.9334196396249869,-0.014876904413866788,-0.13217790829035597,-0.806495511184929,0.014304013758942974,0.0114835864682566,-0.9841245746849803,0.03983152200121853,0.0007803621074141255,-1.3081314728513822,-0.07570341108868313,-0.02315916314304593,-0.957435180136646,-0.018484744300518996,-0.007832098090421229,-0.770831263441261,0.06585768841925908,0.19565868925898827,-0.9311495161900873,-0.036104167897844,0.16845992356461378,-1.2427523772329896,-0.07758805418702867,0.11819661191031713,-1.0340728019333405,-0.01189922705950357,0.11299634129222254,-0.8820696082849093,0.059946421772594634
S,0.0,0.0,0.0,-0.21593271287819998,-0.19645491141786056,-0.0697229261115739,-0.375030832693728,-0.5869911077361663,-0.09247347649091409,-0.3550741643787301,-0.9612896192715313,-0.13198781807594806,-0.15842209786845607,-1.0700269082054734,-0.14771651808324743,-0.2814718974061374,-0.9605836142195957,0.08169457110726633,-0.29246124460317885,-1.2314568076150818,-0.04026702979234672,-0.2780426067505694,-0.9426813278522408,-0.10516095404116307,-0.2572533140846788,-0.8122740195102591,-0.12828996022973674,-0.11389654002841151,-0.9915311396721678,0.062398535479357455,-0.11136760534191768,-1.2661002360801399,-0.05132460405680693,-0.11584867743141126,-0.9097201888464087,-0.056183023092955295,-0.10546416927061411,-0.8019100033995487,-0.01849956697870142,0.05852572645930379,-0.9639033263336472,0.010856812294489808,0.06729071554587748,-1.2735727160707164,-0.09926570804908826,0.03430369184519899,-0.9360531203252379,-0.039504597453807036,0.03233343515580676,-0.7800995595219673,0.042017617689907534,0.23484795363721087,-0.8861004047990636,-0.05286033154267406,0.22473911747652792,-1.1647830106297103,-0.09452337580260066,0.16936959814216254,-0.962640368930933,-0.03631468292871775,0.15338191637028012,-0.8279491435918711,0.028292558213465734
S,0.0,0.0,0.0,0.18914908461470756,-0.2091273536948912,-0.14730992295875092,0.32115384326560303,-0.6455747459674687,-0.20480848174262073,0.20472833313526936,-0.960404601203409,-0.24902470118720255,-0.012657479464279132,-1.0185413290289471,-0.2563880361391723,0.15782902968937315,-1.0445727390976167,-0.056282422056862035,0.19835154841142005,-1.3203478237098956,-0.20047772290885757,0.22703740027480773,-0.9784665262736021,-0.2593299119364911,0.19352100287131363,-0.897353205105027,-0.28570830627907895,-0.021627637806570885,-0.9984629222187897,-0.05102977794604559,0.014315999617658717,-1.2311912781599637,-0.21244587553466382,0.08604453240559708,-0.8531313980103106,-0.23998744704604874,0.047553982453809186,-0.830083529130122,-0.22085440904254633,-0.1788825914411558,-0.8883184588068471,-0.07458430810213297,-0.14737317237267242,-1.01467573106959,-0.24534391365612074,-0.03449243229002246,-0.6886142590903681,-0.20671263851570315,-0.05495044733138105,-0.6816345361189087,-0.140470617195205,-0.3287006027326259,-0.7508707129632815,-0.10964255046451007,-0.25941655688552395,-0.8011336937958016,-0.20330936360843932,-0.1546228624404057,-0.5948209318679945,-0.16017484943393795,-0.16585060742611357,-0.5780280633370649,-0.10534033484354151
S,0.0,0.0,0.0,0.1814995493961296,-0.2022144922834396,-0.14214500400458802,0.3096250733104452,-0.6463531706913176,-0.19614066682920336,0.2010290968628414,-0.9741248301444433,-0.2374192857259395,-0.016122851568793648,-1.0162361954651857,-0.24149456499422317,0.15788498473250137,-1.0402429091467296,-0.052080360575883,0.1948908681188793,-1.310872578840755,-0.1901375628111572,0.2248517549203165,-0.9633652085669797,-0.24419032630513177,0.19033386843507574,-0.8948277368094198,-0.26990841514707514,-0.021118847602854266,-0.9985815940411786,-0.04887529353472949,0.013173750587530357,-1.2216985939994682,-0.20632664984047125,0.08624576338267757,-0.837629600434779,-0.22993956958372233,0.0425398341805857,-0.8247678144798454,-0.20891187250203455,-0.17780966400607923,-0.8894434518372621,-0.07365904018710505,-0.14885239795742794,-1.006692323572347,-0.23976174007210535,-0.03473159454064169,-0.6814862135330737,-0.1990967642051375,-0.059638584110742174,-0.6843396898097446,-0.13328500227548645,-0.32632167310679305,-0.75592434366759,-0.10977158924891785,-0.25671495923953436,-0.7923501623321654,-0.20001467364013745,-0.15296057563325485,-0.5882512492646487,-0.15724515374422066,-0.1668498446525791,-0.5787666822344745,-0.10412217601036915
S,0.0,0.0,0.0,0.18037705774635646,-0.19947295897528797,-0.13858685547270777,0.311894935448535,-0.6479922496276093,-0.1904753589442629,0.20353230400690334,-0.9680643409108524,-0.23021913005457534,-0.008560509246490667,-1.0243945363042906,-0.23333958744086092,0.15671872577555243,-1.0432800307747916,-0.053899546522670615,0.1985819686255285,-1.3132227993855945,-0.1933447110934699,0.22613790199667524,-0.9658597962222727,-0.24778966980849623,0.19222810463425746,-0.895756185370981,-0.27344585946287436,-0.022136471440193234,-0.9984257560768115,-0.05153626135668622,0.015729393094044627,-1.2227869287905675,-0.2083729963096414,0.08675480260581439,-0.8410483276124291,-0.22988734992998294,0.04786736249570299,-0.8302950018410982,-0.20831702496104895,-0.17807763746454103,-0.8876220911523909,-0.07718490209970222,-0.14568724997165414,-1.0070260010422405,-0.2392702966587037,-0.03412965667072778,-0.6840117160853711,-0.19594908551341395,-0.05620381130060385,-0.6876957598773236,-0.130639000555738,-0.32472134544623166,-0.7528546368582801,-0.11438982662282951,-0.2536322187463848,-0.7833604659807327,-0.2009364652627196,-0.1504481842609976,-0.5843548830828235,-0.15831864854961414,-0.1612685531175855,-0.5832163759639953,-0.10689592384955533
S,0.0,0.0,0.0,0.17568328250371804,-0.20823556867701246,-0.1388906368094547,0.30057502183668333,-0.651811241012446,-0.19452713674529618,0.19628461734271768,-0.970383499342913,-0.23901784608088836,-0.01605578817391282,-1.0358900300515002,-0.24605881085045805,0.15279702046408652,-1.0466699826169235,-0.05377402709207962,0.18988217100533197,-1.3256856277518074,-0.19932617522796003,0.22041444907371993,-0.9785725642893034,-0.25660455925853165,0.18803231705366408,-0.9039152277681949,-0.2821354985906383,-0.026385519191015498,-0.9982493244385007,-0.05293477718001242,0.0070506526354373175,-1.2343524796412586,-0.21488706758117632,0.07977658098857411,-0.8506788195384867,-0.23759513894247458,0.04139748385344632,-0.8377294895907799,-0.21544042086523313,-0.18416456871327902,-0.8846987293192174,-0.08083713543796565,-0.15270613066794667,-1.0172026652219104,-0.24842350881935898,-0.041204783394188586,-0.690878705053222,-0.20433288632622248,-0.06397126818309319,-0.6943684504817542,-0.13666142584650012,-0.3325485020601414,-0.7481302933275189,-0.12016850575212645,-0.25934628299234935,-0.7894853267141635,-0.2094610039981078,-0.1568497189710352,-0.5893156990155148,-0.1650268695973948,-0.1693896925500812,-0.586086292964298,-0.1112197579965759
S,0.0,0.0,0.0,0.16365760342364938,-0.22185101960993922,-0.14181847379606305,0.2809817252085136,-0.6646540261282387,-0.20208137213602828,0.17473433808810004,-0.9800876904710601,-0.2509646591154743,-0.03614692395584278,-1.04106623061959,-0.2621961032095603,0.13377946659146453,-1.0527230149486724,-0.05595621814670516,0.16625622592120007,-1.335917430374055,-0.20167017891384478,0.19926609959919267,-0.9888272234944476,-0.26002592044903083,0.16744820584271833,-0.9149749459647176,-0.2862151185285585,-0.04653255822597482,-0.9974020401245198,-0.054989920716364014,-0.019182906588380597,-1.2436505685292796,-0.21600001806767236,0.05648603335665596,-0.8598505681261348,-0.23909956611102837,0.017965067964255833,-0.8469461899534899,-0.21757246186272872,-0.20501664998431232,-0.8786068061215084,-0.08254288861713177,-0.17971054431023636,-1.0282380116395533,-0.25154984509774714,-0.063496575593437,-0.7001155173506081,-0.20540569875407388,-0.08427988791299726,-0.7005735351926655,-0.13546207039195549,-0.353689312361903,-0.7363658761168769,-0.12141425271342993,-0.2861431930945293,-0.8041941386257034,-0.21025520176129847,-0.1810555510745766,-0.6040539794555312,-0.16001143264668866,-0.19214964295036585,-0.5924767194926838,-0.10148230718216805
S,0.0,0.0,0.0,0.1709458730598869,-0.2181823389565458,-0.14181121558165025,0.29891068958093564,-0.6696933590325409,-0.2008033831441186,0.18184071643330177,-0.9877411257593557,-0.24799074474524294,-0.031061288756183685,-1.0420683408077618,-0.2567693262959467,0.14704163536399129,-1.051721223229502,-0.05661914006876785,0.1743779300306807,-1.3466489989641264,-0.20210169183039778,0.20816666244544427,-0.9941194404622247,-0.25980343850066606,0.17763721098243518,-0.9186634247151247,-0.2863055156217238,-0.03352779085514448,-0.9978874508033727,-0.05564640841527977,-0.008291826889040291,-1.2541087766924286,-0.21731762433430324,0.06615366245040663,-0.8609217502534195,-0.24030670016391897,0.02420819550716852,-0.8471519281434385,-0.2188134611596333,-0.19184501674561882,-0.8826390914861042,-0.08300603873191725,-0.17224880332692225,-1.042516278634901,-0.2497800297294532,-0.05809504763644825,-0.7087656247702729,-0.20140483299743342,-0.08008630640549058,-0.7120081969300627,-0.1313862514343972,-0.34364510275743226,-0.7459288221494839,-0.12186320654702647,-0.28191571511555363,-0.8138781464767788,-0.2089080137933947,-0.17698059100884328,-0.6072117202460383,-0.1577262843801908,-0.187070923824468,-0.5982092364391798,-0.09974857601284577
S,0.0,0.0,0.0,0.17354351497663797,-0.22054806675329683,-0.13385223367568852,0.29326539484140973,-0.6703383744042463,-0.18809279105471685,0.18707877544577747,-0.999273634905921,-0.23211520121832893,-0.027813912709154166,-1.0441848493401775,-0.23891666428653383,0.14271633090246755,-1.0493049291431102,-0.045731973551854356,0.17337335377014293,-1.332402305640158,-0.18260990008559172,0.2053994653450763,-0.9814028086962935,-0.23548233256107073,0.17015234393219733,-0.9120957947883519,-0.2612753815354325,-0.035587798328382575,-0.9982170401643409,-0.047919195899774,-0.010905915326277656,-1.2415690128543104,-0.2055073725294296,0.06499342732329239,-0.8498763496334422,-0.22735582772291413,0.022153216573085978,-0.836541205833191,-0.20537556406361726,-0.19416067215859273,-0.8796373673981671,-0.0773106558723461,-0.16987547746912937,-1.0231231460062544,-0.24353078037702916,-0.05431935664086421,-0.6908030955053825,-0.19671958756509453,-0.08110273054318282,-0.6931311135117427,-0.12708992097882174,-0.345418386622084,-0.7394576792312729,-0.11723731016767049,-0.28024664453448533,-0.800397902066105,-0.20607858686076405,-0.1766819257289308,-0.5968670194698522,-0.15699681652786485,-0.1926958677726813,-0.5901385617630277,-0.10007891215000184
S,0.0,0.0,0.0,0.17907975861606706,-0.21189434125656853,-0.13491279044296473,0.30368253333418116,-0.6673996857691474,-0.18705167200012465,0.18484727976873921,-0.9941418094165253,-0.22881646552901316,-0.030424777790943994,-1.053854000273677,-0.23322271345442566,0.15295330032891527,-1.0508428606381275,-0.05327140795505212,0.18011652283381116,-1.353283267208816,-0.19619170754120643,0.2143760616772628,-0.9998192243596972,-0.25114088959225844,0.18322030178515195,-0.9207211710562035,-0.2758993121630339,-0.029572206587800836,-0.9980579917426778,-0.05482453571259252,-0.0034269309396289024,-1.2605229051238842,-0.21664120322559546,0.07437236258114802,-0.8693526704498463,-0.23817122706231272,0.036501337911139194,-0.8453560117450796,-0.21480508565384326,-0.1906741479830903,-0.8834508544495299,-0.08401195893136018,-0.17237860685893422,-1.0448593017060512,-0.25256786526394537,-0.0513782711591945,-0.7078760102596271,-0.20475774572011263,-0.0686417524058615,-0.6987588179092068,-0.13396885778568593,-0.34635379442596165,-0.7464964725194956,-0.12389822232088471,-0.2819763455251252,-0.8129830942800603,-0.2146113482566095,-0.17034596999643203,-0.6045728597908357,-0.16587709725690797,-0.17453681341901306,-0.5902195558003985,-0.10869766212711167
S,0.0,0.0,0.0,0.17009282011916355,-0.21592835901443289,-0.14095267923715102,0.28891532619715027,-0.6648422825625332,-0.19531505048365855,0.17845894615508492,-0.9829633343069315,-0.23829698057257942,-0.03060904698645062,-1.0374520058191246,-0.24280697900454498,0.1386297014074956,-1.0509610902537891,-0.05072320935884319,0.17068892441465316,-1.3393442695499747,-0.1946838275213284,0.20305920483362336,-0.9880305771271979,-0.24913515343790218,0.16915394694605226,-0.9123679104782646,-0.27254393841195834,-0.0410877267390235,-0.9979573348512512,-0.0489178548998951,-0.014223483186880104,-1.244290576021701,-0.2117023290183887,0.06234117869458881,-0.8543612259585899,-0.23286933159876383,0.023371706609890366,-0.8393987587257771,-0.20799006101353867,-0.20002951276874092,-0.8816145585069525,-0.07630512051233225,-0.177040481600187,-1.0189855997687116,-0.24703466967523136,-0.059050312422537284,-0.6900201174891223,-0.20261844156779585,-0.07848801572907979,-0.6944256952306533,-0.13244394068224,-0.351400453567996,-0.7431651492533826,-0.11487180242150041,-0.28580546469623364,-0.7988905679321294,-0.20435566870808072,-0.17673583774325716,-0.5976054236407911,-0.1569521158557781,-0.18304071850158887,-0.589943363407552,-0.10025819471651902
S,0.0,0.0,0.0,0.1771043205009568,-0.20979913127524388,-0.13931727817244757,0.30095618612400044,-0.665999456269012,-0.19203706954980884,0.1880663521786155,-0.997856892556819,-0.23413546410687722,-0.028577507334431596,-1.0553558579776265,-0.2380278055288194,0.15466920335261394,-1.049185316523278,-0.04606411834892595,0.18101409856581957,-1.354086469797466,-0.19138092845113622,0.2136547722857607,-1.0017246241761397,-0.24808556794205325,0.18374549341441934,-0.9159431983670858,-0.2718900367658644,-0.026383512978639046,-0.9986611887275516,-0.04449427347625348,-0.00377190903312846,-1.25326360480894,-0.2083245632634762,0.07188715081117211,-0.8620217899543047,-0.23130563004779175,0.036237178696988795,-0.8410555915472147,-0.20696134712083386,-0.18743619686602891,-0.8869809570331024,-0.07204232242772358,-0.17056239885379518,-1.0391109520800448,-0.24382155308492034,-0.05294928737357604,-0.7033439181842228,-0.19751233332661391,-0.06786404584587856,-0.6982936528411392,-0.12514918246510526,-0.3441550290961796,-0.7545462028140558,-0.11067770496091896,-0.28130299174164686,-0.8186385200836538,-0.20246431735895368,-0.17349301806238795,-0.6083709228314698,-0.15362019770221721,-0.17790482707788524,-0.5925149014409394,-0.0945252493621857
S,0.0,0.0,0.0,0.18186265577801056,-0.20199310444983465,-0.14171525378995606,0.31164957883307837,-0.6574608183102925,-0.1923261096055485,0.19619741731113388,-0.9857832768778225,-0.23087936190074956,-0.0164410164951274,-1.0369867962278558,-0.2307052857023748,0.16845892257981487,-1.043531346211221,-0.04648553428895754,0.19677412572289973,-1.33598704654273,-0.18768902358794334,0.22175779199008,-0.9816967990152821,-0.23994225146411988,0.18997483008337646,-0.9095485387381259,-0.26243403594575904,-0.011072229445483328,-0.9990252242382476,-0.04273180397345489,0.014061960219932165,-1.2438515314678427,-0.2052167984599077,0.08219221111616797,-0.8491064223603036,-0.22453939055616767,0.046246794572280335,-0.8377835589429369,-0.19734386161022863,-0.17113938318924357,-0.8923425701989979,-0.06839510204266921,-0.15681785055335234,-1.026173245353924,-0.23773036643925088,-0.04464180755404298,-0.6906208369113023,-0.19078527826966465,-0.057971530435291664,-0.6966612586487965,-0.11861976679544235,-0.3276948010245326,-0.7654863841874792,-0.1055679177943978,-0.2716750692376165,-0.8101360575723088,-0.19391250466010834,-0.16622323894759428,-0.5983001172751662,-0.14581136282598808,-0.16809602175034039,-0.5906556023638423,-0.0883933511266133
S,0.0,0.0,0.0,0.1898623734431201,-0.19119355419152703,-0.15289856704292962,0.32958337145309896,-0.6330515309176169,-0.20639102948957577,0.22252507197519655,-0.9690085354453565,-0.24574609976554182,0.008328475863188016,-1.013651334416015,-0.24670716209223661,0.18404468551762318,-1.0354033681766535,-0.04488973117993811,0.22150931861024187,-1.3052058823064272,-0.18470844501449035,0.2421682333351233,-0.9567007273581154,-0.23971368263128762,0.20788138201327994,-0.8915269038530853,-0.26490581339913455,0.004990699780005323,-0.9993862274871851,-0.03467363875681743,0.03507805126587543,-1.2161692228840861,-0.19703870844382365,0.10111044074121442,-0.8308581833553152,-0.22186914154324308,0.06375913695321761,-0.8275618093091152,-0.1992833216331594,-0.1546116967349104,-0.8978398373311326,-0.05507390313691324,-0.13374822787815727,-1.0062779123211885,-0.22761444169115547,-0.02553593433554467,-0.6790604216763415,-0.1891353490472378,-0.04163957239817855,-0.6902930048285554,-0.12185325619023388,-0.31096298075253076,-0.775190162282076,-0.08770905878845466,-0.24816872177984003,-0.8033238990059194,-0.18102165721541957,-0.1468919711612548,-0.5929098000099363,-0.14038158875984183,-0.15239738948578122,-0.5846479884435848,-0.08726784640281371
S,0.0,0.0,0.0,0.1884344391710025,-0.19931493713421652,-0.14141654864537664,0.335692014022989,-0.6435066713731536,-0.19438799979777308,0.24030511387638767,-0.9864641838621715,-0.2354948337504268,0.02839128811023887,-1.063350633464034,-0.23758493271946998,0.20671252246687405,-1.0313483102646126,-0.0457238315877078,0.24994583333700296,-1.3435908509528376,-0.18747312618951037,0.26822896224305953,-0.9846329877657458,-0.24035986064589893,0.23152431055158654,-0.9097788378662538,-0.262698150962645,0.027055282613397718,-0.9987569120760929,-0.04186457049745981,0.06581890366107614,-1.267122285994511,-0.20310521491921602,0.1257513822399007,-0.8617213830581786,-0.2240542955817238,0.08247986889265684,-0.8467829531036823,-0.19896216078110754,-0.1360343357969203,-0.9023767475245026,-0.06702960197647424,-0.10925836374733483,-1.0546132584268966,-0.23437824472149651,-0.008952714471818472,-0.7091296972388337,-0.1856115438067474,-0.03386685636314085,-0.7133966616520656,-0.11343535151294143,-0.29845360885408906,-0.788661127779816,-0.10327050803183707,-0.23695410791209606,-0.8507673633465546,-0.18910648481158418,-0.1414396259079599,-0.6290491961895057,-0.13658314691374263,-0.15471246390031648,-0.6143578209337105,-0.07702636356829096
S,0.0,0.0,0.0,0.18724717919359427,-0.20245514779097057,-0.1358906940601613,0.3334481178556789,-0.6345135465789575,-0.18825832384590666,0.2526005780099101,-0.9674684271090318,-0.2309738883749104,0.052601409422634055,-1.071654513580973,-0.23552341486533743,0.22669595781763927,-1.032699519108836,-0.04194310703058682,0.2754057867149002,-1.3370934795404912,-0.1876842929339848,0.28377733286803075,-0.9838569936953,-0.24452046195619093,0.2453587749994616,-0.9075701674947472,-0.26813982667355307,0.04118185345473577,-0.9982664136143784,-0.042050236569127444,0.08277528484044543,-1.269807596568203,-0.20641252421234313,0.13439532332403456,-0.8713305301695181,-0.23016123613487244,0.09515871330568204,-0.8555050124002466,-0.20703681757531284,-0.12873020282152411,-0.9019318414811,-0.07121408962804228,-0.10090658685542991,-1.062343337563285,-0.24330700882024053,-0.007299402047732719,-0.7132607265936315,-0.19471843865574331,-0.02774523752928341,-0.7126869235260027,-0.12147355021954834,-0.29632079916470894,-0.787501693317988,-0.11092773154665596,-0.2338674025103925,-0.859952533000673,-0.20023830842143142,-0.13953111596492046,-0.6385298035014902,-0.14676070098542646,-0.14519404916221756,-0.6230054047499196,-0.08560993002725464
S,0.0,0.0,0.0,0.18747790857614408,-0.20787962072533536,-0.1347711754492953,0.3408508877740022,-0.6453131600012301,-0.18704319366202227,0.2506696722880029,-0.9742686723588185,-0.2292995477304401,0.05080880827922456,-1.071543544455383,-0.2328934103622215,0.22867557771652525,-1.037232507541094,-0.043723816079061256,0.2788114192189429,-1.3466408105233114,-0.18633264755856094,0.2837411300711707,-0.9878769040864456,-0.24044145707440165,0.2444904803411806,-0.9193723702316915,-0.2635535108274862,0.043398105467815085,-0.9980377855677595,-0.04513516390584119,0.08734595327810074,-1.279124639318963,-0.2067544730710577,0.13512696117077624,-0.8767297479029621,-0.22844811639899365,0.09378516345094814,-0.8633041523905121,-0.2051635117638995,-0.1258018787544993,-0.9003492314416376,-0.07494379292753885,-0.09830852706137642,-1.079025211338352,-0.2431253246787304,-0.00845260941244942,-0.7271924959632091,-0.1914603403772284,-0.03235374880103644,-0.7287019952838288,-0.1179858345618181,-0.2931061870807294,-0.7868261541336073,-0.11514327194797902,-0.23270714380777205,-0.8793766894351711,-0.19921956021320694,-0.14279914916576245,-0.6547721022940926,-0.14070401021229195,-0.15383617104478298,-0.6367120211366788,-0.07769278542473555
S,0.0,0.0,0.0,0.18996312072493615,-0.2179551414134432,-0.11863405740478594,0.34162026220493374,-0.6564456695254917,-0.16369161610759594,0.2780392631440317,-0.9944690749774452,-0.20353252666695257,0.06787697255315805,-1.077814582902229,-0.20803534298512305,0.2541221893497966,-1.0281726742924542,-0.028374656501811885,0.3070303388398146,-1.338062498542476,-0.1616571803901459,0.31244475127103366,-0.9850521591522968,-0.21420821761237172,0.2777546636784,-0.911409090542532,-0.23799941620464032,0.07436362271138683,-0.9965675340243594,-0.03637584013938138,0.10786985044893176,-1.2599916905839648,-0.1838513185882224,0.15704900771978342,-0.8650519032977817,-0.20121174738811962,0.12442836481295735,-0.8471149295739205,-0.1790716068565134,-0.09566496868967976,-0.8998275555349526,-0.07122498406689114,-0.07684887830477317,-1.0757813599665929,-0.225522409306984,0.00827999640140405,-0.729688450834894,-0.16933583336707012,-0.012278434088681482,-0.7228517802949078,-0.09671848363902975,-0.26873286061787544,-0.7852291453820052,-0.11582101576289466,-0.22201456470049885,-0.8848829419068761,-0.1889667167756803,-0.13505427395249692,-0.666281168330936,-0.1246636851743737,-0.1417793223644042,-0.6388607490367139,-0.05986442368093231
S,0.0,0.0,0.0,0.19762701157314339,-0.18522077491727315,-0.13801346058570402,0.36039625318994306,-0.6236122636029618,-0.18681309443752708,0.2808494178350326,-0.9586439057963182,-0.22459589307280425,0.07842396703577798,-1.0649959411617933,-0.22438467169864926,0.26810121673651743,-1.0172384922541424,-0.035655035818734554,0.3363869223804912,-1.2964829010713241,-0.17756869592570282,0.3152474680022769,-0.9559010811862554,-0.23130113496301055,0.27583807110944947,-0.9082805274259532,-0.2555578476990213,0.08366681421027312,-0.9958336326368604,-0.036266242005179986,0.14120615964545805,-1.2638903721217758,-0.2024605310547229,0.16303318858532306,-0.8777935588585966,-0.22604359115568584,0.128360618988109,-0.8822055563904608,-0.20182178577083,-0.08856587410394294,-0.9100944336992792,-0.06677552040295409,-0.05123524187205508,-1.0674046395333872,-0.2410334502920374,0.01915547730265617,-0.718413155702997,-0.194607766958994,-0.002760870708048935,-0.7314668644805489,-0.12257675545490222,-0.2560263720618457,-0.8079256296740269,-0.10824679791807496,-0.18959267000916843,-0.871940060893664,-0.19752439918955897,-0.11449720549081904,-0.6481159481269408,-0.14658249755168637,-0.12821223996022363,-0.6457743302003862,-0.0883360617935818
S,0.0,0.0,0.0,0.19805278319656788,-0.18119207842385524,-0.13912139405748122,0.3732307468634504,-0.6130873831946314,-0.18884879189684603,0.294191090456412,-0.9504042698844115,-0.22666800208888893,0.0940383503551591,-1.0606319640088677,-0.22618314557676736,0.291063588964741,-1.0109760741153269,-0.04141954579465138,0.35336905288894627,-1.2943237005864174,-0.18015547369428953,0.33147507137411114,-0.9431062760461331,-0.23178154425911074,0.2940711979956542,-0.8922418995696159,-0.25528791387541083,0.10377648676131576,-0.9937400618082479,-0.0413658114004534,0.15478594782608138,-1.2655399480291358,-0.20324700068563611,0.17561156247434728,-0.8666623281913305,-0.22433894852845745,0.14193943387904945,-0.8614197912953087,-0.19933642857412262,-0.07193363761328644,-0.9107948901036084,-0.07019516435182731,-0.03981349117871904,-1.0778867324984578,-0.24012875802764477,0.0292754587537025,-0.717748536564392,-0.1886549550253792,0.012579146404176228,-0.7232018046874514,-0.11411328862232503,-0.24604911870615234,-0.8094160686733074,-0.10986105977448014,-0.1868259207746205,-0.8844584515957535,-0.19588804925419634,-0.11048899349061714,-0.6527511926815455,-0.13939977166335513,-0.11673406673027673,-0.6442083032001219,-0.07761886598686271
S,0.0,0.0,0.0,0.19931593893796357,-0.17630207768793008,-0.14148764274880374,0.3864441789980399,-0.601480978329193,-0.19190425163141034,0.3057927962414852,-0.9413243109877284,-0.22988256920737563,0.1081455294052689,-1.0556294521186456,-0.22915489021716656,0.3036057409747081,-1.0033462298659475,-0.04002552719359224,0.37516245665095604,-1.2848095517362286,-0.17842681745955788,0.3481936735217263,-0.9353092660767074,-0.229202834230658,0.3079159261569404,-0.8879429687631847,-0.25242502691479474,0.11523205872508462,-0.992579400506666,-0.03882919432341996,0.17584688510006904,-1.2557417025450586,-0.20100851669909234,0.1907539831186725,-0.8531969686102017,-0.22200953304171628,0.15610276883144256,-0.8534429342579603,-0.1969827350375041,-0.06063429789004223,-0.9155041635533716,-0.06694472454833214,-0.02051305741987196,-1.0759250163891925,-0.23824737593670628,0.04199858843140508,-0.7121115139203313,-0.1870725604939975,0.023372798423835123,-0.7224012911606962,-0.11245330614752388,-0.23575559351390016,-0.8185073623734709,-0.10605244740188152,-0.16930004739572377,-0.8888412301653802,-0.19345643906819499,-0.09831608817183693,-0.6540327605348584,-0.13720899545092516,-0.10974256102708647,-0.647834573166171,-0.07510003453767605
S,0.0,0.0,0.0,0.20613722496459502,-0.16634789327302793,-0.14409659802947178,0.397139494074017,-0.5877815128764993,-0.19477047344052412,0.3267636895082462,-0.9276319519727132,-0.2330788635118747,0.13598690080676493,-1.063829523308408,-0.23155346911418961,0.3285638303020192,-0.9911602238543141,-0.03782280087056108,0.4043034027985569,-1.2731499466429048,-0.18222067452844473,0.3672283516827096,-0.9281869521886461,-0.23469462131196217,0.3255977817831144,-0.8804630426935102,-0.2566035695458417,0.14116480475594528,-0.9893423112057281,-0.03569718695253349,0.20028362028554308,-1.258843418394903,-0.2045523291059052,0.20493207106008432,-0.860217752962144,-0.22557435071052043,0.17619239009853788,-0.8586582727022979,-0.19729129997166422,-0.03758228947197009,-0.9218418446499205,-0.06447397938824198,0.0027983266391065553,-1.0803175467347128,-0.2408408136632229,0.056388984580916575,-0.7146203514182411,-0.18879921121486148,0.04296864246822865,-0.725192753797136,-0.11097714989525184,-0.21467771194319663,-0.8370647286104783,-0.10482688482726311,-0.148291688782958,-0.895320868687692,-0.19444664617977675,-0.08468140719633432,-0.6564116029538621,-0.1390885333099795,-0.09381762155814874,-0.6534107512192817,-0.07611750626659908
S,0.0,0.0,0.0,0.20721896249437363,-0.16856562621196525,-0.13907196299951166,0.39878565052873627,-0.584494138485595,-0.1869045318003635,0.33897786699885923,-0.9247145924319238,-0.2237389873504904,0.15042005275288545,-1.057559490967925,-0.221118456607209,0.3418770518814973,-0.9828484198496279,-0.027318605631350107,0.42167665412246796,-1.2645734792444814,-0.16751128166239201,0.3799032778542599,-0.9206420686483759,-0.22049113855342353,0.3342719544161108,-0.8719708482969791,-0.2434116187323075,0.15654010277711428,-0.987344003032292,-0.02543650720323,0.21839356593309742,-1.2525193332837192,-0.1887333150033031,0.21826688817325732,-0.8531883774710064,-0.21056415408688597,0.18826604914313502,-0.8544106516581517,-0.1845836373545465,-0.023361520987423504,-0.9233789361098778,-0.05413092989896623,0.01856180038426872,-1.081166611693814,-0.22244453361614752,0.06676545792529359,-0.72008975409241,-0.1711493547431646,0.0519345576282109,-0.7322282903392466,-0.09622441680373814,-0.20203551538254866,-0.8435254127233193,-0.09438466932675992,-0.13834097749536156,-0.9011041477997999,-0.17711205012292733,-0.07883160688079298,-0.6664952746227957,-0.12147882737320399,-0.08670852601160901,-0.6641223748940123,-0.06016985006597968
S,0.0,0.0,0.0,0.21344855972625937,-0.16943336963671687,-0.13711231963623666,0.40847703584408807,-0.5812010348134227,-0.1854484022705527,0.3549664548606618,-0.9191641066307876,-0.22367625150105602,0.16807284601100936,-1.0566182884582163,-0.22246268079636422,0.3554843243949754,-0.9796004485702356,-0.028883501703502953,0.4497376957381866,-1.264597595293711,-0.17025885308582125,0.40055794754854246,-0.9144954681350251,-0.22323516021756423,0.3504808564589239,-0.8677839709693778,-0.24554200907459373,0.17058183461690804,-0.9849314913087032,-0.028492018656876197,0.24815437527763412,-1.2518586372052056,-0.19244255911536673,0.2382795110180895,-0.8465771763359644,-0.21463015986235998,0.20322361268525702,-0.8535159584368861,-0.18904042460351944,-0.011269242861992488,-0.9241895244968137,-0.05820975621912939,0.04451892238082167,-1.0863742087839858,-0.22933926367834342,0.08440901376600402,-0.7150318040478575,-0.17696285929378489,0.0656827472360647,-0.7271712314218899,-0.10027800030855824,-0.1929060294991081,-0.8487040873472222,-0.09873961016871943,-0.11922160270555983,-0.9186008491056793,-0.18196140942243216,-0.06427311529244813,-0.6761142061703589,-0.12172130311224247,-0.07795796654976983,-0.666612304704025,-0.056579270544177766
S,0.0,0.0,0.0,0.20935738244195698,-0.15202773351206259,-0.13846134574184313,0.42059578194203906,-0.5497843276902862,-0.1900073268995909,0.37420949676887705,-0.8863337668074577,-0.23033634181942444,0.18620119825505177,-1.0206823303174022,-0.23159223788601868,0.3720265608437489,-0.9656361956440919,-0.039122973766428024,0.47338929296147936,-1.2247506164077493,-0.17882978984988798,0.4138454497584723,-0.8794990370843329,-0.22887420960837085,0.36510265289255067,-0.8558296643725765,-0.2524065972069011,0.18624348896114842,-0.9816649248726292,-0.04058741300445144,0.27632526716391403,-1.225508171664785,-0.20706551304447027,0.25242881174768217,-0.8217165098539339,-0.22808613149389145,0.21292414381962174,-0.8427559522643839,-0.20252627228329706,0.003819402378433454,-0.9279978349633403,-0.07148591074980308,0.06602388261282563,-1.0672403525318437,-0.2443732477430477,0.09623342108611192,-0.7000170965374986,-0.1945343401305231,0.0724572183733027,-0.7282400750600533,-0.1212561419330794,-0.17596243443641665,-0.8566661009901142,-0.11333560982296265,-0.09758856240755687,-0.8994365307920122,-0.1997849151650579,-0.04913076812619964,-0.6573924777353163,-0.1450364128279425,-0.06965132196010732,-0.6615308991358267,-0.08499891756757462
S,0.0,0.0,0.0,0.21168039182133677,-0.15183510823159607,-0.14677319088548454,0.4226151921901228,-0.541065800382505,-0.20200882318226737,0.38218356742179943,-0.8773918206081324,-0.2447931011768538,0.19850692944269674,-1.023723508975186,-0.24853648446966053,0.3806442699943904,-0.9619249961516201,-0.03990018840356512,0.48868561347901784,-1.2153610803208101,-0.1823304885773552,0.4239242010260297,-0.8779552379914884,-0.2356366734366442,0.3733885265731387,-0.8568893411654899,-0.26020179990122133,0.196569860811784,-0.9798072542038697,-0.036579152941382996,0.2895994733364824,-1.221896391409954,-0.2053028774389833,0.2595649928237294,-0.8254099558377936,-0.2303621648394921,0.22097971693815133,-0.8506047030647034,-0.2066682647418688,0.013928235991936532,-0.9278531195589831,-0.06376286522397007,0.08017091461642092,-1.0632435288246762,-0.23859245689148859,0.10396483139996675,-0.701543892880813,-0.19250985493543946,0.08145127511080126,-0.7333466739099727,-0.12053624545853608,-0.16507835503190343,-0.8591891051458578,-0.10247631259585718,-0.08561997608934879,-0.9000194193337594,-0.1891792786343575,-0.04171161797627383,-0.6633115792542995,-0.13608364072096737,-0.06137539885640405,-0.6695012738129755,-0.07653484910170533
S,0.0,0.0,0.0,0.21049603488360322,-0.14300735039670542,-0.1465600844177779,0.4226019051455593,-0.52665094407122,-0.19997586008597168,0.4003377452797955,-0.8666733884893968,-0.24158104675452735,0.21621222402228563,-1.023034878910705,-0.24396269225257808,0.3990579243082868,-0.9511284680100403,-0.030636110143157973,0.5096001997176043,-1.2010830039857998,-0.17446549726496532,0.43561237244894074,-0.8733870037212481,-0.2286700867313975,0.38517258659749964,-0.8580463172420234,-0.25301208688622684,0.2152554037286166,-0.9761863068813933,-0.02693335149765832,0.30873659876262743,-1.215387135146883,-0.20142486419823735,0.26982849082550986,-0.822848471948296,-0.22894431430688336,0.23703856944212318,-0.8536804555085267,-0.20423866153176057,0.03115830653075664,-0.9299351938201769,-0.05437458929931315,0.09235752181876061,-1.0584006845569092,-0.23477904469433294,0.10806347592166798,-0.6972030539868279,-0.18977132274246034,0.0898410696806658,-0.7330493000698415,-0.11584824557396514,-0.14920490283127688,-0.868300573618445,-0.0933926905029736,-0.07467258870568362,-0.900016102461429,-0.18286102316928168,-0.0363049070455458,-0.6623776746176037,-0.1304914005536566,-0.05200606228123956,-0.6710429522308702,-0.06982400588171563
S,0.0,0.0,0.0,0.2126692325500206,-0.1438686743682921,-0.14582931567521812,0.4320493981098512,-0.507072841751833,-0.20526524046379713,0.41471012220160686,-0.8467297386150702,-0.2532830140924295,0.23774579317984326,-1.0191612934465943,-0.26170846540312115,0.42579524186839074,-0.9315195311806588,-0.03792982830693784,0.5356762997763935,-1.1954773121651137,-0.18665743879155516,0.4611904157542135,-0.8596153479641054,-0.24540065993571167,0.40363095887410055,-0.8153145161802863,-0.27009934202566244,0.23949770146986188,-0.9702623538760847,-0.03509723125108697,0.32586350418117804,-1.2033030112978436,-0.20265392083043463,0.28942857682021245,-0.7975534569969482,-0.22762422129822324,0.2521448711121915,-0.8122108911454615,-0.2038723644839049,0.052067712066182895,-0.9380787636744928,-0.06352041985306826,0.10580208231647403,-1.0703277369258382,-0.2381275508726793,0.12084816760284957,-0.7002454867615101,-0.1896381445279289,0.09966630831815547,-0.7251202763983047,-0.11575781778781132,-0.13517800309109593,-0.8850273249494969,-0.10354878808663848,-0.06425698812654843,-0.928390033297097,-0.19155733055715135,-0.03030250380349066,-0.6813843661678437,-0.13500328513353388,-0.052143655391972056,-0.6786742317965442,-0.07121149641134468
S,0.0,0.0,0.0,0.21005185958389866,-0.12855790564593786,-0.15525673366013096,0.4407204803436959,-0.4749966619333198,-0.21803255773302516,0.42793824334190245,-0.8170257087598355,-0.2677621575075972,0.2532415230767702,-1.0045157322598806,-0.27765467827678,0.4434036730007156,-0.9200047542991312,-0.042267346550909204,0.5653554063488029,-1.154910451283132,-0.19294511906816803,0.47608152165345935,-0.8225896263350563,-0.25294186618499337,0.4143208746140309,-0.7946695201747843,-0.27964802962671836,0.258530813633411,-0.9653137858715884,-0.036484424187691114,0.35215962993567973,-1.171895828060896,-0.2097786233236944,0.30199049321439614,-0.7680795752354653,-0.23763551362727175,0.2660303998184353,-0.7973997443225614,-0.21516709499466788,0.07090578208930909,-0.9373815068548851,-0.06307018758944327,0.13112268960857984,-1.0490530785094776,-0.24710742531930763,0.1339704002646414,-0.6779873426009415,-0.2019326409873802,0.11290213677747091,-0.7137878978027642,-0.12838448450300544,-0.11932018311229152,-0.8882070400538179,-0.10160923779556726,-0.0425382312365756,-0.9122314632816202,-0.1986942461928988,-0.015106514831306901,-0.6620392407409035,-0.14618845129379943,-0.03644885202540147,-0.6672802087462562,-0.08364355990965282
S,0.0,0.0,0.0,0.21220823143620607,-0.11790392813657447,-0.16739395477371538,0.43225125432422157,-0.43739161702588203,-0.24162584467894604,0.4271267081231816,-0.7591602210435605,-0.30019819076497944,0.26289273489126547,-0.9385831312991284,-0.3202210677581315,0.44039534623260956,-0.9098564999166046,-0.05898153062686115,0.5630783179011141,-1.0931683361969602,-0.20969672339856385,0.4758685938242528,-0.7739699135301119,-0.27403464527536864,0.4120402268757716,-0.7539808443070362,-0.3056655596169686,0.2605529472328071,-0.9643392481262276,-0.04649705594593961,0.3598918184188376,-1.112308410814507,-0.2185576322954898,0.30725801913175027,-0.7276795854252173,-0.2522417920259735,0.26770270846885336,-0.7701579611416771,-0.23612642544583842,0.07645661252167495,-0.9398219147755046,-0.066351382862514,0.14279980306881468,-0.9790740758431753,-0.24558737283505433,0.14519828751846464,-0.6403630120997198,-0.21421925404473627,0.12075652189292839,-0.6946146636613878,-0.1530881935708225,-0.10498395599638051,-0.8895031239625701,-0.09948108637680152,-0.025368964039688753,-0.8549966160366307,-0.19670887210987362,0.0017559830466663665,-0.6252793426746422,-0.158945307358935,-0.02177791544325355,-0.6452731568479041,-0.10842882127192538
S,0.0,0.0,0.0,0.21794177307180135,-0.11453143403689134,-0.1790433375026754,0.4445731084474258,-0.40461685805670294,-0.2655527174187436,0.45911935489745836,-0.7263327797165898,-0.3364001163724782,0.2953548877860443,-0.9361953098837941,-0.36760607930330474,0.4829156757902839,-0.892223800287637,-0.0653529762023246,0.6104883108042496,-1.085728976526798,-0.23101436003903852,0.513339971518938,-0.7615488587118459,-0.30510247920900624,0.4468220145246447,-0.7204804266364896,-0.33881707683778967,0.2985905550918166,-0.9531545015399326,-0.048375371875812735,0.3927035388789079,-1.1166170572513157,-0.2362664544255623,0.33185783479900594,-0.7195230805652614,-0.2745643802068049,0.2974594249929554,-0.7446701527009038,-0.25737230351675106,0.10980985013347655,-0.9408858544800927,-0.06596649878586053,0.15975462173861651,-0.9959699774071004,-0.2564875028028525,0.15257046582992737,-0.6491445195178512,-0.2216545201395397,0.13231659609227814,-0.6918805925063497,-0.15461668858750469,-0.08119630096065739,-0.9085912600366017,-0.0977908905860499,-0.014988376115350024,-0.8889300245115658,-0.19856901291425597,0.0036373736874036203,-0.6516716965925883,-0.1570143509952305,-0.013193871057424762,-0.6627415406456103,-0.10195967706200192
S,0.0,0.0,0.0,0.2132573973612993,-0.10138928419855302,-0.1837042485598625,0.4455098289495412,-0.38724614522365186,-0.27518381074940745,0.46201060569217617,-0.7036002375127824,-0.3495303824419409,0.3044406788574532,-0.9207796471829564,-0.3840677069463352,0.494033722965847,-0.8755956282805639,-0.08027104768981427,0.6256053559444638,-1.052288735010648,-0.25252240403843834,0.5221463304871352,-0.7467409350908417,-0.3268950586764546,0.44865038632674203,-0.7064690469928602,-0.359043693104658,0.3048457845189051,-0.9503316918127487,-0.06275924790317484,0.41162581370840234,-1.1077461544073848,-0.2503760314902211,0.33798680650164015,-0.7145131082571028,-0.2823933750197153,0.3024180261893167,-0.7502148868788647,-0.2606391201223978,0.11296373166860735,-0.9489256840090493,-0.08059384941433577,0.17306458933920008,-0.9950769960214392,-0.271862088107458,0.15756525392114812,-0.6493671214726607,-0.23339785372130772,0.13892140712210127,-0.704439025499471,-0.16444955310648574,-0.07987087664118242,-0.9249807762142067,-0.1132006427992173,-0.0073433039554577665,-0.891567467152013,-0.21552377956999758,0.00829945396385356,-0.6545048102207814,-0.17358578435623484,-0.008056103003070119,-0.6750537679388123,-0.11842027602937803
S,0.0,0.0,0.0,0.20800361501090955,-0.09375367054060565,-0.18154192332177946,0.4422190876463454,-0.37572842865352324,-0.26898582059790804,0.46431296121582893,-0.683558346513105,-0.33809322855067053,0.3035846168628833,-0.8878315400599626,-0.3683284812833999,0.4913581660948294,-0.8595899768118495,-0.084081505955033,0.6260293271242686,-0.9917884534372302,-0.2464724236762536,0.5129939792626533,-0.6912664578816149,-0.3168906174146995,0.4432527048007795,-0.6769210302489342,-0.35112225863164437,0.314017591371128,-0.9471671973729557,-0.06532421090327592,0.4206127362501443,-1.0563337586645047,-0.24898517959707295,0.33654848121968345,-0.676237096264833,-0.28153454050177784,0.3049668649815208,-0.7200064160996807,-0.26205954222545447,0.12724504090360497,-0.9519559628354824,-0.0798053676464071,0.1843328351888519,-0.9591998759332446,-0.2639538859146879,0.16222949176420387,-0.6216777533085021,-0.2284168076265507,0.1496398454260931,-0.6775551598095779,-0.16353325101011992,-0.056963283226602865,-0.931615064677557,-0.10934677264040985,0.0069806861977272285,-0.8611465404125888,-0.20665380904283717,0.01954472885335627,-0.632057766774901,-0.16994411278638172,0.011157944531392067,-0.65859650977029,-0.12021216002591038
S,0.0,0.0,0.0,0.2027532999309026,-0.10484520170720707,-0.17946600938796267,0.42529917973363646,-0.4169801887067892,-0.25569883290937995,0.4240468660349622,-0.7266767360296744,-0.3125776796456504,0.2647981595489417,-0.9270560330066306,-0.32964997484117214,0.4738631065131791,-0.8791490806394796,-0.07098137495948408,0.5842957425219373,-1.0337348797155876,-0.22471715757650224,0.4796816725376399,-0.7244195246357134,-0.28790055980460905,0.42032984769107856,-0.7121677923236002,-0.3177868984006221,0.3008463035329259,-0.9523737116547434,-0.0497575622347244,0.3762166073758677,-1.0855094362460938,-0.22884327469244126,0.3061959523195442,-0.7077398688319793,-0.2592150774564596,0.2850326912909426,-0.7505699778854613,-0.23717178677037423,0.11726993261192237,-0.9452017993527304,-0.062303566159677554,0.14862084962713779,-0.9682298731457168,-0.2433019866462354,0.13826124564666234,-0.6326421953621968,-0.20909755590193102,0.13972052729721476,-0.6886443612244687,-0.14451162624273248,-0.06279568751791537,-0.9146388313928888,-0.08982703705401973,-0.02458120893102332,-0.8478937681096496,-0.18483905588403082,-0.004901393324005619,-0.6243081457534024,-0.15102551353361318,-0.0006051448745271298,-0.6577045785163684,-0.1033679360987512
S,0.0,0.0,0.0,0.22482281363764728,-0.1659139472485093,-0.1623993952932567,0.4023150742687457,-0.5365841516909788,-0.23132749181379395,0.33692291569872895,-0.882584565885103,-0.2893600492074221,0.1433625117564176,-1.0553839072932412,-0.3040384854609711,0.4143892516583095,-0.9472279253324797,-0.03173340986312759,0.4827710477053554,-1.2435040752935604,-0.21174565818746308,0.4125640422155961,-0.9249996538269963,-0.2931603529951813,0.36680594883654627,-0.8278388447294109,-0.32298075458054815,0.22781096871106818,-0.9733825280949837,-0.025072226353933882,0.2559744136632632,-1.228785845768151,-0.22248022912881207,0.23367795159179822,-0.8457553600397169,-0.2624095810077146,0.22754561846518337,-0.8308812928349856,-0.23823634964303528,0.039822919932338226,-0.9312296402913076,-0.055711797803541616,0.038741135899184855,-1.0701186285587927,-0.26083607906517847,0.06894659182180636,-0.7069842228590913,-0.22197718472935968,0.08554024721215994,-0.7067359202547019,-0.140840394273084,-0.14555832210120476,-0.8657309339619447,-0.09975931902203987,-0.11731186254694526,-0.9108345461479322,-0.2064955868333476,-0.07295093456871357,-0.6697744098872753,-0.15852807510763758,-0.058608309057556145,-0.6563438331961214,-0.09201248622809695
S,0.0,0.0,0.0,0.22533110660779368,-0.1762895659322515,-0.15883222626808605,0.39109826884912924,-0.5672583624209722,-0.22262517720670946,0.3004154576979666,-0.9133420509242942,-0.2753817191835951,0.09939075219121048,-1.067869162677021,-0.28397780535227574,0.3876295193532699,-0.9678020098829333,-0.030980778891647725,0.434897658612245,-1.2907732174086992,-0.20471660655513063,0.38560272203133183,-0.9463094130946028,-0.28221312019997186,0.3560785848058306,-0.8343851815343022,-0.3094341522143846,0.1979292063299031,-0.9799433729605004,-0.023130392828751286,0.21349992231366238,-1.2543060323760333,-0.21274999659745003,0.21063007496494993,-0.8614166059009095,-0.24851437791374126,0.2109293410780085,-0.8345592293787942,-0.2223663018460855,0.011142761257787643,-0.9264420643504291,-0.051616916015875806,0.0021455419724841756,-1.0855698839500154,-0.24857109143161307,0.050049945402609736,-0.7257451088760214,-0.20733779761166563,0.07272240531529164,-0.7141473447516552,-0.12534643133463094,-0.16978191517708915,-0.8493986114867602,-0.09319464099460648,-0.13929487351117822,-0.9266669763365102,-0.19427468380824722,-0.08673797329002966,-0.6878533579578319,-0.14175966558368436,-0.07579053033594402,-0.6562232603100285,-0.07191722842527817
S,0.0,0.0,0.0,0.22565121252249523,-0.1797776798371085,-0.16418181364214016,0.39069051624751755,-0.5793327182180513,-0.23035602540079295,0.2824606106798176,-0.9202326910624749,-0.28364078336827736,0.07628881619043545,-1.0650498036706209,-0.29117186437672077,0.37439456972557084,-0.9713403547125603,-0.040717395739198886,0.4183544736954044,-1.297368429580263,-0.21920279445904398,0.370606833288976,-0.9474026360789677,-0.2975251874301505,0.338350684020886,-0.8355416006323634,-0.3253187423448526,0.1861028857343963,-0.9820065909696042,-0.03207446357441622,0.19761494514500455,-1.2553609366103162,-0.2268085082801367,0.19843971505850197,-0.8548084548118187,-0.26064565892153896,0.19849179412603585,-0.8278994591656286,-0.23237877546042085,0.001668007581439517,-0.9271292892822797,-0.0606244057706112,-0.011806804771544641,-1.0841572811292188,-0.26149039709452965,0.04141652482771832,-0.7188115417264308,-0.21759337582858007,0.06633765138548782,-0.7104005876421658,-0.13362738714969766,-0.17847681121402834,-0.8488943411284685,-0.10291868565356327,-0.1527438421708726,-0.9152111239514339,-0.2069340418947598,-0.0945320027410246,-0.6723732651101271,-0.15536149869591676,-0.080146360738831,-0.6483330504393667,-0.08634321812575044
S,0.0,0.0,0.0,0.21779405030706409,-0.17245828792499612,-0.16432434460504172,0.3812896782622278,-0.572475458143431,-0.23135008061693163,0.27749789466203384,-0.9038826456425656,-0.2855659171133574,0.06611288717367715,-1.0242120713037624,-0.29454268483969115,0.3611976967783339,-0.9743176240471976,-0.04795351465736693,0.39267370931903073,-1.2980395036290382,-0.2241384128842019,0.3450923000722249,-0.9430097270510697,-0.3010273615375554,0.3169662796114517,-0.8225735987435893,-0.32841348338528364,0.17565828035955003,-0.9837262974553153,-0.037772215132057134,0.1716285797416709,-1.2418644552790885,-0.23123579193785843,0.17734921839080714,-0.845795464132136,-0.2626265691728228,0.18565209731180318,-0.813036121292165,-0.2330811453649151,-0.0055927404007896035,-0.9283820442426428,-0.06422824973124083,-0.03896983540345474,-1.0732920277323295,-0.2603102929460819,0.021014443071119267,-0.7159131625051955,-0.21657860285861072,0.05642486659990719,-0.6972755254090166,-0.1340727177565996,-0.18105754295689172,-0.8526497957531608,-0.10512044245578601,-0.17432060236267807,-0.9032295674764329,-0.2084399219189818,-0.11241205307516072,-0.6642890091930871,-0.16133885573944384,-0.08487588629231478,-0.6352727734456632,-0.09561404509392543
S,0.0,0.0,0.0,0.21078584250318408,-0.1713171951105737,-0.1624410603326609,0.37424269833088303,-0.5642461958356694,-0.22785506782475892,0.26720557921943056,-0.8783197616100346,-0.2806198571775349,0.05618780051852404,-1.000555882359542,-0.28894256539946445,0.3572621681895794,-0.9730953187144942,-0.04560294547899712,0.38705268532552456,-1.2853392453811294,-0.22260962067816462,0.3324514576517922,-0.9375589951694919,-0.29876186347925965,0.30423494715797567,-0.8132268318157995,-0.3244451172748099,0.16797889361456267,-0.9851728756110649,-0.03489264192136571,0.16884596159830828,-1.2383073596400334,-0.23426573855292565,0.17029574235125433,-0.8522350176394021,-0.2688961510841651,0.18046108223688134,-0.8129406814294454,-0.23856703752622557,-0.011674361308269984,-0.9342093840910842,-0.060770854180329,-0.042845006530972146,-1.0583717241916455,-0.2565539185440054,0.016214709847585468,-0.7146471261308942,-0.21840566489620758,0.05417254064574389,-0.6967302343740177,-0.13848398764952324,-0.18320661800156152,-0.8631514574099135,-0.10127108583315576,-0.1760352656589799,-0.8867100356109253,-0.20179370596693866,-0.11216664303848083,-0.6570178026497455,-0.16012122712283677,-0.0776196386774169,-0.6362986476990244,-0.09799141913635612
S,0.0,0.0,0.0,0.21668116257455342,-0.1788072638263861,-0.15915190516097258,0.3799416839147241,-0.5713003499685451,-0.22382985332317049,0.2716324096516601,-0.88692039539729,-0.27723782697550187,0.05944172394886723,-1.0108817340430538,-0.28716613489100923,0.36639497166896556,-0.9730136261895386,-0.03967821297410468,0.40224821011447803,-1.2852447314886204,-0.2208370465808002,0.34542686599567013,-0.9403147966402806,-0.30344051686266593,0.3093843376812183,-0.8024900561974734,-0.331976824191201,0.17409854261242583,-0.9842054349319433,-0.03208362994820891,0.17626469914321385,-1.2446038708895133,-0.2335980746705034,0.17762266393912307,-0.8600216897384486,-0.27386707387435544,0.18239436113242452,-0.8047494099390681,-0.2470803632132577,-0.00824623398454039,-0.9329951058000706,-0.061055495685586464,-0.03602262211408534,-1.074442593744118,-0.26065164151992304,0.023450227893536735,-0.7245086020545626,-0.22469758269369083,0.05489876709432233,-0.6901443473964624,-0.14502565103636286,-0.18377512757602626,-0.8584460234967133,-0.10414702444628761,-0.16908688522197943,-0.8978791206299491,-0.21020849282603768,-0.10628680430583033,-0.6616042850346763,-0.1689115193387152,-0.07756794807166181,-0.6296106778747651,-0.10582490224070006
S,0.0,0.0,0.0,0.22177128904123608,-0.16695160817866134,-0.16294130196780093,0.3959213439057573,-0.55764958455761,-0.22756480518779698,0.29357707864113414,-0.8807617287489892,-0.2789131854603963,0.08449080504394607,-0.9897373811359309,-0.28697198454537437,0.37441409423320576,-0.9671653790564909,-0.042548889375863146,0.4113225389950445,-1.262755697468814,-0.21488863890439075,0.3497780310065991,-0.9245028846102654,-0.29237879940740086,0.3145782544013177,-0.8068868850246352,-0.3210716121012004,0.18912292383065554,-0.981399287383847,-0.03298421447028103,0.19705426825429992,-1.232979364123138,-0.22142330938181132,0.1912570649804864,-0.8596351935947271,-0.25424500223256863,0.19530850940930963,-0.8203832592781527,-0.22687104882554623,0.01067997842126239,-0.9304962405632913,-0.05995416301461707,-0.01082049506782545,-1.0681132155657393,-0.2508317672936555,0.03839991840632281,-0.7205722167052488,-0.21003062803269246,0.06402958411344897,-0.6910487419951392,-0.1308804586116159,-0.163933353407435,-0.8572442707557455,-0.1017468262064023,-0.14987847898001466,-0.8959815717703137,-0.20249696087607402,-0.09453703199073496,-0.662482849000821,-0.1589172186087201,-0.07115170957503349,-0.6360535936449782,-0.09697708404034959
S,0.0,0.0,0.0,0.2189635061889263,-0.16944649315915541,-0.157276128852537,0.3938597464848506,-0.5568507188228643,-0.22339949412558774,0.2802261061534424,-0.8716042335430184,-0.2773745701097987,0.07137163704645626,-0.9903232809391086,-0.28860496446739914,0.3762200511950253,-0.976017559229109,-0.05213947996836215,0.41144958661359715,-1.2920100469559286,-0.22593984940758807,0.34561801402470477,-0.9386874235634876,-0.30353556914064894,0.3110095005039192,-0.8082133962312895,-0.3318093160981957,0.1831281221824617,-0.982029802639789,-0.0456240900531984,0.20306404503617856,-1.2619833311190722,-0.23595188568699443,0.19193767365280376,-0.8735675514624596,-0.26905559974668475,0.19190696576373345,-0.816384404243611,-0.24220173138935586,0.00034609597328635183,-0.9291887509354798,-0.07357051575051905,-0.013366602208373414,-1.0993651886813003,-0.26294780061060363,0.03323785786040107,-0.7448111789371404,-0.21945213046158288,0.05554659736604357,-0.7010773645925135,-0.13934028306782492,-0.1791454896046864,-0.8550254055032508,-0.11547128926611899,-0.15362831759512313,-0.9246457896994925,-0.21423239896154858,-0.09978510489927284,-0.686658384962237,-0.16578149158644157,-0.08211289537396127,-0.647976921542881,-0.10104019582519087
S,0.0,0.0,0.0,0.2206264878565751,-0.165065321648589,-0.1563500340380094,0.40440936546492384,-0.5464977374347175,-0.2233087980519598,0.28765377035891615,-0.8629929402380284,-0.2775592400010128,0.07879842024857978,-0.9876281955921051,-0.2895549402479196,0.38076202298842443,-0.976215339896917,-0.05615123124290455,0.4158242207047906,-1.2985950209126136,-0.22907207659030276,0.3576512855929506,-0.9449164670425001,-0.3063057395173704,0.3245279191076887,-0.8135271133176276,-0.3341488538367675,0.18625286061680962,-0.9812507387280456,-0.049566719255164184,0.20812678874016333,-1.2688307077106418,-0.23906689155477232,0.20248152878205614,-0.8794201086568251,-0.2729467448694121,0.20225794333162878,-0.8216056373728248,-0.24706972829946394,0.005150099984965656,-0.9289466490247402,-0.076386191670651,-0.006964959445995485,-1.1081380267206138,-0.26351709666393436,0.041646880119846165,-0.7551578592737052,-0.2188564937156348,0.06370694767510036,-0.7123294300255844,-0.13874446350159708,-0.17410508136383473,-0.8557424094565684,-0.11693354375771849,-0.1478037977684415,-0.9343986802561772,-0.21347946813174457,-0.09378409873088137,-0.6977545670863444,-0.16256409629088772,-0.07774302421184709,-0.6582046640040022,-0.09628842672777038
S,0.0,0.0,0.0,0.22313888648476418,-0.17270684717328944,-0.151411807242032,0.398254255245606,-0.5596197737534707,-0.21472197148035502,0.27385064141931253,-0.869949602336657,-0.26650183843354186,0.06587212459081258,-0.9915117324240299,-0.2760108805017354,0.3708692634751167,-0.9791591937861871,-0.049563516586916975,0.4110600200385584,-1.3067137874067953,-0.2213842828800878,0.3505650935834172,-0.9534329554648173,-0.2982738060854451,0.31463484380661033,-0.810370898336396,-0.32463401823815374,0.17726769544394905,-0.9831967965316663,-0.043591552413976185,0.20002308607394179,-1.275449324491452,-0.2296523356477238,0.19404375754138234,-0.887028177061373,-0.2623181358396591,0.19426521415369935,-0.818624318503116,-0.23540367152211658,-0.002819591377735604,-0.9307379949888392,-0.07092637890176579,-0.014016900873712315,-1.1159001482475173,-0.2545560272993662,0.03490583201623583,-0.760520544489463,-0.20910461323784194,0.0569617526599397,-0.7051540393383462,-0.1281631713111479,-0.181184437881399,-0.8552335933338655,-0.11165892051836453,-0.1552331243756156,-0.9406932296126294,-0.20621034357846102,-0.09984943100703948,-0.7019548597476685,-0.1545074052064421,-0.08276253356650108,-0.6542787249450277,-0.08736421193451832
S,0.0,0.0,0.0,-0.21263840028108563,-0.20012776869392968,-0.1242713294700308,-0.36682320094116616,-0.6114363260394697,-0.1752937626529973,-0.24596639724638478,-0.9292149176353452,-0.22817252358576637,0.01893269935296193,-0.9694461184828789,-0.24931712775953183,-0.23875058462997348,-0.9928389209554328,0.01235260683588576,-0.2601172345554557,-1.2276489147527556,-0.14932574501228568,-0.2625214128675782,-0.9304736833421637,-0.22322059774710312,-0.22056410376698185,-0.8516269047686831,-0.2547267508880604,-0.041406658853239034,-0.999142309389653,0.00036631969975418194,-0.03212672722924882,-1.2535950299794245,-0.1714569650217334,-0.08801636163599653,-0.8768075451351245,-0.1819241167428362,-0.06420565495785899,-0.8309022704217789,-0.13698464801114488,0.14788919671596423,-0.9269340620348705,-0.0513155192643225,0.18386255461660833,-1.1383123309091194,-0.22267904647611741,0.08578699292620968,-0.7890768879429453,-0.16861023161869787,0.08242846344133599,-0.7496622391363217,-0.0793184939494109,0.34006012396358165,-0.8023647394104857,-0.1184045724028944,0.3375677214302804,-0.9414252317884887,-0.19811730721544524,0.24650420991357053,-0.7329791208534167,-0.14863613478807172,0.23220833526256174,-0.6941260478942963,-0.08509007879652569
S,0.0,0.0,0.0,-0.38616982540724326,-0.01823091305422336,0.07328917110518249,-0.8095917340305552,0.19354227762305118,0.061335446834395665,-1.0866320565962981,0.44738725145848424,0.028458631166504916,-1.2380725700877202,0.7285120164376139,-0.011702137927749125,-1.0877895289376032,0.17826397354236034,-0.059573154030257765,-1.3746288742255908,0.6872879711500074,-0.15168946240811582,-1.3225432391628698,0.9573127459235964,-0.21199221031183127,-1.2463425631629568,1.0507640605279065,-0.24283379279518572,-0.9218735811585035,0.3604060376944949,-0.14232564194603248,-1.1836008630673964,0.8836794750794507,-0.19833621288957584,-1.1828997218188495,1.17469093128256,-0.2251705798118976,-1.1564302440202001,1.3293166647485806,-0.25347701253163285,-0.710881963444811,0.5632701236482702,-0.21771617259773224,-0.941750759804272,1.040845940973116,-0.2506705349581034,-0.9663351580502817,1.2961498510072358,-0.23797607387725495,-0.9765737638732077,1.4384374834460412,-0.24244799452708415,-0.48137492357692463,0.763702649270901,-0.2846871542233431,-0.690497382668717,1.1411353987127668,-0.3081690021699661,-0.7216316931740797,1.3184027633438928,-0.2840173896142735,-0.7419918756407287,1.442827525023495,-0.2663249193361846
S,0.0,0.0,0.0,-0.2669014416910743,0.12532897534170623,-0.20150756730945626,-0.6936662832253551,0.24559395038900247,-0.20326679117148644,-1.0654453850694348,0.2965984897888609,-0.17280673947789044,-1.363760886293317,0.31925416959857894,-0.12543372678702655,-0.8537538841709528,0.4837100578583484,0.09949920909665266,-1.2309924599081743,0.5599645242377389,0.10343966461059427,-1.5059310358807307,0.5575476997191937,0.0608049852034506,-1.715568944138108,0.543619276121261,0.027734355815022253,-0.87597103929744,0.43536685822752336,0.20767868708478077,-1.2188859731157087,0.49627799263877803,0.2278367750004351,-1.4579684003821443,0.512902793252003,0.16025340972504587,-1.6899138524066235,0.5120074797890873,0.1063167490189923,-0.8906930192494724,0.37480385985888454,0.28327464426204185,-1.2032256286162615,0.4574351050574099,0.2919111390965499,-1.418670774072734,0.4942950335951845,0.2505804439585043,-1.632153461002041,0.5232924549777784,0.2181889524168612,-0.9090741550155945,0.3189187066024823,0.33519870171182603,-1.2023625568746374,0.4040718880583298,0.350148260692252,-1.382959433559928,0.44582883086579067,0.3482654047385354,-1.559198459557592,0.4952074929445674,0.3457522277927781
S,0.0,0.0,0.0,-0.23780389784785794,-0.15803430448297798,-0.11643614839022372,-0.4466271655883209,-0.5213157499417927,-0.16997217857664024,-0.4126952670375898,-0.8448789758567151,-0.22644939561553779,-0.18005038505626472,-0.9337057609872796,-0.2519988413831284,-0.32270515050855,-0.9695933834874149,0.004709511216730422,-0.41181768991743617,-1.159630406571033,-0.1476341673688249,-0.38757516368746325,-0.8434745816073335,-0.21539813668715535,-0.3404620026205972,-0.7875012773411136,-0.24630652474467804,-0.1361842593339672,-0.9905928018012891,-0.01340703282351133,-0.21265806306982568,-1.2058229242331453,-0.17468174088337224,-0.22503840103525255,-0.8317025887690255,-0.1782144966491204,-0.1787738353750042,-0.7982551182057619,-0.1321198261273339,0.04969334614297213,-0.9325020718755628,-0.06871091367847812,-0.012010617974991759,-1.1266417679958993,-0.2293515451833144,-0.05358854261362943,-0.7682388658394448,-0.16434984465066513,-0.015276071604798058,-0.7316048965014752,-0.07116076145438467,0.24485241309407968,-0.8296241665370814,-0.13915768483811702,0.15859497875418724,-0.9666490309921586,-0.21388980101189126,0.10278730362653965,-0.7438854236123414,-0.15676855341822665,0.12808373497210446,-0.703790306363914,-0.08871988785726147
S,0.0,0.0,0.0,-0.23007284194384275,-0.15855325605887396,-0.107088838480078,-0.42581915266675874,-0.526693898350668,-0.15887603511075957,-0.39605089436471497,-0.8582537713164612,-0.2144755328960622,-0.17702489003269817,-0.9507535673088107,-0.23982868381683448,-0.3176489214290164,-0.9742133054696528,0.008274735761855731,-0.4052911288015954,-1.1737608988214165,-0.143275342030019,-0.3732461435582747,-0.8653476605171919,-0.2143180106460535,-0.32319563224385356,-0.792111828388449,-0.24594745440257632,-0.12915659900265475,-0.9915402844531866,-0.012901055792497245,-0.2088846101015876,-1.2122528176382812,-0.16893254402418278,-0.21395102362895407,-0.8507965803213615,-0.17525731168023023,-0.16755173550657604,-0.8079003300239056,-0.13280734932531804,0.05846240695117099,-0.9309455877884926,-0.06966396390609518,-0.005312184380152471,-1.1363416171741454,-0.223851486790115,-0.04441893191534305,-0.7890315271392884,-0.16100323806371297,-0.007164032951743774,-0.743412119729509,-0.07148443436006073,0.2540095308391493,-0.8265975216703575,-0.14056819817383095,0.1676368718150575,-0.976663116132418,-0.2127603910147801,0.1101744149021825,-0.7553008162156113,-0.15612301001285456,0.13377189718476584,-0.7031054321483633,-0.08915876881288817
S,0.0,0.0,0.0,-0.21875361829545406,-0.17885003498350652,-0.09705046371479227,-0.39922442864594543,-0.5487728664049815,-0.14317634810288657,-0.3705052894286396,-0.8680140364713774,-0.1957301586965577,-0.1580683188146408,-0.9673362814914022,-0.21915248900775472,-0.2948889029564725,-0.9777646502882821,0.019234134835205488,-0.37601571728354105,-1.1788668734667922,-0.12148978368038174,-0.3539385790799573,-0.8740828269105174,-0.18177216861621204,-0.304978242640506,-0.8190650313929779,-0.20814618823585443,-0.11779718261892351,-0.9930205696297854,-0.005828555496906215,-0.18753116000442205,-1.2239805384430058,-0.15454896442602803,-0.20462328081842227,-0.8603929798136803,-0.15532026217003023,-0.15949607030715832,-0.8279611917828176,-0.1094542338936408,0.06388517164539723,-0.9301982015037225,-0.06493115098948375,0.009984101296334685,-1.1391061695005198,-0.21578619561806908,-0.03725751513807549,-0.7882051766556011,-0.15130959530467467,0.000903903973551486,-0.7484705217951948,-0.06075987103560012,0.2535583496251835,-0.8230730770670557,-0.13702667519003253,0.1700928465734622,-0.9802059724900472,-0.20704869056364478,0.11185173469605922,-0.7588264740777672,-0.14835525224356924,0.136022700029155,-0.706885208208536,-0.07988053747770843
S,0.0,0.0,0.0,-0.22208897390754367,-0.18861078775683957,-0.08985755592535599,-0.3972492246564631,-0.5591416216421393,-0.1322367351720557,-0.37166171789219143,-0.8754326664646114,-0.18391205021350218,-0.17184798966243212,-0.9882015647230363,-0.207935009616166,-0.28662150801053987,-0.9754664297304124,0.035484125321884,-0.37395079821053867,-1.1809886872772568,-0.10580373865884021,-0.35649643195151576,-0.8882819462772519,-0.16818209525913244,-0.30363449712128177,-0.8199447566158682,-0.19362579372166197,-0.11429503769174003,-0.9934238834862356,0.006755151972379384,-0.18578422189773677,-1.2300173659282863,-0.141720288773709,-0.20773481187976275,-0.8780787392166675,-0.14703367539204282,-0.16015007808510612,-0.8357768750491016,-0.10341060264713273,0.06504348032893977,-0.9329537970238542,-0.05626136000587622,0.006058436011402338,-1.1479907854256746,-0.2086347585889881,-0.045616959549809946,-0.8052623316068204,-0.1490305655842075,-0.006673993517090263,-0.7591637994416355,-0.06074934655683659,0.2503744725688678,-0.8243322464471172,-0.13158346220806091,0.1593173104591608,-0.983524976724612,-0.20368691560349259,0.0982127282421722,-0.766012102147758,-0.14714849657809229,0.125038306925586,-0.7100030683746724,-0.07926785398886875
S,0.0,0.0,0.0,-0.22353189655721895,-0.19298930907917602,-0.08889402339869609,-0.3955005058919769,-0.5618444150846539,-0.13329689464077818,-0.36215022540832853,-0.8783770028388329,-0.18701408271212155,-0.16300039493618615,-0.9939028846415818,-0.21294252090675192,-0.27946092389915894,-0.9822942435042792,0.0286421926788668,-0.36222654953629146,-1.1984598268096465,-0.11489420950768482,-0.34953501132241666,-0.8999531869993065,-0.1785774690988847,-0.2964154880670846,-0.8275944208913825,-0.20479511429110336,-0.10595625914841503,-0.9943693673626569,-0.001682972983586778,-0.17286380080171287,-1.2428654631843306,-0.15233518026873902,-0.20123076254402633,-0.8880072967067508,-0.15825697854706205,-0.15320063563160477,-0.8399719952771793,-0.11499939773912524,0.07204273247298608,-0.9299794870287054,-0.06572912906764346,0.01822749538683271,-1.1560580222013108,-0.21739425503311796,-0.038391812542921074,-0.8140069150329803,-0.15602892848445635,0.000736851242164051,-0.762919683388322,-0.06693645711130776,0.25652772261609036,-0.8175772025035711,-0.14212441876915055,0.1689591101603014,-0.9858148556102299,-0.2132040118968554,0.10420960088442292,-0.7696788964155465,-0.15539422544490708,0.13025786149180862,-0.7093380757514923,-0.08686332456908266
S,0.0,0.0,0.0,-0.22050651730769213,-0.19573850419682362,-0.09629118885080051,-0.38944134136461,-0.5623311535373775,-0.143980553767964,-0.3597991813969896,-0.8779023666000296,-0.20021959605745035,-0.16032367649269758,-0.9948016614768603,-0.22795755862088124,-0.27968223049863883,-0.9823712197338419,0.027406437168710805,-0.36039793734356107,-1.1978310060709276,-0.11894968202404524,-0.34678829980916903,-0.8999826852561998,-0.18202348410272198,-0.29674664598929323,-0.8292216507362666,-0.20674744827870162,-0.10450264763144292,-0.9945245981909414,-0.00014223629959971435,-0.17241333555350105,-1.2392468078505148,-0.15329088949523556,-0.19849004703445014,-0.8827201462985197,-0.15858630669268164,-0.1494624861167598,-0.8415561264249445,-0.11382218929836622,0.07630075239872491,-0.9291189596524172,-0.06269705986068988,0.020266637621111767,-1.145729951681694,-0.22004477692993205,-0.036067500062947996,-0.79714357821996,-0.15877446594237168,0.0033812555759207743,-0.7524720248575615,-0.0677780649979654,0.2634495208122698,-0.8166770558237705,-0.13792825913622495,0.17574789796857332,-0.9793311338000326,-0.21194456153909885,0.1122531963857699,-0.7605854130082058,-0.1536646605086301,0.13898000049289738,-0.705751260869747,-0.08373234897711315
S,0.0,0.0,0.0,-0.23748983514348657,-0.18368525896546956,-0.09657173208144573,-0.4060017120777238,-0.5385488354067258,-0.14796154545694548,-0.3755955712973838,-0.8470787796659255,-0.20642622316631265,-0.18417154676882833,-0.9565759613295907,-0.23659755032290303,-0.29734833119804244,-0.9741012376184379,0.018446131848843635,-0.3993778258165166,-1.16238894382327,-0.12787451297447996,-0.3719415230686419,-0.8855798210492661,-0.1981261816400829,-0.3096217743710171,-0.8078610838459502,-0.22881556752845214,-0.12415496333461282,-0.9922255423142048,-0.008603386464825375,-0.21101057485250552,-1.2058162485128672,-0.1527806582145678,-0.2233188423452468,-0.874126753668202,-0.16016844035698502,-0.16646325490020072,-0.8334976707589832,-0.12326848778679608,0.05310057374244865,-0.9216335144639771,-0.07026554427534763,-0.01735829492824007,-1.1292380704155744,-0.2131194448987097,-0.06650192402038023,-0.8038492721019088,-0.15579853627088372,-0.019207741895985876,-0.7616564770213021,-0.07585469101370719,0.2307226430484199,-0.798903842893047,-0.14577492579246717,0.12805653982183923,-0.9180005111478998,-0.21302514991056484,0.06577487239475055,-0.7233345679302858,-0.16411340631816518,0.09914584051406423,-0.690502249361318,-0.10607322829803863
S,0.0,0.0,0.0,-0.2363492440541875,-0.18783630492742162,-0.09895379049146275,-0.4028970263216913,-0.5445594579546633,-0.15364021190569618,-0.37613184793359744,-0.8437243174140537,-0.214465945369886,-0.18738202354676514,-0.9421498432929305,-0.24714290013072832,-0.29788367691858103,-0.972064879404676,0.014169979408571863,-0.4063719195231012,-1.1454845039974129,-0.13241748941302564,-0.37316823814096783,-0.8714333750374068,-0.20088992103257536,-0.3093123357225049,-0.8044953977417787,-0.23150523015775842,-0.12470854145951445,-0.9921250083585251,-0.011651071909357876,-0.22436840908217712,-1.1906764553987033,-0.15737774814755928,-0.22805445762255008,-0.8620508412082237,-0.16432959467802594,-0.1695292361732852,-0.8289409653375898,-0.1280291774351352,0.053898391609943766,-0.9208982480338407,-0.07211296824349314,-0.035761833270369074,-1.1082768018919376,-0.21636580128169922,-0.0735881312984405,-0.7767238857223943,-0.16076221258804882,-0.021176253448004365,-0.7434498192272733,-0.08376405887455239,0.230854000708145,-0.8004294182922151,-0.14635237869261156,0.10693258290654924,-0.8844905570013382,-0.2155790338864563,0.05830142653015262,-0.688797637754118,-0.17239369328225893,0.10320365892763093,-0.6765213835754832,-0.12022209911695078
S,0.0,0.0,0.0,-0.2351796725859619,-0.17670007336633886,-0.11358178540620376,-0.4208732540163215,-0.5166792669399203,-0.17545370350299583,-0.39428850099771,-0.8117146762601213,-0.24065925442037397,-0.18822152081919521,-0.8950764287472237,-0.27666990040815914,-0.3178265389002285,-0.9616995831487753,0.00016646822029977345,-0.4259293777018971,-1.1071959404202152,-0.15354223719520846,-0.3870220834752577,-0.8158599874493706,-0.22576779766976163,-0.32346799247723185,-0.7701546620673733,-0.26085665622575627,-0.14200201129198758,-0.9896123492787956,-0.022423803065791593,-0.2420542374614333,-1.168662926257259,-0.18252368957940496,-0.24395398807557767,-0.8262611036937181,-0.19033061884678662,-0.1888830170688799,-0.805532955846093,-0.15166057915249892,0.035309107295737156,-0.9262423065708986,-0.08162102836543048,-0.05216979197161283,-1.0998164978998994,-0.23577903583710713,-0.08706720908011567,-0.7624699418442688,-0.17767774279600493,-0.04003582984994444,-0.7393868820422406,-0.09640493227916737,0.21250536407631562,-0.8132189006087193,-0.15659651428400836,0.09865380203553259,-0.8774298346062469,-0.23177792948329554,0.05162732096344863,-0.6789376110017775,-0.18927955065498042,0.08955449375682702,-0.6758772418288566,-0.13610441173595716
S,0.0,0.0,0.0,-0.2431732195754246,-0.16683410956049527,-0.11530020027781619,-0.43589492640566546,-0.5207743438741793,-0.17484143944609193,-0.411725431322185,-0.828344956127942,-0.23748108907331475,-0.1993053213122551,-0.913169572275456,-0.27152759027175016,-0.3426215868716346,-0.952593717162317,-0.001653917139409824,-0.44530261077666144,-1.12575855982561,-0.1495139557914061,-0.4028172964079217,-0.8320680907730086,-0.21727594454017454,-0.34438367923394037,-0.7827676543008882,-0.25078482427570653,-0.1632067840276528,-0.9863303299384323,-0.022716203267591606,-0.25925796648601257,-1.1850281146103974,-0.17606906359610738,-0.2571670661977081,-0.8460343503357413,-0.18356353257418337,-0.20763636476456152,-0.8261752711740733,-0.14698619826052858,0.018881478272086895,-0.9296484910459336,-0.07986837356557558,-0.06395798798206784,-1.1262975016151247,-0.22847307533421343,-0.09703934596083198,-0.7900495196280221,-0.17274404625751028,-0.055364246133857695,-0.7650249499644974,-0.0954014103516539,0.20230212098851508,-0.8262270901102567,-0.15261175268681026,0.08683138833079164,-0.9107808063036222,-0.22447821747252297,0.04239758254872647,-0.7087766752646706,-0.18178227217613105,0.07946514636656293,-0.6972532373985675,-0.13031783592119806
S,0.0,0.0,0.0,-0.20301990672853107,-0.17816481709943216,-0.11052121668604681,-0.3785297849108521,-0.5608089405036855,-0.17062103194790254,-0.3399871312095537,-0.8647974663235265,-0.2277203343046132,-0.12534673060244564,-0.9048474154318497,-0.25001459042304786,-0.23760020147167965,-0.9882107895157954,-0.06789516495047818,-0.32964163177084616,-1.1398140887841368,-0.19603953186754702,-0.31712559724318207,-0.86282346503097,-0.24417473346437102,-0.2742834573410427,-0.8368128111342472,-0.2781811600417877,-0.04543792066139211,-0.9960077852168024,-0.07683675652634707,-0.14750826762143796,-1.171233134936955,-0.20975259087807047,-0.17712422757793905,-0.8432897630868901,-0.18355691303574442,-0.12697048589763948,-0.8765682070716435,-0.13746453978281384,0.13287318292881134,-0.8982317264604636,-0.11713335523974769,0.06772643732465797,-1.0736189566627894,-0.2537666470804844,-0.005491065162893297,-0.8035805303145171,-0.1873511879496652,0.01048039984051862,-0.7643378796658394,-0.11202022005002453,0.30810533954997266,-0.7634690715734416,-0.17275299975455227,0.3970873772502679,-0.9774985837554675,-0.2938005845012074,0.4583658228920296,-1.0815684269463939,-0.3133717553412949,0.5504936389530898,-1.2685780074548445,-0.30436808173417973
S,0.0,0.0,0.0,-0.21139812762089166,-0.19528998855825938,-0.1249789142184516,-0.3723864003233815,-0.570945610299682,-0.18740914332445788,-0.3186000743456674,-0.8741683572559434,-0.25001351903547814,-0.09472035964969028,-0.9065149752393646,-0.2818122017560463,-0.22295105897861772,-0.9987805798644316,-0.022449923081393104,-0.3063741199449529,-1.181378772050714,-0.16783042164229792,-0.30542401429933924,-0.8827797463937238,-0.23134111991008352,-0.25198871008870316,-0.8254814362805502,-0.2638117058612092,-0.03799337468437037,-0.9985537153291311,-0.03803920454586189,-0.1105279473646663,-1.2094293479329594,-0.19259906386961032,-0.15656479279227425,-0.8606810208978319,-0.1950013612020472,-0.10779825473024322,-0.8301784658640314,-0.15434385811248377,0.13526072405017714,-0.8998290326025224,-0.0892961384232313,0.08829042821536469,-1.0934175371460275,-0.2396112816965549,0.0042806486232521545,-0.7628904194586706,-0.18169428310130148,0.03919255184983015,-0.7259769855738762,-0.10174781388880637,0.3073338149702567,-0.751149990492793,-0.157252973087951,0.235778620778839,-0.8400604478107533,-0.23221570919063744,0.15195129175293592,-0.6662853681717252,-0.1943497092272826,0.17163223180643092,-0.6534564184349698,-0.1452712797452315
S,0.0,0.0,0.0,-0.22367573820039774,-0.1896435526010096,-0.1423365173235511,-0.386859295242362,-0.5544419073499419,-0.2131691415412348,-0.30556990864042244,-0.8668563235757573,-0.2810549775871332,-0.07371285295143724,-0.8962519608363992,-0.31537658815170555,-0.24843942623893298,-1.0079008828946614,-0.03165922452813298,-0.2923658447686166,-1.220291155381336,-0.19124743611023287,-0.29684078525878277,-0.9090772363516519,-0.265809480817,-0.24060023192702315,-0.826256599415262,-0.3033122748104186,-0.04938097086404858,-0.9978647161147436,-0.042749597071389804,-0.07408103778907169,-1.231660299467249,-0.21157310434495735,-0.13140570511533714,-0.8734597607973,-0.2218547170371949,-0.08882452820268702,-0.8275425635289427,-0.18366932151338572,0.1319943920451843,-0.8965373615745239,-0.09242123450242365,0.13063714162359225,-1.10374442960856,-0.25129110758139184,0.03478363015697515,-0.7725430051703895,-0.19356315521480627,0.061161097122990664,-0.7278363976041224,-0.11157873509531022,0.311795324024852,-0.7432155881398992,-0.16068507641628027,0.2669544478033615,-0.8427605294758593,-0.23349354821271445,0.17783404309687115,-0.6615175189232502,-0.18970842476645333,0.19618094139748052,-0.6396121818761211,-0.1360616135277827
S,0.0,0.0,0.0,-0.20779076936486393,-0.16803612536572707,-0.1520745726186925,-0.3685338957465691,-0.4772982428875551,-0.23391268965001955,-0.2817563299567212,-0.7021758060484812,-0.30406778744095586,-0.05523703240533753,-0.6970130322176851,-0.3398142609025706,-0.18879451066413466,-1.0118002126456316,-0.08032058535395965,-0.2755433998707431,-1.096731228965592,-0.22813676844353722,-0.2813437332547676,-0.8152877456992974,-0.2991342717686225,-0.21692500276239712,-0.7651518077495988,-0.3446078546256495,0.0072796495401001365,-0.9963193075109777,-0.08540985998945937,-0.06453467288495061,-1.075017740396964,-0.2408264809926377,-0.1218161479057202,-0.7402868615677268,-0.25060125593723837,-0.06286104815623536,-0.731345206259362,-0.2271259188843472,0.1805084613794851,-0.8668959542652241,-0.12518102856067304,0.14027150691569187,-0.9201793944373753,-0.2708276411741696,0.0366729001485956,-0.6237646334187382,-0.2112305629583062,0.06863517707626521,-0.6261304515359915,-0.14196493367164129,0.3360942525927327,-0.681692814833942,-0.1853110570588475,0.26699975576078755,-0.6630960506031689,-0.26433653587017275,0.1705547204523077,-0.504949391064255,-0.2324685084887103,0.18728058483863214,-0.526474133328544,-0.19279892084233913
S,0.0,0.0,0.0,-0.21126048822363597,-0.18076196221243243,-0.17413082496456836,-0.3613269246877559,-0.5145890768344356,-0.2633982338282843,-0.24654191802390824,-0.7588665388313248,-0.33868978650754555,-0.010546642464747178,-0.7569690175854467,-0.37935321919832893,-0.20863209014596068,-1.0113982117418483,-0.09673717188707133,-0.2574627819179323,-1.1585099123867677,-0.26659617779386774,-0.2759633212981317,-0.8716319728930142,-0.34432574860340825,-0.2201416111144107,-0.8006961930503599,-0.3882536321888569,0.006244397215229564,-0.9953072107578068,-0.09656378056462667,-0.02826699001951387,-1.1667081722522137,-0.2791724770613188,-0.0999015073709363,-0.8082655891579146,-0.28815135163802685,-0.04875444220397574,-0.778318506268156,-0.25347242029067124,0.19326064566536202,-0.8723828880071857,-0.13559836276229228,0.19043342618854375,-0.9901590637309146,-0.30797633690600534,0.07309757220218387,-0.677477932118676,-0.24570342207167328,0.09546523984320059,-0.6652819048008293,-0.16442783972933242,0.3625492599125916,-0.6954379583496346,-0.195813742858864,0.32541285768680756,-0.731386897166663,-0.28664441425005277,0.22290064838366944,-0.5632428071516726,-0.24885811782878803,0.2344398364195308,-0.5686294617863064,-0.2002355184145254
S,0.0,0.0,0.0,-0.20140766204116523,-0.18542372633666657,-0.18491076495411435,-0.35392085880891677,-0.5040962954852781,-0.28425378226273845,-0.2438811224571683,-0.7686750462616062,-0.36935315843014194,-0.00798969090017223,-0.7969116629080306,-0.4183386348174607,-0.21464693292426093,-1.0171296278731579,-0.10287284293698712,-0.24669570310117386,-1.1925829828792938,-0.28569217976826505,-0.2664216086368435,-0.90129719149892,-0.36963148233697757,-0.21334826661017137,-0.8004986660596016,-0.41324726951930607,0.0034025700333262143,-0.9949818489576031,-0.09999771378425497,-0.01101589414899023,-1.191671532356668,-0.2917362486031482,-0.08463564808923141,-0.8189342094593453,-0.3016520400530074,-0.039749154224936516,-0.7757133730086248,-0.2647100998624152,0.19426580094381754,-0.8703547521547607,-0.13870409092706026,0.21270321948056584,-1.0219915902495451,-0.3213485126346216,0.09224977583504029,-0.7018980690664682,-0.2574492010498605,0.1056055730891403,-0.6774902143068594,-0.17164110680616623,0.36920911868468387,-0.6891289218181141,-0.19901223052887393,0.34950437540949547,-0.7597343930233527,-0.2970654884241806,0.24290096155715724,-0.5868878802687768,-0.2572499844854093,0.24340349827440808,-0.5783860090896155,-0.20458607527524733
S,0.0,0.0,0.0,-0.2048839039538705,-0.190478721152149,-0.16213233645778108,-0.35616394360527087,-0.509240154453214,-0.25015274862919196,-0.22813881122150323,-0.7841907132822851,-0.3272501258400319,0.012867417829466562,-0.8299990017512935,-0.3720466561432883,-0.22406932641853844,-1.016512922924816,-0.08473984446253983,-0.22924571549569173,-1.2220289303772245,-0.25304392653189406,-0.26028504139840275,-0.9720328920361959,-0.3312513244565944,-0.2184546385110631,-0.8615381976902203,-0.37248605691912967,0.0009719159480679547,-0.9958639790672595,-0.09085147536344519,0.015192522875298063,-1.2430643816256937,-0.2701994964783217,-0.06478227513715078,-0.8745948746626354,-0.2830539664479359,-0.034289514212038054,-0.8039543816582326,-0.24787179027572948,0.20163288918540395,-0.8808325750181141,-0.13407178451761118,0.2431836733972082,-1.071972325738684,-0.3021760098273424,0.1203277674447181,-0.7514298729919673,-0.24016908778807058,0.11890763515665395,-0.7098983728267517,-0.15784628492446623,0.3852536523978694,-0.7014861207320229,-0.19660857878165297,0.3832684975447578,-0.8055385660854902,-0.2866621837436597,0.27519519073436705,-0.6250973289259234,-0.24279977610073725,0.26370823515426794,-0.6010043920908239,-0.18858603660700232
S,0.0,0.0,0.0,-0.18272494576318496,-0.15710941501152625,-0.17070340182376167,-0.32140852179281737,-0.43947667089249115,-0.26877101238075146,-0.21383163177677497,-0.7079564398573593,-0.35128707594525,-1.1550837090923165e-05,-0.7820823873858221,-0.4064359841803948,-0.2431065240643849,-1.0005004058070284,-0.11033548731765708,-0.22164985812092639,-1.1829792623946298,-0.2612639367107368,-0.24165393586826783,-1.1286844117848787,-0.3367616165756802,-0.20410695385715336,-1.0809138120373614,-0.38485535803400933,-0.0013404605580149371,-0.9934497466739555,-0.11426199717730266,0.030824958279665055,-1.2183965236011387,-0.28280263824871754,-0.03703198371349967,-0.8960182949481517,-0.2927280295707773,-0.01833174191876291,-0.8293092526068642,-0.26242224268078584,0.2083061057313048,-0.8939116758177278,-0.15191133439574875,0.2725093207431968,-1.063094110275007,-0.31410591739663707,0.16079413204353074,-0.7802928528199308,-0.24748075948812573,0.13752511158773298,-0.7366057557117889,-0.17027373181355937,0.3973358364519963,-0.7138963873994331,-0.21069863305865077,0.439582318792713,-0.8118167776074636,-0.3175093292863175,0.33197472045367277,-0.6413810773258192,-0.27924365982596044,0.2798012796803764,-0.6107037443787309,-0.23125016061695852
S,0.0,0.0,0.0,-0.18792694499974774,-0.1657411821595333,-0.17200493170366432,-0.31960457112701984,-0.4269905873825573,-0.27767181977579475,-0.21291833183473474,-0.6869350643898969,-0.3670221118041064,-0.001972974401655664,-0.7739795275794269,-0.4302291472855512,-0.2643476889761122,-0.9900241909078823,-0.11863821760399107,-0.24279965809714515,-1.157211956538819,-0.27597707400327837,-0.2560727555580251,-1.1650460588011082,-0.36200358481830397,-0.20991722358706982,-1.1394442794692277,-0.41826614845718935,-0.011709790058763915,-0.9923063987327727,-0.12325133610137892,0.02530472826063765,-1.2131537418511285,-0.294207538793304,-0.03535686851697662,-0.8936249562859184,-0.30511568405304657,-0.013908562938035829,-0.8150133721246023,-0.276848714205532,0.20284692646361796,-0.8985403936593713,-0.1611615760165063,0.27068846153261067,-1.0656376415819035,-0.3199065113375149,0.16480427429820715,-0.787404904440205,-0.2431207394740693,0.14209013735416046,-0.7311754173035299,-0.16143580288467152,0.39206293429040956,-0.7174450566771887,-0.22147657779718988,0.4372484110702004,-0.8171821140896618,-0.3257340669025431,0.3339440493529532,-0.6508214734968688,-0.2807025516788119,0.2808729077977913,-0.614064767742876,-0.2290595607049031
S,0.0,0.0,0.0,-0.183359579911178,-0.15227032975082475,-0.19922540373052408,-0.3183862258097918,-0.4153506967074791,-0.312884633420837,-0.19667367243297842,-0.6740362923177704,-0.40590792562358596,0.023389621997757522,-0.750154321938972,-0.46287962613711137,-0.24180428024876804,-0.9950013738862893,-0.14031080942641225,-0.20319658617116287,-1.1600416816112695,-0.3239624348152232,-0.21419320578740275,-0.9520248922494441,-0.41120310542021093,-0.1774976375362401,-0.8618479483598853,-0.45924551260215984,0.0023767440307815575,-0.9911757177043706,-0.13253319478922182,0.05190549406261499,-1.180092597643083,-0.32160739075801187,-0.01318403313328231,-0.8130585424113773,-0.3336267533033466,0.0004733262843478223,-0.7669276290178058,-0.3035448313659437,0.21381510657153796,-0.8930321446829148,-0.16359051824897838,0.2983947213561029,-1.0482531090276799,-0.34649606659340865,0.18710770609043795,-0.729935283781828,-0.27996781008186833,0.15173829415286938,-0.6924409598692155,-0.19877460258055377,0.39981857193570214,-0.7176643349733366,-0.21736659919186502,0.4588655343229312,-0.8008078188209707,-0.33662233282636456,0.3508212956902106,-0.6122679144748965,-0.3022600033191654,0.2892411247378488,-0.5860638971994648,-0.2533472094950493
S,0.0,0.0,0.0,-0.21209660872021666,-0.1606071118713191,-0.17205179875354565,-0.32231063433488366,-0.48594525588187626,-0.2606521849163916,-0.1232303736073083,-0.6904290263155278,-0.33160140556875134,0.13402621058991382,-0.6657635154665204,-0.36777320376803874,-0.2047840985414838,-0.9922864645124083,-0.12349846344490795,-0.18754052593177564,-1.1299594783762381,-0.2855157512363332,-0.2011415552407285,-0.8421184168714827,-0.360938043550591,-0.17585621829683326,-0.7598791025067506,-0.4063041950723682,0.013204319308358931,-0.9928784676575899,-0.11839761151948618,0.050335044122337,-1.1445472239685475,-0.2723600388873591,0.0011315553708215805,-0.7825721126581743,-0.26991824224024713,0.012022975501221202,-0.7550633359726953,-0.24168378911114816,0.20246081567894517,-0.8893790916133781,-0.1491956116614415,0.27951813894195954,-1.0382160307657338,-0.3016090645305609,0.1919996528377803,-0.7125858123453434,-0.236753336112156,0.16360986045299575,-0.6739234940559179,-0.1667533240107139,0.37352855789478406,-0.7153621167286944,-0.20092934142471477,0.4303856209262141,-0.7899643642095097,-0.3078869670089194,0.3357607008449528,-0.6010547894032012,-0.28231860809815745,0.27966856924419814,-0.5686744671600934,-0.2449552155313143
S,0.0,0.0,0.0,-0.22404689817820328,-0.1383907301337749,-0.18860571821233332,-0.3375817194975591,-0.46262382956565484,-0.28357428661048156,-0.12085418898287931,-0.6838144764004844,-0.35656168721743153,0.14314858055053833,-0.6600235731452576,-0.396235001865178,-0.22683600188425324,-0.975059785423281,-0.14893983383593,-0.21192977678885103,-1.1394428430941324,-0.31067728491604707,-0.22870127518663178,-0.9602680415456111,-0.3789887228883284,-0.20671152474404403,-0.8855069904498132,-0.41692607159471073,0.004893521667585607,-0.990982856911762,-0.1338993306655825,0.04715855623912608,-1.1644834079111916,-0.2910971439505361,-0.001324514665734424,-0.821519007215953,-0.2824480329118145,0.002243941945646892,-0.7859402536699717,-0.247181195964928,0.20725145779498333,-0.8991149820244171,-0.15498147002365775,0.2803367075076543,-1.065587321918883,-0.31165900951726755,0.1941562925406778,-0.7435095515670013,-0.24278526168150633,0.16163041733343012,-0.6906441341434439,-0.1685643156336696,0.3875373601045482,-0.7254583953267802,-0.19839329473827222,0.443898444999847,-0.8225581444230614,-0.3177996471907626,0.3460062712245751,-0.6335921716108449,-0.2976985616455227,0.28439198448963277,-0.584681172115663,-0.26219522879361534
S,0.0,0.0,0.0,-0.22157941792990815,-0.1193567678338773,-0.2157342441170297,-0.3254693231034081,-0.42747509233723324,-0.320794485029868,-0.1050256829732561,-0.6306890176706178,-0.3955546621520499,0.15212484447636462,-0.6092803078964776,-0.4319814447926443,-0.25041186163698487,-0.9483878357921781,-0.1925090412667552,-0.24118528898622604,-1.081602602210327,-0.37465849561209663,-0.22061576779856923,-0.925953907143765,-0.4433763957462891,-0.1918455548639203,-0.8769725957894635,-0.47585129262739734,-0.02244147578464363,-0.9859087545773616,-0.16577185470496197,0.03447611273678139,-1.111610810298592,-0.34627543752548773,0.013575311990370773,-0.7502107632543781,-0.3359848510721129,0.00019145892963947543,-0.7435352550554615,-0.29556195910183897,0.18085268752340314,-0.9117008093575267,-0.17732350803981592,0.2699038636203498,-1.0410305218935998,-0.3612998989765581,0.20449561443359907,-0.7038028929488129,-0.2916032875400402,0.14554877310743364,-0.6660525147410394,-0.21101428828944369,0.35082478790845667,-0.7561663805816143,-0.21238775122825176,0.4560149190080006,-0.8313183798597683,-0.3603662718827681,0.3720213834327474,-0.6332373015985855,-0.34787576142112225,0.28594483825784806,-0.5856545937531233,-0.3111568913678137
S,0.0,0.0,0.0,-0.19568580836917648,-0.15058930746852267,-0.1901277932771282,-0.28778940174265877,-0.46837440933440677,-0.2660223329131624,-0.08457209708643147,-0.6566369090794307,-0.3176744058524915,0.16003982553524668,-0.6313055405808278,-0.32911860412741767,-0.2027664162854707,-0.9761112457054438,-0.12261467610365112,-0.19554581583253366,-1.0762886787150512,-0.29070840734687525,-0.19414129217110618,-0.8239951765667645,-0.3638069281625522,-0.17691940009487223,-0.7935761778427779,-0.4005127541285932,-0.0055961250140470304,-0.9952268689388553,-0.09742773079051835,0.05169403238119698,-1.099307104829048,-0.24163118801148264,0.01416734689258743,-0.7243189577120718,-0.22657997856831658,0.004159157826791733,-0.7629948337592356,-0.18940043241954374,0.1866016211373901,-0.916300839459379,-0.11276898407728088,0.26920564796415675,-1.0419851425600595,-0.2666058533553026,0.19984803172596768,-0.709264650806302,-0.2020655578482724,0.14143691219424792,-0.6869722443805149,-0.12871116905860253,0.3545369746471256,-0.7806957148978879,-0.15100609017696737,0.46660610944637454,-0.8747023637489628,-0.26826230929726014,0.3906264374876465,-0.696822686381754,-0.2507934664267453,0.30554903887296775,-0.6597798437113955,-0.21383222752632072
S,0.0,0.0,0.0,-0.21096254325114294,-0.1580384238580787,-0.14706343810228695,-0.34881068592999176,-0.46965260440926493,-0.21863753798595373,-0.21434452100265686,-0.7301589955155087,-0.2791563091985535,0.02235454744446055,-0.7207114285919124,-0.3065939293043919,-0.2784939505917582,-0.9690851976348335,-0.05715477345079479,-0.29198589986605694,-1.133517197408282,-0.19983788647399203,-0.29270303454605817,-0.8702568463843102,-0.267557978065035,-0.24723139344725287,-0.7980480514657512,-0.30628861551424674,-0.06405309414709531,-0.9964095514103568,-0.05536431150474779,-0.05688122235829806,-1.2059303442113143,-0.20069729311466702,-0.08421502593194737,-0.8443880240145727,-0.2001875782223501,-0.057197790595516766,-0.7955235116469693,-0.16563204533124953,0.13519747430452506,-0.932120737298898,-0.08893595799253358,0.17714539067992746,-1.144084565409801,-0.22834881333850174,0.10328471855007716,-0.811768633355819,-0.16873970003681954,0.09601388637535002,-0.748778641497891,-0.09583382665042763,0.32529827572071224,-0.802949346760401,-0.141040799575159,0.3473488546587887,-0.9363257662177413,-0.22073022531156042,0.26310311688293203,-0.7456457709247523,-0.1868936481553083,0.23248550846052152,-0.6984087237899483,-0.14277446019557838
S,0.0,0.0,0.0,-0.24700698434491036,-0.15086052824521606,-0.13115631066142613,-0.4426079533285087,-0.4956910789073637,-0.19629225502058534,-0.35230069177177514,-0.796408710107324,-0.2587624546293765,-0.11916613816156824,-0.7789555526725216,-0.29108766339285336,-0.3153735757673906,-0.9735315364188104,-0.03435570833648247,-0.39099394789182085,-1.1625724476957673,-0.1762360669160695,-0.3778352782206634,-0.8634496184457164,-0.24302691157694836,-0.31631003839944877,-0.7903920898842103,-0.2793543915599082,-0.1233299980120197,-0.9914710608896289,-0.04212893315465222,-0.1783796443889101,-1.1989789543956286,-0.18943167384908868,-0.19996343399139044,-0.842828417057933,-0.18810386647612132,-0.1462822101226132,-0.8015347777028222,-0.148719249443178,0.05895326498668866,-0.9244036464989476,-0.08562738620551283,0.03820929872514674,-1.1352261915964252,-0.22387917402650367,-0.02793509629444577,-0.8081203268760189,-0.16055529564035043,0.0013255562608710625,-0.7529617393559895,-0.08001259741803862,0.2426508604979529,-0.8045331321918686,-0.14738692399311598,0.20015037141279535,-0.9557236544469189,-0.21352700702334093,0.12179746626150631,-0.7601902822378177,-0.16684322242977376,0.13086507260859387,-0.6998642827536483,-0.11233117174199223
S,0.0,0.0,0.0,-0.243531722637765,-0.15599493233498948,-0.10901366608289581,-0.4417541848776858,-0.5140362982005292,-0.16370220648623562,-0.39305080141714493,-0.788672549267604,-0.21908893410437402,-0.17518733492993516,-0.7540131365123954,-0.2459809899977235,-0.31092511432352055,-0.9807490701681876,-0.020824685348466432,-0.42010286288471965,-1.1125200067878063,-0.14834824122805182,-0.4012746715322705,-0.8126468283316153,-0.20647847454408316,-0.3378345510633425,-0.7651384821660683,-0.24030194106841932,-0.13518183906205097,-0.990027326895229,-0.03964545861116112,-0.23074460150130555,-1.156353792169046,-0.17461887402667078,-0.24927890695279709,-0.8144322283621599,-0.1698584652934434,-0.1897096413355246,-0.7843613590756808,-0.13163045785518068,0.034653860754560784,-0.913293866208553,-0.09041333809036735,-0.027546559658606595,-1.105638610429322,-0.21866118329890802,-0.08575102013885441,-0.7809025860498853,-0.1538675467609392,-0.04445770687626185,-0.7319837849642092,-0.07574044908943002,0.20280323290774335,-0.7889431167658408,-0.15737741361491867,0.11715510984756175,-0.9216791144758417,-0.21878955789166468,0.04646531031051117,-0.7270573097227162,-0.1713348347990411,0.07071003349496705,-0.6744115122910591,-0.11809543596478869
S,0.0,0.0,0.0,-0.2788301517701227,-0.15053113918112976,-0.0929795458818594,-0.4956126647251339,-0.5026531901558762,-0.14170138693466688,-0.4867891682246556,-0.7838338675607706,-0.19701170977591934,-0.2838229619419865,-0.7348598763939128,-0.22473844483719793,-0.3402043874622017,-0.9832599184756377,0.001961489381628614,-0.4728942732957963,-1.0990496453334917,-0.12010194952993515,-0.4495029699200295,-0.8112332948130697,-0.1772641693326991,-0.3856708865053724,-0.7795783134703596,-0.21207259656377847,-0.17394970285837602,-0.9844097629038062,-0.026056085184749462,-0.30794513610336405,-1.1213329770865155,-0.15708856847976127,-0.31896566555010364,-0.7960510260071366,-0.15356549684819037,-0.24560696632744022,-0.7791506214430944,-0.11820651436732772,-0.014930540796776174,-0.9008993028513715,-0.0857455352426154,-0.12289214054060367,-1.0578649783290048,-0.2079352011449827,-0.17037860336457022,-0.7414533083215622,-0.1401340270444814,-0.11044891806259959,-0.7094471357075404,-0.06137242739674394,0.13907051549789337,-0.7675263131568306,-0.1617148381114624,0.02197548681694759,-0.8847363999570838,-0.21333762190540517,-0.04432303991084421,-0.6980262973291659,-0.16290371573031912,-0.005656144174530011,-0.6576989790856224,-0.110157549647707
S,0.0,0.0,0.0,-0.27628680245082765,-0.1424962851772198,-0.10031434573025255,-0.480617413575721,-0.4739358334250098,-0.15895960012699428,-0.48902156870132,-0.7392528030828944,-0.22199962431304157,-0.3102573894085262,-0.6940705371415882,-0.2572509652234581,-0.280641655456868,-1.0051013015573311,-0.0089390718861833,-0.45564030809328726,-1.05052958345121,-0.12997405040036436,-0.43488045347392945,-0.7705367892779166,-0.19062480101312052,-0.3638196026910211,-0.7537376293375723,-0.22894033779232784,-0.12723843139548435,-0.9912934824791069,-0.03387643975480878,-0.3109435468958336,-1.047742329269143,-0.1659761945860024,-0.32047214781595995,-0.7439135544555753,-0.16443325237497816,-0.23890928836084366,-0.7367625286100536,-0.132570103624941,0.012787964811556094,-0.8908782028241091,-0.09049171144308148,-0.15499838964463772,-0.9735943489269498,-0.21808291483082165,-0.19627764261332467,-0.6859676473138431,-0.15299303279512746,-0.1228342362068659,-0.6671466161549913,-0.07603818012022369,0.13755673889030043,-0.7415067910476145,-0.1642081576236453,-0.023186424396381734,-0.8196814872990313,-0.22691900227239895,-0.08557903513285026,-0.6471405618272263,-0.18470676507679418,-0.03753503842873114,-0.6129672781101106,-0.13570589488482598
S,0.0,0.0,0.0,-0.27698676287825236,-0.16930911594169434,-0.1047519888171402,-0.4719582965628339,-0.4890654366312558,-0.17470592720872746,-0.47773012062265285,-0.7216601557711667,-0.24663278776821762,-0.2923175017113801,-0.6682916164289451,-0.2889782246616795,-0.24328523018845835,-0.9988461433457639,-0.03806400846682723,-0.4320819367131863,-1.0483451698715507,-0.1608904487249922,-0.4171853938754067,-0.7573713533550037,-0.2195338461220005,-0.34819900445195356,-0.750010057746404,-0.2589168402414856,-0.08743300250741405,-0.9943994481233471,-0.05937345909176026,-0.2964367853756895,-1.0039588182673904,-0.1966591653247311,-0.29470136750650056,-0.6947552589791894,-0.1918018964638186,-0.20129754392829,-0.7086549952791431,-0.15974595976583292,0.04654253203202941,-0.8919106368637613,-0.11055313448316045,-0.1442015674387984,-0.9261532638288279,-0.24035738059738077,-0.17782841932813398,-0.6355472730230753,-0.1730569586274167,-0.08683145776713627,-0.6315855476329038,-0.09658628080604174,0.15409313053366125,-0.7414862006526193,-0.17863291635005776,-0.015325729755048194,-0.767105585861096,-0.24180651257792218,-0.07410862713050424,-0.6056956722081326,-0.20473947709277487,-0.015214391610462338,-0.5940664143904083,-0.16117246551300377
S,0.0,0.0,0.0,-0.2671798318997477,-0.14894127262343163,-0.09743315607245356,-0.47746831328030054,-0.4359796340590724,-0.1631781273765535,-0.47887981061718543,-0.653080994744019,-0.23101938306460296,-0.284248042441988,-0.6394041516212456,-0.2691940551143172,-0.30499318743908377,-0.98018399704593,-0.027774410957993344,-0.48845539566442897,-1.0039217280988113,-0.15637535854888604,-0.45541360986386786,-0.7079148129127483,-0.22376661892215524,-0.3792396961984478,-0.6978057168489465,-0.26742953962419647,-0.15043215805637544,-0.9872013294614783,-0.05294998519349651,-0.3332776703471182,-0.9928455929808427,-0.18594630254251257,-0.3162720498400316,-0.6685349806663949,-0.18156721489457953,-0.22505351669539148,-0.6794774216283918,-0.1511568568403418,-0.0005784976043248573,-0.896805095914712,-0.10813966913195067,-0.15793582885169336,-0.9431593449826573,-0.23524098889154957,-0.17805714449106255,-0.626304425440257,-0.16352100628926006,-0.091972605001988,-0.6141833588898148,-0.08562372375379612,0.13898393438383527,-0.7520680557812635,-0.1796753764308339,-0.003356390635116296,-0.768434889753105,-0.24094355663943265,-0.05858956544358533,-0.5802565684010145,-0.19612991123777826,-0.007785325953509505,-0.5663926455040501,-0.14729413698242666
S,0.0,0.0,0.0,-0.25560116429479596,-0.13497890765796144,-0.11773352158369123,-0.4619039967176954,-0.42403291318391234,-0.19971467922099248,-0.4142013690752899,-0.618138884595817,-0.2783926936574747,-0.18499154508008397,-0.5727968868114911,-0.32789142596691623,-0.2941844442088733,-0.9847033618249083,-0.07921012598396142,-0.459438142715242,-0.9870427828075629,-0.22943587155036388,-0.4195443652168918,-0.682680187564613,-0.30861991100630987,-0.3425233381140293,-0.6571995399711181,-0.35781729566174975,-0.12158942822665826,-0.9873547056052501,-0.10171871146787141,-0.28246917699896595,-0.9741095871381658,-0.24834399410814242,-0.2720997945577423,-0.6374246657474896,-0.24800213281503475,-0.19631497538711146,-0.6434442367327603,-0.22050930781260483,0.04287403461194076,-0.8868614293883668,-0.15465324497863217,-0.08359085708811043,-0.9218469341032743,-0.29213519540610783,-0.11443113983044662,-0.5951442452952347,-0.21713034434684275,-0.05223710864349563,-0.5778352250740596,-0.13678148650205013,0.19719918629295222,-0.7345787744340596,-0.2255203293951542,0.08611014339550198,-0.7536844559087805,-0.29655753887249225,0.022373137227354154,-0.5548115260988618,-0.24720053106485496,0.053286069156229084,-0.5327561704745609,-0.19309882831959443
S,0.0,0.0,0.0,-0.2582260847707223,-0.13490436210868503,-0.13135719226534645,-0.45976231467378187,-0.4065664782843799,-0.22061451733929682,-0.3987384537444072,-0.5879594996294445,-0.3020376622840409,-0.15774472013870447,-0.5418120190805369,-0.35146306773127295,-0.28293491448005975,-1.0004263899937087,-0.09322271318550925,-0.4468038863071419,-0.9797088561244479,-0.24475919760378095,-0.402746596460281,-0.6577347823889871,-0.3300194099530918,-0.3276128290940485,-0.6438296302887405,-0.3857291713139344,-0.10553519175051629,-0.9888178322766038,-0.10536421533888873,-0.267622635914632,-0.9620433164118336,-0.25204859335952656,-0.25571389750150547,-0.6162304421821527,-0.25504268374376543,-0.1770802211409993,-0.6340947279050451,-0.23296706195513145,0.059747503919681644,-0.8757334730141694,-0.1474793136985291,-0.0621213818729136,-0.9029634435770634,-0.27847006114705863,-0.09913008025863962,-0.5717492708029976,-0.19915436611627932,-0.03432380118700859,-0.559882237243243,-0.11898855917765136,0.21194312235351606,-0.7169363532845855,-0.2090030879956356,0.10828912579690587,-0.7362365111908025,-0.27194163170245017,0.03902702479241435,-0.5427057281700266,-0.21900181186526246,0.07310578051328287,-0.5297477710446676,-0.16423182342913112
S,0.0,0.0,0.0,-0.2377020257495496,-0.11485248694605847,-0.1557429511754421,-0.42389196999012574,-0.36587442736327874,-0.2572194161632793,-0.336734100181112,-0.5295465481274115,-0.34015570613178175,-0.086333421820199,-0.510905175160557,-0.3889972854350779,-0.27885139061546815,-0.990804949501559,-0.1407035784799919,-0.404083448337232,-0.9335429167792831,-0.28809241255532914,-0.3640024482132074,-0.6210459956901296,-0.377152897411784,-0.289837241996236,-0.6379153438769366,-0.44351976082484484,-0.09138732076355793,-0.9864968459279796,-0.13591295220767785,-0.20408786268940804,-0.9412569596592947,-0.27085657476531716,-0.20279664886024787,-0.6020256388238171,-0.27337064955233314,-0.13293392817263902,-0.6511289838748395,-0.2617113351210769,0.07654280934655437,-0.8672351306124395,-0.15877606594860194,0.0030943719375758124,-0.8745628159099585,-0.2710943760431812,-0.044425620985013084,-0.564233055377434,-0.18717415292959508,0.015482159435609854,-0.577438034223836,-0.11661908875904534,0.23081570805081256,-0.7150066147901556,-0.2034604534650277,0.16819745538076147,-0.7255390431855929,-0.26147754255184674,0.09508212117680376,-0.542149225816738,-0.2115042638363064,0.12253258747559359,-0.5435649729593705,-0.1655336514310276
