U,0.0,0.0,0.0,-0.19509832135845812,-0.1953990812878126,-0.10791937203499397,-0.2553091085956116,-0.5273543707628062,-0.15856464289905742,-0.06070985765661909,-0.7102131136161534,-0.21299817531305512,0.12448595126332763,-0.8068730065743611,-0.26319576518698407,-0.12857750515439834,-0.9953681156831906,-0.08479164789599755,-0.11707533201824681,-1.384111936408392,-0.1821903565500515,-0.10960146424475847,-1.6224990165253688,-0.2485435806248023,-0.09971945816506671,-1.8345029777463768,-0.2999337511496027,0.045660660928655346,-0.9927439605931162,-0.1112408771515745,0.052406676496329054,-1.4487380968252859,-0.2179943972829755,0.04360837794959891,-1.7203155010629452,-0.29934133150233777,0.04066616841068357,-1.9582618179975821,-0.3514185885798777,0.19428514952317708,-0.8740617206500159,-0.1528819932152351,0.24302308195245131,-1.1633334771936612,-0.317359976637408,0.13787800360507255,-0.9372005523910768,-0.372120704889118,0.05876644779547247,-0.7584943060212764,-0.3727864615344909,0.3228852199077625,-0.6864858564293175,-0.2013470840108972,0.27965913319366836,-0.7667339092337402,-0.3516644178211491,0.14505918222496672,-0.6056380955729892,-0.3936754821864667,0.04606156436132175,-0.4888302521227992,-0.39857954907398085
U,0.0,0.0,0.0,-0.18542839383209186,-0.192679272417242,-0.10988167265930071,-0.24680467302979145,-0.5243675508484026,-0.16208553336888562,-0.05517621301891038,-0.7053102835337316,-0.2181590481964159,0.13333331201838705,-0.805194788202542,-0.26993970523199134,-0.12218500554016475,-0.9946834887459477,-0.0873522707976329,-0.11008333269310754,-1.38404815764779,-0.18776361895731644,-0.10333945475651178,-1.6250960695201013,-0.2545860190472843,-0.092657863510651,-1.8411388980109449,-0.30574407200693465,0.05345337038431388,-0.9920057907538274,-0.11431206544118913,0.061180229020333945,-1.4484457603383596,-0.2235713773176066,0.05051989722408624,-1.7180008569883205,-0.30232140402122354,0.04860803574759926,-1.9575485300350188,-0.3510087077361057,0.20384255150394665,-0.8713995268318158,-0.15685493324912958,0.25164206639349884,-1.157232413271503,-0.32640649919696485,0.14300611342755004,-0.9209472798852688,-0.3757196331299313,0.06479814064787091,-0.7377042251188499,-0.3701966018358041,0.33248339839100793,-0.6816247750169626,-0.20664885542560701,0.2884286900539205,-0.7588045183853951,-0.3620980750787276,0.15719915360969483,-0.5899067115337592,-0.4009091856656292,0.06689165874439794,-0.467094097261243,-0.40124995727139195
U,0.0,0.0,0.0,-0.18791507157392504,-0.1916898925843869,-0.10736793948107584,-0.2500168912059259,-0.5213302976996832,-0.1576098226451405,-0.05824420300574866,-0.7026563211632473,-0.21183359824284023,0.127806113579704,-0.8011275773417897,-0.26179451180725016,-0.1277949093968707,-0.9941057861846141,-0.08060145563113448,-0.11644045869966649,-1.3774562427571477,-0.17672201658265793,-0.11101162019843545,-1.614651923919072,-0.24060390076230284,-0.10253590303611927,-1.8253866205765816,-0.289810962304534,0.04846616435645341,-0.9930099182430785,-0.10762124875436081,0.056476825547489416,-1.443461813885891,-0.21347626737930578,0.04685029051753593,-1.7113664301363074,-0.29044609941889793,0.043660228990536704,-1.946459761726735,-0.33787181946617684,0.19907690918683285,-0.8737389204714467,-0.1503276392975137,0.2465908827698485,-1.1521551198119517,-0.31504265846962914,0.1409268707471025,-0.923323525902497,-0.36461729547330574,0.06195501188340544,-0.746426120471198,-0.36043838242756854,0.32794544292696715,-0.6842962903821139,-0.20013647255670072,0.2838380352274652,-0.7590337919717883,-0.3509121907409311,0.1531877068820435,-0.5918561799157908,-0.38912389152658117,0.060247856907875305,-0.4714935981548832,-0.3900189492059387
U,0.0,0.0,0.0,-0.19002237824963492,-0.19223755854443728,-0.11799321981732883,-0.25077465258179954,-0.5188334816383342,-0.1750559381798578,-0.05409439261046059,-0.6943535416152665,-0.2352068468459035,0.13599719438888017,-0.7933687487546934,-0.2909966036720504,-0.12262856546678111,-0.9921035913679028,-0.09491312324486188,-0.11345281940035629,-1.37495288652694,-0.19972623085287064,-0.10968494497510467,-1.6165110182488134,-0.2719112277942023,-0.10147345189855769,-1.8328559855326618,-0.3275724481291786,0.0534469989565855,-0.9912679165612135,-0.12054599080403228,0.05866517191633601,-1.438026072111289,-0.2344380877279358,0.045892738850136845,-1.7079208508678523,-0.31912833443878585,0.04181859486142784,-1.9513922292909316,-0.3730189990038021,0.20197648038858906,-0.870021358103619,-0.16265053037019364,0.24871956963571434,-1.1510677510386915,-0.33497336499380903,0.14486191800180756,-0.9153984500764293,-0.3867313786134462,0.06957747391212746,-0.7334519824611465,-0.38334319339516526,0.32889665540942004,-0.6782002194339181,-0.2130202519089464,0.2905845260210415,-0.764092780556827,-0.3696506591860392,0.16275746622695642,-0.600335539740746,-0.40964085060267746,0.071843852004905,-0.47917870250566197,-0.4115103623771116
U,0.0,0.0,0.0,-0.1887131558003274,-0.18948071314158046,-0.10977665620186274,-0.2551765305319708,-0.5159915020867814,-0.1640051968058235,-0.06352824010854143,-0.694785531969098,-0.22185635439458817,0.1234878865982626,-0.7852981787186809,-0.2756033656918352,-0.13298586898156592,-0.9937369935645993,-0.08953666980219804,-0.12382848809261786,-1.3760775320891747,-0.1886606826060889,-0.11772996104339523,-1.611549410932471,-0.25478850010002796,-0.1090339116762994,-1.8219047111736146,-0.3057520988805993,0.044008835112676954,-0.9921713227265782,-0.11687296005072137,0.05034126621104605,-1.4437893084462767,-0.22620743054203601,0.03914990818759615,-1.7097298259896432,-0.30430987740184984,0.03372469598911141,-1.9459837929546684,-0.352395862691746,0.1966348391176043,-0.8722551850023248,-0.15961637176652504,0.23941860488661534,-1.1541189469563469,-0.32650012288221736,0.1335325584595852,-0.9206126260297687,-0.37431766238195,0.05470365560900729,-0.7410257967646866,-0.36851078885513666,0.32909195375590977,-0.6819326829895173,-0.20968722015291447,0.2851527003234546,-0.76528373079026,-0.359718462688259,0.1572929585616636,-0.5968464109008572,-0.39507799603045696,0.0677114442249769,-0.4748409960432623,-0.39409106542053335
U,0.0,0.0,0.0,-0.18716575530345705,-0.18966191034318888,-0.11376488260864456,-0.2506837057536774,-0.5142995173322676,-0.1700490049227609,-0.05937245662587096,-0.6946575846276083,-0.22919141256941497,0.12901424317416496,-0.793734255449231,-0.2839800295376035,-0.1279212767966122,-0.9914712526922682,-0.0948983005177787,-0.1182342473157579,-1.3751458308094853,-0.19834928837851598,-0.11326146636484692,-1.613844718127067,-0.26852137386969005,-0.10434114216070356,-1.8283578185155829,-0.3223020177208673,0.04845401171142656,-0.9914742443885571,-0.12095880068522762,0.05383324784425745,-1.4409667225807778,-0.2335643584143971,0.0421312278101396,-1.7075306846467513,-0.3155707426221305,0.03726573241225636,-1.9463398492136497,-0.367000557235944,0.20015528507658228,-0.8737137654212198,-0.1626562740848109,0.2453648021626731,-1.1528308851155094,-0.33287891064232644,0.13910274167645764,-0.9174251074879584,-0.3830505923126363,0.060966449029143464,-0.7366834382462382,-0.3788821621500718,0.3313632726572739,-0.6867005035258231,-0.21198826555436134,0.2904514934955687,-0.7681963049002472,-0.3656110389637518,0.16280678240033244,-0.5980208083349507,-0.4032892930531806,0.07338813822609641,-0.47508220170753795,-0.4037230890150743
U,0.0,0.0,0.0,-0.18836645829234097,-0.19206460678223825,-0.11100265482541086,-0.2512489419261279,-0.5172801315030383,-0.16492134490260338,-0.06209780643571739,-0.6977186075019074,-0.22249861499702475,0.12163186323998568,-0.7956074985288943,-0.2755485538528981,-0.13033565446683568,-0.9947571918911068,-0.08543768531451906,-0.12369636241473084,-1.3716791338954157,-0.18760492899600248,-0.11945306198699514,-1.609331219551185,-0.25860113580041005,-0.1107606024316953,-1.8225914716273646,-0.31309075120970054,0.0443423088200018,-0.9925760914583814,-0.11325397261780545,0.044985914918627704,-1.4401058431190372,-0.22493802416727915,0.03203677042499304,-1.7047659825519368,-0.30706509380610697,0.027227214873995757,-1.9413982998817512,-0.358057574725173,0.19555558275531582,-0.8736743399263716,-0.15706314887260042,0.23472802171444912,-1.1534255561165772,-0.32784824162155274,0.12801192277698947,-0.9145320776311284,-0.3762907679875786,0.050062175318864206,-0.7323273389145453,-0.37000772562402806,0.32647416139849056,-0.6859459861240053,-0.20844387297679862,0.2834941165713701,-0.774760835873274,-0.3622727512579382,0.15510808440610044,-0.599633629288965,-0.39713147740995686,0.06499157047267524,-0.4729678762467131,-0.3948429724381906
U,0.0,0.0,0.0,-0.18878847838687418,-0.1936856303915827,-0.10853042854750714,-0.2501327592549232,-0.5209839538906937,-0.1603668297990599,-0.061801885618384046,-0.7033486154400256,-0.2162892961090288,0.12233974603961623,-0.8002654367949007,-0.26801419474756194,-0.12549125720966844,-0.9973736053569138,-0.08462311402558678,-0.1183737559743136,-1.3771552878388351,-0.1850410999556023,-0.11552221643574785,-1.6160374663317028,-0.25569521173553267,-0.10798065990884263,-1.832253942940096,-0.3108500902749373,0.04707383767004472,-0.9925697833417165,-0.11220195632872175,0.04931589537402228,-1.4404555514914699,-0.2206572218472223,0.03455758712952423,-1.7064014534450327,-0.3026442462411891,0.02849204233101325,-1.9438738968364189,-0.3556462650555786,0.19647566258904323,-0.8721227859352022,-0.15524701176320785,0.2395201115841702,-1.1658104722247995,-0.3225423233485922,0.13231182928896582,-0.9298803171887203,-0.3720988620832354,0.05526516827370599,-0.7454865712154412,-0.3685470598216053,0.32574238511890624,-0.683956699346223,-0.20568575530729638,0.2810918380135288,-0.776258825536893,-0.35877146292462325,0.15196375368834952,-0.6062234256327965,-0.3963283552236839,0.06344942717772148,-0.48032825925266165,-0.39697163320425377
U,0.0,0.0,0.0,-0.18979206416582903,-0.19198434968595235,-0.10386734634967186,-0.25678606074253296,-0.5224741988944926,-0.15363914898108824,-0.06989488804871279,-0.7000903868135057,-0.20838470604534454,0.11405277518848358,-0.7881411100118076,-0.2592170818112017,-0.13312333981170157,-0.9961181862551545,-0.08108335686387537,-0.12661639313763257,-1.3715139501911198,-0.17905236589874318,-0.12156968614026316,-1.6054314462622823,-0.24747318391517223,-0.11238690373601708,-1.8177740793681245,-0.3012404430936518,0.040243343295228926,-0.9930670663873781,-0.11044580108446492,0.0406336256851062,-1.43842680868173,-0.21761658108956047,0.027622846728151598,-1.7005955208811256,-0.2970619750857327,0.022389849963417415,-1.9357615599861793,-0.3479400012697254,0.19061418148058312,-0.8733203645390175,-0.15502232796541446,0.2287453118921671,-1.1658641437383979,-0.3224564749221637,0.12460466034848354,-0.9237782552544869,-0.3709944459201472,0.0490185502427636,-0.736245190146236,-0.3661823427323166,0.32075524586119386,-0.6840452073519697,-0.2064416537775557,0.27352747054888354,-0.7771622254290314,-0.3594650926957056,0.14493409467109566,-0.6055899233897138,-0.39677857248515375,0.0556720372177777,-0.47898352908693326,-0.3971761491070132
U,0.0,0.0,0.0,-0.1879911874870861,-0.19390159228688736,-0.1052882512479434,-0.25145145225185467,-0.5182801414457561,-0.15655330336194256,-0.06373496867911976,-0.7004751332819154,-0.21317729847196287,0.11804540490076237,-0.7916226567117883,-0.26503116016429834,-0.13068089015989323,-0.9916178439717428,-0.07867644173168667,-0.12710404508499354,-1.3654434230960164,-0.17759954202300093,-0.12610032237276986,-1.5992663190295782,-0.2466517437685939,-0.120225140195093,-1.8095354489553768,-0.3004031327141398,0.04171920294042324,-0.9933034864097604,-0.10773899940240145,0.03901332464401282,-1.4325170570865713,-0.2165017893217231,0.025231761964303368,-1.6936579028989909,-0.2963719524193319,0.019668539961792866,-1.9276972593347996,-0.3464847956920997,0.1917953933676155,-0.877005871945406,-0.15255973521472074,0.22575276684414716,-1.1582999144924062,-0.3188237709661065,0.12256349930730483,-0.917242145552509,-0.3655074113329256,0.04721409468292338,-0.733107550478627,-0.3589346910843096,0.32304236719347557,-0.6891505315228643,-0.20484548075581815,0.2809499508805195,-0.7808915520682559,-0.3539479243050889,0.15322540195819376,-0.6147536832612464,-0.3888853082667097,0.062350223421790675,-0.4933278827831141,-0.38760074005128864
U,0.0,0.0,0.0,-0.19085961234090282,-0.19305675935814096,-0.10347444277236818,-0.25395757272379155,-0.51691063166373,-0.15344562416887786,-0.06788829086288448,-0.7001246699877829,-0.20885136024065218,0.10948562167497765,-0.7975023305503325,-0.2598021159740956,-0.1339491996725434,-0.9925930427384072,-0.07645793253633953,-0.13188218242351687,-1.368178981363749,-0.1724495422670287,-0.13114101564306135,-1.6007786580486703,-0.23862243224357788,-0.1261357664389627,-1.8093192229715613,-0.2901428535440885,0.03844769936564334,-0.9936643626540612,-0.10560733310138799,0.03610143509200172,-1.434917792607431,-0.21236386141025182,0.021599577300209304,-1.698233659888553,-0.2924288816482938,0.013776241109425089,-1.9316574917721478,-0.3427261035882707,0.18786990137689666,-0.8778766954370523,-0.1501802263342926,0.2225713365852332,-1.1585073514114967,-0.31486495192237024,0.12191980747677139,-0.9244142105691383,-0.3660012858001028,0.04747363103699438,-0.7438631674639967,-0.36296381966644164,0.318678308606114,-0.6914102313339245,-0.20162758263444416,0.27349856256499055,-0.7757752424458001,-0.3497315455409275,0.14467614838949816,-0.6132318676677416,-0.3880089713325053,0.05169998401211832,-0.4949678064088795,-0.3896684532476893
U,0.0,0.0,0.0,-0.19101692799896672,-0.19133560576256312,-0.10392757739684025,-0.2570583624717731,-0.5149033709545859,-0.15423009337048307,-0.07159988010847748,-0.6959545029348613,-0.21005938201931595,0.1074802893740645,-0.7888095746671802,-0.2614941166123154,-0.13725865518175306,-0.9923915936585429,-0.07820665214718842,-0.1350262702818108,-1.3681022594159122,-0.17558084730953416,-0.1339761511751027,-1.6020487324056705,-0.24351330824902506,-0.12859931495219928,-1.8132261098320932,-0.2967344019145394,0.03573702477890323,-0.9935532704894443,-0.10758607604927826,0.031559352063339756,-1.4360847162619443,-0.21442516484591354,0.017189896909854983,-1.6989325144806593,-0.2946882815015177,0.010080060658251205,-1.9357562744494834,-0.34587369278371893,0.1853495495267304,-0.8766373303698218,-0.15240763183961478,0.22052911379562048,-1.1640638380882173,-0.31805952218534755,0.12266067074914873,-0.9234681145978448,-0.36802265864492095,0.04984284278124289,-0.7373691596532981,-0.3641563632242383,0.3170227719468862,-0.6886208950129639,-0.20428702854889108,0.2739954498919488,-0.7781056110308301,-0.354467246767094,0.14635897653282404,-0.6134034275865641,-0.3928363776150528,0.05344402455148965,-0.49190689450046815,-0.3943356806171158
U,0.0,0.0,0.0,-0.2026348060897309,-0.20161283640349822,-0.10079908866746684,-0.25896645785374256,-0.534024579892504,-0.15141179788381012,-0.07481996240300759,-0.7282035915483637,-0.20862026256949892,0.09683681194070731,-0.8435138497817596,-0.2640854468133529,-0.1442218705770376,-0.9978059479610347,-0.07098704790134064,-0.14068534897383544,-1.379012936125849,-0.16239567813020828,-0.13732701601587158,-1.6182897321912113,-0.22629018542577523,-0.13024699941243428,-1.8236752681447927,-0.2764316398110455,0.028942166833273095,-0.9941408772888424,-0.1041454131604742,0.03182915320493986,-1.4439437957390293,-0.20911610780063566,0.02000502449367589,-1.7188261147683794,-0.29358876565852915,0.013465813181193467,-1.951202826224801,-0.3481927812464183,0.17775170686101519,-0.8754266837510957,-0.15232705624439288,0.2254139580294077,-1.1758582449362622,-0.3176154216253221,0.12346362744857234,-0.9707965131685952,-0.37986441367035256,0.04630665948726471,-0.8024355864752194,-0.38711456739811173,0.3046728546648236,-0.6868034509156155,-0.20581886088312873,0.2517811062530172,-0.7933492501412054,-0.3555898350879913,0.12273509096907087,-0.6391204630665722,-0.3978295589602304,0.029649599611227286,-0.5191163745881665,-0.40466188233615963
U,0.0,0.0,0.0,-0.20367352539111713,-0.20291640590671423,-0.09917705489797488,-0.2612231725552256,-0.531661732267624,-0.15056995732847997,-0.07880057308706431,-0.7276375724627198,-0.20911480470075192,0.0929084393775611,-0.8440050510404494,-0.26591125102969065,-0.1448681789762157,-0.9973119044432691,-0.07270302520406707,-0.1404788361781576,-1.37672864611889,-0.16504302122294995,-0.13671456349848174,-1.615563390897005,-0.2291158865639202,-0.12959838762238993,-1.8228053476375161,-0.2792401946537138,0.029134336866354853,-0.9938509169879665,-0.10682483427338409,0.031848958339801434,-1.4400997656787204,-0.21250284148835297,0.018831752375416122,-1.714841457906047,-0.29569943274687843,0.010362731200099291,-1.9479793980128817,-0.3491642753937429,0.17829945142382744,-0.8741305327686683,-0.15566308497224973,0.22120337490733968,-1.1729557875262804,-0.32092890400089463,0.11822473605150566,-0.9649644574684552,-0.38051898270758633,0.04066063349457842,-0.7950930181000624,-0.38546424969133636,0.305130452505189,-0.6841932399105377,-0.2097925487553384,0.25108079702596,-0.7903864469768711,-0.35854021325525454,0.12141506331558576,-0.6389435947697636,-0.3992762579647275,0.027285645742065295,-0.5213713593812724,-0.4046848140889245
U,0.0,0.0,0.0,-0.20177158363068903,-0.2048031865790316,-0.09747148204033794,-0.2581957166632251,-0.5387458141054,-0.14634147374502535,-0.07423575977922138,-0.7277727097866619,-0.2022427426330998,0.09810499389452472,-0.8379468660101286,-0.2565950365107343,-0.14134107167425394,-0.9970256096812781,-0.070146381521606,-0.13805383271045976,-1.3744759338974706,-0.16021154484742745,-0.13523479323098797,-1.6117550982077566,-0.22264093449621197,-0.1288685444279603,-1.8180479447468396,-0.27162354014147516,0.03161290142052077,-0.9941082347652725,-0.10367951598869472,0.03254388245877805,-1.4380220267232549,-0.20642773266210776,0.019909991185775806,-1.7115671013697125,-0.28788624831449544,0.012666398855327426,-1.9441025064303565,-0.34032933124769416,0.17977559894687428,-0.8746914504960385,-0.15189828374815598,0.22436877798984006,-1.173430172341031,-0.3138983641969068,0.12123775067248312,-0.9714051198670454,-0.37478824892607465,0.04258728061582249,-0.8047331467577722,-0.38129992401058754,0.30545225998586095,-0.6847631917959711,-0.2052934889354783,0.2537507562744555,-0.7902286247196353,-0.3516210431407355,0.12490839851003487,-0.6421280527950588,-0.3933133719553778,0.031116438399343412,-0.5262081813956162,-0.39991602312098135
U,0.0,0.0,0.0,-0.2000371411522738,-0.20625430546814305,-0.10095886461681022,-0.2649861545519001,-0.5355942762265169,-0.15403117533537328,-0.08770848123370233,-0.7329469944686441,-0.2114865887537137,0.08316956872267538,-0.842670714908791,-0.26702431349323474,-0.15062453872897888,-0.9947643043074837,-0.08761117292884006,-0.1496002610007939,-1.375083796776898,-0.17958433258459477,-0.14530973421389848,-1.6102329296013567,-0.2402537412051017,-0.13740094704859815,-1.8163975376453834,-0.2871736652118319,0.02477598849611876,-0.9928184459019136,-0.11703710467603447,0.02604270926195137,-1.4446377422202084,-0.21925497995083199,0.015607908923090712,-1.7144117521341249,-0.29393932091926933,0.01113120891119203,-1.9371909973334045,-0.3416238318975621,0.17766014090612217,-0.8746978951689766,-0.160470424344959,0.22116654865471289,-1.1803627601023732,-0.32143202246967184,0.12306839435763697,-0.9886557797288983,-0.3802038454054807,0.04926152819033718,-0.819868255452183,-0.3864544141192028,0.30974767625678457,-0.6886177103509866,-0.20903841084492092,0.24683282586970007,-0.7829922144390448,-0.3560757954450591,0.11507826667108836,-0.6361512170563041,-0.39876919261269106,0.0217004625317508,-0.5153542288981832,-0.40627791626680604
U,0.0,0.0,0.0,-0.2051003426714435,-0.21346956044164137,-0.09707702957112542,-0.2657716632982747,-0.5333852710518908,-0.15193341977955205,-0.08415103530240946,-0.7263028007395341,-0.21428125903317685,0.09398936375323541,-0.8314580187529425,-0.2748359733105039,-0.14527211301358783,-0.9984293065216056,-0.0817390736482871,-0.14257184619919394,-1.379139051033457,-0.17610636626780643,-0.1416788460841173,-1.619221298556124,-0.2421610971839521,-0.13535647807350348,-1.8290453838444463,-0.2941732288596868,0.029696420904715047,-0.9927065188285485,-0.11684130288880949,0.030261227671341498,-1.4425693607521484,-0.22150781121415966,0.01773163712729921,-1.720853179921547,-0.30376431065775444,0.013797915101392054,-1.9581408026472682,-0.3587726435616891,0.18187908265264235,-0.8673234400235343,-0.16561542304450957,0.23081571886661614,-1.184581416757718,-0.3259482315866461,0.12866060572383323,-0.9913607919870342,-0.3837035792191731,0.05075463194277921,-0.8199563075518278,-0.38971159624527457,0.3126741904751816,-0.6713353004143434,-0.2197993809092567,0.267260890909193,-0.7959458890962104,-0.3638468997401496,0.14061140344495202,-0.6719160091353898,-0.40346376927898275,0.04633810358990507,-0.563127673511555,-0.4094086095644821
U,0.0,0.0,0.0,-0.20782618764653704,-0.2143038504029566,-0.09734248577047601,-0.2688407390326919,-0.5378218003777538,-0.15021291939716488,-0.08785673266555795,-0.7336790972710553,-0.21069167811743272,0.0899955789919174,-0.8458811680761035,-0.2691391523254024,-0.14988619141348014,-0.9976564631962819,-0.07478382163728056,-0.14684972929808923,-1.3764633477671795,-0.16808319424135465,-0.14597310355024332,-1.6162819536967872,-0.2338549416805751,-0.14026964291477356,-1.8247032478813807,-0.285737051686894,0.023170867594266294,-0.9937801079051197,-0.10892294536514072,0.023493881005843705,-1.4404067873076494,-0.21383394072977158,0.010922012449106977,-1.716959325777577,-0.296664578880618,0.005601620065273258,-1.952222995593807,-0.35160392239725097,0.17363000939121828,-0.8731104990040398,-0.1574150543968644,0.2199900136896716,-1.1811990195373694,-0.31903034234885574,0.11659326516195562,-0.982764806384077,-0.3775722474481312,0.03726956729501755,-0.8110483890809401,-0.3836847223583691,0.3025405416844194,-0.6833358439531801,-0.21143463811689575,0.25191683809403753,-0.7971271329690999,-0.35726511142199985,0.12249962952888553,-0.6637890624513831,-0.39848335733295887,0.025336923233273665,-0.5525591415167983,-0.4052883821321737
U,0.0,0.0,0.0,-0.2034792359011249,-0.2091101296283858,-0.1021755582014985,-0.27309955437780414,-0.531874110279034,-0.15957010661551066,-0.09501795762341897,-0.7378628143798518,-0.22135437999640367,0.08025020661008715,-0.8567003750385644,-0.28145702968985997,-0.1497481537646189,-0.9934569245108976,-0.09694521023553221,-0.14783543460502793,-1.3760775028879186,-0.19512691976358293,-0.14413921637334826,-1.6151888505870917,-0.25970711347306,-0.1361679585203744,-1.8251670612241928,-0.30924982308515075,0.02744179417085948,-0.991359590838141,-0.12826967523899774,0.02951213565074742,-1.4500334927027092,-0.23600960478778546,0.019348164995738115,-1.7239420071294753,-0.3125489136433921,0.01591310630177732,-1.9508539915404877,-0.3610491505230651,0.1824982446711027,-0.8708712762946568,-0.17329349645009526,0.220722412721651,-1.180877215695044,-0.3398919043022955,0.11959716931026526,-0.9883465369505983,-0.3967109486974118,0.04403212250565716,-0.8193889056886751,-0.4006009215224917,0.3175011073440679,-0.6810269250434768,-0.2233037601940701,0.24583502236906776,-0.7807413227917827,-0.374758641392665,0.1096700853628205,-0.638332728993299,-0.4164420402501909,0.011171142030708828,-0.5217391461596448,-0.42221690912560805
U,0.0,0.0,0.0,-0.21676425674410385,-0.21022496622445758,-0.09828634414762491,-0.29144758391677233,-0.5396337353567255,-0.15214099195074415,-0.11453305581342774,-0.7517821329214931,-0.21330813760778078,0.059792872557345854,-0.8681939134056504,-0.27226452278584345,-0.15068403873026084,-0.9961851391304619,-0.08192064777727717,-0.15155634106125512,-1.379710913970409,-0.17903969196317188,-0.15320672746165145,-1.6209857067667786,-0.24600455103544885,-0.1499027165609593,-1.8312252966682017,-0.2983462684732206,0.022741697868448478,-0.9930253803575513,-0.11568668524856605,0.021704670261920966,-1.4476318350948711,-0.22421341828346916,0.003991845992249731,-1.7245136100249558,-0.303892402417236,-0.007307764744185249,-1.9553331005199792,-0.35539359790770464,0.17506588642522977,-0.8731319112975705,-0.16378745802520545,0.20483927490772125,-1.1940363855453657,-0.33098618489175485,0.09578633758229303,-0.9858213392649858,-0.3829036067878551,0.01376464039864718,-0.8039734092824818,-0.3824812175469309,0.30638504320805554,-0.6799742384595912,-0.21743834708646245,0.24407042201283832,-0.8029685537652785,-0.368749715444836,0.10901700486202717,-0.6665148150901818,-0.40703554628896654,0.0070885140445376615,-0.549435777117054,-0.4097882967954757
U,0.0,0.0,0.0,-0.21390943563141585,-0.20316283512366487,-0.09533060617972842,-0.29229925199241297,-0.5323061404901135,-0.14944729637271525,-0.12100385026861898,-0.7481000035159322,-0.2113180874056905,0.05068075509326211,-0.8655905642003356,-0.27144282119850754,-0.15351971240566828,-0.9955657570068495,-0.08498848283408068,-0.15676081040741724,-1.3802775542885557,-0.1819358269404725,-0.15856262875450988,-1.6196072577351406,-0.24652503075623422,-0.1540554163922132,-1.8283211071328123,-0.296193302177874,0.02044950367220608,-0.9925163329085431,-0.12038748568409487,0.015986210043922464,-1.4522064020341612,-0.22926755635735893,-0.0009299269085192276,-1.7290206403924722,-0.3058299089676522,-0.009100066255918788,-1.9591666228516849,-0.35345324047891286,0.17409114284896773,-0.8730270515528886,-0.16935700481916627,0.19630753901788464,-1.1909597863572625,-0.3366319470782565,0.08727112549416519,-0.9741162655885319,-0.3837569578110904,0.008110430782824671,-0.7867093808604639,-0.37839921210884453,0.3056503379955523,-0.6818561221830733,-0.2235649440246963,0.23306040873463602,-0.7993489833725917,-0.37280746843746126,0.09884162053831817,-0.6578764934119468,-0.40667777910305236,0.0014922958407149328,-0.5386084788209865,-0.40520383501905005
U,0.0,0.0,0.0,-0.21521086672362189,-0.2045487261080933,-0.09255092294638488,-0.29255051532071724,-0.5367898711858153,-0.1444708047077976,-0.11948439080120767,-0.7526021459154637,-0.20545491913404995,0.05177855453692496,-0.8675584234148686,-0.26458473574324975,-0.152417539184035,-0.9976077850182613,-0.07867635352590667,-0.1576311698464251,-1.3847561436552256,-0.17455162725523238,-0.16098049838033515,-1.626084688950502,-0.24034191215077164,-0.15818587365184464,-1.8362903699339062,-0.2917079390365857,0.020034430321676126,-0.993115823066369,-0.11541050028872674,0.013637208642561124,-1.451978011558856,-0.22337044674373574,-0.0024706208670088902,-1.731728441403149,-0.30287311628258945,-0.009948517147640975,-1.9638876042799263,-0.3537862064578189,0.17205388672201394,-0.8731092228811932,-0.16565216533839555,0.19516254007380096,-1.1943860605689898,-0.3312713076832117,0.08604522800330276,-0.9793923109121717,-0.37980817798751376,0.0060641277383206025,-0.7909459811627948,-0.376275141040366,0.30176179569099143,-0.6813973605014562,-0.22112154022502223,0.23380833312818844,-0.8036664500824795,-0.36961765053862905,0.10006421997700025,-0.666948522708302,-0.4043413094578141,0.0012596551286754283,-0.5476944139163511,-0.40402255590076314
U,0.0,0.0,0.0,-0.2101880147869866,-0.20435208462993082,-0.09362331211466715,-0.28710332297105157,-0.535293189369507,-0.14645951976450933,-0.11389433799264546,-0.7467214844253791,-0.2074463969594485,0.06280227447092353,-0.8603156509606711,-0.266945930283971,-0.1478565202743848,-0.9956052900182344,-0.08122874962983823,-0.1529177676026214,-1.3824116612431332,-0.17490215167239023,-0.15700242119080793,-1.6238211353576664,-0.23900617107870847,-0.15490236114334935,-1.8339837558052015,-0.2900718814951016,0.0253201257901075,-0.992760502097473,-0.11741156972439615,0.020951470201524332,-1.445750326353492,-0.22374907054809332,0.007960037089219456,-1.7263350778628848,-0.30442090117700327,0.0007873281733623838,-1.9571498262575115,-0.35736042880641494,0.17663214193647164,-0.8731486026647254,-0.16683898246988804,0.20715385764917235,-1.1855512177024976,-0.33212127986404827,0.09657467293414965,-0.9897395085560274,-0.38881554196950685,0.009828749521756372,-0.8142310402276945,-0.393067383596613,0.303306362646236,-0.6826885691695251,-0.22098722883200975,0.2383949068957244,-0.7937911882283446,-0.3742346305082667,0.10346037398902193,-0.6587275069667172,-0.41657430172469906,-0.0003559353537817833,-0.5397410338370329,-0.4225767721058925
U,0.0,0.0,0.0,-0.21257896087786884,-0.20634817906943317,-0.09631285359133755,-0.28702323302101923,-0.5402847213210564,-0.15060142375679217,-0.11066106143752638,-0.7534550076667004,-0.21295325627413142,0.06421422729488611,-0.8659784379145565,-0.27357913875616974,-0.14535191318630536,-0.9987245136257893,-0.08550809580243718,-0.14723058940897318,-1.3873839537160626,-0.18268003838346922,-0.14843941529935903,-1.630100778365466,-0.24903845669585897,-0.14486757265297753,-1.8412007504262524,-0.3014344322102807,0.028336465986952757,-0.9921529380601483,-0.12177681303920661,0.02554904103469344,-1.4501249049816283,-0.2321971843414437,0.014499782421394538,-1.7305226544943093,-0.3144119644309063,0.009214726659699109,-1.964515325149445,-0.36776992146997217,0.1792213699238134,-0.8694507741850153,-0.17149719142180528,0.20986559442877545,-1.1867115850912284,-0.3398855187654934,0.10162737821544048,-0.9800812981752334,-0.393075805483752,0.01788050634992846,-0.7997319123406458,-0.39348349079220396,0.3071047206922465,-0.6749772996260193,-0.22641013033879326,0.24593322802813564,-0.7944385470694787,-0.379375527709614,0.11115859331714041,-0.6585138762476095,-0.418450840196666,0.007199255137354505,-0.5407488074250472,-0.4216350182589787
U,0.0,0.0,0.0,-0.21353118544599617,-0.20447297462691796,-0.0996901033975769,-0.2884452866686997,-0.5344120262576089,-0.15560766184972646,-0.1115768204145197,-0.7453595983084728,-0.21875590725732766,0.06506472365109985,-0.8585963643894714,-0.28020383155417755,-0.14672060320106117,-0.9967451816548432,-0.08828074602416788,-0.14972579174576864,-1.3861582873244604,-0.1848968495774199,-0.15157198584776013,-1.628958595990508,-0.25149350552045074,-0.14815673946620275,-1.8414071540403272,-0.3048656405857108,0.026956529832472886,-0.9920448729480362,-0.12296469231818413,0.023080694701478065,-1.4486297479400365,-0.23252918658262875,0.013189294502363214,-1.728774787478471,-0.3158935453398551,0.008610280737681188,-1.9637652167614579,-0.37137884789127035,0.177194997633878,-0.8704125046881728,-0.17137545958819744,0.21062591737114864,-1.1874849540919568,-0.34027263547185477,0.10407853103248642,-0.9882153145870908,-0.3985083708736643,0.019550586471390102,-0.8109090866897758,-0.4037275293307668,0.30409337179855084,-0.6772385326426333,-0.22506363334622453,0.24610961652244726,-0.795014572571433,-0.38130690115993665,0.11142221864910817,-0.6605043960506597,-0.4254304265876419,0.005223879517724077,-0.5416278820789373,-0.43300046571516654
U,0.0,0.0,0.0,-0.21324836504122788,-0.20784464392917212,-0.09431905366572944,-0.2856489459101995,-0.54004983571213,-0.14734053632225044,-0.10898393684246006,-0.7490913842445335,-0.20903399671180806,0.0638009957222122,-0.8623678977625658,-0.2691665130493939,-0.1465177148091806,-0.9969307906833124,-0.08243650755947142,-0.14840994124862292,-1.3848771837280693,-0.18001970223489058,-0.14957704782781478,-1.6280287484128146,-0.2467424357445232,-0.14600772214687383,-1.8404813920037333,-0.2992164705569526,0.027036878912999822,-0.9924531963114391,-0.11960627203391844,0.024851136745474987,-1.4528628810492787,-0.23026215575919082,0.011739487038754779,-1.734933987557383,-0.31257896356011683,0.004495244769387957,-1.9723482386170452,-0.3656381350066251,0.1781076694998959,-0.8709839912222949,-0.17024402957138035,0.20731970034191174,-1.1893392275530799,-0.3393272325172846,0.09802698536881238,-0.9790827087164594,-0.392503986759001,0.01500782152913642,-0.7970495908092968,-0.39227829527901537,0.30672673914463733,-0.677516945805117,-0.22594556935170523,0.2442549221811489,-0.7932190392451385,-0.37863824977493266,0.1088599687563863,-0.6562178996465392,-0.4175222571950599,0.0061065184107435486,-0.5399854636741352,-0.4203604930283557
U,0.0,0.0,0.0,-0.20772200631902585,-0.20105669939309098,-0.10010406063510342,-0.28200911638653,-0.5283261755547201,-0.15590617538055573,-0.10463794490075151,-0.7361707344146268,-0.2183817801488182,0.07287180920509483,-0.8507640824295359,-0.27900960803118724,-0.14659424680575536,-0.9951309755872306,-0.08794703602822522,-0.14853823002173694,-1.3791457944521488,-0.18469624931025538,-0.14998859021862612,-1.62070491927792,-0.2515685686849353,-0.14581135842223775,-1.8320245924658265,-0.30492313596072107,0.026798259025821506,-0.9921365567951079,-0.12225753957908934,0.02339367704624423,-1.4448470906872555,-0.23131676130436737,0.012636769972739006,-1.7215699006373915,-0.3142572183765857,0.006974118644981585,-1.9542248852840718,-0.3691322386632539,0.17706815127921222,-0.871811059302676,-0.1703717834762778,0.2125068298265326,-1.1763517447347893,-0.3378023279612138,0.10261639678547821,-0.9780573899551404,-0.3954675128052032,0.015020184198174545,-0.8068218088430672,-0.4007110292721547,0.3036238683224854,-0.6810806266622227,-0.2238574225043833,0.24350031570537817,-0.7878980418132054,-0.3778002454339342,0.1095171907456627,-0.6494904081581596,-0.42064882808542337,0.005699572219820273,-0.5339151919380832,-0.42770108043895816
U,0.0,0.0,0.0,-0.21173879175518182,-0.2052313671396699,-0.09896613147059379,-0.2847742819942123,-0.5318957812282703,-0.1534375612086416,-0.10538292152585244,-0.7385133097140415,-0.21523049220242924,0.06983854019031906,-0.8521021652814416,-0.2751114197067409,-0.14428229481233645,-0.9938890998684676,-0.08561147398998342,-0.14492089616911943,-1.3788179493488584,-0.1830954913352537,-0.14501408174246866,-1.620519638660359,-0.2500823246868089,-0.14056514512086377,-1.8316590541664706,-0.3031001684392414,0.030048507910453767,-0.9922451735288258,-0.12060929807069458,0.02775124485610513,-1.450813455382871,-0.2303806322920317,0.014814430760001798,-1.7305451318633505,-0.31273434261307415,0.007486184446057422,-1.9664291565883507,-0.3664305835656965,0.1814827435922799,-0.8710325343279952,-0.16962941068161025,0.21236784626035218,-1.184855810376871,-0.3390158392864045,0.10635130434377553,-0.977616491294765,-0.3947133908933845,0.025284006335001455,-0.797751731510571,-0.3967615797022638,0.31121241967307794,-0.6767375007910809,-0.22400502167935593,0.24991706643453473,-0.793916802725834,-0.3782052241331533,0.11586349673423184,-0.6565041940396577,-0.4195545582147247,0.013846670562836047,-0.5401623170235328,-0.42458637163533025
U,0.0,0.0,0.0,-0.21126727967365974,-0.20303199572437172,-0.10024470979504113,-0.2833834688525282,-0.5311949055814946,-0.15411196225271004,-0.10229763041914229,-0.7377575125733858,-0.2146467014190055,0.07416603694536819,-0.852660515528926,-0.27349456610339473,-0.1457061713567845,-0.9934617423189237,-0.08631721119849338,-0.1462567369752343,-1.380088645074594,-0.18281098839914622,-0.1460476219160725,-1.6228108871025573,-0.24935171233645298,-0.14166338425033295,-1.8357031260344496,-0.30271111300725273,0.029109336422034008,-0.9922707228177874,-0.12062942912794818,0.02602317268324047,-1.450179643337222,-0.22990747107605783,0.014731791787247319,-1.7300180397315723,-0.313456063769175,0.007804777424506229,-1.967196651944891,-0.3688515792772161,0.1801698936667887,-0.8717532406171107,-0.16897028945821882,0.21445810497937706,-1.1860361124130347,-0.339825784841504,0.11341807796080569,-0.9811636960933537,-0.399216048212928,0.034325976868048905,-0.8039695825445772,-0.40455188944453224,0.30889092842717913,-0.6789406250078351,-0.22246440548336288,0.24832496505335583,-0.7912431105410828,-0.3807403425959491,0.11410805361869669,-0.6488623888116849,-0.4260624423809358,0.010569049624470644,-0.529638506932211,-0.43423725462468266
U,0.0,0.0,0.0,-0.21200194525227609,-0.20237948817494086,-0.10052245308176223,-0.28567602073306514,-0.5288801057375735,-0.15600357253682257,-0.10660070824206799,-0.7356254988966991,-0.21856974067867518,0.06969331799889576,-0.850641820249634,-0.27936489489451527,-0.14858386281848518,-0.9935831527420173,-0.08674538866165678,-0.14956817480937776,-1.3780735470813135,-0.18432750313528692,-0.15057553957608827,-1.6204375557057902,-0.2519986280049873,-0.14676425114885647,-1.8331401184285327,-0.30620349205287745,0.025479547758762624,-0.9922213775074392,-0.12185044383689718,0.022960980079987595,-1.4467721689560653,-0.232554831738221,0.011318912926603267,-1.7266593469255174,-0.31701485450648936,0.004831737201838957,-1.9645441596720374,-0.37297315733486425,0.17621375689093105,-0.8720372884006526,-0.17099602836307887,0.20898234314412487,-1.1856165135933383,-0.341853779124645,0.1039981329252898,-0.97849459176252,-0.39958766489766295,0.022588189696265228,-0.7994814802296981,-0.4037856584471739,0.3048717140961243,-0.6792236637768273,-0.2255981633888314,0.2430840444241231,-0.791965029217063,-0.38300981152726143,0.10917005433244198,-0.649874572603293,-0.42677449396460815,0.006604724113169246,-0.5302225664843041,-0.43376384637340626
U,0.0,0.0,0.0,-0.20906697048887865,-0.20718037378539042,-0.10021947943169866,-0.27952534691246805,-0.5339971795738041,-0.15659233894789132,-0.09971038322851158,-0.7404953307590336,-0.2202250766997588,0.07741565592532186,-0.854014597000906,-0.28232876955404634,-0.14201046820251897,-0.9953160602796424,-0.0884056264974774,-0.14265968003170437,-1.3817928795067793,-0.18580279681859038,-0.1433567470980587,-1.6236848056251296,-0.25357633613063274,-0.13917019240169684,-1.8353802847047989,-0.307901087517892,0.032643707811473924,-0.9917303431380176,-0.12411814871189866,0.0304116398947575,-1.4449132106804028,-0.23458852509439015,0.02073470885595624,-1.72497835636354,-0.32024810203357085,0.01544488851831159,-1.9628473283360235,-0.3774971094534737,0.18291932565258287,-0.8691555372883486,-0.17360686107903894,0.21724243048557285,-1.1810915442738,-0.3427817162446456,0.11086449436473982,-0.9819487741836712,-0.4022580683420215,0.025908887687730645,-0.808882852244916,-0.40866786732134847,0.30967653390037775,-0.6737363406412773,-0.2284933405620257,0.254052969576788,-0.7893022746836325,-0.38385970199223113,0.12004896283276148,-0.6538385274947698,-0.42780204687040707,0.01412674144332019,-0.5374535526253802,-0.43576649226112485
U,0.0,0.0,0.0,-0.21130823263555168,-0.20444944035444199,-0.10216769626276195,-0.28318436684340675,-0.5319851542774708,-0.15876597514947285,-0.10232473470117703,-0.738774227529113,-0.22201264674052001,0.07440040930312797,-0.8547052000615771,-0.28375848967666717,-0.14452764088937348,-0.9943541698998478,-0.09082044682134546,-0.14510589534077,-1.3809257958049623,-0.18950839429821606,-0.14560991863821166,-1.6241557118755543,-0.25845424330718153,-0.141471063961819,-1.8371971483872713,-0.3136450023074441,0.030207921051577435,-0.9916261230094046,-0.12555920384853902,0.0275990182821879,-1.447560316442868,-0.2368557065928496,0.018284567938872884,-1.728609342010253,-0.323493833787073,0.013394460715592173,-1.967092726800998,-0.38147821572869905,0.18071127379952157,-0.8706763343340573,-0.17417600922882348,0.21598853808196827,-1.1809706671512432,-0.3443142169585984,0.10992531869582757,-0.982701334241752,-0.40513469162644855,0.02514564745441815,-0.8101887562417864,-0.41246712337482716,0.30839031411476303,-0.6775865477691498,-0.22828361977168435,0.2526075772564904,-0.7899587914502468,-0.38456881526848286,0.11859955132758203,-0.6512554890858889,-0.42946005364010464,0.01309899161259524,-0.5336760443165779,-0.4381465021830491
U,0.0,0.0,0.0,-0.20668581367502048,-0.20136307964455918,-0.1062455235845257,-0.27803784587927277,-0.5235525229518123,-0.16496672029289874,-0.09822242486106186,-0.7256481756330889,-0.22927174830787952,0.07857037945263273,-0.8426818589299029,-0.29174107281156947,-0.14312923509355152,-0.9924707167272446,-0.0920883860828334,-0.14526090423895271,-1.3786393129973677,-0.19049423979647565,-0.1455887654633526,-1.6209139069720133,-0.25882557656090954,-0.14084095691223172,-1.8326712363367212,-0.3134015408313306,0.03185436098755833,-0.9915645029026918,-0.1256389122422355,0.027335754122294442,-1.4453226719856251,-0.236145643951563,0.017915949086511954,-1.72569760655476,-0.3227049276116325,0.011901040504062996,-1.9630616556657619,-0.3806129360550841,0.1828522654667066,-0.8712542844047959,-0.17384911643702358,0.21992125040091237,-1.172538290755542,-0.3451909942277423,0.11696493317627148,-0.9869634374336352,-0.4116096340962673,0.03201637033506032,-0.8240796548637158,-0.4232683615810617,0.3103295282529407,-0.6784162197075081,-0.22762922276935932,0.255402336025307,-0.7819530704273645,-0.3867266080282218,0.12298524207030384,-0.6453262258888096,-0.43591861742821203,0.017588191714257923,-0.5292940926864246,-0.4480046186040065
U,0.0,0.0,0.0,-0.21288912797231294,-0.2041457939681626,-0.10072504627841308,-0.2861180536112528,-0.5281374418421994,-0.15606409379362576,-0.10508422453317784,-0.732885086107834,-0.21845454987450014,0.07186266941001158,-0.8444352049199922,-0.27874281179155463,-0.1467073938986321,-0.993461767384702,-0.08704222292411884,-0.14720730956483166,-1.3765850512807292,-0.1853519011873039,-0.1479132743583996,-1.618136287590048,-0.25404390530992654,-0.14397405101608093,-1.8287874210101884,-0.3087110484194392,0.028575744168758643,-0.9921613223128275,-0.121652527107592,0.0251647747353456,-1.445559607405718,-0.2324009098031908,0.012053614443332994,-1.724488985844355,-0.3168980497796949,0.004652661958138749,-1.9620034239097297,-0.3727964532037063,0.17995427697498623,-0.8707540623747744,-0.17039055467553615,0.21298877893567497,-1.1807644724829438,-0.3391084329590732,0.1105118803376301,-0.9742696146596949,-0.3954020147346672,0.03151835407437011,-0.7950899163186748,-0.3987380123886133,0.3093417106227754,-0.6759978804293997,-0.22494377389724687,0.2534516373964825,-0.7924697188007742,-0.37869018486804973,0.12220509046347039,-0.6555034141769549,-0.4207182381737057,0.021461080597056578,-0.53909489568855,-0.42680628921660513
U,0.0,0.0,0.0,-0.2092495116746871,-0.1988474158744926,-0.10594566026671805,-0.27992979317560474,-0.5189953499514561,-0.1647872770352765,-0.10286760347728442,-0.7270910898618967,-0.2286353646309071,0.07005640401045943,-0.8496270544775072,-0.290905373881149,-0.15387983676956535,-0.9921949002204498,-0.09473699471186295,-0.15690617979425417,-1.3805638013705541,-0.19188029925178976,-0.16032065994350328,-1.622973533425471,-0.25870157094114865,-0.15796815884965545,-1.8340836207225126,-0.31232906195634685,0.021755080616108324,-0.9915688322221669,-0.12774179986580272,0.016774908921669857,-1.4455501185558655,-0.23722152944441263,0.004156123512759851,-1.7258831737910105,-0.3238259422743652,-0.0036362429890274173,-1.9606961203999183,-0.3822743498496502,0.17360191750454504,-0.87185278134624,-0.17478755807574337,0.2145717155194704,-1.179504181212892,-0.34453776746147874,0.1093032111564016,-0.9953707193267013,-0.41260589445889745,0.02405469659247374,-0.8330576360517749,-0.4265353597937362,0.30373748393336775,-0.6808868126250731,-0.22699065833918336,0.24145028962769144,-0.7763251523499909,-0.3858064133296331,0.10769996804850282,-0.640363460966804,-0.43710289108964495,0.004863761850039312,-0.528108905601236,-0.45116120522403036
U,0.0,0.0,0.0,-0.20682764286601293,-0.20772751464661623,-0.10760465149606732,-0.27037580569690883,-0.5288752701368875,-0.16881739918366634,-0.08233429359609175,-0.7218653449177657,-0.234883325652685,0.10009661626501544,-0.8293238829211198,-0.2990311415349627,-0.13142039573353317,-0.9941939058466183,-0.10231319834265577,-0.12266097437496885,-1.3777974066005607,-0.20613275432806552,-0.11526610754005995,-1.621581499160123,-0.27703289000107395,-0.10466238829921314,-1.8341016363630347,-0.3318086626099938,0.048324285999608516,-0.989591005211524,-0.13555222531214112,0.056222114642155874,-1.4471954681186352,-0.2496806680709964,0.0497514885005514,-1.72654311260628,-0.33453364044678235,0.04713135974094263,-1.9660052268462642,-0.38952583096388593,0.20061639399264372,-0.863903474631639,-0.18282203289938473,0.24789564061152372,-1.1600692248617448,-0.35281542361853163,0.13509497675860482,-0.9691522856498018,-0.411168615364543,0.045256522277077604,-0.8077752796616102,-0.41621970004750225,0.3282203879044412,-0.6646274754251659,-0.2361153153829984,0.2790133824919675,-0.7724886757199336,-0.3875254360764256,0.1412210913189323,-0.6395722588392887,-0.4276093951636668,0.034541730996365524,-0.5324977665330958,-0.4330249153672574
U,0.0,0.0,0.0,-0.20981339531316412,-0.2147358988066471,-0.10892576387113581,-0.2688042909367867,-0.5437784477105941,-0.1690901871535134,-0.0618246250740187,-0.7175534781473718,-0.2352509396720016,0.1313991221904823,-0.7928408989683212,-0.2990288568024125,-0.09959680483804954,-1.0091100878518267,-0.09628270974458543,-0.07437176384564387,-1.3909296616176996,-0.20220408849162788,-0.05752684552303153,-1.635029254154812,-0.27651223028829575,-0.03754224881874571,-1.8485305124207898,-0.3345338444519811,0.0812837696090112,-0.988147685036911,-0.1302194353940417,0.105180320695325,-1.435795393528654,-0.25036146958306976,0.11175790988657015,-1.7171254464371641,-0.33682588057901214,0.12103481538151185,-1.9608914566187359,-0.39215122854337714,0.23061208312395381,-0.8507203052741232,-0.17918776624517263,0.27845210997929265,-1.1381642272316186,-0.35652251614705993,0.15191793033816753,-0.9196057394942403,-0.40499566124924624,0.05349497250740812,-0.7441115972370678,-0.40008280338498725,0.35311908221772664,-0.6430172693580931,-0.23527870344260576,0.30201497443299313,-0.7473189514389181,-0.39438411350092384,0.1569507589745583,-0.5962709004411445,-0.42921891240430304,0.046859822372037174,-0.48106579908553315,-0.4279444119525973
U,0.0,0.0,0.0,-0.21216885275346953,-0.2109245096693115,-0.11296923358424123,-0.27139705559577154,-0.5412727367222955,-0.17563833963512476,-0.06464096990482149,-0.7183074914608749,-0.24323450684585163,0.12921915856437946,-0.794859870772789,-0.30860675812749044,-0.10364431471598534,-1.0083384593883449,-0.10360623609751034,-0.07759375407735822,-1.3842980445850706,-0.2134883663331647,-0.060541072543586275,-1.6281376851945841,-0.29116318238444056,-0.039879252866961784,-1.8412635079777693,-0.35155456187567635,0.07907689570839209,-0.9874683438663702,-0.1365764050886245,0.10220692713724001,-1.4328998165527036,-0.2610012597561794,0.10684730729879705,-1.7123790434397197,-0.3500845040232935,0.11618635703099106,-1.9565447077871156,-0.40678787708519765,0.22932192160287912,-0.8504293163516059,-0.18458249951306355,0.27700997052172677,-1.1324685764793423,-0.36445172040245133,0.1462026867131856,-0.9115686387980609,-0.41268134896534003,0.04690552927114552,-0.7375799757597877,-0.4073599072001111,0.3515013282545241,-0.6445300222973469,-0.24012547720832197,0.2953251714070042,-0.7421593505182934,-0.4007409254303408,0.14797435047303448,-0.5888143308892971,-0.4361208992456285,0.039653616444716884,-0.47636653956002967,-0.4350342927344288
U,0.0,0.0,0.0,-0.21153742505993015,-0.21453865132170338,-0.0944508948507469,-0.27247333977699983,-0.5821376013968956,-0.13617943895300758,-0.06427024305816517,-0.7650767939022767,-0.18644619116191938,0.13514459226745473,-0.8135942533930564,-0.2379481257849228,-0.11896588189012229,-1.010937496799355,-0.0681162520347825,-0.11523016661039438,-1.3946565816460026,-0.1606819269744934,-0.11498018000826367,-1.6379348365200457,-0.22335950571056912,-0.11500023868568603,-1.8499626322258966,-0.2736060792100793,0.06287957922027715,-0.9925573465749192,-0.10428840912218557,0.0728873655227339,-1.4381178673901447,-0.21567945957116622,0.04891617905209532,-1.71100070293282,-0.29490284648779924,0.027738376802704745,-1.9445333213471014,-0.34233409658763075,0.2180870100186991,-0.8613639936743901,-0.15521525719568643,0.23331453364485985,-1.1573103605343424,-0.3324764569543368,0.1122738589826361,-0.931852320038392,-0.38549618261814705,0.027123919764006174,-0.7544138997308132,-0.3808495579847312,0.3475858314574102,-0.6625140021693762,-0.21125912189242124,0.2553906018794568,-0.7585022422918224,-0.37303638304344666,0.10668965122236422,-0.588756964946272,-0.41268118532270803,0.007600318231403695,-0.4624267743697368,-0.41374400181458787
U,0.0,0.0,0.0,-0.21294258397213175,-0.21123379729877467,-0.09904770549960083,-0.281471022921578,-0.565006366115838,-0.15300863208741144,-0.07859539135930066,-0.745460385155806,-0.21583369747034123,0.1223551661745609,-0.7818515539217509,-0.2788209783695651,-0.12304556897623044,-1.0107857318748408,-0.09354104109664524,-0.11514191400202946,-1.4004291505390156,-0.19851238928293657,-0.11031937360319945,-1.6517864246121468,-0.26980073065238763,-0.10269198572093284,-1.8687278343281004,-0.3252117283126457,0.060023714951289844,-0.9894060288453963,-0.13218496029363247,0.06362822161222427,-1.4460773333244603,-0.25604446807553033,0.05193302069160202,-1.7366943123781782,-0.3423299293212707,0.04594182916509562,-1.9844707113828188,-0.3946789667125894,0.21667425615294392,-0.8511713862899029,-0.18427036766655466,0.22268091948436877,-1.134171256674211,-0.36375077569495884,0.09762549946647071,-0.9167464060401888,-0.41485645221567297,0.003171296123217605,-0.7419150104616147,-0.4092575133323561,0.34611603883649134,-0.6458810934476804,-0.2425736391051653,0.26138713653968776,-0.7471218026730087,-0.40095220076505794,0.10429956983472055,-0.6007636147651922,-0.43776375754546526,-0.014514672438844781,-0.4881278152461533,-0.4373350507865775
U,0.0,0.0,0.0,-0.21745948317004218,-0.21113407911971685,-0.1013811494215037,-0.2904859390107742,-0.5603873362199685,-0.1576785307974387,-0.08866685745616863,-0.745037191335712,-0.22218962212321225,0.11233703460376622,-0.7878521308679042,-0.2862012906262592,-0.13193974479290924,-1.009293639808793,-0.09625505581295996,-0.1227100824089696,-1.398353585793673,-0.20302049150908744,-0.11543782887016586,-1.650598444976619,-0.2760668368074186,-0.10629434971888778,-1.868106903120203,-0.33226447937765813,0.0515887742403081,-0.9897030143533811,-0.13351607301075608,0.0570139716340998,-1.449519288346955,-0.2570909956789694,0.047379470670167005,-1.7399656869570124,-0.3420685111347447,0.04207936087113622,-1.9875686303035296,-0.39350731276938494,0.20947815257924202,-0.8532413530098648,-0.18453678526087344,0.2169223485576239,-1.1358983986851492,-0.36301294478735285,0.09163991396690141,-0.9196045622879807,-0.4124210871294168,-0.004056866314830755,-0.7429352957179837,-0.40571522597943305,0.34109786394114855,-0.6482388981750301,-0.24208440654580018,0.26188052621767727,-0.7565723877013933,-0.39808549223602546,0.1049738275426702,-0.6133962786865579,-0.43245484598991285,-0.015832803297208705,-0.5004722864453415,-0.4304894866620591
U,0.0,0.0,0.0,-0.2131477332435441,-0.20839670077770983,-0.10005693976483487,-0.28727903304052516,-0.5532009775365885,-0.15749450883004157,-0.08980282872991711,-0.7397309053209032,-0.2236193305103962,0.10836172429229966,-0.7891865678884005,-0.289037762720507,-0.1285575479573613,-1.0064163199305638,-0.09775692793683459,-0.11896609806636486,-1.3947468456428977,-0.20440935638345326,-0.11226909375549453,-1.6443986144216851,-0.2771557175907539,-0.10322906242564714,-1.8602162742872326,-0.33385462588723613,0.05390768860910234,-0.989226303248857,-0.13610761209213967,0.058198166656839544,-1.4477664957376377,-0.2605470465266142,0.04788424117259973,-1.7369855838883024,-0.3465432223565508,0.04239689218010369,-1.9831721534814208,-0.39929215541578494,0.21158444735912924,-0.8533396112505325,-0.18788299132796177,0.2174054579373905,-1.1424124715244717,-0.36631349014698733,0.09396482910561806,-0.9277731928071317,-0.41590299242752066,0.0002392051393832995,-0.7513490482258796,-0.4101127277395246,0.343985759879549,-0.6478983195535778,-0.246054004397866,0.26134355390202785,-0.758790398917914,-0.40379621702768437,0.10592445213890127,-0.6233275987125249,-0.440730985580587,-0.013058445228330176,-0.5156195679702978,-0.4406885911184944
U,0.0,0.0,0.0,-0.21423789726069234,-0.21000108299245182,-0.09723001541640647,-0.2864199308685824,-0.5596910694965294,-0.14994974489021723,-0.08573504151688878,-0.7486881552651358,-0.21172207579712757,0.11268666280116625,-0.7994022683069283,-0.27316185345400373,-0.13077724257112752,-1.0075981716792544,-0.0879177516502018,-0.11907062842883284,-1.3963505036009682,-0.18905269680996317,-0.11282700225413002,-1.6453509483409012,-0.2578121201087927,-0.10519815804520351,-1.8602989970503259,-0.31186616418290436,0.0509216632568684,-0.9907838566483317,-0.1255162683328816,0.05659484337200916,-1.4489397546347706,-0.24440143310211246,0.04582801744899671,-1.7395585616212819,-0.3280221624802141,0.038849934046810315,-1.986242559968921,-0.37948127406005727,0.2078382913927858,-0.8576141857069883,-0.17677543846317095,0.21582707248182872,-1.1516209012195278,-0.35261390400234255,0.09599894917434808,-0.9395988455625585,-0.40471814907275844,0.004694185617959769,-0.7641550847348475,-0.4008742694212216,0.3400572893530584,-0.6557134790312373,-0.23397647324110135,0.2578424643404438,-0.7639568341220764,-0.3913930870975269,0.10384823622881859,-0.6270781013432914,-0.4308434267181427,-0.014131591120577493,-0.5182021619411262,-0.43277467935587827
U,0.0,0.0,0.0,-0.21091878358783378,-0.21171356265099445,-0.09689872964558904,-0.2830592474853031,-0.5655367798576226,-0.14750606279625195,-0.08338558758806724,-0.7550325306526477,-0.20718919387008444,0.11524001663329737,-0.8147813889023161,-0.26614328621518585,-0.13026449898953701,-1.0075703672750789,-0.0835115645317261,-0.12043618740636688,-1.401986267202951,-0.18235540094006544,-0.11394900068222417,-1.6507312707597293,-0.24743921365119995,-0.10646281351975101,-1.8648419081189664,-0.29816993493555916,0.050319094154329544,-0.9914863549492084,-0.12009494874065298,0.05642426058440468,-1.4525371631449733,-0.23674346125012122,0.044354356236871145,-1.741674101916579,-0.317718315509622,0.03633140371770178,-1.9846266924997917,-0.36631173904376696,0.20646717868413322,-0.8597149338021688,-0.17073828380384581,0.21327069800228887,-1.1466581770907005,-0.3461359040848076,0.09199562392647465,-0.9342218392016053,-0.39837491602042063,0.0020400031079458253,-0.7603629190820789,-0.3936145315555259,0.33691874024257573,-0.66003780003618,-0.2272090600171954,0.254864275999365,-0.7635374035097178,-0.3843890677869194,0.10050281269604655,-0.6239186181186547,-0.4239974876948453,-0.01614454185717073,-0.5140793094398468,-0.4255018307679709
U,0.0,0.0,0.0,-0.20927466388409044,-0.21191163581580358,-0.09404425159138678,-0.28018830056163546,-0.5637956587986617,-0.1435498907565955,-0.08321171116762283,-0.7565630995861959,-0.20271584907778253,0.11469748255965875,-0.8194141432334641,-0.2616804532360392,-0.1288109439577883,-1.0108057451006054,-0.07963975949833718,-0.11996278924719524,-1.4046397940601998,-0.17586924178698118,-0.11364616972361206,-1.6523319843135225,-0.23954882233118785,-0.10571165969189575,-1.8656557983873039,-0.28933023888602954,0.0515076930872502,-0.9917887904195901,-0.11705534054828902,0.05770560410805562,-1.452564112467327,-0.23089036949592992,0.0449135252896481,-1.7423779135696351,-0.31141768326300584,0.03656938139164729,-1.984632158949039,-0.3601770954475488,0.2080841029196745,-0.8579900880482844,-0.1681791927990841,0.2171931635409867,-1.1505202809679262,-0.34232744982146585,0.09384902526435848,-0.9424045786242647,-0.39647187784474924,0.001986971780301035,-0.7690720475656802,-0.3934331719027484,0.3385094614489574,-0.6561925851994054,-0.22446881355185666,0.25649947637555925,-0.7648518391608062,-0.38102410443591633,0.10109982909240993,-0.6243546908927412,-0.4208336907631881,-0.016317521221221112,-0.5111815645462142,-0.4226951338317009
U,0.0,0.0,0.0,-0.20885281612700807,-0.21073194839811882,-0.09279136269913538,-0.28116942352297253,-0.5644434417567898,-0.13996945657161303,-0.08860527613052432,-0.7587479753035894,-0.19668322470606184,0.10474955696345652,-0.8311820154068111,-0.25280132744786055,-0.13248791465559603,-1.006874927538306,-0.07310229750071434,-0.12632290647958674,-1.397634350486681,-0.16638592578556424,-0.12096634517969523,-1.6410662929360547,-0.22819601483317023,-0.11353883092317317,-1.8506353023088353,-0.2766571707338056,0.0455735023455797,-0.9929610323232806,-0.1093226608322471,0.049618453141105336,-1.4534749609949609,-0.21920536049690706,0.03525948378647518,-1.7367733224857096,-0.29658620115459067,0.026840687033105628,-1.9711134241424335,-0.3432532955865033,0.20112649622746492,-0.863978128755821,-0.1598404366828165,0.21113564944868993,-1.1612130570785657,-0.33091878670208963,0.08886876837937016,-0.9513271674556862,-0.3842387731042415,-0.00053555165249159,-0.7749839873793791,-0.38113398918988217,0.330824861698214,-0.6661710915808264,-0.21551034401977082,0.24759160953722006,-0.7764222246107875,-0.3707127505989069,0.09493995576257076,-0.636911541524216,-0.41122230699588574,-0.0181979950024654,-0.5240971575691227,-0.41381107654979715
U,0.0,0.0,0.0,-0.21502255201645773,-0.21447768745785906,-0.09461739564444553,-0.28628937495859286,-0.5694581999470965,-0.14263400239168791,-0.09796111548630804,-0.7764528720398332,-0.19997132896968836,0.0916478888392346,-0.8606486420483027,-0.257096020066092,-0.14172605640345073,-1.0048461080597881,-0.07227239702088271,-0.13950067088825463,-1.3981981329973268,-0.16589476098512826,-0.1362773064372804,-1.641949973618195,-0.22873803786993352,-0.1301598970147148,-1.8517270038860287,-0.2782968618304509,0.03475317338243489,-0.9935133427616704,-0.10827490334506135,0.03428930784634054,-1.456734853122961,-0.21837196354754793,0.01775089402974902,-1.736734904496534,-0.2973242733160203,0.008206370037744725,-1.9661593123506642,-0.34555830398578397,0.19028653609754723,-0.867780104954927,-0.15887225794270082,0.19987803117218933,-1.1780115801556676,-0.33198272168180226,0.07921662648849374,-0.9728279042490778,-0.38895303448660296,-0.008824509485258389,-0.7949609399217038,-0.38878613057296324,0.3226940516065734,-0.6727478194280221,-0.214531620878603,0.2394612931723627,-0.7911807071910123,-0.3729613640719156,0.0895899291385964,-0.6526510851511569,-0.41619119997762993,-0.02083835548162451,-0.5365385688704747,-0.42084600817199164
U,0.0,0.0,0.0,-0.20694982410154075,-0.21433948283884557,-0.08672551239723791,-0.27661083998315567,-0.5668569205847499,-0.13279078511529382,-0.09408892210356709,-0.7754331162606338,-0.1892870930746155,0.08848273824802892,-0.8625371589928567,-0.24514658080832322,-0.1326004766030749,-1.0058939270167897,-0.06639465006368578,-0.13322163572226775,-1.3903941161810758,-0.1577819471101177,-0.13226233142357433,-1.6291755989422756,-0.21938534316873418,-0.12786136621271635,-1.8332231570624824,-0.26814102298018605,0.04056353509996459,-0.9936585224647604,-0.10486820468255978,0.03750810375690778,-1.4489400730624789,-0.21265012178254597,0.017016277892844076,-1.7219873830770518,-0.2894978237988916,0.0055156111044246305,-1.946271007851084,-0.3360879702730072,0.19515650576947755,-0.8676805305984255,-0.15704368592140733,0.19902667735195617,-1.1763539172154749,-0.32609411177335057,0.07544772345848007,-0.9679684010156194,-0.3789176376784356,-0.011245632989231317,-0.7877717364420785,-0.376248254551724,0.3264869948841126,-0.671339946734871,-0.21372295291058135,0.23399294078928393,-0.7847801412714313,-0.36715649650795223,0.08311324565512614,-0.6535825060091162,-0.4078604763687253,-0.02415535892741143,-0.5439515485268254,-0.4109258302986461
U,0.0,0.0,0.0,-0.20992950162250418,-0.22108982597877008,-0.08263631107831675,-0.2819330283498205,-0.5714884243485377,-0.12518210830822582,-0.11012874332404861,-0.7920863386061633,-0.17988812022318837,0.0682037659574803,-0.8847369850901012,-0.23329083621692318,-0.14439008597055306,-1.003868947835916,-0.05354919731364911,-0.14942189007209225,-1.3880256569868332,-0.14223907005610784,-0.15035250883659207,-1.6237624117386837,-0.2029105921491668,-0.146145634516788,-1.8241481055981723,-0.250739835140893,0.02634207848808854,-0.9953948937007868,-0.09216886944802313,0.01732918548854252,-1.4434092567155918,-0.19686456744537364,-0.006739396400482642,-1.7133831701694973,-0.27334948198959713,-0.018715491512713386,-1.9356019232572537,-0.3201488877255791,0.18075481432175858,-0.8726487176397852,-0.14494406997039266,0.1821130258062072,-1.1874759239466952,-0.3100155062700036,0.0713470612735129,-0.9775518765754924,-0.3618395638345918,-0.001744845864435976,-0.791312658204581,-0.3586104926985647,0.3133738027006917,-0.6784971301073861,-0.2023259710196989,0.22421490615366405,-0.8006307834562011,-0.3511427993837433,0.08237946800020085,-0.682390436432561,-0.391443233145712,-0.0162213550119484,-0.5758837276142446,-0.39458135721404847
U,0.0,0.0,0.0,-0.20747841313133772,-0.22013340695015737,-0.07731716606715508,-0.2768957982661741,-0.5718068838695732,-0.11562237158731505,-0.10611061268199062,-0.7874155694616014,-0.16713424298407725,0.06872264203973405,-0.8820232681881276,-0.21761071926723902,-0.14486190678536306,-1.006187492517532,-0.04181906616477568,-0.15137141861862952,-1.3839546125693274,-0.1264194028481822,-0.15324624387306507,-1.6158120902942787,-0.18493220593299164,-0.14861073970895014,-1.8117163573522812,-0.23136853343605127,0.024310591826076207,-0.9963151502128998,-0.08225032876112129,0.011740218084153393,-1.439790066569578,-0.18338321396378118,-0.014966000822283894,-1.7066588967142784,-0.25986434433106426,-0.02734965852496693,-1.9257200405644337,-0.3064486164462226,0.1784344113033843,-0.8742625442758175,-0.13688968104037977,0.17377724112924264,-1.1850868032530464,-0.30016286748537846,0.061436526384801966,-0.9689892016611698,-0.3532848581261023,-0.008645964378590814,-0.7819575745017548,-0.35063215157299477,0.310338919912998,-0.6833165231727999,-0.19553131768127385,0.20681647564575695,-0.7988836338443341,-0.34310990706821953,0.0659712631626605,-0.6715240818286293,-0.38370345076236706,-0.025141973861771673,-0.5630137541398574,-0.3868936940901825
U,0.0,0.0,0.0,-0.20885807327773967,-0.21951984346133213,-0.07572679174036452,-0.283366575928149,-0.5717133933328064,-0.11251702833812789,-0.11681473656433056,-0.7920602495584846,-0.16242247528018547,0.05906732528451312,-0.8876361472110113,-0.2115284246746524,-0.15481405454704902,-1.001992908770154,-0.03945252285986216,-0.1676928598127517,-1.3803975791341336,-0.12223492581268365,-0.1736072664971604,-1.6129578749760158,-0.17975981718472014,-0.17241154727704142,-1.8097448683125592,-0.22556520343660777,0.014763157523063562,-0.9967834631143858,-0.0787704058745494,0.0007263915173514609,-1.4386381978041392,-0.1767753282381393,-0.02980113555135717,-1.7041035803622793,-0.25101763360377605,-0.04657335036608949,-1.9219429673588422,-0.2966366128726092,0.1695717013730155,-0.8797615651591838,-0.13206126411136496,0.16429449455294262,-1.1933867665476934,-0.29203007829923955,0.05297229019525583,-0.9845286932699537,-0.34492205518680286,-0.016982131554152374,-0.7987581957301405,-0.34333739810906855,0.3017637320368947,-0.6929130119872686,-0.18926713459520528,0.19768319596444178,-0.8075353075065334,-0.33452829367452874,0.05823112802500512,-0.6807180434113345,-0.3744038764563684,-0.03135433573316235,-0.5677883483004417,-0.3777309088037542
U,0.0,0.0,0.0,-0.20873159900392066,-0.2212233585699892,-0.07575502696228398,-0.2808480199163169,-0.5741872836322812,-0.11414270290651846,-0.11353607489270436,-0.7964512525335077,-0.16572898984987636,0.06364475113904955,-0.8905093053796018,-0.21663914569763693,-0.14749919056970004,-1.0040497127102435,-0.04655200984486229,-0.15734321163634377,-1.3910071836683768,-0.13130321879898194,-0.16238224957061612,-1.6276164734998673,-0.18942742536716872,-0.1629626931009365,-1.8264462855979795,-0.23546712153539764,0.022300914822645027,-0.9959294861762431,-0.08733342866736434,0.011114766374981506,-1.449233705400352,-0.18709922995394435,-0.01488543152645319,-1.7198949258865535,-0.26252353170230824,-0.02894047911491472,-1.9387058385984297,-0.30896435231039715,0.17738589476078837,-0.875904450786234,-0.14132670079185186,0.17825568325335306,-1.200290171067801,-0.30176698663369395,0.06778676811372247,-0.9921815147473003,-0.3540203916544402,-0.0034201502916834043,-0.803797416822702,-0.35175731175188135,0.310599283845221,-0.6847207727278352,-0.199100456971053,0.21498650469932443,-0.8053139764073421,-0.34391962206336657,0.07800760812763122,-0.6806476621470229,-0.3821974591011448,-0.011223283629983646,-0.5663913710238766,-0.3841375144941607
U,0.0,0.0,0.0,-0.20764984072741852,-0.21671988112128623,-0.07453851047359474,-0.27933562682208984,-0.5722934399020072,-0.10879131225665965,-0.10989909706598605,-0.7964704722495928,-0.15671204351819737,0.06741359873957861,-0.8900851109520009,-0.20371821801354315,-0.1496452065105742,-1.0024194368495134,-0.034354616551696325,-0.15645814551976622,-1.3823774843014625,-0.11442738722095337,-0.1598829712782403,-1.614992035400904,-0.16877630682118647,-0.15955983968064316,-1.8101686477947978,-0.21186510035186684,0.018591706162479304,-0.9970663840426041,-0.0742494058843212,0.007036085425050911,-1.4440698796675264,-0.1712450563258212,-0.020460762493106275,-1.707643944989303,-0.24338756960322763,-0.034695781003311006,-1.9215032244238321,-0.2857722879938881,0.17289314567492542,-0.8793146046262525,-0.12827929584313105,0.17157600754749358,-1.1918820242931967,-0.2881508072813106,0.06594673921180026,-0.972624878180559,-0.33835821246781506,0.0016325785572029747,-0.7813986546799172,-0.3328527207145941,0.30625922636494773,-0.6920389751166716,-0.18620835151747167,0.20528854965592633,-0.8090694255398467,-0.32831162449507767,0.0678069763366534,-0.6842963277406703,-0.3652167703680909,-0.019779427572625338,-0.575099793218365,-0.3658406266276854
U,0.0,0.0,0.0,-0.2167744611758416,-0.22239150974294042,-0.08219645832564898,-0.29993974847843335,-0.5723246440615078,-0.12402712800141524,-0.13809847204542353,-0.8118372485555564,-0.17830204064273708,0.041464463429833544,-0.9160076104105468,-0.23141208747852365,-0.1732886870583297,-0.9911204167728348,-0.054971154879283654,-0.18813660824488695,-1.38411559201434,-0.1473205814223286,-0.19004702485505848,-1.6245461472972196,-0.20868625567661028,-0.1866178864657974,-1.8326615689671586,-0.2551372190914094,-0.0018139914710159828,-0.9956859869200319,-0.09276920224958957,-0.016190328616880117,-1.4590490868906314,-0.19621098200576914,-0.04533841832383782,-1.7272246582586301,-0.26653057789703116,-0.0617514652417685,-1.9470888578698349,-0.3078277183897878,0.15583728711457304,-0.8828776688693079,-0.1450356260079774,0.1542942781889652,-1.2157510980752004,-0.30934189278825264,0.05533004705189635,-0.999794752013566,-0.35490109160889755,-0.004278878468721725,-0.8008019959741296,-0.34607875979874436,0.2931065856429067,-0.695196315434689,-0.20220565694514225,0.20270155833711642,-0.8308405454870509,-0.3462244568404641,0.062186670237464055,-0.7152891234240374,-0.3799769502916581,-0.033290960155177095,-0.6013602894475639,-0.3784609931132893
U,0.0,0.0,0.0,-0.20857130283864334,-0.21868436032341157,-0.07250217022063268,-0.28410826446193826,-0.5665736596288264,-0.10920310198547235,-0.12476182120740394,-0.7897445902085012,-0.16011126299272146,0.048411140797814035,-0.8881331916338184,-0.20996004132931656,-0.1616422165439278,-1.0007348155427482,-0.036734480120425864,-0.17895478170322174,-1.376751982388645,-0.11928773261307744,-0.188347421407884,-1.6075779610288847,-0.1762969951484051,-0.19123071692014573,-1.8019525868267843,-0.22148300747657057,0.005466484632472599,-0.9968992203155213,-0.07849880304863668,-0.016338336154517036,-1.4362143684821007,-0.17742444998951584,-0.05096123293432779,-1.699161375898325,-0.2522967307776425,-0.0706595220810386,-1.9143888273417184,-0.2976613754457314,0.16156993110714152,-0.8812715574615747,-0.13397939230417444,0.1503096468868607,-1.1957954423186885,-0.2932596289007533,0.044831184236075516,-0.9839430710164792,-0.34521978667201847,-0.018675023813327477,-0.7965664267807165,-0.34243898013227886,0.29757538651848786,-0.695458390369785,-0.1932533489444346,0.19129711393651966,-0.811442810281129,-0.3358549646775802,0.05449042725113213,-0.6909673530359677,-0.37480196714874214,-0.03155706023476567,-0.5843073483720944,-0.37742256804346946
U,0.0,0.0,0.0,-0.2121386649584062,-0.2192969165568666,-0.08558777320405658,-0.29725612646494554,-0.5647569890375779,-0.13213442637317585,-0.12667593252162568,-0.7796146498741148,-0.18883402824381734,0.05445691531640048,-0.8716671913893116,-0.24509835917121564,-0.16471485449552434,-0.9928187890270781,-0.07483289862550865,-0.1806982879558338,-1.3882728529288832,-0.16879292489708547,-0.18227298344291795,-1.630839648693965,-0.2302344405453246,-0.18092430378983987,-1.8429283362185145,-0.2761074268563994,0.009160904257979437,-0.9936879087914628,-0.11180526711575513,-0.00038051924233113384,-1.4544052891193624,-0.21370036648627877,-0.02886095225069988,-1.72984545306469,-0.281030737387065,-0.04959620355324322,-1.9582726982543515,-0.32055318666331956,0.16850094985061403,-0.8732788620510377,-0.16254578375756362,0.16902124337950353,-1.1796226534857297,-0.32148744469896556,0.06772409556263238,-0.9849904131783085,-0.3683855270949268,-0.0021489280756847666,-0.8080674530816522,-0.36279359062116606,0.30711701953736803,-0.6761725356074133,-0.2182783552966282,0.23705536156028717,-0.8085487398328974,-0.35684637757237775,0.09425744025359505,-0.68879082185471,-0.38812255026228915,-0.013360532404187678,-0.5773671488728653,-0.38651153987153886
U,0.0,0.0,0.0,-0.21123431889646735,-0.2155459849113812,-0.07835406036143391,-0.2859644378031768,-0.5631400041838945,-0.11943408603834459,-0.1142280363259179,-0.7722061341650017,-0.17258276336805142,0.06249211316079961,-0.8613348059264868,-0.22534641026242372,-0.15652702318015746,-0.9992737798966247,-0.05125049868440208,-0.1704779845116908,-1.378048056818294,-0.13648166615218527,-0.17758784187867035,-1.6135672427999814,-0.19560332086094223,-0.17938634599933484,-1.8150839626743218,-0.2427151199264487,0.01377589449184391,-0.9956833217751481,-0.0917875126025134,-0.0057050551471359515,-1.440981509115204,-0.19224556567164353,-0.03332145213118535,-1.713098894306323,-0.2678452502053394,-0.04979639297914841,-1.936538666837919,-0.31429664088005305,0.16938332054243083,-0.8782007690807857,-0.14552065787097512,0.164441949823532,-1.1837918470675366,-0.3046425581716457,0.04996669609530889,-0.9799826844891221,-0.3561659994185241,-0.030542911138676607,-0.8012408305855601,-0.3544207398327198,0.3033336684994628,-0.6888391860117992,-0.20345880020444493,0.2115001942159277,-0.8010731078196445,-0.3468309869423172,0.07031216231055563,-0.6677305315895162,-0.3831293941132047,-0.029489532773334326,-0.5534511859914217,-0.38429605977872017
U,0.0,0.0,0.0,-0.2151196116366118,-0.2177898518774254,-0.07530480079239575,-0.2954860577835635,-0.5615979853191575,-0.11816880746473914,-0.12336648755134047,-0.7809266096228211,-0.17336221456599185,0.05797798172340812,-0.8730427078689607,-0.22920471070628357,-0.15784615680905287,-1.000091201341218,-0.06023070579172422,-0.16855657223290235,-1.3795243561127575,-0.1500100834973234,-0.1756177089142739,-1.6204513314138342,-0.21403182053569947,-0.17545585814090311,-1.8304583627386755,-0.26439936963961885,0.013731233167031726,-0.9947326713248154,-0.10157935732573513,0.0032758913884700083,-1.4465294853823054,-0.20179722355266583,-0.023025950190226994,-1.72090314118164,-0.27828298253292766,-0.036624787044483006,-1.9463835824724127,-0.3269016358490406,0.17069395450476918,-0.8771058366587892,-0.15450317799055202,0.17328594703713332,-1.1934661814101213,-0.3083558380405686,0.049148188980581806,-0.9915333416992389,-0.3552788516137894,-0.03669034057462888,-0.8090785285159983,-0.3526837599168004,0.30770360936116026,-0.6887232389008443,-0.211512050935754,0.21481554639693362,-0.8082280185696578,-0.34761853484049826,0.07258461732704752,-0.672630591049541,-0.3770691028847764,-0.024179632816833666,-0.5523816151776797,-0.37452954821786555
U,0.0,0.0,0.0,-0.21383649712930278,-0.1899897704156707,-0.07965362249573153,-0.3285053260520345,-0.5185381865312937,-0.1279694396667095,-0.20116557013520708,-0.7435302114638537,-0.18950032442028947,-0.031901140985992865,-0.8355286724089201,-0.24859975440392382,-0.19315963218438337,-0.9801890669769339,-0.06361682903032437,-0.23548993960627862,-1.3723950216236702,-0.16115632939100655,-0.25821289704791434,-1.6201127460928215,-0.23143470515847905,-0.27100075480547525,-1.8396952052696922,-0.2852098069184602,-0.025897715808483456,-0.994247591950543,-0.10392802421122745,-0.06927824559838643,-1.4580288843127853,-0.20787807740135864,-0.11390270717852014,-1.7312324227552989,-0.28329682844204546,-0.14405791713347588,-1.96267532400295,-0.3302716081610268,0.1380724135051408,-0.8974765147351959,-0.1568623066224467,0.10295508893207758,-1.2035468033159362,-0.304023222477101,-0.023828511368569647,-0.9996283657091981,-0.33998658127593995,-0.11429512055306387,-0.8150538411030533,-0.3305761275990462,0.28349148698820076,-0.7230191453317875,-0.21696200143161584,0.18278804974254934,-0.8340828049115996,-0.3410614090495764,0.03749481883156042,-0.7078304855086064,-0.3633288359667074,-0.0661774258633781,-0.5888840863870487,-0.35664321673702143
U,0.0,0.0,0.0,-0.21304933080370692,-0.18431478620544584,-0.06982970595309225,-0.33708131381615075,-0.5154425339234349,-0.11203019923628495,-0.2083668918347658,-0.7349085546630816,-0.16878449678362065,-0.032303708826577494,-0.8313953924704066,-0.22452371845998154,-0.20774350048616716,-0.9772533180504771,-0.061407510597504246,-0.2515881123749387,-1.3494925321381686,-0.15682832553052778,-0.27857130694085125,-1.5876399097041998,-0.22538321215725138,-0.29417087120383184,-1.8035028578994976,-0.2785215283319479,-0.04321832239350347,-0.9935482443043476,-0.1048525767410588,-0.09122476950449397,-1.4403732916329988,-0.20758612818216046,-0.13854338980593506,-1.7075772944971561,-0.28106233351705456,-0.17155096185363292,-1.9374174244498763,-0.3275559480665922,0.11821144184640985,-0.8998422748312487,-0.1598575650343257,0.0698069825928149,-1.2019827595614005,-0.3142324191392418,-0.03523740609517256,-0.9628858525415686,-0.3526191446152165,-0.09985062004166645,-0.7548315741275474,-0.34285132768539184,0.2618332540612218,-0.7338196243544803,-0.21966533783698258,0.14225185828416304,-0.8326520288662801,-0.3520886147161515,0.003718901806238007,-0.6785457846551775,-0.3770447971990063,-0.08537418421798663,-0.5474278330359288,-0.3714356516812864
U,0.0,0.0,0.0,-0.20753828386421835,-0.18130850932589027,-0.07377404394845434,-0.33166251002438907,-0.5155641884870545,-0.117896030336386,-0.20189227199666399,-0.734863436514704,-0.17576796569977166,-0.02492141336799416,-0.8232476063582052,-0.23264868764441934,-0.2012719732744738,-0.9744433445072951,-0.06751391124825543,-0.24166610406852862,-1.3447124515975226,-0.1661143134456859,-0.26390669949181905,-1.5831550487365742,-0.23607654757652266,-0.2742029246557927,-1.801938829105261,-0.28968310872389547,-0.03571466905181798,-0.9932718143109187,-0.11016154188288609,-0.0854493827207579,-1.4437054092041963,-0.2152391053162818,-0.13117203977743655,-1.7081405113112145,-0.28708248268137965,-0.15921656936979134,-1.9417034444749415,-0.3308294217025109,0.12741935799656728,-0.9000459165950839,-0.16466894068201104,0.07378600990624276,-1.189293739825903,-0.32226218511035637,-0.030670036119720346,-0.9336698526833294,-0.3569801144281788,-0.08960980521163826,-0.7183997469937158,-0.34213988257673233,0.2725526559109182,-0.7333060291720621,-0.22460471347030286,0.1460853686110459,-0.8229010653665054,-0.3579697592421493,0.009476303385840506,-0.6624533584457004,-0.38104231850171066,-0.072549659760925,-0.5319442834401286,-0.37282101959173
U,0.0,0.0,0.0,-0.20790634674357983,-0.17854545300795757,-0.06903375002182771,-0.3313146691283853,-0.5139514738264946,-0.11010218918384157,-0.2013865333251075,-0.7320960567362985,-0.16655537767834422,-0.026694038286773126,-0.8293064574959713,-0.22109698078523848,-0.2040840654971711,-0.9756026926875989,-0.056465290967592605,-0.24743729546436335,-1.3501587515665672,-0.14937494615779004,-0.2731663152011148,-1.5864553959097085,-0.21540500614981167,-0.2860745802703136,-1.7995285106309231,-0.2675224268831911,-0.03902838898561527,-0.9940908517624238,-0.10129246415921539,-0.09091474860080193,-1.4377443544590283,-0.20426635045807784,-0.13337623795869163,-1.7057335158326425,-0.2786569955506722,-0.15842556152089865,-1.939202804880399,-0.32592872012344576,0.12226828303149138,-0.9008099565324955,-0.15793472560804403,0.06908051872896608,-1.1942375261771747,-0.31342588786011555,-0.036966701621996445,-0.9450475223826972,-0.3513570550817936,-0.10027874623805266,-0.7343380539934191,-0.3407825529848482,0.26480686004254134,-0.734404985025887,-0.21959987976015255,0.14221536551661818,-0.8218149901233964,-0.3549698402732724,0.0022449783806931882,-0.6719533311389831,-0.38307342110084697,-0.08764407138059391,-0.5490460298449213,-0.3793783665152931
U,0.0,0.0,0.0,-0.21366634860616604,-0.18325133876224559,-0.07019558844574011,-0.33665795392606246,-0.519915931755448,-0.11225915429651882,-0.20379569148114254,-0.7348227275147909,-0.16915160580554764,-0.027880233253531717,-0.828243831574651,-0.2241806684160183,-0.198608944332589,-0.9806473702901379,-0.059401066640836386,-0.2400689564384026,-1.3532527937917775,-0.15479156818217518,-0.2648353709848982,-1.5908166088960105,-0.22406116520749783,-0.27772016459149307,-1.8058889002420324,-0.27870689385440534,-0.03347754416275901,-0.9940528976845853,-0.10362475882582306,-0.08322734566735532,-1.4371174899045753,-0.20762372498866577,-0.12525533477791628,-1.705821512664821,-0.2829318181783433,-0.15174338451769404,-1.9396916009800915,-0.33124310702675197,0.1273741593792278,-0.8958965030416934,-0.15977515025440756,0.07462590498644882,-1.184401495437882,-0.31514784336613316,-0.035641687613678516,-0.941865788792685,-0.3535197030136005,-0.1037553412643131,-0.7359967839965676,-0.3439914389381101,0.2687027719215093,-0.7248127461981914,-0.22117971385036259,0.14941942236359218,-0.814907196529077,-0.3574292235392051,0.005872495431263119,-0.6662813832346287,-0.3858311287096416,-0.08886506828960886,-0.5448293679626677,-0.3825163338940732
U,0.0,0.0,0.0,-0.2129478469214607,-0.18552249035641397,-0.06841348544334049,-0.3342489861579189,-0.5189731382909508,-0.10995647324230289,-0.20180112523256213,-0.736126714472113,-0.16623102100654907,-0.025005811680783,-0.831200437364729,-0.22098575366159984,-0.19712557022481902,-0.9831696350787518,-0.05657770523003109,-0.23711078120577744,-1.3590335042073043,-0.14585243740677445,-0.26113990557700534,-1.5942473783849012,-0.2082802090132129,-0.2741635253351179,-1.8033040599688752,-0.2576784567756899,-0.03147091795609762,-0.9944718109873135,-0.1001768360181804,-0.07661747838124686,-1.437540193863283,-0.20042569457581363,-0.11728645705612016,-1.7058735125826021,-0.2729598663002668,-0.14474990760073786,-1.932739706797502,-0.31843679099142996,0.12885038477885508,-0.8941901793421423,-0.15523720431898388,0.08033500828154791,-1.176843275094167,-0.3080522134354751,-0.03640937914103113,-0.9503383965036825,-0.35036570247464194,-0.11394640386247666,-0.7541320840283079,-0.34355539355869513,0.2687734196196652,-0.7208264022531278,-0.21467295115688043,0.15679212640030799,-0.8095468958861893,-0.34854113552887894,0.015000274031404977,-0.6658723736329858,-0.37821459002089064,-0.08210339622713556,-0.5453816934315913,-0.37581399592949427
U,0.0,0.0,0.0,-0.21160380083990216,-0.18492870219818017,-0.072519117195809,-0.3335611610741545,-0.5174246575637355,-0.11686903348092816,-0.1975414332600245,-0.7307251603993982,-0.17521279678076895,-0.018284382306575718,-0.8228769333241008,-0.23212700003413356,-0.1941947142693492,-0.9816729858512921,-0.06271329179117163,-0.2312121736128521,-1.354023138749605,-0.15467525080297032,-0.2519052522079233,-1.5878475590970271,-0.21839608635429394,-0.26183042575194004,-1.7968925223802816,-0.2684584011964825,-0.02847295147264848,-0.9940080083998746,-0.10553373996666195,-0.0696376911176271,-1.4351564829973151,-0.20768538483822646,-0.10799835286200865,-1.7015399451074649,-0.2795597533857799,-0.13393792259122775,-1.928477175114059,-0.32423434536029466,0.131292823448655,-0.8929499668775988,-0.16033850883381506,0.08714245312201223,-1.170485572728892,-0.3153035575313102,-0.028651526403867346,-0.945407577683966,-0.3582477545799273,-0.10610751426808063,-0.751297684105454,-0.35168368496254604,0.26974170826152777,-0.7167836358875534,-0.21989024653054132,0.16054779671530714,-0.8035114954629596,-0.3557061357195791,0.017320231373469865,-0.6585755088453141,-0.386200038612587,-0.08170067267362659,-0.53682640598109,-0.38433242244449123
U,0.0,0.0,0.0,-0.2068589381980724,-0.18687153056169545,-0.07215486504540472,-0.3254911376688616,-0.5209432768268499,-0.11734895895710844,-0.19212524073269374,-0.7345414136811261,-0.17711490520795012,-0.013795825088203206,-0.8239964682989042,-0.23549071462150295,-0.18795680084573027,-0.9849279016090821,-0.06477861050796338,-0.2236711976164136,-1.361772702150439,-0.1585341006120397,-0.243059825435621,-1.5973648505607847,-0.22295732262303647,-0.25118305561883114,-1.8080503312700018,-0.27306966106273206,-0.021874468371766286,-0.993865979144845,-0.10840628732647958,-0.0629321359838887,-1.4380011158544674,-0.2126761493634682,-0.1011443663126759,-1.7063847528050522,-0.2852584234079068,-0.12541985373810627,-1.9370400385134754,-0.3302340076601144,0.1384687273599873,-0.8894198610314042,-0.16374653646758378,0.09615827425734683,-1.1765335743918752,-0.3198125210715591,-0.017062661767986154,-0.9458370869063378,-0.3601987012703955,-0.09153854917785982,-0.7479317978076794,-0.3514262287648295,0.27785830476669915,-0.7102805306414804,-0.2239341239093398,0.17027234042735112,-0.8051200578778117,-0.3597737474952883,0.025945900318716665,-0.6633263664482629,-0.3886073024112143,-0.07383919422033608,-0.5431995870203228,-0.38533606507213863
U,0.0,0.0,0.0,-0.20876569362266528,-0.18753827058240433,-0.07192768118055132,-0.3261593362276827,-0.5223225630371897,-0.11642918776534504,-0.1918738698367664,-0.7357148932741724,-0.1756082895721921,-0.01511910665232149,-0.8243257020504966,-0.23320499013576027,-0.18658433084778756,-0.9851806347279105,-0.06328154863776339,-0.2229713225367888,-1.3596029439458617,-0.15791347579129247,-0.24241649097288795,-1.5952398347426047,-0.22372898325064863,-0.25092295135333553,-1.8060756411725256,-0.2747499229872925,-0.020706812019672283,-0.9940352609537333,-0.10707533757418355,-0.06186533280540493,-1.4369415222103394,-0.21210482970804512,-0.10058495858795051,-1.7041882879903232,-0.2852352158378366,-0.12525194033807036,-1.933914740829232,-0.3303032325204066,0.1390041058780431,-0.8889184624287895,-0.16267882720821347,0.09512615358061964,-1.1724381761256377,-0.3194357423953565,-0.018312039860199067,-0.9361622747997375,-0.35788420054833103,-0.09135393945734611,-0.7348892758710552,-0.34723513295037745,0.2769490708307805,-0.708922693331198,-0.22325389197603113,0.16845716377598777,-0.8059686723038033,-0.35872157119802695,0.02321651551659226,-0.6625940927840086,-0.38527923606890235,-0.0764567957568078,-0.5411699536452442,-0.3800953558765243
U,0.0,0.0,0.0,-0.20905477819137827,-0.18920863364295573,-0.07056781328402809,-0.32679170267591207,-0.5231940988611826,-0.11483554871005348,-0.1925842143226992,-0.7369063055201854,-0.17395916417556195,-0.017498161651883774,-0.8286006688967059,-0.23198672993352978,-0.18707703782883567,-0.9852678068672514,-0.06293060655489101,-0.224067378694856,-1.3606620136580008,-0.15712226689970937,-0.24449245021489652,-1.5958978946423958,-0.2225395936286633,-0.2536311915728252,-1.8063443519991964,-0.2731215192937382,-0.02176376186296472,-0.9939604786830614,-0.10755884661761517,-0.0642230309273365,-1.4391949169591791,-0.2117463967173797,-0.10368958764034052,-1.7066723768806467,-0.284548245749641,-0.12886274668613376,-1.9357256183993004,-0.32930005213355595,0.13792576219954727,-0.8887495337771493,-0.16390209039500203,0.09191971038710699,-1.1764008018567036,-0.32064606215816943,-0.02051467080171877,-0.942855360653305,-0.3608110597233526,-0.09235624194117605,-0.7432614958606426,-0.3513179435720549,0.27638786762608697,-0.7088590327421062,-0.2248234359641512,0.1655645393278246,-0.8074398234904536,-0.36044432890001027,0.020470930937329594,-0.6629146406503906,-0.3877704238038932,-0.07812093929208569,-0.5408077761461119,-0.38314221144612776
U,0.0,0.0,0.0,-0.20782280436015874,-0.18896137240209487,-0.07216587376795641,-0.3259095558442262,-0.5225378777287828,-0.11734624291439906,-0.1920738333125585,-0.737222704774201,-0.17701618812946804,-0.01455341658972239,-0.8277889984339147,-0.23530446794642257,-0.18746919985906388,-0.9849250860461841,-0.06578712358584854,-0.22289776636475303,-1.3622383628109125,-0.16089378747303493,-0.24159658977646095,-1.5985298366852274,-0.2266365048902706,-0.24941938452646403,-1.8103986276687976,-0.2775352504289967,-0.020704328816764553,-0.9937573484683957,-0.10962510266043565,-0.061409122362234815,-1.4394605141329484,-0.2146823612763894,-0.10095758846695171,-1.7067587228239887,-0.28760284988125606,-0.12676094641855573,-1.9372737768810506,-0.3326138955116626,0.13990132082737755,-0.8884679765389827,-0.16511433915356374,0.09639508057864496,-1.1778078075049647,-0.32227238326741325,-0.016078439344138423,-0.943182902148828,-0.36099444916469164,-0.0885174066519751,-0.7433683996147291,-0.350631077037131,0.27928032329373303,-0.708190460898254,-0.22542575720962718,0.1703853508100057,-0.8087219627998881,-0.36155594623370385,0.025484614282900366,-0.6646911771648736,-0.3882959941465582,-0.07363162321765115,-0.5428342842147602,-0.38322136112458555
U,0.0,0.0,0.0,-0.2072983128175763,-0.1883275731429441,-0.07330770359179048,-0.32600582762077235,-0.5203760199327362,-0.1192988561211347,-0.19257047278001052,-0.7342409526802455,-0.1794521106291482,-0.01546101618516127,-0.8261970021718729,-0.23789969485714982,-0.18742549221635169,-0.9845319538038805,-0.0675081144015554,-0.22283224101425422,-1.3616363539673522,-0.1636265706009788,-0.24131007617659356,-1.5980723346032064,-0.2300793987609829,-0.24908201374326777,-1.810270141450302,-0.28143758152217196,-0.02106452155766934,-0.9935975725709221,-0.11099616981102443,-0.06245942280340568,-1.4388748000746863,-0.21621233089116684,-0.1005949157038449,-1.7049099670758892,-0.2886339246297174,-0.12537959157627634,-1.93457604329937,-0.3333833336953747,0.13912722377689607,-0.8878896417018449,-0.16639391944073903,0.09439362840910077,-1.1717078068814633,-0.323454480169466,-0.01627589241453572,-0.9399584751448198,-0.36241887641142906,-0.08738818439925815,-0.7429119774352909,-0.35248239368166623,0.27760577208179543,-0.7068436124905,-0.226849372507744,0.16977441166407098,-0.8051931279562333,-0.36274316586132704,0.0255026901845195,-0.6649106109425504,-0.39005320478165395,-0.07352485870221859,-0.5466509980061284,-0.38572305216126923
U,0.0,0.0,0.0,-0.21468550146175308,-0.19789309336459723,-0.1110163068409097,-0.2766270918441283,-0.5451857139355931,-0.16545272677752043,-0.07036192915993339,-0.7552865746184368,-0.22427977587704145,0.12878655320257368,-0.8395349755790217,-0.28173122922582977,-0.1986952857849888,-0.9851851917928834,-0.09698443407258478,-0.20215996021193314,-1.387881860147359,-0.1939774145115547,-0.20482435767316687,-1.6368242150782433,-0.25523989240838263,-0.20739240776394763,-1.8462970939439298,-0.30162813444035647,-0.016533630169756383,-0.9918582528104579,-0.12626894077799,-0.025142449687922338,-1.4599684647020406,-0.2404868210236919,-0.048382278241234,-1.746395022694028,-0.3201254408626796,-0.06516300206483593,-1.9877187524040751,-0.3673083571554222,0.14660851819075263,-0.8733636291542213,-0.1701450639958675,0.19420622619466002,-1.1910272305380514,-0.34505757362663103,0.10509295343533948,-0.9731975102174808,-0.4006209154100171,0.03662483431848429,-0.7992700111848159,-0.3979323832198031,0.2887394695192623,-0.6845900155257375,-0.21984427718822935,0.23884168353444232,-0.8046949619322682,-0.3763526552953074,0.10357189087317865,-0.6554590145556246,-0.41583146920207475,0.0004463009406667559,-0.5380012265181989,-0.4172406213244997
U,0.0,0.0,0.0,-0.21420729020693485,-0.19677477911243216,-0.11206612178719215,-0.2777656471512915,-0.5439852269905086,-0.16655653723680194,-0.07210306535598111,-0.7527933169209915,-0.22499555582539785,0.1271256874172324,-0.8387849223848244,-0.28237291768683837,-0.1957781446683896,-0.9864221867354626,-0.10004797169784294,-0.19824395574977072,-1.3885460469234507,-0.19708831171463176,-0.20021908665467877,-1.6374033764872087,-0.25857574056398486,-0.20239258981770183,-1.8478368206364912,-0.3053578234183368,-0.01354468213204328,-0.991654517566686,-0.1282102155661757,-0.020574964411456006,-1.458826149507072,-0.24192817455723498,-0.0436604166207502,-1.7445631538754556,-0.32234003521470267,-0.060668689835049375,-1.9844626108634302,-0.3706539662114232,0.14876563783038751,-0.8733148692004018,-0.17091251709136718,0.1949858011927619,-1.190073361659511,-0.3461504339726615,0.1043369344274865,-0.9779780963989358,-0.40623913792985833,0.03608752225513654,-0.805671456592303,-0.407168948225354,0.28948278428364604,-0.6857541855418955,-0.21919402644315886,0.23573115752775703,-0.8008150593281906,-0.377038178303224,0.09835770054164737,-0.6560579157799244,-0.42095214483617505,-0.004494783157404117,-0.5414287259932423,-0.42586687003566187
U,0.0,0.0,0.0,-0.20814263369250824,-0.2012258307250164,-0.10525034328368754,-0.26753301979243044,-0.5435516906274356,-0.15766567497818218,-0.0696946092991939,-0.7501107641145746,-0.21518914906475223,0.12505348956739665,-0.8350238302619418,-0.2723659088731287,-0.19604601446445172,-0.9846821158002157,-0.093899791467783,-0.19705045172309385,-1.387893267092954,-0.18511960872565383,-0.1981299781661846,-1.6350759715000474,-0.2419615003867167,-0.1998809127368897,-1.84464558629702,-0.28575924953262705,-0.013046220364722201,-0.9921803345139597,-0.1241288843821705,-0.019946973735537974,-1.4570808810971494,-0.23152940584726123,-0.0403993186997441,-1.7444699269106203,-0.3090342217789181,-0.05611856117753529,-1.9854212798749278,-0.35633376841625347,0.14908432139047834,-0.8771748477988994,-0.1679734329100551,0.19492464443002697,-1.1983442822162649,-0.3375465452238581,0.111078112195108,-0.9914305890692362,-0.3993441797585592,0.04752705922354958,-0.8169783515992604,-0.40313071429101355,0.28739458674565665,-0.6940508603915577,-0.21672451271343657,0.22443412071845106,-0.7937649028068942,-0.3710410026203038,0.09434946472637018,-0.6509221549237514,-0.4170756643029372,0.0009517028695637334,-0.535924693007029,-0.42449234533356817
U,0.0,0.0,0.0,-0.21230036801267455,-0.20145490613299988,-0.10928177179315254,-0.27198885243964377,-0.544728517932742,-0.1646742374253534,-0.06885912957987764,-0.7526083923995146,-0.22446212384931893,0.12541499743435638,-0.8457564972570445,-0.2837838516695316,-0.19669975679445478,-0.9853996519409404,-0.10019577571817936,-0.1986802040268515,-1.3899861070279225,-0.19719144907510908,-0.20152910322430387,-1.641331060465556,-0.2590612751257939,-0.20430688085755294,-1.855686265022375,-0.30657235416293754,-0.012650219626444819,-0.991397122007718,-0.13027554804419877,-0.019640316064968254,-1.4590615807172889,-0.24402468674477304,-0.04207705514623347,-1.7492311232819606,-0.3261141812780175,-0.05903070606831043,-1.994183881971488,-0.37652298350533686,0.1510637401313985,-0.8739808016804657,-0.17427645351590976,0.19885704683514083,-1.1967504509612787,-0.3504218499938285,0.10822895199573399,-0.9877130249819861,-0.41379286965542383,0.03824552504011254,-0.8141316209624857,-0.4178394463830379,0.29359193145617984,-0.6881407310785262,-0.22326620033070688,0.23358532219473357,-0.7976746676671692,-0.38391167306162005,0.09630032791528717,-0.6516396065658329,-0.43098790139979354,-0.006083200384709231,-0.5358321713531259,-0.4383431205713013
U,0.0,0.0,0.0,-0.20226728593608656,-0.20615402177409453,-0.10785229491123692,-0.2501888956798885,-0.5538007573131987,-0.1638034385741036,-0.04611345018468712,-0.7614287135748412,-0.22516740916332925,0.14995154864125976,-0.8441285657570001,-0.284720085031577,-0.1904631252428772,-0.9843193585129277,-0.09433610761060009,-0.18954001827408165,-1.3855153313522157,-0.19150783091649307,-0.18803033573402564,-1.6343477229751067,-0.2535888406516732,-0.1870124772067008,-1.8447409640726915,-0.2997551441397996,-0.007829976662238272,-0.9922759909095895,-0.12380246092005269,-0.013544668023921944,-1.4531293131821639,-0.2359517173182204,-0.03046252997025292,-1.738426448107701,-0.3135702529077287,-0.04122230938750249,-1.9813710778243736,-0.3592597715503753,0.15527935382176802,-0.8788829761603518,-0.16722654283191948,0.20471237585010216,-1.189426884878925,-0.3360683426069481,0.10920434240321855,-0.9633016177703555,-0.3863807234833674,0.03638421408758781,-0.7821992930511483,-0.3804950276608289,0.29716068351242925,-0.696167760814009,-0.21697692492317755,0.2435770435165522,-0.7957691384668905,-0.3649178618289213,0.1167656320901547,-0.6518922602321934,-0.4000210559865144,0.025572926723713797,-0.5427052152737368,-0.39872566956767574
U,0.0,0.0,0.0,-0.21024767780449796,-0.2046218781815522,-0.1080668982708178,-0.26489882686193317,-0.5497004671635577,-0.16251436723515233,-0.060963638807013845,-0.7558500184586624,-0.22179938324122273,0.1353770190734912,-0.842129852122662,-0.2809648536605331,-0.1926482501439058,-0.9881167743535181,-0.09793248602527374,-0.18900469859460634,-1.3923950620520629,-0.19175039007016287,-0.18615732910158003,-1.641911238336835,-0.2506546826502519,-0.18372031296038016,-1.8532473663378366,-0.29550294876277017,-0.007389450052230904,-0.9918049337260043,-0.1275475184575609,-0.00851082507061027,-1.462983176649679,-0.23749993697388674,-0.027540985899994028,-1.7520112633676561,-0.3168136362757132,-0.04013487509814233,-1.9925548946457161,-0.3649881301044067,0.1566951170851995,-0.872002996813248,-0.17078604078616139,0.2046477545811497,-1.1951412955484466,-0.34248251776937755,0.11401218905653958,-0.9890539248553598,-0.40423985237412113,0.047511000735655104,-0.8141603607696314,-0.40737999691445936,0.29634772842353274,-0.6835393853206736,-0.21903514650958997,0.23490769351348084,-0.797203787842324,-0.37415793438118533,0.09994913830512277,-0.6556817031867994,-0.4183915635879649,0.0034981416321581255,-0.5383190997047592,-0.4241462624402491
U,0.0,0.0,0.0,-0.20728663668114608,-0.20349686062976102,-0.10935326445028734,-0.26354329400069926,-0.5483547201977882,-0.16563522743257678,-0.06274782491835157,-0.7538754554313033,-0.2263156640575835,0.13347295875642523,-0.8426920654715349,-0.28586543162121775,-0.19052262324423982,-0.9865388999119635,-0.1012199159940071,-0.18764462227155845,-1.3928546222152027,-0.197991385216019,-0.1869385701805851,-1.641810093371791,-0.25856334490009625,-0.1877672462829891,-1.8521439174564838,-0.3042639498645758,-0.006954285327503472,-0.9914243870591983,-0.13049644692433776,-0.0076080872500842,-1.4636467558079496,-0.2427695264718677,-0.027261477157587567,-1.750432409308567,-0.32218768567373895,-0.04341950432416908,-1.9919052128997183,-0.37000553108715384,0.15575119660672246,-0.8749905745452007,-0.17346555865306346,0.20499341342335334,-1.193361262034108,-0.34445871743531414,0.11465248666241308,-0.981288818416277,-0.4014696040075643,0.04515552098914014,-0.8065933688738153,-0.40140788229111896,0.2957415444486671,-0.6900872544662854,-0.22205635950960018,0.2410099750700203,-0.796447774368324,-0.37449846715377094,0.10955645640121248,-0.6521769616242223,-0.41506655350144733,0.012649746487348562,-0.5373162455084365,-0.4183060157405275
U,0.0,0.0,0.0,-0.20904802895410107,-0.20011825211588902,-0.11733731477876776,-0.2650395902606995,-0.5438851312123263,-0.1766276636670592,-0.05988304333281244,-0.7496666158380203,-0.23871081145556772,0.13815214745743418,-0.838979631310359,-0.29933548580167085,-0.193421305489514,-0.9834921314025143,-0.10960428977183312,-0.19028735294566324,-1.3899930667014377,-0.21110185334112877,-0.19024180467615043,-1.6397510195394522,-0.2749097678977218,-0.1909537858890009,-1.8508428340867982,-0.32295337330062207,-0.009499323208263999,-0.9906551757868275,-0.13605912518223467,-0.012510720026942621,-1.4576655396249354,-0.2540368391409136,-0.030333217484102067,-1.743661290384932,-0.3364424402415226,-0.044275619982425705,-1.9885633344901417,-0.385866486312602,0.1515224945708598,-0.8748392434945856,-0.177036524523822,0.20102381347416884,-1.1851086513837754,-0.35375442555294034,0.11453749272761152,-0.9667388602720536,-0.41196591012000433,0.04705927545354035,-0.7946407069533562,-0.4120951243845756,0.2906180316104065,-0.6914165551676984,-0.22438204479609608,0.23730474715138886,-0.7847441873948492,-0.3831111778842191,0.10612669596024654,-0.6359916452140219,-0.42719447222863843,0.007997967324619763,-0.5261014269847095,-0.43239001472108374
U,0.0,0.0,0.0,-0.21020098374920942,-0.19881391451381078,-0.11826786976226639,-0.26397254765948125,-0.5424353608826944,-0.1775493654017105,-0.0584943728718221,-0.7460141472070001,-0.23956117166071006,0.13609415481153603,-0.8376972655892339,-0.3004322402095406,-0.18971309618274723,-0.9858877696027762,-0.10754843972013671,-0.18846433123609715,-1.3910801582307402,-0.2092286720713243,-0.18766861018541964,-1.6420062765588415,-0.27364052081798507,-0.186494130545392,-1.8540823372165098,-0.32224850824121154,-0.0061759067386240995,-0.9908818646451346,-0.13459193324020896,-0.011233867849792935,-1.456785029566146,-0.2535061637789486,-0.028251184480625573,-1.7428453001683484,-0.3381972259125595,-0.04092464368810641,-1.9891033105334124,-0.38934408251984937,0.15428093441233867,-0.8730476170479335,-0.1765868280123142,0.20662544864006663,-1.183658988539996,-0.3568855036888816,0.12065921168618501,-0.9676616284369062,-0.4206234303453984,0.052008204385019186,-0.7973099844438376,-0.42408980464357593,0.2935072278794635,-0.687605829521551,-0.2245646083188555,0.24277383653562426,-0.7821083164761659,-0.38750474938555113,0.1115381337260426,-0.6316331051490752,-0.43552313336537124,0.011284806345762592,-0.5203452260793684,-0.443324730625936
U,0.0,0.0,0.0,-0.20886403203482085,-0.20384190911948213,-0.11181564514438794,-0.2644914367718244,-0.5472227607074174,-0.17082118334908636,-0.060765150165182365,-0.7463561027713399,-0.23396792487171422,0.13487414540937906,-0.8341352813426843,-0.29651091642622657,-0.18572345464507833,-0.9889879124045518,-0.10824937089810495,-0.18234193190774414,-1.3964835777603934,-0.2091660485500983,-0.17967602924569342,-1.648679615807073,-0.27324072368184715,-0.17710192737273184,-1.8623134154235128,-0.3212853880819014,-0.0011738493305259259,-0.9904009473353416,-0.13821933871570646,-0.002234206546270761,-1.4610682411365916,-0.2539223951279009,-0.018089209919229833,-1.7522581168930154,-0.3365770948407976,-0.030568113386277677,-2.0008835109564838,-0.3868983800757524,0.16076022487955968,-0.8695446274818339,-0.18191515861428226,0.212658851995607,-1.185151092229084,-0.3559824549972691,0.12329911173701269,-0.9763029413434304,-0.4160919751597848,0.052156986298842516,-0.8057944022908479,-0.4180454533436405,0.2999325452093086,-0.6800178312837333,-0.23128681891442407,0.2500529544355699,-0.7882081599861,-0.3866677160677246,0.11732896168540534,-0.6473501137740053,-0.4293637740498937,0.016287086833840666,-0.5362893641959209,-0.4341341710673028
U,0.0,0.0,0.0,-0.21052646581161985,-0.20745894190940042,-0.11190222749075147,-0.2650325251334854,-0.552966469537466,-0.16943279848566153,-0.057160858326290274,-0.7498741687355673,-0.23147493723796866,0.1396184418481035,-0.8321796754526894,-0.29265319792615924,-0.17895532115773852,-0.9921038357681801,-0.10228164910486967,-0.17457608668948685,-1.3925661455430922,-0.2024480952772555,-0.17324454838815947,-1.6423036904214792,-0.2667992508055994,-0.17265452888641472,-1.8536036304118952,-0.3154901529941596,0.00500159435377884,-0.9912164002370077,-0.13215533267752833,0.0050133369931284096,-1.4567351457848046,-0.2496420997021722,-0.01293519100154604,-1.745045624657109,-0.33338328845649245,-0.02687466642090688,-1.9907905759055002,-0.3837342822203124,0.16535426475438658,-0.8702616323701959,-0.17631237293787713,0.2131922374462565,-1.1798532387850396,-0.35221677351542735,0.12024963199898442,-0.9622886969527704,-0.4104357447108131,0.04860740432269335,-0.789383530092042,-0.4101380399279589,0.30250424980938306,-0.6830760685444003,-0.2263977376119842,0.2443119642431749,-0.7856029777283339,-0.38209120303443816,0.10846464214684291,-0.6381485378906637,-0.42356146484836305,0.007540121978414418,-0.5273881134998378,-0.4270926305026061
U,0.0,0.0,0.0,-0.21066678426327173,-0.2017130667989128,-0.10177017421764625,-0.2855162323166408,-0.5345868444164633,-0.15481751203382652,-0.08497260774440885,-0.7235649660329565,-0.213837074357443,0.11306261002928186,-0.7984990817035373,-0.27203137299611313,-0.16871702048466844,-0.9952829027393014,-0.09284093317909174,-0.1691340903603919,-1.3904800923871758,-0.19149302120356576,-0.1690684144849415,-1.6399447597397006,-0.2570638456587372,-0.16846217563463017,-1.855132233429808,-0.30743672757460977,0.013830104438861639,-0.9920563648582,-0.125031584631821,0.013375799522640678,-1.4470399317921476,-0.23729800330991177,-0.007168025961906412,-1.7370068741127793,-0.31826393826380045,-0.02347061193410568,-1.9828910835887201,-0.3680856854470829,0.17357273172060345,-0.8707069936552798,-0.17105313574412606,0.1982846364117972,-1.1618829521275431,-0.3381218624935547,0.0979710048716551,-0.961105439109975,-0.3946089625920271,0.023001525268139474,-0.7984451938057319,-0.39596836901400995,0.31187770543510146,-0.6832629931294356,-0.22294305319971577,0.23369104348829786,-0.7695549188162967,-0.37308816168246633,0.09022911022027189,-0.6284054873849984,-0.41494331758493114,-0.014195718856611125,-0.5237765204730259,-0.4199407652187398
U,0.0,0.0,0.0,-0.21134771228440924,-0.19976507530807247,-0.10544726918857071,-0.28235824500383244,-0.5356689437623943,-0.15957772606964704,-0.07926771510666163,-0.7291029227547802,-0.2195023920191406,0.11689740581346011,-0.8076121121553361,-0.27780052729234256,-0.16807401735734628,-0.9950988451646734,-0.09220564394760178,-0.17001021460839197,-1.3906228153944977,-0.19314804737299565,-0.17240085320446816,-1.6413920504628663,-0.2605074378582804,-0.17419231079349962,-1.857531712851116,-0.3118568990793941,0.014138986569673776,-0.9921907575957947,-0.12392574228248777,0.011109003114674358,-1.4487447774083237,-0.23956133374943267,-0.012010583286212004,-1.7387730074124907,-0.3213004832660892,-0.030477716411460586,-1.9856935343529527,-0.37066344879927676,0.17346177807506677,-0.8708008049379519,-0.17018510233498613,0.19723316106517902,-1.165757579591159,-0.34093924931519115,0.0949941568568746,-0.9502336693096802,-0.3926966919477813,0.01921966702128385,-0.7808199206693949,-0.3888264273469259,0.31178570945638245,-0.6829189869520944,-0.22298662957510582,0.2371623961305764,-0.7777285211611733,-0.37462754608205573,0.09573021327521612,-0.6291694547151452,-0.4123920057044231,-0.0065657131287575445,-0.521389149656065,-0.4132073131731495
U,0.0,0.0,0.0,-0.21428754519166457,-0.20032650334497462,-0.10734064971367388,-0.2832273442939717,-0.5307693641707437,-0.16366539551533907,-0.08053659761597819,-0.7261053073760536,-0.2258978876558413,0.11922034532782895,-0.7935045496657013,-0.2856584214273231,-0.17403703331979167,-0.9931950754331597,-0.09311317635748016,-0.1742294728307509,-1.3909978202218511,-0.1937646522255903,-0.17584562412190416,-1.6421041339513112,-0.26088327721459637,-0.17801761716668849,-1.859527288912991,-0.3122615754242786,0.008464878586786236,-0.9921602163521016,-0.12468540780164353,0.002990097494766874,-1.4492997069676024,-0.2400239790240988,-0.013987343805414967,-1.7425784677831073,-0.3216518240930779,-0.02750049546288121,-1.9936505321994074,-0.3714111090178967,0.16851778488748181,-0.871772177590517,-0.17071797481751114,0.19598932927349305,-1.1568303463567464,-0.33877231777308786,0.09359069494346693,-0.9427570012893748,-0.3883656307155565,0.014471375535044993,-0.7723812384686493,-0.3836324371342433,0.30789564862579843,-0.6852867488848103,-0.22397424943714747,0.24262402665200686,-0.7731676481122546,-0.3705570759030731,0.10564834540299957,-0.6255604880793291,-0.40443537060563856,0.003742636270661562,-0.5150358730623475,-0.4034390656547259
U,0.0,0.0,0.0,-0.21191536324131052,-0.20337245069527665,-0.10588282101219,-0.2812006800248448,-0.5362393984475263,-0.16255461305077848,-0.0785396981314746,-0.7271926778296943,-0.22573998882741528,0.12140191707265545,-0.7935093872609003,-0.28676068820302864,-0.1696297021522054,-0.9915635708981893,-0.0964339741213188,-0.170322194676354,-1.3868196106324793,-0.2005335205740969,-0.1728767226543244,-1.638222436473019,-0.2703014343120029,-0.17508004787976136,-1.855508841594539,-0.3232984489206807,0.012915575633759405,-0.9915090022984677,-0.12939507821839955,0.009721518772546662,-1.4454927509102946,-0.24777548330365917,-0.009853314214088782,-1.7377931372833537,-0.3311539906493738,-0.025349474804232355,-1.9903851431967188,-0.3818961561341751,0.1727064082012141,-0.8706452184756619,-0.17653598754843414,0.19844466067612732,-1.1621327404134216,-0.34643390664148566,0.09438517328731004,-0.9428466510173287,-0.3946367440523913,0.016985751189464177,-0.7703403906213218,-0.3882698960342691,0.3110406407757171,-0.6813433473051377,-0.23084127961497009,0.2451527385762335,-0.7793404332017015,-0.3779907484827335,0.10663629597151827,-0.6370417635346222,-0.41120489911950503,0.005482350494520691,-0.5307931123216798,-0.40924278976307965
U,0.0,0.0,0.0,-0.2135631376055409,-0.20153983046510374,-0.1068172794942536,-0.28417080075517553,-0.5377459712069227,-0.16249104860614988,-0.07716047075767,-0.7281059327219017,-0.22394619171379967,0.12269229374753479,-0.7985128314203022,-0.2838619629647513,-0.1707082687551022,-0.9948181885492142,-0.09651379998201462,-0.17063746089623916,-1.3954850740584044,-0.1994313877182141,-0.1720098252611912,-1.649132189844659,-0.26795389212982385,-0.1738130085264546,-1.8671397291617282,-0.3195612095104484,0.013362874290976086,-0.9915906014082682,-0.12872261957198,0.014711541246670099,-1.4498838988548084,-0.24610274802707063,-0.005550122827508844,-1.7460312754593643,-0.32897825188327623,-0.022641831860057256,-2.0002314887777017,-0.37868510813363315,0.17364058617669303,-0.8693874221878195,-0.17516608189600189,0.2045658948377194,-1.1643107802093786,-0.3449470828755413,0.10167705205894993,-0.9494651388147922,-0.39442284199081373,0.024405108688130072,-0.7820719480356167,-0.3887089463679225,0.31288580465988525,-0.6793840592873556,-0.22857607304759076,0.24680737994692278,-0.7768374746994251,-0.37677599744898627,0.10730660860229176,-0.6295612990083176,-0.4103785446183498,0.006186919609091103,-0.5217456700551629,-0.4081828848609547
U,0.0,0.0,0.0,0.257377392160515,-0.13382698882896643,-0.1215703492142987,0.42740270528390706,-0.40722544856782433,-0.18252070106801863,0.37288475702809504,-0.6483188321082137,-0.2471470251455928,0.24002564933452483,-0.8281156580898694,-0.3066548845949401,0.3469927536904136,-0.9383347355183412,-0.10305773378735235,0.4327356227975919,-1.3199059568807465,-0.21348367564432474,0.46444190320029527,-1.5678386036085425,-0.278312367535958,0.47696660771936766,-1.7897102979693562,-0.3157607640879221,0.1744888045216202,-0.9761225357217842,-0.12937717091005635,0.2679574083938796,-1.4315788993169318,-0.25962763730183047,0.33110606027636824,-1.7137247461304557,-0.32719781218109295,0.37081596487235974,-1.9493787452322666,-0.3548200374762306,-0.006204064306715669,-0.903074395586463,-0.1714363381063513,0.05232058922259164,-1.1805273094014956,-0.3692294754217904,0.10478458616674448,-0.8702460183207902,-0.3845681061429177,0.12710629108064594,-0.6318751768719221,-0.3342513534976414,-0.18740894225567611,-0.7493120665540887,-0.22116207833332627,-0.10826186045917802,-0.8951278763801631,-0.3784239698098353,-0.023848698718511575,-0.6909021607104999,-0.37379921866021537,0.014612800526341393,-0.5198222873189196,-0.32973339189996015
U,0.0,0.0,0.0,0.25946137446494677,-0.1328054684340828,-0.12144139092245017,0.4283067993544067,-0.4058476467956838,-0.18270931689659123,0.37290023617035645,-0.6517654078681621,-0.24760844813946928,0.23976755560578644,-0.832368712474325,-0.30765658988266553,0.34784787656833116,-0.9357223025561803,-0.10562121226132982,0.43265648068545515,-1.3168692382922982,-0.21635094133528182,0.4639250133487726,-1.563249147647338,-0.28190422889602046,0.47674759182219345,-1.7869261297987835,-0.32033973075970124,0.17638550487569238,-0.9754659830840254,-0.1317356045860913,0.2678902217594219,-1.432423886000966,-0.26141946875944033,0.32949162973291135,-1.7133118674415653,-0.32814895960367557,0.36806493473998353,-1.949415944030566,-0.35589278098880806,-0.00380795394370904,-0.9023610269973854,-0.17314783386891203,0.053530264735844026,-1.1874252769858273,-0.3691082444498913,0.10601614080299099,-0.8768279774493284,-0.38182294902572445,0.12724688136250698,-0.6355587078683305,-0.33071550630716184,-0.18513641979287104,-0.7470609839249446,-0.22246413046081184,-0.1061127075011793,-0.8984994308423077,-0.3796938462497139,-0.020807176085331502,-0.6955284494564493,-0.3740482580491099,0.01701454848772782,-0.5223557432802487,-0.3294544052480799
U,0.0,0.0,0.0,0.2579060065939788,-0.1425336218005824,-0.11852621898871961,0.4221489417880015,-0.41635209309728466,-0.1780908982993087,0.365920993267993,-0.6566524055271494,-0.24205674579024739,0.2365645200983932,-0.8368437171993658,-0.3009936947920377,0.34228427123060506,-0.9411966704579939,-0.1021584596356114,0.4235460603821917,-1.3249025942065944,-0.21036674090349244,0.45150972128259326,-1.5750152079221142,-0.27396839030622344,0.4613518056874259,-1.7990414649279793,-0.3112761285275234,0.17073748301954794,-0.9768076041683992,-0.12921151779520781,0.25741990738170123,-1.4301088284536398,-0.2572016769325101,0.31584299005739613,-1.7145942797881304,-0.32412816269420075,0.3536657235677928,-1.9528712754790793,-0.35261856547492687,-0.008934183111209188,-0.9005335735565919,-0.17135162086317846,0.04404272828603235,-1.1816029978896958,-0.36523644733911864,0.09447753756518548,-0.8750394385813375,-0.37851565960143385,0.11652285185187226,-0.6369252286031487,-0.32838005239769885,-0.18903291981731832,-0.7432993481949759,-0.22115751711038859,-0.11785148002398319,-0.8955654912291211,-0.3766547253742062,-0.03301641545297043,-0.6966542526706424,-0.3715146643495361,0.007640875352996346,-0.5258916099042082,-0.32770944837492183
U,0.0,0.0,0.0,0.25884585080690725,-0.13968694376715848,-0.12187800537429062,0.4241215334712938,-0.41475081410386255,-0.18378599286494673,0.3661528553792526,-0.6563623995546058,-0.24929157225890652,0.23138324746080688,-0.8335014840839658,-0.3097603483478575,0.34010661241234974,-0.9403487276955245,-0.10752953130233965,0.4209674744069724,-1.3259903751806796,-0.21824839772997098,0.4490197711592992,-1.5755101070873663,-0.28365824732593625,0.45944252419787124,-1.7999651287187968,-0.3220167448115585,0.16800587608370024,-0.9767003653631828,-0.1335306028623162,0.2543690386090277,-1.4338149601146772,-0.26315428410371966,0.31260059078009744,-1.7184388062591924,-0.3303509332003672,0.3496728215384698,-1.956406372332331,-0.35879861578129,-0.011765925663142317,-0.9011445946044908,-0.17475077110839343,0.04315605689889869,-1.18608408309165,-0.37049500770398613,0.0976493376206924,-0.8767121362535704,-0.3833650636081013,0.12209791662241186,-0.6345687842684716,-0.33256746894972306,-0.19131085611774068,-0.7448804632077345,-0.22398282219830531,-0.11488328056384037,-0.8954589485386991,-0.38155686394348337,-0.028831461540943695,-0.6945180455176744,-0.3766366263776268,0.011423576775674836,-0.5222830779033721,-0.3325693228245649
U,0.0,0.0,0.0,0.25680804203366847,-0.14538515439744343,-0.11981490536932327,0.41933748469486276,-0.4235815527711324,-0.18089492368915092,0.35998434331471657,-0.6658264033639651,-0.2463432360789884,0.22258488860004885,-0.8401341514655857,-0.30649372813001385,0.3294747293052547,-0.9462347253879494,-0.10422013193031278,0.40475651407169944,-1.3348459693593715,-0.21253844399386893,0.4290917564541228,-1.5830313228183543,-0.2761631144985172,0.43819920974332804,-1.8057759017781003,-0.31373960434515136,0.1581172511991688,-0.9786832908284059,-0.13106468298706886,0.23708561119180027,-1.432103145763896,-0.26043450034178883,0.2929068723460718,-1.718934103405003,-0.3288355266933118,0.3304251367134219,-1.9599214125577988,-0.35865395484721274,-0.020740785880380815,-0.8995125382103661,-0.17282343005177503,0.03445020057470266,-1.1832468027410596,-0.3679722606446558,0.08620427234576972,-0.8740639215340302,-0.3808869029181036,0.10765423811820612,-0.6339759919247152,-0.3303427286755189,-0.19889909665122724,-0.7398913615550385,-0.222447773319848,-0.12234596606450954,-0.8902598435042013,-0.3797754085981531,-0.034911009049590554,-0.6923151290632326,-0.37553684615991545,0.006045835121570901,-0.521521750572868,-0.3320798514732939
U,0.0,0.0,0.0,0.2522900958989316,-0.15637817810888477,-0.11720852593685764,0.40413989291600155,-0.44485243628441457,-0.1744483978202897,0.33941414959650973,-0.6827547688479214,-0.2368711249474381,0.20152968430434856,-0.848580190339801,-0.29296918509479386,0.3031712328725606,-0.9578413758867302,-0.09412311419380516,0.36540001939578204,-1.350573899860485,-0.1991457037852894,0.38166921164017464,-1.5963807426994454,-0.26007677289587583,0.38268744336734967,-1.814850149017772,-0.296174599371873,0.13216319737329046,-0.9836283597373967,-0.12250771069768301,0.19762530117527552,-1.4406365336547688,-0.2509980045985258,0.24639760379681372,-1.7340155015903649,-0.3201267129244515,0.2778365939368095,-1.979608555436592,-0.350359521435436,-0.04204234521237975,-0.8990020133491026,-0.16653401025749656,0.00098494111421434,-1.1822475545749775,-0.36052227176076035,0.06515878932834306,-0.8762895596667494,-0.37537202946413256,0.09863445735497851,-0.6379118307171949,-0.32592051256528004,-0.21542039359247586,-0.7343019325130542,-0.21861444022283327,-0.14734934573097577,-0.8792841065910412,-0.37414003554826053,-0.053128548192875026,-0.688788035748163,-0.3727471638071146,-0.0032535811301309925,-0.5248328926861919,-0.33196739591591135
U,0.0,0.0,0.0,0.2513989757370245,-0.16122313853232317,-0.11662215695762844,0.4060827752582492,-0.4526812197850879,-0.1744528074255928,0.33600382812559265,-0.6851553678093856,-0.23706770540907363,0.19508021086342664,-0.8499447723498366,-0.29418237525840885,0.2953983237878365,-0.9679285779071272,-0.09598684434478488,0.3516411625414933,-1.3624187270098564,-0.2015504626943925,0.36360916528006954,-1.6123338048126843,-0.26200009312759515,0.3616112852076899,-1.8311067883278918,-0.2961991560883057,0.1209324852749186,-0.9847626372092486,-0.12497152620464234,0.18138475427541,-1.4520579657853285,-0.2522914847886993,0.2251892791333518,-1.74817101821854,-0.31919464694780464,0.25291114403502907,-1.9935394676446954,-0.3462680974003536,-0.053576862674107405,-0.8914616055201341,-0.16918606557234414,-0.009745252115222097,-1.1742714324700458,-0.36508673624178695,0.057423032208089,-0.869360535123204,-0.3789837739858316,0.09134833035051543,-0.6327749607799389,-0.3269585504224357,-0.22614357891888118,-0.7170531693078241,-0.2206483319577795,-0.15682777006410087,-0.8740642928743361,-0.37631427084184527,-0.06005196064897209,-0.6807348521794523,-0.3699098218523442,-0.011255535722306097,-0.5133835603465768,-0.323982192672432
U,0.0,0.0,0.0,0.24893643015991213,-0.16422256380890554,-0.11624337619445227,0.4016201331839587,-0.45963734718607496,-0.1737072139091028,0.3282503734825325,-0.6910412937018485,-0.23582852813312305,0.18625938029216177,-0.8527163962060137,-0.2921836292687108,0.2854236603017494,-0.972128349946185,-0.09293460527874083,0.3376956273131462,-1.3668535861778677,-0.1977219082407493,0.34859285043755794,-1.6157770398783255,-0.25779743269117816,0.3459360007969232,-1.8331475353335156,-0.29194450314914167,0.11199521007959908,-0.9861467869214499,-0.12235843887418135,0.16839422741474436,-1.4527164590296315,-0.24987085359056482,0.21196092051481294,-1.7475947033435857,-0.317422494365742,0.2387942010401047,-1.9911026837130057,-0.34479075892398386,-0.06099793891177158,-0.8904135471376161,-0.1672494949482712,-0.016151241416538894,-1.1724158191256024,-0.3637730401817227,0.05278384007730251,-0.8694197806101528,-0.37860859193959856,0.08548044264999977,-0.6365341583603432,-0.3271395031406266,-0.2317419779223805,-0.7136825343626545,-0.21932992512838623,-0.1589076312277706,-0.8693326989153035,-0.3756152391117554,-0.062039326593832766,-0.6765743645494167,-0.370125392436656,-0.016203897958621385,-0.5122008019395903,-0.3249249791778315
U,0.0,0.0,0.0,0.24989330332262769,-0.16320405797596488,-0.12348688271410219,0.40457783472381226,-0.46061762411956997,-0.18402984352232543,0.3288315943501382,-0.6985628581623744,-0.24746471890710853,0.1817980167603358,-0.858021149002297,-0.30532515802116134,0.28184125887012107,-0.9667179334373187,-0.1077973654805556,0.33739439348048744,-1.3686230958172954,-0.21768695737162008,0.34911888788987094,-1.6210891786191617,-0.28075210536774514,0.34745989130671434,-1.8455420944214653,-0.3170198621824013,0.10691087655083072,-0.9853591475746617,-0.13280592895676435,0.16006281489981147,-1.4584818943946256,-0.2636900434899436,0.2032999558648453,-1.7523661638232062,-0.33071942044183045,0.2302397051426823,-1.9967411398790598,-0.3581299202262396,-0.06802989333465967,-0.8934508229823236,-0.17321588925843562,-0.021516201824939584,-1.183256062011077,-0.37232738198264453,0.053070021894284274,-0.8757592369176906,-0.3862229046386242,0.08927106685243827,-0.6366471508789467,-0.3347066312150399,-0.23850616261760524,-0.7213186249466536,-0.22155916486981464,-0.16033951167615484,-0.874105837779533,-0.38165950687083317,-0.06188040032266494,-0.6794471529181956,-0.3782985909892634,-0.014601150566162485,-0.5128813986476563,-0.33467280434790675
U,0.0,0.0,0.0,0.24863859977021407,-0.1594768734840994,-0.1231966138762673,0.4019584111662091,-0.4588082508999179,-0.18250893382755287,0.3275692954490037,-0.6961133641096843,-0.2449969055609341,0.1814150737446384,-0.8568986092803237,-0.3015859311657697,0.2806340792200518,-0.9706730894812089,-0.10205520839308178,0.33345814347853114,-1.3704037210883697,-0.2100677146299471,0.3443467793912276,-1.6235358146343675,-0.27260230324900725,0.3421086345876846,-1.8464278950868227,-0.30851084949746727,0.10550846486175552,-0.9862795145119012,-0.1269672520640028,0.1577086910031146,-1.4532264057876725,-0.25719765319684396,0.20101425506964368,-1.7482151731929305,-0.3250942522508902,0.22841184029141512,-1.9937619380743543,-0.3526838616412922,-0.0678099103468668,-0.8923825812227117,-0.16751766468598903,-0.0241092915494378,-1.1803739537284519,-0.3669303291938995,0.04937254469990024,-0.8734753066822822,-0.38122536379416544,0.0856615862507816,-0.6356239344018206,-0.3290468031509643,-0.2360455757163617,-0.7172655155196689,-0.21591814713992938,-0.15915886350867117,-0.8719200925752989,-0.376770205394284,-0.06026807296589476,-0.6764234601808018,-0.37332087642861356,-0.012319039652979407,-0.5084562760153605,-0.3286784896822791
U,0.0,0.0,0.0,0.24990576822998567,-0.16093837190396748,-0.12323257834527333,0.4032040040634943,-0.4613661772841798,-0.1831297553037061,0.32355738479406243,-0.694615049805991,-0.24631575268042852,0.17081315276959208,-0.8463658115011281,-0.3038652734803696,0.2792606456670121,-0.9696285275478205,-0.10404597694181843,0.32992243104766583,-1.3725512836534595,-0.21448364811357357,0.33866781480153274,-1.6276918518146235,-0.27788038242493734,0.3341743227071849,-1.8523688980126842,-0.3143097154767098,0.10269976972323072,-0.986191107796265,-0.12992250075476136,0.1545666911920263,-1.456762728713287,-0.2623670019558634,0.19667427137027466,-1.751864072485926,-0.3308293575107922,0.2226066175156717,-1.9996149155721328,-0.358662900575298,-0.07206714868601378,-0.8923535413693129,-0.17150707331332554,-0.029617495835869256,-1.1810766761230063,-0.37291806928952786,0.042963106849822325,-0.873652860963434,-0.387856772977383,0.07894724120929605,-0.6367109835524787,-0.3360094364296006,-0.24146944408332605,-0.7167594917701802,-0.22099778391494365,-0.1650182453277045,-0.8662857461224917,-0.3828738966982069,-0.065604124751678,-0.671953226242788,-0.38030049646031383,-0.0166947386585332,-0.5079003742167312,-0.33659231340132495
U,0.0,0.0,0.0,0.2493429490297568,-0.16388172177213559,-0.12113516291826835,0.40276031044351507,-0.4636964302063259,-0.17965208331936705,0.3262210952130459,-0.6982451493934454,-0.2414272165623283,0.17616595010084965,-0.8508854133185128,-0.2980428432222541,0.2775600664554561,-0.9699778877912739,-0.10377179793837582,0.3330004580050753,-1.370923855157727,-0.21342286065168278,0.34591914595283746,-1.6221178028064651,-0.2762863713077939,0.3442357534711832,-1.8443366601713795,-0.3120163342317269,0.10287834705849877,-0.9862200115397269,-0.1295613157740065,0.15507042010637495,-1.4602467171945686,-0.2591520835434073,0.19822398025256405,-1.7514544918901922,-0.32533201763566816,0.223590146500516,-1.9952458262863237,-0.3518530459499759,-0.07150460310982869,-0.8915550026979386,-0.17081159003000537,-0.02951589233706905,-1.1798899391386108,-0.36877247380234374,0.04747832972896472,-0.8717061861205134,-0.38260505347132207,0.08485402023713053,-0.6346714774556266,-0.3308927961547733,-0.24119277521788995,-0.7153126071987963,-0.21975129387313658,-0.16670892653359606,-0.8666271092338055,-0.37786275601649516,-0.06599809072995641,-0.6740686414146857,-0.37361220062511286,-0.01787860776124525,-0.5115834426657049,-0.32961351774178677
U,0.0,0.0,0.0,0.24961924553187972,-0.16286427554202704,-0.12493021005204809,0.4047024965290708,-0.4608514210998391,-0.1870659751043812,0.32669185207056955,-0.7005488903205678,-0.2517102321012805,0.17481232035518907,-0.8557641061978414,-0.3108605049321819,0.27927893860413616,-0.9673641830413,-0.11317846033312844,0.3318854908849983,-1.372510115677918,-0.22450084330887704,0.3422633881346578,-1.6258540113227582,-0.28799758945787746,0.34016101064688037,-1.8513781539560086,-0.32446863702416934,0.1030090352358219,-0.9850807346804299,-0.1378589308722857,0.1544356850468667,-1.45934162103441,-0.2697467825853278,0.19706257981311665,-1.754192522083507,-0.33708180934984766,0.22422080290080315,-2.00026768980199,-0.36480765197423826,-0.0714605814929815,-0.8911703474811246,-0.17760668879602345,-0.027038836443346866,-1.1813331908355276,-0.37691852098314027,0.048705167296191815,-0.8737030154620538,-0.39034008479454246,0.08707262373997066,-0.6339245338755232,-0.33839007911113467,-0.24054058409876825,-0.7161940836804048,-0.22536919460481614,-0.16374800319818578,-0.8690303074787747,-0.38529152207203,-0.06286452991009117,-0.6765306425742319,-0.38170477952256454,-0.01245240008788791,-0.5105740397533719,-0.33780249961983005
U,0.0,0.0,0.0,0.25134839568478146,-0.16051402775378754,-0.12385367717722144,0.40607334087225866,-0.4581108283173964,-0.18433949077561967,0.3284749978225676,-0.6965606744920073,-0.24782259609184762,0.1779086613606381,-0.8529855706095993,-0.30565436090100423,0.2816618251928715,-0.9696623255409569,-0.10691711816830426,0.3334135188440791,-1.3734940712420316,-0.21662133569539904,0.34302437412452275,-1.627085447377386,-0.2795218377886259,0.3393147024809392,-1.851248054734407,-0.31556552876897354,0.1052477737329286,-0.9856637943223626,-0.13187035560089105,0.1560192223765435,-1.4579313255149309,-0.26329110526835336,0.19778976491065292,-1.7534551087529926,-0.331034650665209,0.22371622771392893,-2.0003021989033973,-0.3587636017133684,-0.07023403797824541,-0.8900961398393239,-0.1721699179038817,-0.025859969392607682,-1.1794250602100738,-0.371783709489917,0.047728096386103466,-0.8718888800309403,-0.3854582285777906,0.08315651019786317,-0.6329620715067279,-0.3332175313022931,-0.24083513744240725,-0.7131601577296158,-0.22035225272961076,-0.16212292320406893,-0.86918651962301,-0.38071324707090465,-0.062345138258209865,-0.6748011320906125,-0.376585940331549,-0.014333698957095093,-0.5071989493835636,-0.3318998375635563
U,0.0,0.0,0.0,0.2479905920399573,-0.16100295274315574,-0.12258175230622306,0.39294873780396267,-0.4572065915878643,-0.1851277398368306,0.31960745010152064,-0.6976356994202553,-0.2512037121071505,0.16562795449262196,-0.837097677200701,-0.3123289637180121,0.2704141449804833,-0.9703286335187865,-0.11515570403419084,0.31896221545415643,-1.3697842638374873,-0.2270156575540958,0.3303855803103229,-1.6182161448663526,-0.294196069374858,0.3301893820742105,-1.8408410479832709,-0.3340153075445652,0.09319615135640624,-0.9855123249739112,-0.14170368625011037,0.13816449392764935,-1.4488798971383519,-0.27313666476249904,0.17866896019519832,-1.7422791784843914,-0.3431104149440696,0.20518304743836363,-1.9898095317591673,-0.3742159753960848,-0.0806498813874206,-0.8873851486854579,-0.18229130643923472,-0.04335101580952284,-1.1666853777045072,-0.37423078972394497,0.02707389085495444,-0.8710780809904796,-0.385185540223207,0.062118832352732155,-0.6398700808655765,-0.33467140428744524,-0.24640791928899114,-0.7060556817794339,-0.23153381816164492,-0.1774103181490175,-0.853796722588318,-0.3845594647419093,-0.07510879929324617,-0.6714605095571837,-0.3778724708314014,-0.020395351057342043,-0.5113608643813585,-0.33348230582628985
U,0.0,0.0,0.0,0.24446247994919254,-0.15884424616661405,-0.12721962158132932,0.39414013957772087,-0.4564312760735991,-0.19257094442100392,0.3221326127338825,-0.6972221055059161,-0.26020579065826527,0.1603759889602522,-0.8334308599433597,-0.32300382765438257,0.2674039732250274,-0.974123641168729,-0.11840696105894322,0.3170745438692418,-1.3734888885997079,-0.23421224741996502,0.3272759624419407,-1.6277600851367133,-0.3031913842147399,0.32345441322926793,-1.8536346536087742,-0.34322032983734413,0.08804879039756164,-0.9855024821874764,-0.1450250602890716,0.13220807339152588,-1.4620841178416824,-0.27909084435893194,0.17511884904406524,-1.7552944843900011,-0.34848134818138765,0.20088112977325837,-2.0034103178563716,-0.37760233763952733,-0.08810625769833556,-0.8828203508163598,-0.1864755066532575,-0.04915562577341869,-1.1549818068506532,-0.38465546297980047,0.025771902427309902,-0.8579214991935795,-0.39725413026717116,0.059339851475712184,-0.6296641145540219,-0.34558760932837357,-0.258416571097772,-0.6994921953304492,-0.2366129136776838,-0.18486846842595875,-0.8493128659910957,-0.39200867488838753,-0.08162170636590244,-0.661959370571744,-0.382990251985783,-0.031514478875459856,-0.5012195972985415,-0.33627824835730385
U,0.0,0.0,0.0,0.2423801961795459,-0.1654891233543142,-0.12735027684272526,0.38902063058473835,-0.46157785163174564,-0.1930736086117548,0.3140595015701431,-0.6994160488750443,-0.26106738836135834,0.1556182840550365,-0.8380841792625776,-0.3240189305752193,0.2643540862885667,-0.9741715580082703,-0.11911159120793195,0.31186657698226194,-1.3731231137738857,-0.23477107014478438,0.3212366130638388,-1.6278824196737396,-0.30318622577428406,0.31793041894240887,-1.8536739228826062,-0.3429616612822114,0.08521223211000871,-0.9857696037904105,-0.14490398111069042,0.12581894318443332,-1.4568919716599156,-0.279286094699603,0.16624571174980252,-1.7483327628689442,-0.34903543001825194,0.19237603221393354,-1.9957448890193168,-0.3787098458282047,-0.09032762053001485,-0.8834372548023606,-0.18553096591789242,-0.053017071755879025,-1.1544640778285054,-0.38348362710317396,0.020608827117091513,-0.8601962038721284,-0.3978764804803524,0.055791159175837796,-0.633890714266993,-0.34797499824422146,-0.25902361772419924,-0.7004587280022385,-0.2347600141324796,-0.1886778617512659,-0.8443135725328653,-0.3905495482023366,-0.08528124683764991,-0.6599051698230749,-0.3844963158121924,-0.031938009588124074,-0.5019127056055075,-0.340175546181408
U,0.0,0.0,0.0,0.24646367584463275,-0.1638605261881549,-0.12388402093439012,0.3951175348935027,-0.46731592311399106,-0.1842740220546243,0.3124035023009902,-0.7035994492495258,-0.2473223546096142,0.15287468335828797,-0.8387347600788172,-0.30493881987580945,0.2618786173960892,-0.9765348450419756,-0.10788187808366315,0.3093926933011519,-1.3775178975280566,-0.2187418035375449,0.31903381702652245,-1.6295585002058925,-0.2832816275244344,0.3163873828459539,-1.8509068748325845,-0.3201349204615417,0.08157811491034,-0.9876383165378261,-0.13384904509933723,0.1218215587548794,-1.46734783200039,-0.26498515256348804,0.16217124784611361,-1.7605015506760182,-0.3332057472062712,0.1875691319076939,-2.0047103608832084,-0.3610576540418314,-0.0947464121827293,-0.8860908383402335,-0.1748651648786067,-0.0536458390265608,-1.1598383567773096,-0.37249200886177575,0.026567372290451485,-0.8588789853345882,-0.3870442347939892,0.06472538426149882,-0.6265842936394485,-0.33608403950332477,-0.26417585464977295,-0.7036449829266808,-0.22395648994259484,-0.18446504211090628,-0.8499101157594353,-0.379508938235003,-0.07896129870032825,-0.6592663012214497,-0.3727974902965309,-0.027445213101064243,-0.49678084992256105,-0.32747311522358413
U,0.0,0.0,0.0,0.24297537290414942,-0.16713059186919285,-0.1236814458485652,0.390892115538853,-0.46785411355330525,-0.18543937370123662,0.3108143921510842,-0.701774154345552,-0.249893376815187,0.1544961652646308,-0.8425906160453315,-0.3088847685034884,0.2599424316697982,-0.9767885959781183,-0.10916062261592155,0.306072843286939,-1.3727134760920525,-0.22059436414581726,0.3158433869434996,-1.6220675306991732,-0.28597558981080967,0.31486251043708513,-1.8410901234093173,-0.32343146972339026,0.08069649132589235,-0.9875023183144349,-0.1353781651940459,0.11964599054553422,-1.4628584040889465,-0.26530225874562197,0.16038320447826546,-1.7530575302995155,-0.3327504771895314,0.18728919052621565,-1.9934414917694556,-0.36078697917249286,-0.09507601315618275,-0.8854417356079324,-0.1767381786380294,-0.05348038829558425,-1.1587671051738322,-0.3720922432387909,0.02565342339913235,-0.86132308497663,-0.38627102414212533,0.06289683417201881,-0.6309979508210022,-0.3365555492097708,-0.2623878687418914,-0.702417111722448,-0.22635231448219317,-0.18470699411630057,-0.846194947138615,-0.3809023038659974,-0.08060507409624573,-0.6573615070298121,-0.3747457775498478,-0.03025941716158502,-0.49636728361112514,-0.3305922504342918
U,0.0,0.0,0.0,0.2451703937155018,-0.16412802739628043,-0.13126843802798818,0.39374891540278567,-0.4628688897555121,-0.19878726708942893,0.3128308042051035,-0.6966229037916843,-0.26810782170500397,0.15368812575630048,-0.8388267118165906,-0.33152176214696244,0.26011949951855906,-0.9761654822431866,-0.12300744433181698,0.3064921629140234,-1.3771705707253459,-0.24200969769763456,0.3170080479017072,-1.628305157691098,-0.3118511720599418,0.3174015838008183,-1.8498116025827818,-0.35214619301991634,0.07860816484385405,-0.9857941761980268,-0.14842708174027808,0.11654967391119592,-1.4624676364305604,-0.2873995730179538,0.1587593963578596,-1.7543289822637766,-0.35906409559702096,0.1868251735689685,-1.995088398040084,-0.3893296827455111,-0.0986914838555303,-0.8831696470311775,-0.18947202416272893,-0.0588131093007677,-1.1529083228672519,-0.3938123847582474,0.02678405119015326,-0.8514680271947166,-0.409245969851318,0.06956830239599485,-0.6198632113504827,-0.3588826294842694,-0.2667851584147396,-0.700952640020012,-0.23937283890596925,-0.1837242116445461,-0.8406858586964637,-0.40107673459233933,-0.07496059606864872,-0.6488630841938483,-0.39730462148562085,-0.02082485338490769,-0.48881954296797814,-0.35387303948261106
U,0.0,0.0,0.0,0.2450062811604381,-0.1595218022155989,-0.12480075751531078,0.3947304179190933,-0.46065146854745004,-0.1862747933273729,0.3136331757739476,-0.6970818278002444,-0.2501610301793134,0.15541969488021115,-0.8338333610036465,-0.308372408868047,0.2612431290981834,-0.9775081776149177,-0.10996183889403001,0.3072967322499201,-1.3764759740801056,-0.2209354962091692,0.3179342545720972,-1.6258848136824118,-0.2857690513070752,0.31680821881501176,-1.8448948855535976,-0.32297999430460966,0.0807229113394119,-0.9874607385776822,-0.13566540219417675,0.11937133395405884,-1.4658358840103507,-0.26571207721560924,0.16071972375959978,-1.7560761654089339,-0.3329150298273525,0.18690608932022562,-1.9956832467868664,-0.36050988456912664,-0.09470375240968817,-0.8837676422785201,-0.17651581239335148,-0.055551079859086416,-1.155050854596822,-0.372641371946091,0.027919390210440206,-0.8552591034436365,-0.3867778431214705,0.06906324658722444,-0.6221365398165022,-0.3363813677195564,-0.2618636556062585,-0.6985027526978154,-0.22571422195497706,-0.182783728033196,-0.8389717780409185,-0.3815353491073029,-0.0748238692166455,-0.6502561608027596,-0.3763535644766837,-0.020776041846130338,-0.48960958214313083,-0.33240164987174564
U,0.0,0.0,0.0,0.23939570518964956,-0.16557167785929575,-0.12689050997399884,0.38779158248980117,-0.45687482413249875,-0.19515581141267502,0.32790233338388325,-0.6853916561984793,-0.26723267228598,0.1728145857360132,-0.833902153226638,-0.3323404281828753,0.25372317119053406,-0.9804432303602285,-0.10877794561555647,0.2968218557606951,-1.370762525927893,-0.22856510894156043,0.30326370018333404,-1.6221215304103804,-0.3020128227423239,0.29622620576271136,-1.8518412322994497,-0.3464876794189377,0.07374097950347444,-0.9874969029289445,-0.13932743680844326,0.11671004279012365,-1.4482680134186248,-0.2833709387930807,0.1580712923044375,-1.7426956013108812,-0.3601004879839697,0.18061568874664363,-1.9978134269164474,-0.39374027509849463,-0.10124500785481821,-0.8803230450201213,-0.18583616859237,-0.05843703970342617,-1.150226717489218,-0.39735876304303624,0.0312950096718447,-0.8312636443466803,-0.4087945566586473,0.07512229920250241,-0.5971960406451681,-0.3530608855016258,-0.2671769191449933,-0.6903911942062473,-0.24131272975643464,-0.18103063373289335,-0.8379051173118535,-0.4086658178195769,-0.06966428228270609,-0.6383544259873292,-0.40174198714548304,-0.014777218517880598,-0.47628232668408865,-0.35422943804088014
U,0.0,0.0,0.0,0.2400742638909722,-0.1619377809364777,-0.12815374295614787,0.39327700813466854,-0.4515922960896671,-0.19797814334465083,0.3351477380578499,-0.6809524374302846,-0.2714240762506951,0.1787373315666084,-0.8278505704939059,-0.33795807203970424,0.2603921568640875,-0.9799392559087124,-0.11130094507418106,0.3020745006577185,-1.3680018132233158,-0.23159123008644558,0.3081214960977447,-1.6172536744328179,-0.3055344340416385,0.3019706154766689,-1.8450787537131743,-0.35052183853659685,0.0804692661514913,-0.9866126838677063,-0.14184537086701815,0.12299156796767463,-1.4438584797914331,-0.2855290501284177,0.1661167940130295,-1.734975581240076,-0.3623992556389727,0.1910900111791899,-1.9870342932333365,-0.3966947534051576,-0.09604560535405188,-0.8791928704983581,-0.18845376217233792,-0.05116837767786868,-1.1457023525823185,-0.398819132199044,0.03862255941882876,-0.830635668793745,-0.411038785130258,0.08230857035230968,-0.5983326017139098,-0.356851616267574,-0.2641187572930261,-0.6899101688351187,-0.2442954610534898,-0.17564482092115627,-0.8309729786116508,-0.41088266472437074,-0.06365908314132829,-0.6341551384829458,-0.40520699784111514,-0.0085183897565267,-0.4753711750804552,-0.3593224740878344
U,0.0,0.0,0.0,0.24516625820145838,-0.16116805529338538,-0.1326322012531643,0.4049909345795631,-0.4528124277189648,-0.20245809628966827,0.33785329887819815,-0.6810755842889569,-0.27461275108168515,0.17988881436804993,-0.8282797454691226,-0.3403843129953,0.2601460555430469,-0.9792615937074451,-0.1128753670976485,0.3059121119897339,-1.364834972628978,-0.23551802716265882,0.31584754316549307,-1.6149828784116105,-0.31021091390619127,0.31584468784531256,-1.841651486349752,-0.3540170638120656,0.08062193448357212,-0.9866645528017081,-0.14139718499578338,0.12387767219499117,-1.4578451567827004,-0.2822106103930984,0.17036120168152355,-1.747737445669917,-0.3561472803557152,0.19980093117321113,-1.9938250861558373,-0.3867258887621676,-0.0935713037988547,-0.8809824576867973,-0.18709409838740915,-0.04506305692637742,-1.1404083817884514,-0.3977726302440521,0.0458520114300526,-0.8274140911578395,-0.41284579163257806,0.09064578212561115,-0.595483325045616,-0.35932813165165384,-0.2606142295933371,-0.6956924605896685,-0.24215406202532913,-0.17346134095270394,-0.83189379314314,-0.4063619010288375,-0.06326326159433654,-0.6357890247139656,-0.40010788831445865,-0.009334730885365801,-0.479102443673579,-0.35364508451406423
U,0.0,0.0,0.0,0.24060960522800495,-0.16475234067331423,-0.12389869468623356,0.3935805530110924,-0.45448161815577864,-0.189459517887537,0.3341232637559115,-0.6813250088191221,-0.25952640305220187,0.1870322527042798,-0.8383682614391883,-0.32292095780231017,0.25657623059213064,-0.977511496477718,-0.10119907361833393,0.3060720979727288,-1.3634761464786154,-0.22067213926139478,0.31876599355149565,-1.6104482961451587,-0.29298341185336285,0.31810362952725246,-1.8343229929686975,-0.33542332554232324,0.0789259546324325,-0.9879446676327565,-0.13317667731761998,0.1267641351189747,-1.459138786348962,-0.27289719813994656,0.17306959933064006,-1.7490297556751986,-0.34565045805211564,0.19893851750071637,-1.997622278733389,-0.3752375482816786,-0.09677523374773042,-0.8833685427702958,-0.1820954686794811,-0.04371306421096878,-1.150354746969671,-0.39152881592370736,0.04711678610663622,-0.8341524279447953,-0.4051683817487111,0.08801129890416014,-0.6027783094148776,-0.35082054982107774,-0.2646708915036043,-0.6961706497034705,-0.2396199703341884,-0.17038085547187173,-0.829301870057573,-0.4041417668676189,-0.059776921849890224,-0.6318990302208136,-0.39827569930835477,-0.009720858368311455,-0.47644742551831776,-0.35189299219818415
U,0.0,0.0,0.0,0.2428218820039778,-0.16699964456290892,-0.12392034329843302,0.3954331587233748,-0.4595641158427239,-0.18828227709286896,0.33543431741708835,-0.6872070701504206,-0.257443693207619,0.19081988437210826,-0.8475188421763918,-0.319640972267819,0.2603951021862331,-0.9789751299865351,-0.09721149414010653,0.3089859198436775,-1.3647482046979018,-0.21502112185343758,0.32171392355531025,-1.609118278810991,-0.2864280611931966,0.3217602403852241,-1.8308512254575835,-0.32847325452206294,0.08379369116161442,-0.9881656982109369,-0.12848023272396264,0.12913489226204197,-1.4569394247434662,-0.26760718760385654,0.17423766582689595,-1.7447584541370127,-0.3401428641214355,0.2001885789916391,-1.9909093954833628,-0.36988863318463305,-0.09074270334129969,-0.8821309033555154,-0.17708044763972472,-0.04007318239014193,-1.152561087270896,-0.38651171368685716,0.04900370194637658,-0.8342137129117214,-0.400131787476991,0.08949343826722111,-0.6012303388534026,-0.34583356109700014,-0.2580795582290631,-0.6940577954383615,-0.2342679714266747,-0.16673870327917595,-0.8332272735320146,-0.39947179744559563,-0.056330786407928116,-0.6359344386153098,-0.3942520791553701,-0.005097826675741424,-0.47911636391384577,-0.34842308844311437
U,0.0,0.0,0.0,0.24353147041485976,-0.19094630342007368,-0.10629454220757219,0.3895181473438837,-0.5063125698142644,-0.15504424178084858,0.3150808437926785,-0.7342217074123087,-0.20979323091821642,0.1803197770529193,-0.893460191360269,-0.2595886450174412,0.2516697594644334,-0.9849923856819783,-0.07269879645596121,0.29661713909917714,-1.3574168568196197,-0.17250484291125145,0.30766764960737225,-1.5908115739058775,-0.23367449950127314,0.30766461319671784,-1.8028353243107478,-0.27166632264317087,0.07782492570461505,-0.9915269438375938,-0.10400769482664356,0.12723704356556786,-1.4272053144452714,-0.22552328040299627,0.17459239806292812,-1.6889881432352025,-0.2896834472396784,0.20449911994854825,-1.914703271708076,-0.31818223611170404,-0.0951531646339088,-0.8898832996094024,-0.15128848013901652,-0.05245713167885947,-1.1918052505491687,-0.34642232279597596,0.03404960058246425,-0.8705788128057016,-0.35595989108877907,0.07606269417449794,-0.6319997281681452,-0.3043495384311614,-0.26169143282923407,-0.7002825309639756,-0.20496912083934976,-0.18893194859195406,-0.8702462246253578,-0.3671745955031101,-0.07642807558990905,-0.6717870315368256,-0.36338854566500056,-0.021756084766052012,-0.5059427349965603,-0.3206967130780231
U,0.0,0.0,0.0,0.24422373459773314,-0.1862933547468075,-0.10754472535860245,0.3896286945324071,-0.5037957361063714,-0.15636270009674458,0.3114949526597704,-0.7310645174698213,-0.21093991817733582,0.1765988038459591,-0.8869548295442126,-0.2600733578183149,0.2531567318206211,-0.9850097147865999,-0.07398987082355571,0.30197416070584693,-1.3651951030906848,-0.17363860215153512,0.3142216783902996,-1.6007717150626042,-0.23307402543512964,0.31386695016025346,-1.81098957463254,-0.2685837125529708,0.07955834181855344,-0.9913300314556954,-0.10457169302030109,0.13115967135372333,-1.4358535543004343,-0.22618498080430607,0.1763958988921566,-1.7055940593722814,-0.28955977380753717,0.2034823900223894,-1.9327905342657077,-0.316098939488061,-0.09263809478649536,-0.8911484016975263,-0.15125181577052815,-0.0498420075033007,-1.18662818212526,-0.3447954174476773,0.03607981144749449,-0.8693587657126545,-0.3542965079195998,0.07753518241432242,-0.6325487800350638,-0.30188784922702677,-0.2583156258149607,-0.7056721506835992,-0.20455723463899403,-0.18407734423783625,-0.8730894545929793,-0.3630463778362093,-0.07467267894443687,-0.6746750169302297,-0.3574146228853417,-0.02324409281588262,-0.5097634571800704,-0.3132832778149429
U,0.0,0.0,0.0,0.23915274071906525,-0.19278947606037808,-0.10203032958365628,0.3703029962427804,-0.5184349928392757,-0.14507966540431774,0.29700633631661016,-0.7602545495982548,-0.1932095069847983,0.17300159201486529,-0.9338368277537397,-0.2357531012405353,0.25643190128650845,-0.979730846850879,-0.070281604454497,0.29932300039594084,-1.3672620534057602,-0.163581107920395,0.30760115885807254,-1.6024719153111942,-0.2162841673660042,0.3028842764740865,-1.8086984204409888,-0.24493554810805607,0.08806877439020525,-0.9915479513409755,-0.09527093559381923,0.13156414772143427,-1.4509182840771209,-0.2072044203830302,0.16496602386314946,-1.7232554712474075,-0.2622149183473319,0.1820033279715911,-1.948746309856502,-0.28213306101889996,-0.08396235154707998,-0.9032784161709748,-0.1351699455761518,-0.04160853650890153,-1.208058126012529,-0.31468474408805874,0.03709566481811742,-0.9153982867874677,-0.3232124906580222,0.07370153623508394,-0.6858709508914482,-0.27204805553860983,-0.25092230212110056,-0.7350782042886675,-0.18116633694559933,-0.1837285078109189,-0.9042879860453505,-0.3252089072219065,-0.0886646617386945,-0.7107963190173122,-0.31682586042547434,-0.04864082494122217,-0.5419928812723717,-0.2721245333395815
U,0.0,0.0,0.0,0.2361977071511045,-0.197599895992271,-0.098863184681288,0.3611344776926402,-0.5239581041363316,-0.13919729431856684,0.28716727093652844,-0.7650299604889704,-0.18502768482944285,0.16410812191627486,-0.941297428246252,-0.22545146904006091,0.2506536228084303,-0.9818028157294627,-0.06320089840330907,0.2938214267066013,-1.3639282787966371,-0.15231367517104866,0.30330693979160794,-1.5950313652059442,-0.20375157078178707,0.2986525289708205,-1.7981924856036102,-0.23232054528548773,0.08355944691927916,-0.9925723006016841,-0.08841972013541073,0.1273231000300665,-1.4441445183215211,-0.19530116110460882,0.16070689018301687,-1.7117398864958793,-0.24829651009428155,0.17580693884396206,-1.9313585527674841,-0.26788475183995825,-0.08705106674719136,-0.9028708622030148,-0.12874534606971505,-0.049266538966098464,-1.2081892774961691,-0.30296894838539007,0.031797547170866504,-0.9217463681617598,-0.3110765667122885,0.07008732659577403,-0.6965396647938775,-0.2614621435556987,-0.25246028496224054,-0.7319722168466326,-0.17505424099419445,-0.1876756393052868,-0.9106237098768222,-0.3153336574437702,-0.09317582897794804,-0.7206216506891949,-0.3061911320910566,-0.053576783762512986,-0.5522310393010517,-0.26224541976180726
U,0.0,0.0,0.0,0.2410969290755139,-0.2005579015824598,-0.10133008397583992,0.36371232080411625,-0.5324130202630825,-0.14188559586360963,0.28226232383037037,-0.7755734326221488,-0.18779967517252796,0.15880916191536812,-0.9510613845740447,-0.2280699984219489,0.24693790181072134,-0.9813514499296824,-0.06549834129744736,0.2920425966768119,-1.3705708316746206,-0.15651708898086175,0.2994911853363646,-1.6046869076841523,-0.21004628311274373,0.29349656135270286,-1.8116768624596669,-0.24046644868927095,0.0805423949440829,-0.9927405043306299,-0.08932644444977109,0.1233825883070915,-1.4438330185341812,-0.19812107857527164,0.15757401781055186,-1.717605210173235,-0.2539738769577014,0.17393967719936748,-1.942920566536816,-0.276808439347606,-0.08756457489758022,-0.9041776201836095,-0.12847241144283023,-0.0552614662544344,-1.2105522754843496,-0.30246427708348306,0.02873744598160131,-0.9255099237207384,-0.3109484486660233,0.07009071912508505,-0.6968429567796662,-0.26272614347719986,-0.25069705907894,-0.7344724654252649,-0.17414703322851086,-0.1877270686391196,-0.9163287847768904,-0.3143157157758998,-0.09223906974107374,-0.729603522277693,-0.3056959602123959,-0.05145080932638893,-0.5596376902288673,-0.2628772780241709
U,0.0,0.0,0.0,0.2392758398386691,-0.19715440428469458,-0.101654145056903,0.36317642012698864,-0.5291889124811745,-0.14201765713616268,0.2802702234832996,-0.7701750649675505,-0.18762954367127818,0.15799540843159274,-0.9440195681254258,-0.2273884928210661,0.2441395910320864,-0.9821416677566084,-0.06427500315529856,0.2891242103775387,-1.369082471026249,-0.1546131711938633,0.2968690283567704,-1.600987660151806,-0.20735895717313313,0.2902699918134956,-1.8057758808710038,-0.23697785172206384,0.07786255734156035,-0.9930684947458752,-0.08804763998764427,0.12126405551381807,-1.4431753143249608,-0.19619872536281338,0.15461753301613135,-1.715463902424737,-0.25135826585725257,0.16883155065076205,-1.9407935462776862,-0.27305070834542033,-0.08966898427415844,-0.9034234779167891,-0.1272886568820784,-0.055809439195426275,-1.2028495628306244,-0.30155067240403266,0.027360134802723098,-0.915836815583219,-0.31038217328468287,0.06706397999215134,-0.688046831485771,-0.2617277042508504,-0.2523847095866048,-0.7325225791166391,-0.17304631892058422,-0.18834359053654623,-0.9084123042540281,-0.3133278146106979,-0.09242397065907308,-0.7214387203901208,-0.3049086543110013,-0.051881952699584385,-0.5539662773089404,-0.26184878482049334
U,0.0,0.0,0.0,0.23973350686829895,-0.1952342977347084,-0.10371046599884856,0.36454196042737586,-0.526083149010098,-0.14549403480568768,0.278413463859097,-0.764474178466489,-0.19225979525980616,0.15400162709622378,-0.9393576371899628,-0.23315963492362404,0.2459235466187372,-0.9829434322918227,-0.06756962764378435,0.2873188771058264,-1.3729981203512078,-0.16004252538379038,0.2949142595246214,-1.6073894679397471,-0.21345256442245455,0.2885807717187209,-1.8134631660975065,-0.24334516730368708,0.07790424812062696,-0.9927363236495407,-0.09168162210363864,0.118764530168704,-1.4475358219202048,-0.20231003125496938,0.15245433062298244,-1.7201686706871622,-0.25875964279920044,0.16727633576442513,-1.9453178649880618,-0.281011221911402,-0.09075394923164776,-0.901577005582591,-0.13143952745875553,-0.055770447973605905,-1.2066265533115992,-0.30898017729665,0.030568204265212524,-0.9178991315718924,-0.318989654939001,0.07301922278546923,-0.6903015009671949,-0.2703410453662793,-0.25453368527808834,-0.7291932146112944,-0.1776784578520394,-0.19094035523522773,-0.9063259473829911,-0.32012672626256283,-0.09318397423368416,-0.7199704865811652,-0.31263356659311226,-0.05125695737138278,-0.5538791982570656,-0.2698865530432345
U,0.0,0.0,0.0,0.24020375095175162,-0.19061836026442497,-0.10481721741259695,0.36738991271221566,-0.5167329819859848,-0.14596716040483226,0.2839425467007469,-0.7534173646736917,-0.19212693366570388,0.1598579044485544,-0.9261399202568458,-0.23223743147977277,0.252960758307897,-0.9831930317913237,-0.06168953209723154,0.29181273862103513,-1.3664958765485937,-0.15252355470643672,0.29758117251038047,-1.5981808155317552,-0.2058622135133559,0.2906862438281865,-1.801004919743059,-0.23567802889017528,0.08531665590214382,-0.9926864706801057,-0.08540865971522336,0.12474386759886429,-1.4417031378326328,-0.1948894415549592,0.15693826580732637,-1.712888465071267,-0.2513738704775982,0.17187317723671036,-1.9355500980423832,-0.27296631098516644,-0.08302543421582302,-0.899664641300309,-0.125402877060978,-0.04711509853803043,-1.1983210850124117,-0.30390854161509673,0.03487902343781358,-0.9061351459417404,-0.3150148077667243,0.07466702738507738,-0.6765382841546246,-0.26602896110949287,-0.24708107483865163,-0.7248908089064527,-0.17198199707601763,-0.18096038017143418,-0.8975830333362689,-0.31656514330892527,-0.08536273592356096,-0.7078368528097829,-0.31002893884409244,-0.045395131248403234,-0.5401146954080274,-0.266991948714724
U,0.0,0.0,0.0,0.24876750461150443,-0.17933063110943478,-0.10957393615323562,0.37654133596759154,-0.5065745193844438,-0.1544990323596085,0.29039494705956675,-0.744470061395612,-0.20486077328413638,0.16325715620360756,-0.9136177387478762,-0.2495841838539797,0.26080687267704566,-0.9806882725439181,-0.07453644132993942,0.3039255211159069,-1.380455491262133,-0.17418176385427303,0.31136137265350633,-1.625417052272905,-0.23467848224907312,0.30552024658665067,-1.840821121813505,-0.2694553260569398,0.0878455797219819,-0.99107069835483,-0.10030964552713124,0.12984506172233318,-1.454336345687519,-0.21814569876744508,0.16319325788502234,-1.7392182761384916,-0.2818861501457545,0.17834504158362516,-1.9771000505843068,-0.30819827964567686,-0.08376775297950603,-0.8949157098188006,-0.14166972395795538,-0.05148197145921497,-1.2172163064606276,-0.32806290590167586,0.02933342697144871,-0.9251562196647708,-0.33891193131775016,0.06982604368911091,-0.6888173584017676,-0.28876425764267666,-0.24999481475038315,-0.7154448807537858,-0.1902099555561193,-0.17682588007844519,-0.8929991806449188,-0.34303710377161195,-0.07782415839189283,-0.7027299561226757,-0.33535228000255135,-0.03398980674650955,-0.5293197984987345,-0.28947373391601416
U,0.0,0.0,0.0,0.24010099668357282,-0.18718959787663497,-0.09774837731391188,0.36378441428473474,-0.49678523792809853,-0.14431287537831808,0.29294718725057106,-0.7196599412769189,-0.19892218045833368,0.17749890581121178,-0.8892362536050196,-0.2494922478173277,0.25499464175360587,-0.9822385713059238,-0.07994227707421057,0.30394121343657104,-1.374553563425009,-0.18435113706101156,0.3176395125540802,-1.6218494794746596,-0.2468291194161945,0.3117193727449114,-1.8420285281784599,-0.2830511285614179,0.08403358883978078,-0.9898716734308316,-0.11442213984169176,0.1303065188504442,-1.4572320045905032,-0.23654218210269276,0.1669568724093793,-1.742428029574747,-0.3006394678047842,0.18237955566809452,-1.9852227080425775,-0.3281992683505112,-0.08970805556662924,-0.8875753125125446,-0.16306673403452251,-0.05753391540826339,-1.1954960976114186,-0.34876595241920927,0.029367174632429514,-0.9085588672520988,-0.35810368411900384,0.07131943573843061,-0.6810724461187582,-0.3080396166075509,-0.25736030947740296,-0.701666828114214,-0.2177815222685965,-0.19668227702236887,-0.8813151138087861,-0.3636009048815578,-0.09458683639752644,-0.7013798287906581,-0.35217445876684983,-0.04823146157394573,-0.5391959295744395,-0.3063595179987242
U,0.0,0.0,0.0,0.23873921697487455,-0.18814497735282615,-0.098972966086267,0.3619828380471202,-0.4988765307382957,-0.1504330227711078,0.30333325750259427,-0.7251113625598056,-0.20969551535376563,0.18235995890977388,-0.8959324434204045,-0.2654074115737254,0.24928163750324422,-0.9819966941652837,-0.09264447864842389,0.3018226270673721,-1.3886783948351846,-0.2043815398464203,0.3201254737740362,-1.639779854309337,-0.27264983511433494,0.3188930844578844,-1.8653737936655725,-0.31181667550261116,0.07668304399546101,-0.9887436765671892,-0.1284743274432209,0.12269401670446412,-1.4768871864000441,-0.25321959082465134,0.16406461533441052,-1.7677312734321893,-0.3185567539816183,0.18186027120717385,-2.0134441299003467,-0.34731398968656424,-0.09818003622295801,-0.8840991716778311,-0.17779963906283508,-0.0658150709367634,-1.2119537043729183,-0.36334409102765386,0.03172501071233292,-0.9373857849149733,-0.37243369170537227,0.07921587186025639,-0.7102093101152165,-0.32344501797153213,-0.2660529075331382,-0.6972834990871252,-0.23344068540233495,-0.19786841025768515,-0.8865993817634996,-0.3782451795282912,-0.09429872892716275,-0.7127545389886895,-0.3645969576396474,-0.049602992609090825,-0.550010162132744,-0.317766710729202
U,0.0,0.0,0.0,0.23693163983231294,-0.16685012386225323,-0.11983907111952127,0.3834775829301198,-0.46850674769106737,-0.18382431554309997,0.326908552386356,-0.7057152262820952,-0.25349517194021465,0.20498553634568534,-0.8826051225001146,-0.3177721940365943,0.2527586164844935,-0.9788430713908222,-0.10574516906576212,0.30369602323692607,-1.3855217769736319,-0.22592785299600915,0.3173889573864229,-1.6317754019569513,-0.29842551674060175,0.31347067161441305,-1.853807896299829,-0.3390189008199464,0.08032701631207198,-0.987598122825485,-0.1348981773115491,0.1320741815718069,-1.4668138240143938,-0.2687777966567597,0.17390571004390018,-1.7581143764156808,-0.3373536807474582,0.19321906701045202,-2.014214377116347,-0.36531187772746965,-0.09287580690569266,-0.8863968064344345,-0.1797840521888353,-0.03721611050293379,-1.218830008169723,-0.3781396136850589,0.04870820734901769,-0.917121387157572,-0.3852262851393529,0.0890934742434748,-0.6807565782803706,-0.33028247485856377,-0.25900927393673695,-0.6985564678236295,-0.23267536100444638,-0.18240498877238598,-0.873273786077006,-0.39019525312683395,-0.07486166019394072,-0.6934120350326943,-0.3787306706005889,-0.024462414012922127,-0.5354419202630836,-0.3287506131747623
U,0.0,0.0,0.0,0.23563070028751001,-0.15224873755655108,-0.12282489099129892,0.40371715782708906,-0.448404899284055,-0.18878831951221525,0.3557864243086051,-0.691316995118116,-0.260628874438562,0.22339110409709487,-0.8741122401382857,-0.32509758278224815,0.27094758493878285,-0.9743053980826293,-0.10197464496919863,0.3272467198492749,-1.374710150831775,-0.221435043766933,0.3417785389938713,-1.6177565912270382,-0.2939877792294525,0.3421420361387104,-1.838111747252785,-0.3366519121634474,0.10122041083448484,-0.9858301497509472,-0.13376600566856758,0.1615726882923212,-1.4529641149375134,-0.2737178588887943,0.21045837362501393,-1.7431046478885772,-0.34857688414705906,0.23525505337508998,-1.9943412266924891,-0.38038275983515685,-0.07196367091136244,-0.8881131542748992,-0.18181744015678988,0.003662159043059804,-1.2090254633311233,-0.3892559990083912,0.08969008222367081,-0.888904482579801,-0.3973743591794665,0.12444937221358633,-0.649634528548769,-0.34155636004459194,-0.2369930676687152,-0.7042186540534325,-0.23844509183619647,-0.1291540211503929,-0.8531676342409155,-0.40463902389852896,-0.023090533699286056,-0.6553220140122652,-0.3974000778473171,0.02014899529733741,-0.49432126109057717,-0.3494889383187639
U,0.0,0.0,0.0,0.2425650155365639,-0.17168574647661428,-0.10500585285689229,0.4019628211089071,-0.47192780264779977,-0.16120402523722158,0.3470599100626579,-0.7059943414741421,-0.22610910875490078,0.22599299587767155,-0.8808613836895333,-0.28370731181883524,0.2699850055136918,-0.9771282860884999,-0.07981539409366617,0.32625771004496823,-1.3782103696906935,-0.1935738954925219,0.3411914368436885,-1.6206044588228212,-0.2621763171478527,0.339121460514938,-1.8412659802318132,-0.3029522899059831,0.10089084875451053,-0.9879089578572537,-0.11771545192959781,0.15756833718665217,-1.4576986915436414,-0.25391656169353627,0.2082013637151177,-1.7417970366709994,-0.3252096721656199,0.2316373391191633,-1.9923430844657959,-0.35518988557458164,-0.06893436083200594,-0.8873583737452557,-0.17130300141128008,0.007085802733489195,-1.196311621658432,-0.3739322586391617,0.09435216933185249,-0.8764174956949922,-0.3810049093699867,0.1225805359859414,-0.6422431600770021,-0.3251572130455593,-0.23159564975222768,-0.6994622132377168,-0.2321085808834256,-0.12067692008334348,-0.8426109924845212,-0.3909991906398182,-0.023082310607875186,-0.6501176859287541,-0.3817379970354699,0.006322391016580202,-0.4975074055955155,-0.33452325044473075
U,0.0,0.0,0.0,0.24427283284038534,-0.16791602662355834,-0.11068286185176192,0.4052807444836398,-0.4636174493612362,-0.16791680784315993,0.35492668717137893,-0.6992581972431648,-0.23326454909049002,0.22942298436110994,-0.8738287303638956,-0.29049407822245105,0.2762340597112294,-0.9756746084032842,-0.07561978226689789,0.33460932952219274,-1.3692054790387778,-0.19008478065618467,0.3526826778760214,-1.6069761075046278,-0.26009686005474725,0.35425738002832496,-1.823585941694837,-0.30225956401697296,0.10928117761642958,-0.9876610595203338,-0.1121751118828853,0.16571899998814027,-1.4481516171015172,-0.25157153829697587,0.21962426122803205,-1.7265122294582556,-0.3242759810464899,0.24689045216280295,-1.9706995147053346,-0.35392666432386427,-0.05774423395965173,-0.8881253580223841,-0.16621865385783843,0.021020139937446967,-1.1885604795100437,-0.3741070136850292,0.10457429813483003,-0.8621893636471486,-0.3833931119519241,0.13121875186973567,-0.629289466689437,-0.32734803525314465,-0.21647926154779426,-0.7009897040230163,-0.22828284551838013,-0.10096074430223785,-0.8337816898369325,-0.39337063836426106,-0.004273366563116683,-0.6386554599483644,-0.3894389238313915,0.026747521945147776,-0.48995240482379077,-0.34491113234392273
U,0.0,0.0,0.0,0.24217810122957875,-0.16605139022353493,-0.10919971468435839,0.40526917794751854,-0.4621222247256277,-0.1672213314681745,0.35596561814001537,-0.69886578360026,-0.23349046369124554,0.23159758324428567,-0.8736820197631546,-0.2917500277048723,0.2742088112226336,-0.9762326226976581,-0.08055930152366425,0.33245391252346346,-1.3745238486543003,-0.19599468986275773,0.34816911098140096,-1.6161548713760436,-0.26572262036644956,0.3474151837594717,-1.835464894540569,-0.30708052782428824,0.10618892055851678,-0.9873452899388674,-0.11778451335447641,0.16644622964929778,-1.4496321293106589,-0.2575493460343957,0.2196622356473078,-1.7317340949543325,-0.3307379655298889,0.2457171196845756,-1.9799964556536391,-0.3606966033971711,-0.062255864472726935,-0.8884869267290598,-0.1715201334388223,0.02168267581890123,-1.1844586584996613,-0.37856490446004903,0.10314836232385488,-0.8599349288707485,-0.38716020026042286,0.126895007220612,-0.6283138713421949,-0.3307050131350273,-0.22126988035399597,-0.702542701197986,-0.23299332942420606,-0.10266502779296457,-0.8337920408221664,-0.395538555368843,-0.006990425773729897,-0.6389719821499636,-0.3889670571724104,0.02159093949460707,-0.49035874391837925,-0.34263932943499764
U,0.0,0.0,0.0,0.24021578240904418,-0.17483197986455234,-0.10058549771498841,0.3966688873770038,-0.4643126570375719,-0.1579604141080359,0.35248874591174745,-0.700198784990864,-0.22596726235387657,0.23330086926926139,-0.8823352185955378,-0.2867249371810462,0.2698447516996565,-0.9765132464737978,-0.0769059851221714,0.32970471654438893,-1.3769128215207784,-0.19170254279500895,0.3461334211185367,-1.6189616258629587,-0.26157538871583735,0.3440616612294291,-1.8424168984031153,-0.30328228785920747,0.10322786431840364,-0.9877823885840233,-0.11674742323281738,0.16513392891642195,-1.448253723289095,-0.2550511758171466,0.22048106541276777,-1.7321814483774807,-0.3271412548586252,0.24645050456389322,-1.9859755877350382,-0.35796475281815016,-0.0646115311490904,-0.8885846459820692,-0.171993856032667,0.011963742248351525,-1.1881552833314797,-0.37248718070603243,0.09908394976886821,-0.8670325005198097,-0.3757651396912099,0.12526923013938573,-0.6347682020449127,-0.31777125887769153,-0.2254010016852478,-0.6991336919686055,-0.2345876122707054,-0.11455938029724187,-0.844005094633466,-0.38915531408596216,-0.015103950715940319,-0.653042166463127,-0.37651335470927855,0.016164898639335238,-0.49990859483501743,-0.3274337063873694
U,0.0,0.0,0.0,0.24263441716149467,-0.16238330510301108,-0.11487164869326949,0.40915297904080733,-0.46243044592887517,-0.17345829341731928,0.3547032229533906,-0.6975700844069331,-0.2387361912514976,0.22798801671004648,-0.8673980099600336,-0.29577729246683954,0.2748724192220955,-0.9769695050419039,-0.0819855465537165,0.3331597218671396,-1.3681167580381528,-0.19747234515808434,0.3485592810748973,-1.608195853695281,-0.26769410496726526,0.34818265261823633,-1.8248091413348972,-0.3096674912945932,0.10370739884579057,-0.9877214278685204,-0.11683816308899966,0.1638257224005437,-1.445095609773544,-0.25681590314416874,0.21830600531882347,-1.7238258940548379,-0.3303873568896161,0.24631589406937207,-1.969538515125868,-0.3604183966829339,-0.06655703094154791,-0.8887237987927339,-0.1690455713061555,0.020860328279797957,-1.1806557104596453,-0.3782669488113527,0.10313916790088302,-0.8527459164018649,-0.38861819471326486,0.12686676067052277,-0.621707866844848,-0.33296265334601044,-0.22594468218247,-0.702580999891046,-0.2294123547986003,-0.10388476856723605,-0.8304024356643794,-0.3944570645971524,-0.008449257472222513,-0.6321231111188589,-0.38991082440984237,0.018113011659135123,-0.48499517257235847,-0.3449143493354537
U,0.0,0.0,0.0,0.21212135560698955,-0.009226677159959526,-0.20181761097784007,0.35316843887266586,-0.19598262049706722,-0.32232343007304615,0.18711269599741545,-0.3002845772470448,-0.43866929204191357,-0.04561942347135425,-0.40693017041504415,-0.5502585429661777,0.28379207069681733,-0.9381988784693508,-0.20381902818306663,0.2874947459400115,-1.418548150131731,-0.36047661163945954,0.2703818475072488,-1.716533113642792,-0.4472591309223237,0.25154530704299916,-1.9823279566800838,-0.4927252203115457,0.10718390212646374,-0.9685246433275118,-0.22465891122379444,0.11746275119933093,-1.494482705443237,-0.407600880437612,0.11176842224641864,-1.8571883652261303,-0.5104319777688207,0.10181164430782928,-2.156739065482542,-0.5449906278476332,-0.04590979429960475,-0.8674018595882768,-0.2660653491180143,-0.0942847594193361,-0.9744071866365864,-0.5377797025924126,-0.05911143146299333,-0.5883223027235247,-0.5866824430265992,-0.023671284316420373,-0.32004549466009186,-0.5318157719772677,-0.18791196108010497,-0.6750628861783528,-0.31926825097091055,-0.20613725206982728,-0.668430267916631,-0.5295775216863369,-0.14466767558479965,-0.3702571894234077,-0.5320608779484792,-0.0902461006818521,-0.15353938881645296,-0.47486324066613683
U,0.0,0.0,0.0,0.21485047817499328,-0.008951928594277517,-0.20255974709657482,0.3569927359735622,-0.1939320371744867,-0.32273594761337726,0.19076774220778986,-0.2956551776074805,-0.43881828412773966,-0.043404257983760054,-0.39842489881958054,-0.5504291476796056,0.2883244212042217,-0.936295358311021,-0.20191709948890102,0.2915224510844545,-1.4177516604713338,-0.35932370701042865,0.2746198620988361,-1.7175113190973117,-0.44641532677157214,0.25567501334761866,-1.9839534588867767,-0.4912002210243934,0.1108160969350414,-0.9687096198472372,-0.222084364770473,0.12058974015399768,-1.4970786109990484,-0.4046923999111793,0.11466447207148782,-1.8618359663023212,-0.5065686699036184,0.10432711645119722,-2.1606818878471703,-0.5395061220219514,-0.042250084788110216,-0.8689193502294419,-0.2633827856515855,-0.09436134391698446,-0.9656966329542697,-0.5350568562140755,-0.059473854104375556,-0.5846484084436677,-0.5863160093538577,-0.023188461336191457,-0.319033871917635,-0.5321546056719012,-0.18559442335184745,-0.6773948680381328,-0.31647455303660504,-0.2052299395636232,-0.6688926717527102,-0.5245353558734482,-0.14518498730761256,-0.37104193015717146,-0.5264432748295225,-0.09107957559753078,-0.15190951334158936,-0.46874145185643057
U,0.0,0.0,0.0,0.21460554658785,-0.013158842064740243,-0.19747080755020133,0.35252230751779734,-0.20402324306671732,-0.3148967910111294,0.1834499193468588,-0.30721545733962374,-0.4296076060942426,-0.047761894852663654,-0.41409769011664416,-0.539599529227196,0.28741827317032564,-0.9387599332838855,-0.19319502032151717,0.2897536004904376,-1.4149154284463679,-0.348975574560424,0.27257114993164255,-1.7134188575043197,-0.43510739964141687,0.2542726533354955,-1.9785116699454914,-0.48113433046059867,0.10921538880133981,-0.9699525712486128,-0.21740287113370146,0.12258918914953892,-1.4951195419923504,-0.401660142408138,0.11898434465764947,-1.8611806683385779,-0.5047147014625623,0.11121613917887802,-2.1623997962613846,-0.5392757100683215,-0.044791858294294606,-0.8668051646252428,-0.2629026952254347,-0.09793106587238208,-0.9908682688368454,-0.5386877330372352,-0.06696059094533433,-0.5920223525383983,-0.5878114251328581,-0.03313959942376908,-0.31520740498028743,-0.5319426026577909,-0.18641511983732634,-0.6697225672545593,-0.31971156540958134,-0.20750343544106384,-0.6602486115402416,-0.536433187790131,-0.14986855992457646,-0.3582835448174429,-0.5428751263207297,-0.09797932785613388,-0.1427881617357154,-0.4875518912611632
U,0.0,0.0,0.0,0.21471698211933124,-0.010135696431269575,-0.20149867125560042,0.3617000106233771,-0.19820809761565172,-0.3217131946242685,0.19690809899948167,-0.30567741941787374,-0.43776072193408455,-0.03788423266980794,-0.40558928141129347,-0.5492720275642363,0.2942536927058641,-0.9326632999726617,-0.20409129955414268,0.30158741388042937,-1.4108995861491898,-0.36164136676027075,0.2857207641035848,-1.7074745424572968,-0.448248989701224,0.26911197861821684,-1.9727170889926884,-0.49367906003592493,0.11480769183435098,-0.9674426892610821,-0.22555229302969634,0.1332334882440927,-1.4867105835899206,-0.4108055082932021,0.13007938675490224,-1.847773799638931,-0.513142244065418,0.1238370590773179,-2.146395934776747,-0.5466471045424056,-0.04081103469769134,-0.8714441762176853,-0.267855116446027,-0.08463017697469966,-0.9687222131215991,-0.5410580897203188,-0.0543759065093154,-0.5760895944759867,-0.5890258922695647,-0.019956259666836666,-0.3038089743247099,-0.532897613738384,-0.1848024739035509,-0.6844249885511438,-0.32205926250514233,-0.20548642814690454,-0.6664016645121846,-0.5312172495528248,-0.14959598319044654,-0.3660678595841511,-0.53348262795244,-0.09567843425454145,-0.15219588151092353,-0.47636859379402413
U,0.0,0.0,0.0,0.21469945869446605,-0.011036766801740394,-0.20081478819736712,0.36380101315267016,-0.1984006780009199,-0.3204910072301366,0.2018377927057145,-0.30257090041318907,-0.4363119261321009,-0.030579988824837614,-0.4006021231284951,-0.5469502284225976,0.30390594364103346,-0.9321690448009444,-0.20319397005121806,0.3095179395558395,-1.4131964028253825,-0.36146914224907895,0.2932225269315778,-1.7111715726999215,-0.4472796970439405,0.274658026218201,-1.97702348459131,-0.49181221006225045,0.12398269185640085,-0.9663123518678827,-0.2255409735449465,0.14076469143140616,-1.490018199830395,-0.4123120054891992,0.14132032380248127,-1.855842630136137,-0.5143839702676786,0.1367802654678863,-2.1590879368931093,-0.5466262498756906,-0.031512448712327355,-0.8695025495725011,-0.2691546475441966,-0.08245865719600688,-0.9575993547506992,-0.5436223778478254,-0.049139239312565065,-0.5603761976014111,-0.5928443825100131,-0.012487513115592225,-0.2873848703747127,-0.5362312488639325,-0.17466381347522086,-0.6832219679525829,-0.32484119065882,-0.19403169777380339,-0.6537382856798382,-0.5337868725807333,-0.13848232918687586,-0.353112940582733,-0.5378485164856426,-0.08638572692082956,-0.1442201323955427,-0.4818212287733359
U,0.0,0.0,0.0,0.21625857068020457,-0.011275406901116863,-0.19873946686684746,0.367520598555539,-0.2023960851857032,-0.3147425373759169,0.19931727972162228,-0.31554883562511393,-0.42663563940641563,-0.033743854227724183,-0.4230872181340717,-0.5326174636208825,0.30903051292854256,-0.9308604230413012,-0.19656626003762115,0.31612035810905226,-1.412408854040205,-0.3518806962659272,0.30160615900008075,-1.7097181132025654,-0.43538655832527823,0.2851847755191019,-1.974232561874371,-0.4782469377667374,0.12994938094920377,-0.9670433335166564,-0.2189528476451298,0.1486587330730631,-1.4880444164267064,-0.4028715021578521,0.15013856101330897,-1.848033376988892,-0.5039680698460078,0.1469642381237117,-2.145532088933125,-0.5353829699516834,-0.024713996740143556,-0.872676863313995,-0.2625579119840215,-0.06913948753748812,-0.9455240288065411,-0.5350670505163576,-0.037987853627917435,-0.5565624379642915,-0.585334578884167,-0.0031998337547972746,-0.2905311804856322,-0.5300051213606042,-0.16647322732847228,-0.690341415073172,-0.31810969966418207,-0.18347018734561119,-0.6480699114367466,-0.5253387094947735,-0.12840251282831602,-0.34982891241865083,-0.5298161135356824,-0.07530649200128563,-0.14324172827028156,-0.47437200543770325
U,0.0,0.0,0.0,0.2071511682808502,-0.002788475759858549,-0.21914852909184074,0.35626651268382736,-0.183052819025515,-0.34412138797750025,0.18964692094828006,-0.30177732248737993,-0.4588733789254544,-0.03268682273195709,-0.442883715229275,-0.566038563012495,0.3079686467909253,-0.9202045683921495,-0.2326556192972104,0.3159829754585433,-1.4065203568960847,-0.39462676398889196,0.3006193741724465,-1.702988482874398,-0.4781435248212016,0.2801532924063314,-1.9699136421829602,-0.5193588773643244,0.12704890617305525,-0.962223086393029,-0.24080138590237354,0.14676788275326053,-1.4839287387293754,-0.4299565347945544,0.14853183961963295,-1.8399980945068852,-0.5298629094193736,0.1441843306869382,-2.14079261968853,-0.5585123968364034,-0.030822196354328497,-0.8739404058601726,-0.27032847048800474,-0.0671312295817996,-0.9072473766792744,-0.5407754943969589,-0.0347089754862496,-0.5318436994372691,-0.5914032968812383,-0.00022752703582619568,-0.2865480467904864,-0.5368939926973787,-0.17476018048256473,-0.7044294782212183,-0.31366308551920097,-0.1830246395282989,-0.6199951411809705,-0.5174501396182621,-0.123503467381971,-0.3323547654701282,-0.5263350952608239,-0.0685558375912374,-0.1463358303206785,-0.4745015986350558
U,0.0,0.0,0.0,0.20500500103101923,-0.01411818219270243,-0.20923689541302878,0.3548164884896945,-0.20251580549002698,-0.32587587449365557,0.18687909846128298,-0.32568214505978293,-0.43344590226445234,-0.03234275183959028,-0.4593544048805578,-0.5326045863995377,0.31094845413353833,-0.9220658607645011,-0.21510659884511785,0.3196112062225924,-1.399713971382043,-0.3752558083241922,0.3078874043616075,-1.6944329258971838,-0.45865405652072205,0.2874914676564839,-1.9606306753357234,-0.4996990667865643,0.13492846257782282,-0.9645438646463517,-0.2268246969786699,0.15401219629292048,-1.4733902285148626,-0.41204699842371884,0.15599669837621047,-1.8253547545222457,-0.510761384414093,0.15074759011857783,-2.1294338467438254,-0.5387164636786493,-0.019011733415554607,-0.8765059675178479,-0.26049567656631195,-0.06502199890626308,-0.8760068049473534,-0.52212212303623,-0.02958925890274454,-0.5195990011953303,-0.5749866392649189,0.009706213220291799,-0.29554710610865037,-0.5241398598256877,-0.16207316810060865,-0.7097279897203498,-0.30801459030876255,-0.1725268412206834,-0.6054194076169198,-0.500594675450839,-0.10750266946587443,-0.3312102668238753,-0.5092022174336592,-0.04673649073424757,-0.16279810938818884,-0.45977485130702445
U,0.0,0.0,0.0,0.2080977010857149,-0.017887117756242937,-0.20674879928619908,0.3593529037868049,-0.212009556263205,-0.3224678232884142,0.18295549969721003,-0.3406378655222841,-0.4297857830288822,-0.04488126221193836,-0.47288006955614886,-0.5288777413694973,0.3170231438484065,-0.9231992063701222,-0.21101441445392294,0.31997921167371013,-1.3976686617849716,-0.3716057509779189,0.3034193181340937,-1.6913492336535738,-0.45670763772208944,0.2778876816092298,-1.9582976249253468,-0.49951024786477954,0.13797554366452858,-0.9645962207000546,-0.22475960571608372,0.1517104007540765,-1.4730292063590469,-0.4104998682576532,0.15226399595299425,-1.826410639532874,-0.5103986090262016,0.14496727895546896,-2.136218454173807,-0.5398826957319776,-0.017504209465744623,-0.8779873495261756,-0.2608007249447324,-0.06340712083810088,-0.8737138477530366,-0.5223692893470655,-0.02368839591882105,-0.5185406964988252,-0.5764750614839501,0.01734825740631388,-0.2997016860667634,-0.5271931723419938,-0.16031219024894325,-0.7140448484961908,-0.3107807393647809,-0.16852681911434184,-0.6132495811691235,-0.5013499778188821,-0.10297661832701861,-0.33982398762176724,-0.5100056137921003,-0.04246464808618752,-0.17528062120617607,-0.4619592269041059
U,0.0,0.0,0.0,0.20821708584740664,-0.022735749769128538,-0.20482994706164961,0.35889210931368404,-0.21558289164207362,-0.31805339008241323,0.1789810289722311,-0.3395823821945777,-0.42278797081581665,-0.04977198926458586,-0.46860219877740505,-0.5186475681419922,0.312275218548014,-0.9265300451334454,-0.20612812117929638,0.31487762783652434,-1.3967524669171032,-0.3653407417429457,0.2991101181925236,-1.689287081522207,-0.4489957185410754,0.27314111683178105,-1.9535809331779346,-0.4905262522901576,0.1301821590485053,-0.9667945579130433,-0.21991109170570075,0.14269739623469943,-1.4706779996349997,-0.40267246855686095,0.14407458579001425,-1.8212852898004093,-0.5004551937195642,0.13655217814881837,-2.127890614809936,-0.5281826396660162,-0.02646433231143757,-0.8775206644833597,-0.25635950624776127,-0.06908388456533077,-0.8553052783074803,-0.5135881162884643,-0.024541450859187113,-0.5087498268559435,-0.5691249063150787,0.018592945980147952,-0.2983481009002884,-0.5216431081830538,-0.16909490913018568,-0.7115300001372951,-0.30685480583464886,-0.16918597275900427,-0.586278680349668,-0.494196047543949,-0.09676929735410846,-0.31851672360938826,-0.5053727282294785,-0.032837209469365074,-0.16369475709827488,-0.459716834698235
U,0.0,0.0,0.0,0.2166433861268192,-0.02305804311093147,-0.19744655291135038,0.3732349397675238,-0.20630419028558863,-0.3066449931784831,0.18791673758539798,-0.3307062130395711,-0.40866193365004094,-0.04351315515684215,-0.47271865537826807,-0.5001016132361179,0.3224814304008416,-0.9160593050650886,-0.19463762515256358,0.32694162845606783,-1.3864979107140545,-0.3540156661993212,0.3165116222391664,-1.6760002894372756,-0.43759725124776855,0.29282589861080927,-1.943819468162857,-0.47980549427368374,0.13732207145008724,-0.9672839494501028,-0.21331762662487208,0.14293073603855,-1.462992415280795,-0.3950422254753765,0.14572647681209086,-1.8086884342916618,-0.49390797598017366,0.13793396754577913,-2.1239990418594146,-0.5229286843024388,-0.022709686917351448,-0.8812504592831917,-0.2550414227704552,-0.044035939200720624,-0.806143984814989,-0.5082525687377508,0.016474940233917067,-0.4756773353407189,-0.5663646656251712,0.06461832563453522,-0.29831498121942823,-0.5228842281779355,-0.1664129605082256,-0.7150896499170928,-0.3110821889355814,-0.14104239971189397,-0.5523119016749957,-0.49182653024078743,-0.048074853037900656,-0.3003771459879625,-0.503805008210052,0.025163065581514973,-0.16808371157832377,-0.46106598902798807
U,0.0,0.0,0.0,0.21680283126412614,-0.025065092936203938,-0.18951723320508257,0.3684488089136951,-0.2141662981227915,-0.294886013805742,0.17741315907718722,-0.3359137401749223,-0.3940242122653278,-0.047143162421200674,-0.479237889423962,-0.48325232239216787,0.33223067116867794,-0.902557064219879,-0.19134008496323884,0.3241210505505916,-1.3760962632090104,-0.3497301936303298,0.3042642637622155,-1.6669029076593942,-0.4324942250723747,0.2724531388014209,-1.9369063407691396,-0.47334905754174794,0.14444642324987594,-0.9672620069090344,-0.20866106680601634,0.1415920422521464,-1.4619614540630852,-0.38962047273830946,0.1394105422200084,-1.8058780563134316,-0.48651691805429714,0.1274112848871867,-2.117073769531409,-0.513329879979778,-0.017114703691654565,-0.8994131258540795,-0.24782533746608892,-0.041768272660577074,-0.808751757113096,-0.4926492898897919,0.015265968022682975,-0.48171791051312934,-0.550086795860618,0.06050127471402263,-0.2976873332405777,-0.5082686689749297,-0.1640601832802858,-0.755310444968455,-0.30146347308431276,-0.14761473479239656,-0.5633938357237702,-0.47629373008051223,-0.05978327315681527,-0.3077339163987415,-0.4915020384185969,0.014296983174612827,-0.1730950781733145,-0.4518355997455862
U,0.0,0.0,0.0,0.20958166042021625,-0.016490785790563834,-0.20311846237165443,0.36455208839836706,-0.20531351095402725,-0.3136824822885033,0.18362178349681857,-0.34370189631627857,-0.41636658492551104,-0.04806166234248566,-0.487490175179449,-0.5105200174627079,0.3386386368904785,-0.9072111987581226,-0.18985430522482524,0.3489649045791942,-1.3773530130897054,-0.3394380774211251,0.3367936749380871,-1.6675925565597376,-0.4217362919438137,0.3164551586801512,-1.9348163516023533,-0.46222712467087285,0.16059348227465048,-0.9668110712349659,-0.19871106156527665,0.18051885218469677,-1.4628050674810076,-0.3728412136926542,0.179715672571317,-1.81848870601286,-0.4706297263766129,0.17267903411031152,-2.127799431597712,-0.499658861242085,0.00184316869599839,-0.9019772810989166,-0.2297840354983981,-0.06409048536112666,-0.8745059879122363,-0.47757480913621725,-0.03743243394869829,-0.5273700056032511,-0.529184628503079,-0.0012077581807247437,-0.30701027650862367,-0.47930330904841506,-0.15524041269066122,-0.7628261640174845,-0.2748521800750773,-0.19823393396494354,-0.694896814845596,-0.44792919257295377,-0.14472176844111242,-0.4197447344132041,-0.4441216609363928,-0.08542525517076155,-0.2339898724368427,-0.3885962164226107
U,0.0,0.0,0.0,0.20555430519872286,-0.025504794920259956,-0.20004285055517942,0.34855515926297187,-0.20297754080575464,-0.3155113260082059,0.18581088966759343,-0.3467280740089017,-0.4243753765701667,-0.0386392951412868,-0.48890975785931934,-0.526316673245614,0.32658331807466223,-0.9174413904227873,-0.19401156753655466,0.34090132589674077,-1.3743275408861912,-0.33798660942264713,0.32513382062464297,-1.6586129765058162,-0.4204699388984261,0.3059829441039256,-1.9203462026799563,-0.4628852102314579,0.1498562271273986,-0.9673452084409943,-0.20441711987353423,0.17243160026452786,-1.4560256850135282,-0.376016213625069,0.17150956755559768,-1.8099206641079497,-0.47475346135966934,0.16703014145700762,-2.111008609780987,-0.50804425028514,-0.009026969154812386,-0.8926682148140416,-0.2349098256382541,-0.06644554023814826,-0.9257139691793841,-0.4800908764858422,-0.04595018808969775,-0.5690616274181567,-0.5228589033602723,-0.017954216654070904,-0.32843425407902727,-0.46858122089755805,-0.1664075681684464,-0.739805909788367,-0.2782062496905131,-0.19930158072327084,-0.7791323617313592,-0.4450648227873749,-0.15525640996885365,-0.5124228679031038,-0.4268293046915546,-0.1073071756599968,-0.3100130338451086,-0.3624819924963225
U,0.0,0.0,0.0,0.20450826522196183,-0.023625150759346965,-0.2031078250896915,0.3485666399599838,-0.20487748792445964,-0.31978228493333494,0.19593283982921572,-0.3440947574489447,-0.4296880012268924,-0.0240947494450112,-0.4784231376897051,-0.5339401359348604,0.3264854935712203,-0.9222398154470232,-0.19835240250303637,0.3445420830669855,-1.3758169046661988,-0.3430449096283572,0.331214448492715,-1.6633847751101478,-0.4276600237018921,0.3170282705629154,-1.9236034771358073,-0.47207252054303045,0.1479992359187613,-0.967035762280551,-0.20721501064820694,0.17593260629577337,-1.458132569805715,-0.37958716405917087,0.18320863858483133,-1.813471399754112,-0.48124696389983423,0.18778217262916508,-2.113712645675798,-0.5186515392769413,-0.016243640286609726,-0.8935169776598869,-0.23596056303954951,-0.05438514022048259,-0.9664170223491263,-0.48520156177426205,-0.034555928523461635,-0.607425998025929,-0.5316869747526101,-0.014659308908126566,-0.35399224148996494,-0.48052887823726975,-0.17965358225825662,-0.7451002443722369,-0.2772340781940127,-0.19659259360322456,-0.8114251225082519,-0.45219635878936715,-0.15378208960388312,-0.547212574911912,-0.43979094695779575,-0.11567071227688425,-0.3390620253584537,-0.3796303119952387
U,0.0,0.0,0.0,0.2135835324965196,-0.013730763639083952,-0.2126133459491217,0.3646957517083021,-0.1740011132544209,-0.33611192188097655,0.21577752566029712,-0.315405417378455,-0.45241849579956134,-0.009072832635776372,-0.45648752947013926,-0.5648401126278301,0.34118097787309226,-0.9106106681475986,-0.215435766953638,0.36066666909737255,-1.37244583330946,-0.36156660147484526,0.35293475299426574,-1.6623036786584295,-0.44838748359875746,0.3428203376396583,-1.9281714773431424,-0.4964555959115381,0.15993846015695207,-0.9620291916788422,-0.22117758322302158,0.1896582013080483,-1.4613101758486202,-0.3980650165927972,0.1974309851351602,-1.8233284484379664,-0.5050773003300286,0.20291280153814356,-2.1281042004887043,-0.549049783919547,-0.004919365692947677,-0.8887692940234045,-0.2461174828720833,-0.04377091566264598,-0.990355373127364,-0.4987168278609365,-0.03073510123830177,-0.6247129349407172,-0.5480564409475742,-0.015296403177117869,-0.3603816835159329,-0.5006910951623575,-0.17267563344074602,-0.7343106712028981,-0.2838683255101345,-0.188143621686689,-0.8365773512891984,-0.46508204780815005,-0.14813313035246956,-0.5703101769771625,-0.4555558110285694,-0.11160995216446372,-0.34511081029715235,-0.3982942172362033
U,0.0,0.0,0.0,0.21508036524364574,-0.009897026789212223,-0.20791206096457474,0.368507022530274,-0.16667129471082362,-0.3318912289082879,0.224661169189004,-0.3022495746528648,-0.45032113881443203,0.0010890588725754576,-0.43925676441921985,-0.5653174170053261,0.34331571840833736,-0.9085332368065696,-0.21144072197622268,0.3657067963946147,-1.3704922810829951,-0.3596042182315832,0.3595163305793306,-1.6594953477531238,-0.4472516014741144,0.35202838628984007,-1.9241886356263058,-0.4956741597185206,0.16214759500589054,-0.9614771319451204,-0.22196820083154006,0.1968440931279551,-1.4568781202653942,-0.3979188442112958,0.20942625747733937,-1.8146057046274202,-0.5033524087269307,0.21787566885682916,-2.1173325670595515,-0.5461522648984269,-0.005685218108354271,-0.8914276681036009,-0.2520568241143331,-0.042141222664216396,-1.0039772064978323,-0.5062550725553142,-0.030761630555702617,-0.6308269654169096,-0.5544115192346715,-0.01640115573666274,-0.36206806778040485,-0.5060749082326951,-0.1762716902956361,-0.7385378611181979,-0.2947974131152191,-0.19154037051148565,-0.8266462878158249,-0.479723759364979,-0.15228837318929347,-0.5565988706960199,-0.4725201891989232,-0.11628071198053935,-0.3346061024907698,-0.4162058921463257
U,0.0,0.0,0.0,0.21514581289793272,-0.010273121152091464,-0.21373631468039514,0.3656365650809186,-0.16548182250199234,-0.34183585182988324,0.2204117013792303,-0.28780290190169805,-0.4643877010192696,-0.005648932246508766,-0.41487957289146693,-0.5863538943718671,0.3415290136302816,-0.9156874119241746,-0.2242550007740477,0.3607423584785801,-1.3920720366664594,-0.3691875429022723,0.35418892128739543,-1.68407834248637,-0.4584922158410909,0.34319664213505324,-1.9555078771077332,-0.5101104506723878,0.15447264871878832,-0.9596685820128716,-0.23489234447977625,0.18495826911628446,-1.47785002951214,-0.41462204644112594,0.19776963565708897,-1.8456681755524673,-0.5283282472874774,0.20397243515863353,-2.161095577295368,-0.5797543180425979,-0.013039098260900394,-0.8873271558488922,-0.2638703413706332,-0.0518481401296323,-1.0337468947882549,-0.5215874377721444,-0.03727666920986541,-0.6482708955270433,-0.5732848106111623,-0.022490409240428895,-0.37336561170265464,-0.5279448083262227,-0.18633404534289413,-0.7343358994993524,-0.30479148379436727,-0.2066792316599208,-0.9157016389817423,-0.4851355427051687,-0.16807914969921614,-0.6420744191621955,-0.46911602408232783,-0.1330062912262093,-0.3974241588438913,-0.41007748953831863
U,0.0,0.0,0.0,0.21549946097915093,-0.005855476962057549,-0.21849404081517362,0.3618721371650517,-0.15597375868827007,-0.3475190502170158,0.22375600011488625,-0.2709009998578573,-0.4703778752973867,-0.008152252675478332,-0.40369427286395704,-0.5926525131548238,0.3370588856696357,-0.91502562903058,-0.22726607564155307,0.3560294239158719,-1.3890875372552285,-0.37531025402513074,0.35191594640285095,-1.6824801780739,-0.4686266741018569,0.3427334938941698,-1.9588899568323914,-0.5234769492108082,0.15016527989378567,-0.9605370714122201,-0.23413441258656673,0.1788374272492423,-1.4795182451070872,-0.421718495651699,0.18993097366671258,-1.8513573578770037,-0.5439926882633379,0.19448930120375196,-2.1681172897260104,-0.6018801333761304,-0.014651851892064346,-0.8898029492879692,-0.25917699040386183,-0.06622843253489342,-1.0417241796657974,-0.5201878195570199,-0.0498710913492335,-0.6536051984790835,-0.5772586838761682,-0.02802683777879999,-0.37472400871082084,-0.5356014375378114,-0.18739129163457177,-0.741014864119342,-0.29628444308297536,-0.21712955531760814,-0.9310984086795235,-0.47675715920498557,-0.17868584579088012,-0.660251629865519,-0.46437437884335153,-0.1389883240968119,-0.415374950073804,-0.409059366064735
U,0.0,0.0,0.0,0.22075144012080278,-0.016786256634590612,-0.20043295593738442,0.36646036634747875,-0.1621464093818045,-0.32564209547099987,0.21975073984217727,-0.2862913237906758,-0.44703685005531923,-0.017085976178825995,-0.399406558971685,-0.5674530767397356,0.34423795261106077,-0.9219912773967927,-0.2187600702583498,0.36329187456331313,-1.3901150415308572,-0.36786370049148953,0.36121983633933563,-1.6790492932436791,-0.4692331180442614,0.3519982851639311,-1.9579598638322693,-0.5339671927201647,0.15418485758663406,-0.9602682592699592,-0.232619646482475,0.18770763016549535,-1.4761390636884533,-0.417001567001403,0.19852470963808483,-1.843793402819351,-0.5445346367163854,0.2028998301209578,-2.1634245280104922,-0.612765766434603,-0.012989482048040894,-0.885882479460648,-0.261688591539392,-0.05720807277161116,-1.0749671516958283,-0.5075701419341454,-0.044879249123204006,-0.6921304233965138,-0.5560747221402818,-0.026562509709539092,-0.41058889404597276,-0.5170594785419527,-0.18674892005542393,-0.7341319724635762,-0.30246970322498085,-0.21084048493972166,-0.9205357490307448,-0.4732373907768202,-0.17279072089452538,-0.654322004712633,-0.4577092204189898,-0.13427219744430235,-0.4196681888092197,-0.40415152076424415
U,0.0,0.0,0.0,0.21771854980504113,-0.01828500746517356,-0.20293657120337158,0.36162147422908514,-0.16127122034795313,-0.3291185957135196,0.21918897512034774,-0.28286409804515245,-0.45165301725467083,-0.015049503055386174,-0.4010380113589088,-0.5742549738342267,0.3410780754687568,-0.9187987293987028,-0.2215479775928134,0.3625810355878202,-1.392007599918353,-0.36766033960177835,0.3614227177530831,-1.679206099179684,-0.46552282659383576,0.3524110187264592,-1.9560638686912872,-0.5277941522375931,0.15150911021583166,-0.9600369230707887,-0.23531701141732067,0.18322425063221104,-1.4805577772936025,-0.42182635752381736,0.19828238248379268,-1.8481091955990068,-0.5505468660147146,0.20535240625743573,-2.1692677931050675,-0.6186131637124838,-0.014446369812224608,-0.8836867849163823,-0.26413797514614407,-0.063751115164026,-1.0672356940054473,-0.5121812280124448,-0.05228873996339183,-0.6912658064118563,-0.5657890951942162,-0.035837743907760455,-0.4152384604795631,-0.5294872593274437,-0.19024132497465474,-0.727090803234328,-0.30437395375102894,-0.21927967553490219,-0.9233276707472877,-0.4742758088163495,-0.18495873672199886,-0.6633514546105685,-0.45982816429559603,-0.15052081888794588,-0.427839052341979,-0.40794573767578257
U,0.0,0.0,0.0,0.22462067145319914,-0.022249885121344237,-0.20134004429538432,0.3652033623804952,-0.16134626684654732,-0.3279841629137664,0.21523744512092477,-0.27581435328804377,-0.4513539383183752,-0.02329388968158878,-0.38749652179151445,-0.5739778483179147,0.3418559466412903,-0.9223237636082477,-0.21917162690528386,0.36074344902729877,-1.398911697497843,-0.36707230579815775,0.35959948972962735,-1.6902992748861299,-0.4670997667038593,0.3495260434057722,-1.9719009483263743,-0.5309131777249589,0.1510551676033248,-0.9607548815285026,-0.23266369282611388,0.18084917103310405,-1.4848378762440733,-0.42066581314714585,0.19168144533399276,-1.8573870246532176,-0.5497836266892959,0.19501849437355073,-2.180292479680476,-0.6181988986197012,-0.012764732557808172,-0.880099688699126,-0.26115131050990303,-0.07155083430004165,-1.0645085890004342,-0.5076386579702975,-0.05646634352145784,-0.6847358871804015,-0.5586601298186681,-0.03248755688164235,-0.4085708051391379,-0.5210149972030219,-0.1850808839749167,-0.7192833593953862,-0.3012137902911499,-0.21887494982091382,-0.9079912005782755,-0.4697144604023284,-0.1810709640895246,-0.6432061723999137,-0.45361918473461726,-0.1398835992134585,-0.4093107067753569,-0.40045238258250937
U,0.0,0.0,0.0,0.22896308492923312,-0.024502078709134418,-0.19180302390760615,0.36908119604800443,-0.14619096905976242,-0.3170068240848262,0.22677516134717807,-0.2692873549571536,-0.4391066649441615,-0.01361348151787337,-0.38929365559183055,-0.5592104817874027,0.3542993102280272,-0.9077604337901556,-0.2220337198877745,0.37516051860251587,-1.3958908693050514,-0.3667731594371411,0.38140264996214684,-1.6823682283462986,-0.46573928135840903,0.37173178704692933,-1.970110364158899,-0.5317603404018159,0.16337411070796537,-0.9582025201665295,-0.23485491329093602,0.19403537481248537,-1.491017358889822,-0.431001978973733,0.2091656535734117,-1.8610531297157964,-0.5649897468189786,0.21151927017277225,-2.18296711314123,-0.6389418920958951,-0.00010960006306762459,-0.8810800786914503,-0.25850455811572143,-0.06953218955747935,-1.0809242568465198,-0.4930250226493944,-0.053957443753132696,-0.7039914395835093,-0.5344344029205992,-0.027233228738081823,-0.43068826670753124,-0.49631068733499656,-0.17548233183152975,-0.7160828527119208,-0.2934924637299027,-0.21070114846787724,-0.9069365436608886,-0.4481709481999875,-0.17432844804594846,-0.6463412096763831,-0.42483627923703077,-0.1325800733872972,-0.4113013880380466,-0.3706590883520034
U,0.0,0.0,0.0,0.2389980684330382,-0.03398615994393024,-0.17732083132901613,0.3824397762577314,-0.15110715235178437,-0.29826570322500806,0.23558217327921008,-0.2789145322248987,-0.41745582982061596,-0.006789344985698954,-0.40096319572182487,-0.5325494560437062,0.3688402148277824,-0.908999783430168,-0.21517163532856678,0.39225758994790383,-1.4129724573340918,-0.35941935272446984,0.3993232810723033,-1.697529708790539,-0.4604337502592512,0.3885446778839256,-1.9873676399475135,-0.5296354793306116,0.17503256686923357,-0.9566065769496997,-0.23295376681166896,0.2078331677613314,-1.505387864117599,-0.4361539724924117,0.22729831144899212,-1.8759173626218604,-0.5772319876361939,0.23307388554170225,-2.2019404826369344,-0.6575813333037283,0.008956163620084837,-0.878433131007892,-0.25860192957976436,-0.06088987139048972,-1.0902427129974093,-0.4886470955581163,-0.046412805609438355,-0.7034397984669924,-0.5238052681745309,-0.01584334356774203,-0.4248610157628243,-0.48427036073430757,-0.16846929590332121,-0.7123312404968588,-0.2947718662181532,-0.20460019890047754,-0.8935577137217808,-0.4420177485662104,-0.16552039963457377,-0.6311777917855783,-0.4132093158397624,-0.11927958287108045,-0.4023748287934439,-0.35718813861640525
U,0.0,0.0,0.0,0.23305364813502483,-0.014929969465360552,-0.18982972750694166,0.3772534738420339,-0.14045254382133276,-0.31814213843728056,0.22162165151510252,-0.26010196864827534,-0.44610269462953533,-0.022137495830821644,-0.37109700943919055,-0.572080725815676,0.35133066593295725,-0.9043316199696192,-0.218180481507037,0.3742814847182923,-1.4106096653720666,-0.3685726890209915,0.3826245845854349,-1.697349671133233,-0.46452510344670495,0.3722393237422021,-1.9819910742832916,-0.5258754000537393,0.1611564623662982,-0.9575412922718513,-0.23904658171982474,0.19734048025233905,-1.5032784795259848,-0.43501558557617315,0.21647791705537298,-1.8744733814979242,-0.5574696364968185,0.21940523579418084,-2.1984411226525684,-0.618631693711486,-0.0028592064626814843,-0.8766627432981007,-0.2736519944824375,-0.07403482466216389,-1.071064234170523,-0.5170103408239031,-0.055078383405291476,-0.6711624727312073,-0.5516473951091773,-0.024882209279866778,-0.3902296170114208,-0.5036443378760972,-0.17847378220123433,-0.7002336372973335,-0.31997968591031023,-0.21336316379599876,-0.8445680778129941,-0.4855413625547934,-0.17113787878357642,-0.5761403140412893,-0.46206481157019935,-0.122475430327849,-0.3443804973257403,-0.40296891057217776
U,0.0,0.0,0.0,0.2350689391787196,-0.016819600038218707,-0.18566301347579336,0.38124752222937947,-0.13805335087027437,-0.312487510698596,0.2264148356065212,-0.2524478101444055,-0.439360551550767,-0.01654610487804443,-0.35726399983030577,-0.5636985278141935,0.35513160326308757,-0.9045273120354628,-0.21478136472633566,0.3780040327000694,-1.4154315716695527,-0.3642990649846882,0.3850296472397689,-1.7020497684786324,-0.45929610399354764,0.37557609627629185,-1.9861588963283807,-0.5193786723392019,0.16420379646149813,-0.9575225608236821,-0.23703936116453067,0.20115141222783176,-1.5052770973135836,-0.43204297060985825,0.22108605872418557,-1.875465731511227,-0.5537643219409512,0.22650563157062764,-2.1943439759530388,-0.6133215420197855,-0.00012934901760174657,-0.8784384708012603,-0.27267018379953567,-0.06482358731843607,-1.0598963189429764,-0.5164760703181472,-0.0492105065992637,-0.6544899233505838,-0.5510934912140818,-0.021525790403926454,-0.3701495778405778,-0.5015890049993271,-0.1743098301736869,-0.7038960137173184,-0.31936953272965046,-0.20887762533757653,-0.837196970954119,-0.4842169789621991,-0.16830511659625733,-0.5621645203543064,-0.4587125738339855,-0.12083100731499373,-0.32643464292689184,-0.3970377039825467
U,0.0,0.0,0.0,0.23066603922879234,-0.00045125751568617583,-0.20157675501606534,0.38312738334379154,-0.130006660418535,-0.3334638624937898,0.22510242619320722,-0.23048267141793832,-0.4641713841461652,-0.013562309963785648,-0.3364863330124601,-0.592442298073702,0.35281175715210084,-0.8997146341014366,-0.2199574605652998,0.37852987993769216,-1.4125305016955665,-0.3767547676824961,0.38410913765076843,-1.7060380611530317,-0.46822178098974143,0.37715040542046957,-1.986790840136173,-0.5198664360146454,0.16402306554740081,-0.9569249847326307,-0.23956420342548612,0.2033504323292512,-1.5030965238036627,-0.4352192322333538,0.2241589708694392,-1.8781342882299383,-0.5473189846366415,0.23165449839755112,-2.1980722096541014,-0.5912113971982379,-0.0026851955548439894,-0.8823508706849321,-0.2774106592584587,-0.06702240790495925,-1.0097592955741583,-0.5432797625627018,-0.050992505627797384,-0.6002801800063841,-0.5862394882149072,-0.026037619608381274,-0.31921725037142157,-0.5301528622594814,-0.17680720518922427,-0.7157647193381702,-0.3268050966366207,-0.2063232258190136,-0.7972545935474743,-0.5136846042461228,-0.16021064050267528,-0.5079255852235535,-0.49619964537346944,-0.10907509782353028,-0.26945478211416185,-0.43097515631421346
U,0.0,0.0,0.0,0.20495193745232407,0.01589316700249613,-0.21575073796327052,0.35306899261481345,-0.12667848019406444,-0.3439340578736288,0.21149987928147967,-0.22551123011729207,-0.4658401130028294,0.0007765050981883067,-0.3674007366911131,-0.5820381562888308,0.33660578714838163,-0.8927947692786107,-0.22337778976865139,0.36854202991727164,-1.3912694854573575,-0.38471060998938433,0.37295030034285653,-1.6929375097386048,-0.47150684672290666,0.3686608217166551,-1.9678981575876464,-0.5129979740823938,0.15908806571305747,-0.9594983917962361,-0.23249478163630785,0.19689142734484136,-1.4903844165832163,-0.42363555067925496,0.219105392471358,-1.8624986132118115,-0.5284433405988181,0.23042963631616786,-2.1732934357656557,-0.5598521660229199,-0.002627508374929575,-0.8973084522224198,-0.26274984677680724,-0.08968882211641913,-0.9376382681131049,-0.5376893361035611,-0.07207104550086021,-0.545400517680932,-0.5934089742222215,-0.03937775840637715,-0.27462677396920443,-0.5386400252522958,-0.16604823130338417,-0.7539468192883212,-0.30564214976315185,-0.22013965144824266,-0.7265095625256033,-0.5089901698678704,-0.1716975314146782,-0.4168975900560635,-0.509550072512746,-0.11111371372911302,-0.17612789792581393,-0.4494412193083335
U,0.0,0.0,0.0,0.20609721301247796,0.007272529322980239,-0.20974054348193083,0.35656240112400917,-0.13953920637635972,-0.3358258997913826,0.21035072900177887,-0.24221460751211157,-0.45552461209524164,0.0028578907350014808,-0.37863308123485306,-0.5685746802726228,0.3505750330902959,-0.8906029026456835,-0.22124406128177987,0.3775550775724576,-1.38109557416725,-0.37931671370034886,0.37567698914058256,-1.6782491683283534,-0.46404963592984055,0.3665309949911791,-1.9503280455060708,-0.5047559085837711,0.1711955252071729,-0.9574600364518987,-0.23229802140046138,0.20711973340945225,-1.481198541948066,-0.4174234144456049,0.2254680090789764,-1.8464495018212397,-0.5191119019720192,0.23401976941466596,-2.1532857299036374,-0.5493213338359155,0.007656992167610797,-0.8973726651323651,-0.26371720455383807,-0.06282504831278903,-0.9249930789695965,-0.5313688789983273,-0.03554989718701029,-0.5347485162347666,-0.5869446667851379,-3.8094488396073616e-05,-0.26243865981078485,-0.5343094920656506,-0.15082643241574092,-0.7570432242764015,-0.30797782364223286,-0.19176132225662892,-0.7020412158748388,-0.5085403799026227,-0.1369410416519531,-0.3966229269687034,-0.5127377592909494,-0.076806730685768,-0.16587767534550782,-0.45607788679544264
U,0.0,0.0,0.0,0.20129698460986228,-4.697696124792398e-05,-0.2055569631149494,0.3557223533033544,-0.140461718984871,-0.32784467183488925,0.20839010252257992,-0.23411442439872585,-0.44457163398050065,0.005713547709546325,-0.3608933473531661,-0.5533330777356272,0.34942854939435947,-0.8910785578829871,-0.21737794422467713,0.370545499946739,-1.3849681181219335,-0.3744373242405012,0.3665610269996914,-1.6839260720001112,-0.45433336588067547,0.35366847216930886,-1.954737265421054,-0.4899553100942542,0.16796965325449228,-0.9586144922573093,-0.22987920919436475,0.19763237839680534,-1.4786466306217958,-0.4156781061741575,0.2136830753773487,-1.8479854476798274,-0.5144197723712672,0.21852694445023013,-2.1550239429372966,-0.5392339408254669,0.003802412019979495,-0.8980753024588957,-0.26293977491947224,-0.07155266617887923,-0.8609397121656226,-0.5277115305633273,-0.04418576360193145,-0.48429738895855484,-0.5862330800379286,-0.0061853335006198966,-0.22814492281662913,-0.533395087616283,-0.15391598117163427,-0.7606360368047871,-0.3091584513980682,-0.19938655458280347,-0.6487155436191322,-0.5002794046088529,-0.14504217432440303,-0.3498285592274748,-0.50537201971581,-0.08341001411000222,-0.13436963374423894,-0.4492770923928812
U,0.0,0.0,0.0,0.20777977658693095,0.007877272543759082,-0.20921975000337753,0.37201215118057784,-0.13246400051607132,-0.3281462250390267,0.22203145040236424,-0.23822622948271258,-0.4399098552666849,0.017430441628421355,-0.3730526395998194,-0.5431968983267191,0.3620847882820237,-0.8798642768245524,-0.2162539434627829,0.37901312134996346,-1.3784294261051235,-0.37523581903000996,0.3708865217306435,-1.680309853661222,-0.45341761186644725,0.35435168652890064,-1.9548491391354927,-0.4854541598706499,0.17590309661589656,-0.9583421582632525,-0.2250297942412727,0.19386084367307135,-1.4746802437002464,-0.41170394244172887,0.20257357528053743,-1.8425577716779111,-0.509139063645766,0.19870961521099578,-2.1485158246824856,-0.529852464169485,0.010883827890131145,-0.9086575916410956,-0.2553407377698867,-0.07476530577934017,-0.8065279789171614,-0.5228868000957625,-0.04438204825478873,-0.42766156836471625,-0.5871063529009979,-0.004201171383228061,-0.1731965668824549,-0.5350885867569514,-0.14695717818586818,-0.7853508239368827,-0.2992843300366628,-0.19913186595509969,-0.6241825104454218,-0.49171334643014564,-0.1452318023108989,-0.313727832457077,-0.5021224470339858,-0.08394976746497622,-0.09701200685759329,-0.4481158047010061
U,0.0,0.0,0.0,0.2042325721910135,-0.00666568365847256,-0.2073561789173563,0.36707676252454413,-0.16604642443428533,-0.31942138899788175,0.2206737803645774,-0.2850080144255488,-0.42344021761950523,0.017101131409757296,-0.4180037989602083,-0.517980257695865,0.3447655900467022,-0.8879960591197072,-0.20764125348285511,0.34765691988317227,-1.374643348967007,-0.36652869814742806,0.3329156077142995,-1.6708438171300817,-0.44425618603687295,0.3083036838147183,-1.9415119211374692,-0.4764229538488333,0.16083009743274435,-0.9627839002952816,-0.2172115123375807,0.15932067518945225,-1.4738971406985655,-0.406565903641964,0.16010372290001257,-1.8343327646381333,-0.5035106375397159,0.1497642603548388,-2.1369039764708404,-0.5229789217793902,-0.0012431181735309646,-0.9059097721495974,-0.24915004089904325,-0.09178041551230806,-0.7980168129844424,-0.5241139817635051,-0.059306784393284996,-0.4206889900899992,-0.5912765865496618,-0.017417822723890638,-0.17062617595247068,-0.5391321743346211,-0.15239666959894085,-0.7752339959439324,-0.2941711684664985,-0.20872950903032972,-0.6091895670440777,-0.49501749333807726,-0.1517050173653012,-0.3054945699967882,-0.5112793528546926,-0.08757293094214776,-0.09934089680945352,-0.4604126314471928
U,0.0,0.0,0.0,0.20856701501089,-0.01030763044023948,-0.21040316247472643,0.37169969358438937,-0.18065274103864734,-0.32532739840863134,0.22900343467732406,-0.3120564974158721,-0.43078582792890896,0.019813414590432493,-0.4516239815905406,-0.5264941732116185,0.3447365161187053,-0.8939011932802563,-0.21739311403670333,0.3516114912121541,-1.3765420200995067,-0.3791699869050645,0.3377467638227051,-1.671496216170281,-0.46003483522925886,0.31576204751768727,-1.9401335539706412,-0.4955587779508652,0.16032492132948847,-0.9609314781022174,-0.2256249409816678,0.15975442283833463,-1.4739236017881607,-0.4198890676286987,0.16110992964450788,-1.8368081670974319,-0.5201669304714911,0.15412256854022746,-2.140594727950305,-0.5436112202389884,-0.002886566937776622,-0.8944264583947102,-0.2550171457944891,-0.07786856055802395,-0.8322447133166385,-0.5304693301798434,-0.0461875618291341,-0.46055747385578993,-0.5901165116678937,-0.010761757601028718,-0.20699271416235318,-0.5344867813516126,-0.15566030408204867,-0.7511898897919538,-0.29783163280385144,-0.19495296422006875,-0.6221332873537095,-0.4995324902407594,-0.13769278986632927,-0.3280338426897826,-0.5116035747578723,-0.08102523252715196,-0.12344587033366221,-0.4582765620677784
U,0.0,0.0,0.0,0.20911062758715177,-0.025105117235061744,-0.2013823416911653,0.3566827598305281,-0.2253486246851071,-0.31170314807441835,0.176216688921792,-0.3806001284717218,-0.41461389828973305,-0.043649069354245985,-0.5453895774703729,-0.5087585324379039,0.3553671879931084,-0.907093597823481,-0.19522401982498577,0.3691867179566931,-1.3789739442881266,-0.342749700074328,0.3590708022670518,-1.6695848300142018,-0.42404841928538717,0.3388359086616871,-1.9338357772820027,-0.468013342442768,0.17319427177886274,-0.9626836696122374,-0.20795166862736622,0.19820021240146243,-1.4792033698334517,-0.3837832085332324,0.20430214238652716,-1.832337305979407,-0.4833256088398389,0.20131459510833805,-2.1363357502285325,-0.5187479584340615,0.009600671455974024,-0.8920882948957585,-0.2424600425175998,-0.0028714790315328463,-0.9691285689184856,-0.49259215191767264,0.027859243860613614,-0.6215256057655328,-0.5419156249833422,0.04784303492725469,-0.3987658462790364,-0.49529130664597837,-0.14593759498599654,-0.7459238976167213,-0.2907904406039527,-0.12573954687510233,-0.7394869008293943,-0.47176743405632104,-0.07573299983017477,-0.4821077864525636,-0.47612685861924403,-0.03968447439292737,-0.3132728404551373,-0.43005542026191007
U,0.0,0.0,0.0,0.21126026797057582,-0.032990547224198315,-0.19527343842445444,0.35564850157254796,-0.23754240545996758,-0.300335349852993,0.1627384681276487,-0.393912295760992,-0.39736208089275366,-0.057580016896539715,-0.5554665160812559,-0.4855216827051307,0.35694025626145043,-0.9026049578286427,-0.18774905096713218,0.37447233686172604,-1.37372824344208,-0.3262073776054336,0.36983468867915154,-1.6631326373904052,-0.40208016251756146,0.3559753500330081,-1.927376289966614,-0.4434891969166987,0.1769163930402472,-0.9639456500297965,-0.19876964975131883,0.20662291486635861,-1.4777501512002378,-0.36463201408848117,0.221536371764308,-1.827361447941434,-0.45967808083444534,0.23005872652102416,-2.1291330676423788,-0.4943844595267438,0.014663918967107541,-0.9004943606981722,-0.23024644500245625,0.012501289686295967,-0.9856093194298396,-0.4691833415994005,0.030928441303781043,-0.6407718987128482,-0.5140759727256267,0.04028734320350457,-0.4187746145544036,-0.46771493333391473,-0.1411982398404185,-0.759765197086443,-0.275156190673407,-0.11839104344630084,-0.7599632930236583,-0.4500628542016616,-0.07244065476852847,-0.4992867443496605,-0.4511586768613024,-0.040314883850187944,-0.32008408419688394,-0.40370988028504984
U,0.0,0.0,0.0,0.21706344852994514,-0.037485612700596874,-0.1883846543415178,0.3514088191256278,-0.25394903382394324,-0.290161554369181,0.15432102121497124,-0.4196728337208277,-0.3859381312448448,-0.06285591417394447,-0.5868169864512645,-0.47296576465928925,0.36922203458700553,-0.9062467598369517,-0.1756620755209491,0.39681760131319577,-1.3722599300747347,-0.3081336121643081,0.39150855646348126,-1.6644503048348764,-0.38490464981223405,0.3782361897692534,-1.9293255903394846,-0.43155444908973434,0.18627375685265907,-0.9631258630584846,-0.1941408236714931,0.22696183912633489,-1.4775265510157432,-0.352190982821708,0.25134374466878645,-1.8219528849819573,-0.4504066681600351,0.26586809917655396,-2.124621356136258,-0.4939444388409501,0.017484633699288973,-0.8947111544074717,-0.23281667398295444,0.0391353935526735,-1.0529112467803188,-0.47088765926941967,0.06612396265860848,-0.6963251296602866,-0.5153825090057881,0.06729456586480674,-0.4647656001652933,-0.4728136471091379,-0.14545127707904318,-0.7433082965860129,-0.28400368966274125,-0.09870863161047763,-0.8139483686618918,-0.4657877208294001,-0.05160009901095765,-0.5574788663109498,-0.46803193328274567,-0.03655896697237603,-0.3741657813379055,-0.4234451454465278
U,0.0,0.0,0.0,0.2194837580552194,-0.0425790750358235,-0.18310993982185034,0.3527699612845106,-0.26344513526309093,-0.2799788985796283,0.16099856678996105,-0.4376993507670255,-0.3712883371407565,-0.05301285621863861,-0.5998546728901968,-0.45474234742565384,0.37458928066912245,-0.9058373965944027,-0.1717731678461106,0.4064033634690707,-1.371206650463664,-0.298701866942035,0.40292121633198824,-1.6574961940688824,-0.3749201427858631,0.3901621407316735,-1.9180963812305194,-0.4233597836424975,0.1947208381737552,-0.9616803007994944,-0.19301501038806346,0.2423021642358747,-1.4818315317312314,-0.3452149131904106,0.26279605509001075,-1.8261403701954042,-0.4441365819089063,0.2777207114568347,-2.127016834227425,-0.49228805648914997,0.027794168113616232,-0.8926423222041585,-0.2335212164840503,0.04499562048440733,-1.0937048635723334,-0.46130487421984234,0.06625058584006199,-0.7314308688037918,-0.4996524626749577,0.07256239141810726,-0.4926685044375522,-0.45773011264246,-0.1362533712283019,-0.7336512780980495,-0.2863947128035625,-0.10162073203386207,-0.8567681041460129,-0.4579008796467355,-0.05495327969180024,-0.6062025114260875,-0.45145687206794655,-0.03436258678334435,-0.41671453520883883,-0.4044865968004245
U,0.0,0.0,0.0,0.22838134758226314,-0.05351205589086474,-0.16201702076404975,0.3615935999437596,-0.2580692043937524,-0.24927649444479585,0.1854139498403941,-0.44804057294451055,-0.33436222966036055,-0.027991354607013626,-0.6045262030649029,-0.4133754687719041,0.3965632015788148,-0.8973828731976758,-0.15470498052751067,0.4289317025338275,-1.3680722458795698,-0.27581274801810135,0.42490352738566217,-1.6551988442201315,-0.3553481443598627,0.40759973453589543,-1.9233422135516367,-0.40976153754237227,0.21484866031496072,-0.9594312864259017,-0.18256960258489383,0.269306312422126,-1.4906876611493185,-0.32827830715252254,0.28381931648041725,-1.842751934551918,-0.4308530606565515,0.2935189111505575,-2.149064887071535,-0.48816084039046465,0.0457187580841221,-0.8967714379925709,-0.22629355821639682,0.048920210847970755,-1.163941944667766,-0.43279162607665106,0.06228488584284057,-0.7959780019951693,-0.45938189760619835,0.07080908117098882,-0.5386732387288774,-0.41811477817650416,-0.12697628021831772,-0.7362590058540857,-0.28170931183159353,-0.12349088377163638,-0.919804714150232,-0.43254382513893885,-0.08227491343713983,-0.6787742885022692,-0.4135161165236078,-0.055074972155437774,-0.4762766389465734,-0.36357177132323004
U,0.0,0.0,0.0,0.22828784956427609,-0.04751315429183113,-0.16167372918146491,0.35883977950999685,-0.2461157876262534,-0.2498282581714229,0.18656294000224366,-0.44118360311089583,-0.33553340534905224,-0.0262350249768747,-0.6014677423966754,-0.4135523759958788,0.392918169071467,-0.8955724651815662,-0.1541745745047095,0.42595383806521325,-1.3636620612868287,-0.27980035661450975,0.41854930333338314,-1.6510116707238638,-0.3597257655952561,0.3979354148064494,-1.9178496650211128,-0.4139456264315884,0.212802644790923,-0.9597997623258676,-0.18302855134977206,0.26722719864566913,-1.4871195915288566,-0.3366884414000877,0.28447825240664393,-1.8310834192648184,-0.4390726572156723,0.2965364699938826,-2.129914849468486,-0.4930029059485521,0.042882870495445806,-0.8950329218789216,-0.22795113731949093,0.04800433953916098,-1.1619186892550097,-0.4467894718893836,0.05873300309348241,-0.7840385104413138,-0.47140781687990985,0.06549962097869101,-0.5234897932251991,-0.42461467113344015,-0.1272287760840221,-0.7280020539081031,-0.2838585821658161,-0.11587779505576132,-0.8958786028704537,-0.44923130994257926,-0.08016283630777295,-0.6418650478473759,-0.43254758586683917,-0.059076189292490165,-0.43821289757573495,-0.37974912037009045
U,0.0,0.0,0.0,0.22704142810356293,-0.05076980797637264,-0.1552594429327896,0.35712006621427145,-0.24852052653451304,-0.24014201014189024,0.18761167937845685,-0.44328578537657826,-0.32408372295437105,-0.02807963051568592,-0.6009623959290544,-0.4002774255892487,0.3915752206633737,-0.9004595738707103,-0.14584015638992234,0.4224247757432415,-1.3726946501742159,-0.2691577341395359,0.415317779998461,-1.6581159275664001,-0.3489021757577957,0.3939676901473256,-1.9239774143392152,-0.4038581705424628,0.2104618235717223,-0.9613588503675524,-0.1774682552989217,0.2634624740830738,-1.4961376963363329,-0.3305298549144384,0.2803781259450753,-1.840989251695781,-0.4349489941283354,0.2924334454829148,-2.1417965356921034,-0.49167717225411334,0.04051103789672481,-0.8953841946935946,-0.22471337504033434,0.04564179017357931,-1.1729004005542871,-0.4388987954200201,0.05680449925002112,-0.7951620092796081,-0.46288628550315836,0.06502686743239712,-0.5350023892232815,-0.4176400663004643,-0.13087300282547973,-0.7271374746576483,-0.2827928228213781,-0.12002778571949785,-0.903835672738382,-0.44157584552590995,-0.08530855920391649,-0.6534367578434177,-0.4232479354710998,-0.06438475432696061,-0.4509430940261701,-0.37156447134903725
U,0.0,0.0,0.0,0.22522411788020247,-0.05049719173202708,-0.15596468696042703,0.35735330574131274,-0.24795717851908752,-0.24392963928153172,0.18610692282618924,-0.44072503872178004,-0.3315051853493646,-0.02985496556763846,-0.5964906513913506,-0.4125222501803658,0.39121405114129765,-0.8969996865473693,-0.14940791940279996,0.41994892681188445,-1.3680268517253764,-0.27092893468433676,0.4145269916539688,-1.6517547622709838,-0.3483400052415161,0.3954801157526725,-1.9173538428187638,-0.40227058364408896,0.21115561375918732,-0.9603977470207506,-0.18179514376200206,0.2608908137791316,-1.493604680449044,-0.33299032537822876,0.27444662397417857,-1.8362847113089542,-0.4343375566058593,0.2832247451621662,-2.1350863872121755,-0.48916167894540313,0.041870652154239435,-0.893482098674493,-0.22948808785908315,0.044049090881968796,-1.1726742285171958,-0.44301757269782915,0.05413505314680031,-0.7977249133193616,-0.4648977801655346,0.061664838033724884,-0.5367960826001478,-0.41864424152393875,-0.12890873494703517,-0.7255288967327324,-0.28817024900679195,-0.12630870682749887,-0.9006360895117558,-0.44986956707500136,-0.09056860225910152,-0.6516189092515522,-0.43305611348101625,-0.06601879858841005,-0.4485176363684034,-0.3820085998030419
U,0.0,0.0,0.0,0.226207907039135,-0.050170817881934476,-0.15106120450391108,0.36484685197661954,-0.23444683289389473,-0.24256079225160979,0.20289155919974625,-0.42446595167001866,-0.3358290035273721,-0.016158811997856844,-0.5775464756556609,-0.4249606135797531,0.39246688119317324,-0.8988699321120295,-0.15736691841489467,0.4161690716341705,-1.383188939448096,-0.28363948885359214,0.41305053381255097,-1.6702643920380018,-0.3650088121571697,0.3980491523809608,-1.9408134708775107,-0.4208471308237439,0.21034576988439999,-0.958696344412946,-0.19145750520936164,0.2575370038453446,-1.499291584265472,-0.35335039514107813,0.26536743051427847,-1.8478710087739734,-0.4613956584931103,0.26926922492762084,-2.1468211369349044,-0.5201682479122396,0.04163891224929003,-0.8902711263508803,-0.23801953276547808,0.04203136707290191,-1.1726903105491475,-0.45360052942104745,0.04129002030005331,-0.788912180784081,-0.46859204113891206,0.04875726095159607,-0.5154827985921918,-0.4172940825017999,-0.13214321472764304,-0.7191792985822897,-0.29491305996330364,-0.1388210727582539,-0.9151013813133646,-0.45174443980927753,-0.11477971422390723,-0.6517315225140164,-0.4240796808556422,-0.09018769373066216,-0.42858906104335626,-0.3654072471521522
U,0.0,0.0,0.0,0.21897098521881114,-0.03955594568015867,-0.1704804359012634,0.3647997179888831,-0.20632735890668435,-0.2772872059084333,0.23740799252772035,-0.3661690838817396,-0.38443974543934734,0.021452423030638722,-0.49922604712699,-0.48691191024413744,0.36062974460822034,-0.8984826259265233,-0.17775560088924414,0.3932829384624255,-1.3757796900018626,-0.314668669600438,0.395973165163059,-1.659009372610517,-0.3919839696957957,0.3919689093567723,-1.9233457878041327,-0.4353616915387254,0.17860841070931324,-0.9624285289548381,-0.20452472290097257,0.2205983942604605,-1.488758768683796,-0.38057341681915424,0.22936278491516732,-1.8450334983795413,-0.4782528253978828,0.23373253678508082,-2.1427348731929245,-0.5146790219414817,0.013993570651802574,-0.8923565410363087,-0.24651148579254714,-0.016473868905744187,-1.0514588806500724,-0.4864752668826778,-0.024159338603603413,-0.6662779505235726,-0.5094932720507449,-0.018841444074642028,-0.3944876603340968,-0.44629631876669495,-0.15332223163825057,-0.7218142234288986,-0.2993536281674544,-0.17976384672994813,-0.8424691098299731,-0.46403522371428974,-0.15439500406318668,-0.5726935861925698,-0.4342763292627324,-0.12290554186790965,-0.3475281014665607,-0.3642445019931168
U,0.0,0.0,0.0,0.2149987345897501,-0.03461975805331268,-0.17836874152878457,0.3526681337426858,-0.2105250041494017,-0.2878260218777671,0.21788283977891942,-0.36265302505416686,-0.39660067543287314,0.006548299752381206,-0.49516539883852523,-0.5021445956967958,0.3462011763107324,-0.9016313219020198,-0.18826342255479714,0.37642689413008945,-1.369711380152135,-0.33117873324097113,0.3746806095951235,-1.6566703711145747,-0.41391281396843027,0.3654887330204293,-1.9230875592652377,-0.46146323124916916,0.167974709995507,-0.9625035607037593,-0.21300561596941545,0.20901351417375894,-1.4831978143433933,-0.3914080324293654,0.21948208616477277,-1.841000426957238,-0.4943493385807245,0.2252527261225746,-2.145905652399334,-0.5358337762241157,0.004274019008473799,-0.8912445781473264,-0.25370112056951793,-0.02853492487933052,-1.0652232649122804,-0.5016556671256225,-0.03106936499215683,-0.6786583187813502,-0.531193716773717,-0.023098011956593154,-0.4030069793733334,-0.47234633808819326,-0.16115390861053389,-0.7213194017587665,-0.30524919219479224,-0.18257483045527292,-0.8539841587670565,-0.48239901466669743,-0.1538591448638807,-0.5825913862421276,-0.4602875091553399,-0.1199729254420958,-0.3535695077235311,-0.3946790724438431
U,0.0,0.0,0.0,0.22079593653438664,-0.020946136566947854,-0.2010349496859581,0.375318378072073,-0.17828192093425999,-0.32261233616961804,0.2248741222377712,-0.3217017762505251,-0.4399007749151261,-0.017517744082188747,-0.43602483216724475,-0.5568018918242822,0.3296926974300131,-0.9134880073980579,-0.21257602576092807,0.37429979127722984,-1.393556162501237,-0.35661078309678756,0.382681749787466,-1.6820744892112673,-0.44888646435584517,0.38175420490828904,-1.9605284028095495,-0.5051875231815433,0.14238020585120292,-0.964497857720773,-0.22242247960538672,0.19611560506973372,-1.4917268077996837,-0.4021429612308659,0.21513057036393854,-1.854591143927078,-0.5204291701602297,0.22601721500376873,-2.167762440315215,-0.5787082499363542,-0.021060997016226237,-0.8975921873464249,-0.2476597415346855,-0.06665213094217926,-1.0890269584429098,-0.49311831787497806,-0.07791406512193959,-0.7091305007326751,-0.5409001663510924,-0.07325350642936894,-0.42468642277832475,-0.4989782184738741,-0.19371308273307108,-0.7455815184442006,-0.2839648461219135,-0.22535915419496388,-0.9153997892033564,-0.4536939696214858,-0.207686392796911,-0.6491906687792595,-0.4369117457941876,-0.18128167823769317,-0.40997739561220903,-0.3806904101595054
U,0.0,0.0,0.0,0.22188900827600147,-0.029937148927149604,-0.19365527985989736,0.3736169682555772,-0.20754610727465564,-0.3068541368741286,0.2102623648521066,-0.3497202597270227,-0.4171581204824714,-0.03502240360839234,-0.44470716504765717,-0.5282912725806782,0.32896293800793464,-0.9161997074670961,-0.196316464325161,0.3735335906355327,-1.3842888827057698,-0.337627061114251,0.3808965658680974,-1.6712805994778106,-0.4317423289935251,0.3807528248014943,-1.9478662041621877,-0.49029102020680043,0.1421083280154898,-0.9680022715596099,-0.20682559165653788,0.19545713250967167,-1.4855491006550183,-0.3777282344778826,0.2180126803265624,-1.8440979288913888,-0.4959933180352149,0.2330952529630402,-2.1573956260993765,-0.5562774827164698,-0.023051912829787465,-0.9071594280652144,-0.2331203819382155,-0.06152439458970696,-1.1176103921186848,-0.4732737454733944,-0.07278934492267179,-0.7454731572041087,-0.5237668421016298,-0.07280621548204923,-0.4625213055380152,-0.48502579663925105,-0.19718124516743477,-0.7666994414668157,-0.26986170538768395,-0.2199442130987521,-0.9382704948755174,-0.4399727727864479,-0.19970714822520508,-0.67706742722441,-0.42679062478088003,-0.178004782627928,-0.44259766250168825,-0.3730631347392854
U,0.0,0.0,0.0,0.21893728395216747,-0.03901001304995435,-0.1833262526608523,0.3637684058483252,-0.21429967126101254,-0.29341926935484086,0.20136705586999643,-0.35244275448450935,-0.4025073723728862,-0.036869801637558985,-0.4473818691069219,-0.5117649209935202,0.32414326500391905,-0.9228265650097529,-0.1864045876358595,0.36644157186733667,-1.3928776939304843,-0.3249661612406959,0.37671731924690494,-1.6796620218842166,-0.4178840545448564,0.37582707718106495,-1.953701015144625,-0.4763583778973087,0.13776422774228753,-0.9694431607275101,-0.20298023468610407,0.19151974114434586,-1.4900216264383888,-0.3674032695487683,0.2154154504255322,-1.8475055400887568,-0.4804128244555513,0.22944735178778505,-2.1602286838407068,-0.5387799908480944,-0.026912011794770645,-0.9001737007963665,-0.23530181869195885,-0.0635607656051944,-1.117644164067809,-0.46822240276226734,-0.06970472408523773,-0.7476071736576515,-0.5147502865705916,-0.06715784322662935,-0.46841137369268465,-0.47594736556884076,-0.1995850102525619,-0.7461975423926885,-0.2779223771779815,-0.2240422688482454,-0.915609573037722,-0.44351091476716337,-0.2015679995680412,-0.6588847241957307,-0.4288790125037064,-0.17726171712625532,-0.4284832070190269,-0.37567948562314446
U,0.0,0.0,0.0,0.22589408341421968,-0.03339773712770413,-0.17711630380887772,0.3760104264054266,-0.19068169152776895,-0.2894709491923497,0.22216110177893617,-0.33102016338681384,-0.4019922578134768,-0.01805112211540884,-0.43244781909672125,-0.5147369376334698,0.3430843188741853,-0.9201495390476515,-0.19120767380313097,0.3853953055986543,-1.3925594252758007,-0.33547675227199714,0.3964015342476654,-1.6802415018469312,-0.43664871287699464,0.39346877177157596,-1.963661240666182,-0.503154278265135,0.15554528659128955,-0.9648269204001679,-0.2119308318540784,0.21024489504299465,-1.4952941743344397,-0.38340372928444655,0.23055078754598912,-1.8545525216761636,-0.5044081120268388,0.24001194821225005,-2.1738392789741243,-0.5717397164292669,-0.008065317701542316,-0.8943557983321936,-0.2460873340200136,-0.03920298302654653,-1.1417041196677726,-0.47660690212144086,-0.04517718698856806,-0.7650676354070914,-0.5162656595862843,-0.04090012308359329,-0.47996518816082717,-0.47699974679884427,-0.1805152463026011,-0.736969349906586,-0.29059722992466036,-0.20280799138120223,-0.9158388995136197,-0.452487525012909,-0.1810583468287527,-0.6545590483038416,-0.4323185366465231,-0.15505647648288232,-0.42276233003164315,-0.377763539018213
U,0.0,0.0,0.0,0.231651752174676,-0.05000437583675295,-0.16098249701758932,0.3700921768659557,-0.2000642491507777,-0.26598972635956053,0.20908102776176482,-0.3388755238852669,-0.3721262685842295,-0.03479387561387464,-0.4351646729982833,-0.47731688999227706,0.34148014163884843,-0.9218027087166631,-0.18053800752712207,0.38598779527527805,-1.394297022408939,-0.3197363716022749,0.4004878566680058,-1.6763282854955894,-0.42295882424436837,0.39762194934879114,-1.9595472815462585,-0.4953944661794642,0.15328358080623095,-0.9666693311711785,-0.20507205569820125,0.2052526438204284,-1.4970287171518089,-0.3787750313796544,0.22415469912153668,-1.8540904038309276,-0.5083367723552388,0.2305815654297103,-2.172253251615887,-0.5867442394149746,-0.00847004748110839,-0.8910122216469735,-0.2395255147348598,-0.045545994802579794,-1.1614840265590451,-0.45677654034981063,-0.0494054452260023,-0.7900599838341258,-0.4924277145273337,-0.04013925827450584,-0.5082772526041641,-0.4580394561482195,-0.18461573487705799,-0.7251512927891612,-0.28357647160720567,-0.2139912848990084,-0.9088015320442709,-0.4348867464784228,-0.19101017128386905,-0.6584985937153637,-0.4140518495786855,-0.16043120897622012,-0.43642271944213323,-0.3640185741226252
U,0.0,0.0,0.0,0.2235842736706782,-0.03483985459175286,-0.17317452531984223,0.36625185780196295,-0.19279694171047346,-0.28377547834038425,0.19289009640189528,-0.3131578913089021,-0.3968921095185937,-0.04051230990868741,-0.4067902940789378,-0.5104146289951411,0.33356503123053977,-0.916104371380362,-0.177649889033645,0.37899418665872564,-1.3849043774448997,-0.31718334864333514,0.38895978160952577,-1.6721697657106063,-0.4083534390538484,0.3872910209923962,-1.9447201375365002,-0.4669382972819813,0.14943989105702288,-0.9672406215800659,-0.20521525022832243,0.200834273689469,-1.4945591914363516,-0.3686503126753213,0.21675188588303568,-1.8507694236202512,-0.4786196705276716,0.2233138119405418,-2.1620554144597213,-0.5358996291891497,-0.016908261454022872,-0.8926575703932551,-0.24850165205067373,-0.04421667666620322,-1.132236367588863,-0.482763048338826,-0.048436134070404264,-0.7601236902042229,-0.5231949731855354,-0.04706885413002948,-0.48207944217047505,-0.48174808296406485,-0.19051298829400687,-0.724925307472376,-0.30202912544675076,-0.21816916797395305,-0.88198959689726,-0.47416018323055287,-0.19321506145463876,-0.6295536909572447,-0.4610239528923632,-0.16769429651303072,-0.4110121977723043,-0.4085949367202654
U,0.0,0.0,0.0,0.23621724363974225,-0.05946766909396853,-0.1649571583827758,0.3738840902291675,-0.20739086177201124,-0.27303734802881285,0.2078969787445633,-0.342033810953201,-0.38041989188659375,-0.033492178253357305,-0.4361043201698025,-0.4857155584901311,0.3440503616022396,-0.9273996307898803,-0.19416747757537828,0.3879618247223612,-1.4037039873581407,-0.3354936779206258,0.40045552451930555,-1.6869969515054954,-0.4403070525829088,0.3957241420988043,-1.973534518376656,-0.5135868376160134,0.15447593154244804,-0.9637968500902094,-0.21733112600426846,0.20304556703818066,-1.5042027099422313,-0.3978797789509519,0.2216404297217029,-1.8676226509380063,-0.5343200396213822,0.23031948543062303,-2.188096250286618,-0.6174523914434494,-0.006373867860200931,-0.8830820425208684,-0.2488677945605684,-0.036871178589611656,-1.1431444526642631,-0.46625185189602264,-0.04275046323600157,-0.7764624128191346,-0.5024567604309025,-0.035733148479255586,-0.49937871611062556,-0.46884997766802083,-0.1783654736941381,-0.7173219896935138,-0.29028542445595196,-0.2036984950753857,-0.90472641146678,-0.4349554862707809,-0.178627231371329,-0.6600736894637337,-0.4094800034203377,-0.1502281850393256,-0.44198223640413836,-0.35744396026840003
U,0.0,0.0,0.0,0.23481445720116081,-0.05494911501408106,-0.16647742557638331,0.3700322865370127,-0.20330165980422552,-0.27818383892124204,0.1953618570911622,-0.33679716073172145,-0.3898079993165583,-0.04921400713692447,-0.43021677465142605,-0.5000363019937692,0.3410244787875711,-0.9284791891395846,-0.2004193371120187,0.38573998477885263,-1.4084754291173511,-0.34620959397173234,0.39678349177033245,-1.6966236461663535,-0.45235598917635794,0.39086295702792057,-1.984473739447428,-0.5255713773846336,0.15022151732929837,-0.9625172063635651,-0.22581878395156035,0.2004992371754229,-1.5104961259119476,-0.40755225986547117,0.2183989000426225,-1.8768901380113698,-0.5419550596749029,0.22594080966323804,-2.2014267244130306,-0.6228736068373901,-0.01269399359147712,-0.8816444484855261,-0.26015714532902917,-0.04319133465872798,-1.1484087736457382,-0.48283783688658644,-0.045076096606312364,-0.7773256032938751,-0.5171574976834454,-0.0366854075987565,-0.497082156207981,-0.48050445837197137,-0.18583344252238843,-0.7162683556284677,-0.3043774559984102,-0.20916416847065544,-0.9089920986223068,-0.45304361791350484,-0.18332213711152257,-0.6599895750569359,-0.4252869727564737,-0.15586583610797977,-0.43886167313471247,-0.370371212867702
U,0.0,0.0,0.0,0.23217781743844082,-0.0514573868714722,-0.16734250817461027,0.36203596104514263,-0.20503017736607201,-0.2811206910013618,0.18610418931891864,-0.33572729145451335,-0.39520438365545923,-0.05708471769876595,-0.42904345485905526,-0.5085243017411918,0.3236716677057604,-0.930367520066742,-0.20838537297939674,0.36890662383873346,-1.4093852386947066,-0.3612305068236667,0.3802837680197703,-1.6996340019409033,-0.47094475225729815,0.3745235073343642,-1.9905165699746568,-0.5463007585523344,0.13520528694863285,-0.9624949554000903,-0.23520839953223577,0.1859885721818478,-1.5142651057742682,-0.42253301131159043,0.2009137296940456,-1.8807776986878195,-0.5575585544064208,0.20606615467345718,-2.2105592644453087,-0.6382301133024071,-0.024776593276845532,-0.8790048556690145,-0.27100483824724264,-0.055821585551507534,-1.1575102211355874,-0.5004211523065542,-0.05495585000103133,-0.7788461875171735,-0.53308781920131,-0.04228642064247633,-0.49399760025839745,-0.4942064824430047,-0.19459707397378564,-0.7067649719557108,-0.3164887891181845,-0.2223566291864175,-0.8964077222580953,-0.4711211629148081,-0.1956381256994071,-0.6432543492970086,-0.4438006443780154,-0.16508515299687532,-0.4216773895478434,-0.3883095178768491
U,0.0,0.0,0.0,0.22861508335759578,-0.0512915791245823,-0.17241239003044653,0.3617570629703087,-0.2067985425036075,-0.2846986013681322,0.18068341900305307,-0.3396121656897395,-0.39629895120047637,-0.06304049323234899,-0.43350338550374634,-0.507492081924128,0.3237322459775951,-0.9230086344008078,-0.20539678071121514,0.36770412689079573,-1.4015730038168104,-0.3504369273528679,0.3785019600077997,-1.6893326358386276,-0.4513101298576086,0.3712044280718398,-1.9738578634676824,-0.5199859306612351,0.13605502227024996,-0.9638954623591987,-0.22889859885632446,0.18089217605913618,-1.5115415709693847,-0.4048516115384007,0.19598632593677429,-1.874175827345717,-0.528159670835422,0.20268970317465157,-2.196587061824955,-0.5996191125065125,-0.022805058221018845,-0.8812225452777515,-0.2633835848101585,-0.056295147846339856,-1.1328900624900728,-0.4861262060786589,-0.06042585790037858,-0.7693413733650085,-0.5208700695002242,-0.052754651819197695,-0.4941049973390245,-0.48308849043647195,-0.19272049469130256,-0.7064977166584048,-0.30824797848861857,-0.22703891339993962,-0.8832240121731664,-0.4588300141652436,-0.20119658286224223,-0.6479208216785394,-0.43506929392320826,-0.16884899233054823,-0.43245674323672095,-0.3822833630264709
U,0.0,0.0,0.0,0.225672711526905,-0.03937346905398346,-0.17894345680688056,0.3632612940194922,-0.19965114111211574,-0.29252598888031794,0.17903468479899187,-0.3240310120641216,-0.4058824916665787,-0.06609059068738171,-0.41655513438125996,-0.5199868487366363,0.31976453370288394,-0.9163524862830497,-0.20720711097021854,0.3563143332851247,-1.3858229101341195,-0.3565323123635162,0.3586629000088311,-1.6736642779432058,-0.4580431652396019,0.34810225487322144,-1.9570359212594124,-0.5261829721226525,0.131036678940712,-0.9637185796332151,-0.2325422285132898,0.16676007020588915,-1.5185454182900278,-0.4060045487245977,0.17654163831536565,-1.882153742152686,-0.5270628767307256,0.18342078404886233,-2.205719197275345,-0.5960875102783642,-0.030859007331745673,-0.8839406944152356,-0.271361419314188,-0.06704179053830579,-1.1373681368630564,-0.5057905936753093,-0.07160687366144235,-0.7653002396659621,-0.5485389030952098,-0.06517797180469499,-0.4802029929405003,-0.5124268185185898,-0.1987734240847159,-0.7104884171879275,-0.3206735894030528,-0.24396088595529258,-0.8862424270254373,-0.48665483117152164,-0.21864809167863702,-0.646279344750513,-0.4720045039672671,-0.18540372649368023,-0.4259669019214717,-0.4227832924884413
U,0.0,0.0,0.0,0.23502721471647728,-0.05155846010939553,-0.17001441163566122,0.37743561921514707,-0.20587147032623715,-0.27869990748752826,0.205232601196708,-0.3424309025309589,-0.3856714118935621,-0.04284367533063883,-0.43426398732818455,-0.490804163401543,0.329993955053124,-0.9180343812199236,-0.20490105556675337,0.3673441427755913,-1.3878418206014158,-0.35174583812239385,0.3704441580929494,-1.6703991280168595,-0.4550207542671751,0.3593699346983319,-1.9564251161072401,-0.5263015322851533,0.14128814575868404,-0.9629570616193428,-0.2296766364816281,0.176727332796241,-1.5189721931086422,-0.415026218855147,0.18585091512731844,-1.8854710023508734,-0.5499017710554946,0.19035978687920255,-2.2116439396664007,-0.6296703115349158,-0.018016896358501632,-0.8829730073196294,-0.2634820841674326,-0.0500975695302166,-1.1269358322491656,-0.49185178090178167,-0.056017461707519624,-0.7604716468612214,-0.5310275408504994,-0.050314755525289794,-0.4823929153251607,-0.4951850646010765,-0.18613311921240222,-0.7122209451949062,-0.30709645993643064,-0.22042096473169298,-0.8913897515344948,-0.4582165261815458,-0.19021509457904281,-0.6551968342692801,-0.43464815709526405,-0.15968511760856374,-0.4415428657862535,-0.3821881980525144
U,0.0,0.0,0.0,0.226556968211322,-0.043927978366671595,-0.17334180603231003,0.365828092489409,-0.2028814450048722,-0.2845060554140816,0.18382859804341,-0.3360624653343726,-0.3958198572797682,-0.06277577601974116,-0.41955957991826937,-0.506401165825253,0.3235496750312643,-0.9126830402855901,-0.20168344644509786,0.3585962684121192,-1.3894723006442191,-0.3462836856750874,0.3598769796900973,-1.67802211121865,-0.44022957199536034,0.3449393667347288,-1.9590491628370221,-0.5016785056244967,0.1353514742333027,-0.9643168075303404,-0.2275369709242084,0.17691241838253807,-1.5216639431154402,-0.407680360624801,0.18540582377317452,-1.8918451985460456,-0.5276099697641953,0.1864560787584839,-2.214049797939166,-0.5917075565953022,-0.027247047749035917,-0.8851705642772938,-0.26495007543752913,-0.06199882047705615,-1.1091220711599146,-0.4973405868738658,-0.07045237177471055,-0.7362274494438588,-0.5317004444150238,-0.06633285345362128,-0.4544980690719105,-0.48725426320435317,-0.19904937432941597,-0.7110571984801173,-0.3127312222401294,-0.23626532562651614,-0.8761539742810355,-0.46807896454220366,-0.21130022360639977,-0.6318511740875975,-0.44251226498852325,-0.1813901253643035,-0.4120733870925217,-0.38504069511257083
U,0.0,0.0,0.0,0.20980133633103454,-0.021143685709517437,-0.20050619250449445,0.3537602113741203,-0.18100960078247563,-0.323361853060301,0.19192089878829324,-0.3255604753493929,-0.44117873546602854,-0.02942733843675198,-0.4606091705904476,-0.5561215445294284,0.3282721705520394,-0.9073994287832411,-0.2183607590465484,0.3617002656441802,-1.3817779893982445,-0.3640457156874479,0.35985905932643447,-1.674149892209048,-0.44804646265326076,0.35093625230576475,-1.9444615508074319,-0.49467853446036875,0.14910308553629015,-0.9609068731638664,-0.23329434410203512,0.18940186732003153,-1.506694920084126,-0.40897054807455446,0.19814414457422705,-1.8732736327292254,-0.5130462050722991,0.20116165522827792,-2.1820193880589485,-0.5553094072056586,-0.012853028821944279,-0.8850018997229656,-0.26481545789184185,-0.04283251212369961,-1.0522874895478682,-0.5155471835639135,-0.03946291909995125,-0.6809643954497391,-0.5555495216600838,-0.03338054572195467,-0.41015889422241014,-0.5023092711988549,-0.1749633333577739,-0.7181983145095348,-0.30755380845155256,-0.195195491721815,-0.8602109208297956,-0.4839239915359323,-0.1610363004005265,-0.5951584987944026,-0.4637028326631272,-0.13022460447036877,-0.36722812655367865,-0.3993826910972258
U,0.0,0.0,0.0,0.21149456214530454,-0.024801229237419682,-0.1975514682953233,0.35281565368312734,-0.1932058590763849,-0.3176577251269223,0.18830811589142962,-0.3290555138638003,-0.43405089880977066,-0.035332653050231956,-0.4630854460329977,-0.547567237278454,0.31662643540694135,-0.9134997728337038,-0.20663714997028798,0.3494070599891969,-1.3780983172422379,-0.35137022141726926,0.3474032057835046,-1.6671324968544974,-0.43531690162482367,0.33783798204910315,-1.9329181005247842,-0.4821460989034524,0.1366428143601132,-0.9650257978604219,-0.22372740276417552,0.17838346258702203,-1.5008740404119696,-0.39637348801642863,0.18948857996528648,-1.8627725048484551,-0.4990075858671128,0.1922327884163519,-2.167826819629156,-0.5409176430065914,-0.02546571263145069,-0.8881803054396394,-0.2586717698015882,-0.050557076715658504,-1.052615113217308,-0.5101666863866944,-0.04367736703503584,-0.6740839521851807,-0.5512947241108197,-0.0359232286162415,-0.4014190314389354,-0.49898653244199914,-0.18684291528491634,-0.72076994691257,-0.3049112012613271,-0.20418995606693294,-0.8521303636680517,-0.4845501644886368,-0.16763188570880186,-0.5847881806556767,-0.46840326708926633,-0.13537087339951528,-0.3595701224758942,-0.4071801522365838
U,0.0,0.0,0.0,0.21013840548408988,-0.024566291523446256,-0.19758780129851575,0.34857547591506177,-0.19437734933827303,-0.31734894817289555,0.17476758264396208,-0.3443851413203663,-0.43274591128339573,-0.05515993971921971,-0.48128924580851473,-0.5449355017613284,0.3119599354704365,-0.9085679348284601,-0.20926255425102427,0.3398023440253502,-1.3708546480013648,-0.35412766508460464,0.33533791004597036,-1.6585295145993555,-0.43758182848011035,0.32662352070861905,-1.9242959462207252,-0.48415432912879053,0.13227895791119826,-0.9656334946557256,-0.22372802974347689,0.1721486601143989,-1.489987081241731,-0.3929926452107663,0.18308677706925516,-1.8477050255260452,-0.49249303935220995,0.18770099479925462,-2.149600273586769,-0.5331298587902614,-0.030127708515507265,-0.8927562351865054,-0.25579599890870414,-0.06159361530853716,-1.0545229785926484,-0.5008557052178294,-0.055411498357068135,-0.6804099098813929,-0.5402707381141818,-0.04735010762502392,-0.40541865322267767,-0.48925590512749983,-0.19173071437537043,-0.7278309574326061,-0.29966451254273796,-0.21205797938779597,-0.8395198701096077,-0.4764189010149514,-0.17559485732653735,-0.5785485676668686,-0.4629676859458719,-0.14363090736532344,-0.3595754579499785,-0.4043169554157951
U,0.0,0.0,0.0,0.21901892434317793,-0.03811066334177601,-0.19219186809498065,0.35869047499157214,-0.2132925772465647,-0.30537384149546,0.1937848247167214,-0.38447476356617705,-0.41299708067136154,-0.04404325826001372,-0.5257093377201871,-0.5173103247080576,0.31507071615377036,-0.9110346057594841,-0.2115981764944286,0.3376473544713828,-1.3778687597204762,-0.35545303768631714,0.333545671518293,-1.6641944891085791,-0.4388693994776702,0.31930200999004343,-1.9367012249335434,-0.48701585005868453,0.133444969812553,-0.9654501429242808,-0.2238268562063378,0.1694226528498614,-1.4903467590584067,-0.40365350903175373,0.17599882276957038,-1.844530358846757,-0.5054112471275192,0.1765333337671609,-2.147850499746702,-0.5477071442396436,-0.022894384607490003,-0.890874708913579,-0.2515043546893787,-0.06335518247574615,-1.0636955818914995,-0.49321389897208195,-0.05953823447564497,-0.6870899809624675,-0.5234407442011915,-0.046407317922703625,-0.4170539343397017,-0.46800857471450646,-0.1823787748608689,-0.7182191847558277,-0.2903470614679168,-0.2059355285347846,-0.8626329746229613,-0.45325333484305386,-0.17342929431385518,-0.6004625850086445,-0.42685668110023106,-0.13775601670166387,-0.374085248653638,-0.36242079120031667
U,0.0,0.0,0.0,0.2162555435129477,-0.0452721554586849,-0.19134913800752842,0.35574996520388064,-0.22682883825225222,-0.300619267394034,0.19973480087951123,-0.4233195059025817,-0.40208959666915156,-0.03467181979116879,-0.5792075389565463,-0.49765099678240987,0.3267301857565612,-0.9063671696701368,-0.20560824257593094,0.3520993426257918,-1.3726185262372648,-0.3468836206520793,0.34749508961537806,-1.656372214616873,-0.42624820997066587,0.33194606954609146,-1.9264834629051624,-0.469998486426479,0.14459377658838599,-0.9661326790330714,-0.2137294698357907,0.18247753339565007,-1.496196929937536,-0.4022194514862827,0.18877534612222122,-1.8533203408477024,-0.5045899129544577,0.19104240696332636,-2.154499962069153,-0.5423691050213353,-0.010217482813412624,-0.893617469287904,-0.23612227648075487,-0.056538884648422286,-1.0447939610443422,-0.47749855049368,-0.06340358417217715,-0.6868203172079259,-0.5010721605488041,-0.05254266344466531,-0.4289039439259021,-0.4376926992190603,-0.16923263385685208,-0.7220816875958227,-0.26974720868160296,-0.20320119497546799,-0.8661987462375722,-0.42257468041921786,-0.17880580333043203,-0.6115105539824758,-0.38525744564841524,-0.14356019060573771,-0.3845941731568767,-0.31178527398965955
U,0.0,0.0,0.0,0.20961085598847753,-0.0457052437346906,-0.19858266862628365,0.3462732971114596,-0.24242925219595646,-0.3070341545785052,0.1831189900896096,-0.43629729022562774,-0.40742838504728407,-0.039004323997904114,-0.5965901853915442,-0.5026962836552762,0.3114927815883441,-0.911082746483297,-0.19797010756895253,0.3384971130579874,-1.3586542792659833,-0.33834804554042086,0.3337553004197928,-1.643130194675046,-0.41896835859025033,0.32330067240378296,-1.9073843197163358,-0.46236843035522346,0.1338708932688285,-0.9694869142689233,-0.2053623797016561,0.16943818045037562,-1.4849891884985857,-0.3721935105918694,0.1756437362357376,-1.8389745385909517,-0.46553208418269604,0.17893958752415817,-2.1323490289916793,-0.499016909119254,-0.01935116247354725,-0.8972603626429596,-0.23133689732308743,-0.0662960792745921,-1.025874062654065,-0.47251416037170824,-0.06654502443809733,-0.6764022768825346,-0.5094566703866236,-0.056355665858609474,-0.4235013922195093,-0.4549942801089343,-0.16662681026470172,-0.7345747954605901,-0.26937395956060406,-0.19901892917620198,-0.859339270761666,-0.4386187508182918,-0.17288551710565986,-0.596305482296669,-0.418817553401429,-0.13834160637299525,-0.3697578043801611,-0.35490399205680034
U,0.0,0.0,0.0,0.20365422683095832,-0.0629171892284217,-0.19147689019540123,0.3236678160949163,-0.27138009221367976,-0.2962931983675023,0.1547041781440232,-0.4736667690485416,-0.3928760411412686,-0.06614220273569979,-0.6300656232919459,-0.48402972012602985,0.2942030036940857,-0.9235547474666229,-0.19946259926113943,0.32091031950229093,-1.3765621554185157,-0.33706570044094836,0.3168830035336376,-1.6610944815648772,-0.4161490176398865,0.3051290543257841,-1.9244752061799795,-0.45948464580934856,0.11521247559811591,-0.971553279977614,-0.20690652389737124,0.15059241438759244,-1.4905936224024912,-0.37911371799551075,0.15711011597834681,-1.8441906652535236,-0.4749736401979623,0.1606028221860306,-2.1380570412562623,-0.5104409839021131,-0.037089642910792774,-0.8941882474157421,-0.23058978963356316,-0.08740336339461531,-1.038628674397995,-0.46797135761603526,-0.08481253241299953,-0.6952003668281109,-0.5011894427339088,-0.07201001509399513,-0.44276954376984284,-0.4457930028441759,-0.18641892781599279,-0.7244728205481719,-0.26549646692580847,-0.21457601144352673,-0.8716512561720245,-0.42509325999826264,-0.1889815448983626,-0.6148025824847503,-0.398502605270015,-0.15813657835400605,-0.38689419475528064,-0.3321752669995725
U,0.0,0.0,0.0,0.20136807662150344,-0.05921664046784779,-0.19666221660919184,0.324518332618028,-0.27517045958259123,-0.2997206457133259,0.14799624564018843,-0.47488565386989245,-0.39342437675702724,-0.07482144098993576,-0.6360342343072977,-0.48198984040958587,0.2887651068839841,-0.9206228848869139,-0.1972122725188225,0.31677925713218535,-1.3769403501581843,-0.3320560632465149,0.30987003408737357,-1.6609663807699642,-0.40747767224056924,0.2934465278221658,-1.919912917635289,-0.4462513648318294,0.11001790838176885,-0.973804549358178,-0.19899939568907382,0.14873058241118856,-1.491600089482106,-0.3634000012189633,0.15376072202798313,-1.8444171975139598,-0.4519335862764187,0.15610421917155176,-2.1330363403106434,-0.48028871977925147,-0.043662961008593106,-0.9016744593604133,-0.2186978450420398,-0.10371954360092561,-1.0393728857908398,-0.4540726472147658,-0.10680785156784178,-0.6923162182733993,-0.48789542822740073,-0.09510487577572771,-0.43637227511174387,-0.4309811093854071,-0.19252912954695794,-0.7371374749425048,-0.24963872418355915,-0.2284482104585399,-0.8782967588898563,-0.410299372333743,-0.2030946616910311,-0.6146713955763808,-0.38480432776732054,-0.16909531121795227,-0.38097549270733466,-0.3171125694056652
U,0.0,0.0,0.0,0.19768080580128652,-0.07969306888962167,-0.1861442366178167,0.3002189996621627,-0.30726398361319157,-0.28231280602663505,0.12167967177218919,-0.511888779645943,-0.3701102609051357,-0.09540335237989302,-0.6694583744959188,-0.45178689156776203,0.2672355260708772,-0.9311630543961502,-0.1816139674834403,0.29089368888527545,-1.3911696706733134,-0.3140993792389626,0.2823382152159771,-1.6768208062965462,-0.3892958755679407,0.2644063579002021,-1.940345581186524,-0.4282254504001895,0.09021388802176568,-0.9785972700321944,-0.1849563123916907,0.12267434470793281,-1.5017789139554654,-0.3499835902194925,0.1256514513974749,-1.8547390036108744,-0.43801708911698356,0.12693604926960939,-2.1435434089230787,-0.465641847468401,-0.05854486881096486,-0.9011888480419865,-0.20545622543232417,-0.13803479824184378,-1.0450234890345316,-0.4365567122519578,-0.1324089104529771,-0.7028734714362154,-0.46718252970074164,-0.10862248945479797,-0.4506090162694474,-0.4084741221052927,-0.20206884851405266,-0.7306546164503416,-0.23662764417075813,-0.24947147961232446,-0.8742225649020609,-0.39223690964329444,-0.22096753829154697,-0.6121488547185558,-0.36310967771009384,-0.17963288250932063,-0.3830267455836603,-0.2932035434571725
U,0.0,0.0,0.0,0.19795508717309734,-0.07521620772864576,-0.19661019846196556,0.310609975264676,-0.3128962857597716,-0.29146074066067623,0.1310356676198449,-0.5232297880189323,-0.3761559308049777,-0.07967409798719147,-0.6884092068366492,-0.45297507575649276,0.2723463217622987,-0.929915297053531,-0.17278222667059343,0.2942127392757819,-1.3804474173481422,-0.3036031798305077,0.2900824329365435,-1.6625607414784598,-0.3764039334035617,0.2811924238816354,-1.9204834440058032,-0.412160095222902,0.09872617638040188,-0.9804724152666268,-0.17007934912426326,0.12311294744554872,-1.4961946900019933,-0.32973372438686244,0.1267590366453215,-1.8485968137413755,-0.416626766868562,0.13261326290490064,-2.1355379917873587,-0.44149202808157817,-0.04722152740770135,-0.9041234086002364,-0.18712019158748697,-0.13831734653479724,-1.0062769985512932,-0.4217530924962537,-0.13372315387626002,-0.6767601241303725,-0.4609933889655169,-0.10773425691205336,-0.4343495510407179,-0.404489696753352,-0.18891254924200823,-0.7418783093767344,-0.21563458446456146,-0.24523369359704164,-0.8468998812693489,-0.3769243737648738,-0.215112294946818,-0.5872126926311912,-0.35640504012469604,-0.1721015381102828,-0.3632199336154589,-0.28991855727365745
U,0.0,0.0,0.0,0.20035581472956768,-0.07165000991753917,-0.19726574630962815,0.3109384045026645,-0.3022295325167652,-0.2976668948273754,0.13825955869991252,-0.5116592414944775,-0.38774344235148595,-0.07455848176219347,-0.6784035005994686,-0.4708441512952539,0.2701067994720172,-0.9295196613370091,-0.18853924238434525,0.29472495343317956,-1.383782078656739,-0.32389141763092344,0.2898516692047617,-1.6672318784903646,-0.3991688423261438,0.2792355486426885,-1.9290373964325755,-0.4368497237907845,0.09374803005701374,-0.9779804541641421,-0.18645519068486013,0.12426652266906847,-1.4994012597291972,-0.35765063167790967,0.12609076326723903,-1.856578300594242,-0.44912344014670347,0.12926780171671523,-2.1519209765676908,-0.4765887290550212,-0.05510994470616708,-0.9023924993320965,-0.20212639310549743,-0.13790914506782864,-1.0233519570686627,-0.44009138849819335,-0.13237431240865713,-0.6857403223009357,-0.4738898088191724,-0.10606610440584004,-0.4348569321870268,-0.413920849904116,-0.1994813285836797,-0.7362366487611568,-0.2290180635084785,-0.24894421539234912,-0.8598806115952005,-0.386388830514647,-0.21848260936661834,-0.5966988832950675,-0.35784610675897693,-0.17621065144959197,-0.36469177826761673,-0.28672793321332435
U,0.0,0.0,0.0,0.20406988925087502,-0.07718600024739004,-0.1873462758704813,0.3129163295069086,-0.3018627459353593,-0.2808157632911487,0.1443418127886351,-0.5171128871848555,-0.3642107628730911,-0.07745885428099104,-0.6789601606511803,-0.4406586127652392,0.282164018061231,-0.9279023643471841,-0.182213559609776,0.3117381488816499,-1.3870992775486193,-0.31155353347193365,0.31414320646111027,-1.6651586008827004,-0.3848662673292782,0.30593932432972665,-1.9288355987310601,-0.423079044777432,0.10320191736546332,-0.9780390997819672,-0.18107700999787701,0.13993402206169542,-1.5053034323968237,-0.35173242520115927,0.1464260929631538,-1.8583416721647157,-0.4420811446125153,0.1528433802165926,-2.1547855988293674,-0.4702282024597448,-0.044591827455205395,-0.9050162491803987,-0.1960363845660798,-0.12568773711397352,-1.0453997460878137,-0.4242276597744039,-0.12578918779927134,-0.7026312142630698,-0.452995547505806,-0.10035424493900358,-0.4537674657636963,-0.39275152184405143,-0.1905157878359851,-0.7358158300436878,-0.22163387799461223,-0.2376583753786786,-0.8790985942975139,-0.36545667390824865,-0.21308866193445086,-0.6207995455866419,-0.32971868930823495,-0.171931374965228,-0.38769021893671757,-0.256928015846448
U,0.0,0.0,0.0,0.2039118890223159,-0.0761015182582726,-0.1895465594382855,0.30916527761877355,-0.31567278890406697,-0.28317377576926517,0.1365821833807651,-0.52393564309304,-0.367351479939377,-0.07459390652104544,-0.6868472984551639,-0.44468014359043057,0.27533648499833985,-0.9284481351695514,-0.17698592791165046,0.30815164807471207,-1.3820133762372286,-0.30856572453103,0.3109920216543681,-1.661006136908159,-0.3828656832905069,0.30361939269277755,-1.9213792582047045,-0.42147989836842487,0.10025762238840039,-0.9790796277957733,-0.17706352416100501,0.14272826772573882,-1.4945651859234879,-0.34406760667532926,0.15059045716792732,-1.8433915911637317,-0.43419275455951833,0.15748669466243692,-2.1348952991725265,-0.4623271503861917,-0.04814898939199417,-0.9053929413446048,-0.19477849075644862,-0.12530460547674172,-1.0453139983349455,-0.42801850582797185,-0.12345267690434829,-0.6997873441604716,-0.4601807934312985,-0.09882152704574712,-0.44656855379853094,-0.40128043396188867,-0.19278686020187957,-0.7383875491382429,-0.22347976695603897,-0.23829464532813854,-0.8592714032891061,-0.3812483938567625,-0.20959571215558817,-0.599265284135683,-0.3560900989607376,-0.1676684568431506,-0.3749110489192105,-0.288326801146036
U,0.0,0.0,0.0,0.19941963769861012,-0.058010713942786014,-0.20693855946533768,0.31633196931440666,-0.2746637204668585,-0.3123985206731498,0.14359540394066284,-0.4664328511459644,-0.4060621821847396,-0.06825180683827568,-0.6296529921087165,-0.4937018479078596,0.27702531941823016,-0.9230106645293518,-0.19899881823915558,0.3096222649505071,-1.3595040659416935,-0.3347708645267531,0.30921362299341676,-1.6378430123727719,-0.41253652050004214,0.29990983604853355,-1.893407919150383,-0.45452873434039925,0.10446557391074814,-0.9745623028016248,-0.19828076514249218,0.14305795093188095,-1.4750517375527756,-0.3599156937954051,0.1533873120021908,-1.8213393170482293,-0.4539289549276624,0.16073341667576807,-2.110956365670624,-0.48834371453131614,-0.047416453842475184,-0.8989198791801998,-0.21715243476516544,-0.09677575258639896,-1.0178931876230608,-0.45741384673333013,-0.10287495115871578,-0.6792472316263051,-0.5025831478339703,-0.09729269789289394,-0.4329359293515756,-0.453788850463882,-0.19324738634349245,-0.7401681491830228,-0.2480108800009241,-0.23416488317736678,-0.8429945244939253,-0.42087053884115966,-0.20895515222878142,-0.5876023738443349,-0.41130431001032824,-0.17749737648160327,-0.3693514676416121,-0.3543256438224926
U,0.0,0.0,0.0,0.21063832895123474,-0.051638107351627625,-0.19492663452199996,0.33824829705841636,-0.2513533141925895,-0.2983847413016182,0.17931889860011582,-0.4362157074285389,-0.39357000309141577,-0.042429018729291085,-0.5942978757852281,-0.4836628777238689,0.309878759283187,-0.9217224300678352,-0.1881171525960786,0.34467750646677153,-1.3643318880556106,-0.3237665400893319,0.34355161708955206,-1.6423284141344652,-0.405683667880468,0.3306144323493325,-1.9045604086797654,-0.4531623576735318,0.13137683256676783,-0.9721231654206138,-0.19420782455228042,0.18071635548311968,-1.473938783845136,-0.36036021421530917,0.19369911666407325,-1.820040412249449,-0.46032244487992324,0.20115842927856173,-2.1147852401718095,-0.5020401590958916,-0.025424656716682,-0.895534888031979,-0.2183682078232487,-0.06289775757927045,-1.057175990157022,-0.45403081580614896,-0.07213426771159219,-0.7044718294898613,-0.4929193393686281,-0.06817762749152226,-0.4488258197444868,-0.4438874574272308,-0.18241232859723816,-0.7308575628530587,-0.25386937116864355,-0.2144819736387795,-0.8570929568545345,-0.41733601304248497,-0.19368190730263427,-0.6094006979157607,-0.400695695214162,-0.16393297301821882,-0.39649044958378754,-0.34280401795348087
U,0.0,0.0,0.0,0.2106182080368865,-0.045251264285006795,-0.18953296778401527,0.34343479895799456,-0.22416028728538165,-0.29083134572150143,0.1798269407353361,-0.41048526126869433,-0.3842431977965277,-0.050568195873384215,-0.5681240541533785,-0.4723907935875223,0.3287814344953311,-0.9183437597261614,-0.19002684691152946,0.3637769036929093,-1.3739451784206358,-0.32169380172275497,0.36362311491587057,-1.6606277778138903,-0.40327147740161556,0.34980851078383157,-1.9346377775252634,-0.4520470517773354,0.14734130052708794,-0.9696188832214876,-0.19526843692543247,0.1920237293042878,-1.4885963969275449,-0.36593407572865033,0.20491232662355016,-1.8422081224642675,-0.4694554694752457,0.2153906676494487,-2.143570953614358,-0.5149969294268812,-0.005923516125989747,-0.8935509288189389,-0.21591054774129081,-0.051459438911263575,-1.0527825959434463,-0.44478373398889126,-0.07614171908834173,-0.7020537599610179,-0.48160820145966693,-0.07740274854064105,-0.44500482305479766,-0.43331043639169403,-0.1662002150654151,-0.7273927962178732,-0.24733163160453658,-0.2022245379222805,-0.8767006093410211,-0.3950985235531165,-0.19348785238888183,-0.6315227793231357,-0.3695153464089804,-0.16595099442986333,-0.4078231842790523,-0.308913660640274
U,0.0,0.0,0.0,0.21791670462576287,-0.049614249974145826,-0.18640313795312022,0.3385517318844409,-0.21961925616418002,-0.2863542281789022,0.156855995859019,-0.39640684844610774,-0.3755826986689652,-0.08112168852867632,-0.5461673287899321,-0.45942694663797207,0.3200459966647926,-0.9214795019706584,-0.2113499425877065,0.35594198879361155,-1.387068434723636,-0.3498567169104685,0.35929929545148775,-1.6700131467766228,-0.4431084852465428,0.3455193332128339,-1.9554844088776455,-0.5048403027483286,0.13154162158140578,-0.9672800286632713,-0.21694733909618516,0.17887702057215685,-1.5113942661946003,-0.39504223199705224,0.1940974375928104,-1.865986789700499,-0.5130793573814424,0.20600677727884223,-2.1841058463108234,-0.5771914463416866,-0.02689939363826468,-0.8902372943639524,-0.23439472154092403,-0.0651036197949198,-1.1202967379920934,-0.45388731229769114,-0.08008045137715401,-0.7524135778809719,-0.4878492144978946,-0.0740887588981419,-0.4864758698941582,-0.44695859453144227,-0.19359567313723247,-0.7142634165260889,-0.2626028849503501,-0.21829476646424245,-0.9022982505593019,-0.3986028203507223,-0.2023948175691404,-0.6598889174654707,-0.36852719306595166,-0.17767456845013263,-0.43586710180915195,-0.3123873606952932
U,0.0,0.0,0.0,0.2188081241114001,-0.06583008229474326,-0.1676267131088454,0.33141389451067405,-0.24184949302985126,-0.26036623135298176,0.15419524333887755,-0.4107059069767573,-0.3462503001867886,-0.08397213059190219,-0.5411910689385262,-0.42506122594254236,0.31982435922357516,-0.9287735267672498,-0.1826953999861291,0.3603031418094634,-1.3979204606417805,-0.3110839431894326,0.36561334640354803,-1.673034173772145,-0.4023750954294755,0.35877529075951686,-1.9554748510199247,-0.46706945290048074,0.1314954247404656,-0.9718111846516169,-0.19568335304349607,0.1774896124943948,-1.5087894133830886,-0.37553488449723765,0.1940785097179006,-1.8630495189957594,-0.5046119359792746,0.2093579858671254,-2.1781989746022186,-0.5797473090543234,-0.02661823219370513,-0.8911910175059126,-0.2178443511465648,-0.06924568206011159,-1.1354734651055656,-0.4331860581739874,-0.09170968898718175,-0.7686315225126312,-0.4704500478620565,-0.08872245145525816,-0.49841606778882314,-0.43466451623872043,-0.19056441367703328,-0.7144865748312065,-0.24934350833363808,-0.2195957080554883,-0.9013145033276918,-0.3841963765826884,-0.2078456817783116,-0.6636277332823617,-0.35911825919087914,-0.1855884204648134,-0.44804739005804994,-0.30837051564689866
U,0.0,0.0,0.0,0.22164315819701277,-0.03939656583159726,-0.18585380888709296,0.3417271645688324,-0.2034947732750519,-0.2836978476720568,0.1684043728924606,-0.3660759257778623,-0.3704224786425107,-0.07202010978298196,-0.4965771603888635,-0.4518132016964148,0.33725658777592954,-0.903185335366064,-0.20421824717763631,0.38218510023288504,-1.3748353046538335,-0.33731915650734823,0.3918640950674492,-1.6530704748669698,-0.4287718881213795,0.3802553992895801,-1.9396399374740683,-0.4903911911917765,0.1530281377379585,-0.9668036039083665,-0.20462937357634328,0.2134192576773667,-1.5060482041100032,-0.3807203689518424,0.23441547844757848,-1.858703085807505,-0.5032468445623853,0.24790240471225536,-2.17591315626482,-0.5704645156567633,-0.003342638503377683,-0.9056855250452879,-0.21593020249513536,-0.05914239764530285,-1.124801042652945,-0.42738561715972057,-0.08342449235829824,-0.7537025807105999,-0.46676213402302513,-0.07868715154229258,-0.48498366065053167,-0.43067781461573096,-0.17282357726783096,-0.7507867058208079,-0.23805164097360032,-0.20717848933681793,-0.9133464858293013,-0.3657716327031616,-0.1974650828256242,-0.6734598449145137,-0.34011544836987834,-0.17196210888451435,-0.4568009876857286,-0.2885111686857489
U,0.0,0.0,0.0,0.21484026472098328,-0.03540338568880909,-0.19142616839439588,0.3322908376983057,-0.20208916464364957,-0.2952137651510249,0.16024587219500233,-0.36279405241230056,-0.3901960871346054,-0.08701619582736539,-0.4907107910452026,-0.4811669222318946,0.32557361108105615,-0.9058316340528182,-0.20315323584661937,0.3680621449024873,-1.375093073456105,-0.3407183493819311,0.3758762424614443,-1.657921117751297,-0.4365146337062324,0.3665659373053099,-1.9453452265867552,-0.501583168772896,0.1427080501754318,-0.9680732989110321,-0.20607886924825145,0.19547514513242528,-1.5001335048889308,-0.38272716219646763,0.21727843412076722,-1.8603216763541564,-0.5086658549039431,0.23456414717905466,-2.1824959526205365,-0.5800776877886407,-0.015703827806298993,-0.901749832401544,-0.22187854277586636,-0.0758457992412641,-1.1233563668111515,-0.4400480983667158,-0.09831688153681727,-0.7641633363825532,-0.48638725189152576,-0.0941777644888764,-0.49803948037362666,-0.45528104375177453,-0.18862713699151012,-0.7489446213665981,-0.24917061807558077,-0.22777571947625525,-0.9096089353492927,-0.3886217109874208,-0.2162994438144722,-0.6777624439888194,-0.3730300027328487,-0.19023708906145392,-0.4709925219507222,-0.3282757873419802
U,0.0,0.0,0.0,0.22108971152314016,-0.04966494091627465,-0.18444829178866853,0.33145147687115856,-0.22230685111387077,-0.28679115278887424,0.1491702680594543,-0.38503521913359134,-0.3788699730465037,-0.09348931724307857,-0.5073580420444397,-0.46589111665804794,0.3266933804440351,-0.9157090608335459,-0.21064600120310212,0.36912968051991885,-1.3866389715710015,-0.34804043392082357,0.3750817852007289,-1.6677723412968124,-0.4466344745971955,0.3685717840349423,-1.9561118086108102,-0.5151186204674268,0.13754422282720238,-0.9668834195060817,-0.21498381299783278,0.18782920119322433,-1.5119224095952022,-0.39392494495310904,0.2126746095178439,-1.8710076990603228,-0.5252361790777478,0.23729860390016513,-2.19511242805237,-0.602699645350283,-0.024463741263393516,-0.8928462825331894,-0.22874808570162472,-0.07106750455865841,-1.13687992806462,-0.4438740533648278,-0.09523347886468041,-0.7719746569794322,-0.48482004844175364,-0.09453659832915981,-0.4999601307842394,-0.45184618046431746,-0.19778881001690787,-0.733782859236983,-0.2530415273967388,-0.2315071443948429,-0.9215214953648317,-0.38874004595328177,-0.21711425800405218,-0.6882874398370299,-0.365453969085727,-0.19397017912184705,-0.47820746063371505,-0.3159277916881814
U,0.0,0.0,0.0,0.22257153561249743,-0.050848398467455515,-0.18005161795047972,0.338138639248527,-0.2202552196262526,-0.28154824579345467,0.166257821386551,-0.38467065081774243,-0.37502291625353984,-0.08186672859081832,-0.504057731822237,-0.4634445873752865,0.3273543974880513,-0.9138453695678002,-0.20043945973971727,0.3743941095474698,-1.3885949099513306,-0.33304629176014655,0.38224594161138853,-1.6700424223488213,-0.4261808343101203,0.3752912990813078,-1.9570524509467484,-0.4916974667430303,0.14034349628798204,-0.968114830862685,-0.20750271640000242,0.19462189216894477,-1.5065484317105236,-0.38943224358726625,0.21917973109991634,-1.8659195747705695,-0.5206844549031253,0.2417980775761456,-2.1890252329406845,-0.5977189960686716,-0.019296644100566595,-0.8931870356396128,-0.22353327837779746,-0.06201221286284231,-1.1325447930293344,-0.4354443309743369,-0.08677279817019551,-0.7785140778872188,-0.4730716529652857,-0.08705124307257725,-0.5161041065940376,-0.4395815843308296,-0.193183031081355,-0.7285027814076712,-0.2503189465290507,-0.22235789100474612,-0.9063888193011272,-0.3805258849105016,-0.20949915617571468,-0.6808350955839249,-0.35576367959578264,-0.18905908142171443,-0.4767477458324986,-0.30713358666894336
U,0.0,0.0,0.0,0.22804747856107996,-0.04420642337161413,-0.17630346211876874,0.3560828266138042,-0.2138405512208318,-0.2757777024647383,0.18536003789341055,-0.3741050154616735,-0.36999661923515736,-0.053588700697748785,-0.4933745088722721,-0.45918533090629476,0.34297086700361135,-0.9150495410888205,-0.18290432977908153,0.388642228150004,-1.3822546608128639,-0.3138955327885158,0.3956517681371246,-1.6625883281702072,-0.4072119137961487,0.39136407438514015,-1.9458068498075687,-0.47245205113052735,0.15410178985832212,-0.9685897274874973,-0.1951578288671951,0.20771387444822362,-1.4940979734359114,-0.36648930224089576,0.23555118519854815,-1.8507219285415648,-0.49048471906699626,0.25732546993664696,-2.1623794352663417,-0.5627992600063548,-0.009990937722292122,-0.8959698375497794,-0.2193511335856226,-0.04585571548286627,-1.1276384233935943,-0.43562717539131807,-0.0739389937294859,-0.7640563534578367,-0.47422238641796416,-0.08154884965332364,-0.49319791682365,-0.439188949686288,-0.18563443476896185,-0.7395836063767544,-0.2542768685733589,-0.20568830543336897,-0.9015662530335306,-0.3959939039074281,-0.1987198085432632,-0.6637307235488776,-0.3765996579103536,-0.18359460255018,-0.4611815843512623,-0.3289606295650488
U,0.0,0.0,0.0,0.24750036590377278,-0.03802904022876768,-0.1599767098847611,0.3805354997981783,-0.20140227746614722,-0.25130887157846415,0.214758429115824,-0.3628640279735818,-0.3396263999108832,-0.03543947646757486,-0.49021536429205503,-0.42320954120560467,0.3656128170927541,-0.9058240635518912,-0.17071162141402169,0.42923576874833536,-1.3700510717803198,-0.3071984881954974,0.4450051430532854,-1.648172782204406,-0.4072661730973097,0.4443034951920173,-1.9356598386841926,-0.4787559137232344,0.170402136992852,-0.9669795111801606,-0.18950919942326536,0.2532240676234739,-1.5024071506007382,-0.3730553139190087,0.2945444172789765,-1.8522652640296335,-0.5113748616366997,0.326215006050152,-2.1680440650286816,-0.5948305150603362,-0.0019143230538893026,-0.8970371319722905,-0.21691502060361553,-0.026264457528967822,-1.167660677734525,-0.4406086770294064,-0.05422728627495847,-0.7793656802545189,-0.4804536003103396,-0.05949199253704437,-0.4863018240744938,-0.4465236839089403,-0.18502045279776513,-0.7350188751461194,-0.253010665945075,-0.20806147706611458,-0.897223742526974,-0.39885803747069093,-0.19755504854631942,-0.6502640386495591,-0.3789153303455181,-0.17821151485439082,-0.4387795097997081,-0.3310206507487623
U,0.0,0.0,0.0,0.2404200733618438,-0.043412417763942036,-0.15530688096701867,0.3733854779138026,-0.21333774145604376,-0.24298140456480213,0.2033103297612066,-0.37094449020295056,-0.3290321958177825,-0.04500771662551986,-0.4963817033249054,-0.4115393849709608,0.3552877365393345,-0.9083825826337393,-0.16446127986922487,0.4156475832671921,-1.370765448294559,-0.3012964302786159,0.4326572440057139,-1.644071405483093,-0.401572424909842,0.4305013714628467,-1.9280229953499357,-0.4725083812794087,0.15756344011379517,-0.9700614893741384,-0.1848092778318634,0.23971416215051766,-1.510709005127611,-0.3617669871384142,0.27646719477978277,-1.853797167920841,-0.49473239169037303,0.30118647500593837,-2.1659500911328005,-0.5744234955006482,-0.015233616613079575,-0.9003308834697036,-0.21453268040723217,-0.04303483281174591,-1.182730678192013,-0.43646121109048647,-0.07039759787114032,-0.7882707707130503,-0.4769171318507951,-0.07407766118203045,-0.48703347634258226,-0.4434696501521677,-0.19750580242065185,-0.7341316628966648,-0.25244326793806005,-0.23032838151110446,-0.8904541741130589,-0.39987292684258513,-0.22007437982816305,-0.6424560653763463,-0.38183727092977365,-0.194746535273216,-0.42606291936267093,-0.33467097497181714
U,0.0,0.0,0.0,0.2341075806275682,-0.040402291345487486,-0.16384774197726304,0.35899162686808556,-0.20432299927860179,-0.26279794096144254,0.19738478678671517,-0.3498668567311877,-0.3616596453032518,-0.04183089788907532,-0.4735414560077439,-0.45885873550877054,0.3276979254429629,-0.9054404603608838,-0.17539036450119852,0.3884915526711,-1.3643092697113919,-0.31694595602062525,0.40659789318420236,-1.6387154720336075,-0.41425419002209873,0.4062311739052956,-1.9175384859192368,-0.4821108208732274,0.13732111016552212,-0.9703531637907227,-0.198891051141683,0.220497111897586,-1.496015844739961,-0.3771260187802032,0.2585883451295299,-1.8380670755605621,-0.5008420374733334,0.28362902263355283,-2.1464994012639713,-0.5714503224540766,-0.034313879327918184,-0.8936624253751454,-0.23437276424194,-0.06515899151622759,-1.1768960500226433,-0.4665474872064831,-0.08526431542758725,-0.7895267455437696,-0.5029490504610177,-0.0846585746266031,-0.4929528714711432,-0.4634746509343122,-0.21452399603375488,-0.7108554323595234,-0.2789804101293846,-0.2562448296953961,-0.8471928434923532,-0.4451103958319233,-0.23409769810010495,-0.6065728710415366,-0.4338362728592877,-0.20038326188410116,-0.398622596633817,-0.38694963862879306
U,0.0,0.0,0.0,-0.18987749362879086,-0.03621629183432919,-0.17702656970097866,-0.346267145983165,-0.1699818491885751,-0.30597756911089824,-0.23532670838593817,-0.22999494717951646,-0.43358006081398504,-0.048139823007246646,-0.30599832319318687,-0.5533730961092149,-0.34811621334361054,-0.8776128200840045,-0.2474626962191852,-0.39574326304169627,-1.3413803380369222,-0.4202367422395603,-0.41805260613163275,-1.6357185245469228,-0.515647566863278,-0.42810784845340594,-1.9153288444806056,-0.5694508719593955,-0.15568306234733434,-0.9498746127988502,-0.2711106859907783,-0.22758525300702462,-1.4317765059947818,-0.4516091183058788,-0.25784548563494625,-1.764742180190564,-0.5405809938253486,-0.2782519011457085,-2.096864311258078,-0.5749650871595591,0.031788941810055024,-0.8812855263744921,-0.31030260474197396,0.059450468940280644,-0.8467399024400608,-0.5367562675680588,0.01714877328505037,-0.4318462281704475,-0.5538692007819106,-0.025832882603647477,-0.1624342105075404,-0.49625113056561015,0.18369758414528767,-0.7196488075070875,-0.36524656014876156,0.188233855950188,-0.5521589444980582,-0.5305598396159865,0.12560503343332774,-0.25949853383503707,-0.5272388765940926,0.06392106731862696,-0.0721943172735387,-0.48058020960188613
U,0.0,0.0,0.0,-0.1786236359132189,-0.05004074392324531,-0.18725433002272854,-0.3068850903099126,-0.15458227907749433,-0.32369188745635175,-0.19506992189670244,-0.16918211151762594,-0.45629904317484854,-0.024660667988190436,-0.2201867654167092,-0.5835107903433627,-0.2889405748424636,-0.8870291928758501,-0.26559297395527154,-0.3130822298745875,-1.3371700158411586,-0.44191536543207766,-0.32834225807334777,-1.6289915456040933,-0.5370287190732869,-0.33230967608714473,-1.9042723318451682,-0.5896070275056359,-0.08790935512402531,-0.9530620612707708,-0.2897320359366351,-0.14327174411445961,-1.425066279835132,-0.4783223519625379,-0.1678315097002483,-1.7544518002726335,-0.5723768849350312,-0.1848515899840165,-2.079741206817826,-0.607021150803973,0.10308096784443355,-0.8698036825512641,-0.3299255059584219,0.13621945165437976,-0.7883019320827516,-0.575268061007043,0.0739713296585288,-0.3957325759536732,-0.6109645012786741,0.015754872914730576,-0.14245163516719422,-0.5612076838260592,0.2520072745334077,-0.6956547962918621,-0.38460874222690206,0.25174746595237324,-0.49847458423075713,-0.5704461446543437,0.17441977195048053,-0.21603627298418335,-0.5817040129941687,0.10413430030862755,-0.026338548056871188,-0.5419763606249867
U,0.0,0.0,0.0,-0.16584041169791391,-0.0681790260927684,-0.1575606755226589,-0.2995942115497894,-0.22899766543882163,-0.27005467192954646,-0.19771048328935903,-0.28064847774715246,-0.38448167713111486,-0.023912313389783318,-0.32265824868467835,-0.4926145677144627,-0.26364006767877224,-0.9272671012833398,-0.20588019822711895,-0.28515428428811274,-1.3619747393279662,-0.36381213097758025,-0.30059748908816714,-1.6411549356862911,-0.45519714249602056,-0.3095777557566785,-1.9008763170703493,-0.5094112933376888,-0.07996950833887484,-0.9683155181065566,-0.23657965916382045,-0.1257714260617697,-1.4372247855105582,-0.40518836301526073,-0.15059817010039064,-1.7504809371106946,-0.4953271382527418,-0.16980429067453676,-2.0598726336344075,-0.5316749873068994,0.095095595128428,-0.8753982102461378,-0.2823267447019099,0.10147814797895853,-0.898470324370985,-0.4956319965463422,0.04371228503514092,-0.5219614374700781,-0.5163675528618565,-0.0009415462579829916,-0.28265560975176207,-0.4650540029616012,0.2362873411853705,-0.6998363718964065,-0.3418202902209801,0.2184364241406374,-0.5765082352969885,-0.4948451150305943,0.1346863075734767,-0.3214976621514007,-0.492798463467975,0.07208059686114235,-0.16538194636314443,-0.4499514259821049
U,0.0,0.0,0.0,-0.16010234261252052,-0.06551684557229945,-0.16856933142925715,-0.2904897567439548,-0.23955073273001457,-0.2813182087109994,-0.1902533494017387,-0.3055581663989624,-0.39355313989168184,-0.01024914698260488,-0.35670458895756635,-0.4972493320471523,-0.2594034963914914,-0.9281377957154894,-0.19849961557738907,-0.2804985978700135,-1.3533789231872821,-0.35179719513852964,-0.29345848676716596,-1.6309924224904384,-0.44307192256646644,-0.29611901247242955,-1.8869779497968526,-0.5000023563832717,-0.08070752889675328,-0.971916436311187,-0.22105369394683788,-0.12638542493206292,-1.4223173780531386,-0.3889735242775258,-0.15189899279550526,-1.7306874654946485,-0.4827044590424683,-0.16887057811464154,-2.031952145999827,-0.5243048548871226,0.08852557664699448,-0.885101944327008,-0.2601737544059737,0.106382012642734,-0.9544622900217934,-0.4740171481750113,0.05455403105031605,-0.5719071805697153,-0.49366410004936684,0.0123692417366519,-0.31839391485308927,-0.44330102235398994,0.2294772491412248,-0.7195314485459089,-0.31467791926705185,0.22173648581716793,-0.6155303189262545,-0.47506347476622673,0.14581144415330455,-0.3556248471192809,-0.4793173383907894,0.08606460903736149,-0.19007992613621877,-0.4406499705246415
U,0.0,0.0,0.0,-0.18319194760079177,-0.0684983555315151,-0.16389359195867773,-0.3102404075084083,-0.23308582542929226,-0.27781319569046575,-0.19688639346937337,-0.32526202616659794,-0.3916036251552012,-0.013265337317572483,-0.37619305729534736,-0.4947908866412981,-0.2794943945143141,-0.948908057126907,-0.19815555088145176,-0.30852322147160627,-1.3821396590229658,-0.35613126246923804,-0.3160746297700475,-1.665360794577636,-0.45943787740688585,-0.3156184552394741,-1.9252109266740067,-0.5264062062707042,-0.09826228697544609,-0.9685876556848371,-0.22843484019147914,-0.1528019274212448,-1.4446241042618453,-0.392886251853443,-0.17793908002521086,-1.7693498857083254,-0.4892245048024307,-0.19275695200390255,-2.077141479919834,-0.5384966169337179,0.07554396833684843,-0.8616563610047736,-0.2758939780926624,0.08494563707161627,-0.9648002981277485,-0.48597715112928824,0.03970259673158231,-0.5890455593347897,-0.5004912826706471,0.004956269549522059,-0.33715714826872745,-0.44967222763443554,0.21384980820311053,-0.6775426664332641,-0.33913049104495635,0.20444926721749118,-0.6743676766638179,-0.4986465200114196,0.1407838806619274,-0.4271772805922682,-0.49312905429186893,0.0915540591237095,-0.2565208286517698,-0.44920397679006346
U,0.0,0.0,0.0,-0.1887410643923285,-0.07877373447343558,-0.16868936537728974,-0.3122440146909468,-0.23600240346927046,-0.285377754754455,-0.19598019732304064,-0.3417567505836886,-0.40012298588987616,-0.005416961342962833,-0.4026503674723192,-0.5020146156306567,-0.2800030144418189,-0.9519786705727553,-0.206088231353146,-0.30575176296940004,-1.394578892429367,-0.36622583214215776,-0.3141716992648548,-1.6766767164785272,-0.47461449466167044,-0.3156824191273896,-1.939578902104741,-0.547308749867893,-0.09712508059106668,-0.9672906774408792,-0.23434048744539202,-0.148108767086846,-1.4464490764249252,-0.39897360090092276,-0.17259682384587882,-1.7775440223813592,-0.4992887535788661,-0.1865593949874531,-2.0921711232311164,-0.5553669273536611,0.07756561078191984,-0.8564108486077613,-0.27971886720751427,0.08903939436247861,-0.9791094508029672,-0.4890271917388391,0.045361540077947404,-0.602196150063333,-0.501478383561715,0.010753469033979748,-0.34715675448244737,-0.4514654636426063,0.21751916611894115,-0.667949393628753,-0.3416714293826766,0.21112790539843185,-0.7027374019973305,-0.5039978358343329,0.15057343739388243,-0.46039310281178913,-0.4974885795645704,0.10201183917858264,-0.2818347952479505,-0.45338975672767345
U,0.0,0.0,0.0,-0.1919244376420824,-0.07146929668693568,-0.17723453736233938,-0.31104705921805303,-0.22673987630079423,-0.300236678392867,-0.20093730347505817,-0.35583622043523,-0.41978901748176084,-0.002229232224964513,-0.42890223491599344,-0.5259277557794807,-0.2852965451932336,-0.939502577201879,-0.21385079220311543,-0.3209536631081935,-1.386246106889148,-0.3748933681280662,-0.3285380726288755,-1.667204852496006,-0.48289646223361177,-0.3268822309111496,-1.9284027280099327,-0.5538848192660081,-0.1031851915239308,-0.9657788851159561,-0.237957898197035,-0.16055491975547168,-1.443744587690813,-0.39929509439842314,-0.1883849969526204,-1.7670581877991296,-0.4939593292769678,-0.2039987328175324,-2.0737715377651647,-0.5455416527219666,0.07164183442711643,-0.8618040731366938,-0.279875970062589,0.07613246377904034,-0.980382866167375,-0.47789337906016505,0.03222235260019807,-0.6083446454168755,-0.4815464194901986,0.0011441780744313272,-0.3599972060227784,-0.4278899246772512,0.20873032004798459,-0.6744650862339192,-0.3402942988606639,0.1976503479700417,-0.7124722871616858,-0.48695430632184417,0.13672295846871801,-0.4738717426934886,-0.471148185298902,0.09161400747448198,-0.2977082929531966,-0.4228196763544076
U,0.0,0.0,0.0,-0.1816299891192843,-0.07015078484949015,-0.1789190206529136,-0.30441206714850383,-0.22463397331289814,-0.30648718963054417,-0.19165443720422198,-0.33697205856745105,-0.4311845489166185,0.004185364381380974,-0.41233643770768447,-0.5447865895681985,-0.28573570013492444,-0.935443129446222,-0.21822587229449886,-0.3081056288094816,-1.3759439550634645,-0.3825203523201869,-0.3167078820116133,-1.6567262458320502,-0.4901434610383005,-0.3180979622141196,-1.9180129651695286,-0.5601862322682943,-0.10316803703619265,-0.9644848829530367,-0.24315687670548355,-0.15064511074108164,-1.4388730445371938,-0.41243036915295256,-0.17758279254849496,-1.758611376075574,-0.5102168166449157,-0.19596228548255987,-2.0708190017969375,-0.5608929886264592,0.07412310940399944,-0.8624750282534656,-0.2853264393510785,0.0832855023787999,-0.9738534073641794,-0.4972885573001488,0.03907796452697848,-0.5994776420502567,-0.5064397474794959,0.005838523563784041,-0.3516202737625118,-0.45286947332751615,0.2174595163912991,-0.6783057388314162,-0.3446309110341827,0.20481902885474074,-0.6928652652291377,-0.5024056208367355,0.1420689973950078,-0.44795217829979733,-0.48939198685495094,0.09687057228533534,-0.27690547004531657,-0.4405457915107164
U,0.0,0.0,0.0,-0.1821907285667053,-0.0688091611836445,-0.1757656855555197,-0.3076691981174113,-0.22642841591577872,-0.2992160907224507,-0.20061526103626878,-0.3349074999603832,-0.42070329716776866,-0.0076192970158796185,-0.4104626900088746,-0.5312797428581332,-0.28747702428552835,-0.9361945543687832,-0.2067532018440925,-0.3119276068539081,-1.3717406084894401,-0.3652543333702578,-0.3205295850963474,-1.6504476471449816,-0.46772523256441884,-0.3207100889011506,-1.9085026438136337,-0.5341448010706296,-0.10558287735502286,-0.9669218559095214,-0.23219470401781522,-0.1539703008934962,-1.4332163166311704,-0.39641549200489995,-0.18298735202523697,-1.747864254672544,-0.4914886510328207,-0.20268540826222772,-2.0526747353521406,-0.5402125984596848,0.06982035275475769,-0.8659384006329929,-0.27550268106458475,0.07155633652669624,-0.9737371241825697,-0.4831296123984358,0.025847589451503176,-0.6036321228139824,-0.4950653107834837,-0.006512577277301322,-0.3627460000958394,-0.444313565100249,0.2114493770987212,-0.6827812824651871,-0.3356781369908688,0.19149768987446844,-0.686481888161815,-0.4896069682922871,0.12713169927059628,-0.4437551820310013,-0.4798421752826999,0.08157198354193308,-0.27973461441816755,-0.4344953614776508
U,0.0,0.0,0.0,-0.17796281383441984,-0.07266613732231283,-0.16478034912737416,-0.3063409402141366,-0.2386588673244197,-0.28609822815402397,-0.20723716692184146,-0.32919370579288426,-0.4095308955471694,-0.032975500502243606,-0.3905424585182986,-0.5245508926426365,-0.28395199281030087,-0.9411965357743753,-0.2031796729361873,-0.31320110033158705,-1.3772556443896669,-0.36393509967897086,-0.3199027846324208,-1.6569800183804084,-0.46552546909850556,-0.318350274452193,-1.9184071615604146,-0.5303890219485632,-0.10496350874880116,-0.9663634168241378,-0.2347858778868905,-0.15412602399900552,-1.434354849665083,-0.4014630944248379,-0.1799699284792912,-1.7432347198807838,-0.4941379092402443,-0.19942817892094972,-2.044892515439691,-0.5396143875604669,0.06430580089895918,-0.8633148856175239,-0.283841606235084,0.055969972944919504,-0.9689485996512496,-0.4942983199360174,0.012026840287566395,-0.5982091686128536,-0.5052132496683915,-0.019059665335446938,-0.3637784729306091,-0.4527854415676126,0.20392870783865932,-0.6827145550816679,-0.34844800443155016,0.18224958467390223,-0.682738142179955,-0.5032115250440272,0.11483028680104053,-0.43681039455057796,-0.4932348274282857,0.06348154237834684,-0.27739643795432417,-0.4476653367029035
U,0.0,0.0,0.0,-0.1701156245796601,-0.06845137419425157,-0.16946342754147065,-0.2952498669304662,-0.22475128181321363,-0.2929359771335184,-0.1886569163550102,-0.30316293319506177,-0.416355809401649,-0.004196923190702445,-0.36786643770872723,-0.531089168967767,-0.2701458608546788,-0.9393812704948091,-0.21143766953024729,-0.29209823217802783,-1.3889404351385024,-0.3719757073823326,-0.2975281752075446,-1.6742447617963152,-0.46906327742015047,-0.29541206686054167,-1.9396948032633292,-0.5273612457484893,-0.08837436907765187,-0.9671955548003411,-0.23816534102296913,-0.13271239579681995,-1.4544644197382728,-0.40172960905192523,-0.1553098122124598,-1.7716444118211228,-0.4887333511741594,-0.16941088090199427,-2.0824999207508337,-0.5269977977570239,0.08626051350745552,-0.8673753899625383,-0.2820177535417637,0.08238423554889299,-0.9400272542441027,-0.4892396158285934,0.032633912551859816,-0.5633391302921165,-0.5008127404111677,0.004341100906325073,-0.3246934720613743,-0.4460736431759109,0.22592403987245133,-0.6902671461751807,-0.34151985453965733,0.20247676340652032,-0.6515203237586021,-0.4880078162438826,0.1359152812216086,-0.40217247384528854,-0.474701226841477,0.09585640404658397,-0.24630021835678004,-0.42572374708765925
U,0.0,0.0,0.0,-0.18063285476160246,-0.07526035731273635,-0.17062938267906583,-0.3076843955872717,-0.22338021110643458,-0.29507412034279373,-0.2095678582451197,-0.3072481326362233,-0.41803197088639543,-0.03239832397947475,-0.36788981451275,-0.5302109625481805,-0.2815618075222939,-0.9398248849330947,-0.21970391926174054,-0.30623207188512197,-1.3918066937753937,-0.3849190140540658,-0.31142120561155606,-1.677900222782064,-0.4876839067337524,-0.3112722009719849,-1.947079744755991,-0.5518632699659213,-0.0984586821727623,-0.963752766686616,-0.2479647003278816,-0.1482607480541535,-1.4585998152911295,-0.4143171343311111,-0.1691376183523537,-1.7808579963092717,-0.5013370226748672,-0.18248560485591628,-2.096352404064954,-0.5419845924359192,0.077084249546475,-0.8558564324249622,-0.29341554781359197,0.0721961429146683,-0.9428172375999264,-0.5026669362364072,0.02341655064228403,-0.5532310272713347,-0.5075059562132159,-0.009272238077620662,-0.30895395283911187,-0.44932992389465704,0.2157202409516679,-0.6661520243154908,-0.3552095400950305,0.1970550521770271,-0.6509807114185929,-0.5082700293713209,0.12579499790310802,-0.3945442925569566,-0.49325290798435917,0.07399721291880174,-0.22953617746887117,-0.4429394638383636
U,0.0,0.0,0.0,-0.17784314397041978,-0.06260212847752744,-0.175906093907597,-0.3059028718083279,-0.22173112084551996,-0.29659506214712106,-0.19273768866592586,-0.3001987144243389,-0.41453602599474665,0.0004965790507073893,-0.356017026549565,-0.5223232674407401,-0.28027863897163585,-0.930906310870938,-0.2199518312145087,-0.29675413306235415,-1.384447034285813,-0.38385153955831763,-0.29717269172331096,-1.6713281016263324,-0.48348791173594474,-0.288810752801513,-1.940141889315678,-0.5458102315813895,-0.09579905049622146,-0.9652098409297662,-0.24329509838128172,-0.13939624123271005,-1.449711749904866,-0.4116007915129515,-0.15404221372029087,-1.7687195030481524,-0.5026160048506599,-0.15936795336848472,-2.0835870872483686,-0.5457658504176546,0.0786954357314964,-0.8660932277737144,-0.28394197823215855,0.09636309645400788,-0.9337559396473123,-0.4936774877104031,0.0397919064131931,-0.5512813320400958,-0.50607000896503,-0.0026977340079226858,-0.3107538931913484,-0.45396181136400743,0.21597099231236194,-0.6846929947778291,-0.3412589084536301,0.2033727723731631,-0.6185268044380708,-0.49783014180038415,0.13361368654887493,-0.3647215767480939,-0.49290788440933053,0.08188107985793196,-0.20639483751818916,-0.44988529311329994
U,0.0,0.0,0.0,-0.19164345693052712,-0.06954288120706377,-0.16990154278096203,-0.3190210785122242,-0.21404390009907737,-0.29422493428449453,-0.20802265791676813,-0.3004371983054431,-0.4156358667344817,-0.02389686464937815,-0.3621926853039624,-0.5257960867566036,-0.3006033186767818,-0.9323265932218273,-0.23397024161317173,-0.32595129925116817,-1.3961706085838723,-0.40501763993794043,-0.3237728093181694,-1.6893052012443095,-0.5126352051163613,-0.3159647695398844,-1.9637694125840062,-0.5809073801802935,-0.11313982496799489,-0.9581884190875353,-0.26281996410611846,-0.15948759973417811,-1.4645416625454744,-0.4312734998835355,-0.1695268903459101,-1.7896408541381357,-0.5200762125437023,-0.17410753055076417,-2.1057443122043793,-0.5649004685187731,0.0633775023619359,-0.8506217509734055,-0.30771444847177676,0.07426307017034968,-0.9397305150887084,-0.5113895412846744,0.01998070592987891,-0.5536986962655683,-0.5134520432598945,-0.023406150042673348,-0.31170337101527845,-0.4582055022381352,0.19985733508436113,-0.6591337093039813,-0.3695767476193013,0.19151480444501393,-0.6281710895735657,-0.5222245943541627,0.12068520722013559,-0.3738968117200544,-0.5086096535516392,0.06155533966964523,-0.2093015362645886,-0.4614345266943698
U,0.0,0.0,0.0,-0.19184623320188568,-0.06280417611933957,-0.16731981314521224,-0.3270248933831638,-0.20463631826338638,-0.2937911009508014,-0.2206743033088114,-0.27755289479248535,-0.4187916356472543,-0.043756268713319654,-0.3276319593660662,-0.5357149198514694,-0.30660400831165957,-0.9265923507165391,-0.23487927481368934,-0.34901813753562316,-1.3839420917288676,-0.4021686950093585,-0.3598791880073644,-1.6785256117266805,-0.5061512913611067,-0.36629003752776546,-1.9517998550444635,-0.5704551919893257,-0.11712494454150664,-0.9566198125289819,-0.266758845482515,-0.16910550269220403,-1.4677835285406904,-0.42849766065743666,-0.18481512904464065,-1.7919042027455856,-0.5107543740252338,-0.19802472967196175,-2.1065036385585767,-0.5492069128337763,0.06494073805788671,-0.8494862431022407,-0.31453988408216005,0.06319324141061822,-0.9237356494826193,-0.5203819944272411,0.010283271058621077,-0.5351517440728422,-0.5264443143721547,-0.02726346905770098,-0.2863747466238958,-0.47116227733089494,0.20457134474764443,-0.6544469979909232,-0.3780029110462023,0.19132295396167143,-0.6325441349081228,-0.5307504583718013,0.11887341094274143,-0.3722964996442203,-0.5141051164172841,0.0631166308472807,-0.20002785346474633,-0.46384175010240836
U,0.0,0.0,0.0,-0.19002579044820328,-0.06386500961904142,-0.16829271752434813,-0.32933592002746553,-0.20670645674522192,-0.2954382075261726,-0.23249488619910036,-0.27436467773056583,-0.421717236504979,-0.05204695445081083,-0.32222828400448705,-0.5394246990201892,-0.30704327090607564,-0.926317666613861,-0.23141468068570079,-0.3499724190742096,-1.3889861249890683,-0.3996719959253525,-0.36366255152215354,-1.6791581033446354,-0.5024313761997691,-0.3688592897213949,-1.9506011971476016,-0.5650249164335146,-0.11674322586825173,-0.9581953205054575,-0.26121398694426373,-0.16447723719172547,-1.4660141960876911,-0.4280510689974539,-0.18103738597893898,-1.7920213027493774,-0.515214054289028,-0.19340433660048073,-2.1115819780272163,-0.5551412252387669,0.06486159671935307,-0.8560544133011908,-0.3065178998098118,0.061681981713068046,-0.9136204516625648,-0.5149880356738847,0.008214697507278174,-0.5207339491089468,-0.5212051651129946,-0.028366422596312512,-0.2760673738306332,-0.46409488186983,0.2032352048161713,-0.6690151008243284,-0.3675366730870111,0.19013858247661064,-0.620063360495532,-0.5170842484826507,0.11844321804982985,-0.35646916265565987,-0.4985852452858919,0.06589893573403792,-0.1923683495450405,-0.44640999955961946
U,0.0,0.0,0.0,-0.1866614081056285,-0.060605436602734646,-0.17098516684956366,-0.3302160682224272,-0.2054348060770116,-0.2966688833550955,-0.22868316911585904,-0.2612510135491081,-0.42046916149775687,-0.05435546154882588,-0.32082267657613106,-0.5370828073358759,-0.31544294139098616,-0.9111060303763785,-0.23862375316518503,-0.36202793299259717,-1.3732454965552512,-0.40700866910055367,-0.38277227101450206,-1.6662932436418578,-0.5059343889212949,-0.39410925009841424,-1.942394107131657,-0.5646937181430463,-0.12276958416077864,-0.9563460881817033,-0.2651976410614226,-0.16659448373100924,-1.4609036372726978,-0.43449736610537865,-0.18328539730846002,-1.7901100836946386,-0.5215280941399119,-0.1961058191646498,-2.1136316484058963,-0.5591565114435302,0.06071174321175885,-0.8641351923416486,-0.30683932684586723,0.06292730485713385,-0.9062944923770583,-0.521959819246451,0.007803448274831887,-0.5107279881782976,-0.5351216152910172,-0.031099726883805218,-0.25872817148640764,-0.48018306781139847,0.20392051886890394,-0.6870768792479279,-0.3633613190265081,0.18804591589505512,-0.6013743533581692,-0.5224538151951373,0.11531531817836205,-0.327069741777603,-0.5126063410760795,0.06328676862815916,-0.1546301404617243,-0.4641394024109719
U,0.0,0.0,0.0,-0.1883591823259887,-0.06416380631205258,-0.16681720766453972,-0.33004094328065575,-0.21212818379991602,-0.2913975948313762,-0.2247953509672732,-0.27661400032746736,-0.4138409540754793,-0.04785474070985522,-0.32496864773937034,-0.5290906363495095,-0.31112181792081367,-0.9179425509000456,-0.24162761097880742,-0.3662300877117487,-1.3777702094914084,-0.41285051392204714,-0.38907426178688764,-1.672106683510691,-0.517874663188507,-0.404592849916472,-1.9485114455447035,-0.5826479260697358,-0.11923653586088886,-0.9551024126029665,-0.27122321057735416,-0.17255373367089336,-1.4668184341063324,-0.4413801991717159,-0.19159685932596993,-1.7960529849158529,-0.5303945433910128,-0.20683776490465117,-2.1193166774147625,-0.5717743694720304,0.0642921026805078,-0.8568299329549838,-0.3151733089197109,0.05943793049320181,-0.9171946436075288,-0.5282971809170502,0.003458534218737486,-0.5247091044073317,-0.5385979928440111,-0.03543537885691155,-0.2733892115471483,-0.48407716224699604,0.20657433750579865,-0.6749519629106221,-0.37403556560133583,0.19073744940576984,-0.6224195795676215,-0.5335128579020774,0.11658175788653756,-0.3518208628533883,-0.521128792196163,0.062057754053620885,-0.1776336449783428,-0.47205465015781667
U,0.0,0.0,0.0,-0.19164166821724665,-0.06814159000640978,-0.1673083490541212,-0.33478923111949543,-0.21275059842447683,-0.2928606225666582,-0.24236798935982085,-0.29497422393596745,-0.41619407780284606,-0.06579329431260486,-0.3454374307150901,-0.5303433907562477,-0.31931597841766457,-0.9203181315512194,-0.2356273719727225,-0.36266523059496647,-1.3789872155105631,-0.4083471272124025,-0.3778388037754838,-1.6723732734100794,-0.5176462847884961,-0.38450739862387406,-1.9484265758840043,-0.5863103792927674,-0.12989762657158335,-0.9551223578425455,-0.26621023301211755,-0.1846973836865634,-1.462887034290395,-0.43853732392097383,-0.2063470526039752,-1.7948728399072473,-0.5317963237485426,-0.22165179603333082,-2.1210552326120005,-0.5773452893908767,0.052623646556080914,-0.856824766321491,-0.311321118075966,0.05175962541845258,-0.9358970169313183,-0.5234497944338176,-0.0015614676672186037,-0.5428217633811101,-0.5284894018261329,-0.04003730012735576,-0.292213844717051,-0.4712929340398085,0.19653753004188226,-0.6761698639763392,-0.3722504241605372,0.18406203988540545,-0.6440759090950076,-0.5300061303782426,0.11305018172004942,-0.3762589567961123,-0.5135757991793568,0.05780138898920834,-0.20430869015300068,-0.46182139735488453
U,0.0,0.0,0.0,-0.18537812713032273,-0.06989542230177265,-0.17159446736203085,-0.3264475559378865,-0.22511122551923193,-0.29542703950981486,-0.23085800935523945,-0.2989193352992043,-0.41732498418240754,-0.0478957141495355,-0.35262854873258176,-0.5290510886860007,-0.3050577349576159,-0.9255090859876426,-0.22221510263525637,-0.3469943713171966,-1.3698272198927557,-0.3907416499965631,-0.36424089304004775,-1.6546067366353199,-0.4964281023814043,-0.37188771740484394,-1.9256834595684025,-0.5636252608157387,-0.11886012617036686,-0.9606125950629516,-0.2511885996879365,-0.17926421551201224,-1.4492980443316956,-0.42244361122597934,-0.2078136067048313,-1.7701937566583164,-0.5158868871443331,-0.22821715740858936,-2.0958695536945915,-0.5611455093218797,0.06247207540530061,-0.8613974688108491,-0.29675799823267157,0.059810398983603935,-0.9449845978173332,-0.5127856793257037,0.00848925150811644,-0.5464321042113874,-0.518829452955142,-0.028088938911233163,-0.2994428394635702,-0.46057134504896996,0.20795995648779766,-0.679156124644027,-0.3584405994711304,0.1909494454821413,-0.6528480639877047,-0.5164423992981224,0.12077732760914764,-0.3883066590638062,-0.5006937936345258,0.06879442459329048,-0.22406633820184754,-0.44955847567594726
U,0.0,0.0,0.0,-0.18710354595400658,-0.06690519825330475,-0.16471468360917396,-0.3342299096524359,-0.22702582693436263,-0.2864279212338754,-0.24373623402328268,-0.30561555764317583,-0.40832158660209994,-0.05697866242119665,-0.3610743216029843,-0.5216136909930624,-0.30093315309299046,-0.9268899462100008,-0.21662834219861055,-0.3370416254879773,-1.3739190527517418,-0.3847569720173674,-0.3511038647506992,-1.6629335242663064,-0.48859890545679285,-0.35491593961158774,-1.9356546457475792,-0.5530905184379369,-0.1155729634223252,-0.9619000078284559,-0.24777260757678296,-0.17835497958848767,-1.455902645449495,-0.41769540143796746,-0.20382512593402427,-1.7780093903528127,-0.507820371660898,-0.21969795146272686,-2.1032216210731187,-0.5489029959089564,0.06539647268301423,-0.8637411509981496,-0.29489509448437873,0.06386520869447498,-0.9435826307820072,-0.5124987790129751,0.0069813232115550124,-0.5426355356643927,-0.5188093434865639,-0.034434850362979164,-0.28608110601129627,-0.45871180704266695,0.2116448012500104,-0.6812263884723722,-0.35716614351887677,0.19334533935652873,-0.6433412337568045,-0.5187599804978781,0.11822113124852333,-0.3671346518431962,-0.5044364785877218,0.06036905696117535,-0.19167768904217672,-0.4523590552733818
U,0.0,0.0,0.0,-0.18268845621902022,-0.059772107041314484,-0.1587039800775466,-0.33929005089015335,-0.22098966026118658,-0.2752909375147211,-0.23467974168643504,-0.3128772850553752,-0.3937035368368371,-0.03778120904280091,-0.3957677737418803,-0.5041578199657348,-0.2997022317411809,-0.9255723775222532,-0.19983482994239882,-0.33286576292775044,-1.353093181687362,-0.35515415553399826,-0.3410192921591673,-1.6340630807135252,-0.44873465346788266,-0.34159736154494247,-1.8997583654260357,-0.5047317821169448,-0.11246467893145914,-0.9666275300988987,-0.2301801773562318,-0.17146328863536336,-1.439855646363815,-0.38564316064052884,-0.1945996274921412,-1.7516412666786048,-0.46658803798595666,-0.2105578575681854,-2.0570122462563654,-0.5002591947096547,0.0715317882209392,-0.8756641285989533,-0.27694109063908506,0.06875243214240578,-0.888033017733382,-0.48011368675297444,0.006029420341650397,-0.4986744402548047,-0.49234770576633335,-0.0409936395752511,-0.2398072897312433,-0.4375819355916135,0.22229117603292678,-0.6959980239173912,-0.33856324418002476,0.19843081768768642,-0.6128078026247125,-0.48362666178680297,0.12380886080042262,-0.3410246411158103,-0.46980500557984506,0.06297173828465466,-0.16087865860970518,-0.4204875298143474
U,0.0,0.0,0.0,-0.17703286602128906,-0.07570715222211524,-0.15316624973887233,-0.3312546943765564,-0.24831735872760696,-0.2610381706339459,-0.22849096216223633,-0.3605501786944373,-0.36953336616638266,-0.03348418350775849,-0.45167424352752117,-0.4685632383924221,-0.2963230813383693,-0.9177924785681194,-0.19350911289769346,-0.32908618519319255,-1.3385536552830257,-0.3451221565688994,-0.34049396269387117,-1.6170549076111693,-0.4347360667881976,-0.34248742513298297,-1.8776053045385661,-0.48689110307138084,-0.11307003278235005,-0.9693454387511129,-0.21813891917539796,-0.1716066051717797,-1.4185520878515965,-0.37357355795710445,-0.1892087787513148,-1.735962278758563,-0.45448148070656347,-0.1976991105144585,-2.0408993539148863,-0.4859564852126886,0.06762563930683775,-0.8931180400761882,-0.25818439109129615,0.07674557468237204,-0.842136146368529,-0.4512294227651638,0.022362315689358283,-0.4767855459908599,-0.4649512994026246,-0.023831767229547666,-0.22710733999342217,-0.4122571944360672,0.2155013644048968,-0.7318600854912092,-0.3134642705650496,0.19753554533085088,-0.5954254532419283,-0.44518536925294316,0.12728928686248414,-0.34429473571180946,-0.4332129248353223,0.06652322126266083,-0.1787978265813449,-0.3865836248901831
U,0.0,0.0,0.0,-0.17704374747040819,-0.07315662620670418,-0.15526534760136493,-0.3336215275280455,-0.24002536009838626,-0.2651219264770434,-0.24313453160016543,-0.3535239843579836,-0.3755437606223823,-0.055596236974173846,-0.4539260122647822,-0.4766089323611168,-0.30072780690471534,-0.9137214301675971,-0.19539672706042682,-0.329965780536907,-1.336151146170506,-0.3470405560320234,-0.3402187699855826,-1.6151363401544474,-0.43498819517602755,-0.33997981767767066,-1.8754909772682826,-0.4849229001320577,-0.11953310053401477,-0.9686253754085682,-0.21789153262881863,-0.17993778745509534,-1.4141344601170884,-0.37230001560996545,-0.1996370231633513,-1.729241277980382,-0.4504701273595592,-0.2079141896734748,-2.0307227895946327,-0.4795622916979433,0.05949205287279392,-0.8980858724932701,-0.25619501532982025,0.06512566990169555,-0.834980131213129,-0.448585865585721,0.007601065470681107,-0.4677564006347902,-0.46357909935758856,-0.039295744256101224,-0.21604861753860727,-0.41217932271617164,0.20595139372990234,-0.7413312975037665,-0.30992783372212335,0.17997835723946043,-0.5824362011391827,-0.4423653824329874,0.10807678894907868,-0.3217907828874094,-0.4338996501705339,0.04838318985395719,-0.14988097413847026,-0.38973508980329
U,0.0,0.0,0.0,-0.1771738573532085,-0.07887157560790636,-0.1535284742946922,-0.3268564724597637,-0.23788749183363475,-0.2615570924070956,-0.2398817251538609,-0.3527787250408292,-0.3703430946790188,-0.059945267022503086,-0.46545772730885476,-0.47036226987410434,-0.3048439033660461,-0.9069824303094964,-0.19929527628210733,-0.33521953587694175,-1.3312806871105383,-0.3525178501727951,-0.34846993536846105,-1.6075774686062083,-0.43737214891289544,-0.3485679972225603,-1.868672901681309,-0.48395064909244107,-0.12736344051816811,-0.9669091601195043,-0.22105481242526634,-0.18388228918307128,-1.3940130240316841,-0.38392171868928,-0.20152118836068775,-1.7117207333226636,-0.4661098796707526,-0.20578252276906836,-2.0080658808760674,-0.4958389805528494,0.04596839417329965,-0.9073781997962674,-0.2578515963153815,0.07108075594045292,-0.8112644213581404,-0.462269432672074,0.015860068266583746,-0.44036334663782173,-0.4897947833897184,-0.032461810405097664,-0.17951992696659222,-0.44456602399497447,0.18927050073903087,-0.7672809918988194,-0.308975189283577,0.18021340408603506,-0.5564392930955799,-0.45730905998050203,0.10883938944390918,-0.2750258702070039,-0.4629870081677605,0.046618679587628824,-0.08152832890270847,-0.42598163429404384
U,0.0,0.0,0.0,-0.17321371932193946,-0.08254245943089922,-0.15352042336800442,-0.311755881491118,-0.24271705184824702,-0.26135401586466145,-0.21444067088483124,-0.36221849450178034,-0.3687183481292056,-0.03560204814068436,-0.47715473895239335,-0.4668951261840569,-0.29414932855203074,-0.9070059300678084,-0.20208833524366565,-0.32498066102697926,-1.3335346816940221,-0.3526218936928656,-0.3350040465892269,-1.6121683700666398,-0.4350198225503214,-0.3317309906999432,-1.872338997085808,-0.47932424495545434,-0.11479292061927282,-0.9684901828390553,-0.2210188931292312,-0.16605959517596403,-1.3912021020189966,-0.3795543584650994,-0.1793350578801619,-1.708884850937082,-0.45935767576766745,-0.17887760979671352,-2.001448984497017,-0.4879101221937812,0.058835546680922994,-0.9079455180346641,-0.25442142172094856,0.09070319214361862,-0.8008328611183848,-0.4483001122229323,0.03485553891034915,-0.44487160290091626,-0.47326686372870425,-0.013929145618898277,-0.19391677249797296,-0.42895074520780135,0.2020802900001614,-0.7655248867456316,-0.3025187970026569,0.19430515780258903,-0.5584124821749067,-0.43962187280054876,0.12347051025744689,-0.2925469606915425,-0.4417476418417439,0.06215111702276743,-0.10931709625997489,-0.4041027185597263
U,0.0,0.0,0.0,-0.17533359746578248,-0.08042013871890397,-0.15623945279598528,-0.31485930397804995,-0.23971506781755575,-0.26629255791315665,-0.21576094314106675,-0.3523077489449036,-0.37609719742989656,-0.03777572625473638,-0.4668145354385381,-0.47551553416887227,-0.29498017068265897,-0.9095196007044954,-0.20378227967700516,-0.3218526791934943,-1.340962683082058,-0.3578683272413499,-0.33338236912612484,-1.62109105138138,-0.4417827027288387,-0.331717118195325,-1.8811406372586592,-0.4868642861890342,-0.11262397645787117,-0.967882752765323,-0.22476391353203815,-0.1643417724607611,-1.3967656508747706,-0.3906525189748944,-0.1782033415695564,-1.7197883229672282,-0.47463318494789686,-0.17755877087642782,-2.0223046354712153,-0.5043314638525991,0.06354648831027974,-0.9024706102932415,-0.26047961522877044,0.09334397906852362,-0.7913209078395428,-0.4638616998076295,0.03956087977717991,-0.4270455228607692,-0.4869171206250533,-0.007478264312468824,-0.17721697307980833,-0.4378797414025754,0.2071549157732323,-0.754340196095752,-0.3109869794869304,0.19836149347443272,-0.5422370361041676,-0.4530928069010652,0.1260423207349773,-0.2769580193490452,-0.451961556113081,0.06297431163474736,-0.09882122748837278,-0.4101003752793909
U,0.0,0.0,0.0,-0.17582147685447783,-0.07470582412815704,-0.15062982704715847,-0.3212160129543709,-0.23191109037211546,-0.2575216385919992,-0.2199346383987603,-0.3423007844036777,-0.36528507329433146,-0.039826352594328596,-0.4499993285935785,-0.4636729784930208,-0.30097880637604135,-0.9066275303587507,-0.19977750468780067,-0.32929490521214044,-1.3347535481306994,-0.35414980505696386,-0.3376744615361867,-1.6175929460562561,-0.4405391119902752,-0.33285989518650116,-1.8807683134699062,-0.488150449271968,-0.11741626205736332,-0.9677933367606492,-0.2226869523033738,-0.16830337375403337,-1.3963269964501714,-0.38860084906439213,-0.18305899769581888,-1.7210370561722537,-0.4747785932207306,-0.18417851152561943,-2.0244409753650205,-0.5072395207532641,0.059450407172329814,-0.903947078302219,-0.2596521165766111,0.0859985562554161,-0.8005661226545749,-0.46110016116932906,0.030205477834355964,-0.435192467891435,-0.4841594716169384,-0.017992548505502252,-0.1802522367025804,-0.4360398957013646,0.20375001558017652,-0.756184202718964,-0.3109900366922553,0.19291390996555868,-0.5528339464778446,-0.4522800250103362,0.12311536632487784,-0.2861800159328553,-0.4512934358527831,0.061260960385420525,-0.10547227880027896,-0.4099624491639849
U,0.0,0.0,0.0,-0.17564711711444897,-0.07150627437542151,-0.15393694033791633,-0.3225919377932458,-0.232673798451841,-0.26252490309319465,-0.2222818889969346,-0.3449606924947127,-0.37116413337226484,-0.044496405226897275,-0.4544511163555113,-0.4704388953066841,-0.3054011912496206,-0.9121271654974318,-0.20303514903772857,-0.332941940598693,-1.34408963279114,-0.35819214614269457,-0.3427291164304617,-1.6302481550511938,-0.4455654196307019,-0.3397855031697942,-1.8946198236862402,-0.4935698624306017,-0.12282914125368553,-0.966483472445518,-0.22543890424799268,-0.17337570154488255,-1.4085334152384201,-0.38897321440788235,-0.1892015691870631,-1.7371218563093263,-0.4730550541427657,-0.19179188872134817,-2.0435944859530797,-0.5042516888516658,0.05438224021098027,-0.8969056556339992,-0.26234078632275676,0.08316496734604291,-0.8204946119720976,-0.4643841361486097,0.023815191835491294,-0.4511572161235794,-0.4855833570702142,-0.02750034607717224,-0.19332213915429095,-0.4359469509493905,0.199459490117017,-0.7442269529448928,-0.31366259613867453,0.19021710072821782,-0.559500938751194,-0.45705770749775326,0.11837181471322504,-0.2913438593834961,-0.45475645927974895,0.05547124933033474,-0.11218146969154161,-0.41202769719848203
U,0.0,0.0,0.0,-0.17559257161227834,-0.0669142778379191,-0.15840444057627556,-0.3248134043562933,-0.23091503871934493,-0.2710364773850474,-0.21992307226906316,-0.3462852149920486,-0.3836832450506778,-0.03599387772899166,-0.4555440276784953,-0.4863690167817326,-0.3040134344719289,-0.9218894206239956,-0.20498575458512774,-0.3344489951892011,-1.3578334511758634,-0.36134570053635867,-0.340098823504621,-1.6474345184403585,-0.4525052872670356,-0.33497949550050815,-1.9174855124468078,-0.5046095594945367,-0.11979435940460748,-0.966034056707426,-0.22897054993215446,-0.17582599174925345,-1.4255387428708206,-0.3910893846422682,-0.187289156154614,-1.7535396015082831,-0.4743421010634099,-0.18765974851494133,-2.0620611518399405,-0.5071064160490223,0.060045246128477475,-0.8861194898121343,-0.268490786382262,0.08266255850786224,-0.847075614221921,-0.47068534347113083,0.030085241047412656,-0.4745992199318502,-0.48402425277185473,-0.018083429361678564,-0.21968169462741846,-0.42962296156249347,0.2077848462175644,-0.7251423912407616,-0.32309627284537723,0.2003097179024545,-0.6011701524202144,-0.4647063681322044,0.13176831982399795,-0.33570950182174597,-0.452955880968952,0.06685971209161323,-0.15834600649168662,-0.40467310562683056
U,0.0,0.0,0.0,-0.17872512650662875,-0.08253169917138639,-0.15654818596378853,-0.32200695913150157,-0.2529543256053975,-0.2682759846365203,-0.22247599441985158,-0.3690440610594339,-0.3801332397315591,-0.03990311578586099,-0.4651378884617091,-0.4815405121426781,-0.2951542534303606,-0.9384420318047129,-0.19563458229931915,-0.3304885511590582,-1.3680556309674796,-0.34833809877187694,-0.33796831820048706,-1.6507435433539916,-0.4427967019916741,-0.335549167375797,-1.91466494912548,-0.4990654961970465,-0.11188417526560021,-0.9682590570202375,-0.2235091269353822,-0.17591903933858152,-1.4367579734085825,-0.3785513390980988,-0.19171652832917582,-1.7579135410376168,-0.46043331314072633,-0.1961006166993455,-2.062656449146684,-0.4943836416121855,0.0692798341279102,-0.8738120111511526,-0.2673574806320516,0.08071879246698298,-0.878530980805374,-0.46535834190154857,0.03159441420798313,-0.501687869145811,-0.47237238529415526,-0.010315922113768052,-0.24633844703915703,-0.414518448759391,0.21817158599605557,-0.6982374372411159,-0.32651060902828105,0.2073118106634067,-0.6394933967771087,-0.4647572657023121,0.13769596770503384,-0.3833180469244349,-0.4440592720853337,0.07627306489301477,-0.2073717585475888,-0.3901132234865152
U,0.0,0.0,0.0,-0.17990237304750847,-0.07927074033254505,-0.15487485005454224,-0.33218212317129664,-0.24023919018245657,-0.2689166011268908,-0.2721363922940644,-0.35952585094989875,-0.3854017676638439,-0.1055570297599862,-0.46382757122348545,-0.4930199863418278,-0.3094312563971695,-0.924822115434859,-0.1893801883175065,-0.3464776093588613,-1.3434947433745983,-0.34188144157941475,-0.3597497923105384,-1.6210811256665407,-0.43197847600984185,-0.3610088529085064,-1.8830540687213249,-0.4825769386240103,-0.1288276130419294,-0.9673657224001919,-0.21819029594157832,-0.19264639949034035,-1.4216865702422528,-0.37626068388255907,-0.2151050546732811,-1.7382899519583999,-0.4561353062887385,-0.22723296104098634,-2.04139008225025,-0.4845604326436454,0.05413885549031069,-0.8868739952520992,-0.2632087456531256,0.0550473747122021,-0.8730738433471553,-0.46915972832131597,0.006109810522777575,-0.4955480959802168,-0.47934859134147284,-0.031906767446107515,-0.23677935242724787,-0.4192099735640255,0.20862726010563337,-0.7219991378147487,-0.3225814802260738,0.18817807538993964,-0.647850352773416,-0.4608664426434074,0.11706975383045697,-0.3850332220601403,-0.4397951360740775,0.0608664740884207,-0.20176666460241993,-0.38381317191458286
U,0.0,0.0,0.0,-0.18541866687293243,-0.07395501455969157,-0.16502039409714478,-0.3446106918783415,-0.22168171313204355,-0.2886354006543369,-0.3179304389350876,-0.3539977062766901,-0.41310378073009135,-0.1486046859143583,-0.45344226828230233,-0.5282133438527452,-0.3202452700088671,-0.9196194081746852,-0.20059736539244322,-0.3596122985853569,-1.3480387542922965,-0.3555571802001198,-0.37245845108303877,-1.6224523306017378,-0.4482271409496593,-0.3719933346952004,-1.885923317732337,-0.5009449525573515,-0.13757392077796776,-0.9645985771080813,-0.22499555854025777,-0.20564670306372781,-1.424192226522971,-0.38750351823159107,-0.23268267762395783,-1.7438985386736678,-0.4695179567699649,-0.25129883844960044,-2.053198390328584,-0.4992906395655711,0.05002170203512301,-0.8900518877273642,-0.2655568762358849,0.05532923453868005,-0.8926447324084729,-0.4753188502595269,0.011118658176428119,-0.5097238031625054,-0.481060802600995,-0.026276435349433136,-0.24364950340289612,-0.41661077904167676,0.2107401613174079,-0.7327041076693532,-0.32132368985801385,0.20247651804881,-0.6938759426451968,-0.460931551774405,0.13705467283971998,-0.4268757481784104,-0.4347102853395877,0.08326054871491523,-0.23392072465143998,-0.37403459356314944
U,0.0,0.0,0.0,-0.1816757892982343,-0.07326773301634605,-0.17377549884839166,-0.3353686713289995,-0.22245778069497402,-0.2996478566874012,-0.3016496321899019,-0.35538331746389934,-0.4256165012100398,-0.13695078352501902,-0.4750336879057644,-0.5405582681759404,-0.3191873336728237,-0.9357794528091707,-0.19273253214439753,-0.36136501742569205,-1.3617301951715186,-0.34410384308827857,-0.37791931749926666,-1.6383830657053045,-0.4379825481228427,-0.3807650847234453,-1.903327889494319,-0.4923458662165255,-0.13895108145486226,-0.9666999565943052,-0.21490414347585887,-0.20981713973192428,-1.430735393032003,-0.37380883187079567,-0.2457415873129563,-1.7556118148810216,-0.4559949675363865,-0.2719601678268779,-2.066986225703598,-0.48704982811567976,0.04785999763692064,-0.8836584254146423,-0.2560944506271159,0.04859896000479405,-0.9266110129186955,-0.47357369112172654,0.014687418063981513,-0.5431345177652304,-0.4822936634636318,-0.014131926108299744,-0.27662727876346976,-0.41678644662081954,0.20624652324850234,-0.7235252614789962,-0.3123468788764842,0.1954942162201635,-0.7523052771218949,-0.45997241789791954,0.1397391574407685,-0.49561154116239714,-0.4338982615289796,0.09184735826573465,-0.3049202980712382,-0.37173730978606573
U,0.0,0.0,0.0,-0.19949036481003482,-0.08995311842270722,-0.16916269676488668,-0.3344005041236765,-0.22986076746346082,-0.295011379075432,-0.304489485712067,-0.38153740327075214,-0.4200479824151593,-0.13170491991703578,-0.503764087634411,-0.5323139562413112,-0.32872990393236456,-0.9350608252885916,-0.19213958629382036,-0.37776772273208514,-1.3711840889950198,-0.3315422422024489,-0.3945289840776799,-1.6389860310775701,-0.425357778072224,-0.4004819083248091,-1.9054909652295215,-0.4841300274832577,-0.1534691131073707,-0.966117032337208,-0.2075213510701568,-0.2267954013077498,-1.4289832085189575,-0.348387686598462,-0.2612866133586672,-1.7587412581353878,-0.4240812433099113,-0.2856474399842272,-2.06808251079211,-0.45979953667098006,0.03106293795325851,-0.8833691603641889,-0.24041834368237705,0.029165009813787782,-0.945009476288615,-0.42413485683508056,0.011394299741466364,-0.5838124929068412,-0.42189309165014766,-0.00047714635128847364,-0.32785712996378513,-0.3604735166783039,0.18929734457759212,-0.7347436810250311,-0.29016466030925825,0.1891913328294806,-0.8365048628551143,-0.4129448680949349,0.14485822940494492,-0.6032221782594898,-0.38139919807438294,0.11239096298596236,-0.4162739194019558,-0.32230078024257236
U,0.0,0.0,0.0,-0.1961988944758349,-0.08852498695940934,-0.17920246312507238,-0.33356356617877414,-0.23165142401394176,-0.30936090521651094,-0.30091306063473927,-0.37923892868880515,-0.4371577509333784,-0.1332431292898427,-0.5073839100775583,-0.552561456068996,-0.3246254333535141,-0.9345128316054007,-0.2023205020501691,-0.3797423820864504,-1.3675552132282014,-0.3460779497136567,-0.4011002867661441,-1.6379296376927293,-0.43979946971943373,-0.41084093371759456,-1.9032549421477885,-0.4970295111708979,-0.1496190097119411,-0.9648785056550754,-0.21592503619924833,-0.2301246898226527,-1.4308885214107083,-0.35930141198726595,-0.26924461857814846,-1.7544801343854315,-0.4332558459464695,-0.2945533620329334,-2.057895593665065,-0.4656728338070919,0.03336268036896559,-0.8806611977107331,-0.24877165330976783,0.0241879714985317,-0.9470611487572518,-0.4414736169476221,0.003007922318193044,-0.5887784912712899,-0.44342358135496907,-0.009336754992068498,-0.33575843478562983,-0.3823484969194983,0.1917647404390042,-0.7285651972823775,-0.2987012205557609,0.18674620404714978,-0.8288179194071956,-0.4273798390201583,0.13769704504882394,-0.5974264090912531,-0.39847399161677716,0.10249633631297851,-0.412722249666328,-0.34048667626733153
U,0.0,0.0,0.0,-0.19879174475335024,-0.08587343981528311,-0.177456449577436,-0.3329224328916074,-0.2328026829440171,-0.3099853983984434,-0.29990185570983385,-0.3861674822538529,-0.44013188587090385,-0.13911547380623604,-0.5260290719942866,-0.558445679470029,-0.3330093132769737,-0.928453551650453,-0.21508191098071078,-0.397154364479631,-1.3624224900103419,-0.3692364077629567,-0.41894814895716376,-1.6405461092508702,-0.4721521136263775,-0.42419150271347783,-1.9106697599915863,-0.5359619874637985,-0.159804313165759,-0.9599215895379803,-0.23024578917430236,-0.24678213271693458,-1.4307035940924813,-0.38753365720849625,-0.2888778467250164,-1.759839097562071,-0.47256079066686946,-0.31064091210750644,-2.070221630041948,-0.5141049744194752,0.024923739879188462,-0.877142297590254,-0.2625985794027196,0.007905361225508839,-0.9715988033290441,-0.4594465168790285,-0.01444400541267429,-0.6168511130220381,-0.45703181697099843,-0.019886185213590177,-0.3656482575295352,-0.3947117014552094,0.18432097792045465,-0.7245520717811892,-0.3118552584060528,0.164211278309805,-0.8661211155160232,-0.44258701060032457,0.11362654027040225,-0.6349891367287787,-0.40852735531721257,0.08297491416032982,-0.4457742112005329,-0.3477256441503346
U,0.0,0.0,0.0,-0.2018264045789537,-0.07712271604500971,-0.18325878131885004,-0.3399611449590596,-0.22199335091518665,-0.3151961153321636,-0.3035357644039617,-0.3737881721896383,-0.4440169529985783,-0.13058673141262206,-0.5081991255207475,-0.5619658333731032,-0.3401212775640603,-0.9234096415479093,-0.2060643605248079,-0.39986932437340056,-1.3576293808456072,-0.34760475815819025,-0.42011924680741813,-1.6323974072391183,-0.44485093787280533,-0.42519374205451577,-1.8998782737327287,-0.5061585880223504,-0.1695214818751579,-0.9617445987244225,-0.21519710501596012,-0.25046091068953397,-1.4231476455680856,-0.35435524855686484,-0.2933505422652586,-1.7555559944770969,-0.4321854437795074,-0.31891037177131043,-2.0660592167571417,-0.471769735640991,0.010689461502163718,-0.888169016995343,-0.24371377931877558,0.007690682800778718,-0.9923440059341604,-0.4260355445139495,-0.009066546648434325,-0.6453687525101046,-0.42862901689154015,-0.01493532214378288,-0.39164417788395,-0.37225358707934497,0.16946929328876842,-0.7504808832591958,-0.2902462633956294,0.15680342373801442,-0.9279536154096235,-0.4170749238003002,0.11904742195871362,-0.717706826464079,-0.3907715712008358,0.0965697227092875,-0.5276159078598142,-0.3363391806558254
U,0.0,0.0,0.0,-0.20320730940127826,-0.0742710667172703,-0.1893924773895817,-0.34084501414954105,-0.21775584286746308,-0.32275172616668246,-0.30558351052129124,-0.3676051874440307,-0.45203084856904974,-0.1298409139851728,-0.5020698083477592,-0.5698065224064952,-0.34112994103030214,-0.9190959616262772,-0.2100439378704971,-0.3994684353186494,-1.36275888944034,-0.35356530208468906,-0.4204828361155542,-1.6403079281841104,-0.4516222858064404,-0.42610511500503284,-1.9113461410946708,-0.5139222975932256,-0.17015692942292931,-0.9612205608730724,-0.21702915178430873,-0.2518304040903054,-1.428796669553887,-0.35734928566532925,-0.29459789095287914,-1.7626905680631295,-0.43588733160523563,-0.3199334298435634,-2.076765165208753,-0.47653797488431204,0.010724594676316724,-0.8910930746194933,-0.24426383172085148,0.014375718294165276,-1.0040091042494705,-0.42746363531005827,-0.0009141562173020304,-0.652648922371922,-0.42976832765765255,-0.00863829252278119,-0.3971433029767795,-0.37336103343170746,0.17089295891517498,-0.7558874920671279,-0.2905100538504804,0.15729993590065033,-0.9343105259036152,-0.4203972305141123,0.12397714913084139,-0.7253684465074712,-0.3961060046024227,0.10489216997456305,-0.5365123843167243,-0.3426815742278807
U,0.0,0.0,0.0,-0.21453010093711428,-0.077827080341192,-0.1793783177332869,-0.35347507036377074,-0.2204626864527279,-0.3113058657855295,-0.3250680916714915,-0.3780716892533388,-0.4402737578013658,-0.15237874207176808,-0.506695496456601,-0.5572074032443713,-0.35818525996929357,-0.9202342061580504,-0.21166699204699332,-0.42342578030175,-1.3598114548155014,-0.3625237921117071,-0.4489826624787677,-1.6355683013671916,-0.46886113139849894,-0.4569289984619872,-1.9069305659910185,-0.5376072704447271,-0.1856509022402663,-0.956795701796403,-0.2237760655684689,-0.2724141313477706,-1.4254283975940705,-0.3740747614493413,-0.31567802452371846,-1.7645943629950156,-0.4607297774441717,-0.3425306997451665,-2.0847722037794685,-0.5080689750136056,-0.0013238174048144516,-0.8818726696302598,-0.25367305374831706,-0.008028121361483492,-0.98970259207037,-0.43774436863478644,-0.024844644011063385,-0.6406204831782496,-0.43593674972953017,-0.03292786088377835,-0.3882618804863662,-0.37851435869758326,0.1567068852949107,-0.7409261508180695,-0.30196662853631046,0.1443079169230325,-0.9118129811835589,-0.4272546313047955,0.10377554099595868,-0.6977674919749928,-0.3970791867889873,0.07716212136826676,-0.5108879026416924,-0.3412219181561152
U,0.0,0.0,0.0,-0.1976593844277077,-0.06898047647134146,-0.1874182389035712,-0.34570457468967863,-0.202492122824282,-0.3266203651170609,-0.3199558904357018,-0.34292359006766904,-0.46298017345977033,-0.15152276506684795,-0.47915458778774034,-0.5874131549672988,-0.3535945913337163,-0.9185442059440734,-0.2214834644858066,-0.4160692073430187,-1.3620331075635317,-0.37806145247910694,-0.43823529065374245,-1.6400445919935904,-0.47871148575586586,-0.44661914135244796,-1.911747499978395,-0.5398464424891453,-0.17173924068274393,-0.9564436655929175,-0.23605327313320226,-0.262778662283431,-1.432819188797741,-0.39446259441321396,-0.3102161081296619,-1.762016227387083,-0.4774099872568123,-0.3427133457870076,-2.0785407199580894,-0.5150487055968543,0.018568698066456144,-0.8803711407245055,-0.2692520930750566,0.004500763637429413,-0.9613173008221684,-0.47525570339469214,-0.013642069758243983,-0.5890601215103581,-0.47538156195722514,-0.02240647220514217,-0.33116047056563785,-0.4109911789421055,0.18246822712939373,-0.7306954532649299,-0.31987377975376213,0.1660083079985584,-0.8202885094170117,-0.45913097508848216,0.12247065355371094,-0.5730588997187923,-0.4283594205667666,0.09285213050819832,-0.3818550707288924,-0.36692400171595285
U,0.0,0.0,0.0,-0.19509313747459475,-0.06801956957818751,-0.17995081972553412,-0.3525823513163756,-0.2065496864066481,-0.3133948292151553,-0.31017766977662486,-0.32637750000918053,-0.44557161348261387,-0.14300510902028385,-0.45255014645422104,-0.5670859271031027,-0.34646060564121506,-0.9282949287261009,-0.21494580469335334,-0.4074984236432185,-1.371979649600718,-0.37169159759809456,-0.4314883798251677,-1.6542412238860313,-0.4708828496867178,-0.4434805327948091,-1.9264960235731194,-0.5309468288815643,-0.15932456852860494,-0.958475797346886,-0.23651602009890382,-0.2518190409782857,-1.4474937789860578,-0.3971252394903086,-0.29971478421004955,-1.7760772116665995,-0.4825616577333141,-0.33539645632054854,-2.0935453505885455,-0.5205175525170567,0.033473985915551695,-0.8714797903554709,-0.2760382985349523,0.012506714724195773,-0.9671415160736243,-0.49329215048272945,-0.013034720159577221,-0.5756593871942791,-0.4985642165624293,-0.029230264001144566,-0.3100629113997098,-0.43427531712273815,0.1935410742649089,-0.709531171198188,-0.33107504738081345,0.16746715271881213,-0.7765796783815633,-0.4824349656542156,0.11787594701520722,-0.5133163631363272,-0.45510683636313387,0.08381920676119578,-0.3219286158351953,-0.3935543348341048
U,0.0,0.0,0.0,-0.19627594854377958,-0.06335564861725686,-0.1695966921601005,-0.3619517153154953,-0.20829680380143067,-0.29636242829687903,-0.3169373778454165,-0.3231479503007708,-0.42437949883162696,-0.15020359057895272,-0.43496081984523727,-0.5427775256097255,-0.3559420725683424,-0.9250636978237443,-0.2030015995343166,-0.41585405284679583,-1.3665906415220517,-0.35878509788086377,-0.43841881227456675,-1.6517361909958854,-0.4553942452921698,-0.4476737445177579,-1.922427850137026,-0.5131651664778111,-0.16434696209989938,-0.959034553939054,-0.23074401487244287,-0.25626975273660796,-1.4433428467487175,-0.3934466989232204,-0.30307832971039156,-1.778383127933241,-0.4811620087158643,-0.339359288808763,-2.097900608057115,-0.5187668179204934,0.03141802847497739,-0.8726035803659598,-0.2756263941113054,0.015246522711872757,-0.9501249696318341,-0.49637993230178945,-0.016965413575002,-0.5581324969564646,-0.5057858071016543,-0.043134153423217574,-0.2854000473561945,-0.44257133907526747,0.19420150628293456,-0.7067359100252781,-0.33479256510786426,0.170689590896679,-0.7367234916518295,-0.4913366260589968,0.11779680741683968,-0.46995261079626177,-0.46791791537136984,0.07576521652329371,-0.2749450310355036,-0.4073189183538147
U,0.0,0.0,0.0,-0.19365793085210098,-0.06303259327838967,-0.15982132399937027,-0.35670137572830485,-0.2121766790243544,-0.27974372841132544,-0.2963968700421162,-0.32414988479317663,-0.401517394664253,-0.1345236703898893,-0.4301833997092926,-0.513985566497784,-0.3470595044603553,-0.9259736968068429,-0.199150211393972,-0.39982214648300224,-1.3656408689489317,-0.3543659862989471,-0.4220405250892867,-1.6523348643264075,-0.45051859372752434,-0.4351595899686072,-1.921482242830663,-0.5076674976636746,-0.15573147182655772,-0.9603482281562591,-0.23125524720504753,-0.2413667062646631,-1.4481360957528728,-0.39281909000195014,-0.2844953231153979,-1.782023279957054,-0.4805574214447781,-0.3187611860346961,-2.1013329081047636,-0.517678871016885,0.03775443336992346,-0.8734937103939431,-0.2790812236771682,0.03011900501113587,-0.9361806831418856,-0.4943723369664148,-0.0036248963692748952,-0.5437564244601389,-0.5019864337516007,-0.03294144190818654,-0.27443858951947125,-0.4389936594106008,0.2001709751727397,-0.7069052031756448,-0.34079400552586814,0.18580045797545522,-0.7119661312721632,-0.49251693140597264,0.12840920774795006,-0.4411557727127828,-0.4673399370982885,0.07976615844973556,-0.2485296034895988,-0.40612923183883126
U,0.0,0.0,0.0,-0.19345569658527714,-0.06687507614214257,-0.1612296550306072,-0.3520967964614563,-0.21839390336888964,-0.2825786268058116,-0.2799542733018716,-0.3338094421255889,-0.405373043905819,-0.10487927772040162,-0.4274439615057489,-0.5188125332980522,-0.3484531518371492,-0.9241294738860529,-0.20263107481767884,-0.39772398377826335,-1.3658513745823349,-0.35727995691451825,-0.4162341593445057,-1.6508510548149387,-0.4523115761498541,-0.4249640256560289,-1.9205227434856458,-0.5086346219179666,-0.15927343567280833,-0.9591995045735298,-0.23359855118316755,-0.23950802134163376,-1.4485408995036078,-0.394514707572242,-0.2762971539493473,-1.7762513671806097,-0.4789669808160204,-0.30320931077382673,-2.0937871456951433,-0.5135366889862139,0.03411879298970647,-0.8746940159175891,-0.2802887529740252,0.034853653892336314,-0.9256263404336633,-0.49277081462351874,-3.319860575261058e-06,-0.5264845809038473,-0.49723549006097534,-0.02959850988761425,-0.2595851710993993,-0.4325354596318983,0.19841049085089618,-0.7109762633640871,-0.3413915680053698,0.18417297584501482,-0.7172172106737456,-0.4868821631066704,0.1248287104889777,-0.44157856083379715,-0.4572410320678473,0.07643217359465437,-0.24826971925749627,-0.3942478737785054
U,0.0,0.0,0.0,-0.21894689464057934,-0.1455522713180438,-0.09617615946146667,-0.38170229339984535,-0.3863508203601899,-0.16104466664219116,-0.2967373450104082,-0.5166442525834827,-0.2340674108921129,-0.10152882112791199,-0.56113115729275,-0.30586646763590314,-0.24930439932945747,-0.9548810064333717,-0.13517154448783358,-0.2578653542357255,-1.3578783564604715,-0.25199715339048245,-0.2555534276105435,-1.607848945959405,-0.32385853695375494,-0.23489063480154188,-1.837796511387709,-0.3767557327277213,-0.06596310749062938,-0.9820597148197494,-0.1766566867637114,-0.0975779433172688,-1.424116730028072,-0.29015622815741327,-0.11018826525985258,-1.7008349576385973,-0.36401844398586236,-0.10319532462285153,-1.9544804392213286,-0.41076476658125927,0.10440495325465032,-0.8815918632210031,-0.22896154643656544,0.127580557810926,-1.0524179297077978,-0.38924379129699493,0.012199915899906499,-0.7829388657984547,-0.4415335511733765,-0.0740201018705437,-0.5612030194730685,-0.44322930329535554,0.23952846982089487,-0.6983887441580664,-0.2892595701156496,0.14487189376532883,-0.5277067104532835,-0.4382397136980916,0.006390902113474463,-0.3339218596366679,-0.4929645117317458,-0.08963485923176491,-0.2101916342682141,-0.5079074245316204
U,0.0,0.0,0.0,-0.21782322111284513,-0.14259899176245266,-0.09770816417386585,-0.38094381322263193,-0.37682803017867783,-0.16358969697588457,-0.30045360021620154,-0.5024260749408034,-0.23674274607379556,-0.11249204393166969,-0.5468426359232066,-0.30833123011559505,-0.2546579899912696,-0.9504739970112125,-0.14315326005795695,-0.26314161826010773,-1.3579312799065857,-0.26074363137230555,-0.26179584862092914,-1.6094026965196644,-0.3311913132085229,-0.24139812235273175,-1.84099335057955,-0.3828496031875235,-0.06783615740665573,-0.980637643425481,-0.1837064725185772,-0.10077063894430092,-1.4205647773469114,-0.29864940773261944,-0.11433885648795356,-1.6964926965441807,-0.37227470107853294,-0.10819527736579276,-1.9489142766473542,-0.41828465146485677,0.10562596872936982,-0.8798721402224379,-0.23440785834708222,0.122579872339776,-1.039643510028401,-0.3940664215963191,0.007240984314115006,-0.7722871943477151,-0.44445004627385454,-0.07964343198785392,-0.5552983257596026,-0.4451916473114724,0.24185664133222293,-0.694524368093621,-0.2933221290046704,0.1422698934626566,-0.5083631972644029,-0.44084316383113004,0.004815476432908814,-0.32042074593734987,-0.49485287862369387,-0.09045848135805645,-0.2048226056929981,-0.5093778334062512
U,0.0,0.0,0.0,-0.21783677852662503,-0.14424226672769822,-0.09686741583005395,-0.3785861987239765,-0.37161823794172755,-0.16596264231156146,-0.3126665422794108,-0.4964699654451043,-0.24387455410531164,-0.13621110216593638,-0.5523256754814408,-0.3187474248419781,-0.24953848568353348,-0.9485961972509839,-0.1389847024275381,-0.25723562313979176,-1.3501040350811153,-0.2617177393383717,-0.2536363482030712,-1.5987167914211526,-0.3363418784467509,-0.23014671992149288,-1.829531463342176,-0.39071260904541655,-0.06890136963971569,-0.9807767651757272,-0.1825637920103759,-0.1010564869067875,-1.4134170944496247,-0.30518117663544536,-0.11178521675877279,-1.689879462922499,-0.3836203335547622,-0.10413305235221514,-1.9455693930075237,-0.4317523311509266,0.10099883963398945,-0.8826143962286501,-0.23658672250706717,0.12435968145506147,-1.0355833766163207,-0.4034473413370019,0.0010799664616740333,-0.7516911025927387,-0.45069431531022286,-0.09619939753912234,-0.5240778985415387,-0.4469949242321801,0.23770341880891335,-0.6987928816315998,-0.2990757529512895,0.14607226100460638,-0.5060390038836735,-0.4511308094210102,0.0024688160056099374,-0.3121313629879736,-0.5028472612897892,-0.10279265104818397,-0.1918210958125451,-0.5138979061873018
U,0.0,0.0,0.0,-0.21985166529797215,-0.1250953724036778,-0.11682382494028745,-0.38383165315791695,-0.3444349418407692,-0.20100052529970172,-0.319825584836939,-0.473902809368813,-0.2911103665697817,-0.15463622682365977,-0.5408721404769662,-0.37512638691072064,-0.26645789504522543,-0.9527163141713764,-0.16295307491827504,-0.26912911431476577,-1.358684335719408,-0.3012885777162922,-0.26526055741112314,-1.6132595571851107,-0.3892178435333611,-0.2416961941114558,-1.8488059613081582,-0.4520183401022029,-0.09027183415876805,-0.9751044477308487,-0.20253965531008628,-0.11781080368412424,-1.413409252892309,-0.3427020361287275,-0.12047916777960951,-1.695052748046286,-0.4313112922381666,-0.10842115592195378,-1.956806488909496,-0.4852583274368085,0.07815977793506955,-0.8748393004382627,-0.2536250923120145,0.11709313529127703,-1.0382237805667174,-0.4339587013954976,-0.004157745247222452,-0.7361662497861077,-0.4739122736238898,-0.10873889600608448,-0.5012482388814349,-0.4622604102755706,0.21724060862459257,-0.6925952740004188,-0.3153468429405422,0.15842279944372054,-0.538724233823523,-0.4730948780801184,0.013978932173719316,-0.3307258236152559,-0.5144231146455344,-0.1041559337656576,-0.19914064058435912,-0.5157938531182323
U,0.0,0.0,0.0,-0.21368989929432985,-0.12786428247861653,-0.09748697270758776,-0.384902356984954,-0.34146594529490565,-0.16808442104318963,-0.32985001403574427,-0.4681711213119872,-0.2474687248275674,-0.16630490521195904,-0.5321878893552345,-0.32258754691411395,-0.2733122901936989,-0.9521069929193757,-0.1382848316984292,-0.27884812650350405,-1.3389412274297963,-0.2638871269415454,-0.27724643388961473,-1.5863877962356567,-0.34304783146907003,-0.2572293872337258,-1.813186327298912,-0.3997697489590254,-0.0960327724879745,-0.97838612226058,-0.18313465640391113,-0.12727570506259486,-1.3969933098262157,-0.3096391696349938,-0.13475434818889667,-1.6744369722979964,-0.392677265760058,-0.12424217505504472,-1.93029628767269,-0.44276247154074394,0.0756359079016102,-0.8811341823447678,-0.23828791982487996,0.09306782628835601,-1.000868476059182,-0.4033086834751713,-0.029726267839570338,-0.7094644992679326,-0.44909639676755486,-0.12525789723976352,-0.4818818667748155,-0.4436190672588143,0.21512915657364415,-0.6988936689299285,-0.3024483228167561,0.13581238377558502,-0.5010909480442816,-0.447225833567454,-0.0019199455471861624,-0.30223279855879737,-0.49205688295417105,-0.10284382644291819,-0.1803284890969317,-0.49794767055064
U,0.0,0.0,0.0,-0.2132376862454838,-0.13400290836558043,-0.10172977066663202,-0.37957921556732416,-0.36238206254269767,-0.17345974258859337,-0.3002009514386138,-0.4837451368088276,-0.252508462216537,-0.11893787131932002,-0.5352591459188625,-0.32813114193067267,-0.2586164353248546,-0.9597867537269836,-0.14855633089990286,-0.2619581974490579,-1.361015985700767,-0.2752745478881751,-0.2645342240096706,-1.6162243168929147,-0.3575160148908064,-0.24682569740797491,-1.8516776080966184,-0.41816269954014124,-0.0791210487224683,-0.9784245779869682,-0.19085388348178797,-0.10595827645742457,-1.4122339525147904,-0.3185648994556132,-0.11871183971431017,-1.697838846819793,-0.40588471472900844,-0.11247059552259556,-1.9598995635630978,-0.46190233732876385,0.09424580376716683,-0.8791358644028888,-0.2428922594194054,0.13617782563975542,-1.0501403910874143,-0.4136053296610417,0.010210554838754079,-0.7583041376518722,-0.46200888198297385,-0.08938989484980021,-0.5179376653206957,-0.4586753743943909,0.2361011193881254,-0.6995038193774554,-0.30354207773504055,0.1546904051555754,-0.5375235382828475,-0.45758735526414396,0.013666453751781089,-0.3359779431581886,-0.5054787442231914,-0.08733706317652774,-0.20448094875437195,-0.5130861140600637
U,0.0,0.0,0.0,-0.21495338707567543,-0.1323492915129916,-0.10041187783801409,-0.3840676768522256,-0.361151573806496,-0.1692283389921944,-0.3057610599996405,-0.47985526072780726,-0.2452298088775007,-0.11607590729218188,-0.5232252788567008,-0.3176570601661153,-0.26354552183738955,-0.9527205060325833,-0.14471910020949108,-0.26688937901605336,-1.3560202260440077,-0.2701310357668555,-0.26835376064509,-1.6119019142264308,-0.34983575704533604,-0.2503930439589889,-1.845482742329898,-0.40824644395312915,-0.08514735655661482,-0.9787906540222926,-0.1863297702194508,-0.1086285386309609,-1.4083847902964408,-0.31175481680610634,-0.1172857196027313,-1.6898302240464074,-0.39535028353045454,-0.10921003494842887,-1.9474930867279272,-0.4479060787956206,0.08640925828981648,-0.8832464919233853,-0.2381561615555517,0.13440226334974065,-1.0336700023663896,-0.4057505600119023,0.013753634405974664,-0.7428098615078326,-0.4543462163834163,-0.08407050401750457,-0.5071172836198764,-0.45134985848544223,0.2258500078563352,-0.7056688870613173,-0.2988230602555979,0.15424488777640988,-0.5196580654766254,-0.45105774221930395,0.016217443829167625,-0.3170117672447884,-0.5011592034718179,-0.08510560394546167,-0.18981547760537842,-0.5106832071608176
U,0.0,0.0,0.0,-0.21688927275914027,-0.13193521053464527,-0.09968741176359357,-0.38773668377396664,-0.3625650197144911,-0.1667834971387858,-0.31303533465095174,-0.48293433981289474,-0.24127300015742933,-0.1156765349840405,-0.5208667235625863,-0.31321824742132526,-0.2692899120358844,-0.9465130941940387,-0.14195461694686415,-0.2739291973329054,-1.3554992366685854,-0.264546256635905,-0.27522656790345223,-1.6121441426343386,-0.3392418808731626,-0.2553489539509691,-1.8446747152110048,-0.3932962015304604,-0.08892358655062295,-0.9790071404505728,-0.18340560160956462,-0.11755510811571328,-1.4098094039902562,-0.3073268080186986,-0.12528907413482435,-1.6922832212980412,-0.38688592535756783,-0.11403263150570937,-1.9519733611850074,-0.43475448162279845,0.08361190582200645,-0.886775481860961,-0.23516084867691342,0.11916395300161943,-1.0139728174730664,-0.4021355264650741,0.0011405188333391961,-0.7211693304136663,-0.44995288806607725,-0.09327652623436956,-0.4885735042719086,-0.44537647518697443,0.22138406801917285,-0.7120910801584224,-0.2957939243352964,0.14821698827910235,-0.5073428208719517,-0.4502116731673875,0.01589126960802412,-0.29744236705477467,-0.5012185307444162,-0.08065968862867215,-0.1668093907104346,-0.5103766760867325
U,0.0,0.0,0.0,-0.21023115842320722,-0.11756634651019048,-0.11215209082629507,-0.3769435157252352,-0.36226064639540273,-0.18173473114776906,-0.2808396495291866,-0.48845501399553604,-0.25515941443497514,-0.08399682078989829,-0.5291565395640536,-0.3239429982226859,-0.25943324961873504,-0.9491900962331629,-0.1551423468882392,-0.26036479610621666,-1.359028643368851,-0.28380283749510854,-0.25702423940493907,-1.620451880621445,-0.36661169689719747,-0.23561151770352606,-1.8601736330758059,-0.4276835879001729,-0.08070887770371928,-0.9782794094848196,-0.19093316641652028,-0.10334517184928499,-1.4182752956693543,-0.32432903532881613,-0.1035825449034506,-1.7063363168173746,-0.41041449428088306,-0.09131541543585699,-1.9775497140709306,-0.46369439555747566,0.09414839350155188,-0.88632090476519,-0.2374220239537784,0.15500440044141214,-1.0376776318218424,-0.4155887782184641,0.048255250052494335,-0.7223468006288054,-0.45760049496374344,-0.04872387829860482,-0.4769660766024235,-0.44693476691461986,0.24050111711910094,-0.715645294352181,-0.293934323225804,0.20337956059343346,-0.5598645371949541,-0.4586676540637853,0.07389541454845494,-0.33479939824506155,-0.5040842160458454,-0.03439931176616843,-0.19157657293965508,-0.5076064222728944
U,0.0,0.0,0.0,-0.20732420088721665,-0.10400179136687245,-0.18076466899164825,-0.3271198256719818,-0.36608273347315506,-0.28389422104872225,-0.14325182139031994,-0.46763554117945333,-0.3761060825533698,0.08434933084860778,-0.5064004190949698,-0.4594648417351316,-0.2128316695728545,-0.9289497488446901,-0.23538175480627718,-0.20024917153953023,-1.365310607522565,-0.3888759489486561,-0.18317595527826858,-1.6482631184357317,-0.48279067218461696,-0.15214859901448002,-1.905076634478969,-0.5507062142945462,-0.008526685524419878,-0.9683936919278132,-0.24928087184617156,-0.016658577993212707,-1.448595580515588,-0.4109571784563312,0.0016507416587956576,-1.7657797105811952,-0.5073723456776305,0.019473431367905445,-2.080798706859646,-0.5664900195465874,0.16932336364994308,-0.8601351024964444,-0.27828161496110454,0.2959444747921534,-1.0555053074501237,-0.4960907118745254,0.2219353440924769,-0.71392201651,-0.531832308905099,0.12621322869115606,-0.4602501664885735,-0.5082685998056522,0.3135216327773625,-0.6674599407254426,-0.3221255213712091,0.3546274012815382,-0.5885427089791256,-0.526984271293927,0.23988491648951815,-0.3409092926352632,-0.5684610819346078,0.11025683342682867,-0.17249141958188932,-0.5622709062737646
U,0.0,0.0,0.0,-0.2059592854098405,-0.08705161689510071,-0.21609166021824627,-0.30907704614979054,-0.31770873539491923,-0.34163443181982,-0.09784853124416831,-0.42342375021887857,-0.45156911137030276,0.1464631161225764,-0.4808419045637858,-0.549582960906208,-0.20126221384307885,-0.913797704276068,-0.2642753141814219,-0.18488236742671346,-1.359895143968108,-0.43235813628915637,-0.16325361232891553,-1.6482331056733273,-0.5339593239613277,-0.12778193748116223,-1.9179477818905126,-0.6071087520646211,0.016319518998766155,-0.9631516704515782,-0.26846328055431207,-0.003507033876435628,-1.4495542811919673,-0.44138346193412004,0.014299079697065401,-1.7654031328860595,-0.5384936702569335,0.031813716589744856,-2.095846774461028,-0.5979930675902271,0.19438065473377644,-0.8500050586424162,-0.2923722003622117,0.33013597174521253,-1.0557471653488995,-0.5332486246469789,0.26922263733224006,-0.6910637982960987,-0.5688135953168615,0.17635101220243404,-0.42859687919680045,-0.5390185717088343,0.3373214963691553,-0.6414976277832437,-0.33395202624188774,0.4119234393481188,-0.5961648544222341,-0.5628752077548145,0.3007328117576435,-0.3434950021034772,-0.6092595303396087,0.15820727676552676,-0.16353556362801092,-0.6021311580060231
U,0.0,0.0,0.0,-0.19770820476678116,-0.08428427191921904,-0.22576934470923982,-0.2979165799206948,-0.3115055335824005,-0.3589253758795286,-0.07244662766789826,-0.40380399324339317,-0.4763745288720063,0.17911777147640587,-0.46074170697516587,-0.5818851162184615,-0.18533970078699008,-0.9129368889381,-0.2681407107543836,-0.17059446498112518,-1.3553170760922846,-0.4375453586651625,-0.1514227244572679,-1.6351316558882822,-0.5388376164058336,-0.11372281848394937,-1.907014157061542,-0.6118316206108514,0.031341831722430824,-0.962853323143894,-0.26819986520325195,0.010077680666435917,-1.4404928335237082,-0.44321716743207834,0.030816882161911675,-1.750252070784611,-0.5379769481979458,0.05623524805529191,-2.0805888242320396,-0.5947721318972535,0.20769871045593746,-0.8470992010428735,-0.289918861729381,0.34881325769667415,-1.0314915863382632,-0.5373623435003818,0.2870311059417913,-0.6478702889545161,-0.5718767217173816,0.1936268116416512,-0.3694543081886753,-0.5378368455558893,0.34910285592628104,-0.6334459963761419,-0.33016330608310096,0.4400267793837752,-0.5933523668438899,-0.5656843960159099,0.33153319307204193,-0.3339968887979685,-0.613047743205516,0.18841784290241054,-0.14766997888570782,-0.6042033351746745
U,0.0,0.0,0.0,-0.20383220772020594,-0.07825364461528256,-0.2373357540212282,-0.2953600741498985,-0.2950233724600663,-0.375805114096962,-0.05162660916524391,-0.3851262617130787,-0.4935568905023056,0.20540193712524332,-0.4344155543293186,-0.6003167684375834,-0.20130736645033173,-0.9061411535441396,-0.29637248681243294,-0.17179898205883187,-1.3594465576211643,-0.4695222789673312,-0.14251963066911397,-1.6447093210354182,-0.5777437962157291,-0.10018055203335226,-1.918583960993543,-0.6566755323286978,0.02735248220729283,-0.9567376409561986,-0.28966347387039987,0.0195725240124472,-1.4474974207432156,-0.45898286289959,0.04489763221500585,-1.7592226613973962,-0.5570351147020318,0.07198273366860843,-2.0923692301800645,-0.6211091512943883,0.21040610804734233,-0.8422876165252559,-0.3031680455736766,0.3535180218516993,-1.0344803333825932,-0.5346330744237797,0.2920343548305549,-0.6742190068491736,-0.5705450593046144,0.19936595883449088,-0.40815071550307314,-0.5449893378357721,0.3553273193551967,-0.6310723077020685,-0.33654560224666,0.4310255709202386,-0.5995188503434152,-0.5598226486075746,0.32921629294045157,-0.3550553031589681,-0.6057617278046943,0.1945910316161074,-0.17384468713178594,-0.6001170230045666
U,0.0,0.0,0.0,-0.20707676928659347,-0.07967784338944019,-0.24612009621073758,-0.29552222714841486,-0.2920633550653546,-0.3889608155366562,-0.041060962942668214,-0.3910682798078521,-0.5083369343447007,0.21970833387331987,-0.4387866394539278,-0.6144295726547602,-0.19695296026789907,-0.9113520531267839,-0.30748868487226466,-0.1668475358486989,-1.371237309605231,-0.48412702899767807,-0.13702780245052906,-1.6547605662330975,-0.5968638686047485,-0.0931002945563795,-1.925890403942061,-0.6787786475547485,0.030804571507322662,-0.9543422682649874,-0.29712272443737625,0.025866766653371686,-1.4509504454705098,-0.4689887037346718,0.05417950086069627,-1.76491576646886,-0.5692569315514685,0.0864619578844337,-2.0998173800479623,-0.6358089062415493,0.21328342766356606,-0.8338252704308783,-0.30705810619449114,0.3651265297340047,-1.026768083859594,-0.5356265532917777,0.30330458460985293,-0.6623343129614088,-0.5634929476414663,0.20737418955775402,-0.39330249250677446,-0.5331972894467157,0.3510273427247275,-0.6155907377815171,-0.33865602533004513,0.4418747834525133,-0.608969680808424,-0.5580237135037109,0.3420247243479504,-0.3659836027970956,-0.595601665147649,0.20343378986666688,-0.18017091674221644,-0.5842658161612515
U,0.0,0.0,0.0,-0.2045487333012855,-0.08384844943056867,-0.23975600124991459,-0.2996682641100328,-0.2972924959420709,-0.38039453703305615,-0.05191975643318753,-0.3882796350163037,-0.49950364411845616,0.20564729578864052,-0.43283983009412413,-0.6059401591189436,-0.19556047594996787,-0.9110289489539898,-0.3025580365378448,-0.16639154083489635,-1.363010097051361,-0.4806110396687341,-0.13712717754822684,-1.6445073675710875,-0.5958465081964038,-0.09431656795055053,-1.9143046474467977,-0.6802990945441283,0.029527670519365123,-0.9548678436762065,-0.2955596687419507,0.025502920106392855,-1.4438909580480268,-0.4690191043513431,0.05578325186638788,-1.7543357744647683,-0.5710373571076048,0.09034481018818367,-2.089819928796376,-0.6391627732521519,0.21009536639883175,-0.8348378340346314,-0.3087872346404301,0.3586294189924136,-1.012644116011457,-0.5365963260155551,0.2958902607264419,-0.6464827025466673,-0.5652231732252637,0.20241681412712506,-0.37991818136042815,-0.5362041597008209,0.3460190311711999,-0.6165131851026255,-0.34329499817677245,0.4305764643061573,-0.599091644213557,-0.5610364950742599,0.32900487128366046,-0.3580386337391799,-0.6000363431361644,0.19245440281585025,-0.17994648125264312,-0.5906690641314933
U,0.0,0.0,0.0,-0.21745904302982594,-0.11102859457051807,-0.15334052224370584,-0.36410374837958226,-0.3505980667891817,-0.24376148091718877,-0.22224427097467817,-0.4596348498808698,-0.3282440529493629,0.0034205473083613576,-0.4946606361350398,-0.4066363233159398,-0.26002666737759955,-0.9349637304312038,-0.20585875225876996,-0.2484869718389936,-1.3726425953109003,-0.34939856005698106,-0.2299066955110532,-1.64849633497716,-0.43677144474401475,-0.1905277996777802,-1.8964543430990217,-0.4993404047935862,-0.06392403240710627,-0.971438790846642,-0.2285178192597448,-0.07499765016016055,-1.4434368013588714,-0.375177114959027,-0.05745893160604018,-1.752937157968194,-0.46445914942339567,-0.036614965091031314,-2.0493973007232102,-0.5193494677885128,0.11432103149279849,-0.8677291629679105,-0.26488505343356483,0.22151871881985782,-1.040744476218244,-0.47167989815252015,0.1334963093916482,-0.7201944971345299,-0.5233628306572273,0.03169471286624614,-0.4676596437950166,-0.5139759996542389,0.2530428211878152,-0.6801357011808415,-0.31263626802195665,0.2536699520301543,-0.5419333685989103,-0.5128321060839185,0.12779783740887604,-0.3029938741200542,-0.568273705808822,-0.00017650764304486406,-0.13802084286831665,-0.5738691302707267
U,0.0,0.0,0.0,-0.2171007332278427,-0.12172842675950339,-0.11522453568483931,-0.3898766361611658,-0.34294649886834344,-0.19150244664891994,-0.28783420448445846,-0.4487313804990506,-0.2705841640723475,-0.07354906216727086,-0.4748319404374036,-0.3456698583216288,-0.2778836502433931,-0.9295146574989632,-0.17170136136983585,-0.28001124048770104,-1.359177009877201,-0.2990758482920558,-0.269764477711724,-1.6328566420096964,-0.3716712880089554,-0.24247566274711183,-1.870532649918099,-0.4212297226704023,-0.08953728005065299,-0.9746953131324634,-0.2048221717459815,-0.11171589410216579,-1.4248856011574038,-0.3311702543397929,-0.10482059406325005,-1.7300174181833083,-0.40771553526157084,-0.0845884644942106,-2.0051529897194857,-0.45122984181114656,0.08820393918630187,-0.8848822492522611,-0.24851657791427048,0.12382724131054207,-0.93969954247298,-0.40811550230586696,0.014927541804904205,-0.6665183033356221,-0.4544794325571759,-0.07701321293391811,-0.461118410922664,-0.4488538851373449,0.2275424865407283,-0.7034504970463658,-0.3026709485859407,0.16000190986525648,-0.48216873607794725,-0.4428710562951391,0.029389239344644984,-0.28812357124614524,-0.4867754193792661,-0.07456949252089666,-0.1734453905662383,-0.4927739440541642
U,0.0,0.0,0.0,-0.22416997733147323,-0.13273794937424824,-0.09632583228731542,-0.4052226008077353,-0.33803024773961676,-0.16705061868166632,-0.3433177985640291,-0.4496277379390675,-0.2447481227766858,-0.15094055550916596,-0.4707911932437957,-0.3195540705955262,-0.3041616255306154,-0.936231109099727,-0.14625303082972382,-0.3056828779902705,-1.3368339238220979,-0.2659276315238127,-0.3048214975301532,-1.5945215400574433,-0.3368158816690828,-0.2805861100551017,-1.8218071032296168,-0.38694817572729556,-0.11991682740803618,-0.974567801401287,-0.18930809537960347,-0.15239983534748236,-1.3909168263288136,-0.30781508219264364,-0.1556220218921836,-1.680688720996501,-0.38532456125708014,-0.13713410784015911,-1.9432154635226093,-0.4311062019031009,0.05609555108179747,-0.8801930483427562,-0.24168671425904267,0.06391423525824684,-0.9338149563973436,-0.3938371000615137,-0.04492235517231663,-0.6758340420641529,-0.4442995493622595,-0.1280034749629157,-0.47905927636617956,-0.44473355259408787,0.19257173574698916,-0.6949025109556999,-0.3027717678075168,0.09326645652534359,-0.4542341745761247,-0.4357606283452042,-0.040834500753443206,-0.26801736087075656,-0.48128137010186245,-0.13650814538814626,-0.16193757767748257,-0.49021643843346613
U,0.0,0.0,0.0,-0.23826623365779892,-0.12197818188605859,-0.08419565082147576,-0.44521547807957224,-0.31762859615488953,-0.1592219381285486,-0.41838182523607753,-0.43893742281874215,-0.24673522218053615,-0.24185974289818196,-0.4618856396004903,-0.33255313205657144,-0.35878396713628286,-0.9437505554229199,-0.14935378351175518,-0.3695563518498626,-1.3551330585027064,-0.28144815093579184,-0.3687902984127698,-1.6241053522536355,-0.3625610055913202,-0.3455593156931737,-1.86177236234192,-0.4168662141337787,-0.16882917951187956,-0.9638414926361547,-0.20617052461070928,-0.21151136441253832,-1.4209129861616066,-0.34016063509070316,-0.21715691156041403,-1.7407867112909785,-0.4249781764868358,-0.2033194987977064,-2.019555144935509,-0.4714735282570625,0.017894869859358137,-0.8589164989895606,-0.27044776201026854,-0.026748354839205075,-0.9244095892068281,-0.43716169351839784,-0.14074374282977647,-0.635887664670841,-0.4817439983415824,-0.22138842544386078,-0.41643605357736574,-0.4700956295887228,0.15943153805120644,-0.6673702623233096,-0.3420506271475645,0.03718972629508802,-0.4722842602666338,-0.47159913414882076,-0.10456212087178209,-0.2810451167733445,-0.49942689553514913,-0.20511889989535795,-0.16087732904515617,-0.4925190295326221
U,0.0,0.0,0.0,-0.24509853714294969,-0.11561165449354113,-0.1048720642776013,-0.4696147341024876,-0.2879147429952915,-0.19980826322395512,-0.48602241427544857,-0.42483041979234265,-0.30472407200034796,-0.3122473737734626,-0.4328966151082645,-0.4087267665449733,-0.4252469540441717,-0.9187541733008209,-0.17867298811512033,-0.4416603517691404,-1.3450193810053483,-0.33005335679795633,-0.4531337845593523,-1.6261552249312194,-0.4268170216872727,-0.43746684501318234,-1.8725581050961013,-0.49233339133896015,-0.22900299295737864,-0.9446676013285616,-0.23486326280775524,-0.2867689032206872,-1.4117620596821205,-0.3936182412449004,-0.30572364693253945,-1.7403688320782558,-0.49674294744439895,-0.30204916684218014,-2.0142097149257046,-0.553665518786554,-0.03174173113556451,-0.8467086768979807,-0.2986882164606106,-0.09232004170316432,-0.9594229089712625,-0.4936723043744211,-0.19724982671779848,-0.6514058884000306,-0.5500672727229656,-0.2704626566555687,-0.4068578244587227,-0.5411741499777646,0.11350441893688107,-0.6620927342667962,-0.3696055816179818,-0.03159858057418353,-0.45531556005329954,-0.5191334105099876,-0.18551740999775088,-0.24657387732215286,-0.554120540633843,-0.29513897583776544,-0.1113829953807942,-0.5492150927723185
U,0.0,0.0,0.0,-0.24699002221238736,-0.1196355124973487,-0.113347242745127,-0.4644710544819063,-0.2805046022525777,-0.21397764482647358,-0.4942941624211355,-0.4214973700048641,-0.3226499467777013,-0.33240477482145603,-0.4449703963064759,-0.43009866596251173,-0.43839287194335796,-0.9151161254934855,-0.1784700526497971,-0.4524721729436316,-1.3380721742889077,-0.32864707159211975,-0.47006980846449936,-1.615481436509211,-0.42531345097032386,-0.45840932251688044,-1.8587703501193928,-0.4894395485004397,-0.24121791768807382,-0.9427020744145655,-0.2304923319347184,-0.29770080562216406,-1.4078320313240924,-0.3860421528636078,-0.32646549563467253,-1.7395473437637057,-0.48822652063110344,-0.32957238882037243,-2.0139894686865203,-0.543807410752593,-0.04221554205870707,-0.8446941716103783,-0.2912288300824097,-0.11541099812866483,-0.9656347112817601,-0.48621164002563333,-0.2207182578035394,-0.6737445561888867,-0.5470659324219599,-0.28825128444621806,-0.4354356905891439,-0.5404369246516418,0.10259264130225706,-0.6555791656996814,-0.3591094628942815,-0.05258101001590574,-0.45284144793053976,-0.5087044584575845,-0.2069119732584078,-0.25596953768123626,-0.5446853439322521,-0.3136162594120123,-0.12565571699844888,-0.5395835352679695
U,0.0,0.0,0.0,-0.26018181904276894,-0.12861776598678237,-0.09790307784872013,-0.4725017996736916,-0.2866945843081121,-0.19335263505302275,-0.5416957407542863,-0.42643225584372346,-0.30115914619808576,-0.43302952907089975,-0.4564992755438364,-0.4071700084402768,-0.465067669762232,-0.916368569773317,-0.14964487791546366,-0.4940967326166673,-1.3268967302581631,-0.28679833017640644,-0.5184239124781649,-1.5894566435618085,-0.37651596930807696,-0.5136700573971031,-1.8286793922499767,-0.43764148235475514,-0.26591656773805783,-0.9416802494755646,-0.2062199959995372,-0.3465203974061165,-1.3990160635072264,-0.35456274715350317,-0.40041439213590446,-1.7123717986955502,-0.4555329797569479,-0.4259290811782938,-1.9698626302938387,-0.5119942895745784,-0.07031314408852338,-0.8439444043175832,-0.27027197512772944,-0.2155761910501238,-0.9659895042699337,-0.4593327757917323,-0.326971891949397,-0.6580441695208102,-0.5064398522054342,-0.3851827519580608,-0.41267365313499593,-0.4909214109535345,0.06405570467838685,-0.6504675936616964,-0.3404242709067831,-0.13928328699372672,-0.4688147512504906,-0.4785100520475657,-0.29021341287056873,-0.27397181713534285,-0.5015121027601288,-0.3822659510939555,-0.1489604898024262,-0.48834136800737593
U,0.0,0.0,0.0,-0.2756328587607541,-0.12875729010665646,-0.09178017694817373,-0.4950546129638525,-0.2833754316145533,-0.18362805120382375,-0.5779290719206753,-0.4195494646836782,-0.28953063120623596,-0.47731707465664175,-0.4714230789961499,-0.39428528846485855,-0.4856369539801955,-0.9117740580897461,-0.14131976091346543,-0.5176966923566353,-1.336202745273998,-0.2782993282668012,-0.546821825121647,-1.599888116311225,-0.3691784928957356,-0.5444782001524621,-1.8398402517228654,-0.4305881599548371,-0.28878356683380835,-0.9361608764285007,-0.20051649550938425,-0.3664629085396756,-1.3972525839621242,-0.35070460574148554,-0.42654444488845034,-1.7127593296997374,-0.4565960354176985,-0.45517431621863924,-1.972974986297446,-0.516651932693057,-0.09622280155412688,-0.8438300862189515,-0.26661432055737244,-0.2543056365163316,-0.9526034278692487,-0.4530539440105155,-0.3735360879183671,-0.6580952969184404,-0.5018811022537809,-0.432398486326202,-0.42069018979175354,-0.4889353999385836,0.029109108344126552,-0.6531230259472606,-0.33863228777926346,-0.1813539262894647,-0.4696255662907298,-0.4702610205716925,-0.3241753164596272,-0.287702879889316,-0.48981011965996596,-0.4036237542312116,-0.17191554238812964,-0.47544577536380905
U,0.0,0.0,0.0,-0.27586749773587427,-0.1251649360431875,-0.09710821766869386,-0.4932283949878121,-0.275115046548723,-0.19263223305064667,-0.5864766612400389,-0.4179557607815309,-0.30058677102226766,-0.49534578786199285,-0.47551231851981274,-0.4071062244701646,-0.4864996657855783,-0.9125833293272535,-0.15088306769807022,-0.5213082786937563,-1.3433889328051132,-0.29108195625315614,-0.5525307781410278,-1.613375535950939,-0.3839440848352705,-0.5499727040936061,-1.8571035859133624,-0.4463937147819659,-0.2871867641547397,-0.9350673854311983,-0.2077805265110101,-0.3694838649287777,-1.4072587791607274,-0.3598177384765012,-0.43311289657246604,-1.7304486968572064,-0.4687030908485825,-0.46163389476647243,-1.99468342490102,-0.5317058200824645,-0.09392857052163511,-0.8410630931445446,-0.27128648320436693,-0.2553615237910689,-0.9701149714633117,-0.4605206987496624,-0.37775866141333564,-0.6819572571227908,-0.5112719388910494,-0.4354439136535374,-0.4436108147475968,-0.5000582387955181,0.030553028048395135,-0.6497908896660679,-0.3406393057332136,-0.18821852560421706,-0.4731600690124987,-0.4765925621283179,-0.33479289699457704,-0.289193228434673,-0.49871035887957654,-0.414549039656634,-0.169155706671682,-0.48602907564872533
U,0.0,0.0,0.0,-0.2761198929341023,-0.1330991739814712,-0.08709333900466652,-0.48963631908016353,-0.2954448260564155,-0.17733709961687946,-0.5890516537902084,-0.43880955309650116,-0.28245723957864927,-0.5063228560105395,-0.48964039398893017,-0.385746847415767,-0.48580118652413834,-0.9120145532164079,-0.13865259664773694,-0.5246129767750168,-1.3407676604146863,-0.2766259378991925,-0.5560382442453302,-1.6114702302296866,-0.3685353710869769,-0.5533067685584083,-1.8529580633458171,-0.4309445022589051,-0.28811084815205146,-0.9365594444687455,-0.19962100629317658,-0.3758644373787125,-1.405883844629547,-0.3534939713366776,-0.44083714191121215,-1.7282702516997128,-0.4650602550509816,-0.4697353225395815,-1.987415790463187,-0.5298278200974149,-0.09825720274479846,-0.8467394475596495,-0.26606865354322123,-0.274442960742202,-0.9664211265515351,-0.4507772708862568,-0.39036317723918507,-0.6752261086353678,-0.49352874727335627,-0.4425398103690068,-0.4371060267631767,-0.47770673440814854,0.021558197595296646,-0.6606428680352087,-0.3385948180726652,-0.20372956763308192,-0.4880228696774694,-0.4670935809082982,-0.33813550051533947,-0.2999924242399496,-0.4819788473121717,-0.40673851982112164,-0.1752995725751076,-0.46507532148997394
U,0.0,0.0,0.0,-0.2554369844622344,-0.11371212292726791,-0.08804729302163801,-0.47917976096299614,-0.29642884533822594,-0.1704376485024996,-0.5229561928328893,-0.46428519702642657,-0.2647467286362674,-0.36996787943660403,-0.5101140506514438,-0.3576312728555116,-0.4519296346391078,-0.9063942298112886,-0.1351120694262776,-0.4952567884026693,-1.300454751315728,-0.2617396686170381,-0.5217874066153106,-1.5572408134865507,-0.3477207324873599,-0.5218802463716006,-1.7878982867465232,-0.40963575764635,-0.2642994510191442,-0.9453315966161675,-0.1910339567461939,-0.3548515776892527,-1.3892986679164214,-0.32611520635721025,-0.40530915630643977,-1.6877850121839435,-0.4212924832744082,-0.4314781553790678,-1.937456399102654,-0.47768162604185743,-0.07238413239792305,-0.8659862439650893,-0.25438709148943306,-0.19221124534439535,-1.0005519790699877,-0.425052286172552,-0.28349738633767113,-0.7329405526378395,-0.4750467798781332,-0.33667342906872305,-0.5141276086423934,-0.4696878225394752,0.0714107655780707,-0.6920935466494521,-0.3240721618319347,-0.11097625135909873,-0.5383284256048346,-0.4562636704126272,-0.24610430940750794,-0.34109285014604285,-0.4847867686404219,-0.33354443915751364,-0.20274607090411723,-0.48017327517076835
U,0.0,0.0,0.0,-0.2400064873679768,-0.10624576345062182,-0.09367237387541279,-0.45409160616370287,-0.2848181868242607,-0.1750416958212259,-0.4763519986339594,-0.4564052416625727,-0.26332422979524484,-0.3193939604621534,-0.5149584270894266,-0.34999817096635666,-0.41896599201986134,-0.9118890528395085,-0.14856833657090512,-0.45573428736790045,-1.2880562082871028,-0.2746518646423473,-0.48207472574398996,-1.5379434281279702,-0.3613282703382296,-0.47921265803904023,-1.763697920822909,-0.423651046994465,-0.23189568605172145,-0.9525794633223709,-0.19701968644545456,-0.3191046554319469,-1.3815703876624112,-0.3265555610526016,-0.367218818080748,-1.6702341887607608,-0.418909376780591,-0.38745930616764335,-1.9134613573360122,-0.4747571427146958,-0.03819248888686512,-0.8730706752537752,-0.25242413969940636,-0.1146724263088968,-1.0094789023317718,-0.4180497605999131,-0.21910369597131804,-0.755277154656903,-0.473782498612585,-0.28809731247609366,-0.5402221196229117,-0.47546290213469894,0.11080201589783092,-0.7015941719551702,-0.31378713484678994,-0.04861893755894583,-0.5515387144049706,-0.4494041740288088,-0.18565496459991826,-0.3687753918072485,-0.4853072199966944,-0.2760382418845931,-0.24405816609073674,-0.4861264984454138
U,0.0,0.0,0.0,-0.24606412850931572,-0.09504008617275214,-0.1005635939189285,-0.4602401744885362,-0.2944748727590386,-0.1820005506680959,-0.46311055632497405,-0.4784755767753277,-0.2706669663842014,-0.2910101563335511,-0.5300901027463191,-0.3564247033167261,-0.4073532039856167,-0.9238356670014433,-0.14648611882778906,-0.4414989171978617,-1.292540607844131,-0.27941536034505315,-0.46375093232711956,-1.545352255577679,-0.37408518847999084,-0.45669158261919157,-1.7735686805254784,-0.44360214223556405,-0.22216643313196838,-0.9553464101242098,-0.19482123254974995,-0.29843483464539144,-1.3917063549453665,-0.3320394443881985,-0.34105557092823185,-1.682343425697799,-0.43033651013235047,-0.35435373229069794,-1.9327898960136072,-0.4919979230260308,-0.03240614851745146,-0.8691812066857872,-0.251755480977608,-0.06836869592646817,-1.0499520054833775,-0.425177369614909,-0.18196607391756855,-0.7560577549794882,-0.4746445140701093,-0.26279437694798835,-0.5171687803410393,-0.4706151397490132,0.1185105973085932,-0.6971706875399296,-0.31616484058040134,-0.011592026737181203,-0.5786541849196567,-0.4584874812244794,-0.14914655358253956,-0.3786780113693807,-0.49249266803675373,-0.24442745636378843,-0.24411477511485086,-0.4908922284815323
U,0.0,0.0,0.0,-0.22734759670717203,-0.09374559539578724,-0.09852805599887075,-0.4371177845505011,-0.3046559700683564,-0.1722209386208454,-0.4178099056503556,-0.4796723075112028,-0.2536182082439723,-0.24087612313684792,-0.5412235719909314,-0.33151684042841184,-0.36982608415675,-0.9280540455400286,-0.1331916436406892,-0.40918135406476536,-1.2853186650645292,-0.2596599060971578,-0.4231078242295396,-1.5307311517110396,-0.34889717936167486,-0.41079341633283034,-1.7543140836419064,-0.4141358850999969,-0.18846088604018907,-0.965930681373512,-0.17737083529782874,-0.26391921117408296,-1.380224734617228,-0.30592042639380634,-0.2962698910625344,-1.658198577247242,-0.3946365445449499,-0.30292823101847116,-1.9067664260933028,-0.4496812338853626,-0.004516856463824338,-0.8835541824331171,-0.2317308151374186,-0.02795184105194788,-1.0281307501978176,-0.3951706474599985,-0.13770140699427266,-0.7369707297925875,-0.43737209289102963,-0.21924983183883795,-0.5057079714504689,-0.42965169182443463,0.14429732440352733,-0.7141488516551571,-0.2946942190491785,0.04104633571172488,-0.601423973546368,-0.4311442246691263,-0.09030065110076942,-0.40410093904667677,-0.4629780166104812,-0.18824143177450986,-0.273175499494745,-0.46089915073550924
U,0.0,0.0,0.0,-0.21556311709226186,-0.09526606200011524,-0.1027145718376705,-0.41791717616726953,-0.3119514732061056,-0.18155441712980774,-0.38582639880698827,-0.48477791256081587,-0.26818191620971876,-0.21437546012432607,-0.5718413337005015,-0.3520821427476595,-0.34973974580333267,-0.9402461478057883,-0.14682152270896826,-0.3871344505762906,-1.315710050829812,-0.27882148393964,-0.3989335384527886,-1.569817533778873,-0.3701634651335819,-0.386858694826626,-1.8035539580640418,-0.43612379840973015,-0.16776856633393528,-0.9668763454417137,-0.1923638239782409,-0.2298807609042771,-1.4106300771116431,-0.32681291794574585,-0.25958708544937514,-1.6980588080517833,-0.41669434232187225,-0.2685529220679722,-1.9591216238387006,-0.472612363431809,0.018625830722300826,-0.8806534031917659,-0.24780392888460956,0.03066670155797885,-1.077035899986123,-0.42420615344129237,-0.0864641291952597,-0.7759229389723452,-0.46529475349776145,-0.18361081362068107,-0.5312697756746535,-0.454096348264715,0.17596832646066882,-0.7115403289069264,-0.3110665543900389,0.10353416505039677,-0.6595884820826011,-0.4598832455818835,-0.02780821904632615,-0.4480899808998405,-0.48741610622112386,-0.1335184307293426,-0.29568009593429107,-0.480014458331667
U,0.0,0.0,0.0,-0.21506105852709084,-0.0916532994870949,-0.11842127484341113,-0.40267079828853053,-0.3110240974838696,-0.20599428904545827,-0.3645808037587138,-0.48096316556733254,-0.2986022854072012,-0.2044507770933988,-0.5825923731541256,-0.3873565387499584,-0.33054519968439333,-0.9470898935421196,-0.16711132784814908,-0.3688613490576292,-1.3377473405494238,-0.31101818131190945,-0.3824260405810804,-1.600221082135084,-0.4105813764216363,-0.37171297966947725,-1.8441044856735407,-0.482367767755654,-0.1508554785243195,-0.9659031370815436,-0.21041329419794572,-0.20922662349501012,-1.4232727136061813,-0.3579623579176661,-0.2353360102056783,-1.7142463145942557,-0.45559126424891416,-0.24344239159578565,-1.9866282278046286,-0.5171910145605032,0.03299941097211191,-0.8710661732801273,-0.2645236399270045,0.07286245147593164,-1.1137476168152307,-0.4606802481260289,-0.04413738704044861,-0.7935694471348042,-0.500889419517522,-0.14884068082114432,-0.5372400287055297,-0.4861645096561144,0.19266533030623703,-0.6952564773912335,-0.3272640124893217,0.15312682500212485,-0.6742967624400653,-0.499347527388782,0.025586891037941224,-0.44178538823627794,-0.5290528960858586,-0.08542994211155688,-0.2730854727298869,-0.5192376059154057
U,0.0,0.0,0.0,-0.2132787037590033,-0.08864590321934933,-0.11791546288987846,-0.3971023346668164,-0.3090196026064084,-0.20330943054958475,-0.3528170212291577,-0.48070672486645016,-0.292978946900563,-0.20064569156548923,-0.5869935191878659,-0.3788891005676414,-0.32713557552865524,-0.9461465663104379,-0.1656090079000298,-0.36518035992423814,-1.33412104365425,-0.30594201883524647,-0.37756111628402805,-1.5980535196372336,-0.40394331013555834,-0.36628588112568633,-1.8416385595847249,-0.47473840936263506,-0.14800190109768502,-0.9671569747216268,-0.20664661506732118,-0.207217156237046,-1.4240331310167649,-0.35120332210576644,-0.23201410489517282,-1.716069409414652,-0.44813627991980015,-0.2375060747608244,-1.986358332001399,-0.5096073228420872,0.03407175501442745,-0.8741253235487234,-0.25829201798686896,0.07803514195952388,-1.1108337893876772,-0.4500593802966222,-0.03707159740531848,-0.8029593481851593,-0.4910127645464137,-0.13930748336199256,-0.5537927475104361,-0.47781182637169567,0.190082378426769,-0.7019133690124055,-0.3184469761576131,0.15049723182112773,-0.6951686286074453,-0.4868801733402756,0.024019560243562617,-0.47027534553282857,-0.5160230295464715,-0.08583505250070878,-0.3037882971022718,-0.5065284002493541
U,0.0,0.0,0.0,-0.2126166775193396,-0.08601022111779161,-0.11748980471591072,-0.39068896114964474,-0.3074731069963469,-0.20191411411828,-0.3432593533074625,-0.47589277425232857,-0.2906816356919736,-0.19707461583625863,-0.585743377637098,-0.3759881404372526,-0.32657614069678326,-0.9457895307644855,-0.15613795864308158,-0.3603875630360541,-1.325259181192094,-0.29187858539727074,-0.37008654986139444,-1.5838361402022976,-0.38755226919659796,-0.3581751153795997,-1.8247485943213453,-0.457263003136615,-0.1477603377317193,-0.9691840203469004,-0.19710204792854696,-0.20100038200260034,-1.4238469393648703,-0.338487356650531,-0.22687051632932265,-1.711946800300832,-0.4351520595792341,-0.2360341533124517,-1.9828422785892035,-0.49679978307278344,0.03398078394362841,-0.877936027919727,-0.24916341454148702,0.07920092935152469,-1.1194519447001297,-0.440056978616832,-0.03460011803617913,-0.8101579516884252,-0.4817346106311146,-0.13552908644827638,-0.5617842830352209,-0.4690166686268064,0.19028602161035973,-0.7050767382548053,-0.30943074642748714,0.15084228109844175,-0.7056316910559228,-0.4767696388742277,0.03238448614274497,-0.478810928429408,-0.5048113233136965,-0.06884399956025486,-0.311681872224259,-0.49484127831545965
U,0.0,0.0,0.0,-0.21494458473815276,-0.08645015175356546,-0.12469266100982067,-0.39194210580884015,-0.3036420424435826,-0.21779222504859228,-0.3436703815467318,-0.47395468743048136,-0.3143031817404457,-0.19868198558648548,-0.5890340145445154,-0.4074493981565075,-0.3271796153078464,-0.9428228671639908,-0.17382669252936364,-0.3613065785308197,-1.32462981893005,-0.31735743895709817,-0.36859953388776795,-1.5886221857311227,-0.4184454983461437,-0.35514686636012455,-1.8349142210165865,-0.49148796165745107,-0.14633701928662296,-0.9656833312203894,-0.21457208716279547,-0.20306650986757224,-1.4344309839877305,-0.36600240721203425,-0.22807358266746575,-1.73639508926824,-0.4680146731717445,-0.2367683070996523,-2.0242712255363586,-0.5327474440105459,0.03712490292849651,-0.8711390419559838,-0.2660924202475908,0.07991941832108047,-1.1236118179462318,-0.46532891479177146,-0.031097655537858808,-0.8166726412147187,-0.505440269153011,-0.13059868496583157,-0.571120600543339,-0.48950383705027845,0.19545487981350243,-0.6970141884685028,-0.326091498236304,0.15837892691685218,-0.7365121689613014,-0.4966253174487285,0.039425754221319255,-0.5187152958368741,-0.5205098860999678,-0.06444061906709848,-0.3533920576674481,-0.5069222563416627
U,0.0,0.0,0.0,-0.21615847502293198,-0.0911632877845819,-0.12617524504513145,-0.3947473134429086,-0.30214710739793116,-0.221712762933251,-0.3499079878466169,-0.4659585726523651,-0.3213308443591681,-0.20099458337140494,-0.5777244489329267,-0.4177870395438364,-0.33417386213243394,-0.9424821827480175,-0.16872138171502846,-0.3669700749640352,-1.3197078218922564,-0.3078745233800974,-0.37533768323700406,-1.577128089719331,-0.4076621291496937,-0.36319396432318396,-1.820829337210541,-0.48096934151491916,-0.15640856258537256,-0.9652253360691554,-0.20946697152573637,-0.21066788449286106,-1.4213595492565836,-0.3552361604543713,-0.23657396789375154,-1.7136260293235628,-0.45658492611961493,-0.24731357490015315,-1.9957785593006891,-0.5227227325477635,0.02624925773566878,-0.8711991472147749,-0.26146688013841796,0.07198210909122675,-1.111857506054171,-0.45387611549561757,-0.041376565332966846,-0.8105194232032926,-0.4944316272854402,-0.1456405234063908,-0.5685248516658212,-0.48139423349256755,0.18292921833203343,-0.6936661762947055,-0.322612752601747,0.15238352131465896,-0.7457044086924558,-0.48607162412157057,0.037936670103535124,-0.5350416936855183,-0.5075515837333051,-0.06549519956256139,-0.36937488005044505,-0.4943833124746922
U,0.0,0.0,0.0,-0.21967896972556694,-0.08807225033307217,-0.12526937972109153,-0.39932506202294266,-0.30629105674846036,-0.219443462506148,-0.3547406755367902,-0.47608744741800973,-0.3173758656359447,-0.20849671906042405,-0.5942974684731713,-0.4119851470952644,-0.33226316156674396,-0.9455836576471612,-0.1706288278930699,-0.3660481402063402,-1.3227644929761653,-0.31480320289962893,-0.37366399199196426,-1.5845457215773593,-0.4184193167170928,-0.36038450676418793,-1.828828543090624,-0.4929182989646044,-0.1530479174570566,-0.9653125642025744,-0.2115372032402546,-0.20461388478957612,-1.4243267520827623,-0.3615095267112652,-0.22569984312278485,-1.7142855321677235,-0.463603070238718,-0.2309472300103505,-1.99081115983819,-0.528744755930846,0.030458806627957517,-0.8710207182464401,-0.26389023360087543,0.0745291356199786,-1.1092390614855527,-0.45951646317715167,-0.03830348400630005,-0.8052049571631748,-0.49822814283759514,-0.13894854052949632,-0.5634341165993458,-0.48247008039638317,0.18824885446278367,-0.6938070980059252,-0.32513188309822744,0.16201332018155412,-0.7635232953287091,-0.4891350258290498,0.044373362884476,-0.5550209756418899,-0.5071361391415419,-0.061650695246573274,-0.3920179447673543,-0.49069570038078536
U,0.0,0.0,0.0,-0.21665480119791378,-0.08423379673837084,-0.1262768251019215,-0.3959245407903855,-0.29936937468997776,-0.2209463912599765,-0.34902972022477163,-0.4657200308237698,-0.3188810529663586,-0.20484176812367594,-0.5840051766993243,-0.41343469480956696,-0.3344252266564661,-0.9434448181019088,-0.17271870915717674,-0.36697869947936584,-1.3185168976265214,-0.3153173871567641,-0.37485870995640175,-1.5775918433307692,-0.4183242145770267,-0.3624659181489048,-1.8223548681378485,-0.49358983100328946,-0.15526242122814674,-0.9645851636939354,-0.21323471231466373,-0.2083877528879383,-1.4219166981248421,-0.36149661167751956,-0.23194997774438275,-1.7118318258531096,-0.4636286637689254,-0.24012784774955204,-1.9918930002803397,-0.5301034090964951,0.028625836834712898,-0.8710350271598437,-0.2647996730203939,0.07186235186289688,-1.1118823862209921,-0.4587310391499383,-0.042205278657841225,-0.8033751280969246,-0.49631764970936343,-0.1452459220124766,-0.5599463862932991,-0.48112342220591897,0.18772571822605233,-0.6950557076594717,-0.3254524915227861,0.1563024357761438,-0.7494391117803546,-0.4903140744579532,0.04227470606292524,-0.533461726542104,-0.5093508993535586,-0.05927943270756931,-0.36944955698501397,-0.49399567209177264
U,0.0,0.0,0.0,-0.21719792110906708,-0.0841564379363124,-0.12864255531486302,-0.3961206660370961,-0.3062113504844483,-0.22320960666337517,-0.3470312330975402,-0.48196668247638474,-0.32134266921845506,-0.19121264909171154,-0.5957332918494764,-0.41560161057798967,-0.33078618829374157,-0.9441461301502624,-0.16529243421788878,-0.3675316378329934,-1.3172088113780454,-0.30660923351807085,-0.3777092706368713,-1.5754107727947657,-0.4087370517422993,-0.36670852004029847,-1.818404688593013,-0.48344398806707606,-0.15511396336396613,-0.9665142567563862,-0.2044256585073716,-0.21141144279056617,-1.4192404252249937,-0.3535673828661973,-0.23643263312270968,-1.7068762040973047,-0.4551188446674068,-0.24493917775083854,-1.9852233273228845,-0.5202191115992167,0.027119941882792768,-0.8753375585057834,-0.25582791078463524,0.07017099064796742,-1.1186164838102695,-0.4533149442487785,-0.038196443174780305,-0.8071594473735353,-0.49086477272759454,-0.13541043208578857,-0.5610088549582305,-0.47345324674269895,0.1867656259832072,-0.7011518167105693,-0.3165871012006419,0.15840544043113156,-0.7752111442357674,-0.484016740864493,0.048688013900074954,-0.5602659613272148,-0.503140212683688,-0.04885800561813152,-0.3932987041069957,-0.4867783607052014
U,0.0,0.0,0.0,-0.2175063985474605,-0.09079898195651481,-0.12559067342384272,-0.393917661476282,-0.3114627362612397,-0.21822735762312107,-0.34318403080268783,-0.48352629704820943,-0.31457795883032924,-0.19425920109418496,-0.6010785948576373,-0.4072069504670495,-0.32796354392370836,-0.9448470118666731,-0.16730843436836304,-0.363601160588406,-1.3217646817502255,-0.3074642150020171,-0.3731623074860732,-1.5813631919076925,-0.4085804519194567,-0.3627376051973991,-1.8259156959265919,-0.48235607876529507,-0.1503550746837534,-0.9667670620813403,-0.20677233662039257,-0.20514858884193876,-1.4203064329735628,-0.35414375336089415,-0.2287638362672967,-1.7082981791053633,-0.4550949792191323,-0.23745605913579043,-1.9856058381896668,-0.5200897509571167,0.031295780257138965,-0.8747046606096384,-0.25758171231626664,0.07542181037845326,-1.116338912108134,-0.4509423873069433,-0.033285556632410986,-0.8110636307530315,-0.48684177479187135,-0.13284615607668301,-0.5699446690992962,-0.4694576273125599,0.18869430937691323,-0.7013797681112128,-0.3175855643794766,0.16488002466249288,-0.780017591589861,-0.4798119407897174,0.053143751533459474,-0.568505376974543,-0.49583339865737375,-0.048474229359292575,-0.40243987746950266,-0.47805510365933707
U,0.0,0.0,0.0,-0.21654677061930958,-0.09104938261526115,-0.12360647540785441,-0.39303781865725307,-0.3108521439008454,-0.21411454657596124,-0.34524337037834557,-0.4823524455920976,-0.3087733136006798,-0.19792228808841503,-0.5992442298727563,-0.39937768650058453,-0.3272506531983922,-0.9461250920570776,-0.16332412355616938,-0.36568777695658744,-1.3260740221638783,-0.3021497737029959,-0.3768910158713629,-1.5891211217213859,-0.4004880990733048,-0.36719761617503927,-1.834039904463093,-0.4713391087289956,-0.14902504940577602,-0.9677774499803785,-0.20297374697009898,-0.20548947749763127,-1.4219566096395833,-0.34978403147954845,-0.23023968482372761,-1.7131666989541694,-0.448278173976563,-0.23709054029230392,-1.9878254857213804,-0.5102371612899108,0.03274743701058932,-0.875580093743249,-0.25411708890943163,0.07361545788970034,-1.1147567592109946,-0.44694881772347894,-0.03248253539983076,-0.8146232342215445,-0.4806154133419645,-0.12733450566537707,-0.5763797221637729,-0.4605881018470774,0.19052943392793947,-0.703528596775875,-0.31433957119210304,0.16116933879741227,-0.7823363261621871,-0.4750957634396039,0.04903258841130583,-0.5694438982540099,-0.489101461470461,-0.0507875365918633,-0.4015080726519761,-0.46911803367637506
U,0.0,0.0,0.0,-0.22071836553597285,-0.08765755956954747,-0.1307274553133075,-0.397513226307852,-0.3053453234012196,-0.2276921798757911,-0.3509133175539285,-0.4867294151901221,-0.3280498341687572,-0.1941051286015977,-0.6054286791814966,-0.4240389337766489,-0.3283229538737865,-0.9420914154617017,-0.16549889354232383,-0.3639186289102402,-1.3130363269862546,-0.3064318956114925,-0.3739156502293044,-1.5710047179072886,-0.4091875809858188,-0.3627932842032399,-1.814708184340065,-0.484350905822494,-0.1517171446379214,-0.9671383534478046,-0.20402282547103692,-0.20454180928839952,-1.4152695308894736,-0.3519293191565797,-0.22853541745714298,-1.7008343163772466,-0.45326841288433517,-0.23475419701430833,-1.9766095093255913,-0.5190030662778661,0.030267370048290124,-0.8758534546859374,-0.25501341381648224,0.07438610189910012,-1.1186151496366208,-0.4492412067840448,-0.03418027865776065,-0.8158477202309644,-0.48362248965659804,-0.13062285791822764,-0.5752923901771445,-0.4651120234690285,0.1884752176855888,-0.7006181196776893,-0.3158946072877415,0.16387760081590275,-0.8012360684524724,-0.4779346082485132,0.05296929206369855,-0.5956374431487363,-0.4916054347986487,-0.04655926964607644,-0.42698614163999465,-0.4723090301785615
U,0.0,0.0,0.0,-0.22138793962964343,-0.08297146556104162,-0.1413867075748631,-0.3935577032564501,-0.28314936249333,-0.2475234986436344,-0.3755094430660391,-0.47065410894876514,-0.3563516185274477,-0.24179889632213378,-0.6115384537773573,-0.4590510784787235,-0.3332125078883353,-0.9423321523631225,-0.172634933021248,-0.370683742223835,-1.3107857335401965,-0.3207587477740393,-0.38323155756047705,-1.5680785161967732,-0.4274969637836457,-0.37165742345571334,-1.8128081393969275,-0.5036018115996782,-0.1594578804204112,-0.9647002043591006,-0.20958697498017162,-0.21269750689664838,-1.410341213142914,-0.36655506092252466,-0.2375307481559563,-1.696327797732562,-0.47069582532888354,-0.2417414924306583,-1.9761062209794196,-0.5361194277707931,0.022159093885832145,-0.8719703751912994,-0.260573026971213,0.06382518214545241,-1.1118413747291387,-0.4656418000117622,-0.04522075968469065,-0.7990211523713606,-0.4982655339303539,-0.13876765081645184,-0.553258308781993,-0.47500146479096417,0.1812949960775867,-0.6946202579602488,-0.3222856366642072,0.15952084593459018,-0.8076203149032035,-0.4899447504777598,0.048529527934513095,-0.6016948781656046,-0.5008440412562676,-0.05041054818459225,-0.43195087586974734,-0.47735378290782
U,0.0,0.0,0.0,-0.22386952828905632,-0.0881905972653058,-0.14473995122074781,-0.3970719521141202,-0.2824972189983389,-0.25580740061020346,-0.38475588567620894,-0.47423196975873533,-0.3698251110411087,-0.2497878459118071,-0.6179525465781057,-0.47750561972668387,-0.33485490862271233,-0.941072863913611,-0.17751954102107995,-0.3719458844137796,-1.311712523027429,-0.33013320049029393,-0.38526098737604914,-1.568230505109965,-0.43938948489934404,-0.3730601790441416,-1.8137866037958903,-0.5164350420719069,-0.1601668915628244,-0.9633661346349032,-0.2151098730549299,-0.21343488093444238,-1.4083754884222095,-0.37600532845434276,-0.2387605565311667,-1.6926158367174902,-0.4822685413121982,-0.24363250470743808,-1.9714130312229214,-0.547893774974478,0.02338762450286458,-0.8706629232885144,-0.2669740515978221,0.05655882764736317,-1.1031930613196193,-0.47594380259736163,-0.05279838238262326,-0.7862806293250435,-0.5086572635578953,-0.1452292017345464,-0.5393534975805901,-0.4837747733255195,0.1837830381928176,-0.6934785113686582,-0.329865045926196,0.15856843312385127,-0.8042609935658802,-0.4983256605394015,0.04799742362804282,-0.6024638910977714,-0.5076728337052755,-0.05002899730272572,-0.43653489186870864,-0.48206579273213007
U,0.0,0.0,0.0,-0.2230008560337987,-0.08721689583886201,-0.13942076903945713,-0.39567539915127553,-0.28626202255454025,-0.2461835584296294,-0.38160659489944276,-0.4784896872365098,-0.3561848965124838,-0.24654204633381266,-0.6177810782145167,-0.46025323213333047,-0.3344480459949816,-0.9392014529461423,-0.1731933490822704,-0.3718857645912516,-1.307646832807637,-0.32298222038492513,-0.38538410413370355,-1.564619201253959,-0.4308090480881076,-0.3747753747165041,-1.8095845437466571,-0.5079956051094683,-0.16049997680311978,-0.9639328228512923,-0.2123046642825753,-0.21363534488398456,-1.4055150784172918,-0.3711251000639222,-0.23925481329161005,-1.6918435986931109,-0.4776038036118399,-0.24610019041071307,-1.9712096978846374,-0.5446405851289047,0.021840164632160767,-0.871124136621002,-0.26498778305586773,0.057671370063984255,-1.1131098428380506,-0.4719810573846439,-0.05270587455272555,-0.8036665351916169,-0.5078232793055248,-0.1485874135045357,-0.5602194742541724,-0.4868341259909584,0.18239377827793118,-0.6928292898463011,-0.3279765282521802,0.15774216575962224,-0.7982087372100816,-0.49835189022467913,0.04435687129820102,-0.5953943760890273,-0.5123986614983971,-0.05820434880154979,-0.42973938028416775,-0.4907912887390787
U,0.0,0.0,0.0,-0.22293672656499874,-0.09723550065821991,-0.11689703695866381,-0.40465730380344256,-0.3058586657123696,-0.20233593655053725,-0.3770518286857155,-0.48038755992694754,-0.2938413497218779,-0.2257319342485531,-0.6068431186759357,-0.3813880664033461,-0.3407702145256749,-0.926024968813729,-0.16059375657555885,-0.38467424201664663,-1.3256629027461508,-0.30013092006750397,-0.40771942305432585,-1.5803206467703177,-0.38772817442668633,-0.4034887839259148,-1.8202736414309895,-0.4491250725937307,-0.16440925383875074,-0.9653699127079514,-0.20255993900677302,-0.2303973386283578,-1.4112395326408367,-0.34601898012159327,-0.2702474575525059,-1.690364271210431,-0.43448629457000615,-0.2855449402378547,-1.9491036640436799,-0.4867551651483492,0.016076025193529006,-0.8804234402437658,-0.256342872007574,0.041692272757315525,-1.1098993993347153,-0.4549797768143548,-0.0653475373774609,-0.7901892741107157,-0.5039470037591152,-0.14951022190583926,-0.5316216690322519,-0.4939623322710756,0.17463400451433483,-0.7076474267190876,-0.3181346399139642,0.1221256599900965,-0.6040081667907458,-0.4979682754371944,-0.003236630593090029,-0.366241607588069,-0.5450121957309808,-0.0981790723894349,-0.202723471204263,-0.5462370030818909
U,0.0,0.0,0.0,-0.21914831452895933,-0.09376545155705611,-0.11648413094183255,-0.40179120335510976,-0.3043111899633134,-0.1997929981452831,-0.37476347765959045,-0.4768281611592715,-0.28900759735460946,-0.22750231694854264,-0.6092344851471395,-0.3743191856682506,-0.3418857434013278,-0.9240269989675014,-0.15622872628777856,-0.3845108169380596,-1.3214990085284084,-0.29408432402311685,-0.40754591530043466,-1.5731428175675537,-0.3808936993039459,-0.40523753028987447,-1.81226610560524,-0.4415617829776472,-0.1681758591797491,-0.9659494856532874,-0.1966175769235874,-0.23394898264855396,-1.411752729577482,-0.33742487453220305,-0.2718810488702307,-1.6845387452203866,-0.424595323680819,-0.286535662384603,-1.9392868666499934,-0.4759609528110518,0.00889067284399219,-0.8878255193181428,-0.24901953169018803,0.032984265845313505,-1.1192621821948612,-0.4455518021928411,-0.06587845130910941,-0.7913745087700074,-0.49331506871631514,-0.14286126572872596,-0.5270964246618742,-0.4825937980078299,0.16394208124842183,-0.7249997125524914,-0.309596757562598,0.11249855967247813,-0.6141808811522986,-0.48830517507028665,-0.005546664382666187,-0.3661986189349403,-0.5353433346474356,-0.09410370439277699,-0.1968166055153609,-0.5364926620096159
U,0.0,0.0,0.0,-0.22045555143570397,-0.09653677755749264,-0.11928729046393627,-0.3985948946248802,-0.29904752373267685,-0.2076670636733751,-0.37757751086570873,-0.4731072802582062,-0.3012805837885544,-0.23509989746541385,-0.606725127499286,-0.38982689197627546,-0.33677201546590985,-0.9281425753402339,-0.16072814633158208,-0.3749422387016566,-1.3231755296301067,-0.3034173919259148,-0.3952476957720695,-1.5748402600614102,-0.3980772878061651,-0.38902249967958036,-1.813815784917212,-0.46517750659236107,-0.16187796671762847,-0.96606164833244,-0.2012968343332183,-0.2228422811462842,-1.4108522401295303,-0.3468106174708209,-0.2579836565168393,-1.6867115954700684,-0.44151201231803,-0.2705885101135798,-1.946071964543952,-0.4999029895967655,0.016219050032740188,-0.8858531470917195,-0.2534676555752705,0.04345862089585995,-1.1253199896264285,-0.4483141819632218,-0.05892381899950613,-0.8066418246534274,-0.492168785751054,-0.1417061087384281,-0.550520732043357,-0.4808571954291589,0.17196951248583817,-0.7222653727855778,-0.3146222383793243,0.12199923978840278,-0.6398291167288503,-0.48827174439221704,0.002956832739448015,-0.40668084923101383,-0.5280744442109779,-0.08813086716985155,-0.2458953459529399,-0.5252081318767997
U,0.0,0.0,0.0,-0.23415155827877118,-0.08349252629951354,-0.14074283690878805,-0.39737427947608606,-0.26740696770623446,-0.2448832089286273,-0.4395394926300827,-0.4562583039356455,-0.35193142472789474,-0.3516656312862288,-0.6197405135446773,-0.4526655227359888,-0.35775564089331596,-0.9238974148046497,-0.1729675591667296,-0.39794296902729587,-1.3170207549195332,-0.3209264683913885,-0.4208679533502123,-1.563494905709376,-0.4213905040103858,-0.41633286966795235,-1.8014896286861322,-0.49385417144828414,-0.18182109456735385,-0.9605972347215169,-0.21022379079377324,-0.2463917138571905,-1.4031189898817809,-0.36170203039495785,-0.2797437423765407,-1.6756365963897366,-0.46563929184455977,-0.2932597911496906,-1.9394287171275695,-0.5324740953618561,-0.0013548722864389652,-0.8738977363440933,-0.2611082255132836,0.014167526052470297,-1.1171185599419209,-0.4631796143196671,-0.07576941349408071,-0.8045222215510843,-0.51386910699175,-0.15128665516742756,-0.550317791705736,-0.5092207664901621,0.15589450385042394,-0.6995268357157739,-0.3225676148284519,0.10602041016386576,-0.6350570450633213,-0.5049209162193736,-0.009730264189382129,-0.40154172951826184,-0.5509687335035724,-0.10162384057391669,-0.23478238873970084,-0.5538882036467547
U,0.0,0.0,0.0,-0.22164597966896396,-0.10072674396990096,-0.12007622760942013,-0.4006968018076051,-0.3056200309323417,-0.20830989433592992,-0.3808973672918248,-0.47760340119769623,-0.3020392826326984,-0.2310121481828649,-0.6012743365207306,-0.3904693034732244,-0.3405157739768936,-0.9291087805858249,-0.16146552858414087,-0.37968648783994563,-1.3188942563180959,-0.3065478991425371,-0.40182552013725525,-1.569720396691311,-0.4039345791171166,-0.39711920342705315,-1.8084406839936784,-0.47310978200692844,-0.1651974997138818,-0.965123669790447,-0.20309132945180675,-0.22672541157258927,-1.405380852531093,-0.34985807779847133,-0.2634976986952345,-1.6820412814999244,-0.4472306238664053,-0.27743996252900865,-1.9446313191567486,-0.5073477873781997,0.015745820118819396,-0.8831230808221607,-0.25614484253786923,0.03591577736542836,-1.1123293793876852,-0.4498837102016819,-0.06693100274625897,-0.786579075828452,-0.4920792296520367,-0.147105899787346,-0.5286158859322954,-0.47917235549450704,0.1740571409208373,-0.7176460936985608,-0.31872831044050415,0.11897907657730214,-0.6243457579611991,-0.4883043548390455,-0.0010102627310967737,-0.3860186774373629,-0.5249517550617007,-0.08861715177031143,-0.22345492029939798,-0.5199823033981464
U,0.0,0.0,0.0,-0.2170905402528466,-0.10138548668174724,-0.11822714182948284,-0.38857136937721837,-0.31683565684614734,-0.20191141952926894,-0.33807466831975297,-0.48701492483599335,-0.2891472426339512,-0.18341496548126093,-0.6099209656497573,-0.3720963493000734,-0.3203171283585199,-0.9349040998875228,-0.15639729772028038,-0.35042882402175585,-1.3303302149071166,-0.28848102311332574,-0.36754785476476376,-1.5811310987538225,-0.3774297968464949,-0.35696516307507425,-1.8181628804942322,-0.4434114438836387,-0.14010747915274913,-0.9707980951241794,-0.19473302952690555,-0.1921571543494165,-1.4174133445182842,-0.3297502184132518,-0.22795497413507795,-1.6937397816847914,-0.4227476394252951,-0.2380765424487305,-1.9510041247435792,-0.4837769491056455,0.04087815828729587,-0.8871724430461682,-0.244246700747734,0.0773386309209966,-1.1471342880178266,-0.4303796203902617,-0.030866533279656466,-0.8498376118517604,-0.4790521804249102,-0.1129371161100934,-0.6011384708872013,-0.4754559767873878,0.1978346985042221,-0.7201591831080654,-0.30222635571630296,0.1288214296523585,-0.6417033605893054,-0.47490012458280323,0.011137396573022599,-0.4229074021214057,-0.5212820327970691,-0.06862657170657603,-0.2711634915347649,-0.5255420864874149
U,0.0,0.0,0.0,-0.2142687042501159,-0.09564555906941785,-0.12759364255945663,-0.3771581036246308,-0.3292506187847232,-0.2100387677726899,-0.29528887970460493,-0.5027637994409412,-0.2944324392601947,-0.1311705051246279,-0.6140314511935268,-0.37321859958941134,-0.30184022147205625,-0.9325075352028422,-0.16135176215812924,-0.3300368117234342,-1.337899842624269,-0.2948764686604146,-0.3353895085713838,-1.5925751225237217,-0.3838597908543384,-0.3229145821393199,-1.8374793611220759,-0.4509494106346877,-0.1219415179143943,-0.9731876321645492,-0.19502845641262603,-0.17008685604946522,-1.4272548604772242,-0.3347399925121114,-0.18899918613527375,-1.7127150314291346,-0.4254271235083958,-0.19878808638764517,-1.9905467363792888,-0.48443808704743313,0.05139746313890624,-0.8875034768489026,-0.24145391019492393,0.11464209560703757,-1.1563938334520596,-0.4349730821610513,0.029592382029622378,-0.836613547146446,-0.47583281622759943,-0.055605391233204876,-0.5829740365354739,-0.46418543768007087,0.20487290046709997,-0.7177318961403418,-0.2980450606645119,0.19867315056716356,-0.657789373785474,-0.4814064552408759,0.08799195085693119,-0.42605780785228975,-0.5280269482263543,-0.013480415319922853,-0.2679956131673246,-0.5308727072607264
U,0.0,0.0,0.0,-0.20885743142050575,-0.10654516550891431,-0.1323975917994349,-0.35655739473483133,-0.353616212884059,-0.21803725381777778,-0.24366637149823128,-0.5271307782630195,-0.30358594540670025,-0.057982843289163706,-0.6302722655145343,-0.3834752163149385,-0.26913100863740286,-0.9404831507318573,-0.16586251392759563,-0.28575653735984097,-1.3437948319604887,-0.30098547556040006,-0.28225708762911056,-1.6001807026175525,-0.3930957102159056,-0.26339569405220153,-1.8436639111730386,-0.46329767165623587,-0.08715263930282435,-0.9760785142723614,-0.199186223013569,-0.12507215702477628,-1.4470011644804046,-0.34050539944697966,-0.13156566244051385,-1.7493368911362648,-0.4371760023052338,-0.1330439350361568,-2.045539801711625,-0.5020384297620002,0.08447383138419806,-0.8803664990644908,-0.2452568283842745,0.16167102603427572,-1.1566576224767948,-0.44341661117420694,0.07761400008296981,-0.8527776306944498,-0.4933718596401895,-0.011338943394572629,-0.6065085696464999,-0.4882920808375479,0.23589830739158169,-0.7002217543963936,-0.3011880671431779,0.2406519643751413,-0.6533571810653358,-0.492265150432485,0.12776852304684658,-0.4308590985078716,-0.5450727427315304,0.019715156356873414,-0.27214541576049284,-0.5528662461357835
U,0.0,0.0,0.0,-0.20806060769312684,-0.10696428125216177,-0.13442470733788273,-0.3540040150355715,-0.3698713009570175,-0.21393604732626254,-0.23532946650615247,-0.5336680924761079,-0.29274084208173684,-0.04259745823780356,-0.6163372379558035,-0.36595496453890025,-0.2608972515926071,-0.9400962055276807,-0.16386235378715275,-0.26916947213353176,-1.3450237975789685,-0.2924051985775652,-0.26345852737409187,-1.5967892183221635,-0.376538694557243,-0.2406766844622764,-1.8365054490224841,-0.44092048382496435,-0.0792930348693072,-0.9780657135904295,-0.19261379628691855,-0.10832845401340539,-1.4431672107286961,-0.33040017639274255,-0.11017904233700106,-1.7357639731884418,-0.4217630877737405,-0.10564942069310307,-2.021335768637126,-0.48124967938666596,0.08887400125621961,-0.8852728716265743,-0.2341059954810504,0.1746494209759476,-1.1568594306624023,-0.4319170126378395,0.09233512610317475,-0.8372019561950534,-0.47942044324661637,0.004482873676226681,-0.5817525194510276,-0.4709886484194213,0.23495390477431213,-0.7090496024056928,-0.2856676970491407,0.24117769643647521,-0.6393941443314064,-0.47730633051454446,0.13083769907154258,-0.406728720236092,-0.5309523849006881,0.02448528362409129,-0.24475815681271787,-0.5378460335173311
U,0.0,0.0,0.0,-0.20283097564783306,-0.09877401318792087,-0.1439571167020642,-0.3531670520056913,-0.3535974997773813,-0.23520407304530813,-0.23791446185432408,-0.5197014160719581,-0.32449884412121577,-0.04605372666193617,-0.6019461351862959,-0.4081346468792026,-0.2543860639696181,-0.9420581646237945,-0.1885743858421029,-0.2550213729956124,-1.3475845049432407,-0.3322576652059276,-0.2417010072755654,-1.6090023617183726,-0.42826522942506523,-0.2155598742445579,-1.8575028993559772,-0.4994756889419878,-0.07085788094281956,-0.9729235615897874,-0.2199975091034808,-0.09006461994072698,-1.4740165311742808,-0.37368788957850835,-0.08746419726814249,-1.8061215843938745,-0.47415534607748405,-0.08163840552851989,-2.1338916200257296,-0.5380963199279285,0.09933618594900301,-0.8696904283373597,-0.2635364791742469,0.19309707684774188,-1.141083563478999,-0.47362620420443785,0.09805899161161362,-0.813540409693472,-0.5159376757309003,-0.000988834186632254,-0.5565175542001891,-0.4993168616854893,0.2451268534066406,-0.6809509376931635,-0.3179630128396805,0.25700362484051986,-0.6338984127758059,-0.5133401924586086,0.14168407614688971,-0.3999864177133835,-0.5562998266598034,0.031299930005886406,-0.2372237526058623,-0.5535477010399045
U,0.0,0.0,0.0,-0.20535795825703895,-0.0988342161360821,-0.14430123599779635,-0.353649975171762,-0.35618888115467945,-0.23603664367769336,-0.23435989247045327,-0.51696298809777,-0.3255398616939677,-0.04235333224567511,-0.590919396450106,-0.410194313847085,-0.2576702329998179,-0.9443860549500971,-0.19470496775807164,-0.25461309337896676,-1.351918265544914,-0.33961702120136966,-0.23997668337766495,-1.6149189942907256,-0.4366888091123717,-0.21156718715680758,-1.862469359086202,-0.5085119918748418,-0.0751546491002451,-0.971232272872076,-0.22596382641998314,-0.09222105224138827,-1.4743986866783634,-0.38103486991990876,-0.0874394592718318,-1.8094210250193372,-0.48322112315739635,-0.07837675377828296,-2.13835815746454,-0.548207930539088,0.09509786730154193,-0.8652193838484048,-0.2687457037741631,0.18783276475128938,-1.1278851457595358,-0.47749477111637595,0.09154762777577471,-0.8053682857818207,-0.5216229239138274,-0.007615521104323017,-0.5506665261780419,-0.5068650840714585,0.23961324161926806,-0.6747232412935396,-0.322424326038665,0.24990291212703167,-0.6203808191873773,-0.5159536214572754,0.13596332244739134,-0.38844164431243744,-0.559225631539557,0.027126080044388875,-0.22729432138144323,-0.5570882169941879
U,0.0,0.0,0.0,-0.211275435702016,-0.10665955827623494,-0.14616355774101075,-0.3547873350020486,-0.3585735289687851,-0.23825493553098545,-0.24097379895574328,-0.5180874274320019,-0.3283572601770804,-0.042657135117587064,-0.5831636439429214,-0.4134295561711098,-0.25554868505207945,-0.9494432251766375,-0.1930151079448552,-0.251246345722021,-1.3556708750572612,-0.33551974747830465,-0.23959197052836909,-1.6132155676799969,-0.4315019839800416,-0.21235888314226345,-1.8555609935783977,-0.5040348388954052,-0.07482475530614247,-0.9720610613502542,-0.22248269370895601,-0.09190572320896685,-1.4456991767349854,-0.3746070596318282,-0.08673411785437035,-1.7527750136940816,-0.4754157429613586,-0.07576289379335287,-2.053369573714325,-0.541190089370277,0.09482663221837176,-0.8632433665413787,-0.2641642434259216,0.1844565783587461,-1.1132224390448924,-0.47151335159553254,0.08831858260255511,-0.7941441820916164,-0.5193261180355501,-0.008398658432180827,-0.5402047439310821,-0.5092277927228965,0.23538736639823007,-0.670890341378551,-0.31690402840403664,0.23905930373614015,-0.6088639209278466,-0.5119356648734139,0.1253178250062724,-0.3819220900281538,-0.5609074692672622,0.020431235010449706,-0.2221355879879723,-0.5636028508194192
U,0.0,0.0,0.0,0.2092008026267169,-0.11542141512149345,-0.13323812426818818,0.32390529757872727,-0.3712031768241773,-0.20582906628371106,0.16712982877851554,-0.4732817895840568,-0.28419190382770254,-0.027609349804410134,-0.5459322501126022,-0.3590220175125335,0.24502795916043785,-0.9696214148325015,-0.1012916755321236,0.2620649221971968,-1.3867919064107483,-0.22474799599346207,0.2579767832886697,-1.6568486852685964,-0.3025519862054539,0.23375504521498386,-1.9003243647251784,-0.3509485715662069,0.06932186356786994,-0.9883911170898632,-0.13519422653845087,0.1127613790048444,-1.479673777621478,-0.28308988496199755,0.11869810094184803,-1.7993220884773715,-0.3765754622434184,0.10913716176086846,-2.082117178128624,-0.4182786524928601,-0.08947404145693298,-0.8964089479058515,-0.18706645058004448,-0.11166113604657142,-1.1485134883581265,-0.4125635091600679,-0.059686609491273225,-0.8144601092797387,-0.4602307088472476,-0.013081743969105908,-0.5748615089638006,-0.4243834367466523,-0.23592124245726528,-0.7196845743134119,-0.2468564725271673,-0.2284706277385903,-0.7932221689083869,-0.4326680449170602,-0.14924644093799952,-0.5554582175779972,-0.44877118801316673,-0.0787530248980475,-0.3831837215771622,-0.4137938031856709
U,0.0,0.0,0.0,0.20752451970285052,-0.11866876457959517,-0.12370004454561448,0.32175869210509234,-0.37347205725934696,-0.1910674929460294,0.16619762668255245,-0.483059879274606,-0.26459155161956466,-0.030450026399611106,-0.5427105586370146,-0.33502399069157907,0.2460819369992357,-0.9691760460254077,-0.08941809921494816,0.27345852082718736,-1.3820919565295506,-0.20718703380431305,0.27733208777320606,-1.6499427715028743,-0.2812749322170324,0.25855610383660843,-1.8915848893816074,-0.32679185678618944,0.07346843863746168,-0.9892930759402029,-0.1261015401212275,0.1230903564111675,-1.482734468453983,-0.2646743618118272,0.13118514903471046,-1.7968158532665421,-0.35009789162470284,0.12211492840503906,-2.0736004522509277,-0.38695980248408207,-0.08083574799399926,-0.8942230215094238,-0.18002726759891075,-0.11094803345166976,-1.158986053323474,-0.39316344686903265,-0.06376629398348477,-0.8328436982306858,-0.42977017568339004,-0.0195809331815561,-0.5987964627717501,-0.3883651800702682,-0.22477812294123262,-0.7122018296244044,-0.24137688776802266,-0.23386295220688477,-0.82489820854735,-0.4126265392874136,-0.16473247431061014,-0.5926326905813343,-0.4140063182545876,-0.10167423008755085,-0.41799435485811637,-0.3703172825095008
U,0.0,0.0,0.0,0.20683311172121618,-0.11349791504653454,-0.13014300089333145,0.32058620354967626,-0.36271932119391354,-0.20173418560146847,0.172146224120983,-0.47537477760012037,-0.27862376471511807,-0.025192408208451696,-0.5462747887210533,-0.35164809909183287,0.24727005428559537,-0.9714909780596748,-0.09617712339872475,0.2691013393249762,-1.3855809772292336,-0.21874656299110629,0.26641528204380394,-1.6554810842119179,-0.29828267981997736,0.24275916136224962,-1.8992979426135355,-0.34867356070609407,0.07017388307236531,-0.9886395547164512,-0.1329189865467054,0.11704144136697132,-1.479069494407341,-0.27785044437435746,0.12131833289260592,-1.793651002296622,-0.3693460965561218,0.10959735566567252,-2.0755220364528215,-0.41095880903007703,-0.08709033463129767,-0.8904450094288195,-0.18762363997771936,-0.12268803179558867,-1.161884352409621,-0.41104297448125837,-0.07534308920622487,-0.8177681423337433,-0.45269327996326514,-0.02587953602406741,-0.5746892058655723,-0.41383775663865807,-0.23108308131070754,-0.7021425032379177,-0.2498605903328019,-0.2398374944263373,-0.8041545146265827,-0.43311459343040176,-0.17044281188449467,-0.5626634639316542,-0.44133345695539367,-0.1026344068588657,-0.38829087599693846,-0.4016441528773442
U,0.0,0.0,0.0,0.2078795336589783,-0.11437700022870749,-0.13164191813180673,0.3220556562598666,-0.36623406204339237,-0.20292930833484552,0.17070836911041445,-0.47939005708945925,-0.27906681449950826,-0.027147691044096537,-0.550567429776963,-0.35162256985379825,0.24221867045597717,-0.9682176279098069,-0.10020389411715536,0.26467241422212906,-1.3764968713663983,-0.22434778536240604,0.2610603516979967,-1.643359065147563,-0.3038198968297089,0.2375904819233943,-1.8861144763567568,-0.3537521261399517,0.06517158512429914,-0.9886649963255896,-0.1352560147753443,0.11150815825053027,-1.4742470462693793,-0.2818466387440428,0.11520932187385467,-1.7877994164910835,-0.37359922925387956,0.10540873450224651,-2.0695883119298584,-0.4150145005758594,-0.0935812305088985,-0.8933169497090597,-0.18812415364825158,-0.12521105364304008,-1.1500372242131784,-0.41042716116247946,-0.07718035916824893,-0.8083734571963859,-0.45186907611404553,-0.026531052748340857,-0.5675129115786921,-0.41317582336465064,-0.23909212889151402,-0.709365863038789,-0.24876158657968397,-0.247126700464765,-0.7975375363937469,-0.4288126661182164,-0.1764863353002359,-0.558117013930061,-0.4368665784989267,-0.10689397513024554,-0.3883596790071304,-0.3976556590340164
U,0.0,0.0,0.0,0.21005474711174593,-0.11578829818990295,-0.1347370585044548,0.3207986500125629,-0.3690138807499625,-0.2067096823575149,0.16316928523947638,-0.47036629943156616,-0.2829325237276034,-0.03712907994730928,-0.5550521026671622,-0.3551994537577486,0.23916762322897792,-0.969194619911394,-0.09645079939284118,0.25706828566219153,-1.3836359827380367,-0.21771843670633845,0.2519433390031835,-1.6519304443216998,-0.2955916749569176,0.22591101577633763,-1.8936314081347265,-0.3436045875035296,0.06092086681977299,-0.9899084046868525,-0.12794529423256676,0.10750291853200276,-1.4835121633135353,-0.26867043379991096,0.11217516649204883,-1.7927641772046201,-0.355552134505724,0.09933608364017121,-2.0677265469381485,-0.3931443848300851,-0.09671829836998737,-0.8946628538636069,-0.1785793315749073,-0.14139544443584356,-1.1522512328709285,-0.39884621355001837,-0.087566991485425,-0.8103870571009141,-0.438565691301738,-0.03560827008318073,-0.5727132590271409,-0.39754490616892746,-0.2431065852181668,-0.7090373234649745,-0.23707863961793368,-0.256282641300885,-0.8203934167771992,-0.4148731504296324,-0.1795773307880342,-0.5813161453348172,-0.41952086378492304,-0.10920416346475674,-0.4115165425847726,-0.37759307022679006
U,0.0,0.0,0.0,0.20580536751038528,-0.12091049815472633,-0.13472597534859246,0.3151329122871352,-0.3820686480211669,-0.2047013882704343,0.15195895139303253,-0.48795928981123615,-0.27852981130835286,-0.04924130801586298,-0.5510111141535036,-0.3488126677164518,0.22238033766912454,-0.9700539148229416,-0.098764052332284,0.2406706875574405,-1.3734654445838108,-0.22017109108278268,0.23531059334482515,-1.6382655042794187,-0.29748873725757363,0.21213026265467785,-1.8781153631372347,-0.3449935304736166,0.04867450082399724,-0.9905423120165654,-0.12828375218402324,0.0884276647937439,-1.4698480426407732,-0.27030673310181014,0.09282375940435951,-1.7822752652719214,-0.3577846218953294,0.08443784432960696,-2.0618453000277612,-0.395912555724215,-0.10633658175558283,-0.8966446372894461,-0.17621782438603564,-0.14399360084400695,-1.142068812493655,-0.3918468760506107,-0.08853931672880509,-0.8118300344564807,-0.4307012820095985,-0.036757526525460944,-0.5776566614789357,-0.3905948652070326,-0.24835957936773798,-0.7171585423708152,-0.23251340449637423,-0.254576428560518,-0.8157856648543788,-0.4038569715354166,-0.17778340290894748,-0.5854210118338617,-0.4078269924787727,-0.10977295052247855,-0.41952439980559914,-0.3664613194767949
U,0.0,0.0,0.0,0.21025758914253162,-0.11119592349291524,-0.1403382118822418,0.33067676544114916,-0.3702589498185456,-0.2121436225614211,0.1791157848574988,-0.4833743652117719,-0.28636868166688184,-0.021514596697224386,-0.558298352911614,-0.35576760172716093,0.23578925433772116,-0.9673652292246255,-0.10449171746977315,0.25906194947182937,-1.3804762299873528,-0.22531648906995932,0.25578939077054164,-1.6467113718412,-0.3008460051227852,0.2319007352622523,-1.887832398561202,-0.3476415619896501,0.059484596327774725,-0.989460653940773,-0.13201968452779939,0.1065035330549879,-1.4706138735812242,-0.27466407166434775,0.11410235190185751,-1.7817085910777974,-0.36243403344075703,0.10121618089199919,-2.0628230257204585,-0.4009454549714495,-0.10007713878397448,-0.8972943523925124,-0.17830397981387097,-0.12440636210360452,-1.14511987087764,-0.39732917799754996,-0.06163641943565501,-0.8082167367590163,-0.4384087948886218,-0.011430803097785157,-0.5716462249886579,-0.3994104671814637,-0.24716634935218065,-0.7182356407864675,-0.23345977529412704,-0.2290181322436575,-0.7992064317924649,-0.41121652017722166,-0.14381557501311745,-0.5699431807023511,-0.4225507092980469,-0.07698050924633242,-0.4089155783539688,-0.385973283542298
U,0.0,0.0,0.0,0.20565376283836648,-0.11446892793966988,-0.13632193254043884,0.32145929434149706,-0.36930444515751054,-0.20675162093384855,0.17509760179715106,-0.4830993342468507,-0.27996038538286866,-0.021334690498976468,-0.5665347236697549,-0.34848063058417733,0.22798723695443884,-0.9703868619914648,-0.09839685711131645,0.24873994854107595,-1.3749788153220976,-0.21598811792611092,0.24315177688485837,-1.6383426851432494,-0.29079036985613993,0.2165120323940348,-1.875851721510096,-0.3369596962502281,0.05575216554798943,-0.9904133674295776,-0.12638456256012454,0.10468535809488953,-1.462664038375159,-0.2636445458692441,0.11025885352910866,-1.7686987568164636,-0.34798544151192895,0.09526642565667119,-2.043976116554974,-0.38479627481839246,-0.09934788299444582,-0.8933699181292917,-0.17307142590995875,-0.13057408027999137,-1.1411820625996643,-0.3861168679578548,-0.0706908250798325,-0.8099206530055889,-0.42340477854441866,-0.02177017403173108,-0.5768843954230762,-0.3829612133877837,-0.24363715957240778,-0.7075769528406552,-0.2282622092889817,-0.23836132460435763,-0.8148689413826732,-0.3998118177404775,-0.1596091176211653,-0.5878603415951323,-0.40483565530580395,-0.09675819691271571,-0.42240008110357685,-0.36455319504065226
U,0.0,0.0,0.0,0.2057426765716139,-0.1116736569591545,-0.1384525092787631,0.32727332404466986,-0.37662781541685086,-0.20903771258387016,0.18373175881362952,-0.49061592857197683,-0.2816610698946732,-0.008092780308855308,-0.5627826511143494,-0.34904881908235613,0.22857107955638079,-0.9688550283889742,-0.10407657998238737,0.25573918898243525,-1.3712919817470666,-0.22055443664240507,0.25478478239224833,-1.634147847263615,-0.29208528680480406,0.23204532438764572,-1.8694752414193223,-0.33598994404766247,0.054905197194917266,-0.9900108614512885,-0.1298611317117824,0.10028896902837102,-1.4643508020090543,-0.26885110603931806,0.11062599290491658,-1.773131656086844,-0.35248910310301285,0.09943267144660774,-2.04674905561254,-0.38854126624858093,-0.1041885325829669,-0.8973769556172674,-0.17386568360092378,-0.1174591236234758,-1.1472499536276262,-0.3882952188280735,-0.05222876188270154,-0.820923085030977,-0.4266772687760203,-0.00909718475910424,-0.5866867492986181,-0.3865592082246931,-0.2494505093545785,-0.7213596914165521,-0.22660094334699635,-0.22065282007981749,-0.8277179424550413,-0.3993594353000227,-0.13775434662014002,-0.602474213747533,-0.4073967597613968,-0.0826166795907025,-0.4345415091832638,-0.36912467815256217
U,0.0,0.0,0.0,0.20809463758831295,-0.11121643530135218,-0.1416775937812741,0.3331565219122576,-0.37390025858358716,-0.21336035912609816,0.20257443137130982,-0.4961546774821843,-0.28670159830586256,0.0150753849714554,-0.5756440277825218,-0.3541638549717469,0.23441944989062471,-0.9717125493575294,-0.10266011067075569,0.25712556528930436,-1.3738812293939957,-0.21844108082467598,0.25473585978690577,-1.6368781027476913,-0.29036917554931646,0.22973881158078838,-1.8718874901005682,-0.3350246550263016,0.06245969628363993,-0.9899060209890315,-0.1272197152560042,0.10585410347383557,-1.4634022152601334,-0.26671665715981535,0.11277682798513179,-1.7709164280000131,-0.35123342968535703,0.09624670472901468,-2.0424135553414895,-0.38824428039142805,-0.0948529572341375,-0.8951971747360662,-0.17058989311281336,-0.11254986668332297,-1.1502230106451998,-0.38698131900937977,-0.04388935014800467,-0.8245088493757877,-0.4259663754624422,0.0023283099064871416,-0.5909732261955363,-0.38605093959441433,-0.24030384668645188,-0.7161187704523712,-0.22298928006333196,-0.2121757580242274,-0.8357473469412181,-0.3993152894218583,-0.12759691522589617,-0.6098407000283077,-0.4089393864194133,-0.07025828631814729,-0.4386060891299559,-0.3716012499597529
U,0.0,0.0,0.0,0.21683749880469427,-0.13040714433512568,-0.1258037778461062,0.34510390131895335,-0.4026466208231226,-0.19544579188196176,0.26286624335055603,-0.5406785438859713,-0.2715744087130324,0.08946429226220584,-0.6003429698870186,-0.34198895074026964,0.2166021529808358,-0.9917413116027508,-0.09408331561550637,0.23124045024218773,-1.39180937815327,-0.2085943753699787,0.2263751279220363,-1.644793626070691,-0.2801040808187882,0.19803086493231026,-1.8742858881314686,-0.3253049884423785,0.05134346024912759,-0.9902162227430524,-0.12975238458744345,0.08086139073260946,-1.4598678495766546,-0.2694759805537942,0.08945710409790247,-1.761400826084884,-0.352444701454675,0.06955467451171579,-2.022887341231654,-0.3898370329827297,-0.09850939901061324,-0.8768633975601337,-0.18277668557581037,-0.09091696702225543,-1.1435192677542572,-0.39627972474647116,-0.00031321760381166475,-0.8280089057581249,-0.4277798248151458,0.05086904140510516,-0.5944452141902572,-0.3836898879188875,-0.23088104202701923,-0.6782158147534251,-0.24459463235648587,-0.1629406428580251,-0.8183562660119289,-0.4154805429066951,-0.05862813231397814,-0.6132121800448189,-0.421414139589358,0.002447969287758825,-0.4421149674147752,-0.3829145312517383
U,0.0,0.0,0.0,0.22168325434541575,-0.13391859067610506,-0.1258987574488086,0.3613087893116178,-0.39545375191456117,-0.2034849350190213,0.314498899320431,-0.551947550788004,-0.2881891400434309,0.15115735096664365,-0.6151921987141373,-0.3665822217266235,0.2170054224583352,-0.9909053780255935,-0.11243185893514482,0.2382530517784638,-1.3920646150608222,-0.23565240799720094,0.23348634320795697,-1.644589537724583,-0.3119223318347531,0.206261425297996,-1.874184276064366,-0.35966569230544826,0.053244163915949765,-0.9870730684969593,-0.15116817276427139,0.08628108631492352,-1.4552946712926618,-0.3023494839562044,0.10205629966778744,-1.7612184298318871,-0.3877735072090128,0.0879164172899669,-2.0207773450558886,-0.4263828650070474,-0.0973902737879083,-0.872817847095968,-0.2060787744944637,-0.06222482114675853,-1.1341411634636305,-0.4244770239175607,0.03805911827138954,-0.8288973778784992,-0.4514799159336639,0.0890771202451607,-0.5997772675585655,-0.40442670944012693,-0.22723048590887807,-0.6756633635103059,-0.2701805186456538,-0.1311311791106779,-0.8257362862873827,-0.43889597244875145,-0.02186578655112323,-0.6291522052968445,-0.4401995413562588,0.034340358654714846,-0.4596293499366432,-0.39935201663119485
U,0.0,0.0,0.0,0.22402353315942727,-0.13345023605449444,-0.11926296021841205,0.36680669691002155,-0.3940079649310414,-0.1953238473459896,0.3375718118577116,-0.5615516056167397,-0.2796819413337357,0.1754876436036655,-0.62526135588919,-0.35777453189383585,0.2198078502227648,-0.9916698917119408,-0.11228048683524437,0.2500010257747311,-1.389417973008031,-0.2347565736013852,0.2484203103530296,-1.641383030404326,-0.31044266874179166,0.2224714471634417,-1.870075280653642,-0.35813233344346546,0.056469819157273435,-0.9863449510724257,-0.15470874900366496,0.09515692117949935,-1.452021779168568,-0.3047242060423209,0.11578786854236364,-1.7579806080286262,-0.38838859976691675,0.10386662869172865,-2.0159199373449086,-0.4265084812921469,-0.09354240713021665,-0.8688900812003003,-0.2123461947681874,-0.04365722334395671,-1.1290639637024344,-0.4282753211169109,0.06343207135173382,-0.831531596601111,-0.45398616906932626,0.11706161289944489,-0.6059688341785427,-0.4073077460505194,-0.21905023079039473,-0.6675684897408231,-0.27889648773747516,-0.10632345755779088,-0.8194359293234293,-0.446106350407854,0.00953611709250001,-0.6277086416133469,-0.4475547210074383,0.06901268866812811,-0.45671648056526154,-0.40737169835564857
U,0.0,0.0,0.0,0.23015547044247003,-0.1345265729604338,-0.12711859210695314,0.384415013810084,-0.39210922233711254,-0.21108030442465536,0.37306038626087185,-0.5656062226218682,-0.30241887871394774,0.21226599176412386,-0.621754094961857,-0.3866235004346415,0.21818625665722946,-0.9965256847326436,-0.13137523419855063,0.24022352498063937,-1.4001710805097152,-0.26100812754496155,0.2312882634048803,-1.6570772044641107,-0.33989552375596804,0.20087452107826007,-1.8875809493396385,-0.389699935717454,0.05043478334573551,-0.983401118238275,-0.1742945015672584,0.08487203647603318,-1.4504584913088445,-0.3365349224327677,0.0979756450991906,-1.7634286561183838,-0.42602716833868315,0.07964204643664234,-2.0194965987139564,-0.4664191934302909,-0.1005573344573115,-0.8624671263993852,-0.23222768084554496,-0.03256906582073708,-1.1128299893782372,-0.46046468844823196,0.08658070368306253,-0.816235931362193,-0.4904502294284968,0.14843739334928704,-0.5904473070403129,-0.4438585456575091,-0.2222988050411482,-0.6607501522942844,-0.29972522493239745,-0.08587107283364316,-0.7974507372964119,-0.47607339675685145,0.03860373132293831,-0.6038710237855371,-0.484201646801353,0.10354990488287276,-0.43656393743749644,-0.44710858419834826
U,0.0,0.0,0.0,0.22945877089964867,-0.1352760643188809,-0.1170904146650953,0.3865451919123273,-0.38897012886366045,-0.1999354702269779,0.39984755764181995,-0.5592152076942928,-0.2936004362127339,0.24497949345763725,-0.6018653564554493,-0.380098221465271,0.21759428862087185,-1.000913002615783,-0.12236133297532759,0.2405915761437427,-1.4088944012395335,-0.24951139858170424,0.230729620714378,-1.6671872530094491,-0.326828735023614,0.2000629958602134,-1.8960382145145849,-0.37537519794627416,0.049613279676417155,-0.9837090743327161,-0.1727859356406655,0.0834676194825278,-1.4535824676044364,-0.33627360907259085,0.09617987119467468,-1.7747417662695018,-0.4274994784538828,0.07752478792801665,-2.0344820194581548,-0.46805423314947175,-0.10067664188932451,-0.8616023923027993,-0.23731988696505485,-0.01628819251466847,-1.0952576487088075,-0.46453580232274333,0.10544956771249148,-0.7974432444832367,-0.4930859528230106,0.16529104350327764,-0.5757748633814113,-0.44458124830934703,-0.21860627651658826,-0.6585578594458144,-0.31081998200670957,-0.07533659367423745,-0.7991428050266056,-0.47917862638661707,0.04991343080882,-0.60404215595878,-0.4810882189919299,0.11501847697149772,-0.43733990612642476,-0.4404390554374777
U,0.0,0.0,0.0,0.22606286266382145,-0.13013143974009284,-0.12944769786847438,0.3946212154720684,-0.37924392469792007,-0.22562265039098678,0.43540080214522064,-0.5523156024758099,-0.33158404280285314,0.29340650653416017,-0.5851883123578095,-0.42852475254038896,0.22924379933062236,-0.9968085774696291,-0.14932062075524832,0.24661057958386368,-1.400289025161678,-0.28697223511635317,0.23334205672780226,-1.655388030786901,-0.37104869166227633,0.19983390834569173,-1.8851475890179712,-0.42576543573698233,0.05837716803144226,-0.9780795893037975,-0.1998810227108709,0.09028094117695122,-1.4476122109516079,-0.378414636720985,0.1068924696101954,-1.7687489487484989,-0.4775392651419828,0.09341841877124878,-2.0309585272363897,-0.5239396476723871,-0.09483999846288997,-0.8558845785241596,-0.2646459389390824,0.01684380046074684,-1.0951604701514612,-0.5002534836864299,0.14742948779866727,-0.7982118486279413,-0.5303669770551902,0.21055238654747815,-0.5756743859255936,-0.48390197422697895,-0.2072601946550686,-0.6585359942447685,-0.34028398080708083,-0.03739753479082801,-0.7721703700625799,-0.5146979087542654,0.09228393639857603,-0.5835660186113143,-0.5248535585370773,0.15609830242097142,-0.42940238037797007,-0.49152459525390374
U,0.0,0.0,0.0,0.21963797867246845,-0.1314582026805327,-0.12141192731966005,0.3955741827945724,-0.3811965352453521,-0.21654511839680554,0.47325303303399174,-0.559194654727044,-0.3243173358179702,0.3415479888648858,-0.6050341621473004,-0.42178495739755967,0.23564657185339402,-1.0037420016508185,-0.14104184292395536,0.2520659435028445,-1.4079758278048122,-0.27892009720781996,0.2381620551053116,-1.6563858161943952,-0.3635990966062607,0.20376711394941419,-1.8839324838385128,-0.4203351313738027,0.058627260441234126,-0.9785514667061558,-0.19748385083440825,0.07864508891570873,-1.4584050357959182,-0.3831158208128977,0.09941440664575303,-1.7723529102881401,-0.4867324497394063,0.08866891259280299,-2.027995381036309,-0.5362006340152489,-0.0931410759651389,-0.8512878310110262,-0.26745901690021134,0.038701295510990184,-1.1099712926222136,-0.5055546146816763,0.18319021490954157,-0.814496414688168,-0.533666162956518,0.2508870948770256,-0.5978097028056779,-0.48705253468700777,-0.1950132001406732,-0.6515952062264632,-0.348117515352117,0.005182334090544198,-0.772526943217146,-0.5235772525543083,0.13418803420232184,-0.5805505887140605,-0.5353721237968309,0.18830836486437874,-0.4309074157843368,-0.5047105264386543
U,0.0,0.0,0.0,0.22497860558139296,-0.12849659676462621,-0.12192952800229269,0.4050661206979847,-0.3796741102204951,-0.21464931556940614,0.479984246647939,-0.5588015705920212,-0.31917915525283036,0.3446726852879871,-0.5915173236272718,-0.4148454668425238,0.2389124311942858,-1.002293526437596,-0.14096951380066594,0.2562823553461931,-1.404862376270582,-0.27733235257177624,0.24011538811946315,-1.6564719546662958,-0.3625062606489226,0.20567943623789012,-1.886876092129123,-0.4198259019746714,0.06090879645142936,-0.9786066677687227,-0.19651745040437313,0.0868668173740577,-1.451823912254024,-0.378649448182135,0.10819773985352849,-1.7656806673656986,-0.48205853545999244,0.09964161803793278,-2.02490015073269,-0.532427184282582,-0.09036579103491525,-0.8553391853040465,-0.2655030130416201,0.04112530058176342,-1.110345766810449,-0.5024325603853449,0.1844598887071542,-0.8156284406152016,-0.5332671985973766,0.2555802498189453,-0.5974869671400405,-0.4890604796510982,-0.1937999343175243,-0.6580134076154753,-0.34500813439227435,-0.0007561136447283959,-0.7840858191268181,-0.5199699500060073,0.1278634120440141,-0.5889668507360984,-0.5321890178888911,0.18654712779466315,-0.435493783562061,-0.5022471929721761
U,0.0,0.0,0.0,0.22406910464116994,-0.1319731825823059,-0.10949574988249958,0.37051763877501986,-0.39928675192786306,-0.1847181192010438,0.37683997763443194,-0.5761757789045316,-0.2707743622010063,0.22590058434645,-0.6112685740377207,-0.3512740803199654,0.21183515330389063,-1.0032585528687261,-0.11604832485347627,0.23383520557475196,-1.4030178147410872,-0.2392597083914102,0.22928847258977536,-1.655360555222635,-0.31491539370670407,0.20256546986742766,-1.881039255990827,-0.3628808949152471,0.04657997123129579,-0.9849605448275974,-0.16638218478254801,0.08365494423853322,-1.454421604805995,-0.3196435151737855,0.10081546316085746,-1.767411896554892,-0.40440085949672855,0.08292589819568633,-2.0248210235106896,-0.4428590791756257,-0.10275654153433264,-0.862656892783736,-0.2305043059604853,-0.0239115819837937,-1.1100492924397112,-0.4505015716008341,0.10001200821828006,-0.8210885086925924,-0.4795705700801634,0.1600285612709471,-0.6004089040398684,-0.4340340023462619,-0.22447365266641953,-0.6583135337362854,-0.30283190549202965,-0.08131818243797127,-0.8020323088843542,-0.469781501778614,0.04371778052144552,-0.6156775028148931,-0.4742665519347075,0.10572295842864297,-0.45174905560066997,-0.4368831312050313
U,0.0,0.0,0.0,0.21700223453929893,-0.11784570356506854,-0.13711249437665643,0.35552188764820586,-0.3746383947289592,-0.2170641922030873,0.26973996744504175,-0.5114204948445765,-0.3019479566634249,0.08842687415661026,-0.5711089875882088,-0.38196418268266386,0.23328532219925893,-0.9887501068238048,-0.11650421155701952,0.2581107167396771,-1.399869307339436,-0.24181483744931598,0.25821974182107854,-1.6635939939741908,-0.31973709022642494,0.2364601983134364,-1.903025262721999,-0.36792148511410283,0.06510262897820178,-0.9861699378747593,-0.15241555475810187,0.1093238046458275,-1.470884766423291,-0.3004194825479735,0.1248059140695619,-1.7838303052914966,-0.385933976279484,0.11087919261617259,-2.0555913457279447,-0.42430481266229747,-0.08567440174977203,-0.8759633861816551,-0.2064600820126526,-0.0807622465746702,-1.1383885376752836,-0.42982797397826844,0.008813910820683085,-0.8138555227874261,-0.46358671385065364,0.06102172156569456,-0.5762326185493456,-0.41885376404149977,-0.22366016067865035,-0.681671377423877,-0.269678296008202,-0.16702546594371956,-0.831536213375301,-0.44393100515029343,-0.07078001421585364,-0.6134570137417064,-0.4453044335469679,-0.015892597073181775,-0.43271534336735373,-0.4031759984258282
U,0.0,0.0,0.0,0.2062037781629781,-0.1280028509292852,-0.13724895913456223,0.3154467164007738,-0.3897517188012402,-0.20722036181869544,0.16493164135603114,-0.4941307120502725,-0.28074076634253015,-0.0298925555872507,-0.5558592634634238,-0.34971377833503214,0.21012546570702587,-0.9829555389926414,-0.09220429813850832,0.22776826340588566,-1.3898193162426857,-0.20731462524798336,0.22694276037404054,-1.653360336945064,-0.28246746749871965,0.20289409203662964,-1.8895632844666699,-0.3292561989254129,0.03605340640160873,-0.9922281963885299,-0.1190939048751254,0.06680723133732333,-1.4707084727220137,-0.2547346972549538,0.06914944545091842,-1.7830683230379032,-0.3384558505543333,0.04986317865164054,-2.0562214385548088,-0.37542722482356694,-0.11539186694661412,-0.8882435918721752,-0.1654073622496612,-0.15734712669741036,-1.1468061057440533,-0.37761938485019814,-0.08803830873220976,-0.8150411786805777,-0.41354281289428607,-0.037521332775633444,-0.5780149206982603,-0.3713059105295789,-0.255111269871709,-0.6965477828296225,-0.2204501304860107,-0.2608623839554533,-0.8396748524036038,-0.38772398595563695,-0.1808599854640187,-0.6171298415810198,-0.3879581457009333,-0.12280111295023327,-0.4450050595137366,-0.3450540507920203
U,0.0,0.0,0.0,0.20389567632387462,-0.13861774817375966,-0.13113800386599422,0.29613882666166447,-0.38604319728980957,-0.20320987347761146,0.13444266845753913,-0.4891365630062598,-0.28003742925683756,-0.06463460601935717,-0.549939898429373,-0.3542065499285229,0.20568342889188967,-0.9816665096841185,-0.10000601605380147,0.2190350716133388,-1.3839549964570463,-0.22437552814265113,0.21623989112536066,-1.6480298856252495,-0.30854079269441936,0.1896054497902519,-1.88720720721363,-0.36164154214521477,0.029532613705457202,-0.9909870693291458,-0.1306615978402031,0.06014245941626561,-1.474060139542968,-0.27261512245841374,0.059100335163093896,-1.7867828535007628,-0.36197208300338124,0.041651919469543365,-2.064102965016621,-0.4036859895978665,-0.11923415478097159,-0.8844232474538901,-0.17933161354053537,-0.18716258108098122,-1.1461234263223272,-0.3888665754129836,-0.12134322556522317,-0.8169324337992115,-0.4243504673865782,-0.0601654988786334,-0.5790252997135125,-0.38426800843609793,-0.2527304224658909,-0.6858886345995495,-0.2364178985591877,-0.2849446650233707,-0.8353873174351265,-0.3985879942752791,-0.20836149211283153,-0.6163840622222003,-0.3952527235333131,-0.13813241092780956,-0.4424300872004682,-0.3512698413145712
U,0.0,0.0,0.0,0.19684951063424044,-0.13266044797166543,-0.13886099908354585,0.27459739513167153,-0.3643101646985705,-0.21498938097141354,0.09666135952709633,-0.4704132127151807,-0.2938724169484109,-0.11754352705031978,-0.5330767941787012,-0.3717669769460998,0.19430111568631087,-0.9789705949443177,-0.1259029483385074,0.2029615147776488,-1.403429823964313,-0.2544650392487458,0.19958969316065078,-1.6718851169019386,-0.346166380021717,0.1660372262555766,-1.924059044335881,-0.40673209235807123,0.012211549093762106,-0.9883016905966054,-0.15202186169305434,0.04294193877650535,-1.499306814292703,-0.2935714539409026,0.0398139813651376,-1.818449184376926,-0.38588915729387635,0.016274785929823198,-2.1077296685279636,-0.43454472101564295,-0.13651481833539567,-0.8804508557790229,-0.1949341223917218,-0.230887466095644,-1.1617463970914013,-0.39364668486155624,-0.1657596242350457,-0.8257789367189553,-0.42682681088205804,-0.0978311237648957,-0.5773223285251429,-0.39118056958461356,-0.27253224888514016,-0.6733250307115444,-0.2473692488222911,-0.32445208618947563,-0.8382476491570015,-0.395745428932055,-0.250336966408523,-0.6270947049142268,-0.38718179857328994,-0.1699582323035089,-0.44707056455007577,-0.34490891146426933
U,0.0,0.0,0.0,0.1912511899200399,-0.13181649225395176,-0.13567884845361539,0.259577697154469,-0.3600640836666318,-0.21068598908809608,0.07381613340067164,-0.4658649654503974,-0.28836397203395553,-0.1395934509993865,-0.53349010982083,-0.3648634583445597,0.19178581474377232,-0.9713121708265897,-0.1265425270611289,0.21147181420561406,-1.3973604559522974,-0.25357422680782116,0.21222940919392771,-1.6688967116639901,-0.3427741300620082,0.18291456766865186,-1.9212189260915682,-0.4010632380760391,0.007582804047543445,-0.9882763676143902,-0.15248712174371726,0.04900741538971192,-1.4976844407322902,-0.29061677151441434,0.048422713201537786,-1.8107411262069408,-0.3782839472233515,0.03010237102752955,-2.096190776140865,-0.42346460569023403,-0.14531234197099208,-0.8835450152399019,-0.19446095797920923,-0.23529926765914758,-1.1638312412809861,-0.38772797163938727,-0.1760493526702312,-0.8345612397233483,-0.41716118738158714,-0.11142087695464413,-0.5921791023756368,-0.38026172335698644,-0.2819096838391581,-0.6748979560553378,-0.24576378407045,-0.32725543674565605,-0.8310850593218374,-0.3900619195305912,-0.25331187183938,-0.6211420035407581,-0.3789007520795127,-0.17259191631015944,-0.4424897469668081,-0.33466841621663174
U,0.0,0.0,0.0,0.17594057509635402,-0.13989612342593163,-0.15131052003563022,0.21495596238162215,-0.3793095837550451,-0.22769167159075515,0.00783358767169727,-0.4971984482696262,-0.30016501818457736,-0.21354503815039494,-0.5598167149559642,-0.36955161297070527,0.15693528853045863,-0.9616045122979899,-0.13799293084894784,0.1693713185264881,-1.3829766252113413,-0.25777348582612863,0.17422413304819112,-1.6492629062021515,-0.34312418324893595,0.14709484368846823,-1.8953277873031458,-0.3994697742666102,-0.023527227370209597,-0.9888190141100553,-0.1472529351377708,0.023614933845547595,-1.485470578559525,-0.27105497229799225,0.029958619891163524,-1.7910395229666096,-0.35044708507311817,0.016001235867944167,-2.0697047485382214,-0.39226305234696335,-0.17038707866977854,-0.893190413284024,-0.17344073081673275,-0.2771433173170894,-1.171899422814888,-0.3475946501897619,-0.23105141689605896,-0.8757943257774896,-0.37539770678953194,-0.17312551591872039,-0.6581934520092528,-0.34306224834455035,-0.30029935093148463,-0.6988069538072358,-0.21086976360049353,-0.3679656587173317,-0.8508420413790789,-0.34258866108909175,-0.29802189226619136,-0.6609590463974778,-0.33366189464362206,-0.2154964725874571,-0.49829554127393316,-0.2941810949560469
U,0.0,0.0,0.0,0.16571633506812475,-0.15554654266101917,-0.15261813955321343,0.17793750988343676,-0.3746974745074094,-0.2171505326428857,-0.02279019769439901,-0.5241328869593151,-0.2704908176679129,-0.24366058885774264,-0.5934524326905632,-0.316263822761391,0.13861466539690925,-0.9635949887674734,-0.1403704862043034,0.16418482075582616,-1.3842749388433142,-0.25210401198464666,0.1763937825383447,-1.6386505641722076,-0.34292969071242685,0.15356816704884468,-1.8847556593937413,-0.4107608409221554,-0.034956006761047376,-0.9899424358135112,-0.13708410326122322,0.01698344340257116,-1.4754252806928536,-0.257018078392001,0.025814823115879015,-1.7644498228582215,-0.35289264183913893,0.016937033877956052,-2.045452573684123,-0.4176339286772158,-0.18061637077649775,-0.8980884875747047,-0.14716463027239057,-0.29399497511157313,-1.209064734883019,-0.2945140736857206,-0.25716101100798633,-0.9150065234016487,-0.32240361967247794,-0.20152508291888366,-0.7125987096125274,-0.3044828260030095,-0.3024858826106725,-0.6943410397885064,-0.16960260070851738,-0.38574063445961104,-0.878510724606076,-0.27862354405525325,-0.32296523880018646,-0.703009850465297,-0.27021163113076374,-0.24492138094311974,-0.5422697834590454,-0.24130633399159337
U,0.0,0.0,0.0,0.16107886747896202,-0.1544696736363332,-0.16119598416838482,0.1639592832880297,-0.3666891709833345,-0.22885217154656132,-0.040124214074757136,-0.5132876931869413,-0.28268525192561944,-0.2649989373856207,-0.5884880177955071,-0.3281151788080124,0.12543768295984836,-0.9655176192800583,-0.14787243904188066,0.14897737850722612,-1.388065111786847,-0.2600274173687241,0.1603538462766417,-1.6444811257945093,-0.35347828628839223,0.14355228579551568,-1.8921658793809355,-0.4245753023176616,-0.04511863763595587,-0.9892239549681352,-0.13928487159442748,0.005695404874369028,-1.4760748727845612,-0.2653943226214691,0.012512215941475417,-1.7620074997795285,-0.3699338977397185,0.00964573234089244,-2.044189084525415,-0.44239387987059936,-0.1917308188674889,-0.8966690158377134,-0.1437000328550629,-0.298566681465544,-1.2151873028047133,-0.2911143405015594,-0.2735264051101988,-0.9196852974349609,-0.3198738335709174,-0.2243999355001504,-0.7171839252768606,-0.3040947196252038,-0.31183970526250626,-0.6925315653146182,-0.16111119575253322,-0.4012728735604052,-0.8923595925270114,-0.2657955736405848,-0.34309880044235075,-0.7192428871464492,-0.2562010968019853,-0.26878576628786804,-0.5569711767586961,-0.22875580710454227
U,0.0,0.0,0.0,0.1498433588477857,-0.15328419142067212,-0.17793492099712796,0.13894421457920592,-0.3766548160748669,-0.2505737708722254,-0.07912065452878347,-0.5101466981246181,-0.3056623043292286,-0.3105335524757788,-0.5771042234388735,-0.3533522368884463,0.10222543809742893,-0.9629045047341414,-0.16755605945969806,0.12413027788794863,-1.3984221253223323,-0.2793498725692407,0.12988583982625335,-1.660922731634731,-0.372378329571506,0.1096343387196729,-1.9129659949246716,-0.44343366150786306,-0.06637798034941172,-0.9862280496195949,-0.15148662603762403,-0.02457800646808345,-1.4849059959333828,-0.2647631336525138,-0.017215342464849372,-1.7714065819663622,-0.36368619024703935,-0.02134862016481846,-2.06306772675988,-0.43605947285481605,-0.2117174784463579,-0.8931486288216001,-0.15074984206320724,-0.3265550240318649,-1.2187688450309155,-0.2930922238575341,-0.31018367238864414,-0.9391281170219072,-0.33282724963091626,-0.26936074037588636,-0.7406741993225133,-0.3279921759652438,-0.3294045799604575,-0.6920777184862454,-0.16433278053073513,-0.4289654086053335,-0.888623098968717,-0.26617828473867294,-0.37593987372719134,-0.7349378221306038,-0.2660323115918659,-0.3019795019194298,-0.5802278866073277,-0.249117110343776
U,0.0,0.0,0.0,0.14836789281271814,-0.14782626897003617,-0.19835924142834377,0.12865180652182984,-0.3611503055357087,-0.2793537756934284,-0.10268111798259744,-0.47175003398526416,-0.33887089787469665,-0.34100567248310093,-0.5335273000468337,-0.3909116192489514,0.07489392790543084,-0.9649978520995244,-0.18391380158101497,0.07728895359429684,-1.4091987309506122,-0.2971752967260889,0.07227051167232165,-1.6815161569134165,-0.38658691011076757,0.04324254873025495,-1.9362209539294668,-0.4520027352605272,-0.09752835334763713,-0.982537379299253,-0.15845667727506627,-0.0707795435355762,-1.491998969220251,-0.27264267190438773,-0.07518885082363962,-1.787145944982522,-0.36529794818073075,-0.09076497412190919,-2.0771609824201707,-0.42883608577007004,-0.24195028933383783,-0.8830092808374865,-0.15085397328228675,-0.3690286611209397,-1.1887609020047334,-0.3004667273463304,-0.3456214258139105,-0.9036510896342026,-0.3432649698082175,-0.30086764173215164,-0.7040330016532294,-0.3352674919210703,-0.35859412054603956,-0.6746466584446758,-0.15827467419218827,-0.4600308315424698,-0.8682814453072781,-0.2614283502416573,-0.40384913381485843,-0.7104586871489135,-0.25958604294837984,-0.32639454815512203,-0.5523310821258033,-0.2392139802970562
U,0.0,0.0,0.0,0.14532528353103974,-0.1463076575763368,-0.1992463401474177,0.12112242772261114,-0.3588709241249224,-0.2816320918541539,-0.11834416436196796,-0.4598586371344181,-0.3434544167482425,-0.3538357982874075,-0.5208050777250415,-0.3973322609953288,0.06623019544420147,-0.9676323636081127,-0.17887670913441459,0.0642446929723687,-1.4148913970954549,-0.29347786672552517,0.06160196842797806,-1.68954584248693,-0.38357888317490324,0.03675332663461289,-1.9470726994646261,-0.4493672009001814,-0.10552501606981639,-0.9822925808210279,-0.15480877445232072,-0.08160156788364173,-1.501183596325303,-0.2723263638145486,-0.08761624404111507,-1.7991848851888117,-0.3673235788147827,-0.10476839886533998,-2.0956856464073916,-0.4315646715373447,-0.2516969936436337,-0.878339673833474,-0.14943060128273333,-0.38190461645690593,-1.1864391692528646,-0.3074544953305334,-0.35608291891186106,-0.8953766206638842,-0.35266713833450786,-0.3088950800335397,-0.6903358996035814,-0.34306633099701944,-0.3682660230714942,-0.6687321417830622,-0.15875131271491655,-0.47129500712825995,-0.8661736532121393,-0.2676686994616703,-0.4151205211735945,-0.7019224917854365,-0.26701553649428666,-0.33752313700634673,-0.5395853925795,-0.24599486030790385
U,0.0,0.0,0.0,0.15171170268449827,-0.15577167930285796,-0.18901734854866983,0.13276052884594125,-0.36453050489415684,-0.2647746504236642,-0.109719843578261,-0.46499436488293155,-0.3204797941985757,-0.3466582701952161,-0.5232494474184735,-0.3671397078691803,0.06749085809661103,-0.97396295406536,-0.17408336824733053,0.059611846737173374,-1.4224865039543377,-0.28971269998185634,0.05378727116185382,-1.6970397024593933,-0.3814840871455996,0.02315486769398149,-1.9566781041586172,-0.4492130961505326,-0.10868358153362365,-0.9820983106244393,-0.1538531357290015,-0.08983740465390552,-1.500151044497366,-0.2763470499279112,-0.09978116778399591,-1.802287636532329,-0.37385590970532623,-0.11994793225503221,-2.0992008065086623,-0.4405924996083941,-0.2545919058754078,-0.8743554622738445,-0.15071991978451163,-0.38726029741695744,-1.1901856078867983,-0.3043273969670764,-0.35325287057364885,-0.8976862669984511,-0.34196046913265943,-0.2996751693848207,-0.6959885222177884,-0.32904616115396534,-0.37049978691072943,-0.6562572773114781,-0.1622732417794137,-0.47105309922109906,-0.8599222665928086,-0.2661374205078672,-0.40844424642328625,-0.7002144025100067,-0.2605072235555394,-0.32644586101663614,-0.5426132607184162,-0.23673148891854495
U,0.0,0.0,0.0,0.16557749522669774,-0.14276856510446997,-0.1795763438899778,0.17511935132174528,-0.36180063533274437,-0.2628662556794836,-0.06267069481169944,-0.4541414715945939,-0.3329003385916977,-0.293449025810182,-0.5037108028975348,-0.39751767010875744,0.08677603260892013,-0.982305376987958,-0.17126761707513138,0.07073593659594057,-1.4178027098345476,-0.29776754137465206,0.05909157500386987,-1.693523126193185,-0.3912337808678489,0.021094977418827803,-1.9495873758435436,-0.45514869022599036,-0.0964220617828725,-0.981837095548679,-0.1633973800465414,-0.08044506651618727,-1.5007239121675953,-0.2898981570588498,-0.09889706064934932,-1.8030742646504183,-0.377940699100642,-0.13247319514263745,-2.0864956723141246,-0.4301868024334636,-0.2439631182416438,-0.8676338403590167,-0.173377335101151,-0.3840648241023907,-1.1421239342837126,-0.34819786388533525,-0.32247707453114793,-0.824844286312767,-0.38155318129629273,-0.24795011899961913,-0.601094014111012,-0.3549092109408085,-0.3601134009633609,-0.6505257744175273,-0.19633264758527777,-0.4622231991593984,-0.807680741201912,-0.32610375578714773,-0.3812416341809114,-0.6192431530857209,-0.31900456653204107,-0.2853738357100837,-0.4548784996808155,-0.2831255390366059
U,0.0,0.0,0.0,0.17240179516786766,-0.13405939361247984,-0.16840698281670197,0.203428275280456,-0.35933343470278284,-0.25716118091982276,-0.01817947002945206,-0.4454580453060827,-0.34020215521634306,-0.2426728410179339,-0.5025331387727053,-0.41970148877790714,0.1113470642115053,-0.9726143610724576,-0.15810345483580066,0.09428689371457748,-1.395016926836899,-0.2861413334129976,0.07507811453531202,-1.6677119439945935,-0.3723134291299374,0.03262144309658414,-1.9193518957694937,-0.4291305242662215,-0.07168786460706304,-0.9839357728151005,-0.16349692670760033,-0.05764710454919119,-1.4778579480126512,-0.30017299907387257,-0.07553456496943871,-1.785187960739108,-0.3845040179991555,-0.10532448963482467,-2.0682050301931403,-0.42768749951865503,-0.2198685434236395,-0.8709921916255494,-0.1870246615092171,-0.3422102568107388,-1.1221505465171508,-0.3812439857086832,-0.27932280178073804,-0.8109379502929832,-0.4136932180100954,-0.20675113837581163,-0.5873102952625108,-0.37931056988421724,-0.33811562376130266,-0.6627061309449447,-0.22204294617859535,-0.420605159737393,-0.7806678414661622,-0.37531973657370854,-0.33857687744976556,-0.5836555838013973,-0.3748735283730929,-0.24841046959472796,-0.4259848045939527,-0.3368015571004433
U,0.0,0.0,0.0,0.18285597457693445,-0.13524743325430424,-0.15193395590458142,0.2321132203355478,-0.36396044916056125,-0.2315012136005192,0.02020458037837669,-0.4651206484335673,-0.30834318217343953,-0.20354443238536887,-0.5230862681050803,-0.38226848653794365,0.14080151697173354,-0.9772485409725422,-0.14378452396070773,0.14500165257501063,-1.4160160432681523,-0.266851579938575,0.13852808815422044,-1.6885910999844416,-0.3503900436980923,0.10243861253011873,-1.9404023060180708,-0.4046310282103609,-0.043213179350124996,-0.9866550443818016,-0.15698549145191404,-0.013402609708841318,-1.4983835392650393,-0.2892714471721383,-0.02126263630818606,-1.8116694702177982,-0.37030536958867993,-0.04633893099998455,-2.0941299383749152,-0.41151669774873983,-0.19211197620337067,-0.8766288702723736,-0.18702914363020434,-0.3008037958269763,-1.1460005107395541,-0.37159120144782326,-0.2331335088368374,-0.8249224209725349,-0.39571734714844026,-0.16283881151301674,-0.5951876967368483,-0.3570420095246535,-0.31812811284087195,-0.6640309037533098,-0.22776908884783714,-0.38333783766466667,-0.8184326705109505,-0.36398780878475473,-0.30118161209498795,-0.6182482614185149,-0.3490153305973949,-0.21341465166510024,-0.4484927571222636,-0.3033109562888087
U,0.0,0.0,0.0,0.1914394176109695,-0.13477305496202888,-0.14203046361520646,0.2522613920079984,-0.3654107126572713,-0.21723084650457486,0.05919729006202521,-0.4606327608211147,-0.29290733857093043,-0.15973083897744425,-0.5162734475117515,-0.3661924425305188,0.15623338466906414,-0.9808290536243681,-0.1287775717207989,0.16228105721203753,-1.415653815840927,-0.2516786863312647,0.15728416706418438,-1.6853071600374891,-0.3357412070187464,0.12164267219557559,-1.9343598926826344,-0.3905293741507612,-0.027844173183652683,-0.9885317651773662,-0.14842389044570756,0.0012282295841450047,-1.4985277524193497,-0.28397237260246155,-0.005391642767402214,-1.8112271463697887,-0.369247697309095,-0.030341341659097052,-2.096578822101872,-0.41282761345601116,-0.17815811253506592,-0.8774069878765748,-0.18465155678405643,-0.2773279705829518,-1.150178352943754,-0.3745058646129702,-0.2048750492589426,-0.8270826246428907,-0.40313521678530917,-0.13284893736081313,-0.5945564522596581,-0.3660637188502311,-0.3070986727205087,-0.663819295820944,-0.2305797935695002,-0.3592092809193317,-0.8153240178676913,-0.3718253978721244,-0.27475675939554023,-0.6156810365658768,-0.3611133536248401,-0.1879931690861529,-0.4474290445640733,-0.31763035257936373
U,0.0,0.0,0.0,0.1995575601432364,-0.13345488580489903,-0.13566681687955592,0.2750249410845032,-0.36418947742496766,-0.21325354858791695,0.08455793409556744,-0.460465517271129,-0.29480149739611844,-0.13153595378655455,-0.5224381246228651,-0.37468503702543277,0.18549486681253366,-0.9764365197963237,-0.12629706494359053,0.195824582184872,-1.4083312398783112,-0.2551276987205954,0.1895825814260445,-1.6827936618598218,-0.3407536800771507,0.15456057980965585,-1.9327525356894433,-0.3951495118379391,0.0007650430347169499,-0.9881368602897489,-0.1535739562747286,0.026457584318399056,-1.4990281362411273,-0.2965550881659929,0.018213225893562432,-1.8195516063996002,-0.3842651296062767,-0.006202064460712052,-2.1056241213681184,-0.42730309950134,-0.1495386969131811,-0.8770306680031928,-0.19689805340175248,-0.23879376500417773,-1.1514375202602793,-0.3954650938662856,-0.1720769812560295,-0.8334549082431159,-0.42370222399528273,-0.10548014852428494,-0.5974896564243248,-0.3837807776348267,-0.2830637910144112,-0.6670302633299672,-0.24929859806888496,-0.3307861039197421,-0.816388323108256,-0.3989315574366037,-0.250433703623229,-0.6144740950100361,-0.3884397873883716,-0.16840312607352287,-0.44299018909932963,-0.3423874441874217
U,0.0,0.0,0.0,0.20303689791315402,-0.13987517881780936,-0.12994107762976106,0.28628362739068647,-0.3813107462696534,-0.20329896599957817,0.10806739313655313,-0.48640508227087614,-0.2809447362792641,-0.10229454480609614,-0.5405013353277511,-0.35662629636192517,0.1977090055546466,-0.9775579619676134,-0.11723764464529109,0.20834021955153476,-1.3988118028680583,-0.24360740888121926,0.20112857198331385,-1.667541345260642,-0.3273493654592363,0.16774515357117434,-1.9122976314165057,-0.38042879315431644,0.01672757680901333,-0.988868401043866,-0.1478494964179668,0.04338440755888141,-1.4918064713172348,-0.2911361308556085,0.03912576515899095,-1.8107918914530976,-0.37755818462503155,0.020259970854814107,-2.0916655828738193,-0.41828510640952016,-0.13323868379600248,-0.8810873838867205,-0.19465730958053526,-0.21263882467438988,-1.1597338948600957,-0.39772477968281245,-0.14438277627277665,-0.8336754963925889,-0.426387407279575,-0.07842521989129131,-0.5933859977025165,-0.3844042015203326,-0.2679024693593534,-0.6765934705122604,-0.25008212901081267,-0.30848313181412235,-0.8273962652898657,-0.4056469658774558,-0.2279859224031814,-0.6179245217131859,-0.3972779526646463,-0.14932968125828505,-0.4445987080304766,-0.3509636632444503
U,0.0,0.0,0.0,0.2058004446929414,-0.1388169986046,-0.13526286988199865,0.3037215936478326,-0.3940412944502951,-0.20873536303030377,0.14047996796513848,-0.5031193063795295,-0.2857515356345764,-0.061584829004804865,-0.5594526899034628,-0.35971834401894126,0.20053546779457357,-0.9817178707669971,-0.10976924338431086,0.21163011414826416,-1.3921913280270624,-0.232522775431125,0.20600188146474052,-1.656323481559742,-0.31339932543539356,0.1770173061895756,-1.8956284134690284,-0.36481965354022233,0.024999782071257422,-0.9900447144965417,-0.13851524895783365,0.054795963397895615,-1.4749288315597198,-0.2818134746457331,0.05436184204482157,-1.789669602521393,-0.37071314385641635,0.035111796416254705,-2.0701057191455026,-0.4125175165916756,-0.1254086193582082,-0.8845039824997941,-0.18485005710135924,-0.18070803518645223,-1.1561697875982722,-0.39664638448618755,-0.10701844648682271,-0.8254837058583933,-0.4319562696946547,-0.046893755079262724,-0.5886914326289172,-0.3919789173196817,-0.2617934502922279,-0.6880901565747339,-0.23983197286546556,-0.2727710568595338,-0.8378277065945167,-0.4056609938972853,-0.18938948575388706,-0.620118359012572,-0.40532110421966167,-0.12126130964519682,-0.44900535432327243,-0.36361026566410554
U,0.0,0.0,0.0,0.2049558393922619,-0.1365194184362115,-0.13357675303537905,0.30438749918380803,-0.3955941320041844,-0.20509997671699354,0.14330765374910032,-0.5050004041156533,-0.28032451123571966,-0.057406547360086435,-0.5621350658568862,-0.35265234729027295,0.20116001560397,-0.9803741809347272,-0.10662743031887469,0.21503397417913803,-1.3885589546959192,-0.2276299580178853,0.21189713211596897,-1.653722848638644,-0.30596611491277065,0.1868410773926232,-1.8905108726173758,-0.3545011416698563,0.02613858804713281,-0.9904908583605094,-0.13507269790436363,0.05632791004312021,-1.478501472446038,-0.27493048979228407,0.05757769337400136,-1.7927941515424974,-0.36089901101360833,0.040985156896500244,-2.067171823330278,-0.400029912163821,-0.1253689077719026,-0.8859367844581797,-0.18101787152019186,-0.17580257692441312,-1.1559474500291145,-0.38954499252192026,-0.10137799348475092,-0.83167974118343,-0.42350436204678676,-0.04297782524225274,-0.5962120460876564,-0.38245119895979796,-0.2629954878607328,-0.6911755426281164,-0.23537375857513243,-0.2685830573573031,-0.845863293157753,-0.3978503050622192,-0.18319886758755252,-0.6298273495101586,-0.3951341969499243,-0.11762295049659392,-0.45728155600175574,-0.3515330106163392
U,0.0,0.0,0.0,0.2019605610695861,-0.1341191803943405,-0.13156861040406223,0.2987854912789749,-0.38692663749743533,-0.202575167242933,0.1475279502841984,-0.49862685060756834,-0.2770958028971927,-0.049322114640116606,-0.5685403488569003,-0.347968175038258,0.20362190035468017,-0.9780961064304241,-0.10347005507820566,0.21736826786355862,-1.3775004623882467,-0.22311396087540214,0.21378545272313135,-1.6356177984431017,-0.3025615023951006,0.18661857880185234,-1.8708856439515382,-0.3529011045012958,0.029851637972090908,-0.9908041368861188,-0.1319698527684886,0.06181460731123413,-1.4706543464230348,-0.27063063589702985,0.0629344096385374,-1.7772159052318173,-0.35631767525182506,0.04532051276002092,-2.0505802267601783,-0.39590755472693234,-0.11992558233821973,-0.8874898762478028,-0.17773799304636725,-0.1748428424662504,-1.1570934017232961,-0.38402087373411853,-0.10486389584415129,-0.8302632827135887,-0.416562971422373,-0.04732538696377474,-0.5963302250100896,-0.37575950099717315,-0.2559257821043053,-0.691654261101379,-0.2320015288687731,-0.26555207789377533,-0.839941495355718,-0.3942841865441821,-0.18222318207126728,-0.6223226182166901,-0.3923047184598147,-0.1140624299061262,-0.4515114783589389,-0.34953020263113105
U,0.0,0.0,0.0,0.20210258691019675,-0.13672699995511858,-0.13330191431937782,0.2958068630583767,-0.38891558532038484,-0.2069041104021172,0.1403322825334237,-0.503169944374242,-0.28393838376238867,-0.05882921861972358,-0.5775961162154423,-0.3577904526346308,0.20111490678352625,-0.9795583057076542,-0.1107760021929388,0.21361625816736016,-1.384074179128953,-0.23276901845762835,0.2091678069046661,-1.6436778689229818,-0.31403759866089564,0.18259576545514455,-1.8807305481489736,-0.36571923271171486,0.025690521651604053,-0.9897797111828767,-0.1402715952287186,0.05454903981530162,-1.4764417244360286,-0.28004310562635126,0.053638478775617913,-1.785365224134415,-0.3671900534968594,0.03509779968420385,-2.061276613329988,-0.4086926975702988,-0.1255172195866761,-0.8849800132402905,-0.18686169341410896,-0.1847514871047177,-1.1639554618721624,-0.3941094434827688,-0.1146129975466732,-0.8391076349542075,-0.42671594927402445,-0.05738313152373879,-0.604987982193292,-0.3866023519628616,-0.26336112624665925,-0.687306146222784,-0.2419772111354888,-0.27853052013361645,-0.8493123660322437,-0.4040039612964842,-0.19623069794102935,-0.6324954573249668,-0.3999893917439096,-0.1299702563085964,-0.4586912677863167,-0.3565089904725336
U,0.0,0.0,0.0,0.201421284202806,-0.1377771841413951,-0.13159108546982648,0.29407632846723,-0.38760372524764264,-0.20219210172454163,0.14245329801655296,-0.5030658414764725,-0.2765208079161108,-0.054030789171099776,-0.5783277953705649,-0.34738208580518076,0.20160751520780534,-0.9784693224094628,-0.10426453913734651,0.21467965885738718,-1.380052271892702,-0.2231708134404785,0.21111719532341774,-1.6385335738130085,-0.30303447874097805,0.18444465395509543,-1.8759727091922163,-0.35444239929263327,0.02818314323502566,-0.9907178158563991,-0.13298090006508526,0.05695472663666512,-1.4756210150681817,-0.27066440662117397,0.05524973059312366,-1.7834607279732375,-0.3570230684644368,0.036572808502592286,-2.059159681248765,-0.3984727841155936,-0.12127692339607138,-0.8854155279545426,-0.1788532648352922,-0.18266134680543986,-1.1637318154957255,-0.3826248853231465,-0.11340804082004823,-0.8366596697385688,-0.41405154036534014,-0.055127974809765994,-0.6018153161333264,-0.3738526924396275,-0.2577818979602236,-0.6856441729750776,-0.23332431185030572,-0.275476057176676,-0.8496539173585707,-0.3915233652421879,-0.19453986870158244,-0.6338343199794974,-0.3866767932703293,-0.12722386326002488,-0.4602833496637947,-0.34347434777420105
U,0.0,0.0,0.0,0.19884479052156248,-0.1375276488481977,-0.13584706530336677,0.28663924165469007,-0.3887586535857422,-0.20805120485621667,0.13433030320810846,-0.5023045497495211,-0.28320181644202036,-0.06186617523316544,-0.5835058937444172,-0.3546544420959634,0.19711522411594037,-0.9788259688118399,-0.10600429634888824,0.21001253162000819,-1.37721789218096,-0.22581456096418204,0.2060054721714629,-1.6356645095974474,-0.3064070802886351,0.1792738472674174,-1.8722329421746897,-0.35842147231873644,0.02484086290941941,-0.9908373232202918,-0.13275665875413714,0.054150371949716544,-1.472942474466521,-0.2708521761402928,0.050172645947410596,-1.777320010811959,-0.35875731952338014,0.028656148034909328,-2.049089270702985,-0.4014174900139868,-0.12332085202710527,-0.8858648185465254,-0.17731708655893672,-0.19012666891472746,-1.1594693559418852,-0.38308681882931334,-0.12104418917605678,-0.8349928743099938,-0.4188489250330492,-0.06103778210752868,-0.6021201792282845,-0.38166393913873614,-0.2576727402239559,-0.6887905505630703,-0.23068287530007092,-0.2794973776872828,-0.846587749127972,-0.3931351153673842,-0.19921893032642665,-0.6296075554689308,-0.39347134307663717,-0.1306770438634972,-0.456730613326691,-0.3536873377445957
U,0.0,0.0,0.0,0.20072960617603477,-0.14401096878930356,-0.13157081590390726,0.2862189766291417,-0.3944876894310141,-0.20063091432745905,0.1296938594832363,-0.5108257231154083,-0.27319305893069934,-0.0703199120164983,-0.5906183523226987,-0.3421382807874906,0.1948978750028772,-0.980422279336372,-0.09987403063939265,0.2043327562078745,-1.3821233370921482,-0.21661892244026582,0.19769746076498051,-1.6411856388621149,-0.29508275321237765,0.1688547977475884,-1.877010893729883,-0.3456209585458794,0.021304570462897097,-0.9916172961442759,-0.12744117570434974,0.0463130483263987,-1.4757050349246337,-0.2629215935892419,0.04026732901380114,-1.7796021483012667,-0.34839379579055274,0.018972737272432334,-2.04653648331354,-0.38930101032235537,-0.12588392816639374,-0.8857853317022699,-0.17265163593646513,-0.19753447498001847,-1.1629336504621968,-0.3740266367163452,-0.1273684015870813,-0.842666305825051,-0.4074461027296966,-0.0647727130002515,-0.6116626444657329,-0.3693877438975432,-0.25895225864644644,-0.6850661200278271,-0.2262966365266208,-0.2858316082031477,-0.8511712256209536,-0.3830663882674931,-0.2043704536003147,-0.6380364054650008,-0.3795098402511241,-0.13237134449997265,-0.4638614246159342,-0.3377459801947887
U,0.0,0.0,0.0,0.19494888047724654,-0.13904858882129595,-0.13833040141913805,0.27912441099582036,-0.40064691597888485,-0.20970462713210486,0.1237701808606008,-0.5192773470216688,-0.2832412675963367,-0.06985462421312832,-0.605827889561914,-0.35271066207579443,0.1934123025474777,-0.9796912186523297,-0.10359113923376582,0.2060149977651781,-1.3731260028485668,-0.2196944852732192,0.19897871113395504,-1.6312537310300752,-0.2976933859431617,0.1728309781080826,-1.8620775029721899,-0.3475055215649125,0.021967276389142646,-0.9914818014269693,-0.12837942283393725,0.048803506575295384,-1.4700073102253313,-0.2614460121400043,0.04407704798719839,-1.7727755901747397,-0.34802613208277655,0.024250369354387506,-2.0368085320405136,-0.3900794104696935,-0.1275588445776595,-0.8868777774038984,-0.17132485524856378,-0.19046124606424275,-1.1633430128183,-0.37339761763475615,-0.12371491917900106,-0.8543613078357536,-0.40999139329430057,-0.06933935382035653,-0.6269141486680959,-0.37430313058830134,-0.2613188491269547,-0.692543803717919,-0.22315464516605488,-0.2810220502866649,-0.8647029596369772,-0.3824624283002137,-0.2017816222114051,-0.654279016785961,-0.38154079161413196,-0.1403034837655538,-0.48168093703674025,-0.34149333311670244
U,0.0,0.0,0.0,0.19744899088633905,-0.14785431534697827,-0.12990194810497424,0.2782118693968479,-0.40015987583523127,-0.19711993610005604,0.1267720794162144,-0.5244816544752017,-0.26821198389398204,-0.06591342361389696,-0.6097683144912465,-0.3361100034863975,0.19836012456866764,-0.9776005517215326,-0.09549205987155776,0.2108905695589633,-1.3760991197485861,-0.2083520121270654,0.20485146681973115,-1.6323694704144462,-0.2853414392264499,0.17705717579215405,-1.8637770458337453,-0.3353116870642629,0.025448385209153157,-0.9920662546350821,-0.12311346841254574,0.05258580597092489,-1.479160650338482,-0.2538760121647354,0.04730339337748543,-1.7808361529974022,-0.3393984099980488,0.026468904843301177,-2.0427628942098486,-0.3812968688113465,-0.12320185504200169,-0.8871888340617505,-0.16801755406879804,-0.19525253761045164,-1.1702817569512556,-0.3629141367599894,-0.12747899826073564,-0.8632000373199673,-0.39600026781411585,-0.07004901669726002,-0.6375684283451561,-0.35970589808945286,-0.2569922424923793,-0.6871192940483003,-0.221404535885503,-0.28516737408985243,-0.873539713221986,-0.37089071564203074,-0.20725241221087032,-0.6687294221027497,-0.36365706701260325,-0.14282450250539558,-0.4947450349495382,-0.321089399087224
U,0.0,0.0,0.0,0.19493317158437334,-0.1463669524262663,-0.13220366206512332,0.2763541184947002,-0.3980888984175399,-0.2009408759102398,0.12376452385934265,-0.5195724635196339,-0.2732185148450493,-0.0662301151384205,-0.6091941449301681,-0.34135488988940693,0.19477628316416054,-0.9796552135178416,-0.09382324405152685,0.20676139837798657,-1.3772416822938902,-0.20586060881709514,0.19945034275366905,-1.6326431865419677,-0.2813594839721517,0.1698669319112911,-1.861947213587272,-0.32996621997909675,0.022726171546246402,-0.9925052866328935,-0.12006988436993038,0.05095614355228164,-1.4739807947115426,-0.2505979771283893,0.04524228386085226,-1.7735520515956726,-0.33449830659679297,0.023350963107023393,-2.034023703451895,-0.37451610939035673,-0.1264418468472345,-0.8869815275313545,-0.1643385381678886,-0.19524363388070992,-1.160853466821403,-0.3617244896413743,-0.12578515279960087,-0.8483238617153134,-0.39514203388520697,-0.06775259572330236,-0.6217717348999033,-0.3579248482143458,-0.2615312011166731,-0.6886271940231157,-0.21713553117010098,-0.28595635272054076,-0.8629147610071103,-0.3712857409106144,-0.2070580500739523,-0.6531267695578532,-0.3669868808066808,-0.1420040456631129,-0.48149359996513486,-0.3252479319419006
U,0.0,0.0,0.0,0.19597330959276468,-0.1426875033266794,-0.13535070157077572,0.2763980350841592,-0.39757297542854925,-0.2060980047743588,0.11744883813949739,-0.5091159512543532,-0.2796837865159802,-0.07603477908104264,-0.5904825057122431,-0.3490186315153772,0.19142570018361618,-0.9787349701952676,-0.09823849126457339,0.20294948238688512,-1.3749283943843467,-0.2132870917672927,0.1969007552681418,-1.6309706150142294,-0.28978498861969076,0.16880908130712227,-1.8613721298099988,-0.3385546143507298,0.01898290165686104,-0.9921815494794741,-0.12335080995759916,0.04528288776752112,-1.4716397076514285,-0.25600257935780946,0.040167553261828776,-1.7717033737575834,-0.33927035595995964,0.019648405472833995,-2.0345847110133346,-0.3782501121470827,-0.1293956827228705,-0.886731971955406,-0.166889481650495,-0.20178706352295067,-1.154116247437313,-0.3675056553808478,-0.1342994168880727,-0.8399926376612824,-0.4014866647008623,-0.07521022925751172,-0.6117122434028316,-0.3635511147037953,-0.26394998812566434,-0.6895701046331169,-0.21919924677085043,-0.29432265843681726,-0.8513223837353306,-0.3770867251770153,-0.21638582740625756,-0.6378043632966572,-0.3746783537199594,-0.14973835859391402,-0.4643792136466985,-0.33326042223697283
U,0.0,0.0,0.0,0.1997452727578642,-0.14863135919913928,-0.1269563169776131,0.280357053954682,-0.39447344022105774,-0.19310762830191272,0.11862368576369833,-0.5072847796688376,-0.2636616519039829,-0.08723631537504983,-0.57447830421161,-0.33160845302788483,0.1931242399930755,-0.9822026335241222,-0.09575341855622613,0.1970164111766749,-1.3960281057333583,-0.21162884490825914,0.18957128574386536,-1.6528581823665798,-0.29278595374180755,0.15723839366898157,-1.891303177348131,-0.3460143533718888,0.016448239791360654,-0.9921680763534366,-0.12382230684689671,0.04230533773108487,-1.4851091057668893,-0.25729482175517954,0.035408813756575425,-1.791613034637865,-0.34530752304008494,0.013022596934949802,-2.066361104369417,-0.3895066002319918,-0.13129894248507035,-0.8861905155512618,-0.16888605808863255,-0.2130677307401003,-1.163073607144015,-0.3637901190561515,-0.1426397405149226,-0.8329176304633832,-0.39721846334091376,-0.07490055570114255,-0.5960918291145627,-0.361225788892664,-0.2657901936346884,-0.6817952256841252,-0.22226972789785804,-0.3017352838742434,-0.8457930279771756,-0.3702886723786927,-0.2233265920159653,-0.6320294963576178,-0.3633119660363311,-0.14569857529901079,-0.45711400683520653,-0.3213864266214436
U,0.0,0.0,0.0,0.2018680297374512,-0.15038897335330692,-0.12400685293692017,0.28363451170346565,-0.38844249961173277,-0.1902814319739482,0.11936943175137972,-0.5035267418869781,-0.2615493194883713,-0.08797044664637063,-0.5690113919027021,-0.33115464070310896,0.19736881327238945,-0.9814523897600416,-0.09999443201728889,0.20314430127511027,-1.4009792449400653,-0.216969833111088,0.19676970678330505,-1.6586942287948723,-0.3008089882264565,0.16361905378735123,-1.9009446002752801,-0.35704570676653813,0.018210611049320605,-0.9913377877298607,-0.1300683061474849,0.045386684445875305,-1.4929288464213917,-0.26565403377066604,0.037550675912493614,-1.8033053188467016,-0.35721802737710967,0.013810024533073315,-2.085181399462732,-0.40559880004415644,-0.13083333160201088,-0.8843207707680035,-0.1759753340233199,-0.21429258528953515,-1.1660711686492593,-0.3678004925101751,-0.1427030232420501,-0.8329857141091284,-0.40027598828151223,-0.07383367518286771,-0.5939825223435462,-0.36585850404300013,-0.26717430044574786,-0.6760006515789644,-0.23007881005798084,-0.3065766831972695,-0.8520011455407749,-0.3719127977760304,-0.22872651469882335,-0.6394495197477418,-0.36111556592942157,-0.15052592808223214,-0.46351989844915076,-0.3188972629142655
U,0.0,0.0,0.0,0.20307056901301887,-0.14372361279914067,-0.12969519636651122,0.2867818748710248,-0.38814398301809966,-0.19789116469778525,0.12073709887989464,-0.5000494382682473,-0.2698437852291409,-0.0856488610435145,-0.5668922865569628,-0.33964143323187035,0.1997818314102775,-0.9807762104550066,-0.10311458035370027,0.20771497801112335,-1.3988012166782904,-0.22160569968740437,0.20129096974547167,-1.657210926118192,-0.3044687114242715,0.16894283221596523,-1.8970710556789905,-0.3588838588292785,0.02078481042688013,-0.9911277940235739,-0.13127714031575685,0.050003849638405456,-1.4932486151378406,-0.2678900451732639,0.043632446585218705,-1.804408026026251,-0.3573298657829226,0.020782425657248384,-2.0831103013849277,-0.40183846971681564,-0.12789940376742093,-0.8855311766939213,-0.17630687778693382,-0.20835535879752987,-1.165733472150965,-0.37473103880377456,-0.13827146829870787,-0.8317567257065956,-0.4083233948185017,-0.07116629535050056,-0.5928310049997412,-0.37134820801100427,-0.2624183669102965,-0.6810200665427626,-0.22969778417017764,-0.2985004925608476,-0.8486003536156026,-0.380800838638829,-0.2222408903992084,-0.631105996466964,-0.3734489796357207,-0.14710128828108943,-0.45566326419883096,-0.33047062626229107
U,0.0,0.0,0.0,0.20611356278535498,-0.14631710401927897,-0.13242043125821415,0.29003692988183444,-0.38906554225209705,-0.20232899450047928,0.11990461351810196,-0.5003362052183142,-0.27607859967023973,-0.09075086561737143,-0.5668673319237912,-0.3479533662010293,0.2003608926258054,-0.9806140813969906,-0.10987642916924271,0.2052273627745308,-1.40381287741421,-0.23194168506864576,0.19726456178441498,-1.6641444451028622,-0.3172382771539962,0.162877118953688,-1.907331320617821,-0.37344034145652694,0.01916252099298209,-0.9902171719160697,-0.1382126992419081,0.04602446975857742,-1.4959361379144154,-0.277880071065011,0.03875655583052046,-1.8102833765753221,-0.36928525451961547,0.015171936346026286,-2.0938200463331187,-0.4158733132917731,-0.13074911878448672,-0.8836870855702545,-0.18377123224814274,-0.2187749758864317,-1.162846729828161,-0.3854097993594199,-0.1438215580066552,-0.8248021185563831,-0.4220526579543019,-0.07059702139799548,-0.5836333544500022,-0.38736962672710745,-0.2677981418869927,-0.6770364618408399,-0.23786194833850124,-0.308759883235519,-0.8407140149560902,-0.39091135361188445,-0.22737925456295405,-0.625562822819277,-0.3863263423951682,-0.1452398736489787,-0.4514638006035232,-0.3461621033443291
U,0.0,0.0,0.0,0.20444840163075934,-0.14453883134850232,-0.12933765967203806,0.2887260165903122,-0.3844713037606885,-0.1970114747029983,0.12447439293721449,-0.49828775634897754,-0.26883016293328893,-0.08413771881674588,-0.5644350570673724,-0.33867197114657527,0.20380835207325487,-0.9796473735850961,-0.10340661792798231,0.21217021698044902,-1.4053372194825149,-0.22283831781899205,0.20643856895799745,-1.6657483132353488,-0.30768134047377976,0.1730656453165086,-1.9090755610685466,-0.3638421599787299,0.02299576374467552,-0.9910640846379444,-0.13138940212419103,0.051298263917605794,-1.4978204278759144,-0.2690498005833291,0.045301646107012226,-1.8115738785310618,-0.3609863940907887,0.022668257133866016,-2.095011369190013,-0.4081924840813261,-0.1264313861034439,-0.8858006365909168,-0.17609327808315461,-0.21367477105717647,-1.164315081756174,-0.37363619576666335,-0.1407462483286712,-0.8248275168233844,-0.4099682898617908,-0.06859343630119961,-0.5811486228834941,-0.3758650758865216,-0.2629463054871133,-0.6781707623360997,-0.22910740489561524,-0.30478922768402045,-0.8420031210607043,-0.3777976825152436,-0.22640997855181827,-0.6263778505028575,-0.37179143008129323,-0.1452233483984227,-0.45102488207645824,-0.33126979236737064
U,0.0,0.0,0.0,0.20281615179540202,-0.14482830719374828,-0.12694401574076555,0.28622860851994864,-0.3826757879342351,-0.19538380033140051,0.1229137167269492,-0.49891855781211847,-0.2688486665239601,-0.08742967756866946,-0.5675054961610532,-0.3405916775826806,0.20536019403494038,-0.9780303732720083,-0.1037807401869752,0.21058153652501058,-1.4040971717308122,-0.22453176691665175,0.20384833672801242,-1.664212009643048,-0.3101932172576141,0.17035596841412548,-1.907739471938984,-0.3668128733454422,0.02392630647809979,-0.9907981564503195,-0.13321615905348824,0.051955943320138157,-1.4980460457652656,-0.2735746498849758,0.04485769562438037,-1.8119834272935789,-0.3672507614281771,0.021909649756645735,-2.096706530848225,-0.41561424381423406,-0.12692345592426843,-0.8861738194059288,-0.178777826470452,-0.2161646801614539,-1.1629180995523416,-0.3763572313473414,-0.14272398815785892,-0.8239918765366618,-0.4112699479579588,-0.06903089644700089,-0.5815557465320293,-0.3765839746525938,-0.26508491000022083,-0.6792301983484104,-0.2325185660427044,-0.3070494669219412,-0.8465208090202444,-0.3791924931596335,-0.22926899628278258,-0.6292815949820084,-0.3707344914480976,-0.14744476612782018,-0.45332681382209616,-0.32897504457931526
U,0.0,0.0,0.0,0.20269983398848113,-0.1498198423073626,-0.12379133880276585,0.2839870724635558,-0.3909301126912414,-0.18772645142614452,0.12004724945451446,-0.5064111580724521,-0.2560198182198449,-0.08878311033192884,-0.5677472649925027,-0.3219970255327746,0.19923858287235813,-0.9809995307556425,-0.0994291768503568,0.20499022759287075,-1.4072627578120418,-0.2176893261524564,0.20098323067606913,-1.6662990670342437,-0.3019136291456616,0.1681293895641995,-1.9090350765787258,-0.35705260460091487,0.018595601068086758,-0.9915469237107412,-0.12840911844834918,0.04912483429618199,-1.4980318387953098,-0.2617750386129981,0.044268790405303036,-1.8110024723490161,-0.3492890831302259,0.02108146477683043,-2.0924453485619265,-0.39373504460931036,-0.13155053889553972,-0.8860801455050351,-0.17385648736439638,-0.2196659098896393,-1.1644958993271308,-0.36439293469790196,-0.14706559281688744,-0.8290175983915832,-0.3957069930149998,-0.0751487199970923,-0.5870270114258287,-0.3593095551494304,-0.2678856082291459,-0.6760943526770729,-0.22775221546475072,-0.3087038044250196,-0.8429768841581187,-0.36913396111884084,-0.2299969395943662,-0.6316382250698925,-0.3582231466121212,-0.1493548646416251,-0.4559108817005105,-0.31482850300060805
U,0.0,0.0,0.0,0.2038318701176788,-0.14485076968100988,-0.12788627518261267,0.2858809564202366,-0.3846801444737729,-0.1979805238078623,0.11862271842849048,-0.4968914616334986,-0.2738692729123638,-0.09148687678607698,-0.5651294965564426,-0.34848751916743603,0.20176662942865137,-0.9794368863675851,-0.105320759722499,0.2088781456060027,-1.4010171305088999,-0.2290249366601282,0.20156920432606962,-1.6612573964192199,-0.31584230958412773,0.16684962700418354,-1.9047293064794606,-0.3734940552537859,0.020584445475160796,-0.9903369706052199,-0.13714578103957833,0.050430599585592206,-1.4913031684064426,-0.2798283060117794,0.042773426261275935,-1.801900596257511,-0.37339565863882557,0.017553703359851576,-2.086577484217834,-0.421286059918404,-0.1292579778130177,-0.8820859504534714,-0.18586808655764506,-0.22278383746864644,-1.1567563625352137,-0.3891076638155602,-0.14790861211267636,-0.8180688249072043,-0.4260467289638749,-0.07148038417167474,-0.5787596919388122,-0.39167594535095973,-0.26590872534568494,-0.6721254771869423,-0.24275110647892362,-0.31286107655570616,-0.8306040551758239,-0.397009477171863,-0.23393990034213227,-0.6149269597355332,-0.39305690305196683,-0.14893912621498615,-0.444082352935081,-0.35342356798042085
U,0.0,0.0,0.0,0.20366865195161155,-0.14623464653587873,-0.12311276732192034,0.2866385075976292,-0.3846566243026611,-0.18949504781776821,0.1190205417086671,-0.49508776089627704,-0.2616227409163163,-0.09016534952479033,-0.5541940126708492,-0.332384083824231,0.19996534166629412,-0.9787094281718389,-0.10210435154600617,0.20944969480343475,-1.3983630612483788,-0.22480525346776145,0.20299964162690207,-1.6559053485062991,-0.3101803255876654,0.16829410226349614,-1.89707686369364,-0.3660170828258011,0.01846904442775641,-0.9906767206302175,-0.1349760334255065,0.05317807695284105,-1.4918491499914326,-0.2750115056566186,0.049561816256557464,-1.8020841044553184,-0.36479765501537487,0.0274446534980075,-2.0829777583561158,-0.40923245308121686,-0.1320820321312896,-0.8830356421326331,-0.18428443826808083,-0.2215656562228599,-1.155845840455926,-0.384217747641781,-0.1470790135768602,-0.8119313580769096,-0.41671784444770693,-0.07226121920371736,-0.5679634971025157,-0.3787136426478471,-0.26829116492275956,-0.6696877186222081,-0.24154628321047766,-0.31209387538283623,-0.8263818693094604,-0.3923008888347346,-0.2320083931981756,-0.6089240314943143,-0.38390318843261184,-0.14895190714252557,-0.43425588725241454,-0.34020967420661213
U,0.0,0.0,0.0,0.2018707409771802,-0.14323292469719323,-0.12454880746679294,0.2840287473046995,-0.37960124197414097,-0.1911837038511462,0.11827271733962223,-0.4978734032151689,-0.26324819050788756,-0.09220100791661782,-0.5662832620441631,-0.3338123057790235,0.1989751355964614,-0.9783259057655063,-0.10124473992452579,0.20873828056795926,-1.3954986980442676,-0.22145152473005345,0.2055710210239063,-1.6526712198340001,-0.306767111010468,0.17267195013356376,-1.8934072744955284,-0.36324052204896656,0.018597744315099567,-0.9912196077738308,-0.13091147035719672,0.05155172994163299,-1.4900924591876739,-0.2677713922057477,0.04859342444440258,-1.8006250045231786,-0.3566837373039361,0.02662864216523406,-2.080430043979231,-0.4022943879129574,-0.12958376274846034,-0.8848284930008377,-0.1769607350434617,-0.22324772704213328,-1.162630187270787,-0.37015070745069895,-0.1511022759056725,-0.8316407209946618,-0.40157076461707486,-0.07692803807241752,-0.592124607624463,-0.3657461285342436,-0.26454333060838764,-0.6749463176243248,-0.2314892781386679,-0.30980572447270466,-0.8352067032308552,-0.3774705289794857,-0.23076437271715355,-0.626761208572815,-0.3699843297025054,-0.14646552582608094,-0.4541087218900531,-0.3287780494729666
U,0.0,0.0,0.0,0.20401396196985894,-0.1306399149204152,-0.13397144244374537,0.2904181040167379,-0.3668487674673012,-0.21027140136419542,0.1251171873012959,-0.479459136906646,-0.2919065714363375,-0.08625556241218818,-0.5591339773618169,-0.3719747877731838,0.20685335833471008,-0.9709970071954449,-0.11508615170926104,0.21965606434749502,-1.3862166374074578,-0.24539480783980927,0.2115669483804991,-1.649153723363746,-0.3329912767388878,0.17768909684627118,-1.8930673903700295,-0.38910102698184595,0.02490318964564347,-0.9889850294706226,-0.14590559491830554,0.05761980376881857,-1.4862987212049343,-0.29486190440539667,0.05230469217916259,-1.8033974623032314,-0.3883471830653421,0.02875185413739606,-2.090249372616602,-0.4333518414248637,-0.12576333922972774,-0.884304180002836,-0.19403951763483468,-0.22049528505978835,-1.1400542204548374,-0.4051202631708252,-0.14934061099468962,-0.8056604991606663,-0.44397344924512994,-0.07499740667029524,-0.5658731654311184,-0.4078909485164016,-0.26118153000647226,-0.6805102627771293,-0.25059357677349897,-0.30950719742504235,-0.8152262311739474,-0.41353351436749347,-0.2320674070829718,-0.5952023898599745,-0.41345756503426634,-0.1488766527247664,-0.42164979523882073,-0.37336344947773553
U,0.0,0.0,0.0,0.19849919500666519,-0.13355322347712228,-0.12848062392675752,0.281872118516299,-0.3725859106723891,-0.2015401681247464,0.11765810084372957,-0.4865824494394609,-0.28037653944704805,-0.09208166725034306,-0.5580561411758208,-0.3577659600171719,0.20064289877323765,-0.9705012532974638,-0.10948170250333138,0.21264606257776444,-1.3867352371925838,-0.23717042380843517,0.20595357207749784,-1.649987185914593,-0.32299516801265943,0.17330623962615324,-1.893540775640047,-0.3779237394323645,0.020646140257166816,-0.9897479726947942,-0.14132475876160705,0.05200277207648956,-1.4887946611018195,-0.2869683721975342,0.047283159388988326,-1.8040496635589394,-0.37747414185814415,0.02465062170523466,-2.091154999258646,-0.42049432759938365,-0.127930613249793,-0.8870804478222122,-0.18994215264326905,-0.22267254617813856,-1.1531350406552816,-0.39646515043467867,-0.15221634621115762,-0.8178304509008688,-0.4308920372626066,-0.07968094230187764,-0.5779418031555279,-0.3922350956382921,-0.26235204942701507,-0.683765172050257,-0.24672042903992036,-0.3128796344745435,-0.8261231848579454,-0.40409528248519094,-0.235192412723406,-0.6119005381475585,-0.40023634812967024,-0.1530625895387975,-0.44364274764925254,-0.35803124723109137
U,0.0,0.0,0.0,0.20222546665095167,-0.1292219455712751,-0.13127192187198422,0.286619166481448,-0.3638958005509698,-0.2065778614766976,0.12099997809971436,-0.4760241672870755,-0.28767009696594936,-0.09021978851631472,-0.5522925292448716,-0.3673220443380741,0.20383915278002826,-0.9714860967682669,-0.11239845153265732,0.21591052794497279,-1.3877076702590692,-0.24227497988127195,0.20888248537128679,-1.6497977088746596,-0.32978968545995113,0.1748116776261066,-1.8933502181916408,-0.3858967605377023,0.021264991285106002,-0.9892450957565228,-0.14471330508046767,0.05491279803119251,-1.4891369148216291,-0.29245373751027015,0.049463226718193684,-1.8052564217097318,-0.3850411800953131,0.02499030178228549,-2.0922301314861245,-0.4295280176870565,-0.12896628562676793,-0.8830056410314423,-0.19419340852433697,-0.22652288068280704,-1.1431783004929656,-0.4037867236214983,-0.15431887797504373,-0.8064616170838939,-0.44103000364501255,-0.07834899724171632,-0.5653975312267822,-0.4038980378204773,-0.26453775368760174,-0.6753073612543548,-0.2518946254792086,-0.31608851780392,-0.8136865812016134,-0.41257487574702406,-0.23671180984312695,-0.5956896427343046,-0.4104584973716886,-0.1510378382574651,-0.4239112330117886,-0.36913233507736876
U,0.0,0.0,0.0,0.1990752474340806,-0.13606280221305836,-0.12924578291017985,0.2800530892732037,-0.37778980595629497,-0.20199747680628524,0.11150844986697782,-0.48910566880024153,-0.28028380229216904,-0.09944619066806643,-0.558585205978269,-0.3572713628778558,0.19841422452840202,-0.9723704704550169,-0.11083252812856222,0.21107340488062973,-1.3894957884372694,-0.23880413948080836,0.20456010330873478,-1.6509092151873046,-0.32633934404138976,0.17161321142425331,-1.8946477460079663,-0.38326022086787187,0.017792674094153353,-0.9896225765847438,-0.14258533116120972,0.05021463602412539,-1.4905052165651418,-0.28782621875542275,0.04484009151672316,-1.8053341404682486,-0.3807645846771395,0.021201901139020228,-2.0938168215015485,-0.42700871589505457,-0.1310165150309398,-0.887282086135292,-0.1912083418066259,-0.22710856389627923,-1.1538725394656704,-0.39656052440595135,-0.1543660361985542,-0.8154817837558063,-0.4331231777725812,-0.07964987894293259,-0.5738391689129322,-0.3973026959036314,-0.26523839944593725,-0.6841837845463613,-0.24814365913776107,-0.3188598675044017,-0.8272140950337672,-0.4037745074402061,-0.2397033607302002,-0.6133881186418102,-0.4008354068736532,-0.15552888425129735,-0.44494533762450283,-0.36075078486363366
U,0.0,0.0,0.0,0.19965616009340367,-0.134782717668767,-0.1282785666845269,0.28280196332033086,-0.3710210131075168,-0.20209656809276344,0.1167925188280798,-0.4829068048654855,-0.2820150110225575,-0.09353803659928796,-0.5577286176470426,-0.36095454964319557,0.19956744417780165,-0.9715873718995698,-0.11173406702801,0.20990270662672467,-1.390029734551964,-0.24069429786247065,0.20260816092725442,-1.6538908498912586,-0.32761040349860904,0.16982805526844447,-1.8986348191680331,-0.3832292595357019,0.01750679630375658,-0.9893931946920169,-0.14420339240220245,0.04783871116060919,-1.492959753833007,-0.2903876818465366,0.04188199013092055,-1.8089642863016202,-0.3817797959481639,0.018828465040026,-2.095713540991382,-0.42570366932508164,-0.132381435761481,-0.8845399107294479,-0.19322162842791676,-0.2297095976752435,-1.1517715222680451,-0.40053162659304326,-0.15929254427519926,-0.8181857911702902,-0.4361443350683002,-0.08535037955776646,-0.5769173316606476,-0.398482090536435,-0.26698898909848423,-0.6787274896556085,-0.2502185572498567,-0.32131388240809394,-0.8214715395780112,-0.40922387311939074,-0.24270350321792744,-0.6064574640566877,-0.4059762824756886,-0.1577967032381712,-0.4349231154594116,-0.3639677021025771
U,0.0,0.0,0.0,0.20016338923248128,-0.13468370168506225,-0.12891580785155676,0.28412009477256783,-0.37382601712696856,-0.202820764633498,0.11960962810795918,-0.48793760915913087,-0.28232573385241233,-0.08915849155536268,-0.5583968249749993,-0.3602277410288112,0.1996638358128923,-0.9719731416917252,-0.1109953292942668,0.21051782025773388,-1.3898770961408826,-0.23980833935495,0.20452711050308997,-1.652316319778118,-0.32710361459365844,0.17165907890698454,-1.8961809454264482,-0.38318719092060416,0.020299868483539867,-0.989563655948787,-0.14265933605909475,0.051181620645433565,-1.4884658870161198,-0.28890304680746176,0.04555427352426249,-1.80381916233991,-0.38123934677268034,0.02147054763264976,-2.0918851394351674,-0.4260250900747744,-0.12735902424084133,-0.8866539666789879,-0.19103417165986425,-0.22167535571245503,-1.1518410149297074,-0.3969724012308517,-0.15286348679710302,-0.8163675867989019,-0.43263195783443975,-0.08123176659478494,-0.5744830628584029,-0.39523428387340315,-0.2605426616384137,-0.6834693884406843,-0.24768279934631976,-0.31294705089857483,-0.8234598974894916,-0.40361756387393266,-0.23620705299392225,-0.6123345540033818,-0.40038008424335575,-0.15381331222810907,-0.4449894937502171,-0.359134318560176
U,0.0,0.0,0.0,0.20528701289584697,-0.13903377029492928,-0.12717165080470394,0.2893301852179579,-0.3755515664519968,-0.2006743243574398,0.12155190719584044,-0.4844795190425011,-0.28031948209651175,-0.088831617581182,-0.550947363506663,-0.35904636975759696,0.20060756279363412,-0.9747655715255558,-0.1124397623383805,0.20990067058472314,-1.3934731491196388,-0.2403295543644583,0.20419282576417458,-1.6576587728663288,-0.3266172045126815,0.17153776382110744,-1.9033575755780276,-0.38193334080535196,0.019500532467947147,-0.98919924105396,-0.14527419155423396,0.04976927816591405,-1.4908563685802267,-0.2901015679982015,0.045123006641242226,-1.8086582912623546,-0.3800891766358159,0.02235685503063929,-2.0948753376089093,-0.4236711442393543,-0.12933546030153062,-0.8825689402545313,-0.19451740396023742,-0.22044326948746387,-1.1535084517196488,-0.3987290073874459,-0.149752427436792,-0.8231038934330728,-0.4323303294212551,-0.07877879095712147,-0.5813993679010054,-0.3939557042664228,-0.2640588392248524,-0.6752077721133425,-0.25203174455225813,-0.31185378024892046,-0.8241599604969321,-0.40667640619201423,-0.23169264268454678,-0.6152497057481678,-0.4012229422313999,-0.14922552338835313,-0.44280920224707154,-0.3584410019029094
U,0.0,0.0,0.0,0.2011247140539884,-0.13474416486886032,-0.128509466792462,0.28307128885469285,-0.37116658588577406,-0.20159828741480035,0.10881540071337338,-0.47975474844574917,-0.27976580829542524,-0.10488843695604767,-0.545732434221399,-0.35660597625683416,0.19994765718473706,-0.9745574138611188,-0.11486576530506719,0.21100724054104247,-1.3942351740440713,-0.24370465466778485,0.20610981290893637,-1.6578619755088215,-0.33223489641267057,0.17284621972114086,-1.9040834939458913,-0.38944256109757036,0.01776332098935058,-0.9890968377382564,-0.14619134722551339,0.050852985783443654,-1.4968219585901232,-0.28960909483999764,0.04720897382758022,-1.8124812065959366,-0.3807579840977916,0.02343890142677746,-2.099917249701372,-0.42622633063896515,-0.13113409016054858,-0.8829416930173416,-0.19385172179683072,-0.2306508264499552,-1.1524611318986513,-0.3957337844163647,-0.16114041460937187,-0.8169077279728353,-0.4303289903549699,-0.0878245060766583,-0.5738932794294007,-0.39390813725458107,-0.26533045129184524,-0.6752850486460386,-0.24985837910704556,-0.3212925482889987,-0.8199487881638635,-0.40147978464246137,-0.24350710425372668,-0.6072558562558886,-0.3954850526728504,-0.15879591642434215,-0.4349604097814722,-0.3535589770474843
U,0.0,0.0,0.0,0.20132586995660376,-0.13871972282397443,-0.12327165729931792,0.2853002271304221,-0.3763817674189207,-0.19388987303546315,0.11607199776219876,-0.48994772032917727,-0.27077842739144936,-0.09736105820587722,-0.5569561355845919,-0.3459846317172095,0.20569145602530595,-0.9769067667883219,-0.10735974469069766,0.21574599299507463,-1.4041196014349075,-0.23435223414912118,0.21194230291190688,-1.6656809178027812,-0.32321294661060107,0.17956483868490736,-1.9109459154196045,-0.3815196337528659,0.023079336510394073,-0.9896157633575876,-0.14187313043849759,0.05885235026478545,-1.4998150695145793,-0.2846426275757978,0.05880048942970235,-1.8149853105773737,-0.377426598156887,0.03833752502203701,-2.1045056604585817,-0.4248796136185905,-0.12650712861111382,-0.8836254276089816,-0.1926131513322132,-0.2225043452352936,-1.1626715753346268,-0.3930065627713016,-0.1544702379082355,-0.817562313103618,-0.42702298398562233,-0.08163865197531975,-0.5716064701348951,-0.3913440294829365,-0.26208315723688047,-0.6743971750664233,-0.25149129147027166,-0.31495633268611,-0.8208603249086585,-0.4011744686165534,-0.24014180766867563,-0.60409721304232,-0.3945851911313615,-0.15565797752148003,-0.43317570632699337,-0.35351885859178145
U,0.0,0.0,0.0,0.19686579521401837,-0.13748202003521803,-0.12695507907518377,0.27203403230112594,-0.374149802499688,-0.19980291333333797,0.09256178780967649,-0.47496965093371807,-0.2784719683330327,-0.12211211827525262,-0.537105644875121,-0.35579530028343753,0.1918590545606707,-0.9752205896672119,-0.109060882374011,0.20129591528163043,-1.3940969663827656,-0.23549409153829542,0.19560413926120576,-1.6563128605907271,-0.32313257383965593,0.16095269672639928,-1.9024478374455476,-0.3806802492015542,0.009189697488886005,-0.9900465918829606,-0.14043965024521082,0.039164699325934235,-1.4914617256129834,-0.2816772260653341,0.0353784675646051,-1.8020320166357653,-0.3718090903496859,0.011791371373770966,-2.0862094874827126,-0.41737212252068734,-0.13846786429042113,-0.8846233282515577,-0.18839492583659043,-0.24465536787008835,-1.1538357675647148,-0.38895972595823236,-0.1762706380341674,-0.814955877414636,-0.423245022847116,-0.10172044946089868,-0.5712737147708379,-0.3874788530706089,-0.2709733369080278,-0.6783390691253305,-0.24460927141921604,-0.33399911848489605,-0.8151291725443968,-0.3975262491048871,-0.2573797804449376,-0.5997556259923136,-0.39340926097859114,-0.1696952534590792,-0.42831815261442385,-0.3529205180487939
U,0.0,0.0,0.0,0.2004198554060201,-0.13134535445216988,-0.13203266459779636,0.27800555159342005,-0.36488406898585257,-0.20737803381581324,0.10700482139946693,-0.47498546206280556,-0.28697524147584147,-0.10655329685885959,-0.5479344897344003,-0.36519558519608386,0.1979690852447123,-0.9741828333957958,-0.12034566381304827,0.21198102972843783,-1.3969080714093567,-0.24871575498086315,0.210151211702712,-1.6609455885040822,-0.33676097550048184,0.17691685943114166,-1.907298112045695,-0.39399622909166226,0.01737945912350845,-0.9887715376507474,-0.14842102523682676,0.055403811884336074,-1.4877660194387556,-0.29236727468590856,0.05384451325191971,-1.7975592940219878,-0.3821626646129072,0.029936444135389473,-2.080523567751327,-0.42692194076105383,-0.13090230129131125,-0.8848339204789709,-0.19295674520314593,-0.23500341609223827,-1.1572187116091082,-0.3934666266677041,-0.16948167061534322,-0.8247444472659494,-0.4262584552396501,-0.09748044914796902,-0.5834730572976253,-0.3894934436733026,-0.26521800386271105,-0.679487110611089,-0.24614338522274545,-0.3236280260405467,-0.8227710393534826,-0.398059985254544,-0.24867721133432696,-0.6109378352016601,-0.3932723849895488,-0.1639422353976482,-0.4383922077208635,-0.3524130144009772
U,0.0,0.0,0.0,0.19688826727805608,-0.13311247095281756,-0.12469125033767961,0.27635213952721666,-0.3674115217280423,-0.19627855182944626,0.110387058029995,-0.46542776044516493,-0.274704341728061,-0.09753770991392816,-0.5307529114014683,-0.3514465199601682,0.1963211116257816,-0.9786680907411744,-0.10027003253387126,0.20930726251681508,-1.392043518948284,-0.22559709653948665,0.2054399857140104,-1.6518178026959176,-0.31228033494191815,0.17404192294943652,-1.8920330818973696,-0.3679135219511039,0.013212282788052287,-0.9908384813478072,-0.13440438781490624,0.04884280430092706,-1.4875995549895176,-0.2755597102080886,0.049528924994676635,-1.7990903440399446,-0.36615330986016364,0.030354344673426882,-2.080942825939306,-0.40978521359440023,-0.13661470626472047,-0.8814361504793021,-0.18565145874949388,-0.2323780532873204,-1.1398182482870287,-0.3895314855105606,-0.16587799964868025,-0.8034025273651368,-0.4272351168370984,-0.09455628023814058,-0.5622077178221885,-0.3911956968862137,-0.26688353349887806,-0.6699133571900805,-0.2447593168564273,-0.31947591365248446,-0.8001908926090922,-0.4006601243903683,-0.24519439457369815,-0.5801131504282445,-0.39750087919804294,-0.16301342819545148,-0.40752816298674344,-0.35576016146404477
U,0.0,0.0,0.0,0.19638960461467403,-0.12790042837757473,-0.12944322518915524,0.274556416755054,-0.35481297977569887,-0.20550805696979726,0.10766526888855803,-0.45519240621429513,-0.28750004220300673,-0.10533498433848602,-0.5260021327943012,-0.3680438172383252,0.19535918940982322,-0.9743408107114903,-0.1137925245862879,0.21127701640786925,-1.3896586596413563,-0.24292128823052278,0.20689408382513302,-1.6504114063342752,-0.33076631821048125,0.17394590870288357,-1.892308993748179,-0.3872178423397342,0.011188271994948566,-0.9892364048817229,-0.14589776498099985,0.047661217639267825,-1.4906166365666849,-0.2902855243790853,0.04540062436948009,-1.7997253975697218,-0.3804263635920723,0.022573203189727643,-2.080380083500582,-0.42414071291451216,-0.1405780340688007,-0.8801919822359604,-0.19470262852114717,-0.24028410730740338,-1.1439293214910131,-0.3993622885754656,-0.17215086447143205,-0.8087953817167183,-0.4345424186478718,-0.09850001907837956,-0.5674594157336074,-0.3978643140068857,-0.2737852982570098,-0.6687297337410197,-0.25173716464874984,-0.33022761721209565,-0.7978489130707722,-0.4081418380611558,-0.25478581877611034,-0.5792564283650471,-0.4044342337349394,-0.17048349353685757,-0.4066466454021885,-0.36294901785333306
U,0.0,0.0,0.0,0.1949676418230066,-0.13276906873733846,-0.12755874354961802,0.2718867653218003,-0.3639176981258432,-0.20013011215652446,0.09839595733884192,-0.46588445825833585,-0.2787159377549395,-0.1178449732358249,-0.5292206222268835,-0.3563979312829207,0.18907953473836103,-0.9775062046312296,-0.11057550324377952,0.20565291085884052,-1.3985580196122875,-0.23669101521599117,0.20300795551584339,-1.660350503408358,-0.32538133493224425,0.17023295576270414,-1.9041213312397665,-0.3837849229255232,0.0044894413557573475,-0.9898351002557964,-0.14214893322818403,0.04125463159508011,-1.4959354034046546,-0.2829352931540043,0.04006262067120801,-1.804992611582728,-0.3751637283016236,0.017935290652853215,-2.0889784362001236,-0.4228262490482067,-0.14619343271954893,-0.8789482593262122,-0.18992711423072092,-0.24701341417003353,-1.1474003426322212,-0.38807491836481145,-0.1788610058982612,-0.8106935131072226,-0.4243837223512643,-0.10515224076576456,-0.5685715418425127,-0.3913685676639784,-0.2776489288830058,-0.6634914013941066,-0.24595325318640152,-0.33456635502954085,-0.8002917936875736,-0.39504107232644525,-0.2593977192908838,-0.5849235626793702,-0.3900995912535596,-0.17377350949460835,-0.41343767381703345,-0.35049498236891347
U,0.0,0.0,0.0,0.20038295899467115,-0.12563721680179102,-0.13339286263926342,0.28229084615155137,-0.35352514133464824,-0.21223030542765176,0.11430434314398584,-0.4487521050912479,-0.29691894399130825,-0.09656890088439045,-0.5175638871504822,-0.3801901942224142,0.19716531306195298,-0.9774045038658143,-0.11928709965750604,0.2124778172202359,-1.39364696730912,-0.25244643503079817,0.20791922577377683,-1.6562759484204546,-0.34263564526612067,0.17487354590229828,-1.8984812924125378,-0.40041596892392656,0.011110327133181571,-0.9882384539973786,-0.1525166176908753,0.04651137369143064,-1.4875005456066328,-0.3020050032827297,0.043303643899211285,-1.800905265801342,-0.39593369634452097,0.020045194700071295,-2.084225690654971,-0.44152297521392353,-0.14129820246903257,-0.8755905312941463,-0.20295492467898993,-0.23728346765549227,-1.1290914217580141,-0.4140344421371355,-0.16769256027135043,-0.7921119274822525,-0.4531329695838833,-0.09348823934970603,-0.5495615726303852,-0.4175390540929321,-0.2742995701826997,-0.6613493409749196,-0.2618105475295307,-0.3247109619323175,-0.7840084574666141,-0.4236358514194836,-0.24707593971638023,-0.5649463229551595,-0.42284794322727715,-0.16194148210033288,-0.3928434883673824,-0.38242153832337444
U,0.0,0.0,0.0,0.19820790397628835,-0.11868898796965772,-0.1416489585911011,0.276165834860434,-0.34883986774781134,-0.2227151186539976,0.1015119505257731,-0.44325663634812557,-0.3078397026246928,-0.10941116099256247,-0.5186687352304142,-0.39068994635186677,0.19103689955210276,-0.9704631540559809,-0.12412159442563674,0.20413079678574597,-1.3833327261002761,-0.25891220524002223,0.19889622569335375,-1.6493434197557828,-0.3474845108088368,0.16692985484541295,-1.8941517187022896,-0.40318089264651835,0.006436456351019127,-0.9881792640976902,-0.1531676011334934,0.041063238552982,-1.4864279293225096,-0.3037808030646019,0.03855559966851335,-1.8022878288044575,-0.3958647966564608,0.016343271825915964,-2.087198760074725,-0.43847017040775543,-0.14489468105653203,-0.8781643417955641,-0.2003690620502863,-0.24418043792080527,-1.1226486334473262,-0.4162621058190363,-0.17856156169933593,-0.7858600331086598,-0.4567171436410609,-0.10778760116852612,-0.5428197513490051,-0.41959364494059836,-0.27513617096508597,-0.6679908582897329,-0.25652938104037665,-0.32876649541297437,-0.7773136536564559,-0.4241740708139572,-0.25509831400139976,-0.5537381911656495,-0.4267500626944899,-0.17566001224992095,-0.38011425259436166,-0.38671595953430904
U,0.0,0.0,0.0,0.19653534048032587,-0.11828064453456505,-0.1404683289763593,0.27616207519887576,-0.3490967752330682,-0.2205151375871271,0.10243458464403084,-0.4415013654779181,-0.3047725557135839,-0.10787537489960333,-0.5157428024701596,-0.38669084461880804,0.19211303432245855,-0.9726091524523403,-0.12254633525551958,0.20587378025345082,-1.3825125672897594,-0.25672662290253134,0.20097165990315885,-1.6460150589186455,-0.3457416671009028,0.16932550363117785,-1.8882292290086036,-0.4025996489032261,0.00806827743663631,-0.9882883143571333,-0.15238474531376625,0.04179778581106402,-1.483472676194102,-0.3024435861094513,0.03934574470737043,-1.7964267186930039,-0.396596751556718,0.01777596674160679,-2.081196722162344,-0.44194921222529965,-0.1438192594039068,-0.8760389790637942,-0.20028502775208187,-0.23855537667374546,-1.1227460121007218,-0.4152943006687923,-0.17197316991379225,-0.7927898153516176,-0.4593506394275364,-0.10051995225177084,-0.5537574271384407,-0.4262997234090714,-0.2750150894614354,-0.6647262302792165,-0.25701967530612596,-0.32595316747900976,-0.7651730332878665,-0.42643940062761676,-0.24890249125909963,-0.5481622107029465,-0.4339797283066713,-0.16642868149747378,-0.38089791821556956,-0.398181932089635
U,0.0,0.0,0.0,0.19655805317655412,-0.11875640695872611,-0.13747632529391732,0.27955413890717523,-0.3533248655513015,-0.21439525982490779,0.10883997742401598,-0.44599927740606166,-0.29554178233695805,-0.09849535139934243,-0.5196176234338375,-0.3740487977320698,0.19867189935222662,-0.9741296196192434,-0.11886412019719604,0.21329570706892975,-1.3876154657886939,-0.25019313696062695,0.20809751022587047,-1.651171866545169,-0.33608821173217035,0.17755069348264993,-1.8915179858040756,-0.39001480731607785,0.01476644710643746,-0.9886727143154139,-0.14935935192697058,0.05014296400587194,-1.486071713121192,-0.2977108056033912,0.050653404280550464,-1.8019720384572346,-0.3905101138994065,0.03359025425882011,-2.086093699364273,-0.4340860995622906,-0.13918640321970732,-0.8788800449283529,-0.19764732545944275,-0.2268531287919411,-1.1262992688331388,-0.4125287998511725,-0.16224179921408138,-0.7936560015102718,-0.45604480739017805,-0.09408452398761658,-0.5526239607372184,-0.42151866478422556,-0.27352529375453144,-0.6734107176434799,-0.2544116621219244,-0.31900721998502646,-0.7811388036294693,-0.42324995907464963,-0.24774736408136494,-0.5582112500033969,-0.4289289898214938,-0.17272363737366034,-0.3866381906534667,-0.3910920826095225
