W,0.0,0.0,0.0,-0.19634393484276425,-0.16379818446020145,-0.09613761302934132,-0.304691437625167,-0.43555853183422455,-0.13080772105556987,-0.16010185067094285,-0.6137272390323608,-0.15458908316888526,0.010704759855114654,-0.7361088015225548,-0.17726838241102477,-0.23992312808948557,-0.9500701822619344,-0.0691728207383634,-0.36596432097528,-1.3043439689439482,-0.1136497654933394,-0.4272791249096709,-1.5265419207270037,-0.14684553663877528,-0.48115403196098694,-1.729852177992026,-0.18176808346727144,-0.05660670128354198,-0.9933249028639717,-0.10050531687466698,-0.06747346863684868,-1.4393095782682845,-0.159668384355846,-0.06160843108365651,-1.702522428343627,-0.2078672168370306,-0.06325871085337552,-1.926525711140434,-0.24195835399895754,0.0948203343316666,-0.9097328780425941,-0.14811763873580785,0.1811419566734303,-1.2518493291653643,-0.26220487496686895,0.22507692570855414,-1.4868298556150925,-0.34199356782645324,0.2594713921637062,-1.710781058035362,-0.3892071979298612,0.21620111151946975,-0.7225250677419415,-0.19964982125712388,0.17509312756296716,-0.9732125414951988,-0.3032677119185787,0.09552071928995223,-0.8319921613254092,-0.3090300989580859,0.03589353922655849,-0.6657391513841282,-0.30915169611139
W,0.0,0.0,0.0,-0.1946337459924201,-0.16363115798361316,-0.09658467643635461,-0.30314688110503146,-0.43820475048628993,-0.1298654827759494,-0.1554452023332913,-0.6167199139677642,-0.15182435896978683,0.017613726279148516,-0.7331304023120543,-0.17296941070048122,-0.23943409496720433,-0.9501671171962375,-0.06846624013400159,-0.36327870675629687,-1.3036913370618406,-0.11177212676296053,-0.42374952572469876,-1.5260325644006858,-0.14428509033428738,-0.4772826174083645,-1.7293981369038327,-0.17880200831887563,-0.05559930176152011,-0.9935938102780955,-0.09838728485270465,-0.06501946794566503,-1.4364652160639382,-0.1551378354051648,-0.0578036745210615,-1.699397136717441,-0.20197682834583225,-0.05814431699487592,-1.922968360078599,-0.23529719154074424,0.09661969201060197,-0.910039836908087,-0.14460466025055008,0.18318685787087638,-1.2476056257001373,-0.2569348372091641,0.22918165437958168,-1.4816677760285142,-0.33647107552744365,0.26573099763508,-1.7055243034949592,-0.38381559225229084,0.2185248039265968,-0.7243750295087585,-0.19489649481836016,0.17735947112948525,-0.967891886691702,-0.2992614053570989,0.09972835234855872,-0.8240971517098672,-0.30611921725781555,0.04213998439378659,-0.6585137586988098,-0.30678815643531354
W,0.0,0.0,0.0,-0.19869021670124534,-0.17049723686947443,-0.0939439042019032,-0.30484499402674303,-0.44580330167723964,-0.1279132081939372,-0.14773895567885112,-0.6049686370946346,-0.15179579930323064,0.03230058812351356,-0.7092274402799434,-0.17545494285662522,-0.23636489820850404,-0.9561521179753725,-0.06354838215154789,-0.35383839396936534,-1.314091345630668,-0.10883255381060787,-0.41076293479498976,-1.5390842440445816,-0.14421502684279103,-0.4627297458481476,-1.7412620095082842,-0.18061401116737333,-0.05360397694156903,-0.9940133757886526,-0.09520515957286474,-0.06218136028983398,-1.4333125065936638,-0.15303281714866757,-0.05636984708755567,-1.7006881629082444,-0.20544065275149184,-0.05723003892827097,-1.9254874357641425,-0.24317818245996925,0.0966503715656658,-0.9101109813873038,-0.14306991247586606,0.18103596014914472,-1.2330410602763229,-0.2573847826074873,0.23515956766626717,-1.4670761349264654,-0.34576583229189617,0.2794913064201684,-1.6857230586687417,-0.3991716749006355,0.21823330659281362,-0.7302168169637233,-0.1946797407109216,0.17890910011897254,-0.9483030963006633,-0.30594966584529604,0.10603283442087523,-0.8020369765449101,-0.32147845848531426,0.05329985206983039,-0.6342310891574864,-0.3272304879020982
W,0.0,0.0,0.0,-0.18930967553089834,-0.17044344020569865,-0.09700363952860419,-0.2920227587815919,-0.44338587052877143,-0.13445288375980707,-0.1405008421920529,-0.6051308030008447,-0.1614504290094862,0.03766077008069665,-0.7078300412566212,-0.18844569350255236,-0.22274909749252558,-0.9554044065885636,-0.07166390061772004,-0.340930890991266,-1.3162480678188229,-0.11811543446398291,-0.3978552752578931,-1.542524796665238,-0.15320230767093868,-0.4503484359527022,-1.7502030212139879,-0.18939039664495716,-0.03762061042656649,-0.9939954503012342,-0.10275083674393787,-0.042963494822622336,-1.4325309881736465,-0.16000660692366983,-0.035011883304851416,-1.6940815549638397,-0.2090626674027098,-0.03647816912414241,-1.9147009071455543,-0.24435330730223975,0.1150097309547064,-0.905887553046081,-0.1498235787789381,0.20128403742608128,-1.230283852558106,-0.26035848818114404,0.2525317903993152,-1.4575795180171889,-0.3389846269140716,0.2957683341945394,-1.6746765567900812,-0.38660230932433626,0.2346068313510566,-0.7212556520229734,-0.20130053060014427,0.19089809070932487,-0.945816518386759,-0.3060057573330283,0.11681929929697299,-0.8014885895202934,-0.31348544707041587,0.06700390732104798,-0.6422110001821072,-0.3144594103717802
W,0.0,0.0,0.0,-0.19127266560206094,-0.17458238889980948,-0.10365762421082741,-0.2915175700006841,-0.45337232772043845,-0.14280113200977257,-0.12342359533876511,-0.6012386125030751,-0.16873151956035035,0.06783365791192085,-0.6931322507482186,-0.19402445318651343,-0.20542073993685092,-0.9612728118416706,-0.08274519303839738,-0.31141779383599305,-1.3306095722264455,-0.13186143804039274,-0.36338360039794954,-1.5630603268828718,-0.16688431210986168,-0.40957330332291275,-1.7786057746817185,-0.2027897521979018,-0.01812028294247797,-0.9935579741526667,-0.11186691800408849,-0.015066594769445265,-1.4372218203437241,-0.17174560913180814,-0.00200954779012222,-1.7054462209148364,-0.22313484519955568,0.0037684127566753214,-1.9327801677602563,-0.25955042483355895,0.13168665827654452,-0.9044199900569793,-0.15718537045459993,0.22944348922849908,-1.2165836117158355,-0.27516989128583685,0.2955884733644662,-1.4461223604172908,-0.36115398371318164,0.3517237852008086,-1.6652170127704253,-0.411803566183165,0.24874643802528204,-0.7184404458518351,-0.20682061594403045,0.21643397914016396,-0.9294143674036832,-0.3202956545271021,0.14619358043099917,-0.7750034040160884,-0.33238253576784016,0.09637788973134401,-0.602397881293847,-0.3348371384152877
W,0.0,0.0,0.0,-0.18208145244717386,-0.18250863772279521,-0.11197469638205332,-0.27059171459638715,-0.4617799049626523,-0.1566929804044515,-0.09920621782942445,-0.6076018859710535,-0.18625467182393166,0.09325273806205374,-0.6902236868372037,-0.2146182593328426,-0.17424944571971435,-0.9674901713651745,-0.09617500295354225,-0.2711818610943796,-1.3447834899968527,-0.14686362658964092,-0.31598651364238645,-1.5792709474936015,-0.18286085680837277,-0.35514396498527184,-1.7961865370888037,-0.21955267811159132,0.014833252452588052,-0.9925127886691766,-0.12123670628077934,0.0329170602213571,-1.4377167613501949,-0.1831565410466719,0.05597362922965628,-1.701921724066761,-0.23319136578032693,0.06876723799579314,-1.925556904846559,-0.2690583054122423,0.16338988324352902,-0.8953364386973571,-0.16252728267345828,0.2780155343571152,-1.2099305423027549,-0.27964732643634743,0.3542266048953311,-1.4306715243952581,-0.36041946670494546,0.4171456838458519,-1.6394629390952185,-0.408470593621714,0.27581246832429074,-0.7002848592160111,-0.20900144619946495,0.25620732024752296,-0.9288398641998887,-0.3184095022845625,0.17910425143948633,-0.7779388789818548,-0.32575677546092835,0.11950489640547382,-0.6079418265854619,-0.32616535438306166
W,0.0,0.0,0.0,-0.18233872510973614,-0.1848073121769196,-0.11441122269897724,-0.26648900712337176,-0.462886395609958,-0.16137280158800954,-0.09140495423494234,-0.613000685696193,-0.19308949313519225,0.10048636241542931,-0.7003262374645575,-0.2235238562124451,-0.16926878949724325,-0.9674349310533539,-0.09558860995037079,-0.26361166710596934,-1.3424636387677078,-0.14604847939950225,-0.3070080978684996,-1.578412816056224,-0.18292498429811926,-0.3466968456910293,-1.7959716199866267,-0.22062395905358512,0.020199931719295405,-0.9926028827012713,-0.11971415961222855,0.042361619012145274,-1.4339949314653477,-0.1805833244419519,0.06658978981473314,-1.6965645833120941,-0.23077037830997033,0.07701788473722046,-1.920172857023596,-0.2673619636546912,0.16708594161396798,-0.8937398956493642,-0.16034705194409546,0.28379312828978265,-1.2090563174357472,-0.27617102378949454,0.36151621807170986,-1.4324267830029171,-0.3558456179977837,0.425603989150037,-1.6446893455891807,-0.40402035320136537,0.27672057554832946,-0.6976705438729403,-0.2064712575629618,0.255636089884796,-0.932121853086535,-0.3153660541985876,0.17626302716825226,-0.7851804315854161,-0.3219038156733257,0.11540353628148763,-0.6180383395435826,-0.3221337738400779
W,0.0,0.0,0.0,-0.1834289882208352,-0.18725001430209692,-0.11080223122990676,-0.268136716251434,-0.4627349722123885,-0.1578863768597352,-0.09296644710575937,-0.6100829879095307,-0.19113715407429208,0.0972138521815679,-0.6961865951200935,-0.2239873747557896,-0.17009673149396903,-0.9668193973107826,-0.09836666209651232,-0.258141294088223,-1.3482060983478596,-0.15187550363890423,-0.29727795170755117,-1.5820406244880036,-0.19264668001355575,-0.33458183132128044,-1.7971839243724406,-0.2324676154068288,0.0225798399243141,-0.9919822746985674,-0.12434354632568756,0.046723131559200014,-1.4343342828629115,-0.1833057915001068,0.07408679484896864,-1.6928727238486752,-0.23458431248199516,0.08705299869230683,-1.913341571851682,-0.2736105118748976,0.17272259304859502,-0.8919915594931257,-0.16616677563104318,0.28730403468576826,-1.2048626937488451,-0.2726828815481699,0.3633754468722366,-1.4230069383689186,-0.3481342055495012,0.4241240268599175,-1.6300559264498913,-0.39663151127651247,0.2832826663345797,-0.6972478878139435,-0.21401541274686375,0.27114333983394123,-0.9289414886838709,-0.3102398189570797,0.19911377708573574,-0.8000754197708766,-0.3125444300061528,0.141262898535667,-0.6511620904461557,-0.31272529196939636
W,0.0,0.0,0.0,-0.18189579117014743,-0.18501067588934125,-0.12189331647563303,-0.25347038424941304,-0.4563576762159397,-0.17215293708915447,-0.062387101729304055,-0.5983572593671893,-0.2052307384259824,0.13284606285946723,-0.6912068809207138,-0.23623579191492758,-0.16518259050851425,-0.9663885044299056,-0.1038716001162938,-0.24222185760047388,-1.3473965070628826,-0.1576367842839544,-0.276352318437211,-1.5809279333569721,-0.1987081785967363,-0.3070991125559743,-1.797592449283876,-0.23837624856146133,0.03222266860789718,-0.9918365600893884,-0.12337721709389711,0.06326922931696645,-1.4339285383930016,-0.1786537750398533,0.09916058555404356,-1.6926220661645384,-0.22848178122668814,0.12085147950974799,-1.9170471023437146,-0.26765671088531834,0.18330391019708883,-0.8914841876865881,-0.16001452503878602,0.313370132565008,-1.1987337435002128,-0.2663646907495166,0.4028883505669882,-1.4110830017675384,-0.344188815276976,0.47174656557108435,-1.6172360883463237,-0.3949313568810136,0.2957363535575537,-0.6970254512318014,-0.20342875577739136,0.29807643683443125,-0.9221051768975892,-0.30209545440867686,0.22709260418998395,-0.7880693803851891,-0.30716106181484903,0.16309094392634227,-0.6375755394558311,-0.3092761568266021
W,0.0,0.0,0.0,-0.18068347354858305,-0.18239582593801873,-0.13203843398524487,-0.2396101869626794,-0.4637695483341548,-0.17670298315562744,-0.03568515696460495,-0.6000964056855367,-0.19962748063310837,0.1617171464388882,-0.6868665878520824,-0.2173194569722971,-0.1514515558778302,-0.9713494500320451,-0.09729049857044156,-0.23005151387437295,-1.349951100704735,-0.14326663212330426,-0.26348824708685015,-1.584187417778222,-0.1777096688437247,-0.2914152858996432,-1.802007776978244,-0.2117958187876,0.04196792074733478,-0.9931780980333765,-0.10879319470881481,0.07007766483617847,-1.4358865087651873,-0.1601731355962671,0.10543410054346722,-1.6951221330474116,-0.2051048634379534,0.12606126679032384,-1.9164276046530722,-0.23748992951632794,0.18646074038094165,-0.8948604235819206,-0.13935068687192792,0.3179386812377068,-1.2054000970379841,-0.24926181945772605,0.41796166669879103,-1.4176989953220651,-0.3268492316704767,0.49392981634264954,-1.627171428161686,-0.3719977714716548,0.2938217700984963,-0.695907719524558,-0.17739828466794041,0.31222052493583513,-0.9367784987721991,-0.2785349662602449,0.2505845479911751,-0.7833182966546239,-0.27905927110668016,0.18982651992879468,-0.606407520286964,-0.27420004732912195
W,0.0,0.0,0.0,-0.17538057082733177,-0.1850985314733983,-0.12613117373181554,-0.23594856385753474,-0.458435296563269,-0.17139833763452755,-0.04024605898202085,-0.5976897128287462,-0.19710855862459184,0.15429504090327342,-0.6914129180194794,-0.21839015684028726,-0.1522834881921525,-0.9699647519956364,-0.09324900359349068,-0.22660462429229522,-1.3454240939260056,-0.14131227356945886,-0.2598505969499342,-1.5750868529117066,-0.17770343597392976,-0.2860264000767544,-1.7866895538668879,-0.21296435799939845,0.04021202379560508,-0.9933643086262203,-0.10775130388915549,0.0685594913975989,-1.4333680878663675,-0.1595215557640754,0.1046179415563684,-1.689970245854765,-0.20549669957776448,0.13035494695724778,-1.9112643746493985,-0.2399856427328533,0.1849892895040961,-0.8932205302045392,-0.14087132577125785,0.3183420776390291,-1.1995227521414284,-0.2484335968664542,0.4125293324682052,-1.4058706764928384,-0.32607362110431687,0.48698002185857564,-1.6106601186791782,-0.3733567979744341,0.29241842766748266,-0.6941959349560242,-0.18104158326955436,0.30787625781618183,-0.927894882782401,-0.2800447597937881,0.24253071273152094,-0.7832630900481063,-0.2832117476136404,0.1822307925405604,-0.6194283157652661,-0.2816944827912592
W,0.0,0.0,0.0,-0.17967955997942725,-0.19016692212855701,-0.14424838361718742,-0.2241036569254249,-0.46649070953073496,-0.19290359450285482,-0.002394066312888462,-0.5949696689018806,-0.21640663822191056,0.20190999006906762,-0.6797013090306487,-0.2328712750552083,-0.1391599783501453,-0.9723960612904108,-0.10791066619207858,-0.20683106448792876,-1.3552308266116981,-0.15978532903788562,-0.23625223446942148,-1.5917055900462194,-0.19927332366505315,-0.2609522997403655,-1.811274279338703,-0.2352385812620517,0.059077773194313364,-0.9916291738301086,-0.11481027098399228,0.08993735109623006,-1.4424632021317443,-0.1678362798494268,0.13012105045778943,-1.700364710528301,-0.214062332244981,0.15481108939238353,-1.9245201701915338,-0.24698014061028742,0.20376968978908397,-0.8908364569061273,-0.14204139435093924,0.34364228071165565,-1.2049222120955663,-0.2501314970360504,0.44921161854190095,-1.4099600477600207,-0.3261064552825356,0.5266771355832969,-1.6226981097412203,-0.3700163775630325,0.3119360344068561,-0.6855425783189589,-0.17819736122059368,0.3499261941825256,-0.931968202071441,-0.26955281226431677,0.29592954544288147,-0.7868392114809717,-0.2632589885026565,0.2338498128762414,-0.6195239809499599,-0.254852067937025
W,0.0,0.0,0.0,-0.18067236966345274,-0.19168237067704064,-0.14200422798870352,-0.22617711185092557,-0.46968066372948664,-0.19060595737809874,-0.004555516058377358,-0.6054512654579047,-0.21547380810186026,0.20018949831264315,-0.6857527010598385,-0.23393305740173104,-0.14413912528562922,-0.969214599441304,-0.1051052060526621,-0.2084034178575815,-1.3520625057218667,-0.15805423143065664,-0.23573725839081688,-1.5900578012931348,-0.20003424399777545,-0.25988339116679354,-1.8104300999227325,-0.23844527131347001,0.05523698103946082,-0.9918937615352457,-0.11443619074885066,0.0864435497549711,-1.4426781312592896,-0.16611475626065045,0.12675966222129365,-1.7026129640739693,-0.21502918203226887,0.1518870002448355,-1.9282690548221633,-0.2517353559280317,0.201888095944473,-0.8923183590699705,-0.1439537199325678,0.34065459226931555,-1.2061929689823876,-0.24927048239301466,0.44717433813061275,-1.412254443029512,-0.32704832377235793,0.527374006711231,-1.6225894808117893,-0.3743206400508064,0.3117719209272102,-0.6904267282563841,-0.182529979123593,0.3435604407262214,-0.9365793854667771,-0.2715224602057532,0.28918745611635727,-0.8026128693063606,-0.26706278096063946,0.22924277360090278,-0.644644405820643,-0.261740035514643
W,0.0,0.0,0.0,-0.16313377539157953,-0.20885570985021304,-0.14449033776506415,-0.18505531189752855,-0.49166012153411864,-0.19227031338333103,0.04967770603224099,-0.5924613261209477,-0.21437092509712857,0.2635136156195441,-0.6456609916553903,-0.22927701441877837,-0.07064820014267541,-0.9841547971687747,-0.11047560468002031,-0.10912705219624314,-1.370375176220223,-0.16048560193408734,-0.12281210452162009,-1.6118531822666475,-0.1969873461828852,-0.13482990651346552,-1.8356678842168113,-0.23122426861445877,0.13009271585106447,-0.9845683584839565,-0.11705141073349593,0.1898027208314188,-1.4362094557709508,-0.1692696809614321,0.24920023249095746,-1.6946595462940792,-0.2148804452709318,0.2902812138259429,-1.9193670464922692,-0.24766723241477542,0.2712804308851209,-0.8705075532392107,-0.14381984498028932,0.43887494624862955,-1.165040125364931,-0.25629470481987576,0.5742997419495218,-1.3518819626922833,-0.3376158663096942,0.6769515683964252,-1.54787491239187,-0.3834593053056722,0.3703848450444768,-0.6576761926326748,-0.1788399746981671,0.4267930478265336,-0.89210489185882,-0.2760457875681379,0.3665284693844463,-0.7519592547299094,-0.27626986961722755,0.29353917035021404,-0.5912405213581178,-0.2717547870196512
W,0.0,0.0,0.0,-0.16523414086510824,-0.20839704893726604,-0.12969243701596953,-0.19562314338682119,-0.4902570612259819,-0.18459289638833665,0.023338488400253713,-0.604293952536859,-0.22047082484859698,0.22809112453694322,-0.6634740772442155,-0.2507040531509443,-0.07625706289114684,-0.9919459875334284,-0.10651607454460965,-0.11405292792062177,-1.3830733050394302,-0.1602198368783204,-0.1261463963901567,-1.6201491266580241,-0.1982598639529629,-0.13724018736153926,-1.84481811326434,-0.2353951278824766,0.11714295885176965,-0.9855550256057699,-0.1223062496140847,0.1891413694946783,-1.4328242761613408,-0.18990374136983582,0.24813856496762185,-1.6939314236628196,-0.23630028728104388,0.29084946441162796,-1.9283538390213948,-0.26727686372491277,0.25886631099797225,-0.8614810813168006,-0.1559249041314375,0.4215950112987873,-1.141837195261439,-0.2709745143403975,0.551342931882064,-1.3264843981112802,-0.33713200944627897,0.6621169325265223,-1.5155077306993496,-0.37359590350591565,0.3577402148508632,-0.6452507079358885,-0.19736785084494213,0.4029024779193259,-0.87394861303224,-0.28914301420201094,0.3251120540755009,-0.7451908598645928,-0.27904388928823565,0.25616451520041017,-0.602049946005845,-0.26865591892685015
W,0.0,0.0,0.0,-0.16845591378513866,-0.19664697637813036,-0.13660332423393506,-0.20973893601212132,-0.4876551996204144,-0.18763597673046414,0.005367465102830252,-0.6151479976849594,-0.21809310581327,0.21053050909632362,-0.6755477612771411,-0.24497118775151083,-0.09402476778554783,-0.9863352563559467,-0.11062524701988583,-0.1471270133419995,-1.3787510489933887,-0.167218323360366,-0.16981430608089396,-1.6129459808590352,-0.21168976184254573,-0.19049575895551477,-1.8296885045108826,-0.25194139748595723,0.09864162571302651,-0.9875065089317246,-0.12288500516405007,0.1594560760279837,-1.4395022814626421,-0.17877394503203123,0.20655569868574203,-1.6969455528097617,-0.2274631962477481,0.23902602287554697,-1.9250135674850883,-0.263657461208593,0.23896867060315594,-0.8725267477256391,-0.15408646851741473,0.3773885662276067,-1.171936334038504,-0.2571660405338397,0.477998790069588,-1.37499587171685,-0.33132606670030923,0.5635017177707984,-1.5823942577685195,-0.3782022389461544,0.33943923793769154,-0.6610778574363524,-0.19454756564591022,0.3881188412163524,-0.9029962596854384,-0.2820671216765944,0.32258865616664495,-0.7779448435797212,-0.27680956624512393,0.25905313846061545,-0.6315563338490946,-0.27197465795735337
W,0.0,0.0,0.0,-0.17142885378559586,-0.18997530586487327,-0.1357022658004778,-0.21950883615647648,-0.48412552303394646,-0.18487201889826796,-0.008546043998684071,-0.61644990382504,-0.21438329969448422,0.19413476103181593,-0.6807665865738866,-0.24136798653602387,-0.1099205725079063,-0.9821117940458581,-0.10388999790249487,-0.17404928256864355,-1.3686496550164513,-0.16130713427644916,-0.2017549276530568,-1.6018364879263423,-0.2083074974712228,-0.22770895819440384,-1.81669393245632,-0.24994412388048534,0.08026284597594513,-0.9899984417894286,-0.11602138083278078,0.12640007094134678,-1.4396941935605436,-0.1658810198032499,0.16522239842284378,-1.6989775283745945,-0.21270142898609345,0.18934238988923535,-1.9262028485068838,-0.24894178935807706,0.22087947034060687,-0.88000719304264,-0.14786818265157647,0.33512882261942734,-1.1869386205989394,-0.2473463058994548,0.4142878884952544,-1.39756155142332,-0.32179199857913016,0.48140569996244414,-1.6143242707096597,-0.37064862703414103,0.32623088927306243,-0.6742955148972186,-0.1892080131467329,0.3668870693486735,-0.9176929197959363,-0.28051311235394666,0.3002095391479778,-0.7860322243193081,-0.2775833351651576,0.23491140773095737,-0.6368637750498796,-0.2742156310304968
W,0.0,0.0,0.0,-0.18876651053682283,-0.15531227449588322,-0.11273162991489148,-0.2827324095133495,-0.4612755425240708,-0.13934797657138187,-0.10463551814568157,-0.6510947019159801,-0.15069206174672953,0.08576949541992929,-0.7393638911870382,-0.16141476469225077,-0.2415681918229914,-0.9341528122800064,-0.05823779476338938,-0.3891491909810947,-1.2579787999871062,-0.10471347998972436,-0.47047237910864215,-1.4604542796722952,-0.14642855613986824,-0.54114511238656,-1.643162180382758,-0.1849513959428968,-0.05494975153557186,-0.9953590197811921,-0.07899966168537206,-0.06707993256381592,-1.4295393622590873,-0.11365862286333182,-0.07375170803373227,-1.6924466072578812,-0.15530255031997228,-0.0872326495541233,-1.9057611298065793,-0.18826828137552373,0.09914841239869276,-0.9242508768669091,-0.12045245514365491,0.17547924899926742,-1.2691465988826656,-0.21763601559410675,0.2081096970443795,-1.501547672703538,-0.30135990506721555,0.23311070913083168,-1.726792030447375,-0.35532873507404034,0.22823241770847333,-0.7465980051922047,-0.16904482557437345,0.18617941998215834,-0.9752857375065984,-0.27008669820201264,0.1173706250858988,-0.8218995234136368,-0.27901616012576697,0.06658203058117257,-0.6476516050891846,-0.2818852300340269
W,0.0,0.0,0.0,-0.20033084053502764,-0.16088266957994185,-0.11050905261327124,-0.3101890622066976,-0.4492674530405778,-0.1470630600714503,-0.12912147680394176,-0.6258547381832751,-0.16580862335184743,0.07598205419998705,-0.7145183457996613,-0.1812309815063569,-0.2600922132814106,-0.9245808222862478,-0.09056027817366247,-0.4053049544671509,-1.2681562842260257,-0.138521179862497,-0.4919602881346016,-1.475780573242551,-0.17212311369012734,-0.568464817810931,-1.669941527929673,-0.20714405198269747,-0.079394404406472,-0.9905128349494181,-0.11216439876096299,-0.12092173178536436,-1.4393742218972514,-0.1696464215777994,-0.13900298394571964,-1.7113889240071152,-0.21990301528272402,-0.15528201147903795,-1.9389329793759602,-0.2564368513983202,0.08071779529368951,-0.9257021227131951,-0.14990372002474187,0.19866001241061043,-1.2470663914866749,-0.27383164166523644,0.28246571977447416,-1.470365321827912,-0.36405751505174133,0.34968266581190016,-1.6779656691574465,-0.41441044105629105,0.2194772149906506,-0.7581027730875732,-0.19152692019253462,0.1850468068909877,-0.9683449064852022,-0.3071921674098166,0.11250971637661504,-0.7999321050535486,-0.3212682533994823,0.05703626206687114,-0.6121105131954734,-0.3252795699444874
W,0.0,0.0,0.0,-0.20006613570307438,-0.16472944177880297,-0.11153125190463034,-0.31037183380067085,-0.44407924476747296,-0.153225046880701,-0.1383624646871562,-0.6204391075835828,-0.17767640746436267,0.05611541899966286,-0.7167481513170421,-0.19881139939953743,-0.26158895652888053,-0.9258541563769556,-0.09736008842195834,-0.406742355283845,-1.2681607581326326,-0.148634217136228,-0.4951891302987909,-1.4776212974547052,-0.18354323053401322,-0.5719922835326262,-1.6739051371849107,-0.219351096721053,-0.08127961974872949,-0.9895183264297918,-0.11936123773271644,-0.11942052882103575,-1.4381744576560949,-0.18092056097241577,-0.13566479839982346,-1.7124897798310788,-0.23159047278458025,-0.1499757247575181,-1.9428780240514714,-0.26779195686454105,0.07969081594091554,-0.9197182620748972,-0.15714566779042824,0.20250695323239618,-1.2397014631480843,-0.28199230342012216,0.2905826930554283,-1.4531682396325545,-0.3693343647607447,0.3611323710763241,-1.6507343430412444,-0.418025685445153,0.21837613310510173,-0.7468505617410542,-0.19884829076391766,0.18879835795626324,-0.9478637565210238,-0.314270172850243,0.11549953074719982,-0.7775505886952697,-0.3283154813843999,0.059365064960048626,-0.5964812662361287,-0.3325925223768296
W,0.0,0.0,0.0,-0.19915387032893322,-0.16437305276803135,-0.10863663262814764,-0.31142130593473083,-0.4453348475945483,-0.14547463641448474,-0.1417340043321915,-0.6230609304366315,-0.16553041809664965,0.05288289185280792,-0.7147532138617071,-0.1812568578584819,-0.2575948916012576,-0.93298468082258,-0.09069136238085349,-0.4057945716603765,-1.2845304021361652,-0.13895609701455494,-0.49305667337159964,-1.5032138434420808,-0.1698643162099767,-0.5658930870009505,-1.7069025104097246,-0.20283539024497466,-0.07453032334478978,-0.9905961672789713,-0.11473649931182994,-0.10989149338476838,-1.4427988663477744,-0.17449726626348047,-0.12018654873220068,-1.7176078834805368,-0.2215949291031039,-0.128009851628779,-1.9464278956232854,-0.2543607969393419,0.08553202647424957,-0.9174658851186165,-0.15526955194807648,0.2007086090583619,-1.2354846531833539,-0.2777974276688166,0.28386185308737794,-1.453728806479006,-0.36357198562157755,0.34976660487201744,-1.6571825869049548,-0.4108980734928311,0.221998740345444,-0.7389231431436596,-0.1999499828073008,0.18676519104637818,-0.9439426444992938,-0.3113980847357657,0.11344120559529078,-0.7770997327632113,-0.3233816297041137,0.05755411392746454,-0.5964896862640915,-0.3263208593904589
W,0.0,0.0,0.0,-0.19911200573794546,-0.16079799936702321,-0.10825135752540817,-0.3144134816112853,-0.43874486679612856,-0.14621844605024206,-0.14455569698948106,-0.6170985755154129,-0.16782552476278537,0.05216264060954025,-0.7095048680727551,-0.1861022985150204,-0.260593955223459,-0.932620303351695,-0.09093491571570898,-0.40574367294589136,-1.2829115783390452,-0.1386670177544782,-0.4891741354308274,-1.4997971230916296,-0.16996340377342692,-0.5587412147937553,-1.7000207786430463,-0.20347079868316004,-0.07751578206898319,-0.9904425443298377,-0.11408273274984078,-0.11112962184465798,-1.4386467398500218,-0.17054802918402628,-0.11964729109072615,-1.7117727078371539,-0.2177100892433688,-0.12551526670927682,-1.9389690456972026,-0.25205787505595284,0.08272799964141735,-0.9173137987164338,-0.15353921031875495,0.196720795746253,-1.2340702728160207,-0.2740714344128909,0.2786570828908163,-1.4520873216481787,-0.3619126639286046,0.34509569718079214,-1.6536477365730156,-0.41230747122999756,0.2194066583710594,-0.7424427173597141,-0.19697045287124054,0.17633178807709174,-0.9355957960315362,-0.31220727238157747,0.10087668974126246,-0.7673210582269429,-0.3295916677806144,0.044914698952766306,-0.589268756175914,-0.3364843598903464
W,0.0,0.0,0.0,-0.19820195871687407,-0.16813267330118728,-0.10502550713705805,-0.30743257742586844,-0.4453226682130509,-0.14239986306943989,-0.13999414049380893,-0.6197976913928679,-0.16403116843316567,0.052482821393968614,-0.7159843451671662,-0.182360158969817,-0.25081415749375413,-0.9351486791137898,-0.0922503182373049,-0.39505545831907346,-1.2902316707219803,-0.14229096885098058,-0.47927203659915996,-1.5093361747742975,-0.17446936522032414,-0.5491646903426248,-1.7105441093274167,-0.20756017938666002,-0.06550535045888918,-0.9907996267900386,-0.11842782027031698,-0.09852706967164883,-1.447403659819049,-0.17885247660147713,-0.10715286366929246,-1.7199585527917325,-0.2264707607967691,-0.11332353604865382,-1.9469077277470757,-0.25936986683441315,0.09434355005573843,-0.9151940755750837,-0.16043415803194486,0.20818993078584871,-1.2389383971947512,-0.28190908846247836,0.2880453099072194,-1.4557367827413583,-0.36623982465793575,0.3514390842874276,-1.6597586277375351,-0.41302665909990394,0.228668712793464,-0.7347412075733522,-0.20613145484849277,0.19333153856282573,-0.9390938318577972,-0.3160096035481375,0.11978554571589671,-0.7790580105587276,-0.32689926357040017,0.06289570003715896,-0.6066697931191843,-0.3291742524296693
W,0.0,0.0,0.0,-0.20196648811131404,-0.1643323423582166,-0.11449440922545463,-0.3073699641112832,-0.44038994380889596,-0.15831493855781606,-0.12656596826572672,-0.6157818029723432,-0.18372226322102816,0.0723613821554526,-0.7208620114332744,-0.20438613644897863,-0.24877935629566764,-0.9352022276648854,-0.10263666952693669,-0.38499914649116523,-1.2992119511048612,-0.15406558964004793,-0.4582548957648776,-1.5227505894839894,-0.1869379896482094,-0.5241998400936059,-1.7262311689582883,-0.21995225163749596,-0.05924559935725721,-0.9903896854723294,-0.12497291653322225,-0.08602126150716542,-1.4510405472154568,-0.18446266023987548,-0.08914265752471287,-1.718713372848296,-0.2333534881291254,-0.0962958647396072,-1.9441181028863355,-0.26811183566874675,0.10062288339234186,-0.9102689214181979,-0.16329962743312298,0.2181644596868882,-1.228399158839895,-0.28640861981960103,0.3068122219006482,-1.4467114144468307,-0.3716596944930851,0.37730972260925794,-1.6532918643950552,-0.41860841864750853,0.23136019450425108,-0.7304526020786557,-0.20546683405421656,0.19453229567521077,-0.9488361610488395,-0.31503415739857127,0.12176173599858592,-0.8016854307327821,-0.3228678216419815,0.06551260762892691,-0.6358299639709534,-0.322908638493113
W,0.0,0.0,0.0,-0.19191513543339286,-0.17495185564738672,-0.11379976212003376,-0.2835244279741897,-0.45238182506977515,-0.1573915725606257,-0.10130773726309035,-0.6208396514504319,-0.1838968049208109,0.09086835403251993,-0.7184086168298964,-0.20651260072105063,-0.22806948841168684,-0.9410734661846971,-0.10252688289795771,-0.3606599558253951,-1.30698183217221,-0.15642394898935139,-0.4376776419060981,-1.5308982357979684,-0.19243231602124714,-0.5030938966229007,-1.7351375526905446,-0.22732466835717313,-0.03765135509617958,-0.9913895089770034,-0.1254161749925317,-0.059525314933553876,-1.4498567941205724,-0.184958517631145,-0.05867103389377826,-1.7200527530528482,-0.23279591051058815,-0.06105850242044835,-1.9454889421769794,-0.2670412938166852,0.1225990935137239,-0.9086609484016911,-0.16466953439345297,0.2420134916407092,-1.228162631648708,-0.2814024578705711,0.3326143802737297,-1.440574289684902,-0.3603979663395018,0.4031475142081574,-1.6404547055392507,-0.40511032661325075,0.25329260518066016,-0.7235791040016087,-0.20897258357847262,0.23146172316353453,-0.946025692400483,-0.3101191858617106,0.16313398216885924,-0.8030770195152506,-0.3136949799920623,0.10795837833854655,-0.6399549076790821,-0.31233996715614076
W,0.0,0.0,0.0,-0.19658213612138564,-0.173896935130975,-0.11817997642243315,-0.2815547395878326,-0.4583111425592527,-0.1640684976054562,-0.08839123653385314,-0.6195224838525166,-0.1898912394762024,0.10983964148574721,-0.7209357334813029,-0.21062561611997968,-0.2154979078958338,-0.9501440200291549,-0.11448004749532908,-0.3379869134531297,-1.3173088344451962,-0.16888902134686756,-0.40370004159629713,-1.5522286765363869,-0.20023068039781589,-0.4616886577174429,-1.7725929704569885,-0.23161015067297336,-0.025286076478723274,-0.9906184195890599,-0.13429728629866464,-0.036439093700200625,-1.4499624938677091,-0.20518058418049295,-0.023560082751072416,-1.7156873176370824,-0.2549042369728761,-0.018751683521352952,-1.9473636371973184,-0.2861203498202479,0.131848745199678,-0.904967993619173,-0.16915240599611148,0.2647002306469506,-1.2030483947201016,-0.2973276637679977,0.3689319260529082,-1.4159482066599474,-0.3781676537818928,0.4487085292992636,-1.6294713047621052,-0.41888540618911596,0.2630723831641417,-0.7176848308127965,-0.20813791072795337,0.26113821204997056,-0.9304250592588319,-0.3115984776057115,0.19163936088066183,-0.7744760435776816,-0.3114063064915434,0.13109922993145112,-0.6054386894095761,-0.3049014101228939
W,0.0,0.0,0.0,-0.18898854730510822,-0.17096030829415393,-0.12953303197084556,-0.2671760171657762,-0.4547666701609955,-0.1733212210545592,-0.06956243537104473,-0.6194890793289067,-0.19401424358946873,0.13150921549525496,-0.7153768776842382,-0.20810317492388838,-0.2024995624772164,-0.9499096499310502,-0.1092093481022609,-0.3196814062021581,-1.3157867325003823,-0.16121554514793504,-0.3888840139267052,-1.541417285180359,-0.1955693368899854,-0.4448565912147143,-1.748734529481076,-0.2288532991995585,-0.011888371070346645,-0.9923750117053091,-0.12268049060947539,-0.017525924176033592,-1.4514633182911754,-0.18143941674102937,-0.0061562064715468025,-1.7222588900087326,-0.22824948599075112,0.0006854583677737583,-1.9513382975887592,-0.2606469167618208,0.14295150667437853,-0.9076880362404537,-0.1541617525068497,0.2769436089236344,-1.21231187132736,-0.2779746175108932,0.38451630664424435,-1.4161925146262313,-0.362748747639334,0.46684882380759746,-1.6130564238269398,-0.4081620743506066,0.2694877293107516,-0.7179028905606017,-0.19145117217018276,0.2634517820262338,-0.9379097588878978,-0.3008045797802449,0.19958389463624526,-0.7749621701389839,-0.30726437895459174,0.14048438850256312,-0.591097842095404,-0.30539827174354467
W,0.0,0.0,0.0,-0.1928772230300276,-0.1771547381175194,-0.13824196424860777,-0.2645007972592658,-0.46702147195644494,-0.18080749340021374,-0.04687986340346586,-0.6235580064581573,-0.19620947348368498,0.16616513045756812,-0.7099201604133157,-0.20374827082168642,-0.19273171324246408,-0.9522792818176113,-0.11769958665920609,-0.303010610094598,-1.326869184694316,-0.17114134153959984,-0.3674463055507376,-1.5545370551452167,-0.20546479588600539,-0.4225213792278563,-1.7665761459394749,-0.23820297442510074,0.0009269582932875131,-0.9919577439415428,-0.12656608938703573,0.0007090745276164806,-1.453609352409166,-0.183559966255115,0.01483552276501696,-1.7223790716297522,-0.23084235039372977,0.021109013462078267,-1.9566401162573288,-0.26456283903502714,0.15459481685222265,-0.9062749530914093,-0.1543421151485201,0.2937703576686401,-1.2113240334167563,-0.2790627036693409,0.4089927781411913,-1.4166159648730232,-0.3677415153335993,0.4951016231729735,-1.6248443752620838,-0.4154876524019987,0.2814982069334889,-0.7138394017856746,-0.18828553468817227,0.27221624424120067,-0.9404971790973828,-0.29483087465552943,0.20510042610103768,-0.7809114146232988,-0.2998742457970595,0.1395735976960088,-0.598240065253453,-0.29805308795846996
W,0.0,0.0,0.0,-0.18527476050774133,-0.1759886317109044,-0.13673454892216486,-0.2518529453653447,-0.4550924297186512,-0.18524251041505604,-0.04231497098581022,-0.6129022470711392,-0.209112965423822,0.16146955685127187,-0.7091576437167919,-0.2261064470794726,-0.1856038255552719,-0.94880044453306,-0.1151174720780938,-0.2928509009916751,-1.3140348004219493,-0.16951013798738782,-0.3569434459090675,-1.5406257260440375,-0.20807279043099314,-0.4091620854338102,-1.7525152978028267,-0.24472222130737242,0.005673587382896775,-0.9921696319419401,-0.12476871345976073,0.007725948904242138,-1.4448096491721105,-0.1818645434827893,0.02578242582674358,-1.7111765720039245,-0.2297189884934128,0.036688959272435935,-1.939125197734628,-0.2647330765270836,0.15880550815035158,-0.9056111762236043,-0.15310468547128417,0.30061913937993723,-1.2050369592263523,-0.2729637853496872,0.41667035677075304,-1.4047968119726386,-0.3569235145165265,0.505295144643548,-1.5996536332691873,-0.40431678704014173,0.28305182340875634,-0.7139389985038025,-0.188142490542589,0.2879468311840707,-0.9357592361060548,-0.2939612457359296,0.22137695318939984,-0.7799694967848791,-0.299784451047781,0.15765991623502423,-0.6020374367324487,-0.29912011440456293
W,0.0,0.0,0.0,-0.18644941197003026,-0.17752137692184017,-0.1466835592259167,-0.24730006090758788,-0.4645927535470044,-0.1917487430886926,-0.026511065585979366,-0.6125815151581127,-0.2085149900333196,0.18536989620313402,-0.6931040321687753,-0.2174563751497684,-0.1760310753090196,-0.9545613923175257,-0.1181963769106432,-0.27453721925200403,-1.3223128450628365,-0.17310286078263742,-0.33559845018499185,-1.5497305502486614,-0.21165001533827096,-0.38469594432921506,-1.7601631947385592,-0.24715544175325918,0.015364749231088996,-0.9924359605278759,-0.12179814749074808,0.02250208254394519,-1.447455724492299,-0.17732006715079815,0.043101002000158255,-1.715328193413127,-0.2250242363706205,0.05737774425485786,-1.9453795887434115,-0.25946064309711375,0.16500986277399501,-0.907282715246736,-0.14572314446550846,0.313336763216475,-1.202292240586733,-0.2683782528269817,0.4350371176238688,-1.3981180234661919,-0.3581822278942939,0.526769352020304,-1.594270057483732,-0.40760908662007933,0.2863545298503978,-0.7165054281448175,-0.17725023874606347,0.29476875237747996,-0.931687206104236,-0.2859401968611963,0.23202833759383498,-0.76869466601227,-0.29534996652796464,0.16674320167186407,-0.5853354882171148,-0.29639153130576507
W,0.0,0.0,0.0,-0.1870345558425231,-0.18787429384314855,-0.14795039029434412,-0.23923268527460906,-0.4788135545982579,-0.19154224603957196,-0.003593818318154333,-0.630030518766052,-0.20488275326155533,0.21376031356381972,-0.7065590374809054,-0.20868980799017167,-0.16565674432580244,-0.9548046936917923,-0.12833450682897,-0.26020871651703914,-1.3394877721273928,-0.18139424343573463,-0.31584485238387183,-1.5735495701558435,-0.21592290571039838,-0.3631863981478773,-1.795117226710434,-0.24859686343219337,0.03170369855655211,-0.990559692632032,-0.13336555338830766,0.03759507220215286,-1.456646345006769,-0.19085735088346006,0.061438501495499134,-1.7252689032278186,-0.24156585219342555,0.07629652362555377,-1.9648369477404253,-0.2790584455416726,0.18413787128280915,-0.902769841331631,-0.15763966663456191,0.3386544487751488,-1.20551099088696,-0.27892313899980065,0.468620126800832,-1.4091623864156688,-0.3692959933808811,0.5646350845263245,-1.6226140431465712,-0.41943408968554935,0.30806000066619743,-0.7084867788541216,-0.1891219936393193,0.3347074696156099,-0.9645325999898973,-0.28191299485466037,0.2800266864638722,-0.8292783144375944,-0.2811015384336092,0.21666120925551768,-0.6636669354881649,-0.27852116731041987
W,0.0,0.0,0.0,-0.18170056587333183,-0.1892980725681704,-0.14903991967915373,-0.23267407275015134,-0.48064889758234025,-0.19911690632968704,0.0019767207985916697,-0.6274759631528724,-0.2206082597001995,0.22299831316695012,-0.6962743748745664,-0.23444126599580933,-0.15664451117731207,-0.9533289601867247,-0.13328524888645585,-0.24647689189195215,-1.3340702814344412,-0.18864505915702107,-0.29860434634272226,-1.566514425111241,-0.22643832407526812,-0.3458991792551284,-1.7861740342866832,-0.2621760900009769,0.04208782374358742,-0.989684331856238,-0.1369435590701524,0.049129867687419164,-1.4501899129393292,-0.19664881371669887,0.07467503553905874,-1.7194228995615572,-0.2507676642728213,0.08913045170983937,-1.963090641365242,-0.2917886840392814,0.19618695793590699,-0.8996555792843572,-0.15869707221624227,0.35288519890083797,-1.1945019954456981,-0.28070940106259373,0.48420137346907216,-1.3987472742691895,-0.3732556618773123,0.5818146305096061,-1.6092974855373279,-0.42646576676837317,0.31914729008796244,-0.7101330271052808,-0.18733332813424214,0.3477544822062539,-0.9519101878588518,-0.28594349023558163,0.28998865061204493,-0.8183865029772358,-0.29032414100709786,0.22645575807700377,-0.6611534498558277,-0.29127533511647047
W,0.0,0.0,0.0,-0.1690112381418551,-0.18895413894546084,-0.15847817658652788,-0.1992317769605972,-0.47508942489202943,-0.2140573037441439,0.041864504980083345,-0.6064526538576803,-0.23907443930896838,0.25986181287342697,-0.6754605920502325,-0.2573709118761245,-0.1318353426267381,-0.9552837315093387,-0.13533743899997588,-0.21428094046003066,-1.3210487609501826,-0.193306359539569,-0.26530343516700905,-1.5525609099489726,-0.23749050361656648,-0.3055600086339034,-1.7689669259384488,-0.2775601400035979,0.06125933277609487,-0.9893813933090757,-0.13180194506007825,0.07926602231650842,-1.443596475311866,-0.1847837890180694,0.10937412626096533,-1.7120698970682535,-0.23473298191926678,0.13093153921421483,-1.9431496042428695,-0.2727173556274044,0.21263390116448166,-0.8940578659700711,-0.1479400511280094,0.3815923061965138,-1.191553774674055,-0.26543296710828856,0.5171579296022122,-1.3805653531748572,-0.35798842022939265,0.6193330275997899,-1.5663703755494103,-0.4129771820390557,0.3336630866596692,-0.6985153818242299,-0.17220195289941467,0.3637412957128028,-0.9012454251242089,-0.2828403251835795,0.2947636284479429,-0.7470861194063271,-0.298252763317592,0.22227622573445135,-0.5784548660151917,-0.3044540025785177
W,0.0,0.0,0.0,-0.1746950895216911,-0.18547741290272268,-0.13744267940358967,-0.2246800803857109,-0.4658005463125771,-0.1922957326646947,-0.006416051900624747,-0.6124853237482099,-0.22308047608147563,0.20082817632755537,-0.6998418854168125,-0.24762639729246658,-0.15812542999774568,-0.9541670907223395,-0.12137104979663978,-0.24850958454670163,-1.324056972264271,-0.17637708201645413,-0.30317805221453853,-1.553960689685854,-0.2140876529596441,-0.3537105117516375,-1.7713788373085129,-0.25086992138489606,0.03179665402546069,-0.9909074779839305,-0.13073386274531712,0.045937633173756175,-1.4382317158986346,-0.19442284493328144,0.07194277480428919,-1.7079812436133281,-0.24090113664188975,0.08950391452223337,-1.9480301212393858,-0.2734126653515501,0.18516628212769606,-0.8972576841898358,-0.15792044471471428,0.3334978316642171,-1.1801104873422188,-0.2776604356810659,0.4603668627833756,-1.3775596961313523,-0.35498900948862594,0.5647351972004733,-1.5755556142750171,-0.3991960370480582,0.30734253479082496,-0.7042958581895087,-0.19217380271598558,0.3132931244215503,-0.8905396133367599,-0.3007513127245286,0.23557876933421734,-0.7331106682771306,-0.30656214028502,0.17334255335813742,-0.5700012611602127,-0.3049268291484651
W,0.0,0.0,0.0,-0.17594253059677037,-0.19287799595886368,-0.13531907171347743,-0.2273017581845216,-0.47073830950484996,-0.19148155875199624,-0.011710045622135852,-0.6218177100483738,-0.2243359329290685,0.19375353475306145,-0.7139011120768619,-0.2509897407941317,-0.15464956428200521,-0.950573954761857,-0.12675185031718494,-0.24894391131603272,-1.3227790978876632,-0.18609695230514114,-0.3089404167386244,-1.5592183873608032,-0.22785208986856048,-0.35794334768898833,-1.780000943881783,-0.2671116037307095,0.03477085354050308,-0.9897533633013428,-0.13848923271411787,0.05433141128380728,-1.4480660132849263,-0.20648197098381058,0.07636485177025358,-1.720075876023992,-0.25755644843826614,0.09177783975131373,-1.9523586422267662,-0.29360591532609426,0.18718927979865185,-0.901499014746174,-0.1672664269427964,0.3508304522369091,-1.2155552183753082,-0.2888684379662474,0.4730873671356708,-1.4102295357136079,-0.3652092867147279,0.5680818023047455,-1.5952951195858638,-0.407812745360156,0.30964850588092924,-0.7080958098108953,-0.20269844705179105,0.34170835146228773,-0.9457348693723419,-0.30186974138467804,0.2719887172198846,-0.800648985265513,-0.29933937521439297,0.2058426757190732,-0.6300048359748832,-0.2936739477003062
W,0.0,0.0,0.0,-0.1759711041432368,-0.18465962391364382,-0.1409064765879331,-0.22755710001297416,-0.46712277244376466,-0.18956599229681648,-0.0069832397554466415,-0.6101754534993169,-0.2121133369201086,0.2035374988183172,-0.6969710885743465,-0.22804017988310318,-0.15708586016149045,-0.9499768238820492,-0.12011977453299562,-0.25124584854212473,-1.3183244872398714,-0.1750875626894651,-0.3081625213960241,-1.5456846061541645,-0.21601363353050312,-0.3532350089360424,-1.7589251010199327,-0.2542644577774341,0.035387441808514226,-0.9910824805484855,-0.12846495908266203,0.050942429805365626,-1.446454220370599,-0.18173553305692888,0.07646702327915385,-1.7133218509799673,-0.23102234145164788,0.09468470445836775,-1.9431738516490855,-0.268968813367931,0.18589932941814855,-0.9034450701308908,-0.15572910350356725,0.3441585733904871,-1.2104637784997059,-0.27220433419853224,0.46952093465427736,-1.4020651674914242,-0.3584393525639345,0.5642940680375207,-1.593111324868299,-0.40948629572201756,0.30670949055779195,-0.7099680620734102,-0.19000726302423343,0.32807301184438264,-0.9421315910597605,-0.29292601359583553,0.26077463204954326,-0.7934124676364912,-0.29852067831860163,0.18978528939462225,-0.6201924856004924,-0.2991675274012847
W,0.0,0.0,0.0,-0.1861457670012112,-0.18654356842469408,-0.13160664193310856,-0.25408258485548746,-0.4615208288085504,-0.1845884060234171,-0.053666942586273116,-0.6190836100929401,-0.21554910248517278,0.14577770171380386,-0.7164803892748959,-0.24117609511366225,-0.1830588883709573,-0.9488256845759091,-0.11717923673500645,-0.2781696781672791,-1.3180173127538581,-0.17875048841388658,-0.3388743264306987,-1.5485829800445488,-0.22218060514256444,-0.3905600026961226,-1.7641348059973576,-0.26243907207860406,0.006672000239421591,-0.9911308370037694,-0.13272207183815687,0.02369495588579552,-1.4467637516249743,-0.2003323956373089,0.04708632150630369,-1.718413696685266,-0.25082513963207476,0.06395125162279856,-1.9500388147058447,-0.2854130954843002,0.16271758539703945,-0.9051522991551773,-0.16647877705923464,0.3063374928683251,-1.2014760332669252,-0.28932561974818893,0.42128718906149415,-1.4031015053992997,-0.36928389466816286,0.5160090510303956,-1.601563918135224,-0.41458265856766263,0.291117198822053,-0.717930183831576,-0.2070181546706253,0.2863267785477146,-0.9164111933592483,-0.314701768087986,0.21265667363747995,-0.7652479740351696,-0.3203339527888067,0.1533242231651726,-0.601755553781949,-0.31893326981033426
W,0.0,0.0,0.0,-0.19534064620629235,-0.17846897952854957,-0.114470769020811,-0.2847837405957891,-0.4557268570061055,-0.16448606564802234,-0.09615017039713525,-0.6088272066167159,-0.1980404848126359,0.09986764996721485,-0.699590874354016,-0.23136202650117785,-0.20219798825752294,-0.9438603774096507,-0.11187075939921222,-0.3143076220560066,-1.3032498595110622,-0.16844155174411346,-0.3791090392201864,-1.5246632925504053,-0.21044662150298044,-0.4381640595718289,-1.7268112231413941,-0.25152968347502364,-0.007138520988527992,-0.9907699935914787,-0.13536565781924864,-0.0022511062901963744,-1.4406616898187392,-0.19413214875839635,0.007923253998841136,-1.7088113050428477,-0.25035763159600277,0.010571285949696259,-1.9364033242275362,-0.29364674330616214,0.1503652284852647,-0.9021171218076955,-0.17357695193636696,0.2798178898140221,-1.2160842028608867,-0.2888879386627873,0.37440659597365733,-1.4241151188414984,-0.37802770964540466,0.4499296581751154,-1.6196719062361897,-0.4346229725596339,0.27633804459399464,-0.717393539194101,-0.21607510831939264,0.24915003249871806,-0.9037783292023044,-0.3279469449408419,0.167728911781283,-0.7639427029592876,-0.3464591399864515,0.10158468375572786,-0.6166616966492493,-0.3566199623749673
W,0.0,0.0,0.0,-0.19250314722754377,-0.1834326288230732,-0.10233151518274082,-0.2945627386606208,-0.4632100455623516,-0.14811966927882744,-0.1183360650447821,-0.6187062832781661,-0.18099615281433779,0.06872342235037118,-0.7072334490927752,-0.2114031502067912,-0.1982395683328888,-0.9587577862919492,-0.1004283359513946,-0.3244968166616532,-1.324897007067111,-0.16168564142214284,-0.39680783486999727,-1.5473987155296798,-0.20460525007770133,-0.4572508893894479,-1.7521932170784775,-0.24474366128376307,-0.013404567744763608,-0.9911431510132641,-0.13211953588729444,-0.008791337411454289,-1.4564085303719843,-0.19789880897676698,0.004724921207087174,-1.729426016336286,-0.25104179325369685,0.013801259731531275,-1.956358591372993,-0.2882890367671905,0.13932683583505118,-0.8945097590526568,-0.1794362336350022,0.25843993308772867,-1.2011569144354726,-0.2938911793902889,0.3534677109984937,-1.4175399215315774,-0.37300286921342457,0.42958213141811513,-1.6218950502138014,-0.4197169535867295,0.2645647317227363,-0.6991754467979865,-0.23170596895875986,0.24674537202090394,-0.9100583481362431,-0.3284651863702235,0.16622779988416084,-0.7840279921035898,-0.33237706915100756,0.09672799200589133,-0.6377386298887687,-0.33247471783056354
W,0.0,0.0,0.0,-0.1922658951360709,-0.18389650793124274,-0.10016025551979574,-0.2975418093205903,-0.45038383639231677,-0.1460379163820374,-0.1306183424023184,-0.6051461649457939,-0.17984772454409395,0.0579646078634769,-0.7061322801324154,-0.21141413159481853,-0.20795999963339531,-0.9521666167575068,-0.09203633012325883,-0.3307936035932649,-1.3209394443613434,-0.14988752870987446,-0.3995390088046135,-1.5427110886535806,-0.1905154133127587,-0.45898850794636636,-1.7447111682557328,-0.2293965452416202,-0.013255400259502894,-0.9922247255666068,-0.12375131651110732,-0.005249070776399154,-1.4447671085052616,-0.1893522685246195,0.00888464420082283,-1.712703429570802,-0.2432244738349739,0.016233602350376148,-1.938909485302083,-0.2817484232116649,0.14402427653369834,-0.8971504187865353,-0.17077368708221866,0.2702717703549815,-1.207871574990671,-0.2914264003469744,0.3558264520106332,-1.41733071434504,-0.3731374951931701,0.42440957301099697,-1.615749716189969,-0.42084664764148455,0.26675610590287047,-0.7025849730348329,-0.22129857236571115,0.23921960255434463,-0.9142509556049435,-0.33007393645959643,0.14933542981042297,-0.7807443428409864,-0.3391520911662772,0.07655364433201303,-0.6336978235753493,-0.3413024494841818
W,0.0,0.0,0.0,-0.186234813915552,-0.17487281604262653,-0.09794851710297488,-0.29526541301617765,-0.4515541008306134,-0.13970736965117253,-0.1290528880351888,-0.6009641411523098,-0.16885323675576344,0.053578785091490944,-0.6924584849993046,-0.19434717710500557,-0.18660888213820578,-0.9619125418720049,-0.09626579516189894,-0.31386279490042385,-1.3282488781683928,-0.15181617165258182,-0.3845082109432199,-1.5508782316120029,-0.18917321161020667,-0.44036338097440353,-1.7592684316237575,-0.2261136303043636,0.0003644292000680562,-0.9915977655829402,-0.1293589520763,0.006287701261906663,-1.453246888913913,-0.192742685332211,0.023228839553778413,-1.7248498917257733,-0.23956164242091363,0.035829173780241357,-1.9491892448492552,-0.2726529398844433,0.15302652744953354,-0.8902341748030749,-0.17827563621131248,0.27550810451981256,-1.205014067092785,-0.2951376051872943,0.3656676291045031,-1.4178169931077034,-0.3713738628663583,0.4351106697626393,-1.616068424285825,-0.4146833352462163,0.2736968951027907,-0.682509160032645,-0.23126378787679028,0.25499014738536036,-0.915060775033347,-0.33158140568174,0.15988487738509713,-0.7825788973961953,-0.33454132707883394,0.07584724433725684,-0.621469493411073,-0.333186210259354
W,0.0,0.0,0.0,-0.19201277720315288,-0.168077800591798,-0.10199058716671419,-0.3071994564258141,-0.43849610862481003,-0.1491422629704395,-0.14311730529843322,-0.591956683244993,-0.18365838286875782,0.038825388692740916,-0.6895178304222186,-0.2148511923450558,-0.2026163833902466,-0.9557919777961699,-0.10154429706023983,-0.33138210687901987,-1.317615806931743,-0.1608838420058948,-0.40370054093782437,-1.5354776326135176,-0.2019015515573091,-0.4634830472907634,-1.7413512063555048,-0.2415119545961573,-0.012759672157733019,-0.9908570071742521,-0.1343115114206948,-0.009752390299048121,-1.4509039989064345,-0.20063208345212272,0.006033185810742047,-1.7218404666875293,-0.24865943991906145,0.014072995292811058,-1.9467933061940568,-0.2830793999827288,0.14300780738940438,-0.8889300964268356,-0.18312657079847142,0.25872810269764746,-1.2045371486788208,-0.3019019601901326,0.3428541543905286,-1.4168593671346847,-0.37594964183948437,0.406174486042328,-1.6156921135935574,-0.4184422328247893,0.26547935642882353,-0.6814036256771275,-0.23628913245612548,0.2351640781862678,-0.9184442522125171,-0.33832747315475803,0.1372710853051486,-0.7886080376862399,-0.3398691031545799,0.05280229398375116,-0.6323267745829622,-0.33770868426961487
W,0.0,0.0,0.0,-0.18912115236722232,-0.16077022012351988,-0.10522470298357728,-0.31225082668084275,-0.42872387815534746,-0.1545412297485682,-0.15455049868074183,-0.5824596250361394,-0.18985621550211437,0.029317678640683378,-0.6844767656419911,-0.22139634043793913,-0.20541476430691127,-0.9559486096680561,-0.11193508406164912,-0.33739230898873673,-1.3159105498506523,-0.17490838707911038,-0.41371021072357334,-1.5362159428649453,-0.21592334822873208,-0.4774643017264388,-1.7453468374101975,-0.25527340603743703,-0.02080322802561562,-0.9892803317547525,-0.14453944412139186,-0.019715721399138495,-1.4561554233886,-0.216388825748559,-0.009774078543491896,-1.732191472440812,-0.2633868178164598,-0.005321899516405789,-1.9625360089048498,-0.29591340050354936,0.13209384285881667,-0.8869191384195814,-0.19341702833836733,0.24494541657045832,-1.2025476439093987,-0.3177664687868901,0.32386906203090976,-1.412733671466145,-0.3910654359872873,0.38724976468266786,-1.6137346114100555,-0.43142754901335617,0.25462474770118515,-0.6756018381468942,-0.24682339410615117,0.2201153285650388,-0.9019051791007396,-0.351724776970029,0.12383961534834725,-0.764453075744466,-0.3522194951743566,0.04275348835687041,-0.6025758868505643,-0.348555960193202
W,0.0,0.0,0.0,-0.19375985335318313,-0.15619991479965697,-0.09539174796796338,-0.320212634277091,-0.4203167099479223,-0.13598491100032445,-0.1662047527546877,-0.5794859905353673,-0.16495352990890766,0.02126954725334898,-0.6777320165979439,-0.19286452582173813,-0.22210531761692817,-0.9487595709364731,-0.09189361894583492,-0.3624420699369252,-1.3007021016745468,-0.1456158151444467,-0.4403500349906152,-1.5231174642466265,-0.1796975092526692,-0.5019361891822035,-1.7266408378749278,-0.2154306005739533,-0.03288503593118811,-0.9915907563629371,-0.12516527596495294,-0.036725075908100674,-1.4408872099644867,-0.192975254439166,-0.03145170543957948,-1.7125128460409111,-0.24462784385248568,-0.02629609799885561,-1.937094855270318,-0.2796913510073164,0.12475757248605811,-0.8972274352430817,-0.1728300545200656,0.23226595026611047,-1.1948736810549736,-0.30207817498689254,0.2991338245179449,-1.3978316956227759,-0.3871555917837128,0.3569621315343988,-1.5914657742011886,-0.4330428967038935,0.2503213390771681,-0.6967397415010085,-0.22260970502427996,0.1959876016470639,-0.878236506050539,-0.3422466852649695,0.10584965657540539,-0.7178291692380707,-0.3571630378274926,0.041968619511384676,-0.5515593572368785,-0.3602081049714692
W,0.0,0.0,0.0,-0.1999529079325795,-0.14142399863673286,-0.09191498981189022,-0.34890592801998227,-0.39130119144269876,-0.13810841704615712,-0.2106898995476548,-0.5332090170486717,-0.17452256392970825,-0.017748196604022458,-0.6127458249211529,-0.2102462058010198,-0.2521063453276152,-0.9473902204046898,-0.10227301976691912,-0.4032610073797019,-1.2991324270422508,-0.15768288851807996,-0.48746723391741226,-1.522318598387735,-0.19111707392946647,-0.5548958083915804,-1.729281016818434,-0.22711182187369974,-0.06207109285700976,-0.9882166843488587,-0.13991055787925583,-0.07668248791138527,-1.4455631476948327,-0.2106940746781393,-0.0708514459458833,-1.7263311076394763,-0.2614187821967133,-0.06708529056768628,-1.9621000694909274,-0.295919138744916,0.10298696611131633,-0.8932933017063488,-0.19082901048877757,0.19154095708480842,-1.1904507756390874,-0.32141023642862504,0.2656877889866141,-1.3968861077464776,-0.40284980798658404,0.326576725301558,-1.5932196829472733,-0.4457651056604888,0.23818201646585863,-0.697568646768241,-0.24367011213201842,0.1691110816760396,-0.8778672552676307,-0.362970813604861,0.0780250230264852,-0.7114722430363425,-0.37509427250163957,0.01128471085610836,-0.5381898233224518,-0.37621495391324006
W,0.0,0.0,0.0,-0.20792705266294859,-0.12673322904333445,-0.10420567624386019,-0.36883763398696856,-0.3670534130640378,-0.15708645390503317,-0.2344808613609565,-0.512965551784258,-0.19701982099671037,-0.0293006208320738,-0.6125588742817313,-0.2371319851839646,-0.29916798413542245,-0.9186289056152622,-0.11201359230206587,-0.4693351365880283,-1.25567967183184,-0.17774336079667355,-0.5685745155885692,-1.4640936824015982,-0.21880393560730346,-0.6517388697096986,-1.6585633324461277,-0.25723424731776473,-0.1088935032794842,-0.9834860961042239,-0.14455899734431693,-0.1494170038503822,-1.436797814225037,-0.21655103508332674,-0.16338937786596586,-1.7110687591381288,-0.2678952678315961,-0.17524454791014354,-1.9453838243451758,-0.30126206665642435,0.05730030311915007,-0.9044902387526774,-0.1916392068241996,0.12075731578345228,-1.1921611685628224,-0.32206521241150043,0.17350135383656257,-1.4065271517854572,-0.4057365660056774,0.22415192984803584,-1.6189558332743914,-0.4511622287114669,0.19860014979262033,-0.7226195069873895,-0.2419983605816206,0.11152140708746869,-0.8420394269529354,-0.36480090950753485,0.03652919406846933,-0.6578817215176007,-0.378202856342299,-0.006531812167778181,-0.4837729120302547,-0.37900352560563744
W,0.0,0.0,0.0,-0.21540560041875756,-0.1308831175885017,-0.08967056177863135,-0.3745518251776201,-0.3818042735539463,-0.13044320715720079,-0.2325016544179321,-0.5260365560400183,-0.16176297049785743,-0.03791489424583282,-0.6051983632567376,-0.1941790245403354,-0.2987563832530763,-0.9241472138350134,-0.0942748408709414,-0.4731467593861815,-1.2589587552814014,-0.14954493245845465,-0.5724342489364745,-1.4704124919099708,-0.18472299783317406,-0.6554526634553263,-1.6653790728915872,-0.2212491785209955,-0.11076727725369392,-0.9850105359176172,-0.13223030825454388,-0.1505617924066973,-1.4398681500256552,-0.20359789268072745,-0.16561281966229877,-1.7211778831806612,-0.25829358312597944,-0.18051862722182366,-1.9564560859647262,-0.2946214550708098,0.05757037006693735,-0.906438846912617,-0.18356908624572074,0.12970147516523986,-1.2071675466326692,-0.3163089019228387,0.18282065064745753,-1.4195205205770542,-0.4048450623212462,0.22457522998325893,-1.6249111842515898,-0.4515167996476256,0.20000538306408408,-0.7201904691235353,-0.23609025987435076,0.12010211179748016,-0.8915418770662696,-0.3560388415125107,0.03966797516887028,-0.7104370483465215,-0.36946465850761234,-0.014504394609858275,-0.5299157095536093,-0.3712935127782914
W,0.0,0.0,0.0,-0.2129478624945659,-0.12749555444788072,-0.09079895709029898,-0.3714569904635975,-0.3681661627431749,-0.13472751144872305,-0.23089986164937545,-0.5170314368798711,-0.168615495131071,-0.042788135505136694,-0.614146265405555,-0.20313026465376222,-0.3086401983329458,-0.915284734369866,-0.10100815199939381,-0.4866277773042638,-1.2502130622990149,-0.15864404113182026,-0.5876705243803517,-1.4616922617115256,-0.1947679171063776,-0.672015096555592,-1.6571508392918963,-0.2318090508167033,-0.1191236596306843,-0.983050548288889,-0.1393598694930058,-0.16443358774716993,-1.4408075837408738,-0.21250583515292032,-0.18136559498642404,-1.7244561616151288,-0.2677017085862549,-0.1977624499696662,-1.9631097197327225,-0.3045957436209617,0.05239612393235891,-0.9084610127018348,-0.1907709702797946,0.12187499083475727,-1.2143593765858642,-0.32491662752616596,0.17704073227633133,-1.4306318105904523,-0.41258587224073845,0.2204300932063363,-1.6394396940125509,-0.458987952457574,0.19946529899271356,-0.7258198216451054,-0.24326269319690927,0.11657165925559221,-0.8956391808885454,-0.3654707018953402,0.035973405445711246,-0.7144077528260375,-0.3789202035554369,-0.018573834558954106,-0.5337430991936273,-0.3805276303950213
W,0.0,0.0,0.0,-0.21543630254490798,-0.12866975410830592,-0.09272463176311961,-0.37474527200970587,-0.36276769503851486,-0.13904136466440842,-0.23806887601665577,-0.5074116104031421,-0.17493176691497905,-0.048451436115354025,-0.6213421572804533,-0.2118290374420779,-0.3290901973648242,-0.9016050629569979,-0.10176698479761966,-0.5055675627608308,-1.2317930859464052,-0.1616205314145785,-0.6089282445246552,-1.4407923378427345,-0.20041014143617902,-0.6949979730966355,-1.6341910884044188,-0.2391391464931861,-0.1406640978708542,-0.9801912136531832,-0.13942308362419248,-0.19447162560389053,-1.4275958750212676,-0.2081369999654399,-0.2161070740015283,-1.7067925924116831,-0.2641383575551291,-0.23461711264830726,-1.9448731453008914,-0.30322172325834396,0.030432225325093258,-0.9164374855637527,-0.19029798228110506,0.09341048931424993,-1.2139386488021615,-0.3182064442199273,0.14607378333948207,-1.4355077046929796,-0.4077230208955278,0.19029699396291874,-1.6497115482707987,-0.45942886127262916,0.1808183675202676,-0.7484306432800414,-0.24311537110309686,0.09612012256038024,-0.8730795611371467,-0.36655191521192665,0.022145538103750903,-0.6883051290775288,-0.38517655188356265,-0.026169368424836775,-0.5137959654217408,-0.3913736777320052
W,0.0,0.0,0.0,-0.22172339996296836,-0.13292820446435177,-0.10339283883974508,-0.3679485662634112,-0.3593281736643881,-0.15918125256208765,-0.22237982022678954,-0.5095697876961147,-0.20423703366682788,-0.041059077498657906,-0.6319118399448097,-0.24880615147021337,-0.3203725019699618,-0.9045461232099149,-0.11299635507890354,-0.49588649622593683,-1.2323849305214014,-0.1830859863684101,-0.6005239076284083,-1.441689963463448,-0.2329794657775682,-0.6946874044769127,-1.6352866254137082,-0.2771629166692454,-0.13564131485681716,-0.979770565000743,-0.14714303810251708,-0.18908134682250025,-1.4284419180414087,-0.2125808459584855,-0.20805011184944733,-1.7034198877376427,-0.26685418254207416,-0.22883808731800548,-1.9371268088076603,-0.30733539113505864,0.03194561945001962,-0.9135851562850263,-0.19645479731368887,0.10118895426216254,-1.222399579906554,-0.3103534538552075,0.15322101377839684,-1.434308786687073,-0.3870634441263581,0.19436902111773396,-1.6409421231332135,-0.4331340282513463,0.18196285819193356,-0.7452560729478194,-0.250846461102332,0.1205954661764125,-0.9141685520452527,-0.34936341876788873,0.05116256775562264,-0.7570658357497396,-0.35166231516958646,0.0006633225799143887,-0.5950086569692318,-0.35037820928394087
W,0.0,0.0,0.0,-0.1912269215617564,-0.17902437147438421,-0.10918988610846246,-0.2946127581700683,-0.4511456807393765,-0.161471028828235,-0.12451981228103247,-0.6032095340990299,-0.1998178953951759,0.06868887607146901,-0.692733269859361,-0.237203827184435,-0.20282334222969278,-0.9517438220892922,-0.11273806308860465,-0.32324654886776943,-1.3157791295955277,-0.17595506633885794,-0.39264135840477354,-1.5383854896632538,-0.22102362682062487,-0.4506137873660995,-1.7363748016957261,-0.2627019593566303,-0.00912353109841388,-0.9900415270192822,-0.14047966385788455,0.000210072215726301,-1.4381944684297308,-0.20330626151831468,0.013933276631598485,-1.7050842095215955,-0.2585407426867981,0.02541735604883159,-1.9279058738668118,-0.30039173326101093,0.14763891116147873,-0.8910365055976648,-0.18315518541086942,0.26768629781587583,-1.188048805754415,-0.30133967426266123,0.35317009214933526,-1.3857743428994715,-0.3860997905437543,0.42865314593468906,-1.571655084520028,-0.4381666285072699,0.26901208252320863,-0.6949380409430224,-0.23009414627437474,0.23432904124502055,-0.8782288132723216,-0.3433127791840796,0.14549139660278043,-0.7415847343940819,-0.36030175264252867,0.07776443015068975,-0.5957059677844828,-0.3682811651026841
W,0.0,0.0,0.0,-0.18359653021630645,-0.19975352903919888,-0.11206115500553286,-0.26463026872617307,-0.4846318271418864,-0.16522695653060812,-0.07711547438714908,-0.6203909032446618,-0.20338293815027114,0.12087819296270017,-0.6918043001100047,-0.2405876000690802,-0.1471894405992581,-0.9698082611921013,-0.11514688861898639,-0.24249290099987547,-1.3499309257230172,-0.1771392387525008,-0.29473334687010483,-1.5847236465300294,-0.2204416354065049,-0.33932092699047994,-1.7923631778380587,-0.26138264134117145,0.047531186349654884,-0.9888695029835958,-0.14098897968696247,0.08915140485650085,-1.4364517653435078,-0.2061747111539819,0.12120605653043932,-1.7018879502047524,-0.2620961617926697,0.14339790458011875,-1.9220183963044302,-0.3035402027132283,0.19757549405686456,-0.8755999043728306,-0.18162625781877545,0.3417736213328545,-1.1613345742614334,-0.30363183763552903,0.44855721474158433,-1.3515607217754644,-0.39052383059422974,0.5397215448436119,-1.5271378465527135,-0.4431554304619288,0.30834508388224613,-0.6708516585510855,-0.22630192673229424,0.28844553224988556,-0.8540655503880366,-0.3448491471562117,0.19668358735732022,-0.7178767177883862,-0.3642434551409215,0.12302795707452285,-0.5716275781218747,-0.3729325759065957
W,0.0,0.0,0.0,-0.17802500766998694,-0.2161096183248793,-0.10592414256685892,-0.2396970139124999,-0.5129101969745882,-0.14889666223233708,-0.03903546554025141,-0.6099904094459105,-0.17580610219048307,0.16992183249816845,-0.6610704276831945,-0.19947467755131293,-0.08431597244531779,-0.991313506700786,-0.1068076183625842,-0.1600373188275968,-1.3811341122879104,-0.15994718710910844,-0.1957034634963309,-1.6247284392421373,-0.19046885218269521,-0.22238983311332036,-1.8545360542863396,-0.2230268875023131,0.10794645547688035,-0.9848986558630206,-0.13535952286113184,0.17835485622043618,-1.430374169653731,-0.20242995348957601,0.234584459084491,-1.6955600935166606,-0.25393103913184517,0.28068704706286307,-1.9287510988018308,-0.2887797192391245,0.24758162533806394,-0.856653422203606,-0.17892493454860753,0.41326564651301384,-1.1098102305943165,-0.30971222969664436,0.5522948564482832,-1.2898803774402525,-0.3995407813857521,0.6711177161419914,-1.471606410907342,-0.4477125192868957,0.3463163565751764,-0.6386696466231824,-0.2254048551993241,0.34560233607556645,-0.8219317816631873,-0.3432013837028089,0.24584464443466145,-0.6772836173036476,-0.3582833813638533,0.15611294179046864,-0.5248507926640147,-0.3618241482495592
W,0.0,0.0,0.0,-0.16730851199345995,-0.21593072641601882,-0.11340676285374991,-0.22654412642112393,-0.5042215632950201,-0.16475981952555052,-0.028475676602094782,-0.6017755753585189,-0.1994479078752813,0.17486321051228718,-0.6476095155048747,-0.23271070787833203,-0.08648790687861783,-0.9853916180154164,-0.11624255960062499,-0.15557067873505154,-1.3638577775897263,-0.17429959987803287,-0.19539282139923386,-1.6028128155499692,-0.21166555895591635,-0.22321181509355423,-1.8192216117521296,-0.24961595280186413,0.10617296317261686,-0.9843450145618743,-0.14068473335202272,0.1760228455957179,-1.4192995991633557,-0.20496756689468354,0.22695266053734253,-1.6841636663142376,-0.25971371832813006,0.27331491746572045,-1.90890671279665,-0.30005880105644517,0.249085642454066,-0.8558635425387479,-0.18000701002839556,0.4182141372867992,-1.1056642161395667,-0.3069506925134895,0.5481858522664435,-1.2761612423956101,-0.4008752271149523,0.6633814784958865,-1.440999743234567,-0.4569604224112667,0.3505820666050964,-0.6399987833879542,-0.22286986749031124,0.3321839506432081,-0.7861212909168036,-0.350319491895538,0.22793271806543827,-0.6402003500316975,-0.3793377347876037,0.14538162955887982,-0.49874878780896226,-0.3936099792609743
W,0.0,0.0,0.0,-0.169266074025478,-0.21034265386537487,-0.11345656955843374,-0.2334743552198804,-0.49962347614408176,-0.1643041538002729,-0.03891642887416137,-0.6050222587683942,-0.19829094312274054,0.1652727154326929,-0.6552240935892911,-0.22976593575519713,-0.08579574439720648,-0.9853657615404124,-0.11549569094379272,-0.15693522437175036,-1.3686822690722145,-0.1740466899137245,-0.19572097278253772,-1.6093979106654612,-0.21032605436310794,-0.22304277996564198,-1.8269586984722184,-0.24694947218590188,0.10550011084128004,-0.9845936909006119,-0.1394452955505775,0.1784758014779844,-1.4248384444133095,-0.2075922752551417,0.23213364535101724,-1.686505196382152,-0.2603599371800206,0.2786679024526107,-1.9068767281806045,-0.29705390210989546,0.24720694416569253,-0.8583683754217554,-0.1783674398786596,0.41932522344181633,-1.1053546449428475,-0.3092589875593419,0.5514591558095051,-1.2754812338357469,-0.3990360541908648,0.666066019060618,-1.4397507417972009,-0.4496833795832526,0.34756159652470847,-0.6419574594461691,-0.2208575047528086,0.341235267139161,-0.7994034904030723,-0.3480567481105728,0.23767376077011287,-0.6500611981289638,-0.3713628434637359,0.15111369550113396,-0.5005923908917963,-0.38017110871436105
W,0.0,0.0,0.0,-0.16619527615884,-0.21185933807608814,-0.11312471913034813,-0.22808042409294238,-0.5014807685403125,-0.16405221629079397,-0.03327776512424794,-0.6042523474724187,-0.1979535509641958,0.1692504616628238,-0.6535612208868363,-0.2297614623749545,-0.07908363460272558,-0.9873654082805168,-0.11710715618599284,-0.1470334932476808,-1.3672571496071797,-0.17509070171835422,-0.1846921370266032,-1.6068327706989023,-0.21184339162648452,-0.21060556230668814,-1.8248184077935794,-0.2495186632831617,0.11245831925826992,-0.9835241513190165,-0.1415392885449604,0.18720663897003806,-1.418796330642187,-0.20817944238321992,0.24183990846830442,-1.677879131142059,-0.26156849291845913,0.2905396561431998,-1.8974149015370925,-0.2998572101842058,0.25368996223705015,-0.8534565957848861,-0.18074550748919976,0.42587928665962255,-1.099640314083146,-0.3103493286474272,0.5583634592719142,-1.2684662218628608,-0.4013204719772083,0.6754200503964916,-1.4331626239555262,-0.45407913529208066,0.3530905949212776,-0.6347484062083828,-0.22339646039718905,0.3429190638718364,-0.7912829095250418,-0.35123525284509305,0.23743953006729343,-0.6469044708478552,-0.37681281430121083,0.15137035267300153,-0.5034819058747492,-0.3878788720804907
W,0.0,0.0,0.0,-0.16526966892248515,-0.21783858711079943,-0.12683084226366725,-0.2155293832091865,-0.5109843017959566,-0.18340590138571264,-0.0057316908334137375,-0.6107518424054269,-0.2200675685961171,0.20520586059191193,-0.6529704679715588,-0.25425790848750496,-0.06190389047942797,-0.9865794330459581,-0.12964923396696418,-0.11828152081527823,-1.3744382010371223,-0.19182749274850436,-0.14574948570612056,-1.6162061657595912,-0.2326052421990276,-0.16605007276121067,-1.8362747136777657,-0.2723333843737904,0.13347970613783097,-0.9798200068067358,-0.14878145822180472,0.21854275463120054,-1.4208513759954395,-0.213388816094511,0.2830055084058382,-1.6767875598009105,-0.2669737578114867,0.3335482475994997,-1.8935342022912311,-0.3064027742792361,0.2744185443678008,-0.8487158476261588,-0.18393494845734182,0.4570559329236282,-1.0870942059663333,-0.3101452403639024,0.5998403496078945,-1.2511543750293967,-0.401000090960764,0.7191701682965191,-1.414861878375631,-0.45571853870076556,0.3724146090003281,-0.6297123773307839,-0.22421968365081285,0.38372590600159234,-0.7841462078174327,-0.3477606132473405,0.28697658645270635,-0.6383771295714883,-0.3703429067533502,0.19989279055988265,-0.49631201127996233,-0.3809969322391877
W,0.0,0.0,0.0,-0.16471461073947075,-0.2173765003619471,-0.12945431701541718,-0.20632617531663497,-0.5116498337777965,-0.18311034717054947,0.012926050952564319,-0.6010315866579158,-0.21585773374037628,0.22964385222799724,-0.6337379495801423,-0.24467685826673644,-0.050098455567354414,-0.9902475166220078,-0.12202828739900075,-0.10099582068444166,-1.3751507661312363,-0.1795817816441272,-0.12599312224829237,-1.6175375254377728,-0.2165916388184548,-0.14234881782805642,-1.8397843571107093,-0.2537176772835116,0.14158974738925192,-0.9802923803397403,-0.1377649900449811,0.2312227187407106,-1.4172593526262929,-0.20028935617291174,0.301502198111919,-1.6732175178036843,-0.25118426760689266,0.35820137550012343,-1.8899684861059338,-0.28783629800939914,0.2791464616751079,-0.8498454002046536,-0.17049902035947545,0.46711647654089766,-1.085778416934542,-0.2984837355409178,0.6188145280563746,-1.2455529779188987,-0.38968800687491956,0.7437219378349986,-1.4047821685497706,-0.44203019246703956,0.3747761861899933,-0.6302936070285223,-0.20860044016417817,0.3948411737484249,-0.7984345747015725,-0.33310104620572567,0.29611695596186804,-0.6460488150382258,-0.3548608881738574,0.2031386596548832,-0.4935468257357143,-0.36352964180452935
W,0.0,0.0,0.0,-0.16086148713261864,-0.2190268187701086,-0.12761700019553215,-0.20284613571463583,-0.5151217728754471,-0.18077541349982448,0.013465530546538158,-0.5999229877356783,-0.21353818522206464,0.23000879046138817,-0.6224410912774304,-0.24312904087593407,-0.050048424101423426,-0.9919041019184411,-0.12242063573735716,-0.0998012832139933,-1.3764026022576543,-0.1799272126309444,-0.1246566148110215,-1.6176180867102952,-0.21700483155498348,-0.14053815203134487,-1.8376335093969522,-0.2540570337287941,0.1431504277939955,-0.9799009115754319,-0.13893220834649408,0.23222175347223467,-1.41593988756589,-0.20238191341784298,0.30144377067506933,-1.6735722941499012,-0.25457765974632446,0.3577633212164837,-1.8943577923494292,-0.2918506646451087,0.2813558036330267,-0.8492207326169824,-0.17188789816292413,0.46786544108850464,-1.082034970981739,-0.2986999525924379,0.6161126712967055,-1.241071678197909,-0.39129105662025626,0.7378345406191891,-1.4014774300546562,-0.4449791690323556,0.3763035884216744,-0.6296428506358286,-0.2100914512979397,0.3960249542267238,-0.7821801282657388,-0.3330378732739805,0.29983761594192804,-0.6305860649060862,-0.3561223312082575,0.20974197466381134,-0.4826578203571064,-0.3660810034857705
W,0.0,0.0,0.0,-0.16357206506225663,-0.21720045937550087,-0.12930425735348172,-0.2037847103663945,-0.511222964747564,-0.18218064736264666,0.01484258411106884,-0.6024840376792178,-0.21402289526954196,0.23117158548083427,-0.6360059149486897,-0.24176506981962367,-0.05118800087045985,-0.9899922346350952,-0.12054166254542124,-0.10251207593320495,-1.3759029205735438,-0.17848646388224967,-0.12747294259090192,-1.6180566653303143,-0.21634811162814202,-0.14436052742031485,-1.8388754346745317,-0.2536857522389216,0.14229297726439208,-0.9803783985584389,-0.13642178807370223,0.23027057993620265,-1.419244105950023,-0.20037360892792605,0.29893944911443915,-1.6775079659189995,-0.2522283733405836,0.35374274688221485,-1.8980922988690796,-0.28882460399511184,0.2802164178228014,-0.8503674778897137,-0.1692485327617813,0.46821302283344785,-1.0893248398697035,-0.2978418033365232,0.6170527238803867,-1.2499942480188124,-0.3891719339207617,0.7387996644599252,-1.412322011788472,-0.44107490747582895,0.37489625763977047,-0.6293796849595077,-0.20735705797081977,0.3973158415606887,-0.7963547711791152,-0.33094209359954,0.2999277365338366,-0.6462859313924341,-0.35147017335080455,0.20728162271642225,-0.49575949353626786,-0.3590178443124239
W,0.0,0.0,0.0,-0.1562179561798015,-0.22504001553478123,-0.138847616658284,-0.17819464889652611,-0.517297566071601,-0.1983817761327289,0.05296635862266637,-0.601883074245378,-0.23438240705950292,0.27173576352338413,-0.6349363921998905,-0.2660868799402889,-0.02346628979085262,-0.9890201673812037,-0.1324508500789382,-0.05675450127305748,-1.3711975573262916,-0.1887565317417655,-0.07170318739348962,-1.611781632675458,-0.22725655238582293,-0.08149371242519982,-1.835975876465314,-0.26621692412930004,0.1708542261561412,-0.9749872171669978,-0.14215751744293934,0.2684519054926757,-1.4075950071457637,-0.2059432352331246,0.3453882571062544,-1.6585235066208188,-0.25945104087971044,0.4067365548206411,-1.8784956749149841,-0.2986959690770112,0.30704867193941876,-0.8389600264286035,-0.16811489960853881,0.5055980466110382,-1.0734758251725105,-0.29655908238175993,0.6677966788395668,-1.2247320431928939,-0.38732605018074023,0.8001182885140361,-1.3793895660078317,-0.4401303623093128,0.39847051204043893,-0.6177031145741474,-0.19955808493333,0.43339464453522697,-0.799290928390506,-0.3225782888339385,0.33413817501427123,-0.6565669464343887,-0.3418530518851256,0.239715434432403,-0.5108961360223624,-0.34958011867480604
W,0.0,0.0,0.0,-0.15725182856848685,-0.22046575632752363,-0.1470553902071259,-0.1767054639436295,-0.5161261364112953,-0.20558322318905778,0.061260156920891116,-0.5925603981144699,-0.23791631645605593,0.28711087708206584,-0.6147545013914805,-0.26498716614484913,-0.020687616437653582,-0.9876221856935596,-0.13548512311907354,-0.051581032620892336,-1.3743941017591195,-0.1923578907048114,-0.06522855887089465,-1.616540355271717,-0.23071910142713806,-0.07285637984282436,-1.8408662524854291,-0.26842977044167554,0.1756969779978215,-0.9743519151145811,-0.1406019823294864,0.27569372381163193,-1.411594749000725,-0.19899718331668367,0.3554946120019826,-1.6643384927384401,-0.24881779106914226,0.41853649244879454,-1.8837176395957271,-0.28550061393862197,0.3118351682126693,-0.8418735340516191,-0.16361204241719612,0.5077615550104843,-1.073251615481733,-0.2898897954332776,0.674418636647265,-1.223541769984467,-0.38328578616029674,0.80973267732226,-1.37893950591951,-0.43765734523351013,0.4030928078643628,-0.6226072322851736,-0.19326540614042623,0.43482227255122496,-0.7936965803940335,-0.3189103927450071,0.3350599948431904,-0.6421781017132041,-0.34164314358074205,0.2365299426128481,-0.4905219071566029,-0.35095174195152185
W,0.0,0.0,0.0,-0.15766814281651761,-0.2137202781259359,-0.1223285815511807,-0.202153481414918,-0.49567817739871123,-0.1747662033335451,0.007907282925583303,-0.6035890669726113,-0.20684603710556676,0.21785161354600935,-0.6556196247869512,-0.23242743841925223,-0.06476561866439286,-0.9883972104546666,-0.11257241018043519,-0.11318319691194545,-1.3763967766788858,-0.1688832816359398,-0.14058537224702702,-1.6197521854207733,-0.20422220420540535,-0.1625695508337836,-1.8447144042883097,-0.23895567879348883,0.12612775991936823,-0.9830742456127773,-0.13287895164619168,0.20936412548919098,-1.4346409289375794,-0.2037802150300311,0.2786058647548582,-1.6983962911896175,-0.24736818687247628,0.33383118320890226,-1.9197605510292972,-0.2733459144323201,0.26505655325193495,-0.8501491518733661,-0.17012763020419774,0.44415223115366886,-1.108935955463508,-0.29800431344607503,0.5979008968704523,-1.2752697711614112,-0.36839760281971257,0.7286483069853192,-1.4419204907787098,-0.40271160676913537,0.3623737414212134,-0.6181674326524561,-0.21258557646913337,0.3763332216277408,-0.8237746562868072,-0.3209462722799262,0.27596539145372484,-0.6913663476253692,-0.31754966701250303,0.18967426059396802,-0.539706420381032,-0.30712207509722994
W,0.0,0.0,0.0,-0.18370643686143104,-0.18624214198921965,-0.16934993285255154,-0.24305978084594326,-0.4547346465832798,-0.24860721701688426,-0.025454206214090353,-0.5782803083967629,-0.2992341317265206,0.17860270613902887,-0.6629297399043715,-0.34798145162330835,-0.13256423327202543,-0.9582375874980309,-0.18828745236715969,-0.1861438258386383,-1.3297255495410514,-0.272196488749635,-0.217950648837535,-1.5748193909039432,-0.33257816064083046,-0.23804546363056586,-1.7917021095861478,-0.38594336400309986,0.07004716071752694,-0.9788011458278885,-0.19246223577997215,0.1434701651645621,-1.409491590754283,-0.2622146415814846,0.20524212516052096,-1.6714272983689242,-0.3280202006755924,0.2558832647462749,-1.8855993556238806,-0.38202361229782394,0.2206005400457232,-0.8679369126892906,-0.21579025846987646,0.3883104747218208,-1.1279475204026865,-0.34601208042394227,0.5221953958118916,-1.3037383459279435,-0.45303363746153386,0.6352655491952256,-1.4674907652395481,-0.5258469559767406,0.33564050008381474,-0.6661323691559855,-0.24799784558061627,0.32038214317075925,-0.8043687475879275,-0.388395534271647,0.22321520775114403,-0.6700963679674162,-0.4357643475512041,0.13743901122643998,-0.5358172145963728,-0.4663309935955237
W,0.0,0.0,0.0,-0.1816213061787569,-0.15119854375846803,-0.12184313621167916,-0.28666210418427446,-0.4190834475321336,-0.18108106202143529,-0.11092989208519612,-0.5769229622411265,-0.22316177393099765,0.08380868263404473,-0.6760275321152586,-0.2636382394410313,-0.20610429062276198,-0.9430444988112602,-0.12900089308948215,-0.31840452144555154,-1.2988706963215495,-0.19906918614486654,-0.3873077997783352,-1.5198868006877502,-0.24926873846092848,-0.4499523071279908,-1.7238481682734983,-0.2951152811444507,-0.019015138625605835,-0.9881212181858385,-0.15249551689798435,-0.006408061682467257,-1.4380327020974975,-0.22022260096190735,0.01918099526780431,-1.7070929003529487,-0.2728729144272681,0.03553296136517213,-1.9340188062274022,-0.3109176375750803,0.13768014274446247,-0.891086996741908,-0.19211642048409705,0.2663075893571336,-1.1966408824415682,-0.3132834366379734,0.3653137496421373,-1.3910494201920585,-0.392145237844163,0.44493598185931027,-1.5773537606462553,-0.4391409935101478,0.27008620203789785,-0.6944074457176524,-0.23777128386895485,0.23759565496427845,-0.8788922934478027,-0.35768371334579707,0.14961077702084627,-0.737967592466183,-0.37399022170710455,0.07967902973554769,-0.5882187659215092,-0.3787963912274584
W,0.0,0.0,0.0,-0.1934049958855532,-0.16973182009042587,-0.10872826535928314,-0.29828404875418607,-0.43231630628514167,-0.154483897591494,-0.13859513088586012,-0.6026754252049644,-0.18437196200147424,0.03970937830620966,-0.720622611335862,-0.20957348761805875,-0.23208289509677732,-0.944043076280331,-0.09566366768709197,-0.3729354724782289,-1.2931801896276323,-0.15066810120649088,-0.455177073822934,-1.5073080625645774,-0.188310967221713,-0.5210642818905596,-1.706818806546271,-0.2248180881715063,-0.04621792451754364,-0.9916014892312316,-0.12079068675893136,-0.0551823545312188,-1.4433004803094929,-0.18525082454343902,-0.04849827521968532,-1.70876339342739,-0.23235606493348998,-0.043114404529989485,-1.9326605028081711,-0.2650048019892258,0.10821684734818553,-0.905074530585987,-0.16245022991035513,0.2243149137002662,-1.2313043769071979,-0.28027114673014186,0.30591490108648056,-1.4463092242699427,-0.35462111358047316,0.3726376190680479,-1.6492812677415094,-0.39660445014324636,0.23380633791465277,-0.7113385096807662,-0.20885010465493345,0.2022315070347859,-0.9364086698470201,-0.30951986785728075,0.12154472615973314,-0.7878521836123811,-0.31053315686581423,0.06147508783083395,-0.6204911463499588,-0.3071717424232566
W,0.0,0.0,0.0,-0.19706026179874678,-0.1673172858077613,-0.10626132865561333,-0.3092629465339465,-0.4278300335563342,-0.15280682677601634,-0.15391839850298072,-0.6064744848112446,-0.1852132951421316,0.024704507319005167,-0.7316520664510131,-0.2142924024811305,-0.2482984639255961,-0.9375422001228878,-0.09587799894814307,-0.3914591684700105,-1.2824414903785022,-0.15363289152253615,-0.4746912513348902,-1.4948328101869572,-0.1938720142470622,-0.5432325115776075,-1.6874788278749677,-0.2318025141840483,-0.06291602443645795,-0.9904146925196443,-0.12296467261099533,-0.07480119682989975,-1.4356988987191015,-0.18909278259600393,-0.07269962762940957,-1.7011164939226182,-0.24093671529723504,-0.07238138774859795,-1.9224242626649437,-0.2775045777880394,0.09319605493437831,-0.9081623338592633,-0.166111526935948,0.20200345617100582,-1.2297043981794824,-0.2880371318557707,0.27761231023879146,-1.4432386142555478,-0.3690588559087306,0.339669877655147,-1.6431731158722336,-0.4151321334854945,0.2201136773634541,-0.7216870072266423,-0.21337249650267573,0.18136055945505483,-0.9394721965180709,-0.32267438024976,0.10311604664767778,-0.792308983062753,-0.332391666995499,0.04576882479637875,-0.6290244488377984,-0.33412624730237933
W,0.0,0.0,0.0,-0.20209002044915197,-0.16245425926024462,-0.1062769162051897,-0.31659138530301956,-0.418812080837045,-0.154132833080351,-0.16193844633856988,-0.5972845522320597,-0.1871955309839098,0.01635315039345258,-0.7257641871559437,-0.21699633241391045,-0.25997191343258436,-0.9330171388040465,-0.10197515298653201,-0.40726011231655884,-1.2783738981244728,-0.15908177594736578,-0.49308523994766895,-1.4931096385822162,-0.19681138779962745,-0.5632952218252013,-1.6894557880271097,-0.23350239592815042,-0.07453956908161305,-0.9889254171019087,-0.12833694733374054,-0.09251719003793503,-1.4373837355667847,-0.19858743343095156,-0.09358863231705383,-1.7047634068370825,-0.25099404127930064,-0.09486315842685529,-1.9300024829516589,-0.28689963769885285,0.0831567261454952,-0.9098379707085552,-0.16979033381758157,0.1917621572253322,-1.2292126049048862,-0.2953684835415591,0.26617487394374056,-1.4456274384730616,-0.37682755891623204,0.32638652862615697,-1.6490451069601395,-0.4221919598220965,0.21274661937130826,-0.7260104888264564,-0.21482996316145964,0.17406445181494623,-0.9306625668636785,-0.32602758926975767,0.09640259388820732,-0.7755535396312081,-0.33609514504163834,0.03910094042101107,-0.6093517334264452,-0.33757160450721957
W,0.0,0.0,0.0,-0.20250013240814774,-0.15995914249007326,-0.10652083668808629,-0.3185182204586362,-0.421867285981159,-0.1520195040627444,-0.1611639582216886,-0.6022570144176326,-0.1825956316740999,0.020086580924653867,-0.7253357855855788,-0.2102292717257862,-0.26119598924363047,-0.9327227248296202,-0.09767081988053211,-0.40720716478179164,-1.2761561674665307,-0.15395324777855554,-0.49238931313355355,-1.4894205242949925,-0.19169918133002972,-0.5627509110298667,-1.6841654785287286,-0.22839828405474225,-0.07530736846998302,-0.9895061013107359,-0.1233145397873014,-0.09336463902853417,-1.4353894872961614,-0.19184096617241064,-0.09425877273064885,-1.7021574998749183,-0.24377826669063976,-0.09528998964038522,-1.9266694640501332,-0.2791321157287671,0.08255741398050181,-0.9118176354367505,-0.1644196853692125,0.18773655030171796,-1.2263725149763391,-0.2902677069391611,0.25938637117969876,-1.4413100052777381,-0.37336320244040944,0.3186101081109066,-1.6444579406459205,-0.4194892325115203,0.2124109290569946,-0.7301905664319188,-0.20915071421778458,0.16820009805743236,-0.9264591995206758,-0.32395695279128844,0.08922799859592107,-0.7666894194236636,-0.336812968188166,0.032886800263407366,-0.5981748480980918,-0.3393560662168959
W,0.0,0.0,0.0,-0.20316159510691148,-0.1525525466327282,-0.1047461753688478,-0.3309444642114494,-0.41143039193006953,-0.1507364779185054,-0.1798299795823039,-0.5922636542537638,-0.18266068947144362,0.0017326966812612737,-0.7172960981087567,-0.21236632547624915,-0.27398005445013873,-0.9274395419260515,-0.09703985966191768,-0.4263970711374996,-1.2673605827780718,-0.15445286752329956,-0.5130481567558183,-1.4767136191641683,-0.1940162505296086,-0.5865663806362215,-1.6681487139721756,-0.2321887085664426,-0.08894877464029692,-0.988195078382681,-0.12473412744809169,-0.11032568921340057,-1.4332535495920649,-0.19175600529157436,-0.11343986840957898,-1.700102883060225,-0.2447065442402866,-0.11799642329375964,-1.9246710869399652,-0.2818733996763767,0.07039852718089748,-0.9150839459295912,-0.16785850710184927,0.16994070757315294,-1.2269123677949856,-0.29343259422666046,0.23905435870648245,-1.4433591077316463,-0.3778911995796285,0.2958405029511997,-1.647759131539934,-0.42597746997563973,0.2039967444741822,-0.739027236395474,-0.21449354872497395,0.1531299784354922,-0.9302320005191264,-0.33146198591017323,0.07486850742196047,-0.7653445234478546,-0.3453704079794244,0.01971012697704319,-0.5924743225626249,-0.3489912946175349
W,0.0,0.0,0.0,-0.20370250704625384,-0.15271981274501628,-0.09722578423787345,-0.3305848269261356,-0.4122199171564551,-0.13743313885519365,-0.1769079576743084,-0.582958312720522,-0.16565447781295042,0.0031513008799313466,-0.704826675531818,-0.19231090756385116,-0.2775604390354237,-0.9271903185984839,-0.08486823564342112,-0.4305383446569466,-1.2621115708821409,-0.1394550053920221,-0.5196055594474456,-1.4691289488334682,-0.17697556059604974,-0.5940574184438526,-1.6570456342320483,-0.2136868965710892,-0.0935577073410466,-0.9887516869237744,-0.11669214627590599,-0.11798271541552283,-1.4335509519556855,-0.18141659292731382,-0.12565028780546486,-1.7009802599221269,-0.2338158663245362,-0.13289326556895648,-1.9272873761289302,-0.2702880392668316,0.0664644253212057,-0.9150315460002836,-0.16398355895367495,0.1611067697449157,-1.2335834623067736,-0.28988806015498214,0.225152623198693,-1.4456567513195384,-0.3752313778835938,0.27753567101554744,-1.6493529905403541,-0.42274889983669245,0.20222653524954534,-0.7344571126326174,-0.21401375861298697,0.14940150464534777,-0.9293272426970336,-0.33146037276563683,0.07209636975919412,-0.7604871894890347,-0.34449489705438086,0.017788290781180542,-0.5830060290690183,-0.3468102519899983
W,0.0,0.0,0.0,-0.20269124558324933,-0.15232151390024262,-0.09453440455247138,-0.3329720173366169,-0.41219840581847084,-0.13374118254157574,-0.18155221977165467,-0.5826892998663922,-0.1615103990212668,0.005366436244242078,-0.6947453032401741,-0.18756548742898743,-0.2757821888331147,-0.9266002379943514,-0.08475543625221303,-0.43278038718357614,-1.2652238950676815,-0.13941426864248485,-0.5227780016993967,-1.4756997883386673,-0.17526848391276695,-0.5976469785963516,-1.665173239301785,-0.21049060521238744,-0.0927716162961316,-0.9887786795174489,-0.1170903503348315,-0.11996570810077806,-1.4332910694501506,-0.1841512568502163,-0.12942873141981592,-1.7039426555420967,-0.2363994324764146,-0.1372417362502231,-1.929964791259622,-0.2714306020815051,0.06728639935177384,-0.9171926029072205,-0.16448733797907109,0.16021602001480015,-1.2272901985032694,-0.29225392517164134,0.22417565731240727,-1.4432665614194655,-0.3781957032547413,0.277310006397575,-1.6480850007194499,-0.4245219155013492,0.2030508100721479,-0.740361337369666,-0.2143247739628562,0.1489792472213064,-0.9279881059194447,-0.33223140159156944,0.06993952626134875,-0.7597237575917157,-0.3458405859830214,0.01431464481846546,-0.5817376015170521,-0.3477214907753746
W,0.0,0.0,0.0,-0.20253323503369644,-0.1511623687323213,-0.10007510555368446,-0.33356908276811464,-0.4117027294981122,-0.1434847860323326,-0.18157223754270782,-0.5829182228106696,-0.1741864693151133,0.006171211573224023,-0.6937983948590559,-0.20328103864209407,-0.27526358021031033,-0.9274253086610692,-0.09221267359153364,-0.4329802490402895,-1.2671789570728444,-0.14798831886274783,-0.5214910278942337,-1.4780282101071434,-0.18503395014894233,-0.5959685136297278,-1.6702442534246544,-0.22150688549839673,-0.09112939993315033,-0.9883125302103082,-0.12220382603307714,-0.11561750305091142,-1.4338730271781805,-0.1896998852958793,-0.12194743437734021,-1.7026594754688522,-0.2426954373690201,-0.12872844785401374,-1.9294987497287082,-0.2785493325506485,0.06923157872221837,-0.9168490887542009,-0.16723887400368978,0.16579109028909458,-1.222527226990471,-0.29452118306585956,0.23306461569110934,-1.4393428952048093,-0.3806098546519275,0.2891227607157395,-1.646612136027934,-0.42785602067449124,0.20485082886099912,-0.7427605334478586,-0.21519104730355468,0.1499680459137298,-0.9232945174989862,-0.33266958278506625,0.07271118055644528,-0.752448656700957,-0.34668562264839126,0.020631121369363327,-0.576868319205534,-0.3493736899908413
W,0.0,0.0,0.0,-0.20115185145525874,-0.15425849208362405,-0.09403533063935295,-0.3262852888774958,-0.41101928880763766,-0.13389844295544695,-0.17315602344494202,-0.562336273205795,-0.16166079952343773,0.007608637201700009,-0.6722710352518263,-0.1881333850902378,-0.26909123640650107,-0.9307545924178074,-0.09018079083286173,-0.42465278451074023,-1.2687330488152502,-0.14717567020494826,-0.513821221732275,-1.4812126275638289,-0.18345076064269505,-0.587240575003607,-1.672575156975108,-0.2189979853046728,-0.08367865842556242,-0.9887414539710649,-0.12404926167971501,-0.10795815554060122,-1.4344221759965043,-0.19284637347159947,-0.11301770409213864,-1.706142211169714,-0.24643768196339455,-0.11686790710623123,-1.9399940138209968,-0.2824488987028251,0.07770673561694308,-0.9134763005394043,-0.17259467708705406,0.16849063120047952,-1.2108565551156718,-0.30281013262733575,0.2382312604007503,-1.4258177754927202,-0.3917299356007208,0.29722390011688865,-1.6365654986706484,-0.4402988169510238,0.21343446506781852,-0.7350200653064298,-0.22325409675840802,0.14959606342041776,-0.8953960022575985,-0.34543475977678206,0.06757537541901497,-0.7221280780721205,-0.36303485570262595,0.010504975821123835,-0.5487375229381101,-0.36744637633551186
W,0.0,0.0,0.0,-0.1985749162973841,-0.16800137964906942,-0.08711759151417695,-0.3229092309766573,-0.42593704885713835,-0.12841652872206602,-0.17357643626876673,-0.5547188041231289,-0.1604097970825958,0.015760837413763606,-0.6416830446468537,-0.1924909477025565,-0.2508611473238794,-0.9411141999423253,-0.08914737386662745,-0.39463074745413196,-1.2837322653746694,-0.1454696711505747,-0.48081044283087127,-1.4990287413444319,-0.18132449836828235,-0.5506663179628916,-1.6933376547245105,-0.2177159798409833,-0.06636802217380748,-0.9896231441843599,-0.12744143018421647,-0.08333115491142891,-1.4377473691020524,-0.1947671446385038,-0.08232071522435691,-1.7135613018055726,-0.25065870152017133,-0.07841841283140998,-1.950644326258859,-0.28978038669511674,0.0941819320981609,-0.9041989061645127,-0.1791845859807777,0.19006725343604283,-1.192936275821203,-0.3070113179257517,0.27276074622563845,-1.400111482056183,-0.3990881501511473,0.34595325906666297,-1.6027686943412405,-0.4512262603741886,0.22848727303613045,-0.7213625472714591,-0.23226660530716686,0.15752214224927427,-0.8617917963578019,-0.3537995956059354,0.06991157515560328,-0.6942880035860738,-0.37639789457203743,0.009903051600286759,-0.5318762244517483,-0.3856106784726625
W,0.0,0.0,0.0,-0.20369402991791044,-0.15797679219070493,-0.10367102482538723,-0.33155095471271256,-0.4197163406436748,-0.1533259256100638,-0.17386162385140774,-0.5518105214328991,-0.18912640219464466,0.021484319549788224,-0.6443808748091268,-0.2263361479332189,-0.24888399845428355,-0.9317429946185466,-0.11654081181113611,-0.3898495295949109,-1.2761035917864507,-0.1801025915561768,-0.47417829784727433,-1.4926515284800141,-0.22029661005086917,-0.5426288073310684,-1.6883822941753373,-0.2584293464646791,-0.05996695976826621,-0.9871732209945591,-0.14796281792186458,-0.06991585362380125,-1.4349814864080797,-0.20782146618440786,-0.06896175725005113,-1.702414391865916,-0.2606708310589944,-0.061974362106406104,-1.9307890155363974,-0.29931784493152913,0.09744661772775134,-0.9017079586117415,-0.19319685821349988,0.1949930612547799,-1.1718189068082119,-0.3109205400687109,0.27552475188278497,-1.3787859289042754,-0.4050308501808046,0.3542476647568087,-1.5798107484073562,-0.4644079185554511,0.22640943162401111,-0.7205383057223025,-0.24207475841931175,0.1613573127761041,-0.7842707110715347,-0.3641574231502137,0.08067013216856646,-0.6099828762458468,-0.39465063595437,0.028233858159353035,-0.45621787009254683,-0.4111164753341684
W,0.0,0.0,0.0,-0.20592254016681932,-0.16726490907068264,-0.12065551390459982,-0.3132982462879384,-0.42974196306257095,-0.17786195210336073,-0.12885718296481452,-0.5710854925461296,-0.21736516064792877,0.06805387021240461,-0.6656771194426172,-0.25773315019341153,-0.24449321178001251,-0.9274162601078136,-0.1327913826501235,-0.3759423049525127,-1.2803262072476116,-0.2013545740365121,-0.4545241734231354,-1.497671289591833,-0.2495588811543288,-0.5193499834008451,-1.6917545032022854,-0.29302451759088965,-0.04563571550957512,-0.986785155484432,-0.15547488023952383,-0.04579617646024464,-1.430183277157725,-0.21346282797004154,-0.04153661112072978,-1.7003495163825026,-0.2713103982495219,-0.03275763722480942,-1.931356658159503,-0.31638978011464675,0.11651990984540209,-0.89950288722212,-0.19311543477600146,0.22733507056332383,-1.1797267153116693,-0.30688880958310905,0.3085301750195922,-1.3889345640394544,-0.40498984687473144,0.38620983885467625,-1.5896853960045982,-0.4702651027991068,0.24757882409979037,-0.7176329259446917,-0.23585442897361508,0.19496730168704435,-0.7956631193145932,-0.3582816051947215,0.11268044162705942,-0.6397077050934863,-0.3936438600992777,0.05728248892513872,-0.5006514170577292,-0.4146468268595975
W,0.0,0.0,0.0,-0.2179942506667696,-0.16036160366131655,-0.13735742379868368,-0.31219388894300554,-0.41438047804684336,-0.19894424384394582,-0.11092239470745976,-0.5625232887823478,-0.23697345793080862,0.08928957628488565,-0.6628831639681645,-0.27352383229330335,-0.24096892350157778,-0.9298342644328402,-0.1562457045734245,-0.35278988143151574,-1.2868058767845938,-0.22950181357731486,-0.4220556144135899,-1.5172307208445723,-0.2772286996181686,-0.48688624769199823,-1.7349292009619373,-0.3192844796861993,-0.04209005569703881,-0.9840716447228657,-0.17271776186557694,-0.029371401166420872,-1.4361443756481425,-0.24008446612420362,-0.012516542918837342,-1.710448379894391,-0.29473419577475873,-0.0022911539001437536,-1.9499666837658485,-0.3333940579945918,0.11694927962576261,-0.8968894466251439,-0.20536567615284895,0.23989648178422238,-1.171267836279027,-0.32676333859078366,0.34456529318820683,-1.3917224311848742,-0.4190590125571761,0.43116053416181943,-1.61414688503688,-0.47510766189592035,0.24978223995013002,-0.7145208055157296,-0.24424080286641486,0.22035749798719798,-0.8275134898877791,-0.35784021275346806,0.1500909999830803,-0.6797480236150938,-0.37715140426226657,0.09584882735586832,-0.5335250648290187,-0.3853721898901991
W,0.0,0.0,0.0,-0.20134897431593216,-0.16039187212868,-0.15801064045195046,-0.27698749040392145,-0.42327860119743516,-0.23018196917952438,-0.05981705062225447,-0.567441413912736,-0.27408712450353623,0.14211144596485537,-0.668184712997122,-0.3174276008369588,-0.21686819506650637,-0.9203357666191815,-0.17726676492645227,-0.31122822379652315,-1.275575306912335,-0.25043911434765587,-0.36970496424133936,-1.5056319470800994,-0.30359960064081004,-0.42200131787295686,-1.7201629724687286,-0.3524658370537893,-0.012717824300653682,-0.983362416594102,-0.18120875965379182,0.0027549128772061124,-1.4221296892945414,-0.24642445097825622,0.02237625817357007,-1.6873021313351342,-0.31020729632305005,0.0354945719456891,-1.9224312660022311,-0.36193054708518024,0.151778811179254,-0.9033213581104655,-0.20119655636878467,0.2936243467499788,-1.1827328957866825,-0.32531747685761486,0.4063514762532048,-1.3818528914476929,-0.42830957101083666,0.4987957322352794,-1.5755194911936559,-0.4972621153129702,0.28714547044474265,-0.7275685935574875,-0.22819667405754424,0.2570438048740618,-0.8428638897069272,-0.3563730452209807,0.17873908036858782,-0.6854573184686885,-0.3933781810411134,0.11646651979381624,-0.5377410497536552,-0.4170095464242314
W,0.0,0.0,0.0,-0.17143675377551046,-0.17261057952229378,-0.15819120138106776,-0.21397909864535153,-0.4464269848907269,-0.21798403033711547,0.016091939425445845,-0.581357162090643,-0.2487448192598003,0.23116760185218327,-0.6641081035181925,-0.2743574090601399,-0.15100205632072158,-0.9433894522745686,-0.13734578905045325,-0.23311285555167496,-1.3008473971498364,-0.19856232861245038,-0.2821601017807209,-1.5308942039615632,-0.2460733726014801,-0.3205217599933636,-1.7459155446722694,-0.2886991117328153,0.04136812188930247,-0.9899092987357943,-0.135529549426536,0.05979837781506644,-1.4349078310426184,-0.18978873838209098,0.0944290179814613,-1.698436875234293,-0.24064740777577165,0.11995307430859806,-1.9267499553212022,-0.2796085662064257,0.1902932415206648,-0.907157165606979,-0.15329566775417544,0.3520535796350015,-1.2003502363230751,-0.26955413297290587,0.48231328095748793,-1.390407818918434,-0.3601296856030615,0.5795145933168853,-1.5785402081189415,-0.415837871575799,0.3100040032385563,-0.7202884762903816,-0.17986194131955704,0.3426433105898497,-0.903454549774232,-0.29342805545359696,0.27958980076733286,-0.7357549711681759,-0.3104587078969336,0.2097789475341456,-0.5605728989312284,-0.31776338976812823
W,0.0,0.0,0.0,-0.1749490943365726,-0.18091399982259898,-0.15698686012638502,-0.21542835662757773,-0.45792536156810937,-0.21343082796485882,0.016548781035839236,-0.5926819585051226,-0.24103791895709234,0.23041138178172743,-0.6713817936110965,-0.26289388132819386,-0.14961062682600068,-0.9475074139683527,-0.1285744907446618,-0.22869979665489992,-1.2989799712571284,-0.18770185126764224,-0.27630922818536285,-1.524247789180479,-0.23455590688268574,-0.3135622386396375,-1.732790852254059,-0.2765392412421266,0.04069125299232652,-0.9910483074314426,-0.12715138326887065,0.05942140464268609,-1.4324652112180731,-0.17980755880485616,0.09329195958557246,-1.6933196713220613,-0.23083633134788953,0.1192027824153168,-1.9171692264324627,-0.2698864425685483,0.18750685191050812,-0.9078089743066837,-0.14593017729160176,0.3472642580388141,-1.195774657033448,-0.261596514874343,0.4759355669585797,-1.3848636094457383,-0.3540704849474645,0.5733367793537919,-1.57119266998981,-0.4106620926626434,0.3064745458380253,-0.7199979362928944,-0.17362641742052323,0.3342605957394768,-0.9035611347781746,-0.2862185105801951,0.27256914847146835,-0.7381819623138112,-0.3040873154324687,0.20620646750416766,-0.5626368276397283,-0.3118940002421983
W,0.0,0.0,0.0,-0.18588484177958867,-0.17030209219727488,-0.14457522841434645,-0.25846264911390815,-0.42964315785068874,-0.20668509037190744,-0.06334879899218004,-0.5849123263482439,-0.24386485382434267,0.13484494598717126,-0.6917681495209335,-0.2769000031820612,-0.19123857607472136,-0.941212942411584,-0.1404627295090594,-0.2803085896831679,-1.306563937660313,-0.20724308406527986,-0.33844382933554035,-1.5382431860543098,-0.2548806232904334,-0.38713930394284446,-1.7541238866096636,-0.2989789426016039,0.002003968049612806,-0.9885106216251665,-0.15113813233688927,0.02817457289642093,-1.4370959829945364,-0.21684820711917766,0.05885331502295194,-1.7072139127379606,-0.27017617732341126,0.08377816190995242,-1.937477769728329,-0.30941545241010193,0.15801711166266647,-0.898925776445963,-0.17996457314526557,0.29844098133018243,-1.181690887736909,-0.30246423766500163,0.41847423884331636,-1.3820744462637655,-0.3901717714670255,0.5213867764250897,-1.576901619819596,-0.4447744885631183,0.2866666804988248,-0.7091199900768005,-0.21621524503247327,0.25876711939768915,-0.8594276769045615,-0.3357907591530592,0.17880511684977562,-0.7102811290226743,-0.35651206261160306,0.11876476313603093,-0.5556060729944449,-0.3660328137865375
W,0.0,0.0,0.0,0.24987123565035294,-0.07006915214674335,-0.13788064761106886,0.41619457615875033,-0.3166257121667686,-0.19359178788839854,0.22499160438475596,-0.5186732061377769,-0.22651157936719712,-0.008104897395583144,-0.6566570482087791,-0.2645908088759629,0.4467908633327167,-0.8325592935031146,-0.15532318288685953,0.6357177021526539,-1.1470373578876496,-0.22568692218653696,0.7569180175275125,-1.3487853462186072,-0.27118191134295316,0.8579143968416872,-1.5478720758110172,-0.3050742718244662,0.24495637557470587,-0.9560380499488895,-0.16120676510378923,0.3692220899591088,-1.4007574333557231,-0.21970920177485379,0.4436663325674486,-1.672434877808285,-0.2799662469001445,0.5023608650118704,-1.9195784688828093,-0.31977131583514257,0.060105231486641236,-0.9319523009724979,-0.1772105467264896,-0.008438035595580602,-1.260076391869367,-0.2913614198335448,-0.047817366880400475,-1.4957768891080827,-0.3900448462342433,-0.07509579102456708,-1.7158700100558584,-0.4530661635517102,-0.10666577378209585,-0.8088241584686537,-0.20026352331875838,-0.07057572884215355,-0.874767496774584,-0.32002023524736434,-0.052342045296532226,-0.6626994783252622,-0.3477468462259221,-0.046790694519405346,-0.480147218628866,-0.3577658869148262
W,0.0,0.0,0.0,0.25170615773393074,-0.06667703086507078,-0.15688156452845634,0.41660770551526827,-0.3103589019965784,-0.22271942838043193,0.21558604793722955,-0.511321742697976,-0.26126590080143475,-0.024586786138825357,-0.6489931851240485,-0.3037842047681022,0.4467434755518402,-0.831113983905867,-0.1813670580179343,0.6374028201933547,-1.1410014630874055,-0.262583315606765,0.7591317817430127,-1.342730365863243,-0.31450502321403945,0.8626894357172772,-1.542095828975261,-0.35293139268269363,0.24442107719812273,-0.9520761065544123,-0.18387339217380094,0.37352401044998385,-1.4013653540876594,-0.25697110356662933,0.44975134842821557,-1.6717772761477443,-0.32383629294933197,0.511514839613741,-1.9212705876171043,-0.36721912177119365,0.0575924313421441,-0.9283593662889187,-0.19777102942550306,-0.004793908371962238,-1.248340154427778,-0.3276168031830548,-0.045815184109066355,-1.4736330955403203,-0.42689153427308113,-0.0708885411830477,-1.6953308828119884,-0.48764978400042963,-0.11384860983214695,-0.8042874954946461,-0.21980949115242582,-0.0735252573727703,-0.8822567008233644,-0.3478663440581781,-0.05739972283971546,-0.6683830008230619,-0.37212458800210574,-0.052166019595812706,-0.4863401066589831,-0.37903670850362803
W,0.0,0.0,0.0,0.24444165446638103,-0.06761442367736897,-0.15296292438760917,0.4079669387607929,-0.3129743017072129,-0.22036944656972607,0.21283853204603417,-0.5103704239957215,-0.26331754255555373,-0.02262301285655047,-0.6508238939560647,-0.3115844322678222,0.44008789207510174,-0.8384705484722648,-0.17618845598449367,0.626362449101189,-1.1525636560249077,-0.25599576547825054,0.7415361558369604,-1.3609716242957073,-0.30999047026351606,0.8345814135065178,-1.5663628085807715,-0.35120643514151667,0.23257212349830703,-0.9558148223538516,-0.17980053598408227,0.3388924216279402,-1.4070766582421907,-0.25314124472941135,0.3968079917536838,-1.6870795995111094,-0.3256425871979139,0.4398469507413481,-1.9430915104467967,-0.3738102884755318,0.04656375978099842,-0.9246629273649555,-0.19313181446713942,-0.02272446183918358,-1.242483843946832,-0.3206637854015857,-0.07385127556132272,-1.4674703403100147,-0.42057046782209023,-0.11133838383907335,-1.6840419743756807,-0.48293303204742966,-0.11982100744075094,-0.7963888488522505,-0.21415994180282993,-0.0829610633898762,-0.8638440417351388,-0.3457571912558857,-0.06597933072684313,-0.6563738149298957,-0.3740800104445759,-0.058436764274021266,-0.4826124385584362,-0.3828158981232781
W,0.0,0.0,0.0,0.22984937826925048,-0.11393428430305401,-0.1263544003994771,0.3689147638517949,-0.3858847292593196,-0.17297261936769084,0.18297307941648977,-0.5815377957065118,-0.19791154362008695,-0.029016991440643118,-0.7045400087561944,-0.22590899108162774,0.37902039418065164,-0.8912814975543316,-0.13201098304987705,0.5423786956385167,-1.2228954343622158,-0.1881643220876591,0.6458919292135058,-1.4317783261575168,-0.22559426382445494,0.7221213526210607,-1.632373739956109,-0.2539420334253439,0.17125403188534022,-0.9751861506759545,-0.14029977937555546,0.24501043323843388,-1.4374074005828221,-0.19346131352286375,0.2755928383976572,-1.7174916906422837,-0.25013021432484633,0.2877476684038246,-1.9656860106611436,-0.28617990640367963,-0.00910620105980385,-0.924846098752674,-0.1577424132872022,-0.08105641017861702,-1.2583754995980805,-0.27109520578656243,-0.12809895439173258,-1.4985270887138604,-0.3673580649421772,-0.17403643992599488,-1.7191586021004919,-0.42506515660311883,-0.17080835514754128,-0.77802306750894,-0.1803640957598581,-0.11214505366211251,-0.9156648752607938,-0.29582953081930663,-0.0712263513774381,-0.7142320371551689,-0.3149727003733929,-0.05654223249275213,-0.517587152410294,-0.3165088118521983
W,0.0,0.0,0.0,0.2261612580701105,-0.1128221989954666,-0.11674750797707084,0.3677998065149799,-0.3911465750415231,-0.1618470911509693,0.17770741000591486,-0.5969396807966398,-0.18902210513542572,-0.03818296972004279,-0.714699447312881,-0.22036800262104222,0.36866069094683673,-0.8899155631874226,-0.11725710708902154,0.5314608548322862,-1.211229257482451,-0.1748906158121492,0.639088538657674,-1.4125703608899653,-0.2161234525582467,0.7181387025794865,-1.6054962091693918,-0.2474817444737415,0.16254321623614534,-0.9779745971912285,-0.13094040669046417,0.2393827519204399,-1.4346103200257525,-0.18195872131757382,0.2739052058980875,-1.7122039325649203,-0.2389977503591302,0.28788524434730295,-1.9597284111542959,-0.2767238144515,-0.017257438658096865,-0.9231700793417729,-0.15363032533680157,-0.08676155818150746,-1.2581517414794687,-0.2631458606411049,-0.1257196533102846,-1.4930561374472493,-0.3561303285266906,-0.16776573211159707,-1.7043573662726215,-0.41237336888884263,-0.17855445879511683,-0.7754361616606317,-0.18096385900084208,-0.1205852023983978,-0.9185305271715161,-0.2932742078472594,-0.07985658423655191,-0.7286831093827919,-0.3111685252942299,-0.06562058639822187,-0.5444437387501635,-0.31241639594534326
W,0.0,0.0,0.0,0.24313229857615365,-0.11555821769392673,-0.1132137895156382,0.40034376796710885,-0.3902743735796646,-0.1578642878552946,0.209349610390343,-0.5959509408082385,-0.1854226266550368,-0.019531780220229944,-0.7077774238455843,-0.21774788979862256,0.3922537641087515,-0.8784475227837618,-0.11288065568290101,0.5601767151108558,-1.1974600910506719,-0.17686551739660233,0.6772361636121147,-1.3877561944657404,-0.2240995412639841,0.7709186875589672,-1.573418734917101,-0.25787283540492884,0.18582976012613378,-0.9740767425778718,-0.12900310004161195,0.2774682988426462,-1.4229250009332757,-0.1824302118436428,0.33245621275162723,-1.691853971088812,-0.24076985568493875,0.36922376645597893,-1.939619605582272,-0.2793586053380675,0.0025523421235065756,-0.9306218776842037,-0.1547662113247593,-0.04885266604513774,-1.2416267464133337,-0.26428363245790537,-0.07032728232379812,-1.4745433191962165,-0.3568489178241196,-0.09573082305882283,-1.6983554447984248,-0.4131933204594174,-0.16310741034751963,-0.794342270148901,-0.1854006031540823,-0.09907056210305358,-0.9197820013329538,-0.29521007691167733,-0.06065419743033424,-0.7227207098128225,-0.3089606881313481,-0.04919686838995257,-0.5416623298161636,-0.3077449114124185
W,0.0,0.0,0.0,0.24754531459080076,-0.09756988703837423,-0.12719216201103783,0.40684095404269377,-0.3651416767320883,-0.1754075307925995,0.21555548195617358,-0.5721629702598096,-0.20185556434535318,-0.011260825436001256,-0.6949354433923862,-0.23225039581436757,0.4124014560192821,-0.8637916129173505,-0.1331674933067074,0.5933493495893305,-1.1822271278550507,-0.19729356371391094,0.716977638841865,-1.3740777904962995,-0.2428396884276642,0.8196963575112814,-1.5652743389539625,-0.2758077547875137,0.20832479819614882,-0.9674571970000169,-0.14362224907514937,0.32125733447494215,-1.412665095074308,-0.19375446528393966,0.3917934936009731,-1.6815651888548562,-0.2494050835042617,0.4462329407017556,-1.9357755242810786,-0.2875184534826538,0.019823592241855266,-0.9334512897414183,-0.16471257494302133,-0.025181919912197155,-1.2538085234206768,-0.27389052355976207,-0.04259937810628903,-1.496868449869041,-0.3702506713497786,-0.06215242050257738,-1.731841049790142,-0.431041426643142,-0.15736152100113135,-0.803592559937917,-0.19148813795744232,-0.08853900168698235,-0.9230074280032049,-0.302029006515876,-0.0557977466746414,-0.7225565632435553,-0.3182813939378588,-0.053526001856146956,-0.5425588416758776,-0.3206270941648152
W,0.0,0.0,0.0,0.24811005055353882,-0.09587440641879026,-0.12574833372207977,0.40587401526475936,-0.37095838087777566,-0.1715399737232808,0.20513625416527703,-0.58148172718069,-0.19530633372587522,-0.03135613499583675,-0.6990510399286701,-0.22281341858498843,0.41334083479699874,-0.8611749165030964,-0.12605668837946857,0.5931136647979263,-1.1777418247328708,-0.1897108057563613,0.7175907825892579,-1.3657231300442456,-0.2348400761204547,0.8233754847042524,-1.5527244492127958,-0.26767306297594323,0.20943386977476125,-0.9681293251699762,-0.13734286999001727,0.32388671804205726,-1.4073747828355305,-0.18703063627422006,0.3967430126667198,-1.6737681939297009,-0.24192130484929678,0.4554757554959418,-1.9247734864720147,-0.27929131429501336,0.020106115888632096,-0.9350405756175088,-0.160056889346767,-0.02061746430459653,-1.2565116620332495,-0.2720436820077574,-0.033446127114063334,-1.4966965200513136,-0.36969577337886333,-0.0482786527515735,-1.7316794049129698,-0.43050334721153316,-0.15570128619666165,-0.8048265391880011,-0.18815580336440113,-0.0839104580856971,-0.9202581937448312,-0.30197201754448166,-0.053602150796870085,-0.7142779905210878,-0.31952056545598845,-0.054329412364937636,-0.5338836138068929,-0.322352242848755
W,0.0,0.0,0.0,0.24684029553677447,-0.09792569960564591,-0.12466671636122588,0.4040401826057843,-0.37046490725550857,-0.16965871444230968,0.20499208514345857,-0.5773640673798711,-0.19297303263779542,-0.02636472910938301,-0.6983170560397712,-0.2199229552246351,0.4135632014154629,-0.8625493262297744,-0.12290367814304108,0.5976140593451266,-1.17280745505415,-0.18634582646013317,0.7234667691564458,-1.358593814762067,-0.2321710077840619,0.830136112180031,-1.5445852856443463,-0.2656607613064732,0.21224358301296756,-0.9679505808913814,-0.1342547370555507,0.3308712723008659,-1.399763852064247,-0.1849392615781142,0.4071056708973151,-1.6609439252110432,-0.24021333985231164,0.4687026865137126,-1.907257262722118,-0.2777081302921891,0.024671708761964464,-0.9352026931870846,-0.15736481194524035,-0.01200906509170849,-1.2567760629585674,-0.270175325330131,-0.0225129224775832,-1.495185500792523,-0.3674218810086177,-0.03531254228493483,-1.7285760105791166,-0.42759173825159447,-0.1494990980556596,-0.8064724254029131,-0.18588273767705268,-0.0759828049700656,-0.9251987280953528,-0.300261357174373,-0.04692480021660333,-0.7197700609341753,-0.3176637399871292,-0.04814617077237292,-0.5392929386638398,-0.320102156465474
W,0.0,0.0,0.0,0.2431578912056874,-0.09948313089316196,-0.12551158958925832,0.4026580984437397,-0.367940963089917,-0.1712697351114755,0.21771328615017954,-0.5833975134149532,-0.1956011961723586,-0.0050527490999603564,-0.7111072324643012,-0.22271064645031521,0.4107873464006714,-0.8645223527472677,-0.12631786773732898,0.5863088334990796,-1.1839134898880463,-0.1873719979622653,0.7066850158962288,-1.3746670300763433,-0.23032008529794867,0.8071283294632304,-1.56245631280078,-0.26131159043963137,0.20826755983665463,-0.9685746043847797,-0.13597006751691013,0.32019804900469795,-1.4125480286487921,-0.18343697624364944,0.39305014087294515,-1.6763777897896892,-0.23517451081241875,0.450230410327455,-1.9205874724532996,-0.2700718425309431,0.019663230105310535,-0.9352202823323953,-0.15665789824896062,-0.027359193272659618,-1.2596633432687732,-0.2620570466038038,-0.039186512171101445,-1.503583344101634,-0.35493214232849396,-0.053816918381741276,-1.7318350595394478,-0.41300769016387345,-0.15720786542475823,-0.8056944220861136,-0.1833306004065335,-0.08788960893016025,-0.9306346555008231,-0.2905380643044577,-0.05422579774235969,-0.7353728312896521,-0.3055474620677815,-0.051432024579379926,-0.5533941628699207,-0.306576911357643
W,0.0,0.0,0.0,0.24083345508999981,-0.10416416057667986,-0.12317880780071058,0.39612686215933596,-0.37810393538518533,-0.16896528498451996,0.20419683756244034,-0.5855832894722176,-0.19371211874816335,-0.02322984671502192,-0.7047625743312291,-0.22238346378690077,0.4028431869946846,-0.873675638023666,-0.1224657706078564,0.574478566046843,-1.195498443461003,-0.1819834484411277,0.6920510197218345,-1.3869106566968916,-0.22492767171105202,0.7910768803163835,-1.5785014457639734,-0.2569214640012252,0.20072204463468848,-0.9704339954082336,-0.13404671332666945,0.31213415907859654,-1.4069157166478319,-0.18285896768432272,0.38165882396443623,-1.6695671569468247,-0.23672721613076278,0.43626567375858116,-1.9172917655383837,-0.2733265522942199,0.014038753606602283,-0.9322789563704579,-0.15658785746517803,-0.02687841441883309,-1.2576534887165918,-0.26711951987448845,-0.041729600233184325,-1.4993791203691225,-0.36232769267066856,-0.0583876221624918,-1.7318335632617345,-0.42114170122354166,-0.1601504354799748,-0.8003220731192366,-0.18431698079656086,-0.08837571512110311,-0.935915814183699,-0.2971945002211294,-0.05726885921743076,-0.7315173323056426,-0.31229803417726487,-0.055674206319603535,-0.5450705810670712,-0.31278408246010053
W,0.0,0.0,0.0,0.22688497129742438,-0.11338428051605066,-0.11740964348576531,0.37325178138200726,-0.3949045454596938,-0.16203477692296142,0.1886595461952654,-0.5981177621402349,-0.1891768420519385,-0.030873616646649452,-0.7066505539034277,-0.22070017917601722,0.3644068748554499,-0.9002080847485404,-0.11483853548517592,0.5247846380359997,-1.228276881401141,-0.17353311846086855,0.627964262822828,-1.4380885365876843,-0.21583990849640516,0.7019673143621694,-1.6384688003269652,-0.24713390659801698,0.15904313767772496,-0.978867092173205,-0.12854764182200473,0.23682270192608182,-1.4290428678262046,-0.17920891466866543,0.2765678266638253,-1.7035751063934725,-0.2353524118683585,0.29499566260998417,-1.953260574228253,-0.2715432293803455,-0.022191161554805636,-0.9214070306825066,-0.15171409460482757,-0.07751622012763336,-1.2409660550489527,-0.26009179583631425,-0.10347747136411968,-1.4645541375723206,-0.35018950443224034,-0.13670538331321808,-1.671945391431722,-0.40332001919221405,-0.18502928525025206,-0.7758205331576673,-0.1799780864022355,-0.11542970209693446,-0.9028093539781518,-0.2923531274329622,-0.07414708650629877,-0.716534512993513,-0.3086493424977674,-0.06556126102922506,-0.5408650564346432,-0.3072900196022263
W,0.0,0.0,0.0,0.21152520772330208,-0.12173822044670764,-0.0997751028305666,0.3557603679285125,-0.3998228035819524,-0.14278605721096113,0.19035207910098154,-0.5880823677861141,-0.17452564256548814,-0.01906358792668893,-0.6876114286970918,-0.21311949390593943,0.33496899309383493,-0.9144518952372513,-0.10681088981275105,0.47848984364889724,-1.250476045628875,-0.16751030865330482,0.5769263789504084,-1.4587918902761596,-0.21439489483657165,0.6474857115117642,-1.6528702976170795,-0.24896586224170986,0.12727724347442315,-0.9833400461438109,-0.12978003291508433,0.18656195939406664,-1.4343562205958187,-0.17579468646084973,0.21928432858179056,-1.7078064697402093,-0.233385293939797,0.23491732860504416,-1.953098922135456,-0.27456931930126494,-0.053566037547323316,-0.9114810039017337,-0.1605159667771565,-0.1122760774785022,-1.2294093835276956,-0.25721931169069895,-0.13327905866984024,-1.4499400226939343,-0.34447835479371947,-0.16448839818458758,-1.6444670708892577,-0.4010964049744704,-0.2169818656853373,-0.7516929975962471,-0.19590145005580653,-0.14222423647412485,-0.8751054952975349,-0.30059369501358685,-0.07963795282775597,-0.7043959918399775,-0.31775672286934503,-0.05391694589426188,-0.536564511724419,-0.31977734798903923
W,0.0,0.0,0.0,0.22390614783629162,-0.1320098963391798,-0.11679883905470638,0.3627285562595788,-0.41465250775938817,-0.16393857422999436,0.17186671129912492,-0.5915621025271153,-0.1960691500967412,-0.04629723314856718,-0.6763672411944951,-0.23427129654655057,0.32212655890068587,-0.9236782829272059,-0.1144531044893845,0.45243832788672445,-1.2615678310991827,-0.17826870638407383,0.5446482124326593,-1.4770348407605896,-0.22577925075287647,0.6085864757375418,-1.6811091686026984,-0.2605085853101552,0.11033142086725456,-0.9853300530044108,-0.1301985568880768,0.14899349062253936,-1.438110083987316,-0.17854678219771056,0.1618323324407445,-1.7155963161175192,-0.23821430936032148,0.15915816312593825,-1.9711853695328019,-0.27914662707965554,-0.06708829728079932,-0.910371533311708,-0.15530273851361065,-0.1393228067478364,-1.1935638314073378,-0.2589454759899243,-0.17890732014601265,-1.405734489208176,-0.3523065916415152,-0.2235415687566344,-1.6058462988689601,-0.411141549043178,-0.22389349421258117,-0.7487819957294076,-0.18640690657584508,-0.16928106209429308,-0.8316777081044813,-0.30161562249749113,-0.10800630369646089,-0.643280391199631,-0.3258095167998553,-0.07699050379020429,-0.47181793278725537,-0.3308412661847123
W,0.0,0.0,0.0,0.22353624829894161,-0.1442343728237881,-0.11638845544883576,0.358093944820166,-0.42877170241545987,-0.16398437106987074,0.16236811678529442,-0.5957107021912743,-0.19567241317629117,-0.06264743824433154,-0.664555714557083,-0.23319778980908173,0.2946618403321288,-0.9386544265507853,-0.11638296540723923,0.4183572300750593,-1.2848997144327892,-0.17633334560477065,0.5001770953745911,-1.503913916529144,-0.2194943455341288,0.5545404159270904,-1.710843908857842,-0.2517293842476772,0.07919688184382503,-0.9882118575560658,-0.1310159474713105,0.10177947145329787,-1.4374750173191595,-0.17977922074306038,0.10724023282797031,-1.7131075540685545,-0.2378842641231663,0.09827174457771798,-1.9629929429031392,-0.27730016799040447,-0.09545057335174079,-0.9039525564601736,-0.15462217035895648,-0.17809629386377207,-1.184031426002675,-0.25990509410320806,-0.22202050517278582,-1.3967362865635577,-0.35474621821045554,-0.2700856827821244,-1.5946004448298146,-0.4146322474726566,-0.24291543960730436,-0.7356799955355605,-0.18366660721163347,-0.18535401959981312,-0.8251975000534894,-0.2987141708353721,-0.11963549032548368,-0.6390423713988208,-0.32388642126001566,-0.08453866500359974,-0.46568401074648574,-0.33031012500526186
W,0.0,0.0,0.0,0.21459730647442446,-0.15771464414221845,-0.12029788751435605,0.3285457739154034,-0.45750528147635605,-0.17115620909045257,0.11748861838742994,-0.6028677357674441,-0.2059739711186428,-0.11655214904019293,-0.656727843268065,-0.24644602440548707,0.2387458053710044,-0.9617824105067223,-0.1257798842216846,0.3490946515452496,-1.3282742277893658,-0.1892040129318258,0.4169144757461624,-1.5619682821743277,-0.23333814207582726,0.4568875644425332,-1.780048420100247,-0.26655379464614753,0.016739443352494734,-0.9900345765853437,-0.1398260641001091,-0.0031277301900598554,-1.4486554911586493,-0.2001347088818942,-0.029913140937150983,-1.733986775069107,-0.2659171503494499,-0.06610604658061317,-1.9930582024010481,-0.309955379569198,-0.1510940811628946,-0.8891021512325753,-0.16210509250805427,-0.26128451905182976,-1.1579856437048361,-0.2786882134329514,-0.33881338385991433,-1.3571488427175287,-0.37540515557200754,-0.4161485668473312,-1.5480550233010921,-0.43455113139548024,-0.2853636538316242,-0.7090268817465807,-0.18942877417846396,-0.23951994117671013,-0.8076402872321214,-0.3095116374189871,-0.16437037311563354,-0.6301787006831099,-0.33477498973833564,-0.11725536138075135,-0.46681211774743847,-0.34082464302000853
W,0.0,0.0,0.0,0.20790878360174994,-0.16576994484185828,-0.11099626022947283,0.3107285858344856,-0.4648583459977024,-0.15818572602353784,0.09902856722183907,-0.6056135129749601,-0.19141634254064094,-0.13114458547171115,-0.666720993050261,-0.23143589030577438,0.23172775936058657,-0.9562734504422575,-0.12254379368575012,0.3465516119220737,-1.3187816632513485,-0.18521810695322644,0.41594212326352287,-1.550003100629703,-0.2306951866357446,0.4566736596788605,-1.7676406821173207,-0.26532206433254296,0.008391924588084633,-0.9901784836842734,-0.1395569634608796,-0.015602857414582566,-1.4460649575877276,-0.1914308332371021,-0.0398478170296826,-1.7321473193742247,-0.25623269506533475,-0.07201780246894875,-1.9847145115830551,-0.30213778303965133,-0.16068205887078219,-0.8901843672614691,-0.16377817591440766,-0.28370881767092637,-1.177361096278502,-0.2720233188757903,-0.3635343885268682,-1.3821347750811785,-0.37171006738229745,-0.4443344054452054,-1.565021002723904,-0.43621284549754075,-0.2930241512360763,-0.7090822000712886,-0.192189277355373,-0.2519256592427068,-0.803224632305502,-0.3119061639676906,-0.172736080792477,-0.6406245273145283,-0.34390489814308,-0.12478961595419075,-0.48629690521507307,-0.3554259607728714
W,0.0,0.0,0.0,0.2032025532022039,-0.170981849510588,-0.11304959684137218,0.29949097758773663,-0.47537702309059754,-0.1564266529154623,0.0854858908560685,-0.6249118913987858,-0.18345222533802466,-0.13729338932990037,-0.6966451695707642,-0.21528546605760476,0.22876212296760554,-0.9595665829530007,-0.12029639013359678,0.34451545751155366,-1.331656133858309,-0.1775459754751889,0.412410441076201,-1.56589588891294,-0.21775637423568758,0.45183561849766957,-1.7845412667923777,-0.24873800237618626,0.0103604072315302,-0.9909258472516215,-0.13400980266627122,0.009926635064225716,-1.4500962853378128,-0.18108759134093144,-0.0022244479364806964,-1.7360386838164508,-0.239422236338188,-0.025545646214352347,-1.9942740725409327,-0.2803419998605579,-0.15771222339154967,-0.8908384355144122,-0.15576903288898092,-0.2817130662952998,-1.1949178657983195,-0.261566385807261,-0.36523129162750795,-1.4160170017895957,-0.35913331349183414,-0.446942668450475,-1.6149459887578204,-0.42154814801984325,-0.2931798603140535,-0.7076417759810076,-0.18154621169164697,-0.2647842774083913,-0.837876674658595,-0.2989880713369771,-0.18899935298531134,-0.6802847828793828,-0.32684874889780957,-0.14143446762043385,-0.5238039904739031,-0.335259725102142
W,0.0,0.0,0.0,0.20145207864958325,-0.16345438248793032,-0.11569102971880738,0.3073288726724923,-0.45122452346887576,-0.1679259590969306,0.10964905484370638,-0.6077356074717067,-0.204162675141941,-0.11115756650087812,-0.6857013363514226,-0.24494706844815614,0.2488967881610297,-0.949328528147863,-0.13651628947306207,0.367830661355671,-1.3207812536105261,-0.20138092728996337,0.4432367197322163,-1.5550617309194714,-0.24689654434987096,0.4890664600754715,-1.7697541352761483,-0.2804862887335323,0.031036509324292125,-0.9879854755355424,-0.151398266898176,0.05175722038560399,-1.4526596402480347,-0.20250917511743047,0.05623432591563083,-1.7350754919862292,-0.25888015877293685,0.044419723698840244,-1.9827811776674098,-0.2991446854759678,-0.14601782019637866,-0.8927014220097104,-0.1740303729405729,-0.2575694758236025,-1.2024959422606818,-0.27400364258799553,-0.3258602239375098,-1.428027815485262,-0.3618927440029556,-0.3960904402926442,-1.6210060507782031,-0.42006686538576954,-0.29552168757737113,-0.7116008344677495,-0.20210293772746815,-0.2560150434572718,-0.8554338760312178,-0.308774590866337,-0.17599313574535452,-0.7124079918258891,-0.32798021848252745,-0.12858371209949704,-0.5603497986323408,-0.3323695456498566
W,0.0,0.0,0.0,0.216729699582473,-0.1542954056437449,-0.09898263124118538,0.34537801797921236,-0.4270303597721108,-0.1467338926665182,0.17560492051632545,-0.6180889954663281,-0.18449339065554315,-0.023628979952053347,-0.7094413184446323,-0.2268685295659691,0.30394671185267835,-0.930520908675934,-0.10810668497995586,0.4527910611035724,-1.2699852750645972,-0.171950458972727,0.5478450255402073,-1.4917073952875666,-0.22327894865971995,0.6087601022973357,-1.6942816378266299,-0.26117390642296395,0.09427285385792486,-0.9868528174627124,-0.13127888516965985,0.13777978922149292,-1.454901161261274,-0.17410200507500387,0.15619219993273856,-1.7347594875173942,-0.22757915376871027,0.15018968079113362,-1.977892968345961,-0.2674359067153464,-0.08111121759587597,-0.9008431060686687,-0.162507278063647,-0.16399632169819023,-1.2342167456722286,-0.2503848577987541,-0.20987210522343902,-1.4675496094128946,-0.3297225463381187,-0.2651114820567373,-1.6661454892579142,-0.38292850052190475,-0.23532369485658125,-0.7239889805462902,-0.19897942014095998,-0.18357110457940162,-0.8918575847986812,-0.2913857942133067,-0.12360244524409808,-0.7717825654177749,-0.3028285637615109,-0.0990676321849966,-0.6391715021391822,-0.30316995593784374
W,0.0,0.0,0.0,0.23484338706810406,-0.10616687625139955,-0.10302902090089115,0.41842999780872503,-0.351476251625819,-0.15275456194481604,0.2702031630598429,-0.5750870718671588,-0.1915298388210578,0.06924174155395996,-0.6987441481826976,-0.23769363674104133,0.4041075247082435,-0.8780801391693243,-0.11092382367459094,0.5686801704960616,-1.2150405958945076,-0.18287182584340977,0.6823399716263063,-1.4149745830327702,-0.2405634423996034,0.7668402707867569,-1.5981120476361912,-0.28075330039478613,0.19201215397405544,-0.972202251048373,-0.13399296915405634,0.25553932995018247,-1.432028048018019,-0.18149503695607788,0.29193951042453165,-1.7125773376318552,-0.2430298607102732,0.3116932191771143,-1.9483774943031507,-0.288256959161899,0.0056933214239698595,-0.919450780779618,-0.1656781913719157,-0.03926232705638697,-1.26604255418697,-0.26190828237086283,-0.05721900401482511,-1.522465864560529,-0.35943706203886094,-0.08670991478488332,-1.7332510300580453,-0.42808972556846486,-0.1685446316921977,-0.7746526406529011,-0.20157088814444354,-0.08817676770346108,-0.8904641391354676,-0.31036007566190027,-0.02459793489004594,-0.7344133061414846,-0.3365347181082633,0.001968662195090974,-0.5767975616871452,-0.34677294672289927
W,0.0,0.0,0.0,0.242546733689498,-0.08770831377847298,-0.0996156764655122,0.42913520497827046,-0.331803234026244,-0.14244732815467037,0.2763539246967488,-0.5494672096319253,-0.17362271367434698,0.08082896104362677,-0.677495147496492,-0.21159166798920925,0.4495902500007673,-0.8476357696529042,-0.10292449952439031,0.6485673402774428,-1.156449131173106,-0.1618579613885277,0.7726183425156516,-1.3450309833806156,-0.21040393867820814,0.8624091430818485,-1.5311278091291012,-0.24665396205896478,0.2417192103874164,-0.9619620610691473,-0.12728242766887327,0.341570376214394,-1.4223359078011557,-0.169389082240261,0.3902661753082261,-1.6966219733653651,-0.227386813839704,0.4172137776643533,-1.9489830820532654,-0.26905808630405775,0.05318995074167724,-0.9247288722269933,-0.15898094726900489,0.032736357318549854,-1.2660662109118441,-0.2542440680927686,0.02290020832960558,-1.5020290481689258,-0.3430086158201304,-0.003063209654028407,-1.7195825905610382,-0.4010900935370422,-0.12719550145692696,-0.7924747702904815,-0.1943015562380929,-0.03363679557357428,-0.9352711684784344,-0.29547342625292583,0.006490882411280987,-0.7588921305395371,-0.3055796843860794,0.006906263153926183,-0.5909099249840205,-0.30286767803334264
W,0.0,0.0,0.0,0.24073997185995522,-0.0597871427490682,-0.10182595305646618,0.43395140800508814,-0.29674080980753315,-0.14200441460645824,0.2870093648734836,-0.5465490586358912,-0.16806637069455682,0.08966543272012416,-0.7044297775763179,-0.200932245272626,0.4932987609511165,-0.8160289682710423,-0.10380561112267254,0.7033090664124141,-1.1153213230063803,-0.15716303313127788,0.8382944225917267,-1.2950911917068424,-0.19606410699549254,0.9405939803639198,-1.4747361124612184,-0.223675678859638,0.2939037498338611,-0.9478626473462507,-0.12319491710031027,0.4125064302152664,-1.3986852866075028,-0.16727859187260682,0.47366058439606235,-1.6790265661279984,-0.22301723015094782,0.5152520701331079,-1.9370529514930273,-0.2592566290462987,0.10804817456149308,-0.9288167375392351,-0.149778786489736,0.0868770260384082,-1.262467642546244,-0.25369324309254065,0.09084479750620131,-1.5108280907583098,-0.3514761348675973,0.08443312511451548,-1.7395547445824953,-0.41151547695568513,-0.07222227246613873,-0.818778272537976,-0.17949134065101074,0.016020866097910293,-0.9133808345774069,-0.2857938817278716,0.037561127932948614,-0.7055275666350044,-0.30276871191055654,0.02654278657217065,-0.5158170326087554,-0.30354598476761535
W,0.0,0.0,0.0,0.2508120248966807,-0.026716668395127856,-0.11424894715640824,0.45319216433691434,-0.2448931610956857,-0.16184042562596296,0.3075902850063524,-0.5080198949766982,-0.19303317766075342,0.11448923812360674,-0.7029067665512337,-0.2302617544485307,0.5485459510844445,-0.7633854016234842,-0.11778533121388711,0.7841441430871667,-1.027996306022253,-0.17999184590668016,0.9414225860516907,-1.1845071927393303,-0.22623666721408286,1.0674580631547452,-1.3476144943972617,-0.25996018469153337,0.3579609353056803,-0.9239797561087857,-0.13463052809905884,0.5118879444290465,-1.3609482713636945,-0.18676228880698606,0.5954173672771094,-1.6362272938445344,-0.25075821897274897,0.6562487127202103,-1.8924508187250735,-0.2941002185083954,0.1711291782011865,-0.9265455869931074,-0.15972090813998915,0.1617936611219368,-1.2651919744649736,-0.2757109071898256,0.1742376667836658,-1.5151431256359094,-0.3804534659422561,0.17532241108158264,-1.7469420284334503,-0.44567744327155384,-0.014439309246051312,-0.8344378093223906,-0.18863519172707172,0.0839961244592335,-0.9174521014150986,-0.3100359483328486,0.09573676533349577,-0.696316291033723,-0.3341653410987949,0.07554501035974263,-0.501848377244252,-0.3397449153413017
W,0.0,0.0,0.0,0.23406701805691776,-0.04215390965857197,-0.11024576198057272,0.4205529037214106,-0.2598558982189996,-0.1599244729567018,0.2682237624947329,-0.48627276400426683,-0.1983365527932832,0.06864601420658302,-0.6530671020706805,-0.24400567890536665,0.504207515429584,-0.7972492577079182,-0.12144685389514014,0.7304437459123178,-1.0627304910899658,-0.18652619760754727,0.8780208334035362,-1.2339207864361121,-0.23729370051761758,0.9944943844922509,-1.4178342000295792,-0.27737241697470183,0.3096217864251985,-0.9396861152820396,-0.1453421966154988,0.4355274668184498,-1.388493898741239,-0.20041913353021823,0.5014798188783415,-1.6760095345427675,-0.2717660249472952,0.5517425404023298,-1.9458060084748352,-0.32404031200851946,0.12261480643156389,-0.9167127772288932,-0.17584718454776008,0.0861611996109296,-1.2514165400351576,-0.2872285390724225,0.0635024498376887,-1.4859715378654377,-0.3834116060316151,0.038734141887756604,-1.7047187045926568,-0.4450954286119222,-0.058516294589843615,-0.7965471831329536,-0.21143200857620453,0.008460654020573848,-0.8842075062794857,-0.32524419283369527,0.03425781282160056,-0.6906247573794921,-0.3456162273058793,0.03700149174525049,-0.5174312613708769,-0.3506735845977052
W,0.0,0.0,0.0,0.23287248071197594,-0.04281779137210102,-0.11151861537299873,0.4209583433853572,-0.25385303902771766,-0.1649050565049161,0.26613789808800725,-0.4753243737109988,-0.20582583444916572,0.05945003786710851,-0.6378367505983374,-0.2536954820616038,0.49522467141842724,-0.8100043394260606,-0.12640998301572262,0.7210088446090666,-1.0826806509039506,-0.19032643746068076,0.8679171233480414,-1.2511862845280517,-0.24024251683438827,0.9787214263513931,-1.430716145782696,-0.27901045752077197,0.29342473335528513,-0.9443933117013585,-0.14840215183453484,0.4047731530774889,-1.4048931913205012,-0.2004890362193003,0.46082329917659987,-1.6914639490095849,-0.27130991758600637,0.49824094298965504,-1.9594893277946501,-0.3238160254727011,0.1063637836774904,-0.9107706191300224,-0.17634364016727155,0.06088075632385625,-1.2232534189836233,-0.2834179300465502,0.03296845836829088,-1.4563602315507345,-0.3803158275946221,0.0006312401008894271,-1.6745784207461076,-0.4440410930130501,-0.07154713101783462,-0.7826579968089826,-0.20922010768340785,-0.0045768662632674735,-0.8551991894391093,-0.31866569323456373,0.02791472446885818,-0.6606224037074334,-0.3379481833254023,0.03361310206641684,-0.48485733560072597,-0.3432986162490083
W,0.0,0.0,0.0,0.24225107111371896,-0.047655757323416384,-0.12731203405467528,0.42600445612354876,-0.2585901324025273,-0.18611917813725576,0.26214574929437884,-0.4577842177463605,-0.23072715363979301,0.043862093634864825,-0.6011816424495807,-0.28161535618668937,0.46105321852389447,-0.8420002043954483,-0.13446423748629824,0.6673731655870898,-1.130393727176366,-0.20581522209395303,0.7980473718471991,-1.3199179470844,-0.2585702435038562,0.894900990898578,-1.5181606452066647,-0.2992205053050417,0.25546981087727694,-0.9548846695600716,-0.15142801448041646,0.32205171704768426,-1.4274451593754265,-0.21751039950422002,0.34675155781156286,-1.7136312352408105,-0.293963333795924,0.3627861751894692,-1.9866359411470151,-0.34750689236244253,0.07203435490653468,-0.9075386130619346,-0.1761238697032317,0.006302354654061972,-1.1912855949369354,-0.29963111603021836,-0.05753509936908167,-1.3891885363973713,-0.39417866388111283,-0.11065244788841223,-1.5961207997047906,-0.4488554874785846,-0.09385054957289485,-0.7625725708207863,-0.20685713395250485,-0.0634386142149425,-0.8504160671907344,-0.3255658745498051,-0.038002576876728186,-0.6591800359683608,-0.34382125255030993,-0.024367055227637407,-0.4891074277835667,-0.34412132522262634
W,0.0,0.0,0.0,0.24495231215842758,-0.04490455059980682,-0.13185612446066236,0.431120977401033,-0.255666779111687,-0.1929618412493376,0.266906906861369,-0.4553362346128475,-0.23878525185222782,0.045303153769170865,-0.6010467928379507,-0.29135211987100473,0.46379841018248225,-0.8391981964332386,-0.1398921036826741,0.6737923299386838,-1.1308909730986993,-0.21523630180830455,0.8091820934431014,-1.3212456596573188,-0.270974880244414,0.9113910099216774,-1.5183028653891717,-0.31296713930487846,0.2597434024347284,-0.9530559350503381,-0.15562053064090292,0.3327383531986855,-1.4236981414787397,-0.2265174538053513,0.3615636922904693,-1.7143113870059976,-0.306754932991659,0.3806180934501466,-1.9901053327115967,-0.36208227989993885,0.07683328369978948,-0.9076812253612354,-0.17924770196989595,0.019917429770906783,-1.183701650140337,-0.30726144340566386,-0.041400030617374524,-1.3789195017765055,-0.4029049035528311,-0.09278394683242207,-1.583769193058118,-0.45780053547783617,-0.08910386256566977,-0.7654410145798791,-0.20922718128707118,-0.050762274160639456,-0.8464225921955905,-0.3336705661337868,-0.027351677029212648,-0.6486895041046374,-0.3518974012915918,-0.016899123090575632,-0.4737332157581507,-0.3510952353478364
W,0.0,0.0,0.0,0.2441450138358536,-0.047428513281639675,-0.12766345124086556,0.4270236974086935,-0.2577209529116561,-0.1881506257893263,0.2630942187047375,-0.4516969856422735,-0.2344820585230474,0.042747460083188915,-0.5940572164212081,-0.287355684530835,0.4630436876105338,-0.838011136375111,-0.13567594991467005,0.670392385167302,-1.125622826534159,-0.21042287340348712,0.8046532459707155,-1.3148205929429762,-0.26596224757357334,0.9024510269698824,-1.513547428713502,-0.3078796615615906,0.2585247422707931,-0.9536937189788751,-0.15373108993974616,0.33135966403065803,-1.4271681678883796,-0.22261112674348574,0.3641650713415967,-1.7186927437168102,-0.30086402831135334,0.3834852028797149,-1.9937402696831439,-0.35498370018949715,0.07465600164029425,-0.909274101246771,-0.17982607701138936,0.019361154097262134,-1.184041248937723,-0.30544801202286614,-0.03651168636592138,-1.3857026340511567,-0.40356096003629655,-0.08825779527017905,-1.5922116906004604,-0.4609808795612014,-0.09243566139162325,-0.7684554913459182,-0.21203779194239222,-0.048793633737186114,-0.8339794346660789,-0.3357542894089256,-0.020062674331362385,-0.6403056129454014,-0.3586902377900207,-0.009009220460960188,-0.47329070921182614,-0.3620315654504903
W,0.0,0.0,0.0,0.24824261591039895,-0.04310391237216276,-0.13042147030735232,0.44042721995503814,-0.25311761476850697,-0.1933283300428213,0.277114528721113,-0.45565324378584127,-0.24072510369055303,0.052590917634799166,-0.6038685388244183,-0.29592758687660525,0.4726419596200868,-0.8323089245193447,-0.14266011443612284,0.6832044809106157,-1.124505473786251,-0.21607680436058455,0.8175152547745311,-1.3141870597757481,-0.2707894612332534,0.9170177381757278,-1.512077177241763,-0.3123391134483644,0.2693560218532075,-0.9496036735595068,-0.16031280876369086,0.35730347512664323,-1.4179777429915945,-0.23056111087289055,0.3941776103250721,-1.707243509863505,-0.30970941839987504,0.41671911577802545,-1.9849435754478888,-0.3644313264795988,0.08488092913647444,-0.9082614204979059,-0.18549693226909714,0.04237138888889388,-1.1840881811969752,-0.31387237551684505,-0.007840433836428951,-1.3870356251863416,-0.41201362627191235,-0.05317427436865552,-1.5998778733825074,-0.47021780343075814,-0.08552108397876095,-0.7715211792606741,-0.2165870980731421,-0.029511379191080166,-0.8505407730944635,-0.3424861724792487,-0.0050829143580583885,-0.6448673641314102,-0.36101426048151813,0.0029504035597262934,-0.4637690623904164,-0.3615292586838648
W,0.0,0.0,0.0,0.24859447071369484,-0.04326315389771996,-0.1205331315684509,0.4391124884857165,-0.24668511969714335,-0.18043033289438842,0.28336156644530747,-0.4622063659596801,-0.2281233997784868,0.06839674296451015,-0.6185973141209961,-0.282451519745896,0.4881471878257122,-0.813985197249126,-0.13467575284884215,0.6950506438634375,-1.1046011315414412,-0.20959597575138297,0.8317098047621636,-1.2932349842400914,-0.2651228037772215,0.9330174627662264,-1.4869216501876725,-0.3061234204459238,0.2832505617327727,-0.9462251579324444,-0.15629161773361172,0.3922542744022063,-1.408230735956216,-0.2181738007816342,0.45027709061303284,-1.6981158114899513,-0.2911337906493122,0.48695645240091684,-1.967330923377636,-0.3428461288744431,0.09354339140924563,-0.9144694148331041,-0.1856494345841424,0.047963130738950935,-1.2124489726611296,-0.301754096560124,0.016086238588850475,-1.4207957231649848,-0.3984229352562798,-0.020835654503731402,-1.61777370215954,-0.45802920104297007,-0.0822995002015473,-0.7831249543517469,-0.22104684935439461,-0.024302452941844917,-0.8467019706433315,-0.33929371571975536,0.00528018634708504,-0.6544742237747789,-0.3626426591692125,0.007302524303180855,-0.4813740347356699,-0.36768579448627314
W,0.0,0.0,0.0,0.26050605819293665,-0.006180621596628908,-0.12836918532679162,0.47026427962352735,-0.19479293075399115,-0.18811170806677768,0.33200020945622166,-0.4373440971538854,-0.23218140660086467,0.1334846215343095,-0.6266744579405161,-0.2834498668050435,0.5625909307889242,-0.7531360495976541,-0.14108879414010644,0.7967088916946884,-1.0195099171929913,-0.2142632456333917,0.949355480779968,-1.1875920955646122,-0.26794339662818367,1.074962900689551,-1.3710865763593045,-0.30876172689595704,0.3763895321922202,-0.9126553842672528,-0.15934575496107498,0.5603023362781197,-1.3246381667546214,-0.22256030100039081,0.6630768667165905,-1.5950303386531,-0.296825438948523,0.7436819432163745,-1.863508306383751,-0.34956499272383185,0.18650424785458508,-0.913906633044166,-0.18630245983230712,0.17775702981244987,-1.2222436683218785,-0.3070096905233722,0.17102400540774781,-1.4496829808490286,-0.4093555146104668,0.16394840003515337,-1.6715176015216477,-0.47397517977645653,-0.006127806030450684,-0.8178958560670826,-0.21957742186509796,0.07105998330222452,-0.8884997049341316,-0.3437564507891597,0.07668640156011511,-0.6752453330932978,-0.36834581794183063,0.06146963676728058,-0.49425358992318713,-0.375493174461432
W,0.0,0.0,0.0,0.26197558665644755,-0.0036812887939867505,-0.13125872898865473,0.4769065888303657,-0.19489248472540033,-0.19008255547538067,0.33636374603806224,-0.4497627634840791,-0.23161766845636272,0.13862316862668916,-0.639833223917356,-0.27957929733544107,0.5717817052191406,-0.748472329152398,-0.14192508925873162,0.8106807202789079,-1.0135995601443224,-0.21872107361492885,0.971256642691613,-1.1779347135540121,-0.275123631607563,1.1041303352308187,-1.354639717521621,-0.3159698472916234,0.38453734447812243,-0.9092962165271982,-0.15909563573849667,0.5787238782734259,-1.3260487048526983,-0.22129159538572998,0.6872149537430847,-1.5879637503561197,-0.2926540716781464,0.7725651704036683,-1.846464685686993,-0.3422154038534398,0.19379887707093668,-0.9132535053082341,-0.1857796020870969,0.1931752186063304,-1.2189870531338296,-0.3041009113336671,0.19820098019187102,-1.4447129900026145,-0.4020731125158207,0.20217675758850173,-1.6661660023783793,-0.46329928083377875,-0.0013062871541162282,-0.8196259475299212,-0.21963734765249462,0.07941512937340331,-0.8975739508775961,-0.3395702025765106,0.08334752498572989,-0.6832589942089217,-0.3581125016188787,0.0649248883720726,-0.49836945472343186,-0.3607228705857085
W,0.0,0.0,0.0,0.2585650047063478,-0.002595521654438639,-0.12595954093828454,0.4755540553616253,-0.19292117786969606,-0.18254091512351842,0.3393941959130245,-0.44693075497335716,-0.22342639269787376,0.14490487523474502,-0.6347515014168195,-0.27100565653655856,0.5705543150915701,-0.7481934597645706,-0.13435453350028995,0.8081652007977229,-1.0115607731121445,-0.20958682072120197,0.9708452685295461,-1.170529024405358,-0.26557684788990243,1.1052001586581088,-1.3441436931890764,-0.3058722125500698,0.38623436115681786,-0.9095284013668837,-0.15356140585702394,0.5834428862865668,-1.3221274284843114,-0.21371718713443574,0.6950837517584572,-1.5840619111528644,-0.2847754525180396,0.7845906055336981,-1.8470568435816601,-0.3343832777655182,0.19620670658768752,-0.9144434903058921,-0.1820648847500785,0.19732796806596084,-1.2179746417740875,-0.29784243099935076,0.2060007850793035,-1.442652134899444,-0.3951612586181008,0.21386063906534578,-1.6643154503992177,-0.4562508389561511,-0.0014277428460381686,-0.8226354823559234,-0.21744735611344732,0.08038630745942442,-0.8997837475385279,-0.3341201338322663,0.0857612395889606,-0.6836140802712193,-0.3511281537988881,0.0691894407311614,-0.49737952632954074,-0.3531282778554753
W,0.0,0.0,0.0,0.2610324697959691,-0.006953074293641614,-0.12356496115182664,0.47802555996542306,-0.19668114952474344,-0.17783976338601726,0.3491136608740882,-0.4546231344067246,-0.2169941079732372,0.16142357665858034,-0.6445943921466974,-0.26256134250736207,0.5756601759045421,-0.7447617539157086,-0.1312514510938632,0.8165808442606016,-1.0053398371938522,-0.20601715350093322,0.9800369403283263,-1.1606643965299461,-0.2615777604524194,1.1141457712254903,-1.3305107209745304,-0.3013059701638547,0.39364001347461763,-0.9066420273259489,-0.1518149336461872,0.5964074132401318,-1.3137241971609237,-0.20912902327679506,0.7108604099015196,-1.5729016707792243,-0.27921606140116056,0.8012880690077355,-1.832640288036745,-0.3288006709818355,0.20295696053117912,-0.9147896141031652,-0.1819483774701144,0.2061195490590474,-1.2156396935803933,-0.29516454789138385,0.21706178922821,-1.4384184604096533,-0.39395257847007836,0.22636692474765263,-1.6585066559607637,-0.45695724520061687,0.003383276654668752,-0.8253273895571673,-0.2189927946158349,0.08526100352274125,-0.8966180443102834,-0.3350272071324112,0.0930477074567929,-0.6817784568481372,-0.3545281037122231,0.0768230568299329,-0.49784055715325554,-0.3587300542830063
W,0.0,0.0,0.0,0.2618486966696942,-0.004211641966150147,-0.12104867556420297,0.4825405187375645,-0.18882264019717554,-0.17467617824557727,0.35496254868707855,-0.4519255722955179,-0.21383384798206803,0.16750185917152766,-0.6444400856190844,-0.2593428096077777,0.5817062093558479,-0.7404900942261047,-0.12668864376752498,0.8245247228284945,-1.0009520486083305,-0.20022437077483626,0.9902320605405717,-1.1520038834826207,-0.25572587613230247,1.1261345144783943,-1.314306100238362,-0.29514375086978284,0.39858527212432954,-0.9051327362744082,-0.1478665295798104,0.5991091839013561,-1.3178502007387876,-0.20337951479416977,0.716036533529991,-1.575936679627086,-0.27312355345661127,0.8096614834313961,-1.832679893132745,-0.3224279206414906,0.20696179109749302,-0.9134788364880224,-0.17837266163364607,0.21170309412051244,-1.2192624110015522,-0.2889551615267973,0.22853659448843675,-1.4427285725273193,-0.38659934366525467,0.24294943269168373,-1.662251281084143,-0.44895401827260484,0.006465968332013558,-0.8242627622642832,-0.21553694276208604,0.08972778273844573,-0.9012784353855925,-0.32904715727564177,0.09829456488191074,-0.6898675891113074,-0.3466134144665349,0.08221665892460439,-0.5071707959541508,-0.34927915325696096
W,0.0,0.0,0.0,0.24293857820151185,-0.06056903049358755,-0.11319202588054326,0.42970242652108587,-0.29480860290065514,-0.15945368607818586,0.27654431121256756,-0.5212735376974259,-0.19331048965561934,0.07335700209418411,-0.6707757699633117,-0.23422675710122381,0.45284542991187116,-0.8532188729977386,-0.10296936789932319,0.632796473901505,-1.1751202399213427,-0.16222442757983507,0.7477416805146673,-1.3790503203508104,-0.20941188811362083,0.8316646417449766,-1.5847834228568682,-0.2452290356643792,0.25274309076452806,-0.9598716904110945,-0.12152064852584242,0.34139696561157196,-1.4088695580572197,-0.16388596736076327,0.388386101736984,-1.680183535609089,-0.22275192566554539,0.4199011219785402,-1.9293995224384437,-0.2648301553113949,0.07180981965011785,-0.919658351808052,-0.14966423975416512,0.05143361934299339,-1.2358783144783716,-0.24995519453648785,0.04784281328704843,-1.4571209356656203,-0.3419018732521977,0.03228299742776592,-1.6667050376022137,-0.40079605927281636,-0.0956920426150379,-0.7897919545535594,-0.18384243256096852,-0.016675061261425657,-0.8872243482738525,-0.2969989242959785,0.01473959376826723,-0.6914707100186138,-0.31854161240365464,0.014217717581009986,-0.5131446429694564,-0.32200945388924307
W,0.0,0.0,0.0,0.22244029369169477,-0.10811881445434937,-0.11452790935926734,0.37318355415055005,-0.3710903938068038,-0.16202943160256833,0.19891452093231948,-0.5590576652613775,-0.19750242501115356,-0.00994413257651652,-0.6631090648660005,-0.23930709933354588,0.3440009625381093,-0.9176039327618022,-0.1083739278351719,0.48553385592762477,-1.2609365170140574,-0.17065167083709726,0.5732538354301777,-1.4841740952279276,-0.22037361124312166,0.6281465725721226,-1.700347765543669,-0.2589285956130322,0.13587552506400188,-0.9826200403928299,-0.12647409974763713,0.16577440895977008,-1.4388687731492007,-0.17369041831675805,0.17512027593480844,-1.7108047757032308,-0.2361179062975986,0.17131023397976658,-1.9560515827197538,-0.2818409373313621,-0.03800283324363817,-0.9019875961036737,-0.15380226305821465,-0.1058724611920762,-1.2111610167811555,-0.254850108893477,-0.14086968014467327,-1.4181514639664925,-0.3443449942978437,-0.1829398732907929,-1.61044550126629,-0.4018199497359555,-0.1898444891262213,-0.737612034102246,-0.18730023269939253,-0.13636807216646793,-0.8602024143163773,-0.2977175590881498,-0.08051068119465984,-0.6950098966791324,-0.3190385461759498,-0.05360499351260595,-0.5353927660781462,-0.32329794669903794
W,0.0,0.0,0.0,0.2260282348389077,-0.11602946159731298,-0.11868357809354893,0.3695567920677604,-0.3877257947043949,-0.16610367685147062,0.18178913238804809,-0.5673317692240132,-0.1999466309772095,-0.03245798278983026,-0.6596566352619533,-0.23997579221448825,0.31862205636337654,-0.9334321301160072,-0.1106400024261503,0.45229869261901645,-1.282637631029771,-0.16959357804333836,0.532286597657101,-1.5113503132964445,-0.21475153023817545,0.5804289777324568,-1.7321737432938236,-0.2505553871984762,0.10996486854995956,-0.9859030091567834,-0.12610703477756305,0.12721322840603974,-1.4441459983691787,-0.1745951449056023,0.1266769474662338,-1.7202428779114056,-0.23685984781777902,0.11384880311320243,-1.968976389257517,-0.2815701113800395,-0.05982428504579899,-0.8953207573337831,-0.15086287953178196,-0.1399858429596302,-1.19989431778303,-0.25755532049287005,-0.18869868033863574,-1.4055574605197432,-0.350104805112893,-0.24148149340934366,-1.5966055077840393,-0.4078485157162352,-0.20422431238544675,-0.7235313356004344,-0.1813989987834283,-0.15389926345163663,-0.8477409560680271,-0.29629727163851033,-0.09723713424523228,-0.676640495055726,-0.31946449956924283,-0.06723322085026265,-0.512071468614062,-0.32441569840402956
W,0.0,0.0,0.0,0.21706487475835226,-0.1227400735377963,-0.114705379760747,0.3556151053707365,-0.39828199210435394,-0.16363044702246435,0.17884516304250653,-0.5708462941750685,-0.1999056629963805,-0.03671498525696989,-0.6523344428684814,-0.24219674036171707,0.2847080085019051,-0.9544824097070478,-0.11424616060130319,0.39834144517832276,-1.3196430836677309,-0.17121581904750352,0.46631917529165395,-1.5509831839022477,-0.21452541584551074,0.5038522518634155,-1.7763306482641774,-0.24904564939803092,0.0733625407305833,-0.9885254100314238,-0.1320433691624035,0.06794699319315761,-1.4567338955305609,-0.18475221511115758,0.05379769336919205,-1.7385786907868201,-0.25002359396895,0.030242470547625327,-1.993454125247497,-0.2959875737608358,-0.09264522529190405,-0.8864198074058327,-0.15748311616582072,-0.18137494983575086,-1.183110854174283,-0.2669048635801041,-0.24367358193349017,-1.3844640576299527,-0.35765006328491444,-0.3097447721470611,-1.5689427982664792,-0.4125907659312862,-0.23173170348738495,-0.7045333909641492,-0.18815309845307418,-0.1725812126946163,-0.846744718473189,-0.29955869337559926,-0.10882645888720287,-0.673247885897002,-0.3166452037192962,-0.07468390922966964,-0.49971170155450295,-0.31709931778473194
W,0.0,0.0,0.0,0.22133507968354055,-0.13741277155095946,-0.11664167149261175,0.3586064547999571,-0.41164474865349066,-0.16755144974016334,0.17201410236593528,-0.5745738097153748,-0.20641264183169167,-0.04691531562235361,-0.6429082288885033,-0.25138682683217195,0.26898877517630926,-0.9619363906083771,-0.11584783837549244,0.37691099217474355,-1.3296111199146337,-0.17688669812244695,0.44377409814643903,-1.5679572372636077,-0.22389788885742207,0.47856434912206924,-1.7973547971781267,-0.2609272148490497,0.05545986798741574,-0.9894105508402041,-0.1341304027016329,0.042843546846056894,-1.4519816175998566,-0.1833331847745778,0.022793446991962667,-1.7336815477799672,-0.24923173264790693,-0.007471797693624556,-1.9906884702572283,-0.29871092659525184,-0.11043125614733966,-0.8794843277283277,-0.160651164901113,-0.20442485639439767,-1.1593305122054207,-0.2648197551009721,-0.2728591821872505,-1.3538147934308704,-0.35711339428681127,-0.34512295915067664,-1.5336005735419382,-0.41638017972298114,-0.2502840239507302,-0.6896500028143825,-0.19317825861301963,-0.19951186426848286,-0.8172186349821888,-0.3016852443817665,-0.1250635444298361,-0.6569765333561802,-0.32257021328951563,-0.07982672409578358,-0.49523631301131393,-0.3280127745769029
W,0.0,0.0,0.0,0.2194049813643648,-0.15649098617076038,-0.10655869021516634,0.35182408998730164,-0.4506116610807878,-0.1485574821290983,0.1636810929184971,-0.6073606697833093,-0.17840194578828097,-0.05075989407136547,-0.6622371669152574,-0.21417951143996286,0.24723838705540957,-0.9746768002649986,-0.09800290916672406,0.35073524345414087,-1.3382818527422369,-0.14907696090174757,0.40576073951288055,-1.5781775000029523,-0.18952783139688748,0.43043470526344235,-1.8002850910258006,-0.22107749905791374,0.030160418341819675,-0.9927987680145567,-0.11593513442535401,-7.663718114030601e-05,-1.454320912919721,-0.1582049355063449,-0.02891338069556591,-1.7315588550566767,-0.21663234214073745,-0.06591684730930283,-1.97439343667253,-0.2579535576940785,-0.13226594114654347,-0.8849227968162183,-0.1418789178768844,-0.22655051669712872,-1.1846975213886723,-0.24404928033294604,-0.28812608681090207,-1.380849798644906,-0.3336106754129469,-0.3573257203745455,-1.5578545380636577,-0.3878197770650623,-0.26122178669456037,-0.6990249378085743,-0.17243787360995827,-0.20097293765596702,-0.862386548810156,-0.2801193926579627,-0.12661317411476353,-0.6960317054227262,-0.29657193645642577,-0.0870841008717877,-0.5175547197933377,-0.29618794890657
W,0.0,0.0,0.0,0.20818959878768253,-0.15190167587771963,-0.10107252820563847,0.34235274496873974,-0.43679488151184037,-0.14436407638089252,0.1679789520113779,-0.6073501045206157,-0.17867641357326666,-0.03943613763708043,-0.6676947760746346,-0.21928643001132592,0.2423458587874714,-0.9718257306310814,-0.09478637503104144,0.34434288646959754,-1.3372840580498329,-0.15133184739705963,0.4080519391918588,-1.5719926698453937,-0.19763038821577258,0.4382688263795316,-1.7909091987923842,-0.23301099541143236,0.03255744266855569,-0.9926001819370812,-0.116982442038782,0.002495093186621351,-1.4553448679287335,-0.16074981213128897,-0.02667119462939914,-1.7325115095601429,-0.22353374035333645,-0.06521780337953319,-1.9805421711861513,-0.2704295217475705,-0.1291808848183652,-0.8788909525136694,-0.14675045502244266,-0.22441113153231082,-1.1672607746005883,-0.24285993614172405,-0.2790141329423547,-1.365918834685271,-0.3318475235312064,-0.3413697223762427,-1.5431185364723772,-0.38849667698964874,-0.2658426047650018,-0.6889483692347396,-0.18141538825011178,-0.21073641873235774,-0.8409350783337733,-0.2775273325483481,-0.13407918390711476,-0.7000776543216007,-0.29265441062645237,-0.09028686074084685,-0.5454152903090744,-0.29465504741155296
W,0.0,0.0,0.0,0.22263018498820958,-0.1540626809173088,-0.09764066713581178,0.3702153378348054,-0.43000931939090015,-0.144210833559618,0.19561128183510018,-0.5865970655717434,-0.18420796149532637,-0.006397573544311791,-0.6367452934159283,-0.23119042786157662,0.2578164540262186,-0.9695521550037401,-0.09718681369165597,0.35672295643950713,-1.336811488095937,-0.16488629216252879,0.41614348648179145,-1.5760428098117483,-0.22030361690722228,0.44357702984413006,-1.8008296745389578,-0.2624798498442427,0.04570667681145886,-0.9909552989140831,-0.12616851924689035,0.003984510695859954,-1.4610581789985153,-0.18680298696946185,-0.033444009247834805,-1.742389853942407,-0.262440863752857,-0.07899892664141375,-2.0002021230209626,-0.31701927168644733,-0.11731300353661238,-0.876513279604402,-0.1619912307202608,-0.1928437098675225,-1.1521874559591,-0.2720196583021608,-0.23516905909758312,-1.337400574544587,-0.3635489239623199,-0.2911520951556254,-1.5177635590492096,-0.41897409548388126,-0.25604963520107543,-0.6808530999597672,-0.2020278128007119,-0.19972376382528267,-0.8274119494571447,-0.30595983164099955,-0.12447223755556673,-0.692667647732859,-0.31978364987817703,-0.08577006182973762,-0.5476056879363695,-0.3193281788966844
W,0.0,0.0,0.0,0.21869633179833167,-0.13832409518328098,-0.0912759588577046,0.37977480960512555,-0.40224261563226477,-0.13772295417598193,0.22295904707414174,-0.5651031579513214,-0.17857211564836475,0.02230141751265594,-0.6114448701279939,-0.2264338527460383,0.2895987072795543,-0.960208364724215,-0.09956722770590638,0.40247763522415064,-1.3301148065655863,-0.16570423501637505,0.47463188619529517,-1.5634206302308395,-0.21585301907205323,0.5143273201982042,-1.7871816007557373,-0.25348565676742985,0.08212997336329102,-0.9877279760244221,-0.13284619999850858,0.06178214225878029,-1.4515651423039,-0.1992811666206274,0.031076151847881452,-1.7334045204080435,-0.27544470005980765,-0.011700426947035344,-2.0010995356381334,-0.32883580034414184,-0.08576451898918393,-0.881150050556868,-0.17153666299727316,-0.13022094104937035,-1.132693997166802,-0.2861681385110867,-0.1474747939083752,-1.3256310211038667,-0.378523500734685,-0.18272907183422743,-1.5226240859177989,-0.4335859351466434,-0.2360151330915614,-0.6945043203102864,-0.21365834508042253,-0.14304792202303804,-0.8172907859506179,-0.3109170629986907,-0.06668608382850114,-0.673255692365461,-0.31980724261777466,-0.031296552462304325,-0.526798312331361,-0.3180015478117884
W,0.0,0.0,0.0,0.21002754059195244,-0.12533966422298468,-0.09548113717693694,0.3805684004028885,-0.36861836005439835,-0.1468818222840747,0.256649201605309,-0.532221043772819,-0.19357537547336834,0.06854960483786385,-0.5955581061176427,-0.24745876887914195,0.2928582854322481,-0.9538574207618621,-0.10234843804404094,0.4100016881559414,-1.3161452845480632,-0.17252008588837767,0.4842625978344551,-1.5469359939570002,-0.22947058824350744,0.520741318829343,-1.7676889174154289,-0.2704376169244202,0.0853957292790797,-0.9873083687304479,-0.1339020330529599,0.06522618284785435,-1.4476796302588373,-0.19372061261170778,0.035970660813900636,-1.7286580518468972,-0.2729631962598422,-0.007256184131725983,-1.9873750251822768,-0.33034491330997884,-0.08739520620922228,-0.8843755974394067,-0.1713513676033064,-0.13285463805038566,-1.1261042116205924,-0.2803778032965874,-0.14352677975192626,-1.3139277512875185,-0.3792086804292349,-0.17536400018704504,-1.4959408092244344,-0.43973071303051425,-0.2438067906295597,-0.6996285337355221,-0.21275069019202872,-0.14754300101705548,-0.8044715670316787,-0.3140564928386768,-0.05260193889099962,-0.6692507410752002,-0.33313741794528123,-0.002419761136506166,-0.5266620462979728,-0.33654319217377754
W,0.0,0.0,0.0,0.21648504067527863,-0.11575569880166273,-0.09848886504654118,0.4100285735629704,-0.3485314006434008,-0.15539911046926103,0.2815266444912933,-0.5252418341962698,-0.20634657120282307,0.08218617561596679,-0.5783210539135274,-0.2643433701864758,0.314454022389291,-0.9497496106416577,-0.11429871726212029,0.43668652948441333,-1.3233551061419324,-0.18462766863175356,0.5117049085046833,-1.5549356699451569,-0.23747710161509367,0.5503672422891076,-1.7713544637731296,-0.27522317974574295,0.10288079245196619,-0.9841301524342857,-0.1445800318651405,0.08763705603852266,-1.4544276374546592,-0.2106742447505183,0.05603663617689796,-1.740824098919682,-0.2888791251968958,0.007677111340407289,-2.0009063020897075,-0.34395914005627903,-0.0719582238059096,-0.8821338115352482,-0.17969647507682318,-0.10333239384156614,-1.128470018454902,-0.2956046960161284,-0.10205394197135602,-1.314309492132096,-0.3923288826268457,-0.1237797639694852,-1.491905500065814,-0.44942513151226055,-0.2337332494922872,-0.7010474930108502,-0.21819299524809688,-0.1191757203645233,-0.8116065196311442,-0.3195662929694327,-0.026983912866745938,-0.6717722252068674,-0.3342057233960968,0.015968970967254106,-0.522945426533391,-0.33444294886498716
W,0.0,0.0,0.0,0.21961204243748372,-0.10942472072493832,-0.1014746995707409,0.41812259840879745,-0.34083083831499406,-0.16023480140063717,0.2957630047241638,-0.5270239832184577,-0.21253136045115525,0.09649526508763533,-0.5871427184676136,-0.2718030606644795,0.3223785353595686,-0.9415193457029242,-0.11756687689864603,0.44473700043537057,-1.3096928773236134,-0.19307500475618228,0.5301772034334576,-1.5361779218246308,-0.25073309059993587,0.5793337610999175,-1.7529597518947588,-0.2917836128389648,0.11360847366420056,-0.9823427071993445,-0.14864696540445538,0.10242192864575451,-1.452164957555163,-0.21678065734832083,0.07539908308297451,-1.736809133790785,-0.2978425775673848,0.03002866946435463,-2.0013519967069255,-0.3557291502691243,-0.06185543851943831,-0.8837557913638444,-0.18529462940715002,-0.08713717923749216,-1.1251576587939767,-0.30518448838528583,-0.07979817458733285,-1.3114233732453213,-0.4054449618269324,-0.09693982410645793,-1.494664980332017,-0.46530200090322854,-0.22733420978601895,-0.703702052783283,-0.22555381345619366,-0.10665850047834222,-0.8088960704415586,-0.33169562270375463,-0.01049436922193956,-0.6660415046769325,-0.3498538384128493,0.03478146697658046,-0.5195094798949627,-0.3530079615149146
W,0.0,0.0,0.0,0.22030996520021442,-0.10390506357911625,-0.09782537954228819,0.4177879456376015,-0.3329813179362852,-0.1521244875065951,0.315353104546391,-0.5153734211549075,-0.20060286665428834,0.11970108683885881,-0.5872285018855774,-0.2555305389355967,0.33152877681707904,-0.9421480614385361,-0.10550250611766221,0.45774717167716855,-1.3028572128066251,-0.1770462098832734,0.5463008038962962,-1.5269390921258377,-0.23217353428614773,0.5965198943318362,-1.7444243752736133,-0.27185213809984454,0.12248618041798286,-0.982896388058557,-0.13752027467997546,0.10985512215546325,-1.4446421067440929,-0.20659040083599228,0.0856003988319926,-1.7242241343576037,-0.290509735198605,0.04267103646162806,-1.985901162878747,-0.3493406808239201,-0.05550982300547343,-0.8882045408112604,-0.17534533727678908,-0.06875617065802271,-1.1050048099263987,-0.29628245187096686,-0.06264141958454324,-1.291101215489369,-0.3998341660850336,-0.08492928524644604,-1.4802998672322885,-0.4608634396168734,-0.21656262707167293,-0.7128155940405885,-0.21648333513010784,-0.08171995002210906,-0.7956271183718484,-0.32508445625216364,0.013104563092222545,-0.6465031219811384,-0.34764004452503633,0.05612555720981001,-0.49868732446704317,-0.35290861978230703
W,0.0,0.0,0.0,0.2366738783410903,-0.10455653043945527,-0.09297063547538022,0.43052206654468045,-0.3328656634341208,-0.14340125344898827,0.33097182749469717,-0.5238498967598245,-0.18659146321868542,0.1391648696202431,-0.6138828482216031,-0.23746295646368284,0.37751126485571024,-0.8973113415358486,-0.1115381276684563,0.5486127228827237,-1.2181538990264127,-0.18262438188785404,0.6733534137541549,-1.4212697369436558,-0.2380436772801727,0.759202229724017,-1.61291235462279,-0.27634859041838816,0.1756826257831942,-0.9738094847176053,-0.14432845343851766,0.239115097920704,-1.4409159533452767,-0.20021048874066877,0.2670342793658962,-1.733093259022968,-0.27092001865159937,0.26720021178456177,-1.997912300794095,-0.32242011314369545,-0.006662317399197346,-0.9068944789324201,-0.18283202487166395,-0.03275578731811242,-1.1785093574033023,-0.2852306661893538,-0.041522000408121505,-1.4023620847139433,-0.3814358714505834,-0.0744183583016079,-1.6043272000732303,-0.44411007565228233,-0.1777801525806233,-0.747976941406875,-0.2257245883896818,-0.05893944531653523,-0.8447609198542521,-0.32300502776274753,0.01680193685507716,-0.6844813489867336,-0.3406871229372577,0.0432809522841199,-0.5192040164976666,-0.34633055955803144
W,0.0,0.0,0.0,0.22781096853842508,-0.1037900394103457,-0.09842728710328959,0.4134444904678868,-0.3330299237415401,-0.1523682038859849,0.3029998375467462,-0.5190429662459645,-0.1986382327378083,0.11193154946030737,-0.6099241272447966,-0.2527351275794104,0.36819913057867104,-0.9008305321007216,-0.11673022552883011,0.5337552147463985,-1.22715259011196,-0.1890099668786469,0.6535238471920876,-1.4314546739576852,-0.2465051526709932,0.7352951633841341,-1.6258278645887776,-0.2875347212312544,0.16139768251930897,-0.9757389544308369,-0.14793336636341964,0.19323519182607254,-1.450792772764872,-0.20690015134752154,0.19513437087651578,-1.7441468657905574,-0.28422247258232425,0.1773717721957089,-2.011108911143947,-0.3413200258529571,-0.019290138034438634,-0.9049992914747101,-0.18438353957902953,-0.06259984166576892,-1.17677227518743,-0.2916970914647419,-0.08336145223499285,-1.3917026238917118,-0.3915042194954982,-0.12279657841531808,-1.588707014569512,-0.4567052012870268,-0.18575522520490953,-0.7450778100170772,-0.22520453225522363,-0.08052805137172264,-0.8417534429684976,-0.32696441523485403,-0.004382556339830704,-0.6787318492141662,-0.34685302152688907,0.02891899495946139,-0.5137267510131747,-0.3537847041966822
W,0.0,0.0,0.0,0.25270144271468353,-0.09449672593528827,-0.0981709158893418,0.4504157834780745,-0.32893705033046583,-0.14560050574876213,0.3137457827750746,-0.5477632027597298,-0.18302704612345932,0.11062485321958085,-0.660190134606513,-0.22852242913659696,0.4372516338092262,-0.867418942330419,-0.12031178515108332,0.6291465981375316,-1.1996801742554724,-0.1864983913946987,0.758291841254029,-1.4024067851505848,-0.23495638449511036,0.8561590976956561,-1.6012739668661646,-0.26867301210356415,0.23965540042501873,-0.959546462472127,-0.14776967010977127,0.37880389153839317,-1.4068689854565473,-0.1978294210173385,0.45148957247925625,-1.6879093762390105,-0.2601445182492503,0.4963349678825774,-1.9561762892712193,-0.3048673360737775,0.05228933648633843,-0.9158634366043752,-0.18112138826580768,0.02235993845186539,-1.2371769144095797,-0.28167726390871206,0.01044450375316884,-1.4668642402504464,-0.3717789601690275,-0.01232034067394498,-1.6779861212877958,-0.42988990819025674,-0.13791318674205433,-0.7806584850053103,-0.21847609665005277,-0.04920701621804691,-0.9219584361364995,-0.31454746510275383,0.0007549931868519544,-0.735799326092662,-0.32205295965803976,0.014215352398313652,-0.5531173255248247,-0.31999257995728947
W,0.0,0.0,0.0,0.2460987271292677,-0.10014736840500986,-0.09511287651950699,0.42553484234638744,-0.346593144231132,-0.13756371364021144,0.28593640607422827,-0.5683585490542379,-0.17079185600600208,0.08897579477176307,-0.6916503785128124,-0.21072835311700627,0.4198577577275561,-0.8694074335085571,-0.11113717706809141,0.619028126988846,-1.1868576169841356,-0.17451098317498276,0.7519787957271608,-1.3822803285132548,-0.22010195992013698,0.8498598717650556,-1.5746745280752872,-0.25196253729035484,0.22856381373059342,-0.9634514267875033,-0.1397137476200918,0.36953967633144846,-1.4013168566613206,-0.18682720300341132,0.4450918850155028,-1.6858534801501586,-0.24579496108158472,0.48988996083196246,-1.9554340020073027,-0.2889746663054447,0.04460740386800241,-0.9184615085379425,-0.1753215291596809,0.004479444731406428,-1.2397230241103085,-0.2745727013661905,-0.013024333775745685,-1.4658177004850352,-0.36472922252227713,-0.04052779669088091,-1.6703361311318148,-0.42347341803350547,-0.1410204580657797,-0.7827269591230726,-0.21505559095155868,-0.05929885892175755,-0.9086647861671755,-0.312396151812055,-0.008500293579414621,-0.727023360832877,-0.3245154961234147,0.004931837046193097,-0.5497260722051743,-0.326296417770907
W,0.0,0.0,0.0,0.24711820529120296,-0.09889766640541316,-0.10248267525035079,0.43164736425267675,-0.34278943905036946,-0.1459573587121505,0.28696821873416994,-0.565692078422522,-0.17567080380180147,0.08597249380060953,-0.6779182509711253,-0.21107407382133775,0.42534379010629386,-0.866085659907698,-0.12109749603940502,0.6257951384849766,-1.1860747942512757,-0.18350987037844813,0.759543037818948,-1.3812425086262208,-0.22829319324837344,0.8615516630559369,-1.5748355372264073,-0.2590981457339204,0.2316777066437645,-0.9618209934170493,-0.14569082629502209,0.3747337380836048,-1.4099303282553104,-0.18867791273709167,0.458075903348601,-1.6850115782429076,-0.24169217671340051,0.5149501741563464,-1.9455406531430712,-0.2799833820311261,0.04591969419942949,-0.9199240298634039,-0.17801702845843656,0.012842573478186906,-1.2448565039487092,-0.2749611548211105,0.002710217562497954,-1.4796177149354592,-0.36397432160589643,-0.018378364587430696,-1.6957240133316838,-0.4217071343341996,-0.14087475464678945,-0.7825493101053775,-0.2149538761638607,-0.05816804885375321,-0.9248710223482486,-0.3073570094933999,-0.008739364653402495,-0.737778933853194,-0.31320027909181103,-0.00024496944969493704,-0.5517421346277247,-0.3108822895503194
W,0.0,0.0,0.0,0.2556445012833087,-0.10461983823637754,-0.10664062327898563,0.44129901129083393,-0.3568771113186895,-0.15191919263799944,0.29136588196853885,-0.5828000514819229,-0.18218606122067696,0.08372325673989935,-0.6993085615882367,-0.2182908924751066,0.4304940485310202,-0.8637039496268241,-0.12853030840616275,0.6362528385381471,-1.1872005441022448,-0.1926609526943929,0.7688338181838232,-1.385809888984556,-0.23764688443447018,0.8708473484586065,-1.5860359652020322,-0.2689840950774763,0.2338081361618506,-0.9604752252870795,-0.15106653194621078,0.38078913327200686,-1.4098654807587199,-0.19598056022109944,0.4668143678908307,-1.6864017027931273,-0.24975623118077164,0.5269356233888196,-1.948323204682994,-0.2888073113671093,0.04656380675089649,-0.9230470116450138,-0.1813151134563321,0.016322975758560353,-1.2467465718787247,-0.2806239501336209,0.006164136469938823,-1.4827552030403548,-0.37171325155464185,-0.014781645254162255,-1.702485316480433,-0.4314068800139904,-0.1380836990796918,-0.7903882600732638,-0.21638623607292826,-0.054471883819227435,-0.9246683666160274,-0.31259437659774103,-0.0052979753542452225,-0.7308412838586612,-0.3214615320791136,0.0031708657542213283,-0.5429210737304104,-0.32135868582016697
W,0.0,0.0,0.0,0.2541788208097916,-0.10277337676142387,-0.1043851492861877,0.44119320649738963,-0.3522482019017952,-0.15117748014258595,0.2883262388249765,-0.5722621771850404,-0.18444131736341524,0.075603170349694,-0.686070749633801,-0.224827709841957,0.4310335642061957,-0.8636274875118297,-0.1290168178400551,0.6396202247964695,-1.1849874547560793,-0.195823526434087,0.7776184217480729,-1.3844497388499442,-0.24444379135674404,0.8864343702913023,-1.584594560683297,-0.2789643043390481,0.2307508740466609,-0.9606509791891088,-0.15460831255048482,0.3774366854119894,-1.412155065353686,-0.19971424818717867,0.4647516208626995,-1.6869028854977033,-0.25593163979423056,0.5293475272898417,-1.9505171519450557,-0.2979708258181735,0.040252537851466146,-0.9193800062216384,-0.18736502112734504,0.012854341393842221,-1.249680048061323,-0.28711303861550164,0.004832075941275973,-1.4813162635584531,-0.37645571275973283,-0.011558617860763723,-1.7005790653554098,-0.4356911673617508,-0.14763537200149981,-0.7815696921664943,-0.22481920497767954,-0.06580628290115557,-0.9273357845246952,-0.32242815957516746,-0.015345520586412304,-0.733844332936415,-0.3293782749794508,-0.002116965164361784,-0.5457575584675016,-0.32791167827846796
W,0.0,0.0,0.0,0.2480969469600966,-0.09951898927863961,-0.10879572464311209,0.4357683872923897,-0.34511385393329647,-0.15735451476849602,0.2885466266280101,-0.5618625181021941,-0.19111830528463106,0.07029252341057211,-0.6753991332384697,-0.23171465282525713,0.4232092146890905,-0.8666497785790929,-0.1345549835995178,0.6303928967019392,-1.1868533503441034,-0.20220863923449683,0.7639576504379991,-1.3894042567188967,-0.2514655219807829,0.8668780798310296,-1.59268717099583,-0.28671208711324175,0.21989197829548449,-0.9625280197436444,-0.15870516402964574,0.36029085722171095,-1.4133389623087926,-0.2059528862831721,0.44262428927382447,-1.6894396793185236,-0.26347876581276486,0.5011645648792852,-1.9542854641585177,-0.3059307267560878,0.028944077694339716,-0.9164850185793456,-0.18986507461757174,-0.00427925783632678,-1.2384794947219122,-0.29171563037545734,-0.017712934302021047,-1.4693979855830703,-0.38106834951958035,-0.04029250804397785,-1.6874783478788684,-0.43951586664592995,-0.1566344236336775,-0.7734046355239698,-0.22600218032556066,-0.07647831565200407,-0.9136552192357448,-0.3256829569610678,-0.023826413394187427,-0.7250241798621336,-0.3331482836296643,-0.01031935861008946,-0.5411127865873979,-0.33124598031307995
W,0.0,0.0,0.0,0.23976739087561116,-0.10557655795702091,-0.10148008393635995,0.4119383594896365,-0.3638441009250645,-0.14479134313472286,0.2536397180678382,-0.5773823239433021,-0.17567643450880824,0.04195462466582673,-0.6941197213303647,-0.21325505878739429,0.3966750071268791,-0.8816718381432175,-0.11640796237719694,0.5825606288969477,-1.2065437900489857,-0.1752210243142842,0.7004526553230319,-1.411067356308997,-0.21754837224385204,0.7891813058073093,-1.612170591180598,-0.2493357078955058,0.19206329510465703,-0.9713168827707376,-0.14019701822106817,0.29610299089995434,-1.4176523159294712,-0.18712922086280773,0.34966355087201767,-1.7016364712145242,-0.24602670793752723,0.38260305908855063,-1.9674029545681797,-0.28855482594086546,0.00782348227933103,-0.9169882939474966,-0.17029592294680607,-0.04858969061266816,-1.2450006253815125,-0.27277377524392543,-0.07823907493568552,-1.4775302953206704,-0.36405750360464045,-0.11475681842234674,-1.6884404645054905,-0.42312973074642796,-0.16643896576946637,-0.7687296502101862,-0.204505342102905,-0.09512191892956595,-0.896031437867091,-0.31023615514379443,-0.04577511712857544,-0.7076061378713491,-0.3255185846858568,-0.03174534574569847,-0.524347535629796,-0.3276753115215351
W,0.0,0.0,0.0,0.21039773177509466,-0.12421852734886688,-0.10217147669101274,0.3399126069736466,-0.40239305434925654,-0.14039699069992,0.15971719634866471,-0.6004637574970599,-0.16452123142332772,-0.04563936978629624,-0.7193873066777959,-0.19381524298279548,0.3295153542960427,-0.909091257371973,-0.1081418527355073,0.49349320851921086,-1.2420942423453771,-0.15956997747521542,0.5927204208708141,-1.4503591692204105,-0.19711840126083877,0.6615635658660799,-1.650901199332391,-0.2271212757046424,0.12180767709331189,-0.9848217933822563,-0.1236483929555418,0.1585580243133699,-1.4364145466776603,-0.16861711924086908,0.17413309470616453,-1.7164044285379054,-0.2251785141202205,0.1759299061849791,-1.9592671953905798,-0.26416765852060753,-0.048472924841487915,-0.9142835094235422,-0.14572663234738303,-0.15194393744846652,-1.2610926737426071,-0.24669141745058354,-0.21398872072973502,-1.4861840331503369,-0.33608855698815315,-0.27409003124577463,-1.6781995848674525,-0.3916824035496423,-0.19252359821358817,-0.7558421187625147,-0.17106693957064284,-0.16477985545318674,-0.8977356490469377,-0.2809016112083682,-0.11648003728812033,-0.7303856388374356,-0.30263271534632036,-0.0911392427743076,-0.5614697665311736,-0.3059085195033253
W,0.0,0.0,0.0,0.21482955226263403,-0.1330830363107635,-0.11117213940909214,0.3399085408525097,-0.41799171353461056,-0.15252118147169702,0.15037822156914715,-0.6198424455591507,-0.17517466653391262,-0.06074583360096353,-0.7433206246048488,-0.2007762392621908,0.33139564366924196,-0.9188844606187202,-0.1092552020872738,0.4937753796496934,-1.2580826008071828,-0.15630271339254717,0.5910557346443496,-1.4667057017806542,-0.18779365159092087,0.6569239309281799,-1.6643667373972577,-0.2122621331886028,0.12179513329693484,-0.9854977542020339,-0.11815296004726066,0.16578704915231696,-1.4433802412834862,-0.16866100760957775,0.18302226619602163,-1.7153626092966008,-0.22059897084004412,0.18179866604365919,-1.9554990588699162,-0.251776746010596,-0.050096245107112,-0.9193073452828556,-0.13473226826966075,-0.15441582242741878,-1.2570988735135362,-0.24304316269014814,-0.21655920543213228,-1.4924067942987074,-0.3301607695935412,-0.2770385481585378,-1.6995735687322797,-0.38018554998885956,-0.1963545778273788,-0.768519496271471,-0.15483925332797446,-0.15540545332769157,-0.9282902524112242,-0.2650684832929022,-0.10902656431237881,-0.7362986470248702,-0.27897419566435727,-0.08413281589350169,-0.544601082677331,-0.2751819051972208
W,0.0,0.0,0.0,0.2203348170354188,-0.1237436773413472,-0.10688642167349623,0.3598967091432249,-0.4000021320331676,-0.14857388666293864,0.18751376026863406,-0.6229837966940048,-0.17330224911193218,-0.011359492162608256,-0.7497106083303511,-0.20075544740699924,0.36854742262604784,-0.8943957547434179,-0.10408937427024939,0.5464664646893939,-1.219685432481195,-0.1528488265131265,0.6568248882128991,-1.4235208975889735,-0.18932209227946528,0.7316170278278208,-1.6161001585826578,-0.21730214839327958,0.16063359393634785,-0.9798644739332502,-0.11858524875635836,0.2203451562839556,-1.445259637603419,-0.1614825428979761,0.24450912891982907,-1.7174170659160202,-0.20865126520056904,0.2433858061192056,-1.951373895117088,-0.2382705230094871,-0.01494668922060519,-0.922566133968871,-0.1414189178017715,-0.09405405520210934,-1.2826627352504738,-0.2435267776481984,-0.14088938895781775,-1.535081389300948,-0.32659752223547245,-0.19510308200520035,-1.7574629597992357,-0.37539491116553125,-0.16853774056901674,-0.7734566246768888,-0.1677556469647527,-0.1165238531939038,-0.9685459210173735,-0.27334091462650684,-0.08234490845262052,-0.7912184092945566,-0.280672172897069,-0.07777099199891044,-0.6068662659042485,-0.27288786755425837
W,0.0,0.0,0.0,0.21366110414623612,-0.11842343694725094,-0.09756863287563881,0.3550353996113508,-0.3875106510007711,-0.13509292990679736,0.1889365666981577,-0.6094797440640697,-0.15807570911439864,-0.007122788186864273,-0.7546106364020332,-0.18532191582761257,0.37603047342509854,-0.886919195085159,-0.09826557880559719,0.5594347815066086,-1.2017977147653593,-0.14555638068278273,0.6734516761598894,-1.3900589769002423,-0.1817039593677309,0.7562945669279184,-1.5705400959658518,-0.21019702970464096,0.17120405609900763,-0.9783753237035805,-0.11606419406156994,0.2410513779201209,-1.4283652656058397,-0.15562072500085214,0.27358423526208764,-1.6951724527549512,-0.20711254141264535,0.28776114367064315,-1.9269461415568119,-0.24234021199804204,-0.006179803789746116,-0.9244064774219447,-0.14127170315527285,-0.08886198229885939,-1.2908863639644557,-0.24158622104306432,-0.1290924350498381,-1.5443880370958853,-0.33371984575556407,-0.1735608909401449,-1.7632799078353878,-0.39170451569650744,-0.16203698710701414,-0.7787592186832574,-0.16905774391156367,-0.10789542732634888,-0.9477213387703914,-0.2775353879213479,-0.05963948441472633,-0.7664459463264656,-0.295966057619294,-0.0404235161788969,-0.5786250775244555,-0.2975631617819208
W,0.0,0.0,0.0,0.21992119883928743,-0.11218370055241451,-0.10275242858886688,0.36732379309612295,-0.3755853368249642,-0.13910170688763787,0.21097371664659356,-0.6063333056556963,-0.15747463089445993,0.02091357898504316,-0.755876964873076,-0.17860834906770806,0.39878653799656155,-0.8753432617512208,-0.10192625047561137,0.5978201139901855,-1.1810469689342968,-0.1434640660749086,0.71963744622467,-1.365849194654499,-0.17482588801877513,0.807804542983021,-1.5480165556893717,-0.19907328778997604,0.19693598229090287,-0.973675880023403,-0.11476715357526755,0.2835303058232597,-1.4269137558771623,-0.15030709623537042,0.31925850962843705,-1.6923829147153469,-0.1949697909744565,0.3297443678868087,-1.9239318309201916,-0.22370669281078423,0.020222364883105217,-0.9307769234199041,-0.1352359962697187,-0.04636948236154235,-1.3059928600661346,-0.23346997329880076,-0.08378800060925451,-1.5685074505510195,-0.3211543755505358,-0.12851348863065107,-1.7972673479256815,-0.3741002573237081,-0.13768529095473253,-0.7933057178586737,-0.1585206580358257,-0.06654626573159045,-0.9838360203863874,-0.26062974950771406,-0.03526563585785691,-0.7910128200340342,-0.269582428203922,-0.0368308121650081,-0.5869153700678399,-0.2639832879912157
W,0.0,0.0,0.0,0.22317312307119813,-0.10482034334267014,-0.10134118693994018,0.37442502145158796,-0.376439985483743,-0.13577639510625913,0.21358513206667526,-0.6202615033946907,-0.15287859097151604,0.0229419690978979,-0.7793745370493277,-0.1730272814854784,0.4122486813820573,-0.8659146724731911,-0.09659799295189751,0.6153884627942213,-1.1697796490426302,-0.13986139881893683,0.7388767466202055,-1.3518761267265347,-0.17105450474038422,0.8263111786558367,-1.5283011977646517,-0.19528226266959547,0.21321301856029182,-0.9708143775165987,-0.1098164519708583,0.3077960191103571,-1.4158571710448877,-0.1490535838944492,0.350104881542612,-1.6785107878507148,-0.1962638228535671,0.368244517938304,-1.908114161063914,-0.22652806972043882,0.0322506111371919,-0.9346734600306228,-0.1310548883914898,-0.027381897437959553,-1.3089792278627514,-0.2335201046675606,-0.05537304367692635,-1.5705568709719442,-0.3251149313932156,-0.09361398574132654,-1.7999011050147167,-0.3805292125496143,-0.13561110021616324,-0.8075844556362051,-0.15462366453901222,-0.059715669506243386,-0.9813475326059684,-0.26277330773989743,-0.017346652593376286,-0.7888727184696384,-0.2782780459670552,-0.011725163613079551,-0.5940544124096694,-0.2768323068994649
W,0.0,0.0,0.0,0.22852888929323284,-0.08810359235352709,-0.11300701245163575,0.3949811488759048,-0.33565386365889816,-0.1545091267388466,0.2423272279721982,-0.5744966202215341,-0.17647876154065248,0.04746202213849082,-0.7352443725219386,-0.20069900862419585,0.43099848846258443,-0.8495602717423448,-0.11138506191542605,0.636177561565695,-1.1435773098071025,-0.16151674130701552,0.7671900658873694,-1.3224753262672546,-0.19890354033417468,0.8661261660624465,-1.4991117121625908,-0.22640871745133212,0.23178394334656793,-0.9649134520670449,-0.12336220501747534,0.33206583655213817,-1.4218743559690352,-0.1699891544447959,0.37885102899853784,-1.6899535474798824,-0.2196277993430799,0.39848792624729834,-1.9276985705489134,-0.24944603465927567,0.05168302132156724,-0.9362975969941327,-0.14401456232091203,0.011306213175225132,-1.3114170648706478,-0.25419620776536384,-0.007699220612994991,-1.5692358372138713,-0.34262043485043325,-0.040638445225214474,-1.8028389556697981,-0.3921965664824978,-0.11468173854609469,-0.8066000668378124,-0.1680927166560501,-0.022717921696503003,-0.9986827386308929,-0.27634979940336,0.008502881788542818,-0.8016228201178636,-0.28201939300623924,-0.001436094460515672,-0.595609698007145,-0.2717761612826354
W,0.0,0.0,0.0,0.2328609238682408,-0.08017594772093445,-0.10816682199699444,0.4018485055488867,-0.3331747740118812,-0.14641409543422876,0.24527430405336034,-0.5852234219255932,-0.1655604139871182,0.053443535016097825,-0.7609348773457799,-0.18700247459851668,0.45232467845127466,-0.8411714540555256,-0.1050826734286782,0.6639804783914417,-1.1365548068134275,-0.15011159916720596,0.7905567314853015,-1.3144844618688216,-0.18036582933062348,0.8832056076495285,-1.4894891194515292,-0.2033704102989443,0.25355551064275944,-0.9603770161227939,-0.11569611024476348,0.36474507741927903,-1.4096757568597602,-0.1618583982037259,0.41934812833725954,-1.6735046389141162,-0.20969015832540813,0.44993745254422957,-1.9090944616807155,-0.23823940081550318,0.0698789623448902,-0.9371178555434775,-0.13441666145354308,0.024852697905559384,-1.3133455879221314,-0.24297797237240024,0.00744396456387153,-1.5770118740519479,-0.3321129879573711,-0.02070020657383802,-1.8111055873593513,-0.38299046316404334,-0.10275035736779416,-0.819849827364638,-0.1559015189982201,-0.015620880646670117,-0.9931834592343332,-0.2623706840016999,0.017128607960228266,-0.7959568182659309,-0.2721645352290616,0.01222814295370682,-0.5969067685645092,-0.266010692864717
W,0.0,0.0,0.0,0.23435659453455435,-0.07343508102257618,-0.11035399984703329,0.4043195390004464,-0.32260226884980847,-0.14771752833744536,0.24742503623087828,-0.5787909619581,-0.16552936571666066,0.05677335562861927,-0.758108121304428,-0.1850816673052579,0.4674311042166073,-0.8325679263697884,-0.10629852302359113,0.685269305219674,-1.1302275976825318,-0.15072650971058618,0.8157348831830944,-1.3055932534237997,-0.18011679865263983,0.9169368359761091,-1.4835383339457848,-0.20282798468302282,0.2721825973819376,-0.9551400452640032,-0.11672243835484201,0.40808820119442396,-1.3970825519314591,-0.16101955652135216,0.47836537179533645,-1.659192738638168,-0.2074030943822894,0.5242545052734701,-1.8954591808531907,-0.23559771189083997,0.08806305240166377,-0.9357206631255846,-0.13602272938509682,0.04856184469307681,-1.3199966788682684,-0.243353710655495,0.03539923857255784,-1.5833051023854217,-0.3320093514119851,0.013881460407788626,-1.818591378548596,-0.3829982073145662,-0.08756885379775915,-0.8179818790117294,-0.15868289596711424,-0.0015160691792890175,-1.000222635206695,-0.2632562067744574,0.024520284361887277,-0.8002104840454696,-0.2716018032406062,0.014878966761528157,-0.598960806022679,-0.26537940601743737
W,0.0,0.0,0.0,0.23983439194968664,-0.06341515036591693,-0.12360976354082436,0.4163903939241441,-0.3116237334669476,-0.1626767988077547,0.2635149966490683,-0.5784397092380866,-0.17740648303805306,0.07205554772344573,-0.761005299693131,-0.19192731398127597,0.48010145210459615,-0.8237015159793141,-0.11941011681908639,0.7048477594929995,-1.1193015642219426,-0.16594477922129436,0.8409458486453147,-1.2954258954332487,-0.19451183877542935,0.948736975116992,-1.4755353402007547,-0.21589067965455636,0.2869641947878697,-0.9497853975610003,-0.1247367206945986,0.43894167254483185,-1.3926073414176314,-0.17040031139444983,0.5243988519405043,-1.645141165821232,-0.21270619345441574,0.5846904570461748,-1.876518024793159,-0.23663735006080502,0.10222318317495642,-0.9373241321083731,-0.14043460254896273,0.07207815641039897,-1.3173585383158333,-0.25112680313886304,0.06475759656721429,-1.5803409008987384,-0.33844468301213243,0.0502330667763097,-1.8225506457281746,-0.3871020129693184,-0.07618617699518304,-0.8222158814273128,-0.16066912801159955,0.012804053044521346,-1.0045263483658555,-0.2669211321001932,0.03781557794793011,-0.7962536834028995,-0.27271699091024415,0.02399867789328274,-0.5906849730687929,-0.2641781941103839
W,0.0,0.0,0.0,0.23936428919321487,-0.05535700263809995,-0.12446361374772053,0.420046238716013,-0.29077225937448536,-0.16774511351653806,0.26912696808606,-0.5547918240190278,-0.1880312940261949,0.0764693987636366,-0.7443284681726187,-0.20913261830610463,0.48952179183799593,-0.8077786005021066,-0.1259498003828304,0.7142130480673373,-1.0975887776927673,-0.17992532600124714,0.8525241014867186,-1.271706402419339,-0.21480214046285032,0.9625953833424038,-1.4515994133944483,-0.24040243132088648,0.2983681018487194,-0.9449651104852479,-0.13422896768132928,0.455188054186265,-1.38227819846226,-0.18407711510845842,0.5423721063711902,-1.638010125011838,-0.23170698488178068,0.6033005284936654,-1.872306290778674,-0.2603347856885105,0.1135889017949704,-0.938016331149915,-0.15271059035668647,0.08630932074298159,-1.304302361044377,-0.26461410966073867,0.08381865621365661,-1.5610512282691769,-0.3537671977886803,0.07286409425797923,-1.7968840994441344,-0.4052541730995501,-0.06715825477845472,-0.826918984082913,-0.17625744331283144,0.025550147637577476,-0.9827198815234582,-0.2855242359632766,0.047772287646908,-0.7724631962963969,-0.29410216227210345,0.03063540738784114,-0.5701668898880307,-0.28794833032530187
W,0.0,0.0,0.0,0.23830852431348026,-0.058274494673078,-0.12042707525370662,0.4177758733070822,-0.29553236123264987,-0.15962513027659492,0.2707732812268111,-0.5595158265541045,-0.17598975926232727,0.08328413412420202,-0.7483523846230301,-0.19268415887293222,0.4890207986162635,-0.8135927880679422,-0.11837955043977433,0.7135161621469257,-1.104045504571319,-0.16822433656085162,0.8515471454799759,-1.2767071202892064,-0.20048399036540024,0.963571817094872,-1.455823285342393,-0.22434636865143104,0.2989196444309958,-0.9458143764614613,-0.1268156593330029,0.4561674575076901,-1.3819527730961216,-0.17490161777088004,0.541011271306409,-1.6385481297452682,-0.22123765334813492,0.6014646647540137,-1.874765467786614,-0.24818544134712128,0.11463578821529702,-0.9353772565384846,-0.14515518317351664,0.0865230407163439,-1.3095859514524089,-0.25616360582549674,0.08189999076475174,-1.5712283389181372,-0.34355119350387125,0.0705673796212863,-1.8123695986039254,-0.3922737632733556,-0.06689803616778582,-0.8193752459191753,-0.16806885001037053,0.023092097219258312,-0.9938006843691778,-0.27259205734429903,0.044837896575022365,-0.7885376227113888,-0.2768883837899944,0.028742207144927496,-0.5851352237312493,-0.267419718977504
W,0.0,0.0,0.0,0.24439558866681824,-0.0553062794905487,-0.12277165772908702,0.4321372842110628,-0.2949292433406679,-0.16318026373423558,0.28450219959904743,-0.5663593544238072,-0.1797859843340426,0.09009624691100994,-0.7438921762884249,-0.1974642572003249,0.500986647513809,-0.8079861298438298,-0.12161546329147485,0.7340092637586665,-1.099629320239412,-0.1706956400955078,0.8763418819748556,-1.277849732227208,-0.20125012380535529,0.987546054254541,-1.4581466416333073,-0.22374086649772468,0.3089103550287502,-0.9423227421520407,-0.128849688315766,0.46990017034116455,-1.3850664218730673,-0.17682314994199166,0.5590524013573185,-1.6401779974064155,-0.22165355340267587,0.6218624257856435,-1.8767945125425238,-0.2471353581375875,0.12390889346583127,-0.9352461109612099,-0.14564312912040978,0.10403032657953923,-1.306837208622911,-0.257635650311574,0.10270589140691117,-1.568188627956143,-0.34575725563131476,0.09370105993120002,-1.810796549812774,-0.3948319331770806,-0.05847869047451335,-0.8272824223253686,-0.16671516163205785,0.03176574105312653,-1.001525928257898,-0.2750863579636315,0.04924893792921735,-0.7912462189035457,-0.28071478550932627,0.031240175112140577,-0.5865599443722063,-0.27153400589826576
W,0.0,0.0,0.0,0.24320052561648758,-0.05612538240178064,-0.12192596667355349,0.4288621720216297,-0.2979547199567448,-0.161701407722849,0.28444340995722556,-0.5687078561727359,-0.17814921633642852,0.09366975816373414,-0.7506666952492925,-0.19554714764039893,0.4942343914953453,-0.8115974011786198,-0.12233191571726083,0.7221576128190671,-1.1035784426619049,-0.17294027696819161,0.8643147799881675,-1.2770058471334083,-0.205631364204819,0.9785416122002505,-1.454376788922353,-0.22978533230540635,0.30413100529582526,-0.9436284106914916,-0.13065126923838197,0.46464372099018997,-1.3828865434818598,-0.17961452439359485,0.5509686126189409,-1.6431191683098783,-0.22775161357142854,0.6115487441894973,-1.8840273290324867,-0.25650282591232004,0.11959619696351825,-0.9334893567858602,-0.14835527435630821,0.10018700223703055,-1.3114260499149895,-0.260325489172857,0.09849012731558418,-1.577957926951396,-0.34944366317229825,0.08782854905914196,-1.823207598723022,-0.39979415599766654,-0.06383881016970196,-0.8194939783130625,-0.17044188317760006,0.03069465732904838,-1.0027123510813114,-0.2765034098301805,0.053697720014164715,-0.7996695017307995,-0.28123370320495045,0.03730771827290912,-0.5964585486380696,-0.2723290975234225
W,0.0,0.0,0.0,0.24363887027644882,-0.057223435767815946,-0.12106334101238729,0.43126456380298583,-0.29633482211194,-0.16269599002947788,0.2838339605267064,-0.5645044627440632,-0.18185011059714568,0.0897723282685691,-0.7412086389813216,-0.20288817018427388,0.4960611752176026,-0.8114304632891839,-0.12266006070758596,0.7222391320306174,-1.1022404762651552,-0.1729540197491095,0.8628124715348139,-1.2772560589641555,-0.20617870739397387,0.9747316199569512,-1.4557647782993304,-0.23121627442317497,0.302367151896404,-0.9440321286109855,-0.1318235396439824,0.4582718395920313,-1.3849950043094388,-0.1798652977320765,0.5420986015076537,-1.6457712422163473,-0.22932603256281248,0.5998234254301141,-1.888242440237744,-0.259596391295106,0.11624073955166023,-0.9334958227872912,-0.1497336156952168,0.09416171752455232,-1.3060494803695655,-0.2600335018290192,0.09285061305221456,-1.5709657194491955,-0.34981375123547875,0.08139761296254266,-1.8140299523388943,-0.40160297410749984,-0.0676690033954603,-0.8212186048630938,-0.17193835384626388,0.02288726200368892,-0.9925976187086338,-0.2785918193887995,0.04495833450173112,-0.7872854722225984,-0.2847250798012228,0.028682695821994685,-0.5835608466909856,-0.27699311231133444
W,0.0,0.0,0.0,0.24620472459430665,-0.05455045743607454,-0.12131934987874396,0.4359870036736415,-0.28907753668273933,-0.16403476214156681,0.2888170128334541,-0.5583821565452745,-0.18466136182442774,0.09545748830126975,-0.7369645312989289,-0.20766122436793616,0.5031611294113897,-0.8064067872416091,-0.12328430485617771,0.7312344881588537,-1.095638632451003,-0.1745390814654484,0.872455509212213,-1.273091728629606,-0.2083995747128866,0.9836121236440327,-1.4525387553712423,-0.23375883913140416,0.30898892090315416,-0.9417415192242852,-0.13284862712214776,0.46625996613253556,-1.3832720054337675,-0.1823358930098406,0.5509871996194566,-1.643668897777566,-0.23235219838741236,0.6085115721242529,-1.8844534498994294,-0.2625967123485471,0.1224075750499235,-0.9335872139136083,-0.15107042414764651,0.10415677394759049,-1.3084461597638848,-0.2640542669287892,0.10272947705850555,-1.5713294251697376,-0.35432643600451613,0.0924027720911905,-1.8118467295109475,-0.40585388797463373,-0.061690816689406375,-0.8238420552444298,-0.17328919949428767,0.032822927956600495,-0.9985758340267972,-0.28427404027263614,0.05318435971893456,-0.7902084946806701,-0.29152514495490184,0.03710994704608534,-0.5838615257632958,-0.2835688537247732
W,0.0,0.0,0.0,0.2455401367567931,-0.05644805821103285,-0.11644106976458171,0.4327301512268681,-0.2918501785836549,-0.15692931258660417,0.2879286503598204,-0.5567513820133646,-0.1764602778551387,0.09678029868506044,-0.7348327741134248,-0.19802542514848245,0.4976513624770224,-0.8077750280944287,-0.119445652838702,0.7249718539080783,-1.0953520498048828,-0.17122917297098506,0.8671011599417094,-1.267099210731327,-0.20572254599000797,0.9810498760397719,-1.4420468096604733,-0.23120087661401206,0.3067013449071554,-0.9426831436922742,-0.1314639708459825,0.46485044524948627,-1.38100734549957,-0.18004436660584303,0.5516903757736379,-1.6442329401053482,-0.23007870282009574,0.6121454687851392,-1.8863245783363165,-0.26086684324538245,0.1212190613840521,-0.9336218471547815,-0.15224858484352846,0.09975588182648042,-1.311870705746803,-0.2622635268728073,0.09992838105661499,-1.5763979893741469,-0.3521189931433703,0.08972063337331732,-1.8162894336472624,-0.40407278339048797,-0.06244563581755381,-0.821346567922153,-0.17711892426947126,0.0328993412415493,-0.9905006390299277,-0.28231922016726974,0.054934088824749094,-0.7892019251016431,-0.2886284166613632,0.0370117731859436,-0.5899219894398771,-0.28143328972754617
W,0.0,0.0,0.0,0.24597936083339955,-0.057439857968931446,-0.11597323113570909,0.4373950938844589,-0.2921931389532285,-0.15422434606870633,0.29679674749234664,-0.5585575007415651,-0.1707758969288587,0.10283943889364915,-0.7320578200491041,-0.18927947645184268,0.5045137380961147,-0.8053310113853054,-0.11566836280992353,0.7315313483876877,-1.0903351125975922,-0.16491751859025874,0.8710891671668536,-1.2605706697330161,-0.1978281198545285,0.9816807930645433,-1.434289687783506,-0.22202048652292955,0.3130574546531331,-0.9410172928862625,-0.12838023436304893,0.47023191279938154,-1.3798378013901424,-0.1733597029759495,0.5564829381346036,-1.6406841205203972,-0.2208434715304305,0.6162563800341792,-1.8791081232184121,-0.2494914548932731,0.12715908082658398,-0.9324984073203453,-0.15027501126891654,0.10966272576812443,-1.3038938655612478,-0.2596565041222775,0.11329289708992013,-1.5662374737415496,-0.35146233514646025,0.10604223642192813,-1.8065627886360947,-0.40450794306041105,-0.056955873094557116,-0.820149331992973,-0.17622091186216227,0.04286802906946482,-0.9777665411881019,-0.28305091938109506,0.06065347652876269,-0.7690044667475759,-0.2908370217761323,0.037561281290640236,-0.565836296091593,-0.2842289880003505
W,0.0,0.0,0.0,0.24820216143822008,-0.05524377407746831,-0.11677516670216934,0.43957292387091457,-0.28346614234150347,-0.15722074975593264,0.299488237031265,-0.5456495906254842,-0.17705129979115358,0.10585555734800042,-0.7190468764879202,-0.19893654838916358,0.5071869469382212,-0.8026522719152533,-0.11889280892285896,0.733801361000248,-1.0894920458480009,-0.17102102897218072,0.8726550988812182,-1.2602154611388465,-0.2063533356515385,0.983132368189775,-1.4350689169050832,-0.23214805781304015,0.315322343041681,-0.9397396471505626,-0.13214089280779281,0.4730686005686651,-1.374881360347159,-0.17759740633360535,0.5604134403089579,-1.639140107715215,-0.22711791874681872,0.6210488119408273,-1.879068939911764,-0.2582726738386303,0.12918008713416193,-0.9315678500692426,-0.15467003975061766,0.10866647920465436,-1.3008531087200685,-0.2621949103030435,0.11039880744785796,-1.561810861677964,-0.35474652822935887,0.10205935096114359,-1.7980044753095095,-0.40965509770544256,-0.054364704293189695,-0.8184878626479243,-0.18176820529012708,0.04050744886041155,-0.9708979141815538,-0.2868330481041883,0.05912449542344768,-0.76726243224852,-0.29609939956319825,0.0378028559590861,-0.5666284876677826,-0.29147077793368653
