Y,0.0,0.0,0.0,-0.37954050224744473,-0.23273439533485027,-0.0887007307170714,-0.6564710113185389,-0.6080657741017877,-0.1528709512863272,-0.8747953175229745,-0.88844372552921,-0.230717030092505,-1.0815295733177208,-1.0338863344160667,-0.29024744799618923,-0.2864163149314476,-1.01877282156006,-0.05772781734533243,-0.3267821368734606,-1.1426498313996396,-0.194808559956831,-0.29538636835929877,-0.8469718588564865,-0.25537650935295975,-0.265558474552307,-0.6238680141708571,-0.2715844366060208,-0.04534201879230368,-0.9961258129433624,-0.07534896230051173,-0.08779760023173502,-1.06912941730372,-0.2676686882919927,-0.13393978597958953,-0.6895292831637104,-0.3327181224367972,-0.14667595290595029,-0.4324629610562882,-0.3437353260487624,0.17714372652464835,-0.9345700517311696,-0.11202206079264374,0.17357257971034007,-1.0685121637774904,-0.3238689187486652,0.04503032585031585,-0.7029703540399467,-0.3383469924658162,-0.045106028749387524,-0.44715312976720695,-0.2931402291674195,0.3698482050995397,-0.8279501309707519,-0.1508582295330933,0.5573706299184245,-1.1615764020100048,-0.2866304142290917,0.7061767312986722,-1.353033051513885,-0.32138121681216725,0.8267534753678284,-1.5719781003446471,-0.3191848547337586
Y,0.0,0.0,0.0,-0.3745894645515131,-0.23012446250925325,-0.09053800288128437,-0.6467565505892526,-0.6059168696866274,-0.15473244269870196,-0.8653333749488511,-0.8904923436772523,-0.2318908662932641,-1.072873321874347,-1.038737691428143,-0.28960087459694034,-0.2871903834295697,-1.0149639293598245,-0.05980969583378954,-0.3263273179038216,-1.142058010036523,-0.19548619348403712,-0.29692770776418065,-0.8420754306328722,-0.25134357479767283,-0.2670571610736902,-0.6157412171959591,-0.26404089865451885,-0.048886163916300324,-0.995896372152008,-0.07616140040740761,-0.09199139729979061,-1.0733423620364009,-0.2686945314034163,-0.13780678098172644,-0.692988929096303,-0.33114414208138,-0.15016059507927837,-0.43648970193095227,-0.340179302125773,0.17203849512689548,-0.9369429122507029,-0.1117881916529517,0.1648581350180377,-1.076308524822221,-0.3235423359014852,0.03931024333916177,-0.7082780369842838,-0.33583188348986076,-0.04727149421197843,-0.4505899847541041,-0.2895210945738686,0.36384684344549156,-0.8334984855311598,-0.14988736686703888,0.5520598493179381,-1.1692301008261392,-0.2853788283313885,0.699086029783274,-1.3676663279845427,-0.3208755391580004,0.8166269465483783,-1.5948670857460054,-0.3200634896725843
Y,0.0,0.0,0.0,-0.36412323056189466,-0.24873989234291058,-0.08039406981810937,-0.6267209892537982,-0.6438448214248396,-0.13993811707020656,-0.8294495726595953,-0.9444587978922656,-0.21289316385997414,-1.0272880106185063,-1.1152813910816655,-0.26597894029822655,-0.2648527871402111,-1.0252061668184551,-0.05046208314597502,-0.30874330440505304,-1.168885400971759,-0.18090898445626316,-0.28554072309216033,-0.8762116685253176,-0.23582349687838422,-0.25730586327540217,-0.6521301542643463,-0.2501449496132983,-0.031355064560853366,-0.9970025720059724,-0.07072998897115905,-0.08053299556922874,-1.090472343422808,-0.2594024586906993,-0.12530213414876168,-0.7226270834611396,-0.3233670827706481,-0.13456340463026065,-0.467255382190849,-0.33466591385501626,0.18589040453320452,-0.9332535484077256,-0.10909575723070294,0.17387589295847533,-1.0820950295809617,-0.3111228054264437,0.04096014338288361,-0.7343959566746325,-0.3236965124104076,-0.052017390952986485,-0.48547124867504904,-0.2816305695759642,0.3727906793751576,-0.8263321422844802,-0.1494891090354377,0.5654403003958273,-1.1552263288308386,-0.2811052801568611,0.7112707375736844,-1.3500242718005822,-0.31831565045017013,0.8266042438575263,-1.5740965025961202,-0.3208560387540538
Y,0.0,0.0,0.0,-0.3473530260889507,-0.2411771573885689,-0.08904834180428141,-0.5976600972840513,-0.6257831165525926,-0.14754091419732043,-0.7713687830021112,-0.9501765135973379,-0.2200927762561717,-0.9300555292060089,-1.1751797770182326,-0.2708307154240488,-0.27693244171208437,-1.0089838424301203,-0.022187104044087833,-0.33226674122761957,-1.2217790876935855,-0.1637642682525311,-0.30519926635382877,-0.945088696767328,-0.23120205172684422,-0.2731836774675393,-0.7142011809022192,-0.24710957647001713,-0.05533149250374593,-0.9977812743032021,-0.037026403919181175,-0.11462940062769585,-1.117695522396115,-0.23678438846072583,-0.1527054359289708,-0.7490020812173892,-0.3169518354468037,-0.1695055094496317,-0.48006055429735195,-0.3298263029801967,0.15566413431683354,-0.9586210846793247,-0.07414207681680952,0.11898167240692999,-1.132858460271691,-0.2774915384759583,0.002794488198191563,-0.7890991650069251,-0.29664753159323826,-0.08167810515765862,-0.5250472366997798,-0.2498280864164131,0.34855269974287995,-0.8934347135934769,-0.11515590636526668,0.4850309084801808,-1.2643819693149876,-0.2350827995064801,0.5770127981822377,-1.5070939143803255,-0.26872394511422376,0.6351734346835732,-1.761104189859392,-0.26504416858249913
Y,0.0,0.0,0.0,-0.3292431882124992,-0.23317320455610466,-0.08978818118939293,-0.5727036917158633,-0.6149231535417705,-0.14872757252737204,-0.7378434951609016,-0.9351774651176251,-0.220271683902155,-0.8877085808203009,-1.1656844588593833,-0.2694797635677867,-0.2677955012283515,-1.0004495903002844,-0.03044290555999746,-0.31986475354252264,-1.2095627546920693,-0.1718240990322188,-0.2957222887902976,-0.9310157024649358,-0.23953822239070513,-0.26774869994142936,-0.7029400773656469,-0.25670434419430693,-0.054594223530484716,-0.9975240919990164,-0.04433008728438586,-0.11236132359311156,-1.114448541067038,-0.23813880645479565,-0.1437498393799225,-0.7524259613220101,-0.31501825148030943,-0.15603893801468713,-0.49699498401672193,-0.3277646812173586,0.15242980662944922,-0.9629667738992373,-0.07996382192497965,0.11555561589270691,-1.1453579704658468,-0.27501116901626754,0.007458432767426824,-0.8093542945705791,-0.28802519137932364,-0.07248391098931994,-0.5509528980859504,-0.24019367545872147,0.3422038017408701,-0.9040832333157689,-0.12009723782940335,0.4652333115404335,-1.2766908434092352,-0.23648054701738758,0.5425567681055474,-1.517774510126767,-0.26614953337844255,0.5859173247016571,-1.76669676560081,-0.26047020243379704
Y,0.0,0.0,0.0,-0.32970128384431235,-0.2313141799164925,-0.08861432719384352,-0.5752852859613633,-0.6140818032382875,-0.146176164493633,-0.7410779261702936,-0.935214015635914,-0.21694614666910655,-0.8871597034773084,-1.1692092152806737,-0.2653002580880724,-0.2709459130029175,-0.9986353778801225,-0.02536886861124942,-0.32513061712233754,-1.2144837299956313,-0.1650355535484127,-0.30133722101778104,-0.9390504416493863,-0.23289426137411992,-0.27347112762715725,-0.709765808944254,-0.2501578906818669,-0.05892195359868943,-0.9974826921675867,-0.03945227763029038,-0.11823022851643133,-1.1205919538543265,-0.2325396713497594,-0.14930167969864078,-0.7624865310553146,-0.31078127473237727,-0.16132629698508524,-0.5049292886203064,-0.32406750527554323,0.1474469815999937,-0.9650530473988926,-0.07523793190213723,0.10980032482552551,-1.1542274401400197,-0.26913637018931363,0.0009451897277900815,-0.8188291724886076,-0.28321002340479795,-0.07865698774239811,-0.5580225199122518,-0.23573681510463174,0.33736639270289026,-0.908085720625745,-0.11555736166896853,0.4578009129059845,-1.281599420650042,-0.2307781267056861,0.5317644942440545,-1.526944535559239,-0.26106375093608514,0.5732308350463372,-1.7778380491528232,-0.2556927649809649
Y,0.0,0.0,0.0,-0.3291350027772799,-0.23311839422481814,-0.08460030305314203,-0.5720682777527762,-0.6186087381052253,-0.1404449150081967,-0.7384260868689384,-0.9354357614478255,-0.20991768096046767,-0.8915044930325271,-1.1555716100281905,-0.25787829379316873,-0.27111550128394946,-0.9969208848085072,-0.023917575465875408,-0.32506571693956166,-1.2121541105955311,-0.16409984481647372,-0.3015893256728327,-0.9402370055591202,-0.2326788314868037,-0.2740076214334434,-0.7131944200742166,-0.2503547754803229,-0.06068142500735139,-0.9973798118588452,-0.039386235609558465,-0.12172584434525306,-1.1185855668083935,-0.23120850022449035,-0.1526266531212262,-0.7608861777941612,-0.30753237833697966,-0.16292915695414387,-0.5058019137190962,-0.3198550199777405,0.14477409919441434,-0.9651849586661728,-0.07637237701377127,0.1040571529072418,-1.1504296790855975,-0.2696705039464355,-0.0034199595684130343,-0.8151535160212987,-0.282585158340231,-0.08001930387765072,-0.5561600983449295,-0.23452208025128296,0.334317045326509,-0.909127365076535,-0.11748790620937931,0.4550588461836344,-1.2837146830549606,-0.23165828957853848,0.5269807372929192,-1.5303529927771036,-0.26063146335753357,0.565782799465902,-1.781956868048693,-0.254688295217631
Y,0.0,0.0,0.0,-0.32848683897986586,-0.23468069090497645,-0.08122231250197237,-0.5701879200866437,-0.6245614240575506,-0.13479024326582353,-0.7356999464732226,-0.9390776186958907,-0.20224421413709148,-0.8896738078795824,-1.1518785718304778,-0.24851003629800827,-0.26808236425431553,-0.9969283893040297,-0.020515395577928655,-0.3230860490925156,-1.2110124566457223,-0.15704440532594682,-0.3005534823514541,-0.9400636983305688,-0.22326872508207207,-0.27388267920956877,-0.7133691252797726,-0.23995275832520233,-0.05877266322171975,-0.9975999003507611,-0.036608918011570894,-0.12079694700000118,-1.1176423628377343,-0.22572873180405242,-0.15229711898776113,-0.7595614454738475,-0.3006855522728937,-0.1623890929796318,-0.5033468961284271,-0.3123901599391208,0.1458994994443133,-0.9648499079115543,-0.07369804113841497,0.1043298971989217,-1.151571622189751,-0.26328982848963456,-0.004048478940427773,-0.8162585196084755,-0.2748186524318241,-0.08068579911690754,-0.5566442498968398,-0.22684780381536981,0.33483123026191597,-0.9078407700483395,-0.11479550348675163,0.4554640046047041,-1.2810994652269407,-0.2264113059796234,0.525892926488548,-1.5283462005873827,-0.25459465279060944,0.5634443168441106,-1.782020718172731,-0.24880889733038558
Y,0.0,0.0,0.0,-0.32959097804170395,-0.23450042049793393,-0.07303517592971659,-0.573246628480584,-0.6277320650552688,-0.12029672939420716,-0.7415730021010348,-0.9392769919385893,-0.1830931002225065,-0.8979824974005126,-1.145654127940763,-0.22549849305763106,-0.27294270718744496,-0.994109711612808,-0.00263697357136615,-0.3322101406524243,-1.2095124695092119,-0.1325148970938093,-0.3132242234501462,-0.9461609654839583,-0.1977438203894452,-0.2865249658266381,-0.727767875778947,-0.21565510981576153,-0.06783600005985263,-0.9974639429371953,-0.021539722283806097,-0.1362554440351306,-1.1253031721439049,-0.20437380941618458,-0.1665438475676988,-0.7720888428309653,-0.2784276205088581,-0.170974614959601,-0.5163256406946934,-0.2900629544270689,0.13396757122330785,-0.9663640351762302,-0.06144216194663142,0.08389296234103052,-1.1559847616258858,-0.2449873424459942,-0.024271079947011196,-0.8275783263572934,-0.2573625742238433,-0.09651229965878833,-0.5698172078726853,-0.21099933278105792,0.3226727331378282,-0.9123355500483008,-0.10503440827525183,0.43584839041815904,-1.2873072070880893,-0.2123650983438487,0.5002758442430214,-1.5358902480594137,-0.24033199380327194,0.5336505393880159,-1.7870031384041378,-0.23539315352150866
Y,0.0,0.0,0.0,-0.3312270321691247,-0.22600759265807288,-0.07315378154565738,-0.5841152235952478,-0.6110692266232829,-0.11918649378223604,-0.7647999126434674,-0.922384734696332,-0.1787186888761509,-0.925265903448667,-1.121849883042464,-0.21685020445570855,-0.2916722394327042,-0.9870672902060557,-0.001955573245716419,-0.3541242126825556,-1.2203754107606128,-0.12427392705592663,-0.33219592716257446,-0.971757141013965,-0.18324722654744038,-0.3006989014934075,-0.7586342640923646,-0.201621281922797,-0.08736344088628951,-0.9959869387529048,-0.019433142569464976,-0.15619189374295822,-1.152955866073819,-0.19992962044036508,-0.18163729489408847,-0.8027807407209181,-0.2690941916096955,-0.17640703517843678,-0.5363927635933383,-0.27964028061373386,0.11315802775170093,-0.968968810093254,-0.05835822250550665,0.06320044927160552,-1.1782617785118044,-0.24069321226150556,-0.052136818996326696,-0.8602806069144419,-0.25514800078782635,-0.12610058027167248,-0.5984793650771985,-0.21409989013734204,0.30150634835323925,-0.9144247025145638,-0.10086584206793574,0.42839880800825797,-1.2691639851621035,-0.2164430788620574,0.5133403206985353,-1.5061335555668809,-0.2557728648605332,0.5697824232580099,-1.7488776287890786,-0.2608333256770349
Y,0.0,0.0,0.0,-0.3317584291289221,-0.22659967624512664,-0.07366157647078847,-0.5833345228896459,-0.6062871375858117,-0.12192216633595844,-0.7692849325434649,-0.9164451024487492,-0.18333971165445648,-0.9397560688944017,-1.1087300272701583,-0.22386135914898586,-0.29026759135096125,-0.9871658819237855,-0.007758246739629507,-0.3440799076381794,-1.2131871965479697,-0.12844704301341145,-0.3218217794553701,-0.9693678136035593,-0.18605886240971903,-0.2907680906658298,-0.7550775816671474,-0.20497557138421604,-0.08387179497040428,-0.9961316698971641,-0.026214847631246947,-0.14141882768238126,-1.1492472262247435,-0.20649635490661403,-0.1719116404415109,-0.7976041835430792,-0.27684681271688055,-0.17178420134345868,-0.5251243748708548,-0.28967565620670044,0.11973021546883353,-0.9689245024553712,-0.0652387546545773,0.08012329578604983,-1.1758633807065624,-0.24721210531309806,-0.033623556315637744,-0.8558466284761466,-0.26285942028381143,-0.10874967604053412,-0.5912367755330326,-0.22485441212067248,0.3103795175806167,-0.9088353734493178,-0.10768305854154286,0.44828775296629064,-1.2613697698224435,-0.22476184134726893,0.5414865676391771,-1.4907354607768684,-0.2650735331848983,0.6045188301009741,-1.7271971129383348,-0.27203974102455275
Y,0.0,0.0,0.0,-0.3601139714930227,-0.23240806201334888,-0.06696428447491003,-0.6468175176698681,-0.5649541154919745,-0.12787769003124777,-0.895955803576484,-0.7874156065080196,-0.20907221643979468,-1.111824252757679,-0.8718101309968592,-0.2721084268553414,-0.32043809310694343,-0.9904496505214759,-0.006239396451733228,-0.37460829043635574,-1.226356005436574,-0.14930216266529017,-0.34078467496220133,-0.9383808799593869,-0.23188268151469346,-0.2996219865311135,-0.6780923940817334,-0.2606843739375755,-0.09377637465583089,-0.9950048390829791,-0.03422516264189318,-0.14320164772915334,-1.1764708366744696,-0.22819391432785094,-0.17380730643162273,-0.8018195438575068,-0.30851574134243104,-0.1747140767321074,-0.5002890394573147,-0.3244326950223094,0.1262762171005098,-0.9698921053333672,-0.08319801825531295,0.10352193961452122,-1.2045577376181773,-0.26441258732851175,-0.004359762984495115,-0.8611661117196846,-0.2776881225151236,-0.0727278582672546,-0.579142274992716,-0.2359594002039335,0.3250798335337396,-0.9051044779850183,-0.13705690652499045,0.49005994391363084,-1.2700167710922383,-0.23697739676367274,0.6030209607818035,-1.5039674477666507,-0.26575824452114605,0.6877021678080234,-1.7488614096494342,-0.26604859265585534
Y,0.0,0.0,0.0,-0.35861825230023436,-0.22811661603579025,-0.0683037815054115,-0.6503133794093047,-0.5456386260320659,-0.13142109920429573,-0.9023574558631481,-0.7589651328329523,-0.21409335972417864,-1.1156765215608508,-0.8387965230481131,-0.27876203285462403,-0.3270950431629243,-0.9887192229374195,-0.006356520833551113,-0.37712416807559773,-1.2165772336770635,-0.14894724276664223,-0.34439690216953245,-0.9356844315489757,-0.231732049972176,-0.30397984925470234,-0.6808738823419862,-0.2607920382715875,-0.09999171126499558,-0.994406598295289,-0.034017274216041664,-0.14487396530031912,-1.1733319145000412,-0.2283976808514288,-0.17544169365203394,-0.8017286136183222,-0.30877836467623176,-0.17881402318322465,-0.5010618885955677,-0.3240418466998908,0.11828636441519175,-0.9705857936895332,-0.08298743713190901,0.09536323724276495,-1.1924046482222543,-0.264035065154705,-0.008663169578830598,-0.8543398013356803,-0.27892819053187073,-0.07634356182151268,-0.5776133699379187,-0.238266093461841,0.3148522715845154,-0.9080285470676738,-0.1368399073543292,0.47324618215893244,-1.2693915958639546,-0.23474965995776634,0.5779030337517007,-1.5018738747848992,-0.2623524052565511,0.6521531652109137,-1.7447712177950576,-0.2622776167774529
Y,0.0,0.0,0.0,-0.3644336009431366,-0.2085049551404015,-0.07707126281254234,-0.6793201904472942,-0.49758527652022605,-0.15059465817309486,-0.9565301948364486,-0.6779275028003645,-0.2445764060137692,-1.1850948595580348,-0.7336811473325217,-0.32162804181318533,-0.36648698975590044,-0.9781596026863544,-0.00421870714650373,-0.4153373293714977,-1.1955572915722947,-0.15923718264873268,-0.3798019277136676,-0.9127080939461062,-0.2565486216452729,-0.333608387424526,-0.6488629928353852,-0.2927903711240317,-0.13424588329968895,-0.9904506342370328,-0.03139401147584587,-0.17992140238682458,-1.1745472568987005,-0.2338845927243281,-0.20186678348995904,-0.7954892329964404,-0.3224377916078998,-0.19717922734500196,-0.4828193762636362,-0.3404463537090857,0.090394371750136,-0.9742784890036169,-0.08204957038378893,0.06348810123800581,-1.1876951335654873,-0.26480413355235843,-0.030302381651157496,-0.840907162815546,-0.2814174386739327,-0.08786713239083473,-0.5579554105486902,-0.2393503013386768,0.29538754111416904,-0.9204617933137432,-0.13913414974519786,0.44116404282398086,-1.2953994822605792,-0.22969745511917294,0.5353798322719884,-1.5427433448879817,-0.2518536581688604,0.5988163281897436,-1.7978016562263053,-0.2480812491252311
Y,0.0,0.0,0.0,-0.365227136131839,-0.16600168429779022,-0.06801770909889769,-0.6853462097399011,-0.43424131651563375,-0.13551564861483678,-0.9702406964164926,-0.5967906065628619,-0.2238426347127838,-1.2019228374811282,-0.6364708151927052,-0.29676129569245135,-0.39900719258347095,-0.9443952077907223,-0.005863529127527241,-0.4888037979755775,-1.1654611498348733,-0.14376717269807698,-0.4484134079191919,-0.9102306368111837,-0.22834699807094386,-0.39084709636624126,-0.6797937245869222,-0.2635779520341266,-0.18394360034994833,-0.9822560167885203,-0.03657689671157069,-0.26268985644006126,-1.172195464448625,-0.22819001687205076,-0.26559213915069824,-0.8007829331178729,-0.3119169986673964,-0.23622164501909607,-0.5054068491805658,-0.3323900943095082,0.03271776462453473,-0.99033385637478,-0.08705401630079518,-0.02325164118751839,-1.2320707055441493,-0.2661274470004096,-0.1025844228201992,-0.8670345261761693,-0.276961263036688,-0.14128481300393084,-0.5779357394444452,-0.23581590558175963,0.23631647315097834,-0.9569289942003784,-0.14243337438252482,0.3474294672151498,-1.340620522297295,-0.23679637427791844,0.4183834518647284,-1.595480826294116,-0.258199192018756,0.46373058965585645,-1.8631816179728524,-0.25595493526212615
Y,0.0,0.0,0.0,-0.36635147421442243,-0.15213820800086164,-0.07724787064046483,-0.694077960355295,-0.40868860561222353,-0.1490224057655563,-0.9817321253409927,-0.5645994868667807,-0.23948691637591524,-1.211765028630687,-0.5979219669574043,-0.31420791006607446,-0.416019727867542,-0.93617182905253,-0.0076124781659364,-0.4906340671757933,-1.1386971105447883,-0.1507018420463852,-0.44685294153589167,-0.878697045477602,-0.2417196845295562,-0.39052219516836206,-0.6467138290875902,-0.28002032049897496,-0.19858738953434968,-0.9794748544134219,-0.03452619715141893,-0.2657261748517222,-1.1584474233772772,-0.22666299921089858,-0.2651725737176581,-0.7917252302711333,-0.31238791941171373,-0.23710014951807568,-0.49751961591134075,-0.33379402738710806,0.016988015500710704,-0.9899980149586735,-0.08326408249788043,-0.03309867013798062,-1.2033580461169706,-0.26131331423952,-0.11024255735180152,-0.8431334501345261,-0.27548084505190024,-0.15117091387926065,-0.5576768877829612,-0.23632078101842233,0.21894106298026803,-0.9607978169313118,-0.1381971475586495,0.3274313758087061,-1.3435832746943779,-0.23113874051963043,0.3994070625520868,-1.5975649199618822,-0.25397109842062005,0.4437731313357825,-1.860987187837191,-0.25287671298808606
Y,0.0,0.0,0.0,-0.3648900060998238,-0.17106058532416307,-0.07707097317598827,-0.6657019900394012,-0.4901901254891018,-0.13417766301874579,-0.8996794409755533,-0.7576383115851263,-0.20466902234153986,-1.1033373146558414,-0.9107087085889626,-0.2522433117469733,-0.4016569899948921,-0.9399895429682152,-0.014401245613121677,-0.47695751926075125,-1.1616266425504738,-0.1388374028400242,-0.42721318152553234,-0.906892712254047,-0.1975756793824915,-0.37283066607866977,-0.6838986372387731,-0.2154996095565761,-0.19062764229277135,-0.9810988267539948,-0.0332594969269554,-0.265186488724539,-1.1350060216923676,-0.21723269266643588,-0.2598466087633977,-0.7693558471118122,-0.2885212320662506,-0.23355346328501583,-0.48896942796271264,-0.3019651066660133,0.022526694975449527,-0.9902064469143457,-0.07230453113927422,-0.03838351070387425,-1.2154909150432733,-0.2527312737071941,-0.11798700412398948,-0.8684238666464966,-0.2627669915510397,-0.16536421181706015,-0.5872713679087282,-0.22221837635310926,0.22335690956793186,-0.9612385788316985,-0.11567640567989797,0.3335326532395565,-1.3438511612743258,-0.22721248336859326,0.4017244841000666,-1.593761842443328,-0.2628204870778719,0.43838023169122464,-1.8518606978017125,-0.267791809459125
Y,0.0,0.0,0.0,-0.36722976195683965,-0.16910957549268368,-0.07273302074854039,-0.6675446268103047,-0.49169714701981376,-0.12347332773285576,-0.8938817881502991,-0.7614484861752866,-0.18812611388570613,-1.0915561278242416,-0.9150383040204649,-0.23093542159878658,-0.403402837326217,-0.9408567650762233,-0.009892428310048804,-0.4791708635136111,-1.151280871827531,-0.12689090849840168,-0.4285503675175836,-0.9114979913486265,-0.1808088808461343,-0.3751844753477646,-0.7079726927983551,-0.19842580427081913,-0.1912999096111148,-0.9810752718693522,-0.029927504226979578,-0.2673353265024157,-1.1278758626200036,-0.20881792370511779,-0.26567603167541876,-0.7701511679757832,-0.276539967817088,-0.2428640621854949,-0.4983895970319609,-0.2890964741552466,0.021573927056791262,-0.9860536898513483,-0.06948253249788594,-0.04243360296755221,-1.1957676000642667,-0.2509982870829315,-0.1171472177678726,-0.8449497161361633,-0.2595256871281037,-0.1590833843979893,-0.5643042864504104,-0.21740376878543166,0.22368843554838144,-0.9509964851848669,-0.11280913612332794,0.3303645223830556,-1.33019939680551,-0.22841662997703902,0.3963681997692059,-1.5782692551015025,-0.26442701421481946,0.4314288188421219,-1.8338610507728395,-0.26902083132202237
Y,0.0,0.0,0.0,-0.3652364858059198,-0.16841362928085224,-0.07399205218715832,-0.6642533993679671,-0.491941875267743,-0.12469884881254274,-0.8900205216528391,-0.7620481091190375,-0.18899439747110466,-1.087007375879447,-0.9162856622909795,-0.23123451382800359,-0.39987560629432656,-0.9414076018417785,-0.00976703854943164,-0.4731681241275739,-1.1501084409548843,-0.12669211705278102,-0.42541460804917236,-0.9086288933869182,-0.1798105261848452,-0.374475625274163,-0.7075368886584993,-0.19686065404187764,-0.18821419947130083,-0.9816951305289281,-0.02915623112077718,-0.26286769628589896,-1.1287831066514753,-0.2084483325326737,-0.26456304776825157,-0.7696355802256885,-0.27550584215777196,-0.24388222549474584,-0.49937969714317626,-0.287158580332985,0.02367965257095285,-0.986872908901086,-0.06828727974272646,-0.04038871197416612,-1.194773315940115,-0.2502659262954307,-0.11645048457969723,-0.8430202471238972,-0.2584466269362018,-0.1588602051700589,-0.5637133489618175,-0.2157651888319141,0.22474211007900347,-0.9527329026099789,-0.11130758753061258,0.3296768312325869,-1.3302468961887006,-0.22683402397871671,0.3945200131751324,-1.576968737102794,-0.2625650364874407,0.42957619586758605,-1.8312282014747878,-0.26683434411824003
Y,0.0,0.0,0.0,-0.3688907329906056,-0.1702944942670434,-0.07236105193292201,-0.6689454558984412,-0.5004104411599881,-0.12339098466073019,-0.8956552891095337,-0.7698738350113582,-0.18822138163175284,-1.0989752226610954,-0.9145430287968414,-0.23201030040636758,-0.4024899016873624,-0.9430091378237747,-0.010979403595605874,-0.47543651928421715,-1.1515612190957212,-0.12865623728282977,-0.42338329444545153,-0.9127509110083245,-0.18426464591416017,-0.3707791656441999,-0.708029238855603,-0.20278496519008857,-0.18958477249344532,-0.9813746657405917,-0.031006120059601773,-0.2630692814132075,-1.1220738311838307,-0.21018926377127245,-0.2602061807229826,-0.7597570410439244,-0.2784069468194778,-0.23757656052997642,-0.4848729228592603,-0.29098352964593616,0.02406079722468814,-0.9835738018293693,-0.0703633517714731,-0.035475868642534304,-1.1938392850864803,-0.2516018959016994,-0.10991968641778516,-0.8445747057487758,-0.26041483938250803,-0.15309669114926688,-0.5650388888977151,-0.2184065056779312,0.22620511345301247,-0.9464777528983235,-0.11321754038021298,0.33288742580121883,-1.3258444073765354,-0.22699918090210308,0.39870301024803956,-1.5715932255447913,-0.2613988135896569,0.43386614889676767,-1.8260187011264664,-0.2649916087103478
Y,0.0,0.0,0.0,-0.3672251286712338,-0.17014551845878173,-0.07388739816128863,-0.6672157008837188,-0.5014237295130317,-0.1249985398316123,-0.8934151404214951,-0.7717350958609123,-0.19001985665767782,-1.0954676112506438,-0.9181245620812443,-0.23365743258680505,-0.40017339340829433,-0.9447896269235521,-0.007834985274770835,-0.4688014583479811,-1.149831733563434,-0.1290313577248565,-0.41939460242634713,-0.9058265527040997,-0.18712037827844857,-0.36874858903167457,-0.700619911072292,-0.2061917846043847,-0.18692670855402294,-0.9819851434154323,-0.027633019026741482,-0.2569293991709321,-1.1240362324405422,-0.2099886072323726,-0.25795320781508035,-0.7603180011020464,-0.2795744175239951,-0.23841088505069694,-0.48515630019528616,-0.2914488898571274,0.025188387158488083,-0.984561691374097,-0.06760483476553754,-0.033192998603193594,-1.188957645444141,-0.25040706293988124,-0.10847534235559295,-0.8397825676279305,-0.2601423151700634,-0.15237107167147126,-0.5620693543899037,-0.21744382721588618,0.22531810058682986,-0.9491982311752891,-0.11144250343810944,0.32967741606510925,-1.3264079075190165,-0.22459525153007223,0.3953876634980818,-1.5706933601054092,-0.25878323067679787,0.43159554570574066,-1.8229977453640445,-0.26162411136668806
Y,0.0,0.0,0.0,-0.36580868511665054,-0.17119003721052184,-0.07473927570424788,-0.665235968290859,-0.5017797945167846,-0.12787538019927056,-0.8888700650571572,-0.773651503455907,-0.19405493431004298,-1.0875707531745653,-0.9298299912285216,-0.23870030943202328,-0.3944517137102236,-0.9452242169128284,-0.01878460294209489,-0.4661432560287933,-1.1510098106613367,-0.14001414689868655,-0.41237905957274906,-0.904775273568524,-0.19727015727000352,-0.3573127810142154,-0.6951951809591506,-0.21585124172012823,-0.1791958977779948,-0.983082670691891,-0.03791164471290469,-0.24796437901958582,-1.122477033850646,-0.22011236095374917,-0.24621840529124758,-0.7545567920589293,-0.2896664929814994,-0.22362063579280686,-0.47589647915520283,-0.30233922498354954,0.03499404408658237,-0.9846020513664566,-0.07594868007258007,-0.01943144940050959,-1.192973220356551,-0.25713919899550425,-0.09556671546809899,-0.8403247734902429,-0.2650478681293753,-0.14059089413577194,-0.5593515234746935,-0.22252367801766681,0.23590078277630408,-0.9457823131471085,-0.11770711039020829,0.34423170610797743,-1.3214589601642146,-0.23047682979310533,0.41407321923645757,-1.5627559908137423,-0.26352968932744286,0.45421213285796697,-1.8137366962266404,-0.2659638820338117
Y,0.0,0.0,0.0,-0.36960510082793674,-0.17202088933892162,-0.07861772779232924,-0.6712680569240186,-0.5056485386313715,-0.13294666537679836,-0.8979078879334335,-0.7805405238076415,-0.1994118980388013,-1.0997964696087366,-0.9321280898935382,-0.24417703843214192,-0.39806607554578205,-0.9477427728725517,-0.020285421594100107,-0.4636246243189502,-1.1482602878652464,-0.14168889662286108,-0.4141004575669143,-0.9021443719063981,-0.19796180422539203,-0.3640871044694994,-0.6964162698231456,-0.21565575599334108,-0.18194209650241655,-0.982588467301328,-0.03764276088084192,-0.24861404321768585,-1.1213666734562702,-0.21946977904404574,-0.25203258371156684,-0.754973679259687,-0.28723418945049156,-0.23414531367615657,-0.48065338993020945,-0.29874229022008536,0.03180362354871856,-0.9820003335978502,-0.07448353345270659,-0.021839293696257204,-1.1874973450335473,-0.2566726914747987,-0.09843522279757867,-0.8364454609154307,-0.2635985528995603,-0.14310798030156177,-0.5582033551552487,-0.21980065762191658,0.23224663448968405,-0.9421088576026848,-0.1154521427029029,0.3407313651243657,-1.3192415361384922,-0.2282261799360498,0.40847091860954154,-1.562943221951195,-0.2604583618912045,0.44674081071664246,-1.815426672588985,-0.26222281637130257
Y,0.0,0.0,0.0,-0.35958171495037317,-0.1747215270406681,-0.07648423219404696,-0.6525664954824761,-0.51635757382079,-0.13018756904497675,-0.8753807219413674,-0.785662448221363,-0.19774049679167552,-1.0785247276615966,-0.9314230640151789,-0.24429398482633183,-0.37965737615399414,-0.9492098834512501,-0.018616197654081026,-0.45314298356366867,-1.1463185910008573,-0.14843004538624,-0.396352918562322,-0.8812465743975438,-0.21135048996364106,-0.3364112056602068,-0.6686022698994727,-0.2319009488680587,-0.16392267430108923,-0.9857592922662417,-0.03752298709774259,-0.23031243775516844,-1.1122679501324755,-0.22417908830327776,-0.2287402697629758,-0.7376933095930358,-0.29385288243409247,-0.2060187545266596,-0.47061019807493176,-0.30565913710261305,0.0494804799537958,-0.981779702297328,-0.07670376188647254,-0.0014837891767782083,-1.173643328494713,-0.26406887723756667,-0.08042429814793217,-0.8134040709188644,-0.27285562834922983,-0.12896302446553115,-0.5385889787198258,-0.22915105898160673,0.2463583852732199,-0.9381072152874588,-0.11957593845423897,0.36004829999146404,-1.3052915217897245,-0.2348721831798067,0.4365144140706189,-1.5372770107892133,-0.2681399191461718,0.48290205936411984,-1.7813934989174596,-0.2697860805530684
Y,0.0,0.0,0.0,-0.3654911636466223,-0.20196349978458253,-0.07336815170289508,-0.6467784349446115,-0.5531520335901229,-0.12565197074063358,-0.8603542144668915,-0.8314731080930675,-0.19227389712633755,-1.053848365397065,-0.9843675790008632,-0.2376603805900221,-0.3519362346389834,-0.9746073373304102,-0.015247172254358888,-0.4145495261697117,-1.1667283272313684,-0.14286402016481384,-0.3752752726035667,-0.90189871165119,-0.20256830134136053,-0.3319464317353907,-0.6838564757237111,-0.21995402223737653,-0.13569492276697126,-0.9901407165377274,-0.034759881895966065,-0.1981185432953177,-1.11249277008146,-0.2198957929228229,-0.21648104081154826,-0.7463450448414032,-0.2878577723982951,-0.21034704257583167,-0.48066814059078494,-0.2981193590943926,0.07453732449728519,-0.9694815735377559,-0.07430834853833791,0.025596080649942777,-1.1461608515087172,-0.262831919241315,-0.06352162131440682,-0.7991001965840793,-0.2745154312123681,-0.11803661580969527,-0.533815940878481,-0.23162193070586734,0.2661105284910303,-0.9095495498686498,-0.11701310870821878,0.40038344677744914,-1.2681722153789063,-0.23456840530731787,0.49176495030474865,-1.494083263326137,-0.2700743734018647,0.5521648150320684,-1.732597505830302,-0.2722320658670177
Y,0.0,0.0,0.0,-0.3135927421498964,-0.2456916817251497,-0.09368474278640106,-0.5225102636555914,-0.6353576628881084,-0.14865074294233757,-0.6480276174304319,-0.9696600992457695,-0.21326841726923895,-0.7598268725073418,-1.231488739866709,-0.2515148479114817,-0.23653334254189215,-1.011950689126426,-0.03809470798610174,-0.2902814542021042,-1.2442037343666092,-0.17093155419407208,-0.2694954065424475,-0.9567473578845085,-0.2225150669407452,-0.23697891640791913,-0.7298279015253644,-0.2342150002062584,-0.02352887383808551,-0.9985302831004786,-0.04882280028009003,-0.07459828764041847,-1.1369209146547035,-0.24642120404253295,-0.12412208023190988,-0.770490833129593,-0.31295119990154646,-0.13948606766528746,-0.5148639801909813,-0.31910454281998063,0.1799318423311998,-0.9428158555780595,-0.08289414079533847,0.14552174369455242,-1.123106087285977,-0.28808321842000845,0.005839216023835019,-0.8039855482474904,-0.3041273896412904,-0.09124762967264065,-0.5618528810748564,-0.26049675378473186,0.3635494545240956,-0.8526741713399161,-0.12103280395575437,0.5287283515130421,-1.1710020071250522,-0.26016445005011063,0.6364094531355193,-1.3747286735200286,-0.3090476296735687,0.7134593085620371,-1.5988732395404692,-0.3171147150275385
Y,0.0,0.0,0.0,-0.3163630869896567,-0.2558795267302072,-0.0942792075500866,-0.5308744693422747,-0.64755458217822,-0.15184351843948765,-0.6608172397864578,-0.9799616353378882,-0.21957602018578504,-0.7659693000056012,-1.2459866318380817,-0.26012142983611886,-0.22398218785338278,-1.020817727938008,-0.03583492873967111,-0.2833222949527624,-1.2506773188437101,-0.17212734166508747,-0.26647430633015035,-0.9510992632909112,-0.22779611662006544,-0.23695965479110906,-0.7149456757157008,-0.24121277719037948,-0.012269117883648187,-0.9987859414975847,-0.04770861361578691,-0.0718512603860393,-1.1380270039916534,-0.2484985647737619,-0.12181440585812055,-0.7675836944389384,-0.31639468794107023,-0.13701689812144155,-0.5085610436623311,-0.32216073210798896,0.18829568734710905,-0.9348192883886614,-0.08351386509583145,0.15104591148994828,-1.1200765650940525,-0.28950408652331766,0.009290435854056376,-0.7965095617672744,-0.3040142111720213,-0.08908463308076528,-0.5527275004228037,-0.2581578113553062,0.3685215549099511,-0.8360507639476547,-0.1238559418695246,0.5357877126900232,-1.1446027475198028,-0.26090110346260503,0.6484985094880527,-1.3434070115509757,-0.30801788461429974,0.7306870169176072,-1.564854769106039,-0.31445356185653567
Y,0.0,0.0,0.0,-0.30370539801604984,-0.27654009574448146,-0.09258840911621431,-0.4976729526827775,-0.6741277436733722,-0.15074723832214432,-0.6144336269718607,-1.002942504375456,-0.21778877690592363,-0.7137639341603206,-1.2654500443449945,-0.25750196575727424,-0.17389888574349288,-1.0366181029560724,-0.04947052353434428,-0.23256449551680375,-1.2451899403532354,-0.18260543916327485,-0.22752971024377394,-0.9354123336877576,-0.23198583040739743,-0.2077775215179989,-0.6960430842172225,-0.24160391176476936,0.03662006760036317,-0.9974123728055875,-0.06186702856346408,-0.02358916198194262,-1.1177133067373337,-0.2588010278033645,-0.08924720082947436,-0.7462033692541178,-0.32115501231514565,-0.1166759143176657,-0.4918892931882637,-0.3247235789951581,0.23251185624431384,-0.9132411018233544,-0.09638592306059321,0.19556402860238595,-1.0782209611194957,-0.3003537175172924,0.04621953721496188,-0.7612745301034125,-0.31242623923836477,-0.05848652881975845,-0.5287086380344815,-0.2667150201409623,0.40372334598656673,-0.7931812342741945,-0.13499848112340035,0.5807902565172585,-1.0789469533715097,-0.2726868918913993,0.6989652084029327,-1.2591674934597805,-0.3187817868290011,0.7865788729518325,-1.4661305028063132,-0.3250328078642646
Y,0.0,0.0,0.0,-0.3056693643903014,-0.27694055984600563,-0.09676860093014286,-0.5024880019424289,-0.6724939398039732,-0.1586194454996426,-0.6192760427313161,-1.0050056522206336,-0.2287258028899709,-0.7195568856518237,-1.273500548183537,-0.2715830403332649,-0.1768585988275267,-1.0369081271601965,-0.05966318120444906,-0.22883180682562684,-1.2445103188975106,-0.19687016745168157,-0.22585095881850728,-0.9303240913360032,-0.24838229784108648,-0.20900962204182283,-0.6895190096979834,-0.2590562397483868,0.03875838207369581,-0.9967125582406112,-0.07114677831416963,-0.013650461690219065,-1.1101789033665626,-0.27207759405101356,-0.08228495233824869,-0.7336926494805621,-0.3362046179134843,-0.1148113407963628,-0.47600359805747955,-0.3411930586133617,0.23700230385516044,-0.9110851347632626,-0.1048682841540405,0.20725917996939747,-1.069569556213377,-0.31325637320062244,0.05331636417322632,-0.7496657444825577,-0.3282547521125886,-0.05851250553194161,-0.5149385716785697,-0.2845247282591949,0.4078498649125584,-0.7873671742064081,-0.1425696733007889,0.5900895284777813,-1.066304127465052,-0.2844672169801262,0.7139739092551582,-1.2380597499597865,-0.33334428389895693,0.80553208194371,-1.4379633293110639,-0.3415527610958529
Y,0.0,0.0,0.0,-0.32952359530966685,-0.28721872900307205,-0.0932580297632446,-0.543746571263585,-0.6973875135628644,-0.15227556816121204,-0.6814286704157348,-1.0361228353717349,-0.2215737323060288,-0.8087445998601711,-1.2866500447485398,-0.26529291794193977,-0.20169937378977568,-1.0410280111962729,-0.048936451588279944,-0.24649783742675202,-1.2549751566804206,-0.19059003550928214,-0.23957151523940268,-0.9459497538619437,-0.24862385346811489,-0.21997968706578447,-0.7001563795901656,-0.2628663962899505,0.027888201989636253,-0.9977297057802236,-0.06129993795668745,-0.018536032277718637,-1.1123367603743048,-0.26547347173620506,-0.09251196659704677,-0.7336162447145961,-0.3321358257534459,-0.1302036666069787,-0.4670264889223934,-0.3388987563071237,0.2357684253936748,-0.9127199908972241,-0.09660398397374871,0.21338649617899297,-1.0698824624893821,-0.30903676540600333,0.05604762791166599,-0.7454026885438448,-0.32539202356533986,-0.05755913394418032,-0.5053137805088033,-0.2819929922771319,0.4124769968493914,-0.785172611038235,-0.135669885709285,0.60744835426817,-1.0615884481193378,-0.2790124783282706,0.7424751778634617,-1.227284811088856,-0.32900588022625676,0.8462615885134867,-1.4250437977481545,-0.3384038625141617
Y,0.0,0.0,0.0,-0.3349250146396044,-0.28905178131850745,-0.08780114694122618,-0.555155863426138,-0.696302201404718,-0.14897072224742813,-0.702718259208206,-1.0307549288995559,-0.2221199874353744,-0.8467155974671794,-1.2665727311367625,-0.2717874029034078,-0.20839786771686164,-1.0413364342859837,-0.043460957123705506,-0.25626641476581224,-1.254953217036494,-0.19058979074936624,-0.24961279255015537,-0.9555106638643913,-0.25758196039316616,-0.2295233683193746,-0.7040215671268325,-0.27719986473266467,0.02208644296637727,-0.9979210264597812,-0.06054596589823201,-0.027541103737269423,-1.1226616662695768,-0.26713690903442594,-0.10135509461055739,-0.7491203859311317,-0.3390273954226295,-0.13921831522297717,-0.47243400276679354,-0.3491726745780517,0.2307110767130366,-0.9136193056259218,-0.1006476414468333,0.2031597429293101,-1.0731450587363975,-0.3132786526582244,0.0470598050429304,-0.752099375459421,-0.3336555696112436,-0.06434767421786015,-0.5087945432218575,-0.2933747332698645,0.40878163070646334,-0.7863579823691123,-0.14421109367450666,0.6045324329900387,-1.070134015062543,-0.2856320941920603,0.7410805924205464,-1.2392671458023707,-0.33607304325622434,0.8460572371440777,-1.438888770330923,-0.3470168627880054
Y,0.0,0.0,0.0,-0.3463091065295161,-0.2684137279371977,-0.08424188997424187,-0.5855639058807742,-0.6733124198358179,-0.146263523710383,-0.7612007252555422,-0.9970052481385566,-0.22041716119978214,-0.9325490885574711,-1.2076588048855286,-0.2714882168897672,-0.23686900984248346,-1.037006780662957,-0.045692856793157065,-0.28699108013232477,-1.2420048164353399,-0.1880066723308863,-0.2780119829339459,-0.9579647250154861,-0.251189995336679,-0.25675309348962055,-0.7164856704293797,-0.2692194515061485,-0.007275075671665964,-0.997807796856796,-0.06577745666836278,-0.05678959950629542,-1.1253619303796318,-0.2692374946227217,-0.12206663551393764,-0.7546521553881037,-0.338737672897942,-0.15016893187254404,-0.4758175884771368,-0.34753041942231266,0.2042419324267734,-0.919830569678887,-0.10706379996568735,0.17549361280915868,-1.0835653069704203,-0.31446990878040454,0.028004624472046203,-0.7514902272749381,-0.3292861249452549,-0.07408264607884421,-0.5003580484038292,-0.28652425171772683,0.3869013376778804,-0.7979151092993921,-0.1516835592463525,0.5699880858918626,-1.0982980523767387,-0.2866212405841013,0.699867106290245,-1.2766324599750698,-0.32997506463926696,0.8006840731323646,-1.4855814260118407,-0.3368015098856022
Y,0.0,0.0,0.0,-0.34519563822153954,-0.266665525272714,-0.07678433128721145,-0.5885146634503643,-0.6659460807178635,-0.13699968650831545,-0.7778380544651206,-0.9754347805971225,-0.21184321112988835,-0.9544802932130005,-1.1722609652670783,-0.26514704187434773,-0.24468937397677626,-1.034712657225323,-0.03303805161737697,-0.29954259499302044,-1.2425838662297848,-0.17247042485871825,-0.2910990851169868,-0.9639051889514327,-0.23788006110790919,-0.269036895432155,-0.720883326220531,-0.25757613915641836,-0.020814241453720468,-0.9982346180036432,-0.055627464186560074,-0.07073384895023312,-1.1238179958155905,-0.2591965474611687,-0.1338270638094832,-0.7480182005790544,-0.332110278010905,-0.1625867099281106,-0.4611469680492324,-0.34181734386219914,0.18878456022032986,-0.9244147991672246,-0.09871151957932632,0.1593726334680841,-1.0896378193131653,-0.30219512737875237,0.010497914163254967,-0.7556271716478566,-0.3187147218133578,-0.09396253569957692,-0.5012245222871677,-0.2767604901812548,0.369907787907615,-0.8083092939170401,-0.14454271625663076,0.5529493695818677,-1.1075395102601355,-0.2746355713366857,0.6822031965304333,-1.289739168818097,-0.31699862517037386,0.7807774570048155,-1.4999221140921681,-0.32269433295012107
Y,0.0,0.0,0.0,-0.3446295153850654,-0.2367999498142835,-0.07369620543137355,-0.6032602254537418,-0.6190623657251084,-0.1323550498455931,-0.8084644809548058,-0.9132598469138089,-0.20550323128590758,-1.0009063931484332,-1.0781484942551436,-0.25777591126263316,-0.2840045398915894,-1.0139476258853866,-0.023732995329772175,-0.34243057113799347,-1.2182641304666164,-0.15676521126366907,-0.32411375248364427,-0.9427499586401105,-0.22141647628031536,-0.29241078464472975,-0.7109428469447471,-0.2414859862057358,-0.0674120095213851,-0.9966814791387305,-0.04562510399025248,-0.12241615659050492,-1.1350273738923606,-0.23621124260832402,-0.167413759623473,-0.7660355734702412,-0.304048188975794,-0.179540450230781,-0.4879339033395615,-0.31207267257492877,0.13949144993177073,-0.940156047835414,-0.08775731784628503,0.10049822980358179,-1.1113276414516962,-0.2768253037584873,-0.025414695927939667,-0.7752387072714011,-0.2893549222058485,-0.10896044807823467,-0.5203742000521483,-0.24705812310069855,0.32394974463129,-0.8458572931135337,-0.13311817816522464,0.4905084679562401,-1.1645836756664314,-0.2478527297332778,0.6054363455464107,-1.3579076327412922,-0.28289473550331545,0.6878017628547127,-1.574345393607353,-0.28583065539309865
Y,0.0,0.0,0.0,-0.3644912296986941,-0.18822171089177028,-0.07284318961953139,-0.6544436864799688,-0.5246308912587855,-0.13220922179349784,-0.8824639098178171,-0.7837175185747587,-0.2070592087130724,-1.0870983311538047,-0.918053053388592,-0.2613425708524917,-0.3687160190876176,-0.9659605992837555,-0.016339098285679785,-0.44538853817989615,-1.17427135733543,-0.1545990527198545,-0.40180714728766365,-0.9063261302055133,-0.22747146660338532,-0.3490462373609701,-0.679832429880315,-0.25288859776744166,-0.15397576954235515,-0.9872598871734543,-0.04011704839712977,-0.22180424664823384,-1.1374838349684149,-0.23439786527712944,-0.2322332586289774,-0.7676180710121285,-0.3069777207449129,-0.217242470510615,-0.48851604836004586,-0.3177642352276124,0.05560917584454631,-0.9703898452728474,-0.08525972922487514,0.005180429890343708,-1.1617950834590125,-0.27448518884630935,-0.09057578357525135,-0.8109205986300806,-0.2860618968162896,-0.15086988399485973,-0.5401982771836356,-0.24321508311833315,0.2480891052107107,-0.9132994374346758,-0.13458736423798073,0.38051680976601027,-1.2659410268558864,-0.24821240788890575,0.4764315417981916,-1.4880753587642024,-0.28247139736523036,0.5421785730726087,-1.727500507707016,-0.28537293414831694
Y,0.0,0.0,0.0,-0.38226012040103236,-0.1556896755373782,-0.07422349704436473,-0.7026555381572867,-0.4543098869599032,-0.13354035672720949,-0.9635656058379961,-0.6796000955525004,-0.20891326614403993,-1.185724117358626,-0.7845779339344515,-0.2630048530054014,-0.4300151273753287,-0.9302396405311864,-0.010596717704008263,-0.516991549288534,-1.13503806045373,-0.142387096529155,-0.4555126727761729,-0.8821514649574727,-0.20911953557408747,-0.3890051115655277,-0.663878530856257,-0.23170697064143897,-0.2145689154674569,-0.976163372092222,-0.03263819083009166,-0.29557452165445713,-1.1214693112316272,-0.22218005732534724,-0.2782225480927084,-0.7556355985466787,-0.29248555681649996,-0.2398258817644084,-0.47924915280775604,-0.3043528369293462,0.0007135095721468639,-0.9868552647614375,-0.07628039078847054,-0.06500067814130181,-1.1947241673738365,-0.26245587079808036,-0.13196965098485747,-0.8333754503589496,-0.2719522454876121,-0.16601099081810783,-0.5494888166697598,-0.22968843187644783,0.20346673285361822,-0.9517204034928919,-0.12441140545934337,0.3197121862655823,-1.3244738645299785,-0.23762137150025828,0.39989403117071737,-1.5644785625001987,-0.2740454647017482,0.4483705560503043,-1.8184558271487137,-0.2795993260143097
Y,0.0,0.0,0.0,-0.37879389159086063,-0.1267675126469424,-0.07902901833746245,-0.7076230735644689,-0.40300409426330225,-0.14081912723906256,-0.971968446856206,-0.6154358943623188,-0.21760590056051657,-1.1979588720732923,-0.7119325570303654,-0.2733369705787679,-0.4654603084217705,-0.9029497573824259,-0.013653899606408821,-0.5544098136971509,-1.1059516181676687,-0.15103234134371524,-0.4811369268940434,-0.8515223096272297,-0.2254727388607159,-0.4059272805808703,-0.6387500690580582,-0.25343630589503996,-0.25554342778565814,-0.9661981880737823,-0.03403847644205337,-0.3314548918009191,-1.1130189747695973,-0.22570639639352333,-0.30418094298835013,-0.748636008974171,-0.30109930752577213,-0.2598969656877952,-0.47603457262145316,-0.31724662147832194,-0.04262135851501535,-0.9906453469094677,-0.07663968536846338,-0.10462296142425985,-1.202493752865201,-0.26532075339033867,-0.16395752621080956,-0.8356956443622172,-0.2764112668840097,-0.1941799599280945,-0.5500824467472359,-0.23511064182972494,0.1594255896510256,-0.9693731607608533,-0.12405488761069523,0.25151375541726895,-1.349837086240383,-0.2396531285546234,0.3161320173661808,-1.5968017849332894,-0.27566013329382844,0.35490232026172236,-1.8555835409195227,-0.28036995054449665
Y,0.0,0.0,0.0,-0.37480012335408436,-0.12173580079556737,-0.08279261010907446,-0.7075834922230807,-0.38989996081465805,-0.14513127199202353,-0.9806281731176529,-0.6019309824378082,-0.22100541143190658,-1.2085482522788702,-0.7048378641527518,-0.27597362368813055,-0.47185520513978446,-0.8898560247878203,-0.020705288042500568,-0.5706242102327498,-1.113809563811474,-0.15057725073543887,-0.5031713595252149,-0.8750802076279555,-0.22087096143639529,-0.4294640569807992,-0.6786222651110541,-0.2505547839760109,-0.26344983776734393,-0.963899298743657,-0.038630620779978586,-0.3494498070664683,-1.141732496295652,-0.2233323457415513,-0.32375692950264606,-0.7874184754767299,-0.2956812286376533,-0.27631325382802363,-0.5252866106664229,-0.3138254719363586,-0.04621639712784949,-0.9975904850747173,-0.07743507796187551,-0.12318020980238098,-1.2432195413809473,-0.26478450797653746,-0.1746253854057155,-0.8717812543009181,-0.2686057639341124,-0.19206015716009048,-0.5814175152098938,-0.22460028040327015,0.16313891600726887,-0.9819360937385768,-0.12092161662167344,0.25491116008772075,-1.3754650595826488,-0.239398338356785,0.31311418618194997,-1.63393284787977,-0.2723377495623728,0.34528568267797266,-1.903101347969172,-0.2759213794634989
Y,0.0,0.0,0.0,-0.3776910916597372,-0.12372432419578303,-0.08849533041990376,-0.7021912633996829,-0.39909573362157524,-0.15298831071483077,-0.964892013346403,-0.6226001987440618,-0.2290528658871147,-1.1880867674949727,-0.7277507323924255,-0.2819136786915433,-0.4559968668584632,-0.9043779918586673,-0.03378577089505452,-0.5403137396568876,-1.12754680743605,-0.16600136764721604,-0.4679705103733304,-0.8725460442796494,-0.22857109018189437,-0.3977421614302734,-0.6531598261517781,-0.24957199384926274,-0.2423285517970011,-0.9689603784733508,-0.048914802797813815,-0.3172692962028887,-1.1282734199750708,-0.23805393805909056,-0.2951552232342263,-0.7597369812154275,-0.3070844570865626,-0.2557132979238798,-0.4871390036319392,-0.3208506332282042,-0.02595165132120271,-0.9945865783201728,-0.08557590405018967,-0.09128337443684444,-1.2282946565955,-0.2756179496125054,-0.1541739897974416,-0.862986904857071,-0.2839352799395056,-0.18590440006360767,-0.5761118499584327,-0.24266377085956736,0.17947850702210671,-0.9700948029927008,-0.12698544734282294,0.28538369790397977,-1.3536814880163377,-0.24790397190661576,0.3528654403646785,-1.5977137827156653,-0.28638079392619414,0.391016644636984,-1.8564125658437327,-0.29340837314035795
Y,0.0,0.0,0.0,-0.38983365809495973,-0.14190489707939075,-0.07946888068997454,-0.7123527214211686,-0.43480519957676556,-0.1378900161196808,-0.9695191734486404,-0.6640393871679554,-0.21088075251071392,-1.18813179115953,-0.7694610682310774,-0.26187061837371717,-0.4332450858483915,-0.9259361456198755,-0.017246817368820597,-0.5123015118588069,-1.1553126550126755,-0.14934323310420775,-0.44963707565323213,-0.8992590034737274,-0.21520034353746537,-0.38294693333253127,-0.6786301413994382,-0.2377367860397438,-0.21515732923748318,-0.9758950545085456,-0.03655360804566107,-0.2849169424709107,-1.146506564190247,-0.22203895414833671,-0.2785627657683598,-0.7833590917236662,-0.2902730873642467,-0.24731369118033364,-0.5110795113223441,-0.30350740404372656,0.002167044429601502,-0.9889277297951563,-0.07771936253062516,-0.05213816201928346,-1.2221504321807974,-0.2641420302404407,-0.12406301098586625,-0.8615239434296337,-0.27204484675328505,-0.16017295727305073,-0.5793374543313152,-0.23015831966929037,0.2082897088312677,-0.9543996015937003,-0.12364752073673713,0.3276200394786,-1.3350026904190142,-0.24049778942574768,0.40843870104525204,-1.5797758413536063,-0.2774479034730733,0.46285288145502046,-1.8408000168137635,-0.28346461698399833
Y,0.0,0.0,0.0,-0.3863731026390749,-0.14344482816646675,-0.08185740329376283,-0.7093803831556778,-0.4244811620788008,-0.14422110435781002,-0.9673414215851295,-0.643531741939956,-0.22120606733995807,-1.1829945304966332,-0.7446735846525634,-0.2761517129047103,-0.432477062091276,-0.928873232022582,-0.013362268303458564,-0.5103379812009501,-1.14529199667727,-0.15014492182858272,-0.4490857464763794,-0.8857050353532074,-0.22294349854365952,-0.3835318388993974,-0.6602172840486195,-0.24886022631385868,-0.21645989027869839,-0.9757565557593043,-0.032315008792721096,-0.28867075542087256,-1.1473405246863684,-0.2199378587186708,-0.279503786409943,-0.7862421518590712,-0.290580739217273,-0.24654362133743934,-0.5081598962397104,-0.30402828453441744,-0.002218536394692385,-0.986698556143155,-0.07411111531240011,-0.05774217395180929,-1.221876673061513,-0.25641697545191344,-0.12383060227583095,-0.8693916464323085,-0.26232316564873365,-0.15413232161484458,-0.5891778250001785,-0.2190279402418085,0.20082945639259173,-0.9514343448402439,-0.12195898100678244,0.31564096211978115,-1.3270321968933672,-0.23200006885079127,0.3913584047168361,-1.570992320014297,-0.26523946117921116,0.4410174833440611,-1.831222234400071,-0.269045070237636
Y,0.0,0.0,0.0,-0.3813136115064362,-0.17628019707212295,-0.07244406224569801,-0.6889472405852451,-0.48411154311434806,-0.1368099006424624,-0.9398418722366695,-0.720493772735314,-0.21942263852320704,-1.167177136868441,-0.8286979301747801,-0.2825114322292723,-0.37821281394532896,-0.949817518304467,-0.022703428716408167,-0.46177402768531045,-1.182578745837696,-0.16685517469917818,-0.4124964506315638,-0.9103325288807024,-0.24687522914736137,-0.35325500049908465,-0.6761373051107641,-0.2790326005266419,-0.15582705242226413,-0.9864455957151096,-0.051410275506472154,-0.22860882503710392,-1.171883446957931,-0.2498274792876183,-0.23048142282721765,-0.7948630521305547,-0.3282998185042259,-0.2052332089840351,-0.5038504597609264,-0.3468147771185179,0.06571359316026737,-0.9848029174761489,-0.10041387808000922,0.015310656857654297,-1.2298452193476221,-0.29195273464141575,-0.06228696081356522,-0.8531005663915836,-0.29667367440114106,-0.10455314577175916,-0.5581054719170437,-0.25206936804355234,0.27303708481065847,-0.9311667951961773,-0.15428433478203327,0.41078636625913256,-1.2993392116338507,-0.27133618205754845,0.4989462018650972,-1.539357217289616,-0.3041795031820611,0.5589111137177707,-1.8025186110180684,-0.3079174272102189
Y,0.0,0.0,0.0,-0.3728174849643061,-0.19085633179870162,-0.08699204225809876,-0.6694725182243754,-0.5145585285749035,-0.16059461767157168,-0.9073599813637843,-0.7765425576889828,-0.24952894200641024,-1.128586053994496,-0.9062136834660782,-0.3171818038681024,-0.34055481140908256,-0.9803966630624346,-0.04959496389270202,-0.39884071541158966,-1.195637443869477,-0.20711382609649592,-0.3611977115107252,-0.8991818931963754,-0.291845654261179,-0.31533590871041767,-0.644915223079455,-0.32371567280593255,-0.10810886102974313,-0.9913937949486465,-0.07382965193045883,-0.158230053248224,-1.1595119034260934,-0.2802863944028575,-0.18244340086564395,-0.7712745889637563,-0.35767932798282825,-0.17842164580617317,-0.47800052384093933,-0.37496202242055604,0.11820209834841842,-0.9614781532533837,-0.11941156117825764,0.09937070950592075,-1.189143616844512,-0.3218935767564587,0.0049462376257790154,-0.8175133731427007,-0.3273582946337876,-0.056010988296435596,-0.5326454926030614,-0.28134664726049985,0.3244410384044341,-0.878961686809625,-0.17044879575592325,0.4872248778216274,-1.2297037191701934,-0.298037756603582,0.5967802493187345,-1.4502685331962923,-0.33272004343816436,0.6788307523552674,-1.6985422346086454,-0.3348645975644435
Y,0.0,0.0,0.0,-0.3804755831402705,-0.1894067318157624,-0.09565190472917477,-0.6780969955145925,-0.5117296955333884,-0.17359125436299683,-0.9090021109973411,-0.7841155729934163,-0.2648206548569615,-1.123045819938205,-0.9335099396860372,-0.33417197402057797,-0.34526582405530326,-0.9871626519640931,-0.058889447988714316,-0.3887095495202077,-1.198780132469508,-0.2100786873923701,-0.3532464786457022,-0.8975229713392556,-0.2890992856472975,-0.3143537864119705,-0.6480385664325274,-0.31839427241263185,-0.10736710047008632,-0.9911838751823645,-0.07763266912271706,-0.1494523327771835,-1.157242911525865,-0.27604204832003965,-0.18012218811921407,-0.7689045768111956,-0.3491851609392289,-0.18379839720216923,-0.4867435307148823,-0.36652626581391085,0.1205699196187229,-0.9561390875740621,-0.1179118666246209,0.11462514985032886,-1.1896387650018292,-0.3187599804401368,0.015725503148797552,-0.8215799809035275,-0.32466292767851895,-0.04888929131304606,-0.5434049146460713,-0.28001611612851934,0.32626002018111255,-0.8691824251392855,-0.16389610790644987,0.4955977341996385,-1.2140355306725037,-0.2920295581710598,0.6157572539396587,-1.424324776316253,-0.3274831226076971,0.711130939649421,-1.6651458020886047,-0.3305437898386828
Y,0.0,0.0,0.0,-0.37420532751514607,-0.1978035874796507,-0.10143728639924522,-0.6679144618024765,-0.5296788910659783,-0.18270692019146426,-0.900184198480487,-0.8169141319057114,-0.2766050740638914,-1.118269568453108,-0.9783557153454249,-0.34786954324658115,-0.332388554467775,-0.9943731710989956,-0.06734156955477504,-0.37687053172727075,-1.2037795307295323,-0.22765248314187722,-0.3393700779795007,-0.8986843770591825,-0.3103057967537911,-0.298396310429629,-0.6470628689537856,-0.34072741658999917,-0.09121157884445386,-0.9921668832009005,-0.08535410806816772,-0.13201988358449546,-1.1518242084428925,-0.2954382958185033,-0.1655590663266524,-0.7554903086443798,-0.3706100234653808,-0.17152158249857538,-0.466917079081987,-0.3870179210969953,0.1390683885026067,-0.9490424504243204,-0.12604365108602636,0.13342368270993268,-1.1702081453881514,-0.33916819601067166,0.027557227910338863,-0.7983377990676349,-0.3472496724866127,-0.04395853864665757,-0.5185897210976221,-0.30137124414932076,0.3449832837751157,-0.8535644370339724,-0.17239718486223055,0.5255347092967738,-1.1944346877358603,-0.3105613682912675,0.6518663257543725,-1.4015915494351616,-0.35052666753380973,0.7504978518614394,-1.6405737129957476,-0.35510453048928853
Y,0.0,0.0,0.0,-0.3762159830396638,-0.20227926580261757,-0.09874252535798077,-0.6678679208419395,-0.5354737343708333,-0.17847561317903674,-0.8958887074060403,-0.8178110922077858,-0.2706233970604081,-1.109010657008883,-0.9778309072606926,-0.34006443626983446,-0.3314614636221287,-0.9997626941769344,-0.0698343643500749,-0.3727056480783463,-1.1964961804183087,-0.2269160135441276,-0.33196927219790884,-0.8971457149077642,-0.30498628996114535,-0.2914287920716012,-0.6521946231739064,-0.3324048830451858,-0.08878720683836024,-0.9920801889870631,-0.08884666859953565,-0.12698091430653696,-1.1432071554712986,-0.29438087392879553,-0.16106911457890852,-0.7564567759197002,-0.3662176012585407,-0.16952479399597534,-0.4786670064430967,-0.38148899101071276,0.1414100692686398,-0.9435240054598298,-0.1298595352559326,0.13767623771858067,-1.1512903405737962,-0.3407562991399799,0.030131222991637965,-0.7854753110278807,-0.3488062989169644,-0.04467943579117613,-0.5156577385518827,-0.30365361406961733,0.34650134552636047,-0.8424626139074839,-0.176158414932145,0.5272442414543558,-1.1787849821438803,-0.3126150553904062,0.6553682513434987,-1.3801080427609662,-0.35128338610885,0.7558916605262941,-1.6142893122198663,-0.355239164624521
Y,0.0,0.0,0.0,-0.37163531528705873,-0.1991742843441612,-0.10240046535543464,-0.6612989703972063,-0.5370917413770072,-0.1836786357537611,-0.888382453287195,-0.8245027161265535,-0.27690967196458094,-1.1041241193934814,-0.9859990690024263,-0.3466992089891401,-0.32458609349191736,-0.9995939162136082,-0.07441893424091885,-0.3699607120311669,-1.198791538349643,-0.23433784929875381,-0.3349948653565123,-0.8896244905707092,-0.31231788648420017,-0.29674329096397034,-0.6434945689768199,-0.3398156689315355,-0.08423075843027773,-0.9921231389679835,-0.09271923456637997,-0.12505649126648025,-1.144562561573541,-0.30134801575848363,-0.16104966753941177,-0.7525214978949026,-0.3722529533734027,-0.1691117077421546,-0.47776077323045335,-0.3870695339891687,0.14503597488948833,-0.9418297307244899,-0.13361885339304236,0.14194745151293314,-1.152282936503254,-0.34945266001886977,0.03310419101689581,-0.7820120652180867,-0.35728368525430354,-0.042586335855148566,-0.5128556778941692,-0.3116507465312528,0.3494675636090204,-0.8403005342016459,-0.17995538278272305,0.5306626464716617,-1.1750057775610065,-0.3226418546475743,0.661930957801144,-1.3741723604338494,-0.36439517719403375,0.7661736393851342,-1.6073263530570454,-0.3699137773216697
Y,0.0,0.0,0.0,-0.38090311612560496,-0.17961117376949862,-0.08578363172398772,-0.6875082035824593,-0.48468630296859166,-0.15936505087515448,-0.9249947088814854,-0.74608747039357,-0.24736578043910026,-1.1389906886253,-0.8735636247102843,-0.31412783375529374,-0.3949843580455428,-0.9633848904679939,-0.03985521590317913,-0.4495321946467477,-1.1914382479648142,-0.1891356135337453,-0.39670592135374505,-0.9164626351311721,-0.27129678433153875,-0.3440317100712907,-0.6723471945732145,-0.30187018310363034,-0.16093694435885056,-0.9850691176295193,-0.061140276684332875,-0.21043848958346492,-1.1568750948105753,-0.24716359791370285,-0.21934662571316313,-0.7881861665785013,-0.31381030775639096,-0.21303518763167667,-0.5054854808086767,-0.32843016507684586,0.06586095044284351,-0.96761564987899,-0.10509207731016967,0.03659287548760855,-1.1887735312765544,-0.28987440421615235,-0.03842430619236312,-0.8387977990658679,-0.29194372723232964,-0.08548282938094234,-0.5636469517697288,-0.24866655046564853,0.27544067587424265,-0.8984653641177492,-0.1554346254635745,0.4257814689718945,-1.251023037790332,-0.2679585389995137,0.5336009280296717,-1.4726222333473953,-0.29767890908961137,0.6118747038521529,-1.7151762426158403,-0.30032235554212744
Y,0.0,0.0,0.0,-0.3746213696129781,-0.1521024470331836,-0.07714219838219902,-0.6859021919505577,-0.4517507751770078,-0.13680011320196223,-0.9332437957285187,-0.6860088847503809,-0.21011487879568388,-1.1491993457781335,-0.7986248451379271,-0.2618733958063024,-0.4205052315630101,-0.9291963100318126,-0.01653686949820936,-0.5021263267659262,-1.1557308318355635,-0.14727728821934855,-0.4462327603840827,-0.9029172224658422,-0.21445905212292216,-0.382224141854362,-0.6792379191458814,-0.23836531443925654,-0.2108713126532824,-0.9768353623226799,-0.03641379430656148,-0.2840448095876725,-1.1500954218626882,-0.22293714389977393,-0.27709289652535496,-0.7891740918166683,-0.2935479448793617,-0.24322493877878423,-0.5085638635792511,-0.3064652211905332,0.0006465561602523607,-0.9856973744031354,-0.07764503095571951,-0.057711646997652015,-1.2199836190995228,-0.25733663480368524,-0.13335606973560038,-0.8761425153995553,-0.26654732932534175,-0.17191244231452665,-0.5997708710277107,-0.22676051403325262,0.20082343272122402,-0.9508698434610502,-0.12374319565524133,0.31183734610418584,-1.3241227427573714,-0.233760946391043,0.3786711723198148,-1.5674771031020218,-0.26944844667648093,0.419699905041904,-1.8228315899144822,-0.2757140834048787
Y,0.0,0.0,0.0,-0.3797246533455869,-0.13678799028332703,-0.07822900859675738,-0.7041472481348312,-0.4102544766559061,-0.1353315182448702,-0.9577873542108553,-0.6327332400909955,-0.20594202726945907,-1.1690849869333817,-0.7452337878326492,-0.25453025489230025,-0.4628380168867196,-0.9039587306041571,-0.0037756567172233897,-0.5542970631498857,-1.13537415900596,-0.1331499786140764,-0.48887064707097816,-0.8937385381229954,-0.2012148577815473,-0.41748891447871594,-0.6834336784629444,-0.22589185015276989,-0.25599775621263005,-0.9664184488613073,-0.022372539297176038,-0.3425692195873596,-1.1444784800726557,-0.2049481251169542,-0.3194211115017398,-0.7881270918878287,-0.27270419816137187,-0.27347595971331395,-0.5144592419470715,-0.28341813345077554,-0.045906487339612646,-0.9886250610950572,-0.0640909425603745,-0.12229488051024609,-1.2162270292305817,-0.24315346113926875,-0.18070000893287808,-0.8743375769185103,-0.25158925075340804,-0.2037499688022798,-0.6006435100580451,-0.20942162112178714,0.15657537566569438,-0.9702798266068844,-0.11121782475852056,0.24295131369386147,-1.3554325940384189,-0.2195277479711937,0.2929683496714029,-1.6098890597445128,-0.2541001817462065,0.31690109271114336,-1.8722676617176923,-0.25914693879001366
Y,0.0,0.0,0.0,-0.3778643603885379,-0.12489670013020036,-0.07825677933081691,-0.7087345484373249,-0.39555932722318227,-0.1333666065330501,-0.9665591641681139,-0.6143980372568618,-0.2015352797544831,-1.1811111424587886,-0.7210580689374567,-0.24744522926332094,-0.46825531239850116,-0.8904059927327775,-0.00025596596067279493,-0.5747387473855764,-1.1119196618406988,-0.12968114773703268,-0.5059423144451313,-0.8670106463659137,-0.19928615803511324,-0.4287058490600049,-0.665812809501475,-0.2267312485184448,-0.2675319698677644,-0.9633767081602675,-0.01821985930133045,-0.3667869612350674,-1.133671653580614,-0.20019136634958323,-0.3335994593486965,-0.7756627282389011,-0.26788285421406055,-0.2752059485862246,-0.5126221718016184,-0.27943816270536204,-0.061037980679849654,-0.9922732163784804,-0.05969468147774105,-0.1502691426475331,-1.220810428858433,-0.2377624904761075,-0.2032898957139069,-0.8768500109025004,-0.24555970986357567,-0.22009302739025055,-0.6056370490641193,-0.20432300226506483,0.13903077385943732,-0.9770650282305523,-0.1064933311710892,0.21501674669261708,-1.3625995425329258,-0.21590291244611173,0.2556136600975651,-1.6143360528227035,-0.25182779968220265,0.27057869995150724,-1.8745269112544714,-0.25828297708703357
Y,0.0,0.0,0.0,-0.375927790146798,-0.12128682766229698,-0.07892561305890924,-0.7086742749442438,-0.3838326512365882,-0.13613122656644333,-0.9704323201568938,-0.5992394555071927,-0.2061878736057342,-1.1859019749856228,-0.7063427503869872,-0.2540771370498356,-0.4710590993786572,-0.8835615115127238,0.000558927005102764,-0.5884373047659952,-1.101834895617368,-0.12803037024887642,-0.5151739171333579,-0.8528981441200594,-0.1982207123129694,-0.4341948805114838,-0.6449770504570418,-0.2256409468779968,-0.2743174799476441,-0.961503027990983,-0.016181698283715445,-0.3876507951248951,-1.131094967448685,-0.1964528202236574,-0.34821905941216574,-0.7747609213504774,-0.26539480545999306,-0.2842301466954892,-0.5113030492216857,-0.2779604316904241,-0.06829951439316045,-0.9960830528437956,-0.056109089004071064,-0.17166633808890105,-1.2324829341672583,-0.23239275889312266,-0.22325574927715958,-0.8890212547423074,-0.24012654208455034,-0.238045993576969,-0.6167165336490676,-0.198798144936299,0.1331608500935409,-0.9863185417023177,-0.1011631462973995,0.19914799228866312,-1.3775445539523308,-0.20797359720190464,0.23263578231088108,-1.6328854581165406,-0.24199455753451735,0.239845434775252,-1.8956974334413488,-0.24716250246359642
Y,0.0,0.0,0.0,-0.3780611709129867,-0.11309791274367571,-0.0813883052846325,-0.7155543602962862,-0.36979356984047557,-0.13773217906544688,-0.9807100140419575,-0.5832135784608767,-0.20727062398348894,-1.194367509227212,-0.6935035975318884,-0.25435156279264626,-0.48801993403181404,-0.8748923366619329,0.006957593693358887,-0.6069687474757505,-1.0955538366142568,-0.12311916657431932,-0.5265238852216496,-0.8495956850171844,-0.19521648369613911,-0.440397116890012,-0.6463961532793727,-0.22308962724855314,-0.2905310076543009,-0.9568265813095103,-0.008638685717837593,-0.40523398297735425,-1.1266748973136398,-0.1886761241207244,-0.3589528573046627,-0.7713746860315467,-0.25708878448150957,-0.2909538805476092,-0.511073736728734,-0.26877623624065,-0.08421583762713412,-0.9966091959282373,-0.04876683435439455,-0.19042503945314265,-1.2344848568266116,-0.2268345249079232,-0.23633506132335383,-0.8887165604045403,-0.23383176878626524,-0.24623322318415777,-0.6149335711151254,-0.19049898390125286,0.11873754257006741,-0.9936522867489258,-0.09448734092482068,0.17841129892537277,-1.3875914462316914,-0.20120100163402693,0.20819033701007492,-1.6461878789021713,-0.23422312765946401,0.21226077836054114,-1.9121791233036358,-0.23806770013550263
Y,0.0,0.0,0.0,-0.3779576014381474,-0.10935556911940285,-0.0804495311430297,-0.7171735332976241,-0.36705749311505115,-0.1366020341201187,-0.9832118651077901,-0.5834646949099617,-0.20621425592039178,-1.1977675547200537,-0.6914979296232352,-0.253704661627184,-0.4865283325892755,-0.8741189438556675,0.008660425758747368,-0.6070821508540927,-1.0978571045981638,-0.12203486577757557,-0.5299324454741072,-0.8495221041834605,-0.19525034346484077,-0.44398536752604995,-0.6438728170605258,-0.22392980188358438,-0.2889878547066782,-0.9573017860991824,-0.0077013091969548395,-0.40610928238836513,-1.1323049030256447,-0.1884975592090475,-0.3610205851250489,-0.7742519726036989,-0.25763683738344106,-0.29124753587226054,-0.5111651018359,-0.26963703321061316,-0.08304441971886721,-0.9990268603797542,-0.048672421607247836,-0.19024601012940984,-1.2426584896745183,-0.22616509550701377,-0.2392256225887516,-0.895884333039729,-0.23338671951576026,-0.2501758647108388,-0.6202793188610455,-0.19052293141363774,0.12040097672718532,-0.9987875047642176,-0.09525670672958082,0.17896834549709836,-1.3957671117929689,-0.2012900104775198,0.20708941377359597,-1.6553951940923282,-0.23430607023785424,0.20935164599532163,-1.9218967089657384,-0.23854245943920535
Y,0.0,0.0,0.0,-0.37995899977389486,-0.10112698978907482,-0.08337232170392113,-0.7234220894497562,-0.34710600372481726,-0.14056628617014413,-0.9919521192406235,-0.5573130601180614,-0.21048276194975987,-1.2037903896030442,-0.6680508472193946,-0.2580649434970667,-0.4956205142512331,-0.8659485851726261,0.006482619392305826,-0.6247529370406352,-1.0878063231142487,-0.12137336501023811,-0.5462560353230862,-0.8443847976826655,-0.19256367797899912,-0.4591450712191138,-0.6398456646030954,-0.2198530852177621,-0.30043337634990186,-0.9537717584336582,-0.007695400533164155,-0.42774546053372836,-1.1316596401199488,-0.18639126385891697,-0.37822142416709825,-0.7766553621062556,-0.2558864312379918,-0.3034093772073459,-0.5120327524347661,-0.26793023703057034,-0.09530629045333057,-1.0002722611394916,-0.046165607462573977,-0.21192226362199232,-1.2490042632035359,-0.2227826716907558,-0.2580107408041748,-0.9001446904816175,-0.2313763369124464,-0.2646176886283189,-0.622187172236598,-0.18882464980561664,0.10947553952806424,-1.002979282250904,-0.09025823116280085,0.1593576936272486,-1.4022606461924236,-0.19560372229884287,0.18094071792233074,-1.6633175127192241,-0.2289360447290243,0.17882757724810217,-1.9313554381930276,-0.2330355253344198
Y,0.0,0.0,0.0,-0.36918339016581175,-0.11635888983352376,-0.08055990371900364,-0.6989985982996807,-0.3762141635987505,-0.13878539607474694,-0.9612036019432432,-0.5883193317485645,-0.20955752933098573,-1.1744272770162574,-0.7030229822154799,-0.2605488310399071,-0.4576405135153275,-0.8809405791042972,0.001692106429219753,-0.5818982899214489,-1.095275438996075,-0.12144683304763328,-0.5161178349534931,-0.8559963881078506,-0.19434851994709007,-0.4390828617023627,-0.6561814831960808,-0.2266653767302319,-0.26720034298406375,-0.9635368016161079,-0.014170696546031269,-0.38699984531602105,-1.145507183310661,-0.19095014822538814,-0.3536808309585886,-0.7958541754381372,-0.26547655185534497,-0.291587277456484,-0.5293457713233454,-0.28308859825669525,-0.06377774846353113,-1.0027073977692351,-0.05201393765459389,-0.17438434867516148,-1.2520647707097503,-0.22617792981555118,-0.23127332815543608,-0.906857056817162,-0.23555255325508093,-0.24722375608403985,-0.6303739495219567,-0.19579241675381992,0.1368638886037324,-0.9961133989600455,-0.09469743128603432,0.19046258060847923,-1.3892918800699356,-0.20044143996913433,0.2159856616193336,-1.6468941644881727,-0.2313351597757391,0.21915968295168406,-1.9106852912700998,-0.23448460768183593
Y,0.0,0.0,0.0,-0.37464187295381074,-0.12570189928793,-0.0755071065712074,-0.7047146117989147,-0.4004980081975836,-0.12891591106592937,-0.960412920339209,-0.626696693534689,-0.19558815032291263,-1.1697289565755324,-0.7443947662359439,-0.2407442380479035,-0.4704346478151379,-0.8863864096054932,0.0026101637106577466,-0.5802017636889057,-1.1249289192114837,-0.12479860202663788,-0.5070603075917118,-0.8816264049370415,-0.19452738959718222,-0.42544818904261333,-0.6656200977578163,-0.22017252944735438,-0.2712224730966989,-0.9624130387601203,-0.014124903957960544,-0.37799377011303903,-1.1462584118377024,-0.19094449138960673,-0.3423564343863152,-0.7918893082384455,-0.25973094556353093,-0.2821711544147437,-0.5208404037552734,-0.2718620560760123,-0.06252851213590012,-0.9979893516516957,-0.05345850006759994,-0.16166647835039527,-1.2518139462153148,-0.22572975666336767,-0.21595243720387441,-0.9114124778224384,-0.2334129339569274,-0.2330198312616169,-0.6356896265152548,-0.19223868401838118,0.14110401817403762,-0.9898288327300787,-0.09755885642140562,0.21254074660727532,-1.3833009443914437,-0.2005977925923873,0.24604205957693304,-1.6432550927478913,-0.23302631629669399,0.2526526431911518,-1.9109405884380983,-0.23728714355610464
Y,0.0,0.0,0.0,-0.36661181643321705,-0.1464360751297909,-0.07333207839444525,-0.67764990612764,-0.43931613398859554,-0.12934489479884026,-0.9214777821467811,-0.6756621362029772,-0.1996868996438622,-1.1303799282380587,-0.8127281029735646,-0.25003150294402005,-0.4071688079476992,-0.9214268281717883,-0.010148852830933199,-0.5020504194437247,-1.1508916711823785,-0.13894069480836518,-0.4496637452117403,-0.9047686066887846,-0.21167058820873036,-0.3841333180113868,-0.6987936591298526,-0.2434906112217906,-0.20040390430639593,-0.9792005012543947,-0.03169626921097801,-0.2825549306534505,-1.1580613812778142,-0.21625254814846315,-0.27442613343226385,-0.7932489971277678,-0.2905610403212001,-0.23809515840249287,-0.5139593011334441,-0.30843715783952186,0.009679447568804919,-0.9940955570306642,-0.07412877796990393,-0.06246030898205274,-1.2282053463247975,-0.2536217245412105,-0.13796845092190063,-0.8747554726381621,-0.2635746684181391,-0.17772588305495515,-0.5922514959597044,-0.22586105840673906,0.20920888676113414,-0.9614472777189963,-0.12075979964749381,0.3124213036984951,-1.3431955881647566,-0.2347275867104292,0.3690376097748354,-1.5941887680597666,-0.2723072024549968,0.39487432555587265,-1.8566732556055308,-0.28059256169579816
Y,0.0,0.0,0.0,-0.373009165281709,-0.19081458736749402,-0.09291311747691601,-0.6677182074383382,-0.515601997250555,-0.1647091659897302,-0.8936763812365877,-0.7974375724153462,-0.24894382697562586,-1.093505595410748,-0.9684025372424948,-0.3099131033562962,-0.3503467388954546,-0.9746815277653312,-0.04129823116265235,-0.40298136985013067,-1.2019275218960048,-0.18611315752051247,-0.3662538845516081,-0.9200760049294668,-0.26002057782239074,-0.3225304897328484,-0.6795802941816677,-0.28617010006032745,-0.12320840968672386,-0.9906795878995631,-0.05808306036720194,-0.1716017127346049,-1.1575446216701937,-0.25348308174260403,-0.19891429337825078,-0.7761483358650736,-0.32537428288459513,-0.19842194584893685,-0.4980556185017303,-0.3406689976569716,0.09735242453747478,-0.9688598821201471,-0.09721391667944895,0.07292057367761612,-1.1982774268974756,-0.2927463532016075,-0.028406673428754314,-0.8335187216213038,-0.2974205934420731,-0.09285406395758647,-0.5540898964390857,-0.25228712893075406,0.29862275448549497,-0.8985501827996459,-0.14223191864840545,0.4593778039358669,-1.252519176300724,-0.26615092259596745,0.5642679282123687,-1.479360156250784,-0.30176614954181125,0.6384985021204915,-1.7322509644177115,-0.3058765640657825
Y,0.0,0.0,0.0,-0.37234483975360105,-0.19078005727674646,-0.09713850201395685,-0.6634120322135998,-0.5165526579394464,-0.1730499497644983,-0.8875804949867551,-0.8015213415990392,-0.26105885159502834,-1.0902205968904217,-0.9739010364382463,-0.32564437297038684,-0.33995775880947104,-0.9801371425363246,-0.0560162888810409,-0.39605954680021976,-1.2045653553101878,-0.204206991600546,-0.35728741302337136,-0.9243981855150332,-0.27848345496459287,-0.3130730487136716,-0.68132823001018,-0.30556432311272874,-0.10673946560624417,-0.9915745668918227,-0.07339322022767145,-0.15714290020308314,-1.1508993671008527,-0.2766775781860221,-0.18508966018916467,-0.7637057196491223,-0.35120172546121703,-0.18673450951797219,-0.4743231580495709,-0.3677318001402804,0.11900153771173773,-0.9624985964296904,-0.11269988908480562,0.09675617323669139,-1.1879823068415656,-0.3170533172037278,-0.008371906329124755,-0.820664916651217,-0.3251027006153068,-0.07798958669905473,-0.5355422550632765,-0.28154455607090917,0.3230819650697807,-0.8791039866303182,-0.15758682453935655,0.49504231576370067,-1.2234411070508246,-0.2920483722312951,0.609925528914664,-1.441632394695076,-0.33356864931518343,0.6939244669814492,-1.6882626802772007,-0.3405619208151001
Y,0.0,0.0,0.0,-0.3677066418370258,-0.19705483231976245,-0.10027597868502322,-0.654121373594084,-0.534682848402871,-0.1783845196525802,-0.8778885072869002,-0.8265551556003777,-0.26724798785712617,-1.0836732178081498,-0.9994685062663005,-0.33187126630664665,-0.3284772013377093,-0.9896323264710467,-0.06839460516800547,-0.37833645754123685,-1.2059634596076192,-0.22065608513992901,-0.34237756784731,-0.9103960443524697,-0.2927785075472061,-0.30009692138984767,-0.6653437006987571,-0.31715080935779005,-0.0914467122092369,-0.9922003430612225,-0.08471114481172769,-0.1347104393798256,-1.1494006371061365,-0.2888465642850912,-0.16762606531454838,-0.7657767774164821,-0.35906509268980397,-0.17224959306907145,-0.4890462725013953,-0.37343431173031444,0.13419933551851623,-0.9551199681579052,-0.12321832699514966,0.12046540479556221,-1.166055778678087,-0.330334713604768,0.007600917981328046,-0.8045122832198486,-0.3384706788412739,-0.06934801084202902,-0.5332600268218676,-0.2951134556375549,0.3362565852011399,-0.8668237393935858,-0.1671866177295789,0.5157586906714924,-1.2128882395055103,-0.30298344480729505,0.6372633555579894,-1.4300788820834391,-0.34519211508684794,0.7266941508005444,-1.6771167754725858,-0.353001603388179
Y,0.0,0.0,0.0,-0.37761077823851813,-0.1999443783246531,-0.09941000493628657,-0.6699588588639355,-0.5411823461569035,-0.17723260693881981,-0.8937065470544465,-0.836919322501658,-0.26676625608192833,-1.1019920466883015,-1.0095060144873789,-0.3329607565591099,-0.33363441453173176,-0.9967926125402822,-0.061937783971360946,-0.37812668882369826,-1.2087416754521223,-0.2194244671276982,-0.34660934878275024,-0.911131400681116,-0.29770306477560615,-0.30659819009640926,-0.6584719613268895,-0.3244340118176066,-0.09217923017981974,-0.9926014107711116,-0.07902802577981216,-0.1301032907134294,-1.1463842819420413,-0.28783825391817514,-0.17228727854540163,-0.7561954417917295,-0.3613022676130749,-0.18239215963876437,-0.46749380170152927,-0.375776174850416,0.13494574310308305,-0.9488461180925282,-0.11911679388414427,0.12315732110263679,-1.1526085162172581,-0.32859768232742936,0.0018450341727786696,-0.7885940166899277,-0.33779042553121763,-0.07862012893066941,-0.5139062860437694,-0.29337197840755547,0.3363298391689662,-0.8535527770310791,-0.16475996424213263,0.5197915838354283,-1.191020809477875,-0.30037051835701756,0.6446255263806054,-1.4031194031912846,-0.3420087774027908,0.740807490880088,-1.6456655173598245,-0.3485973977175971
Y,0.0,0.0,0.0,-0.37075830380528935,-0.18610793606252293,-0.08699952535098962,-0.665813134516046,-0.500730395135526,-0.15850727685225285,-0.9014962735585599,-0.7569666054695131,-0.24531100124496535,-1.1114922606006945,-0.886178905363504,-0.3117739099036382,-0.36516918565742806,-0.9741687288055494,-0.03115446224499403,-0.4164939232820958,-1.189509283907114,-0.18614149342759892,-0.37078331332381936,-0.8985007895970728,-0.27171143376703927,-0.32199302446384626,-0.6553523658559799,-0.3016794854239395,-0.13406029887057225,-0.9896404543909895,-0.05137710871126228,-0.18145050735383517,-1.1557591083987648,-0.24970226530395845,-0.2000143600176158,-0.7742528225486625,-0.3237385597588381,-0.19704230126126762,-0.49235797785533464,-0.33677460154472855,0.08513443805042305,-0.9694277841481054,-0.09534822036728119,0.05678247092631492,-1.1780412314260733,-0.2918370516473478,-0.03742374560120124,-0.820446648091206,-0.30299327730345915,-0.09752897436949522,-0.5491882045138652,-0.2588077387319217,0.28362582023828087,-0.9041429822435338,-0.14465993929925258,0.4409476873075508,-1.2538826529508689,-0.2605826506821656,0.5497089909585484,-1.47349112199741,-0.293508672022758,0.6272124703957866,-1.7155458036724744,-0.2952253887471917
Y,0.0,0.0,0.0,-0.37897335411261257,-0.17001832819678991,-0.07398990404227558,-0.6866307595696602,-0.4611304615367271,-0.1378009913776919,-0.9369893925862688,-0.6701836044082063,-0.21885123738236373,-1.1523860479427257,-0.7386642134209113,-0.2804828895483233,-0.3939126985969385,-0.9529481482023051,-0.022835748630159514,-0.46192654186959337,-1.1407236786633577,-0.15978421548035704,-0.4046088671648686,-0.8556351397169032,-0.23210431961069078,-0.34965277361778463,-0.620511294668023,-0.2568155337917031,-0.16902579542932397,-0.9844812769733533,-0.047189996486542395,-0.2306433528433017,-1.1261507977305598,-0.2372884841143398,-0.23260099370577275,-0.7450525231796297,-0.31017228272000963,-0.21582550730629219,-0.46922915305919627,-0.32409186097228454,0.05135843541912817,-0.9788267684108372,-0.09118123342718959,0.0179495027564182,-1.19643750170652,-0.27768885080661937,-0.05792680836595576,-0.8220797964522113,-0.2815193728117947,-0.10468663974313037,-0.5371601760062523,-0.23391601423316374,0.253857409357405,-0.9251060962642086,-0.13979508465589893,0.3900197062472235,-1.2920785885266024,-0.24806258354933236,0.4826530385513654,-1.5239415198320854,-0.2738060744205501,0.5452354855370617,-1.7786537922864358,-0.27050047266505534
Y,0.0,0.0,0.0,-0.3801580663245333,-0.17644310242034558,-0.06919421009328329,-0.6877224577515396,-0.4683856249375898,-0.1309804921105155,-0.9392957790179202,-0.6741044399927626,-0.21079163832395678,-1.1570969012037848,-0.7364464272565188,-0.271978210868542,-0.39652092107362186,-0.952097991465092,-0.019385300214212618,-0.4687923807255691,-1.1376013496891122,-0.1545041710969628,-0.40624483105768383,-0.8551487761199871,-0.22679538691248438,-0.34808454232851105,-0.6205400329206269,-0.2516487772208598,-0.1718980106240525,-0.9840772538485938,-0.0451999159435436,-0.2388904922983337,-1.1261888133671984,-0.23219940078926143,-0.23546452504651863,-0.7494768117877638,-0.30485773718691833,-0.2144015875067378,-0.4718070047181118,-0.31923462646178913,0.04878994171119273,-0.9787804721132907,-0.08979790216238855,0.011086825860110831,-1.2009980184482303,-0.2716016286268649,-0.06100506705836757,-0.832050421257705,-0.27463217223704944,-0.10447463432475027,-0.547468387204572,-0.2274143678605184,0.25135323186982356,-0.9242972600764712,-0.1388041649901476,0.3875620265404211,-1.2922350674550018,-0.24292895001605316,0.4789092840837314,-1.5252911700726954,-0.26702095662167435,0.5400115618433078,-1.7800605388987063,-0.2631738158149591
Y,0.0,0.0,0.0,-0.3872675992152893,-0.1661623177209616,-0.07513349435976703,-0.7032263659335523,-0.45484463656645735,-0.139264903039523,-0.9639292705856992,-0.6560875386065741,-0.22092763775496027,-1.1876229027195908,-0.7151997777505801,-0.28364468896815814,-0.40314802033926816,-0.9485161982602242,-0.022511986366115976,-0.47100830948064376,-1.1367217454594916,-0.1606109539273783,-0.4092779621589415,-0.8511966125813658,-0.23478800226867974,-0.3504596342217875,-0.6204024765352082,-0.26140276130146484,-0.17344847313978465,-0.9837204762266907,-0.04700693372057187,-0.23182998706569743,-1.1286463490666212,-0.2349850349232165,-0.23489379210183864,-0.7471016351978963,-0.3069750152473805,-0.2183303910634864,-0.4728848109524223,-0.32207543911018327,0.050980658742572134,-0.9794280623866897,-0.0914735820073635,0.020996163864171417,-1.204472997651442,-0.27691612652364894,-0.05390355961494486,-0.829452290911464,-0.27945056938424545,-0.09953541191381775,-0.5448207724620289,-0.23215311383743778,0.2564107128833261,-0.9237055177356102,-0.14084414835729947,0.3959307069862737,-1.294939355677067,-0.24907059349299818,0.49161296185431275,-1.5294501860288368,-0.2743880404505825,0.5582620747794658,-1.7881266911626428,-0.2714432655669707
Y,0.0,0.0,0.0,-0.38006446400733873,-0.1742912636183672,-0.0754227340688402,-0.690780110335183,-0.4624909047883774,-0.1422794185534617,-0.9531834923659129,-0.661713559852675,-0.2269676549500608,-1.1793208787534928,-0.7157208002434506,-0.2927257579346235,-0.3941791977474336,-0.9526626677790434,-0.027180187483759347,-0.4689141497358144,-1.1399659117826926,-0.16753033394625685,-0.4061655798761065,-0.8503288833097067,-0.2429258780335149,-0.346450744049926,-0.6172669098803365,-0.27044019413358344,-0.1653434861463507,-0.9848415464410251,-0.05242766438266935,-0.23015387933337672,-1.1357686523012194,-0.24498045077412953,-0.23066562684986935,-0.7509880967531816,-0.3181876321916964,-0.20978283018399554,-0.47206721403600393,-0.33292428362258397,0.059410975360514894,-0.9782442874127042,-0.09720479028541425,0.024800991581247614,-1.2109604465999106,-0.2845592726909014,-0.0500104513294556,-0.8355237387410666,-0.2862425157659148,-0.0932073436852676,-0.5481972674629217,-0.23767515258241556,0.26426074988260745,-0.9194992590691089,-0.14698437131115258,0.40424688645119483,-1.2881272785774385,-0.25561916469178375,0.4985266527926988,-1.5223453608240807,-0.28102546956679314,0.5658488484665806,-1.7794615707522285,-0.2779160471567999
Y,0.0,0.0,0.0,-0.3826524902039937,-0.17337663997458355,-0.07278473340885096,-0.6940700073309429,-0.46024923295447323,-0.1365158876668225,-0.9506952622117493,-0.6580420751592275,-0.21828762779115454,-1.1703455043330218,-0.7161012754311799,-0.28083673441220497,-0.4003099659511626,-0.9511212888126409,-0.024059098837254586,-0.4638920962362776,-1.1417587780633642,-0.16479411903450972,-0.40661700954017177,-0.8485458874149954,-0.23816024365983773,-0.3525827641253907,-0.6136619735111001,-0.26275136014576367,-0.1712745857458363,-0.9839783013601952,-0.049514833432992164,-0.23017361669367414,-1.1403678325936137,-0.24131869300419756,-0.23520423217269706,-0.7537695586686703,-0.31243334026885533,-0.22003640787193865,-0.4780069113914357,-0.3248246966877748,0.05236856839444268,-0.9791897139165199,-0.09467169862450052,0.023250107191803406,-1.209976218710624,-0.282596612972234,-0.0532159968566972,-0.8324026835250151,-0.28379081431452424,-0.09977721375694759,-0.5479285685551084,-0.2336900475101605,0.25580931869248696,-0.9237707994642063,-0.14449631617538497,0.396789658266875,-1.293310611523824,-0.2511827393833995,0.4902886780004463,-1.5265723429815221,-0.2745437302110515,0.5548548867896113,-1.7842408069646412,-0.2697006644368538
Y,0.0,0.0,0.0,-0.3809743231770912,-0.17052422662081884,-0.07812636536691314,-0.6928522722085823,-0.4573811068277777,-0.14536309649894935,-0.9554326100958928,-0.6549428190048551,-0.22974539907718516,-1.1815048197775986,-0.710452635402416,-0.2944653153328864,-0.39560443494007386,-0.9507207419092636,-0.02850528829391822,-0.4665335833213963,-1.1401320461040505,-0.1707542436727331,-0.4040069641563362,-0.8460177472086233,-0.2456629028168613,-0.34424693025637804,-0.6117872749559424,-0.2720632816655974,-0.16580195940128342,-0.9847775746772433,-0.052180826665565366,-0.22686784632704385,-1.1327328023072225,-0.2447520194424798,-0.2295715948826697,-0.7449013125805439,-0.31607196126785897,-0.21127626653227127,-0.4721236166485557,-0.3297024659927281,0.05929329432728281,-0.9787861829311063,-0.09610044380581534,0.0276244777754137,-1.208040386054116,-0.28461875870678016,-0.04816632911759177,-0.8308030770426976,-0.28493905445169326,-0.09314258894917589,-0.5477272409492485,-0.2354700528635764,0.26365132764864496,-0.9212974526970874,-0.14522367754979928,0.4053370447162499,-1.289092329201618,-0.2547225347533887,0.5000390460893251,-1.5229866029330001,-0.27960634187495886,0.5669816035152248,-1.7824870570319054,-0.2759806471439874
Y,0.0,0.0,0.0,-0.3790189976220018,-0.17564034624926594,-0.07198776328572351,-0.6874968663174926,-0.4602541463293386,-0.13651998589218492,-0.9452280809653002,-0.6546476859142182,-0.2193993683438038,-1.1672657139623093,-0.7094505063284177,-0.2832326179198601,-0.39403024706291784,-0.9532957291716924,-0.02457218902207953,-0.4606803002385791,-1.141320072804157,-0.1656380358360879,-0.4028294668175336,-0.8491347768479754,-0.2390910467992765,-0.34803104881975183,-0.6163728574572683,-0.26362131107911435,-0.16476285576422942,-0.9850301076775759,-0.050684201967863676,-0.22344299437797316,-1.1390966323923601,-0.24285538798749956,-0.2289921302121671,-0.7515807509632333,-0.31411240485374586,-0.2147958781105915,-0.4757973177339322,-0.32645014934945543,0.059429539948459335,-0.9789136104275413,-0.09618497100600547,0.02993268958690949,-1.2051926414618446,-0.2840919696046096,-0.04583994082925303,-0.8270370677597788,-0.28497693784989003,-0.09199443431155603,-0.5432942857679628,-0.23462487788875241,0.26276020498224145,-0.9220775339907927,-0.14628321102433148,0.4037924954089217,-1.2897257503681465,-0.2527618429862881,0.4972089102234188,-1.5220871599252466,-0.275424189495167,0.5626004226056489,-1.7788824208426353,-0.269908594571056
Y,0.0,0.0,0.0,-0.3838736355310786,-0.17433265744983953,-0.07218009827258408,-0.6969409267071213,-0.4662948408695165,-0.13694629436536276,-0.9577148787119844,-0.6627387102719949,-0.22003745446811343,-1.1803611767558182,-0.7194551573474037,-0.2841467201133365,-0.3900269940951168,-0.9553291678682793,-0.02723949738228422,-0.45982923159319056,-1.144941692973927,-0.1696445975217707,-0.40386267446577057,-0.8488712045180948,-0.24410819498897088,-0.3481676445213527,-0.6107930191042259,-0.2695530772149787,-0.15914111657689592,-0.9857854853889034,-0.05386169149982929,-0.2228894186233017,-1.1410408892995265,-0.24809627129493284,-0.2307154378970148,-0.7515998923656008,-0.31946120487728097,-0.21421419725252464,-0.4710920060413797,-0.33195084499725724,0.0653143270295318,-0.9778482808935441,-0.099976126275887,0.03163630120025024,-1.2023145989028874,-0.28912916624711954,-0.047943688968277484,-0.822434643324171,-0.29020623147058106,-0.09409554264798987,-0.5368874699182745,-0.2404530363090008,0.26852962054951063,-0.9182170499836031,-0.15080437545120592,0.41281696852361355,-1.2867718697423087,-0.2603722793311025,0.5119240574295149,-1.5207970098409604,-0.2855785072502685,0.584086817103316,-1.779101140824466,-0.28202820888412644
Y,0.0,0.0,0.0,-0.3814675681778852,-0.18093022116919608,-0.07287154502593472,-0.6916992723898128,-0.4739249909248302,-0.14005720773690514,-0.9528918651805874,-0.6726147549622808,-0.2259381076069503,-1.1791149640553258,-0.7297841234703876,-0.2935552818507326,-0.3799632989041991,-0.9606958683282627,-0.029586147196744034,-0.4557613659390278,-1.1533887370765088,-0.1755123054421759,-0.3967390623786554,-0.857932567556838,-0.25605188419799524,-0.3388333367225669,-0.6125363074125559,-0.28540029926445043,-0.14748952689822017,-0.9874152408426753,-0.05707873165147168,-0.21389458022875796,-1.13989435678012,-0.2525447937278621,-0.22057709939787465,-0.7524180741340953,-0.32906408155651773,-0.20458463528207557,-0.46617138654016027,-0.3459448238702873,0.07870859559839156,-0.9740774089163298,-0.10406582175631886,0.04794884791525257,-1.199253952946889,-0.29386849009250743,-0.03653352809452525,-0.8226293490884229,-0.2990546844832127,-0.08890163391454942,-0.5347612039466453,-0.2528968324325056,0.2836130177218378,-0.9072136376410922,-0.15575573946525365,0.4337901813091788,-1.2697246923293442,-0.26656440272588156,0.5395718327765253,-1.4976520945061573,-0.2937671629334783,0.6185658726963635,-1.7490566231118265,-0.2918527347002448
Y,0.0,0.0,0.0,-0.3754061180284507,-0.20336871440795556,-0.07080590408140541,-0.668305653646494,-0.5153677814924985,-0.1350211387338399,-0.9135581328115707,-0.7334404290283041,-0.21823395100319642,-1.1304775854825357,-0.8034266260170414,-0.28223485482754795,-0.34759463919735595,-0.977632934663936,-0.02983054784458062,-0.41723768330879757,-1.1750709166561148,-0.17556663521355306,-0.36923942609346516,-0.8751276931828051,-0.2517323364820838,-0.3190983077020296,-0.6266669022792856,-0.27694032449299216,-0.11395961745955353,-0.9918390166792533,-0.057171414021379215,-0.1703039785973348,-1.1434350157739865,-0.2518359250583163,-0.1891597262119185,-0.7570743848509132,-0.3245521714487769,-0.1829349106625376,-0.47165010492502196,-0.3384874477202935,0.11346087213756867,-0.9666875874161989,-0.10381533862621445,0.09314264496385223,-1.1887463971377115,-0.29407865902241964,-0.0016712774662299094,-0.8205011084027701,-0.29900463534242716,-0.06242431475589987,-0.5384151359144406,-0.2523811413277721,0.3176285626910975,-0.8894609764927031,-0.1547511856683251,0.4841203028411853,-1.2450489539836007,-0.2672157128677847,0.5998039561246507,-1.4701875328347969,-0.29642277321336674,0.6897066566906872,-1.7169891180996917,-0.29499910793327017
Y,0.0,0.0,0.0,-0.3751221694533107,-0.21404383346341455,-0.08549812392719108,-0.6651726964449998,-0.5446938521012044,-0.1537702994120426,-0.9075077304688175,-0.7838811693780706,-0.23832958208319785,-1.1267925151450602,-0.8724438747167983,-0.30378715248663624,-0.3261255223854128,-0.9915349624376254,-0.04240507252338049,-0.3692495247340479,-1.187710877695291,-0.1926093782695193,-0.33924860982480626,-0.879733812426851,-0.2708453602798137,-0.30574791824412045,-0.6318268161715163,-0.29710802912645484,-0.0850488960634143,-0.9943102493512417,-0.06413901553240586,-0.11422562182766051,-1.1540139559927567,-0.26088232469883743,-0.16266028574382874,-0.7668745588178744,-0.3326420336911726,-0.180214620519565,-0.4858381691535866,-0.3462167955676061,0.14394894014584436,-0.9570057036265588,-0.10700062799276476,0.15198690617505398,-1.1876743250255348,-0.3059127524743403,0.040295527339708044,-0.8233788752881182,-0.3128603908412206,-0.033316570237982575,-0.5484602482461635,-0.2656496755310798,0.34586090856736856,-0.8668272118519882,-0.1548444867507683,0.5260596858245006,-1.220698473905469,-0.2756388242035305,0.6527770410836005,-1.4377064686039327,-0.30698661446035536,0.7572257856638721,-1.6797156972524323,-0.3061178661397672
Y,0.0,0.0,0.0,-0.36132734134112104,-0.23941700927532192,-0.0908335270398175,-0.6284825528813736,-0.602029970807875,-0.16255350828361956,-0.8489139000204259,-0.8889121496754245,-0.2496716875714793,-1.0631695821445344,-1.0237179013822817,-0.31756038991905794,-0.2644796159419898,-1.014302716905302,-0.04827102758991923,-0.30080357030233107,-1.1975996099981103,-0.2017402017406804,-0.28418359356740636,-0.88874130463596,-0.2834375868191525,-0.25953840776233245,-0.6366957365727804,-0.31377957003762363,-0.024751118745111243,-0.9972468373915853,-0.0699008400045847,-0.05036885909542171,-1.146217738989927,-0.2714429634259174,-0.1120853899611855,-0.7601650859710017,-0.3479110224493885,-0.1398628099528533,-0.47565715729569374,-0.3663552714716427,0.20039199033326222,-0.9384745660911575,-0.11312698044582137,0.22079535075215942,-1.167065792367747,-0.3198125073200596,0.09727866961477255,-0.814594557508366,-0.33204790276264556,0.011229567811662136,-0.5453511147139729,-0.2893627598740239,0.3954460874348123,-0.8257792728624379,-0.16122610656291209,0.6009145194882051,-1.1537333430017263,-0.29430974365280566,0.7463586430456224,-1.3489458887348642,-0.3341501926702646,0.867294842841546,-1.5707127797807066,-0.3387302146022414
Y,0.0,0.0,0.0,0.341668779984039,-0.1607111695743387,-0.11832134746623785,0.6217164383179694,-0.40677750952842956,-0.20629615974107218,0.8829428483618244,-0.5270586321369876,-0.3138906419526544,1.095950103071845,-0.5271721854378476,-0.40780094760505264,0.36141282494983845,-0.9443081228725261,-0.09203308030812113,0.4248975732299434,-1.1662287481601084,-0.2685674656138473,0.4009041552361765,-0.8777967423810351,-0.3651790824281917,0.38010164135057334,-0.6231838963598535,-0.3880279859953307,0.1410723656950684,-0.9839018765456201,-0.10970726943646103,0.18592775103965306,-1.130091185028825,-0.3188842399332191,0.21851867546640563,-0.7589554643565838,-0.39250397252755803,0.23963310871690238,-0.48739499950951815,-0.3933289950211519,-0.07301547687797552,-0.9884900779713153,-0.15341110491029658,-0.05811604401723266,-1.171582377729194,-0.33841244909639123,0.031244486590127532,-0.8300284190109132,-0.36518647889009637,0.09153903518701209,-0.551688991164487,-0.324126288591286,-0.28263416584074214,-0.9688588818814325,-0.20889369149824655,-0.3626122493007966,-1.367589181742583,-0.2849897419276413,-0.416216662883671,-1.6243733472089947,-0.296937845603437,-0.4605393620861316,-1.8732598524235902,-0.2842832565413814
Y,0.0,0.0,0.0,0.3425551944586185,-0.17265103247228555,-0.11757707705639905,0.6255073826728814,-0.4206151457319212,-0.20603625088847943,0.8891580347833123,-0.5416007968259632,-0.3131045808131011,1.094624627682701,-0.5467015200943967,-0.4073217138905448,0.3458100672647511,-0.9477447528247512,-0.11028320122311772,0.4196164384075148,-1.1833462475222607,-0.28646338238442404,0.40153549732864235,-0.898759037606542,-0.38074112695834467,0.37838417417489456,-0.6344831300587697,-0.40219568266393324,0.11598063018846687,-0.9850190508921061,-0.12761646759215914,0.16467016431628934,-1.143048889038808,-0.33806145310079055,0.20063780612275128,-0.7821113265036327,-0.41425963896330226,0.22129136849653488,-0.5005786524477964,-0.4185136089923567,-0.1063545320789766,-0.9869027569557154,-0.1686359978780071,-0.0936001718448834,-1.1810173482447621,-0.35293370662493945,-0.0019786995200760903,-0.8532183238886771,-0.38539552276266237,0.06090228987877648,-0.5749562603608658,-0.3503390028959317,-0.319748966936274,-0.963311202932819,-0.2205920308767835,-0.40560057924967,-1.363541178250795,-0.29882054236733546,-0.46445122314068055,-1.6183828177586286,-0.31444831287827174,-0.515087272438403,-1.8656351890011547,-0.30535875057122114
Y,0.0,0.0,0.0,0.32011821427422166,-0.21616358774575142,-0.11578381594251066,0.5712968874817329,-0.4761090925509599,-0.21102419505200676,0.8285448850336345,-0.640866132669895,-0.3225658453764902,1.0372800805736364,-0.7015049919671686,-0.42211515510124953,0.2752995157001854,-0.9781132099150851,-0.13152035769152626,0.3309485625685716,-1.1844441171598439,-0.3014271897125569,0.3291881772113882,-0.8961253582389858,-0.39886355478473595,0.3237997263086782,-0.6370884437455848,-0.4318809940033049,0.04830624941558442,-0.9876603066707181,-0.14897524926813302,0.07897502353321634,-1.1039976407923056,-0.3396088791800856,0.1302635602408667,-0.7546085660808328,-0.4058635378846712,0.16689088114312714,-0.49670166306766317,-0.41844710515235056,-0.16567360052119715,-0.9502255285372067,-0.18877315922138957,-0.17543856874110197,-1.137787743443881,-0.3604494936463524,-0.06608450731971555,-0.8206761955619389,-0.38720354686429753,0.020354941265170498,-0.545987898731395,-0.3637693042228319,-0.36238159468768044,-0.8776595293381705,-0.23992178400501177,-0.5321630735948722,-1.20215968594914,-0.32868004333940565,-0.6571551222433942,-1.413891769451116,-0.3568141612536467,-0.7618903488075506,-1.6285253677318126,-0.36372071346127977
Y,0.0,0.0,0.0,0.2697366190732548,-0.3127338946577482,-0.12171901696130778,0.4496520658019841,-0.646229663519454,-0.2216949159750442,0.6454573155202474,-0.9146279096647002,-0.33031508318391434,0.8141473771451094,-1.0595614194834448,-0.42662814908170943,0.07991167880251716,-1.0333053122338045,-0.17768320199949847,0.09976245906114822,-1.2591642907451719,-0.3498979494104403,0.16120469787781452,-0.9602944816584393,-0.4583908607797064,0.1900827443393671,-0.6892975758224419,-0.5081426229161662,-0.14411460277721577,-0.9705004897871221,-0.1932867832763572,-0.14292003077706494,-1.1351775610413215,-0.3762586814794701,-0.008134529822853336,-0.8053173882557986,-0.44276943741270064,0.07484991274708964,-0.5491136204238961,-0.46982383269941275,-0.35684033965619005,-0.8576325914931389,-0.230453952209502,-0.41493711174325804,-1.092172969035892,-0.40368079343115065,-0.22460394626911545,-0.8375511444362603,-0.44528651901001176,-0.07479084927625813,-0.5804201865329713,-0.44856420907657263,-0.5399591150095999,-0.7055031821447552,-0.2768749968558419,-0.855124854960751,-0.9379659621932593,-0.39565118773581615,-1.082847857987944,-1.0564828025792699,-0.45823432262812763,-1.290485622721955,-1.1931808159662396,-0.5006122631803601
Y,0.0,0.0,0.0,0.2641690296112506,-0.3233008280963375,-0.11730565551517641,0.4415049494244706,-0.6541887832967425,-0.22039731324709927,0.6398093520102531,-0.9207057731873025,-0.335076324555925,0.820807272069118,-1.0693849214291717,-0.44078528391987515,0.07251063174912029,-1.0405125506554236,-0.17809604279970925,0.07727505550258967,-1.2532808186980924,-0.3510789894924832,0.14163540016207019,-0.9937676166903352,-0.45730397970601355,0.17966794911698294,-0.748147685698637,-0.5052023163006757,-0.1511755984890859,-0.9686489820297542,-0.19714230401967886,-0.14310337317962446,-1.131474438282614,-0.387006691492834,-0.003090476497910549,-0.8069806456340956,-0.4557924620219653,0.07824896914100506,-0.5519599787304792,-0.48120233482925745,-0.3624265738690708,-0.8522178455218279,-0.23614607826088352,-0.42385747764179094,-1.0855788908304187,-0.41770903351390054,-0.23381945912994404,-0.8419586955442072,-0.46191264498398255,-0.08960018749234513,-0.5967180545286476,-0.46344467379904714,-0.548134619606417,-0.6980316245497588,-0.28327562912205884,-0.8602819725853865,-0.9284831426910224,-0.40721493483649984,-1.0799259169158377,-1.0392229381849263,-0.4683095622670572,-1.2866736037831878,-1.1669549777130914,-0.507084793388233
Y,0.0,0.0,0.0,0.25305630605826507,-0.319742820241064,-0.09030730378226562,0.40631700988742686,-0.6758721714159953,-0.16470655057122127,0.5377148101510338,-0.9724771897287752,-0.2525740639693929,0.6553054123198255,-1.1749451962061828,-0.3278605006654627,0.08103159507716756,-1.0459363292890709,-0.12181437270412751,0.08196510413605872,-1.2920390881547783,-0.27769365917858785,0.13249507589616,-1.0207418778438488,-0.3714504184901837,0.16197305915529317,-0.7723619586275298,-0.4075372935440006,-0.13051945190398306,-0.9807743882130531,-0.14507333352479143,-0.1448902656604501,-1.186311995230306,-0.3287892260512715,-0.01065947522490707,-0.8661363350524083,-0.39571937765278364,0.07900859622605057,-0.6096080720617957,-0.41053949377965776,-0.33301866772439703,-0.8765425725215884,-0.1869080887047358,-0.40497797731454466,-1.1313809122710135,-0.3535163621226176,-0.22535197681468558,-0.8864415426989425,-0.38845136168904465,-0.0863074916243076,-0.6474366989803341,-0.3782543191923846,-0.5125047870251573,-0.7327011519275883,-0.23536626814827974,-0.7853180588038663,-0.9778342437640716,-0.34023774340798163,-0.9755335939290831,-1.1152031237416604,-0.39018968250548636,-1.1541112772160738,-1.2628692394238485,-0.41711057806156626
Y,0.0,0.0,0.0,0.24154116363614048,-0.3128668196426157,-0.10206359604642412,0.3870796013941353,-0.6617647625440812,-0.1784619638586471,0.481507929441821,-0.9576952801856938,-0.26375219123194216,0.5631238321548417,-1.185801007142186,-0.33109253200391103,0.07068590396805503,-1.051640574840442,-0.11815915305843004,0.07119276065549904,-1.2818477739215273,-0.2722677956596092,0.12911968073332233,-1.0081828936492792,-0.3589570942932537,0.1651918830783751,-0.76237143666651,-0.38860090255217006,-0.1329581929638434,-0.9821072032282365,-0.13337001271275653,-0.1340414446037771,-1.1656125035046487,-0.3201551931087461,-0.004051762909994468,-0.8440528856330646,-0.386726814115548,0.07433975347251039,-0.5949222642400135,-0.3968406074745401,-0.3294189227292415,-0.8765169534442012,-0.16877032571703643,-0.40464509591923686,-1.128989789894651,-0.3350128160831432,-0.22768405464372918,-0.8886777794804753,-0.3666478976327401,-0.09232389410809987,-0.6575229283762953,-0.35174481723693346,-0.501164336577194,-0.7362095960615496,-0.21145816036558931,-0.766524351997233,-0.9675502688628794,-0.3180315073717077,-0.9499585043265384,-1.1008237019615965,-0.36799523371164117,-1.1200733746337348,-1.2457559978426098,-0.3906747847262335
Y,0.0,0.0,0.0,0.24088586625928998,-0.31355620099935844,-0.10768924315464683,0.3856174281533908,-0.657158894964674,-0.1858093060699683,0.4679902415974721,-0.9573120423963155,-0.27128330999619943,0.5324779880183436,-1.198997514287348,-0.3372727157934831,0.07370790300781739,-1.0453501576939677,-0.1233585549959606,0.07650038174766403,-1.267867739254673,-0.28345513081215923,0.12813072548391974,-0.9897197388085827,-0.3729764825724683,0.16114701773461865,-0.736653767818988,-0.4030078469998728,-0.13325440646677347,-0.9817529800415056,-0.13566263058341063,-0.13477474463074324,-1.1590226060500728,-0.3285337938599451,-0.009397733005643259,-0.838859871415907,-0.39814634071155475,0.07121121438326489,-0.5863404468677209,-0.409292139565088,-0.33197514871077005,-0.8797502961173019,-0.16895112458326728,-0.40346731252880397,-1.1283895223926694,-0.3409401869840329,-0.23118479486118892,-0.8859181341183101,-0.3732744156308555,-0.09585985758735638,-0.6502971272122143,-0.3569396240064678,-0.5051332665293683,-0.7409127872559007,-0.21015832105173327,-0.768192516799128,-0.981068389683833,-0.3208148808544829,-0.9527366989714855,-1.1260026036292425,-0.37304585635707826,-1.1211165014716922,-1.2770949323711784,-0.39609157812755363
Y,0.0,0.0,0.0,0.24425572052468705,-0.3103991233104771,-0.0875240758363983,0.3931814560508006,-0.6491504109750621,-0.15474862756479862,0.4880017943261904,-0.9357533143110065,-0.23357492450138131,0.5681440274369174,-1.156536950685355,-0.2940506040190354,0.09424169674525293,-1.0467119572381762,-0.0898363627776643,0.10465889609709009,-1.2726596579664597,-0.2417021601626828,0.14202257002527854,-1.0033293440735847,-0.32926527395091204,0.16977258633122694,-0.7576656466504684,-0.35811371172538264,-0.1103835591403013,-0.9876562143541345,-0.11113357782047512,-0.1065028236081453,-1.161192003627404,-0.29633518344632126,0.004295847934210677,-0.8623307687982781,-0.36823701607080644,0.08299223959315313,-0.6164895653985257,-0.3801321400949726,-0.3072885121336481,-0.8887533656783724,-0.15222594934583838,-0.36302793004259754,-1.125389416620441,-0.31897367564267176,-0.20019465842505677,-0.8926621819698961,-0.3537155786722084,-0.06792100379734341,-0.6670481467352752,-0.3373840440891689,-0.48130612149525287,-0.7558606001908453,-0.19968546628859846,-0.7137163358081405,-1.0038683421787318,-0.30070390158640226,-0.881692515913396,-1.1615484132655318,-0.3453794050078066,-1.0315539379190721,-1.3275719005655298,-0.3624612739992432
Y,0.0,0.0,0.0,0.25121661939060136,-0.2937765761636664,-0.08459181234145727,0.41007284044657566,-0.6360178265632646,-0.14735740376505954,0.5181324007926021,-0.9186731863455232,-0.2225577277208385,0.611433398257029,-1.1233850086471318,-0.2788299195315575,0.13604023060719386,-1.037388984785462,-0.08971267080093213,0.15397344224894893,-1.2914076368208174,-0.242365897790951,0.177781217448278,-1.01346388808907,-0.3240550444275599,0.1932146956806916,-0.7573130508765324,-0.3467714826448963,-0.06901962857609033,-0.9914294919333574,-0.11092273615442147,-0.059515447040269266,-1.1640917672155116,-0.30237764897200803,0.043617243914522444,-0.8521682414343396,-0.3692072551534115,0.11584091497357456,-0.6013436228125422,-0.3730349006693575,-0.2703102495977978,-0.9060207090424074,-0.15241230055670682,-0.31245109242671176,-1.1286827203946332,-0.32133957756344117,-0.15442537073709495,-0.8834163027189995,-0.3519155425073406,-0.02966979574587802,-0.6559485443850336,-0.3282201792931832,-0.4516099083356915,-0.7877213639079174,-0.20031412301002322,-0.6631141511986234,-1.0586334246407567,-0.29874796764522044,-0.8137064284452866,-1.2370549691367192,-0.34150433656820095,-0.9463442722891171,-1.4172453315813798,-0.354777312825815
Y,0.0,0.0,0.0,0.26778894228137223,-0.2733508743560322,-0.09604022238313416,0.4576277621060172,-0.624419111300693,-0.16499350884292285,0.6327568012498886,-0.8747310024031622,-0.2463505413469084,0.8046987019567673,-0.9855857830089179,-0.3102950460221667,0.15907722421808276,-1.0271903877637352,-0.08978601455851072,0.19365698183774824,-1.2742976512899509,-0.23635416406970905,0.21458736644091725,-0.9855583919305173,-0.3159822633462715,0.22722597008544942,-0.7258805523676279,-0.3389667537854111,-0.041975863174265264,-0.9934944746597835,-0.10586196546095343,-0.022322185737109163,-1.1571251763195818,-0.28946194475613396,0.07125975510993156,-0.8391772540426242,-0.35475877140538414,0.13896908635337937,-0.5861572468836417,-0.3589115739526088,-0.2395923347019347,-0.9233325488282819,-0.14304317628459312,-0.26589342821740863,-1.1467173381070426,-0.30326550511066924,-0.11531412532733408,-0.8910857909473157,-0.3355834090673402,0.0029586222570970114,-0.6538317284451808,-0.31318621935616,-0.4221485997805606,-0.8225718307012749,-0.18865264925886496,-0.6100588562119043,-1.1186678450519723,-0.2722340816625391,-0.7468500303409086,-1.3170137165640923,-0.3100242215568541,-0.8659825105762643,-1.513414435719936,-0.3221382474710319
Y,0.0,0.0,0.0,0.2915148300583875,-0.263410333034223,-0.10872574775449474,0.5061815940662889,-0.5815118591278333,-0.19923736569207595,0.7149408839058787,-0.8125277841648431,-0.3032997246043861,0.9167066117102491,-0.9103150254438684,-0.3918633510635745,0.21115576041108228,-1.010879140250277,-0.11925658943149631,0.25613245551605,-1.29295643837043,-0.2814677252647045,0.263458240669455,-0.9807069932418944,-0.3645538213615413,0.26928595951320433,-0.7031014373466935,-0.38522249538262726,-0.0034607822405674396,-0.990353848881796,-0.13851814679418728,0.03163387428790504,-1.2071735983491727,-0.32805296685801993,0.10941668363036122,-0.8574252683501942,-0.38610824222947376,0.16293686165129323,-0.5891558489720692,-0.3853618290234476,-0.21292494038375556,-0.9346574120899551,-0.18055508921704486,-0.2204347344088472,-1.1963132640850418,-0.347695063277838,-0.06849485266308526,-0.9214161227952875,-0.37347491715804887,0.04449067758958835,-0.6691771153504941,-0.34684933019450914,-0.4116971214923072,-0.8455629567832846,-0.2320416765881814,-0.6025405209193416,-1.1876931561729536,-0.3116408249817424,-0.7275032321824926,-1.4051740854470267,-0.338101695423863,-0.8386794325977388,-1.622061613330158,-0.3450862407521672
Y,0.0,0.0,0.0,0.29466026038223947,-0.2470796268399102,-0.11439024932907291,0.5157464965754553,-0.5529533140950076,-0.20932195132319656,0.7362253837588874,-0.7678923262728311,-0.3169088172308829,0.9484482568848631,-0.8410881227736575,-0.4096179877878999,0.22085984575746462,-1.0028129570193904,-0.12979521046240405,0.27331579323736793,-1.273003524506774,-0.29872948090526497,0.2740848106886049,-0.9575433356152334,-0.389891195003676,0.2760061254180715,-0.6731718241619995,-0.4164093253636345,0.001968285965834755,-0.9890537983708111,-0.1475422304922482,0.03589394415420363,-1.1928247163806436,-0.3376214256655983,0.1086074662165057,-0.8411964023970295,-0.3949246272311173,0.16333455490138504,-0.5744694174146314,-0.39611345010739485,-0.20995227809816683,-0.9336043903824794,-0.18884387477762904,-0.2159749737194668,-1.1808900625586674,-0.3572107866201577,-0.07216475055368675,-0.8897396731963226,-0.379119693731125,0.038034139383374216,-0.628331498011161,-0.35027361974081495,-0.40932237358431883,-0.841935107015494,-0.24072196681477045,-0.5936977211256835,-1.1872280389496594,-0.32243797350958764,-0.7190231242490879,-1.4066644104654435,-0.3477784434891207,-0.8280150309190663,-1.6250626357309157,-0.35386818235767875
Y,0.0,0.0,0.0,0.3016078059795176,-0.24122950145872,-0.11101064111958811,0.5230190310222249,-0.5367287433040925,-0.2049598513645684,0.7383420770819549,-0.7435298188054785,-0.3134863470758283,0.949844443165302,-0.8116254389107896,-0.4067073292108166,0.23227385775293255,-0.9989813141873959,-0.12261014992131526,0.2863243879523712,-1.2817896824363146,-0.29652869379079544,0.2860401128306085,-0.9593125081367423,-0.3894537770791257,0.28701469060561036,-0.6697440886622517,-0.41579858304038203,0.009507857903514142,-0.9897603842677827,-0.1424218465411034,0.04571230525024983,-1.2052187262965637,-0.3397228743745468,0.1199823921701933,-0.8447193355882572,-0.39890707677840176,0.17484358118935414,-0.5735094202321223,-0.3993621124472744,-0.20574754017169022,-0.9426054805116132,-0.18646446305048658,-0.21520059552840087,-1.2062809881464511,-0.35975948832575416,-0.06845836409663707,-0.9063918179595551,-0.3818733282372978,0.04379247080808994,-0.6384364059497697,-0.35175744384042795,-0.4091567219928297,-0.860246398059154,-0.24097381622856107,-0.5980218663896196,-1.210245201926946,-0.3267077930999335,-0.7249844973428602,-1.4358369188265776,-0.3551241702364418,-0.835702187368159,-1.6631004973706036,-0.3629191518506609
Y,0.0,0.0,0.0,0.30295502204942026,-0.23182017148589165,-0.11616060338085774,0.5314647884039397,-0.5248635126709484,-0.21426140717879816,0.7484229501213238,-0.7342417187147113,-0.3261747979004391,0.9617435033339713,-0.8002787546744599,-0.4224163330629513,0.23491360380464912,-0.9979158711424821,-0.12826014285679524,0.2907146857061329,-1.2661838473064033,-0.3008874537843282,0.29076812659824314,-0.9479944036319683,-0.39135618657391336,0.2936556091604609,-0.6639468529305657,-0.416893293606153,0.011006172659958088,-0.9889922188865591,-0.1475576333004144,0.05007258105138959,-1.1997315630570462,-0.34621757425799976,0.12165184216680104,-0.8379527696915621,-0.4050590661831969,0.17437679376159437,-0.5636191825069504,-0.40504375250719404,-0.20422060182570276,-0.9420948361141792,-0.19104681620184571,-0.20989056885271534,-1.2060830758739087,-0.36620070053363585,-0.06811020769597309,-0.9021122582773277,-0.38759858024355076,0.039192545640694326,-0.6302472775240854,-0.3569873442248566,-0.40510993843290416,-0.8596991663421254,-0.24558029897934247,-0.5925155658780339,-1.2090823238527852,-0.33293412890898616,-0.7170639602101523,-1.435660962408856,-0.36201211364059566,-0.8258203616251605,-1.6631497705190659,-0.3703781946044234
Y,0.0,0.0,0.0,0.30876580906279355,-0.22248823400062723,-0.11266437074015083,0.5460807641915224,-0.513453740331091,-0.21051542772337145,0.7728340830852394,-0.7157399433876253,-0.3224560094813134,0.9941292981024686,-0.7789580417325224,-0.420108626893141,0.26373438573254326,-0.9865800488096841,-0.12645288271814956,0.323457482010999,-1.2440582295445066,-0.2887495107762868,0.3178534028197271,-0.9433167199591739,-0.37492345317135956,0.31348605115140477,-0.6701978866385768,-0.399342622701935,0.040326030937768736,-0.9884145466475889,-0.14632325585581832,0.0869376860825716,-1.197701120606002,-0.3323320380478483,0.15243577314926324,-0.8507812588016119,-0.39208980696585205,0.19833982626434046,-0.5762844857533606,-0.39535919171515355,-0.17875896091118068,-0.9509885492907646,-0.18795483425260914,-0.17575077671314102,-1.2185009218650502,-0.3540891193642362,-0.0383735760796642,-0.9324405783674538,-0.3801161887752662,0.06226239431662773,-0.6674576974282356,-0.35498517944790925,-0.38893049270403773,-0.8756427321350683,-0.23958524890338445,-0.5579056752836022,-1.2433609942837773,-0.31891495234314926,-0.6716780931414635,-1.4754512379299052,-0.3434683645276516,-0.7745866274114852,-1.7022010545367992,-0.3499274920238988
Y,0.0,0.0,0.0,0.28710631824006855,-0.21315361547330836,-0.10840665522799325,0.5006547601519316,-0.5118033275406545,-0.188728607481232,0.6740159119713356,-0.758059678138381,-0.27784238151347096,0.833834810996439,-0.9112145110159219,-0.34661465800219027,0.27724421140350847,-0.9821819570104683,-0.1140462393258369,0.34237694062463997,-1.2438743639935184,-0.28128819116335907,0.322776628139245,-0.9398455760901415,-0.36475869714253684,0.30177530999070507,-0.6682379999495747,-0.3823930305877485,0.06815514298383893,-0.9892611656489417,-0.12929509899354086,0.1204389046973263,-1.1973158529555528,-0.33632751796501953,0.17067488852824872,-0.8356264996927241,-0.40007464563507206,0.19737272083088556,-0.5552125831469253,-0.3939203185972042,-0.13667517296065496,-0.960581048000941,-0.16787864058128996,-0.12586275604348418,-1.2013898897441737,-0.3478661669248061,0.0026249141593690252,-0.9095405752283595,-0.37671786833736154,0.09272019076378867,-0.6521402016220424,-0.3445642737839612,-0.32947932151793224,-0.9015873753638505,-0.21485369752167796,-0.47902758729840433,-1.26318958345473,-0.3054432422946065,-0.5739858184482388,-1.4901765593672855,-0.33739975777432746,-0.6563063289374623,-1.711437348996645,-0.342311029773208
Y,0.0,0.0,0.0,0.28893326217994225,-0.20612871786986156,-0.10716849049501183,0.5037388471909985,-0.49742390675644815,-0.18293538195446896,0.6667516909788563,-0.7390008062603148,-0.2675805955636562,0.8062459575462683,-0.9093381668641345,-0.331702219286537,0.2734912960107881,-0.9887244783570993,-0.1064010735279646,0.3327227673991981,-1.2311755853137825,-0.27097400739646116,0.31836455603523556,-0.9274591256379677,-0.35382844473029823,0.30218254627721386,-0.6634382987859639,-0.37141626282022105,0.062082386549287084,-0.9906359786781909,-0.12159825257234531,0.11394207580838808,-1.181582756550344,-0.32570775909985256,0.16547626371693056,-0.8226673734806776,-0.39086684306109826,0.1920573118917058,-0.5468944884063284,-0.3867395635957378,-0.1460160764329013,-0.9573200919876841,-0.16046519423924904,-0.12884738652174685,-1.1855284059943008,-0.3409655512222386,0.0002502517582039843,-0.8937079428180221,-0.3727137492300317,0.08972027641882106,-0.6381186855036658,-0.34263085014129824,-0.3409083698529394,-0.8962973589506636,-0.2072542392590858,-0.4827282772915364,-1.2585747384872876,-0.30122449415606783,-0.5776953382320815,-1.4854912231931274,-0.33652880446091826,-0.6598686964596723,-1.705715180541926,-0.3432027872120143
Y,0.0,0.0,0.0,0.2932126101790266,-0.20067064102761148,-0.11062660382821576,0.5127990413132051,-0.4948172777478041,-0.18494375590329662,0.6657106996509564,-0.7418384466044846,-0.2670777094333639,0.7971061775925896,-0.9228300867504798,-0.3279577899271798,0.2748858446045546,-0.9893705797497071,-0.10136374141712542,0.3417327813578336,-1.2356350091468662,-0.26647741065624797,0.32752837859358575,-0.9384769187820394,-0.34799389282971305,0.30249112845502646,-0.6709176819074393,-0.36068144619808057,0.061523201179150305,-0.9915821518313017,-0.11392862628099767,0.120935809762753,-1.185759906279445,-0.316350710318561,0.17297502839789872,-0.8351120788677513,-0.38046267364217357,0.1941537566530615,-0.564301410397698,-0.37268735433086275,-0.14724790906027097,-0.9571664824832835,-0.15025871804643762,-0.12196097399760092,-1.1878030893382456,-0.32794140940975025,0.003881845583110965,-0.9036481637928359,-0.3514360597093919,0.08646176375591202,-0.6536686600064778,-0.3116600851135599,-0.34566100470222644,-0.8953571952301791,-0.195161946269165,-0.4418190236333593,-1.2856187761875233,-0.28129331903309596,-0.4966750845805506,-1.5356671725204367,-0.3039321884113506,-0.5451852117383822,-1.7702073308293422,-0.2981958390627938
Y,0.0,0.0,0.0,0.297849361142551,-0.20210366606010888,-0.11418276790009473,0.509737927464248,-0.49373270918345813,-0.18165913435504075,0.6553881739605494,-0.7322006343981363,-0.25699688606352017,0.7753108384450413,-0.9212438994004795,-0.309396798388223,0.2745788380833637,-0.9852374377927932,-0.0941447101035225,0.3462497023190124,-1.2287741554872558,-0.2587974281178082,0.3308611822341242,-0.9272295387548625,-0.33691323852363614,0.3068574216875288,-0.6559356686183595,-0.34383472572405915,0.05995373185366943,-0.9931205074882961,-0.10058433100144248,0.12674367988153937,-1.1550459860700792,-0.303500730279915,0.16940812780543912,-0.8184443770182777,-0.3652548875152408,0.19051507358317804,-0.5570943486027172,-0.35335104558757263,-0.14649322292754252,-0.960042816362393,-0.13177785079743753,-0.10446960776677854,-1.1644373995476445,-0.3095034705085951,-0.006662207277843425,-0.8789009345793514,-0.3246831465828172,0.061096990303758085,-0.6277323600328625,-0.27456058402294725,-0.3406782841420496,-0.9010417998837974,-0.1724421131267652,-0.3744919462284453,-1.3039870674798621,-0.2618586346246696,-0.38461373038018365,-1.578425231704485,-0.2815792761930594,-0.386887646636142,-1.8227523898109053,-0.26776001967147733
Y,0.0,0.0,0.0,0.2998522687040986,-0.19925798100021738,-0.11154475492225155,0.5091830823470754,-0.5061900058362832,-0.17467723265887058,0.6416963307287541,-0.7538187676459014,-0.244285132057759,0.741474374473563,-0.9529141823325309,-0.2918010577024148,0.259763088183794,-0.9908667965164878,-0.09806861663763877,0.3134293540494106,-1.2368375457222847,-0.25351623017968083,0.3078311216518533,-0.9416774513220441,-0.32573305615753645,0.29051077972901623,-0.6731924278973198,-0.3307175017619569,0.03798373519109207,-0.9939445003273846,-0.10310948612944741,0.08869391486580071,-1.1555202650170435,-0.2972611565068983,0.13922869763626053,-0.8177952320815061,-0.35560751681176117,0.165458519816711,-0.5554982387378092,-0.3436712114950476,-0.17406907461105212,-0.9588262182187015,-0.130844846746908,-0.15090330667696547,-1.1792281936543803,-0.2986822126704271,-0.04860063947613624,-0.8919384381638571,-0.30913450320720354,0.0256472587661828,-0.6354486520507175,-0.25910146136702045,-0.37055305461123156,-0.8972344692026542,-0.16783922737673818,-0.41436645056653765,-1.310935298754741,-0.25423081900689376,-0.42344573140694136,-1.5913688779803472,-0.27275000218266265,-0.41965012874943236,-1.8385835120020346,-0.25900200722744204
Y,0.0,0.0,0.0,0.29840157770550485,-0.20417716358504223,-0.11375313134224008,0.5033578580317929,-0.5089948468277823,-0.17803442243628625,0.6311474962947086,-0.7555224937381715,-0.24794054120770734,0.7266672624481105,-0.9528283736967078,-0.2951163215638679,0.25730283412565236,-0.9944487202344009,-0.1031981945655519,0.3089898359471966,-1.2293730832346892,-0.2631016148838202,0.3000772288849635,-0.9311124067655447,-0.3383594813173845,0.28270491159165556,-0.6632320497304948,-0.3445366586152487,0.03569726113606543,-0.9935527225628028,-0.1076043355791285,0.08499377283901621,-1.1464023837665003,-0.3064456196650748,0.1323584614956399,-0.8097161956503931,-0.3660457691122694,0.15968431050874962,-0.5466573447319403,-0.35366219428395296,-0.17444311115505376,-0.9526520458637768,-0.13506723620553374,-0.15248043286860644,-1.1516248545442829,-0.30530935183756885,-0.05314566509700794,-0.8709526781225191,-0.3178773395459502,0.020950671930245867,-0.6214002171466075,-0.26826990578143095,-0.36677175558290126,-0.8852976317088849,-0.17199274516072194,-0.41651465582180697,-1.288736384413145,-0.25712835857767424,-0.4346840715379534,-1.5621443640464379,-0.275248894983969,-0.4401314475272978,-1.7996097802007447,-0.2608456518980375
Y,0.0,0.0,0.0,0.28983079600250156,-0.2090667240797594,-0.11983891440146689,0.4932551382329291,-0.5222279283883289,-0.1867705258175156,0.625453522163106,-0.7808323440593745,-0.25806077633526286,0.7196179483472803,-0.9836742902610153,-0.30537171100863225,0.23182872462193516,-1.0012087148090043,-0.11186944514051769,0.27414806801994157,-1.249588112349703,-0.2743904951948371,0.2748082065209313,-0.9463003365134555,-0.34862275355015043,0.2663387156348628,-0.6708658861333945,-0.3540655336196394,0.010370549886270121,-0.9934984908011117,-0.11337195628095047,0.05241429756534251,-1.153139025901101,-0.3191723112244899,0.11249080172927586,-0.8123621621370066,-0.3803636061241259,0.1500057141461587,-0.5479098447247155,-0.36875711233288533,-0.20037436247320592,-0.9474485847577402,-0.13862285079886152,-0.1953531133862153,-1.1593615172359195,-0.31480847696191105,-0.07985557446859885,-0.8824199658160071,-0.3342005834386736,0.009158950942318249,-0.6329305187543898,-0.2894111680151117,-0.39423126952588206,-0.874062919059284,-0.17358384566491286,-0.47099678247823423,-1.2680157683127438,-0.2669624239050478,-0.5129171240703755,-1.5413044995594938,-0.2967495933572829,-0.5421092878800365,-1.7863146082962411,-0.2910796048601662
Y,0.0,0.0,0.0,0.2899007616927533,-0.2225624499295151,-0.11267075524015488,0.4944042471683767,-0.5521551919945135,-0.17882000448318183,0.6400142324313941,-0.8164910257965808,-0.25237952429890365,0.7633835621337639,-0.9996995342467648,-0.3039365994992667,0.2097429543859587,-1.0069350933551942,-0.10020404761212816,0.2574672424300027,-1.2464064522816072,-0.25745045925841853,0.2611254018282005,-0.9449417872089536,-0.33098597215197123,0.25521400695679186,-0.6709012639380127,-0.337345295342457,-0.006889216566006369,-0.9944378329845184,-0.10509964331129569,0.03903425097323537,-1.148987366593106,-0.30254048146065415,0.10384678005760513,-0.8083014845034344,-0.3609407515889184,0.1449657827769175,-0.5448150336882371,-0.34920705866603413,-0.2137639296957666,-0.944284057809944,-0.1329573159752755,-0.20937598664959411,-1.157918343429506,-0.3015161191498569,-0.08729318690179298,-0.8825957098884124,-0.316804812018773,0.00452080143831616,-0.634745968607439,-0.2715353405845076,-0.4054526071719113,-0.8655771123600974,-0.170537649817298,-0.49358238676173394,-1.2482510678410776,-0.25350532171529544,-0.5485145774041491,-1.5059822859675676,-0.27397087129865244,-0.593945919780153,-1.736980440219221,-0.2637870813425854
Y,0.0,0.0,0.0,0.28663662343335017,-0.23675709799784034,-0.11534657526601053,0.4845983845579542,-0.5616521370371383,-0.1886130342479747,0.6392299495833103,-0.8248589026680306,-0.2701463766371416,0.7839258989237694,-1.0002328761572303,-0.3290181317928632,0.19621345017004946,-1.0090920770674903,-0.10384941525434611,0.24121411311676905,-1.2721074138854866,-0.263486457900926,0.2497623437418646,-0.9689968112964971,-0.3375664977990146,0.2496682539080861,-0.6922964804533229,-0.345308974225274,-0.019244958605679825,-0.9937511019678109,-0.10994716415636717,0.019340266868960485,-1.1618331810297056,-0.3114397478293009,0.09033544633914463,-0.8215277164091047,-0.3715693791423227,0.1382975698814102,-0.5595504815269552,-0.36166080582332105,-0.22741797124478225,-0.9411734320902791,-0.13954345136271473,-0.2329606070501422,-1.1708123295554012,-0.31008563266396144,-0.10572035259142994,-0.900928434871575,-0.32675161600198405,-0.007550607624931982,-0.6545156892122247,-0.28341779845949355,-0.42078090559451087,-0.8612104761030863,-0.17935648993895242,-0.5184395870753774,-1.23970720732596,-0.2641643108472985,-0.5809651923138838,-1.499684187108718,-0.28811338884399945,-0.6333133236113128,-1.7363752191513298,-0.281309780039688
Y,0.0,0.0,0.0,0.28513948127869554,-0.24371487501705322,-0.11562577192802731,0.48319479083074063,-0.5817279630223534,-0.18921483604919312,0.6471916023548542,-0.8479421267863488,-0.2719928334105589,0.8014174486080323,-1.0142164988666749,-0.33315051362936876,0.19553587243565784,-1.0131481886488167,-0.10489192004675245,0.24026634579055342,-1.2679777287322118,-0.26856427290883805,0.2523887857034502,-0.9612079128329409,-0.3455708948637184,0.2590460869965832,-0.6898066492771154,-0.3552823182322449,-0.017662154931005657,-0.9935110175555958,-0.11235615817051493,0.022990327305851134,-1.167179314998678,-0.3158755135265398,0.09812770442014794,-0.8311485285941524,-0.3763896577111389,0.14922671077618269,-0.5737900140929831,-0.3660412552031052,-0.2206552698136274,-0.9334420467826107,-0.1436549486299306,-0.223223188212065,-1.1594893359053684,-0.31793202725373176,-0.09478494651527987,-0.8854871707838088,-0.3345051415826145,0.002169471140493716,-0.6437032019100561,-0.28940585945846015,-0.40766691420965573,-0.8454942194303637,-0.18532636568059022,-0.5098169754897519,-1.2193541819361688,-0.2702222565890116,-0.5763262077180572,-1.4714436023460842,-0.29241153336743303,-0.6343552556943881,-1.7009477658340553,-0.28429803848440915
Y,0.0,0.0,0.0,0.28824083531329675,-0.2551076182946691,-0.11558585891372027,0.49204131411447605,-0.5958074699750712,-0.1947633006445766,0.6718817829207459,-0.8548798320152674,-0.28481229683732445,0.8440986367039814,-0.9904683228886896,-0.3558197878449925,0.17978328629902088,-1.0178785689282899,-0.10747304012362947,0.22549598059038958,-1.2777394831380249,-0.27011226225198504,0.24485050605689562,-0.9690016859928788,-0.3511950514229339,0.25352066885410796,-0.6929894107734043,-0.36597177327993463,-0.03632667123831387,-0.9922756407652054,-0.11861460998015716,-0.0011320518062437831,-1.184680212302173,-0.3139241944929935,0.08414648697604343,-0.8524994752866276,-0.37662852246253203,0.14217810051183982,-0.594028608487776,-0.37297049408754934,-0.24265868976489252,-0.9252535614729603,-0.15304812214888,-0.25429465566802656,-1.174104145749202,-0.31979099835876834,-0.11522511223362494,-0.9107019620221513,-0.33934562888454456,-0.011273045792268923,-0.6700897047218696,-0.3015408437796079,-0.43501943037059615,-0.8259082607718448,-0.19826525718815882,-0.5650057887708756,-1.1976672498034664,-0.27574843112905933,-0.6486029055976774,-1.442005271125584,-0.29578152684373255,-0.7230562158408089,-1.6648749023146403,-0.29068449527925483
Y,0.0,0.0,0.0,0.28646748127816024,-0.2650406327102373,-0.1072481493091472,0.4902145161915079,-0.604255058897723,-0.18442647074787114,0.6705415956335773,-0.8574824374088683,-0.2766836305291575,0.8412702704164767,-0.9801491077335517,-0.35189664765810186,0.17077668511522032,-1.0218293997980972,-0.0959909045995658,0.20803690729086743,-1.2878969653793337,-0.25968507395859897,0.2269173095320757,-0.9803642048721418,-0.34676154253028024,0.23554669208832837,-0.7023195532233283,-0.3654368497854652,-0.048592152449861134,-0.9924029991352159,-0.11302694381304858,-0.029209676055398818,-1.186277943370683,-0.30363443062053913,0.06350030999235055,-0.8579394849227705,-0.36897873067899406,0.12902451317460115,-0.5994460239435808,-0.3697796149019826,-0.25722254339676304,-0.92639028404048,-0.15336242951217996,-0.28221571879720025,-1.1694646978674266,-0.31748080033325393,-0.13758418581330312,-0.8961095978315838,-0.33855018214011817,-0.02783921162573054,-0.6467437961344856,-0.3033970235958846,-0.4527830707261571,-0.8275273806008265,-0.2044466097976717,-0.6213364299009749,-1.1844219507214984,-0.2771125363934649,-0.7312971793391762,-1.4113331572452281,-0.29392169627168974,-0.8277016553947032,-1.6199489009721,-0.2884312604357305
Y,0.0,0.0,0.0,0.2859357512269929,-0.27516238646773294,-0.10299076790777083,0.4908125196144472,-0.5984231820311399,-0.18399174273933988,0.683233622686429,-0.8413272401094373,-0.2798274286266564,0.8545906447302282,-0.9720751036695185,-0.3603517846577624,0.1671260586922066,-1.023600426366744,-0.10095335619676385,0.19527463245341564,-1.2969896398982885,-0.2554988598354917,0.2225030037984492,-0.9975961674725717,-0.3422499040789471,0.2375043256050018,-0.7250503589473585,-0.3655384111512503,-0.0501413295176851,-0.9913795401308625,-0.12104732332488204,-0.04101200325991117,-1.1984807003998885,-0.29817126545779427,0.05783118261656503,-0.882892949961321,-0.3659737445114123,0.12770425375677327,-0.6240907348437178,-0.37622708695187873,-0.2601645492411644,-0.9226245408898446,-0.16275080219569324,-0.29377086348363857,-1.1746098243571168,-0.3217627943385128,-0.14024204583971267,-0.9209440167861728,-0.355106159442388,-0.023030477340740454,-0.6773300609425008,-0.3360950426255823,-0.45654755142989323,-0.8207075455168654,-0.2134625950355682,-0.6661563794356635,-1.1570609329567478,-0.2887058138817567,-0.8042769993160778,-1.3670038706903989,-0.3139413129388635,-0.925416577683325,-1.5673687229244109,-0.3200952861659579
Y,0.0,0.0,0.0,0.28667619350473567,-0.27741825723009184,-0.10804625198608715,0.4925931501814112,-0.5949471097723331,-0.1972124011541931,0.6949704439084812,-0.8352999769893359,-0.30138395233389087,0.8722772363963911,-0.9758321968426455,-0.3903518672321459,0.1677626701185566,-1.031150157300751,-0.10691647414563855,0.1963752861634406,-1.2782322798489483,-0.2687236623730904,0.22486081433285388,-0.9784650816711273,-0.35999387016652873,0.2421987062314762,-0.7117775089574686,-0.38733346208260194,-0.04470155967963602,-0.990909068757411,-0.12688966867530385,-0.035888771504711696,-1.1820624462455618,-0.31338554965858834,0.06687614641450079,-0.8495989294434226,-0.38062937233017846,0.1366167418464439,-0.590486093779122,-0.3893519526320798,-0.25286945648723713,-0.9161612382747675,-0.16966961166230698,-0.28670507092124137,-1.1572499347557497,-0.33792931047497743,-0.13084561740063116,-0.8864196787015862,-0.36712774986437446,-0.015830000385802585,-0.6379529385176337,-0.343444760813332,-0.4484707052955198,-0.8094669484973516,-0.22215009352027276,-0.6556439658044209,-1.1323897482858574,-0.3082855527180749,-0.7928560319378367,-1.3353819130417321,-0.3368696659355824,-0.9173806961581025,-1.5376360691059665,-0.3437571340935283
Y,0.0,0.0,0.0,0.2837390205366223,-0.27891084960876733,-0.10717274174154799,0.4878509143192,-0.6040721673073058,-0.19474215533886105,0.6839232820726047,-0.8460745739700397,-0.29573229147799307,0.8623932347923957,-0.9790445338954991,-0.3812436539206563,0.1658335787361808,-1.0278968760638483,-0.11506413379526707,0.2024558223252023,-1.289963528394503,-0.27563826450536183,0.22633737246873176,-0.9829607245276832,-0.3630098548522865,0.23847184487466783,-0.7158928504951663,-0.3882598848116946,-0.0451381346609287,-0.9895763170686946,-0.1367525557205071,-0.027320696569816144,-1.2006735398183808,-0.3202334082172372,0.06868974733973006,-0.8690994276993904,-0.3827611081764034,0.1335064988244614,-0.6111604574099696,-0.38951521604456857,-0.2502030301942401,-0.9123697278286288,-0.18109394709549684,-0.27046341818372016,-1.1664596088063988,-0.34717472424403745,-0.11340068837094701,-0.9074161833808297,-0.37677805424752564,0.0022157019039294053,-0.6670781339660634,-0.3557042664955269,-0.4404605387761567,-0.8015182104747883,-0.23467182165864842,-0.6537227299414743,-1.1269543175891954,-0.3182023707774074,-0.789913621168854,-1.328206798621674,-0.34727588559721007,-0.9102094456388241,-1.526680008157322,-0.3569586468999722
Y,0.0,0.0,0.0,0.2710931191175467,-0.2775227990125708,-0.10301460652275139,0.4608793601160574,-0.5958910562226389,-0.19012946309457315,0.6505470204131841,-0.8169606234996029,-0.2898967966026342,0.8208849735038979,-0.9447367910601341,-0.37417404890578504,0.1486000442484237,-1.0288048491070698,-0.11856713672078782,0.19176947361688626,-1.2740381626157922,-0.2806273326466343,0.2133990673457035,-0.967292788292883,-0.37208450822798333,0.2275690005257434,-0.7148522424099167,-0.40233179978801775,-0.05878588917326622,-0.9883950203452897,-0.14006963621978505,-0.03443709913890402,-1.168991717621891,-0.31837827543184744,0.05484074477294601,-0.8362662460574549,-0.3773985292932265,0.11854753563849849,-0.593550765399097,-0.38527519644836944,-0.26129777409877725,-0.9056138458700892,-0.18378811002886794,-0.2770641378091042,-1.1321102240692176,-0.34585675367809965,-0.1249183858181856,-0.8586595732048422,-0.37058583110052984,-0.010814928474510046,-0.6202097075437748,-0.348659654008151,-0.4435317010371073,-0.7868146717176658,-0.23639742198341326,-0.6638576712410191,-1.0812978012806924,-0.319893305114403,-0.8064828801049441,-1.262400671007375,-0.3477433844820291,-0.929636242852917,-1.4493704558353875,-0.35659367026498995
Y,0.0,0.0,0.0,0.2841608420355254,-0.28239215383043204,-0.0996914654462309,0.4791172373493811,-0.6033274734132209,-0.1857641481887261,0.6734250223911213,-0.8299149133608905,-0.28608627874942427,0.8487685546666239,-0.9543759417460717,-0.37241186713556473,0.1615622751851968,-1.0333503342201853,-0.12072456663239885,0.1981923281150939,-1.2936392244064547,-0.28284608507973535,0.22512416531731028,-0.9838710078919544,-0.37285718778039206,0.24123100098564437,-0.7296305659228398,-0.4013298508411555,-0.053117457732144484,-0.9880313951397092,-0.14481884512159954,-0.03771974009031067,-1.1948195205524825,-0.3256267101742331,0.060174414154169534,-0.8641824259623432,-0.385189715373604,0.1314095636726525,-0.6162293146343687,-0.3932183893692981,-0.2637253747073575,-0.9027544766381733,-0.19024724916384025,-0.29159768311460416,-1.1474085463984587,-0.35646773161674716,-0.12973998771682288,-0.8751469238802031,-0.3842958228188665,-0.005955633154999023,-0.6318101982838198,-0.3638532711552022,-0.4580072865238065,-0.7828712294897044,-0.24351854307017,-0.6819562050732586,-1.0855668835097818,-0.32917490131880084,-0.8363251075983208,-1.2667054706690315,-0.3576347988861336,-0.9752800019322918,-1.4561705819294113,-0.3677234402145052
Y,0.0,0.0,0.0,0.28246451285028784,-0.290661834362908,-0.10865586899060962,0.4655356417931627,-0.6185560447765661,-0.20063976350307128,0.6587707744572598,-0.8411885475150612,-0.30548925963597046,0.8356687702132739,-0.9612953378425808,-0.3976724766275754,0.14522305946406275,-1.0366195769110775,-0.13491772983870914,0.1825875915915664,-1.2930331437346883,-0.3079212554263593,0.21793792471882628,-0.9959986596563786,-0.4105942766409684,0.2426372070105365,-0.7301700185434438,-0.4479078834569754,-0.07420138488419084,-0.9844044275049182,-0.15950572901931245,-0.05735857211960274,-1.172727376842169,-0.34403246467887044,0.04206113501045269,-0.8523018071420347,-0.41005998271676997,0.11482621687456485,-0.6125619095036738,-0.4256096165474672,-0.28707640895268244,-0.891511394690444,-0.20689745160574044,-0.30998463217762534,-1.126353688017576,-0.3749483134748014,-0.15701545823521063,-0.8569056712867512,-0.40216838181173664,-0.03931717528402981,-0.6157487743249161,-0.3847878666030951,-0.4765321343043121,-0.7615435201884181,-0.26348514140071566,-0.7203016448611287,-1.0492737574942725,-0.3497075152465267,-0.876573573299855,-1.2310034820094669,-0.37655052029297,-1.0075327533684173,-1.425621191321275,-0.38725907724567693
Y,0.0,0.0,0.0,0.2851886531093176,-0.3004771834356523,-0.10564259794079021,0.47911355740577904,-0.6301153163327812,-0.1974947004661854,0.6769677708001589,-0.8582845732489298,-0.30285057011696703,0.8591054248497149,-0.9771998632761575,-0.3942608657204781,0.1312349699168726,-1.0421969025013709,-0.14336859628126036,0.16103735356391816,-1.2796073072807954,-0.32012108739161765,0.2002156173973642,-0.9693931068690208,-0.41865422052686696,0.22821258791454047,-0.7215816375631191,-0.453691699678837,-0.09123165679217227,-0.9816591646481558,-0.1673979368488154,-0.07751319811069128,-1.146115198575819,-0.3555054176447772,0.036064525370883706,-0.8002953751480039,-0.4126114081300449,0.11544528951226253,-0.5705411515563044,-0.42313102355993454,-0.30159011304747224,-0.8816160139236365,-0.21381735215101488,-0.3283016424154811,-1.0991878627268452,-0.3920369022280178,-0.15232944779960156,-0.8006190035422428,-0.41519038113823564,-0.01867850390364489,-0.5543548571070391,-0.3933822620233989,-0.48640474263673805,-0.7512111034447073,-0.26855946741229614,-0.734638350653535,-1.0212260533734285,-0.36875620621470895,-0.9049145501214395,-1.1776815600855215,-0.4026827191907237,-1.054659033048229,-1.361087593703628,-0.4171202354791114
Y,0.0,0.0,0.0,0.28267979241188024,-0.3049019169887432,-0.11313488956122653,0.47423148132184484,-0.6234494128691328,-0.2138609948464422,0.6746824311115919,-0.8456895132934993,-0.32728233776805377,0.8594594236106559,-0.9625889253728015,-0.42726567379604785,0.118931342804782,-1.0442653812330254,-0.16133841379115096,0.15160769084794468,-1.2786187782005811,-0.33877722209727024,0.1937594597943801,-0.9672371445236586,-0.43597597823464285,0.21934440786144166,-0.7172841158648458,-0.4710814685822021,-0.10368407457109692,-0.9771545568132228,-0.1855224643526742,-0.0878931637636703,-1.1328367660914564,-0.3744781370078769,0.03203829556279753,-0.7958812512106223,-0.4311366507525415,0.11539923729677348,-0.5680128994209106,-0.44328502651935675,-0.31535477417564167,-0.8673939546052437,-0.23218264791023788,-0.3394459006593901,-1.0747722142150065,-0.41365691613426403,-0.15443534269668924,-0.7896007380591393,-0.4408944474510593,-0.013817183584438404,-0.5471705804113297,-0.42366904574331715,-0.5022604299817911,-0.727985089391004,-0.28716239707614305,-0.7590741623398107,-0.9878469227791535,-0.39078652613851184,-0.9383393787924827,-1.1381003574846187,-0.4273830371966118,-1.097249013272255,-1.3145878596006604,-0.4453346164060972
Y,0.0,0.0,0.0,0.26827135496973353,-0.3067837977491732,-0.11246893672589121,0.44698447412408604,-0.6226791128718907,-0.21413129282563795,0.6357042180121273,-0.8369319789294961,-0.32767217814120586,0.8154313259728933,-0.9564826446165046,-0.42847239636070455,0.09441416685538548,-1.048000115277225,-0.16622868366672755,0.13091644444735487,-1.247375911733069,-0.3409082945499729,0.17609825511199706,-0.9471060519648751,-0.43768669802575133,0.2026561854870803,-0.7040132859281628,-0.4746673052104924,-0.1203291346470396,-0.974059682070659,-0.1916471630875381,-0.09703351699005303,-1.099485941191421,-0.38156950957493585,0.029406335105448104,-0.7707866588906725,-0.44177557325234207,0.11668299714848011,-0.5406812620412191,-0.45642144417016894,-0.3225024054911175,-0.8518938884535119,-0.23820994799989995,-0.33919027306024646,-1.0268419886630358,-0.42091211033391385,-0.14830902434114926,-0.7484965856310415,-0.45257933700671343,-0.004579244699464629,-0.5104980413024383,-0.43875217793583465,-0.49577864465105587,-0.699613748808963,-0.29269589762673487,-0.7508183363183615,-0.9168003872947537,-0.39918867011646136,-0.9326315431761737,-1.0383729611755788,-0.43902602748270664,-1.095437374823693,-1.191888359532638,-0.4593602304662323
Y,0.0,0.0,0.0,0.27190508249773104,-0.30462375507762807,-0.1174440313243875,0.453980980663651,-0.6190341026688551,-0.223719839470871,0.6498420192063626,-0.8265975479326525,-0.3411530883143665,0.8416161970574215,-0.9465552141929224,-0.4485012616383211,0.0838405902706457,-1.0524357335723908,-0.1875525235981833,0.12873289916868913,-1.2302425403959816,-0.3653659436308711,0.18639461420907102,-0.9288386491708539,-0.4686858352832891,0.21472608045625285,-0.6784891422970644,-0.5094058756884718,-0.13505492200479824,-0.967865127041721,-0.21212558520553648,-0.10148005245176787,-1.0718008502947654,-0.3972771211650943,0.038420318302150286,-0.7596721452840262,-0.46338942377429,0.13067427761599337,-0.5208425410663163,-0.4861305922849469,-0.33770716237320764,-0.8308628114743674,-0.2561497865187135,-0.34957853914998444,-0.9722867835799653,-0.43433159818374223,-0.14814928107786288,-0.7188221305419112,-0.4766331696016882,8.216100604393068e-05,-0.48982095123022856,-0.4740084262143472,-0.5112206806862998,-0.6632367239204897,-0.3078718657513234,-0.7741821754021623,-0.8639164166080208,-0.41165423774225496,-0.9621074997354827,-0.9678396995090685,-0.4523365469699533,-1.1371813936275854,-1.0946183697569623,-0.4759192847871102
Y,0.0,0.0,0.0,0.2820641614083512,-0.28976537997308655,-0.12900392860332352,0.4807845457488569,-0.5812872050192996,-0.24841168912794087,0.6939896989760571,-0.7685837517178964,-0.37847675235828554,0.9068551191138324,-0.872681248200316,-0.49906078314770397,0.10924293884989097,-1.0455326106117628,-0.21846864799241794,0.1684137204624993,-1.2016912168419167,-0.4156949914867783,0.22912649584403455,-0.8899694400947589,-0.5340219014654969,0.25425410516828956,-0.6277453577648259,-0.5834559480134539,-0.11972938539591725,-0.9626367645387641,-0.2428895506831365,-0.07106880108906195,-1.0372523457470224,-0.4408291635209578,0.0731041439723132,-0.728437884219751,-0.5138021574647798,0.16263561896897297,-0.4815334585935744,-0.5426701989360033,-0.32951970716906975,-0.8204370770413545,-0.28743590616399023,-0.3270085851779588,-0.9233728696971387,-0.47305877085350845,-0.12118165407254308,-0.6667707727558615,-0.5174801223358003,0.025568040079188087,-0.43300357291188213,-0.5166900970648891,-0.5063193208750943,-0.6489143682412889,-0.3413674056018734,-0.7560311974156395,-0.8387157172844028,-0.4508998676017669,-0.9397913115482542,-0.941320249343998,-0.4944147664778203,-1.112959836882719,-1.0629667793978597,-0.5198903730447384
Y,0.0,0.0,0.0,0.2865126542089615,-0.2818286440134448,-0.13851574244508946,0.48911203478184145,-0.5618410106406282,-0.2654107607648556,0.7065471437665212,-0.7365466211250069,-0.4001885225636017,0.9212385413462272,-0.8280581982254157,-0.5256606417041048,0.1201247272622214,-1.0370366413997898,-0.24978530473856167,0.1834753359611847,-1.1923662494703144,-0.4550566684408841,0.2436756332059634,-0.8835758834866764,-0.5748069195745639,0.2636521676732426,-0.6236156945958998,-0.6257947125578605,-0.1098379417668675,-0.956346805705423,-0.27080696771954055,-0.05800915922167594,-1.0293343109627622,-0.47592711479420774,0.08752052077142884,-0.7136831983440909,-0.5448449842082422,0.17238220160620263,-0.4680204262456295,-0.5719820070077678,-0.3221481843128526,-0.816160113222804,-0.311963652497847,-0.32113699739542045,-0.9218819985080112,-0.504670193805996,-0.11335192816190405,-0.6507686919675101,-0.5449330016535581,0.031248360315690313,-0.40670938938911394,-0.5418124022043449,-0.5014659368960168,-0.6473366407955952,-0.36297518012982083,-0.7573741773252716,-0.8382459903112643,-0.48345627667520114,-0.9439580881124809,-0.9367872180561446,-0.5311316704783681,-1.1204282421391707,-1.05641655880724,-0.5590891990340083
Y,0.0,0.0,0.0,0.27685365928093814,-0.27442818561746013,-0.14408850892429095,0.47232086864070355,-0.5321517860742087,-0.2731888437868492,0.6832669558820433,-0.6864213416675391,-0.4080732550904906,0.8975936010853863,-0.7532715679935728,-0.5332921835691141,0.10951056825427866,-1.026191939100983,-0.264810660977507,0.17965812550484334,-1.1414858406977961,-0.47750831594152593,0.22971972897973078,-0.8307409428004655,-0.6003887470640947,0.24437646964861212,-0.5667753145332955,-0.6529058859164822,-0.11509920977701174,-0.9526049164398146,-0.2815955345587022,-0.05405947366775253,-0.9804884059519171,-0.49328369014409523,0.07635013328348293,-0.6706211749952034,-0.5607839588143473,0.15133418121650763,-0.426711236126448,-0.5859508826950593,-0.3183938139239839,-0.8120487716847948,-0.3194113299406734,-0.30928383104144536,-0.8714888192815997,-0.5176388126373849,-0.11228381203862299,-0.6000504568982699,-0.558105831644257,0.027761621350089524,-0.35608417764862826,-0.5538786479946551,-0.4851099999930599,-0.640853863107328,-0.36783997435444166,-0.729219764817045,-0.8072964538015965,-0.49884328326900923,-0.9108633820900278,-0.9012989606676548,-0.5541608227799812,-1.0794315048516891,-1.0146104104449372,-0.585388019321505
Y,0.0,0.0,0.0,0.2972926491272027,-0.2530644460473675,-0.1499333832558248,0.5153196744684861,-0.5077471927911562,-0.2816204380766107,0.7432856787911649,-0.6652722109459785,-0.42116471863645977,0.9688428138099849,-0.733624440526022,-0.5506488693766343,0.16432199369640207,-1.021903115358345,-0.24901863311943745,0.22349301331460789,-1.1459707238558507,-0.4553657850442999,0.2733931519946694,-0.827241643643895,-0.577416535621416,0.29004872641172447,-0.5686570128792815,-0.6281323352974969,-0.0752995482969692,-0.9615161178856084,-0.26422856218142143,-0.01835397367786939,-0.9996797757060037,-0.4709894393800123,0.11788833506586832,-0.677834312333177,-0.5431040139616281,0.19524721886109303,-0.4268372257175807,-0.5703309448221086,-0.2934286324417412,-0.8366984827605337,-0.30031625595713074,-0.2836813832401411,-0.9105331704932232,-0.4957898693985142,-0.09139682586625056,-0.6260926105258902,-0.5373135141859006,0.03734380889416384,-0.37264780187572777,-0.5304929947341368,-0.4814752859824933,-0.6816818588393169,-0.3478668602101205,-0.7134448108171952,-0.897843249252828,-0.46533203836111037,-0.8864558798864747,-1.0215162773004323,-0.5088556837699654,-1.0524683896809388,-1.1536447012536155,-0.5310461534490452
Y,0.0,0.0,0.0,0.2929677184304835,-0.24947576832711565,-0.13639531767006519,0.504748190356338,-0.5118178050850137,-0.26091693120476767,0.7260011132142581,-0.6724557053787724,-0.39444086643181114,0.9469292982647417,-0.7417583026855112,-0.5180030781653694,0.16763541316845976,-1.0115120187816395,-0.22295888572663106,0.22680113257481938,-1.1511959465592352,-0.41941308505124447,0.26404593212101374,-0.8287065711620851,-0.5408869979327638,0.2735505214763628,-0.5498627116386873,-0.5918905359510905,-0.06697381920917565,-0.9686932987799194,-0.23905606128984588,-0.01331369117579612,-1.0293949553546706,-0.4324470671452695,0.11004629302255887,-0.7058355101944618,-0.5028129571997226,0.18176178725649803,-0.4429046416291035,-0.5290841619819708,-0.28337956917459795,-0.8620812058835942,-0.275309373011216,-0.2816371077035424,-0.9803654151873145,-0.4510056791347631,-0.10365857179658969,-0.7141949935549992,-0.4902690161946304,0.020756251346833364,-0.46132191442228815,-0.48554477277119124,-0.47284912846035804,-0.7148351071074375,-0.3225089269036727,-0.6959998950792948,-0.9466984605462025,-0.42652856689923657,-0.8610818406517585,-1.0795950327909147,-0.46734988389389953,-1.0174051576197338,-1.21566478527189,-0.4891407479389738
Y,0.0,0.0,0.0,0.29183268598006207,-0.24726406118155847,-0.12765369336143484,0.4998878770465291,-0.5360634114747828,-0.2361842126443558,0.7224149115014691,-0.7169048386824087,-0.35446319667413145,0.9398131473617872,-0.7877280009563832,-0.4609347262697989,0.19062264234267973,-1.0091779427514962,-0.18223266308867658,0.24424196423383454,-1.1974511266824182,-0.36073838177942935,0.2594271865875614,-0.8840425903199958,-0.46641118823469685,0.26132723591900275,-0.6270741588820747,-0.5090310156708526,-0.03770259810535289,-0.979095069281119,-0.19987836152397065,0.0012696965513912548,-1.098802813141807,-0.3885126426305157,0.10173854534421281,-0.7674460104145091,-0.45251912330026145,0.16797321140646557,-0.5169999812213317,-0.47043999523854707,-0.25798047989512646,-0.8932003364027067,-0.2389955481126346,-0.26358523909122133,-1.0712594732584513,-0.41472889815088,-0.0928547435274028,-0.790035314096464,-0.45020281916888955,0.03296420521069969,-0.5354219604398577,-0.4405821775189254,-0.4566042615814594,-0.7628520353174694,-0.288259419583912,-0.6827054258009735,-1.0185677687969088,-0.3883299779988554,-0.8465498756675947,-1.155769172025316,-0.42646913087666327,-0.9954311385201078,-1.3101315679436711,-0.44668042272529906
Y,0.0,0.0,0.0,0.29601112799181295,-0.24022418050659716,-0.10748773698776656,0.516228869525382,-0.5145235120695816,-0.20608030610908415,0.7348504643718571,-0.7097136234655974,-0.3163082653064581,0.9329359827975775,-0.8037955704612174,-0.41404011270934576,0.24434956512373288,-0.9941530010004753,-0.14270858378595835,0.3022168038503081,-1.2158002210671124,-0.30553197965560086,0.30076784823747066,-0.8992058542971034,-0.4020745774360749,0.2855807344093587,-0.6325761793812736,-0.4394352336055461,0.028655653610580055,-0.9858990319602418,-0.16486950080596713,0.0673681582380389,-1.154462444969645,-0.340059833694626,0.14663194294517673,-0.8071819390231066,-0.3993253180656393,0.19007974303054703,-0.5409580829764699,-0.4120616239902805,-0.18524427973382204,-0.92394953643602,-0.2076349944406692,-0.18719727434668926,-1.1672839283377774,-0.3694154100789156,-0.024987702124026137,-0.8858027018538609,-0.40042198199814955,0.0884415238164295,-0.6198466556540521,-0.38909543406331004,-0.38376135459843075,-0.8139023662755046,-0.2585572456192563,-0.6055444968574579,-1.102979514747449,-0.353291309591902,-0.7569962518745451,-1.2660836414195165,-0.3907186399790835,-0.8969730157845509,-1.4403998881827786,-0.4101943980893974
Y,0.0,0.0,0.0,0.2994649914771294,-0.23329422361130328,-0.10564361525921236,0.5220117887887263,-0.5044003544432845,-0.20270543689893125,0.741020391589088,-0.6891200345956594,-0.3116701692177774,0.9382277103676251,-0.7718838686280743,-0.40828104757632533,0.2506857417810981,-0.9908513069158624,-0.1380177688605822,0.31136041928511515,-1.2134147095732093,-0.2985806216933578,0.306520449391512,-0.8972249254892558,-0.39366754095718137,0.2923401818246144,-0.628145205001657,-0.4299660592927196,0.034212175251663104,-0.9862897207598328,-0.16143764674957484,0.07660380892204713,-1.1581064891015749,-0.3364451357656975,0.15299398100087364,-0.8121875544962965,-0.39720723553116316,0.19812479901640484,-0.5429375943295801,-0.4102711424481747,-0.17972272694810998,-0.9271622707656981,-0.2051926281452861,-0.17782790350324226,-1.1761605466127225,-0.36671657641240823,-0.01985273739953019,-0.8956231375576233,-0.400248560421564,0.09267234151994481,-0.6301458003127306,-0.39038285705007464,-0.3769149753288236,-0.8194803711763998,-0.25675025568635984,-0.5924251527233173,-1.1104933812074995,-0.34925497391569804,-0.7405452554354849,-1.2796103156873002,-0.3857855833547546,-0.8762263494626152,-1.4608064531041014,-0.4048281124453693
Y,0.0,0.0,0.0,0.31570376333220207,-0.22933784893891448,-0.10781270629712612,0.5525737148565143,-0.4989450299135636,-0.20818984729731713,0.7922168430977845,-0.687490981250564,-0.3208789999063576,1.0018982093040478,-0.7638764660044168,-0.422023283264173,0.28794593946863833,-0.9728156459380571,-0.1388039314455469,0.3581766040334349,-1.2135404133169947,-0.29950732097528965,0.35076275875150675,-0.9089166148429282,-0.39296491539973954,0.3293402907424657,-0.634923891834523,-0.4281132122634016,0.07085130065503985,-0.9843869655970497,-0.16112850510732687,0.1255594772059339,-1.1683495158283872,-0.3365181703685988,0.19334739829397593,-0.8099978165381202,-0.3949606863566003,0.22346822069720876,-0.5339844112280555,-0.4068417513861215,-0.147321254911371,-0.9439289372828974,-0.2044254782362354,-0.13723831651977608,-1.217275253844371,-0.36567643415736145,0.01741761141103063,-0.9248418362644096,-0.39480162598837415,0.12116448604139217,-0.6444219862979418,-0.38293892233799337,-0.35489990318051723,-0.8523728730525857,-0.25621931378297896,-0.5636591201232842,-1.1703281065474558,-0.35000780674573906,-0.7043614736722371,-1.3575236911939892,-0.38676037989757206,-0.8359467761151375,-1.5554506250401245,-0.40704791423962794
Y,0.0,0.0,0.0,0.3097020563942527,-0.2220833125690312,-0.10596945222902414,0.5488249796033077,-0.4887964704957063,-0.19938467129530846,0.7833030158500383,-0.6742306941695814,-0.3040343131443283,0.9880509138330508,-0.7447993438815972,-0.3958519004816996,0.30053326741686415,-0.9659762610260714,-0.13769947237929847,0.36402684774816685,-1.205677758619917,-0.29675426707091335,0.3454064993545939,-0.8889852089731881,-0.38709207320981903,0.32502875251750263,-0.6149118028615432,-0.42111717710127944,0.0804782235714002,-0.9839168836855048,-0.15947044092682708,0.11973033052388854,-1.1742923649419252,-0.34161179150743987,0.17645300386530696,-0.8065549343616236,-0.3996070026577179,0.20750845147518487,-0.5226141716204347,-0.4092819025532418,-0.13787368088768912,-0.9472577363228364,-0.20229758932000833,-0.1313591939850897,-1.2275488337111902,-0.3670367994244858,0.014148013733078833,-0.9211244210403748,-0.39460890056687253,0.11820328515325704,-0.6320066642386063,-0.3809107199178551,-0.34219912323518603,-0.8570759249732187,-0.2537671394602921,-0.5458277687874838,-1.1785639552578433,-0.3500109660515827,-0.6875796972439384,-1.3698660905424018,-0.3903708502817084,-0.8137400802107458,-1.575556367763325,-0.4133999595710412
Y,0.0,0.0,0.0,0.31359217345417134,-0.22048158293194386,-0.10834251190288785,0.5506197525566562,-0.4899102956480471,-0.20598784775507134,0.7962377589275395,-0.6816957738892997,-0.31430617707222935,1.003125746641767,-0.7540541501556914,-0.41030103242940485,0.2998259339068017,-0.9595009024431552,-0.13759023070430831,0.37218684285284603,-1.1997600400779531,-0.29516931996927465,0.3589212296501435,-0.8979155604880164,-0.38577354256638824,0.3310735726430786,-0.6185085120538811,-0.42061776228991143,0.0893688377443375,-0.9834810169162502,-0.15741124548647908,0.14631248141835676,-1.1772964378990747,-0.33840501090404074,0.2066834034800662,-0.804458555671081,-0.39608861914989935,0.22752834195207275,-0.5165484574165626,-0.4043398432253786,-0.12399450831950368,-0.954352246118237,-0.19858767439508365,-0.11044270231605549,-1.2355536980862507,-0.3598485411767218,0.03875267206910412,-0.9391086101068412,-0.38870413433331535,0.1360838325279912,-0.6534561143537798,-0.37653598047064013,-0.32893627242512086,-0.8713069466487813,-0.24879532235996069,-0.5291654232193452,-1.1926814818577414,-0.34737273708846633,-0.6633071125670553,-1.384223119330217,-0.3911098282422378,-0.7882214760659466,-1.5865830979388424,-0.41636796100892787
Y,0.0,0.0,0.0,0.32125280679115253,-0.2244538699875822,-0.10525038813532996,0.5622334149672681,-0.4947470471996769,-0.2006873808041799,0.8095342026637915,-0.6856917717688361,-0.30811825651827807,1.0216407965150924,-0.7540275807916129,-0.40245847020581654,0.3095453213652075,-0.9590447059803854,-0.13202015099449646,0.37612662630448984,-1.2141804340387077,-0.29084084102170754,0.3619260108278566,-0.900956815257031,-0.38114157361602097,0.33743412074864837,-0.6204081609163459,-0.4151211491855906,0.09554317282574815,-0.9833817113713579,-0.15437587851321974,0.14959721592289896,-1.18907285593085,-0.33956462598062703,0.20765629752376388,-0.8069738988671005,-0.39871467482150913,0.22895251429791108,-0.5167212766882553,-0.40690580718042463,-0.12104395266976202,-0.9575370761099075,-0.1979762926275284,-0.10966506238349923,-1.248462861942963,-0.3627981492776297,0.03488285565515021,-0.9419898480860173,-0.3904033142929963,0.1306730453133331,-0.6525711216457667,-0.376182232929842,-0.32907676545774517,-0.8792803751137896,-0.25030412376828304,-0.5343421910537167,-1.207813332729691,-0.34775761239198,-0.6702048004491629,-1.40603564097407,-0.3893246836326591,-0.7944978373961261,-1.6176627483411645,-0.4129792907620888
Y,0.0,0.0,0.0,0.32235764181820964,-0.22571890929951283,-0.10649694648114415,0.5664268179457823,-0.4956179989770572,-0.20343988405162525,0.810165512294323,-0.6889654381008802,-0.3129489648652092,1.0288114992492947,-0.7610235860710628,-0.4088063929751181,0.3101815676621138,-0.9593435587117722,-0.13312466483971144,0.3742059616134721,-1.2243597691706678,-0.2923626250825277,0.35853497339892315,-0.9029622301300076,-0.3817920586778194,0.3429845447041181,-0.6216630497589998,-0.41550845266158365,0.08767009554930683,-0.9837136378836113,-0.15691218240839863,0.1374826067675151,-1.1971770232830616,-0.3442710424134787,0.19386962074380204,-0.8149776885298089,-0.40390408865851773,0.22110543031361699,-0.5227524919008963,-0.41259210038545663,-0.13855772944963288,-0.9563937136307344,-0.20184533133469784,-0.13198949520346348,-1.2619685081569019,-0.37079475631936487,0.014379091643846875,-0.9458871045533659,-0.39806085154846255,0.1174920307300736,-0.6526388284691174,-0.38338867052801934,-0.35379379170529374,-0.8757609702653673,-0.25529354301546164,-0.5620785844812578,-1.204884668903256,-0.3538307417441767,-0.7012557303751372,-1.4020209132485353,-0.3940164586873555,-0.827324688969943,-1.6182660601422463,-0.4171117703617331
Y,0.0,0.0,0.0,0.2976165844564902,-0.22118637681136777,-0.10510094626165482,0.5231650049817054,-0.48405802852938745,-0.20145468577743766,0.7467931383437405,-0.6677802819883605,-0.3091964743800998,0.9515543520959466,-0.7392620033549666,-0.40435141141522574,0.25758791507171347,-0.9801998050370173,-0.1385653338073556,0.3204909317569749,-1.1983435286569155,-0.29264959186184986,0.31408230312732677,-0.8701395931473929,-0.3803880266600598,0.2999067837040127,-0.5907167612792632,-0.4128570037308867,0.03654720166836828,-0.9860065547100095,-0.16265108705172746,0.0819439465320346,-1.162694584671353,-0.33759122628221827,0.15025292802197185,-0.7974942484866411,-0.39426109804855625,0.18467243355118962,-0.5118511119711044,-0.40360355330616576,-0.18271930897232821,-0.9320806419501931,-0.2068009222699366,-0.1760223004741961,-1.2015520528968269,-0.3690281402178795,-0.01606760008840879,-0.9074600177234725,-0.4015403041035609,0.09632968154804405,-0.6289604224270003,-0.39203699462490527,-0.3838804754514986,-0.8240323532598168,-0.25834931491937696,-0.6009647714231633,-1.1203852585359186,-0.35159933101789176,-0.7489781596294972,-1.287464415147041,-0.3889879212976775,-0.8845833549641897,-1.4706980366342082,-0.41043563023418395
Y,0.0,0.0,0.0,0.28542051398600765,-0.23926321119598318,-0.11313005446996285,0.48878370945222027,-0.5246253268655988,-0.21217160821914327,0.7018897838424297,-0.730044338661258,-0.3194654518081923,0.8927984905213612,-0.8228599403240385,-0.41322834960565263,0.22157927891379792,-0.990499153263002,-0.16051573021952642,0.2696503140912338,-1.2334481644184454,-0.32422994411421446,0.26986825996102226,-0.9157508450790088,-0.42048671546850697,0.2650005227846324,-0.6346979104400048,-0.4593254727909262,-0.0027855158665650924,-0.9839843879719097,-0.17823289575413215,0.028081207651110968,-1.1603544286292629,-0.3529768297031936,0.10583144077365782,-0.8092271467509909,-0.407660391468122,0.15311675314872827,-0.5423267227591453,-0.4195667324219962,-0.22184193162867114,-0.9183125473023681,-0.21650843414653972,-0.2351637332105975,-1.1886516262256897,-0.3738367292747588,-0.07872917332101317,-0.913413375625528,-0.400490216842642,0.03947335003206446,-0.6501505520257856,-0.39170008270006956,-0.4176830607004745,-0.7980331115773195,-0.2636898904248448,-0.6569757504724355,-1.0674707887366188,-0.35797026995416176,-0.8199997500552927,-1.2154352176982142,-0.3970051785593906,-0.9639219816767675,-1.3820799827518224,-0.4207583794068426
Y,0.0,0.0,0.0,0.28335282338207374,-0.25209088594122997,-0.1091705807703528,0.4849193589382028,-0.5415530629594151,-0.21059363449014232,0.6934023597517386,-0.7414684030033522,-0.32248443588116343,0.8822399707151476,-0.8467234319101892,-0.42115519188501116,0.19265538147423478,-1.0031701257889303,-0.16689989347412407,0.23392299169516856,-1.2365270929642034,-0.32890233357094717,0.2505028920823563,-0.9329671802700608,-0.421579500997935,0.2564600315821093,-0.6659139656161976,-0.45970202673778815,-0.028961843717649986,-0.9816607754789062,-0.1884232827827469,0.009353844691119906,-1.1453199918078611,-0.36784323701047417,0.10862634182247792,-0.7968404457641712,-0.425146906460461,0.16686031728643147,-0.5295748847165983,-0.4395825547287742,-0.24915361351890813,-0.91044590591695,-0.22887220138851017,-0.27881095445905724,-1.1736248452705966,-0.3896412500593852,-0.10701058388190367,-0.9023011242007904,-0.4196278185964837,0.021652635294478924,-0.644223660462125,-0.4136203130992739,-0.4501576822641033,-0.7917442718331329,-0.27765458236364804,-0.6970791473250849,-1.046480698061831,-0.37735424872689904,-0.8688583809254664,-1.1808901055242418,-0.4214634917821862,-1.0279101548721121,-1.3394224539624893,-0.4489916834267979
Y,0.0,0.0,0.0,0.2833780588834763,-0.2639806592956121,-0.11316756023617758,0.483122399102046,-0.5667197733399192,-0.21680061552094276,0.696170483526525,-0.778558388202232,-0.3313020314373119,0.8964032984574628,-0.8850043390104402,-0.43355988341530405,0.1734960862978922,-1.0136166015077614,-0.1660855985303577,0.2132138093987125,-1.2440439173749516,-0.3312881040844815,0.24195537520946656,-0.9368460858613012,-0.42680652055230334,0.253966296225187,-0.6704243159376065,-0.4661472579263851,-0.0485134954208275,-0.9810225264314648,-0.18772651223543022,-0.0190912083145556,-1.1554701631529618,-0.3696971120786592,0.09292301743231357,-0.8145668748560467,-0.4294086201530272,0.1598660842045207,-0.546505255610682,-0.44503118090146077,-0.26842646677543003,-0.9003909416351027,-0.22899804729566248,-0.3034307807657269,-1.165054146463883,-0.3944995173354801,-0.12252730732569879,-0.8951268934061269,-0.4252307651188476,0.011106941096997332,-0.6374681998507067,-0.4181002762031352,-0.46792060578395883,-0.7705449331822685,-0.27907126590751885,-0.7171416389027283,-1.0200394616226136,-0.37999089924302365,-0.8873847586551562,-1.1532966541555847,-0.4229810941995694,-1.0475940801898844,-1.3103028950282865,-0.4495273654056223
Y,0.0,0.0,0.0,0.3111775777183862,-0.23285231883079863,-0.10368339637182306,0.5472045413078942,-0.5018365527711584,-0.1964175824051371,0.7712936702287071,-0.682356715889874,-0.30131715230339146,0.9729663706079693,-0.7561256840008319,-0.39442496938380217,0.2814246418102166,-0.9858283146188693,-0.13955244303548525,0.3451854612822832,-1.2263038542378402,-0.29678567464428496,0.32670327443818425,-0.9083413948753433,-0.3865808688211468,0.30860820091313096,-0.6388781099955199,-0.4185406661904116,0.05590338006588725,-0.9851983769763171,-0.16204619742665824,0.09176651030701864,-1.1599587414043193,-0.33680267135863273,0.1547723225499425,-0.810593202104153,-0.3962204422649223,0.1978618071273011,-0.5389300120418464,-0.4090543818758432,-0.16480385002210704,-0.9326756048874235,-0.20406834145090713,-0.16290457081840104,-1.1900458655427135,-0.36778815943694637,-0.013424470293707358,-0.8867374883613559,-0.39930171511896373,0.0979961805179964,-0.605223490642371,-0.38744351908324387,-0.37097403552375335,-0.8339443536913579,-0.2532408048175859,-0.5763582332564592,-1.140347629427131,-0.3439135658127437,-0.7269735697649418,-1.3128144299111322,-0.37645966272625775,-0.8625197422303668,-1.5030207448546387,-0.3927269919745684
Y,0.0,0.0,0.0,0.29482983292916176,-0.23727961019432176,-0.10219286272735414,0.509924117639497,-0.5219378090575917,-0.19459368395418833,0.7142411488808678,-0.7219688860629319,-0.2990713432015209,0.8895335272416477,-0.819827797911803,-0.38825828498139464,0.25792092818952234,-0.9948786844856435,-0.1330970129368259,0.3139603223071733,-1.2447069079055357,-0.29628848284573533,0.30387240539408716,-0.9302550623149164,-0.38809662547938395,0.2944190868985064,-0.6587856749042746,-0.4220344112658541,0.04341182357739411,-0.9863988928807162,-0.15853276537480357,0.09029034925332902,-1.1819319228632355,-0.35651110969294336,0.16047500229512734,-0.8110274172100111,-0.42246384666089,0.20282734190524138,-0.5232960428644827,-0.43079370336505657,-0.17435847012270841,-0.937290663036326,-0.20471983706687322,-0.18399336244301992,-1.2024762241579439,-0.38071243661334864,-0.03323864956387543,-0.8999726922088969,-0.41700882718440424,0.07741274721656553,-0.6244641621682385,-0.40359437840563134,-0.37601573182201337,-0.8473553417086078,-0.25812340082829405,-0.5972599373754551,-1.1489216055338518,-0.36036871349703886,-0.7506631501799417,-1.322246630803698,-0.40533024936920026,-0.8875515446482588,-1.5158172075286416,-0.42829293341546404
Y,0.0,0.0,0.0,0.30229275386348564,-0.2314349775034257,-0.1077404475946771,0.5233266714754847,-0.5080282976585871,-0.20463216628530087,0.7444796798892014,-0.684626477250042,-0.31257347383869377,0.9406387668470091,-0.7754066022544795,-0.40568983520074486,0.2786573291142166,-0.9844525090350124,-0.1404455939984652,0.3363343801140571,-1.2236710501158026,-0.3066229289226539,0.3316651035346986,-0.9264687679542027,-0.400761011544481,0.3252699135862251,-0.6681577618554724,-0.43541452411087816,0.06780588349270861,-0.9846908296008765,-0.16058123260116972,0.11670856879587775,-1.1647916961796028,-0.3463506545867349,0.18457851396839006,-0.8121853714705467,-0.4070864423535587,0.22641190257964156,-0.5499874472681517,-0.41675642090562026,-0.1448970975337984,-0.9456810185860056,-0.20214944615713829,-0.1489040791761841,-1.2010614460179674,-0.36878499232089906,-0.00618285535684645,-0.9140888830727442,-0.4031813896528997,0.09740807702161207,-0.6513597055039944,-0.3914940240367378,-0.34610246614104573,-0.8657334318152734,-0.25185595963129337,-0.5640790713509597,-1.1692604499738057,-0.34894035841498183,-0.713403581356311,-1.3454121432806416,-0.3920693632337167,-0.8463339293102916,-1.5355206671140826,-0.4139980514290832
Y,0.0,0.0,0.0,0.2968717222368714,-0.2252803420424202,-0.10475835120541016,0.5140424145267388,-0.5138919998158461,-0.19657555571288293,0.7326187981138409,-0.7030873765419077,-0.29807521705577883,0.930673097128094,-0.7961580894925893,-0.38503802835706336,0.2824975938826143,-0.9743772538007798,-0.14430469304090462,0.34237805442144487,-1.223156603223065,-0.3022551774480539,0.327574389830402,-0.919393394320554,-0.3899591033176499,0.31637339565183936,-0.6574999548623558,-0.42227596304718745,0.07155958863078951,-0.9838585624718458,-0.16401693304602827,0.1275721222744296,-1.1708121437814647,-0.35301236954710086,0.1896051657801324,-0.8025907692747238,-0.41389251370450875,0.22417477991226475,-0.5216340158476416,-0.42147196560625894,-0.14422263862761586,-0.9515020333132017,-0.20305095103209597,-0.14757027627609648,-1.2214062465594366,-0.370868269338812,-0.006063365450082397,-0.9221728453004203,-0.4041239605529578,0.09565157169586837,-0.6510027115963092,-0.39142753743656045,-0.3489363598978725,-0.8737776823508714,-0.24929605193171503,-0.561163253961937,-1.1891358487296557,-0.3479139200694328,-0.7060667502403954,-1.370080684456276,-0.3907411127608036,-0.837322772473225,-1.5689348143959558,-0.4128851973096338
Y,0.0,0.0,0.0,0.2971235544675653,-0.23222629385016602,-0.09982607113442997,0.5106514868708331,-0.5319413812851596,-0.18709660003494236,0.7224106800788762,-0.7279802310801834,-0.285228145713977,0.9218212109561631,-0.8257920574806032,-0.3673686254653098,0.28707564646356454,-0.977426785077952,-0.1347984130371434,0.3450599475001692,-1.2390259439783757,-0.2967090991061672,0.3299646514943268,-0.9412218886745797,-0.38569943201379725,0.3200961930386599,-0.6788225959057028,-0.41790854995475013,0.07351928362205094,-0.9850982180830375,-0.15548767046079426,0.1272377522190868,-1.177264054018414,-0.34703301560007394,0.18726158533797044,-0.8074741290761727,-0.40698686339510737,0.2218801477340716,-0.5319700932128929,-0.41327139769487403,-0.14424731748523392,-0.9549516791761594,-0.1963725583054341,-0.15125288710744314,-1.230208989503573,-0.3641346279286605,-0.011222422890938711,-0.9310974155299565,-0.39499671311297335,0.0916376359797855,-0.6630408877843905,-0.38057759004249003,-0.3509681303550381,-0.8824594099495532,-0.2446180971677755,-0.5578878859201912,-1.2034939481950693,-0.3439893753294023,-0.702785936728344,-1.3893767980228606,-0.38828132396627574,-0.8340103541876897,-1.5944076887539633,-0.4111043156885343
Y,0.0,0.0,0.0,-0.343134325095603,-0.2221937180881224,-0.1114138048778813,-0.6118878770114972,-0.6145305026555534,-0.18381858506795706,-0.8031225649292741,-0.9305161581231919,-0.263669866297985,-0.9915220849862807,-1.1237397615546594,-0.3234796490602551,-0.24231253462895333,-0.9945235294400648,-0.07513109502111132,-0.24949086446493984,-1.1208138579029232,-0.21621255130335348,-0.24263445132273806,-0.8147657251874533,-0.2825504811793857,-0.2290779163529165,-0.6136989026192153,-0.30296725517254725,-0.009486882795123965,-0.9965659530218725,-0.08225752447307584,-0.02235920912110903,-1.0791264058072436,-0.2504365233156609,-0.07682716639545682,-0.7208272647005167,-0.30728200794526894,-0.10214831299916392,-0.5235142556087587,-0.3216210305765339,0.21099197225800212,-0.9607229278064765,-0.10977446907797853,0.24474590356848608,-1.1767016783559938,-0.3003281298027237,0.14444465000790238,-0.8266299725343849,-0.2908302306406344,0.07012726163910726,-0.5895410409527925,-0.2360562571430479,0.3998721966429833,-0.8917235684876023,-0.14223641253835,0.5361816666556253,-1.276124661557135,-0.2519944709561733,0.6184568877918843,-1.5257088666682836,-0.25792274161459205,0.6836885410729824,-1.803894490883563,-0.23937288908123888
Y,0.0,0.0,0.0,-0.33663324836792935,-0.2642328386038174,-0.1056393647154502,-0.5891333043093316,-0.6688256871098414,-0.18054045616458375,-0.7623893336388257,-1.0068267907811372,-0.2663319398536533,-0.9485830215063957,-1.214342354510321,-0.331911628015805,-0.2089802084130518,-1.0152767641187825,-0.0673345943847597,-0.1994761857007514,-1.151202474891418,-0.21373260823543783,-0.20632870022702435,-0.8477790518794875,-0.28180408040413457,-0.20438010864064846,-0.6481789497297084,-0.3014409855313103,0.028977351616262987,-0.9964889904906147,-0.07854937889189939,0.022073404168064328,-1.0951303902146121,-0.24885538020976913,-0.04665031123627701,-0.7443847727331471,-0.30036018886708843,-0.0787249230285904,-0.5583011122555195,-0.30988664566505997,0.2518828608782936,-0.9509754119338607,-0.11199553526889877,0.29875518004338925,-1.1952199413648137,-0.30542928852724166,0.19267488707985597,-0.8731409078025751,-0.2951969311520806,0.11536382686285249,-0.6538200778838741,-0.23891425904230565,0.43981376621428314,-0.8759226259175285,-0.1501463255768673,0.5943056767193643,-1.2551973473349292,-0.2570123540802627,0.6840934523260461,-1.490121233036819,-0.26085189223239624,0.7590926352549705,-1.7535304938401801,-0.24100383000381234
Y,0.0,0.0,0.0,-0.32620125016727575,-0.27000335553484167,-0.11169467355816504,-0.5685376545764917,-0.6995876041673635,-0.18815619976836964,-0.7325369111638471,-1.0623801230870435,-0.27486051589101773,-0.9033863300216227,-1.3033172834509426,-0.3436674372309353,-0.16670574140348668,-1.0224288594487776,-0.06508541755857243,-0.15467956757470336,-1.1831426945478303,-0.21997799781056643,-0.17594357618390713,-0.8842697263782139,-0.30479343375614565,-0.1817876594813463,-0.6578090716575561,-0.33623213303152005,0.07303603828593606,-0.9944556720041833,-0.07565483150601478,0.07152758172052565,-1.1154406398695236,-0.2643226384376983,-0.013620676622146086,-0.7532162466856825,-0.3392086706246094,-0.05508811892320278,-0.5178414233805173,-0.35903485228051363,0.2941876407419352,-0.9373715012238402,-0.1078319218697349,0.35993070963052715,-1.1984259387359628,-0.3049549359070715,0.2329604544013644,-0.8772073167455112,-0.30291188957158804,0.1376386637071291,-0.6355948038078634,-0.2501687234125207,0.475947721304066,-0.8488206661440382,-0.1456926896420071,0.643541062643584,-1.2174707268737346,-0.25867433788776995,0.7463451244366586,-1.4585719266491273,-0.26929395925764404,0.8360763372588835,-1.726970630348335,-0.25288301306279
Y,0.0,0.0,0.0,-0.3114498029545743,-0.281521943899265,-0.12345712656488633,-0.5250080353151346,-0.7145222100870672,-0.20843293649833886,-0.6675848158826241,-1.0738936935618826,-0.2990052202710685,-0.8394743850552178,-1.3080290649776698,-0.3680454949676774,-0.12501456084023882,-1.0356091655674853,-0.10504103411879408,-0.09970043539306458,-1.1561627568133286,-0.25155224752025496,-0.1350197357628186,-0.8382645331253825,-0.3154201095620331,-0.15297146032623712,-0.6346409525276502,-0.3346797674959264,0.1063239705569586,-0.988401830406946,-0.10842986181491608,0.11778213956476422,-1.0715105532481144,-0.28000929183035494,0.012048393606344212,-0.7095200566144526,-0.32595602551033,-0.038393893140597095,-0.5187271342104658,-0.33401622593553804,0.3212638058656421,-0.904426323683843,-0.13308893560516447,0.4064316964743957,-1.1307133353965997,-0.3265177967263379,0.257480924231365,-0.80329481063366,-0.30696836997874116,0.15029092927265364,-0.5836709355514272,-0.2477313840977762,0.49686603965907994,-0.7918796065047186,-0.1641409609512105,0.6912693138536863,-1.1351323165866507,-0.27782250426791105,0.8106005759952766,-1.3553344815788486,-0.28358736571324183,0.9215222225793805,-1.6151076254964865,-0.2662257301269008
Y,0.0,0.0,0.0,-0.31886465361226934,-0.30124832203108054,-0.10844999480807642,-0.5298378734642463,-0.7335825890059198,-0.1828477935417684,-0.6704442739714188,-1.0880449806353165,-0.26663193191684664,-0.8414992041676186,-1.316636306969022,-0.32810852405391866,-0.12964184149218372,-1.0350350245990605,-0.08983224492944088,-0.11593073482336595,-1.142265751633467,-0.23079420793378352,-0.14192370950144606,-0.8176920195041208,-0.28217032642405787,-0.15337514592071835,-0.6316338550462361,-0.2924070930193262,0.10266645936540579,-0.9897629693279881,-0.09914062067798186,0.10776619234096316,-1.0586478576534661,-0.2637206790395021,0.00848247154156811,-0.7054067085266342,-0.2983921408374982,-0.03906755764086488,-0.557150153899707,-0.3014048681066332,0.31943373109779555,-0.9100897917973655,-0.12982076795422856,0.3871348716946089,-1.1091207042995723,-0.32757580429663447,0.24984498377706138,-0.7791611474139335,-0.3067120425827625,0.15282359557802128,-0.5835167451413841,-0.2458368366676025,0.5003025301028704,-0.8004592883020645,-0.1654888780044711,0.6967192359727362,-1.1450761957067235,-0.2802835516847651,0.81626499947024,-1.3531080725706446,-0.2845872417682882,0.9250424413936703,-1.60007627536678,-0.26611119273820505
Y,0.0,0.0,0.0,-0.32118034880442453,-0.29262189069288475,-0.12332939746231827,-0.5341126409959819,-0.7231454073374026,-0.20658921460356727,-0.6712063812660997,-1.0885567879358604,-0.2973202436826447,-0.8382353557522866,-1.329559901664513,-0.3655351475879168,-0.12464703516224918,-1.0342187306372457,-0.09518496799571433,-0.10530385291554553,-1.1623213240242651,-0.2492170007238658,-0.1367704271212715,-0.8398223024260202,-0.3163623838248899,-0.15057177914306738,-0.6281503527515171,-0.33568760738229736,0.10938470262860779,-0.9889290156682079,-0.10027157523625792,0.11707907894243004,-1.0800087922799455,-0.2831596327626529,0.015087341703342666,-0.7241281703661878,-0.3359384616173008,-0.03328843074892678,-0.5410160405995693,-0.3464271872890093,0.32687628898234505,-0.9114269160286432,-0.12837458339737612,0.40568367041834025,-1.1448966858612388,-0.3315838624681892,0.26408544828891817,-0.8303725706238319,-0.3178753111931357,0.16252267689842298,-0.621480955153167,-0.2600906324582628,0.5049817744875376,-0.805536582820631,-0.16296886335787708,0.7046236152526328,-1.1538986136320661,-0.2818205613944185,0.8207553378712408,-1.378933303422331,-0.2912486746796342,0.9246508664002706,-1.6395095160138904,-0.2754390702399516
Y,0.0,0.0,0.0,-0.3180125455244338,-0.28527320339264073,-0.13208704240116573,-0.5292668809687247,-0.7118757283098412,-0.2210419242559141,-0.662795778299081,-1.0792052352609238,-0.31297906364424377,-0.8233558050819004,-1.323939911455693,-0.3815765770741762,-0.12256937230574752,-1.032653331920965,-0.11978502062024692,-0.10520400546749496,-1.1650656621627826,-0.2661960347469897,-0.13529589403645162,-0.8530351766332797,-0.32667745609290255,-0.1538226618717616,-0.6418386296188132,-0.344329765578076,0.10898086799216433,-0.9867501684783924,-0.12019681950675205,0.11501992788084021,-1.0856528694867797,-0.30118633760365676,0.016744901591715964,-0.7359172921889867,-0.3547969343070603,-0.03341815904821093,-0.5409213315753749,-0.3673279554140599,0.3237882343625646,-0.9070016847285554,-0.14125787189649217,0.4055691135332464,-1.15938549883828,-0.3359727193977706,0.2651132646887237,-0.8568329916880608,-0.32198980623443507,0.16136872685632828,-0.6413107610376095,-0.26845040307420714,0.497088413285462,-0.7970042810819346,-0.16980204719445505,0.6915948056417304,-1.1417997924898193,-0.28873766219295677,0.8086719115059132,-1.3682195917586348,-0.30236545250049957,0.9155081866579243,-1.6301838939379751,-0.2914087155141718
Y,0.0,0.0,0.0,-0.29826715500380185,-0.2869788343523,-0.1226284068925253,-0.5019851197222517,-0.7220714469278532,-0.20493149281332732,-0.6342347046500342,-1.0875923476817042,-0.2938789088003273,-0.7946737941463664,-1.3269448806672302,-0.3602314314575755,-0.11995898694331085,-1.039762395021766,-0.08768742941698801,-0.10176503607815218,-1.183035377598471,-0.24036509593457187,-0.12763712557963028,-0.8657972450692829,-0.31244015931922847,-0.14751164041705797,-0.6417977935298258,-0.33442518700353546,0.10376518270744285,-0.9904258856362611,-0.09104587810175058,0.11132254113959134,-1.1074929801362747,-0.2778588638591003,0.02371501676749818,-0.7485141567734892,-0.33911616450449034,-0.025212206415186497,-0.5322812250051554,-0.3506983909995359,0.31402522481695827,-0.9139964809994555,-0.11702083327095751,0.39657122110732584,-1.1836259443084638,-0.3079371294808772,0.2617655259279513,-0.8864319258267572,-0.2989536334417696,0.15721306787507308,-0.6654976025708863,-0.2454694095220177,0.4855284863012125,-0.8064121753396878,-0.15060756546225104,0.6720197335961171,-1.1478626613712495,-0.2602810463164961,0.7823271038955417,-1.3684117222240348,-0.27354127461250877,0.8785620375962249,-1.6216900143888209,-0.2612005352111597
Y,0.0,0.0,0.0,-0.3112783753344696,-0.28272288591142714,-0.11974650679420742,-0.5296995805467144,-0.7129841762482709,-0.19991178942947263,-0.6717533095410494,-1.0831231382131181,-0.2887417518779843,-0.8226734493410879,-1.3360150832218787,-0.35723674543024814,-0.13694869069858512,-1.0324229666118172,-0.06373229305587975,-0.12351872051769583,-1.2156620861092589,-0.22151587044478324,-0.1418322554218442,-0.9202167862515536,-0.3095257146939031,-0.1469570223649675,-0.6967752533198514,-0.34282365885390703,0.08965254672882506,-0.9935435986257031,-0.06952365421152534,0.09126427690407328,-1.1343231022145446,-0.2608011943620541,0.004930155540219895,-0.7899143090308177,-0.3384513113124444,-0.038050207490009647,-0.5705248396392936,-0.3590797856363528,0.3012947880732674,-0.9255129806503845,-0.09881564497152222,0.37751023109898907,-1.209042177494574,-0.29340919317041303,0.24283066923219535,-0.9164337902523886,-0.29286147241791166,0.14161067038806868,-0.693623351114065,-0.24136410184386387,0.47528340117829027,-0.827075278392326,-0.13519874692683062,0.6487142620151982,-1.1844326404687748,-0.24536926804854842,0.7478410179346249,-1.4192304063814707,-0.2575107457795159,0.8337723182159508,-1.6813812173789946,-0.242015314399112
Y,0.0,0.0,0.0,-0.3077106473057904,-0.2785382888573208,-0.10843014093137564,-0.5341143744005081,-0.7095635113499902,-0.18391482583605617,-0.6796365921040988,-1.0765708376169567,-0.26950719724267114,-0.8323892411525312,-1.3174227848483149,-0.3360159536668588,-0.15088443458732623,-1.0289875949499134,-0.05672888118753381,-0.1509425459714898,-1.2274256620142607,-0.21185036276580949,-0.16516541814511412,-0.937856745626729,-0.3014027782515889,-0.1692429742003174,-0.7068600011913265,-0.33557532187844674,0.07392943601241235,-0.9950033033738528,-0.06710338863282093,0.056990632926257334,-1.150069539629195,-0.25757806124968674,-0.01566811560572314,-0.8004002549655376,-0.3381129262533151,-0.0512449252668774,-0.5588250206206015,-0.3594535003404792,0.2876764149166319,-0.9345086870620373,-0.0995337829053434,0.3396266615638153,-1.235323487080279,-0.28594512233917957,0.21270784976373716,-0.9443541306942402,-0.2883956705373907,0.11677992785776678,-0.709291807359149,-0.2403699385138347,0.4669172087831994,-0.8437983689769221,-0.13849289137901483,0.6211270784192453,-1.2063439830155125,-0.24119505917418407,0.7090121185979648,-1.4400000995735154,-0.2539315718934221,0.7816309432782298,-1.697544431006274,-0.24046484083634992
Y,0.0,0.0,0.0,-0.3086021832409014,-0.2807507357196523,-0.10737115872858101,-0.5342691584560595,-0.7134346798721407,-0.18120708629837926,-0.6806749872618472,-1.078233122363816,-0.265734382170132,-0.8338837873092758,-1.3183684336313322,-0.33026278773826406,-0.14718927085093436,-1.0312513341184546,-0.048202588543927685,-0.14994782605486034,-1.2191302328118476,-0.2033374192992452,-0.16607977561703965,-0.9259553981901965,-0.29160149631966736,-0.16698965052218537,-0.7007390539808516,-0.32500370526543626,0.07548604892671,-0.9953759824883077,-0.05940126179527118,0.05751027762106915,-1.149219265691679,-0.24732136849123257,-0.018580440599400304,-0.8098606605357697,-0.32414799220992335,-0.05232443234858576,-0.5844309815792473,-0.34417012628387567,0.2855801397064791,-0.9308874943689875,-0.09386748055313002,0.33502433212474686,-1.2271813006618457,-0.28113603013596333,0.20446214179165603,-0.9371095369849038,-0.2801237943039887,0.10959774497615458,-0.7104190629231687,-0.2296881805464187,0.4626340667280092,-0.8384576754550216,-0.13509524170663786,0.6205629532675931,-1.1985689371246548,-0.23787484625849434,0.7054132050409022,-1.4340772474030548,-0.24843306668010157,0.7741904724461277,-1.6960975898386965,-0.23348859220650686
Y,0.0,0.0,0.0,-0.30906353009106213,-0.28057598728213623,-0.10211639533133453,-0.5334284730718708,-0.7193894281705161,-0.17150153115009867,-0.6759786109686143,-1.086369538531154,-0.2518892972936894,-0.8305911668804196,-1.3191539258406773,-0.31336175031908936,-0.14774852864292748,-1.03257141871069,-0.043913936774331946,-0.1466743297579239,-1.2249832985314255,-0.19506851892383728,-0.16224657634820136,-0.934326639176395,-0.28359720481350315,-0.16498530956127017,-0.7068325656450783,-0.31783960888171187,0.07522654691125533,-0.9956203437879068,-0.05550763619051984,0.06320358746389651,-1.157437945986669,-0.2408993973168228,-0.01565535206527156,-0.8153046091378673,-0.32050209778134936,-0.05637108296139588,-0.5789896719941111,-0.34183584635354675,0.28621679895222785,-0.9316419135001262,-0.08876631777529764,0.33920480572069334,-1.2349957447568112,-0.27131365900108484,0.20847438258180037,-0.9402844420216632,-0.271327822202062,0.11153482192665704,-0.7056785678689664,-0.2217702308858239,0.46386720655146124,-0.8392718313361051,-0.12819866013463238,0.6210073151855013,-1.1980928357392964,-0.2264229801811346,0.7067108833580843,-1.432814219889067,-0.2356752703260618,0.7765168370860362,-1.6953217101861422,-0.22014866837084
Y,0.0,0.0,0.0,-0.3063284506508788,-0.278167755729444,-0.10138408107641166,-0.5303331477071204,-0.7210565630891613,-0.1702403323215463,-0.671253324570969,-1.0895091480548786,-0.25053158124802294,-0.824156401072982,-1.3207705235469038,-0.3127447836059272,-0.14552154867088138,-1.0314108012094367,-0.04252095599314091,-0.14343367924109318,-1.228983538093586,-0.19509564225355405,-0.15645544915659787,-0.9389057665881649,-0.2848293010440946,-0.15841890957691232,-0.6994087348619129,-0.3184818280102824,0.07942337222686992,-0.9953313076902932,-0.05484082307590905,0.07060508548101899,-1.1628943895599966,-0.24272887937641172,-0.00781684926782132,-0.8225342397052063,-0.3253315073259137,-0.05107265080069904,-0.5741579277895207,-0.3465303621543709,0.29078877449938717,-0.931232483115347,-0.08906321280388255,0.3457874653689666,-1.236715723177084,-0.27106757276339233,0.21645075815534356,-0.9560440434631604,-0.27692665910314723,0.11791926303798726,-0.7249821627721674,-0.23077888482028844,0.4669151596937546,-0.8376634762219031,-0.12919442839179796,0.6250090644954752,-1.1976215681558071,-0.2263602043407739,0.7117393191477925,-1.4323524136615906,-0.2388336938428455,0.7814638530732617,-1.69210884705007,-0.2255872445591252
Y,0.0,0.0,0.0,-0.31618474939620955,-0.28115720916503295,-0.10028029971182703,-0.545752255155709,-0.7199721708002,-0.16894828721015462,-0.6898252539129044,-1.0893902776740099,-0.2507019165360135,-0.8409240086288171,-1.326819187145437,-0.3149245419861457,-0.1560080307661361,-1.0341561747488281,-0.03675223201569614,-0.1511858364704828,-1.2284642219011088,-0.18916680257724658,-0.1632568283801072,-0.9394586431964452,-0.2785606058220921,-0.16468204770264577,-0.6982325197715438,-0.31112847975910274,0.07463187275545013,-0.9958979576048773,-0.05115996097973861,0.07192121437190228,-1.170821943280512,-0.23897846509978962,-0.006827434285405994,-0.8359574271659089,-0.3230885688406488,-0.053245268014354315,-0.5846370114783477,-0.3447485822002062,0.2907959795786253,-0.9327186277562722,-0.08785861412656008,0.3454388254811643,-1.2388091972533763,-0.272507749698143,0.21958220614449522,-0.963382641720383,-0.2838345016059671,0.12303921557655143,-0.7340697517748911,-0.24003723878091943,0.47262717766320766,-0.8400670118002929,-0.13006959851944733,0.6358105202788131,-1.2050337241075866,-0.2279778203173863,0.7231612731978893,-1.4413331551313506,-0.24212287489376239,0.7914868538327028,-1.6981692729716062,-0.22973181539975998
Y,0.0,0.0,0.0,-0.31421157754246554,-0.28538639294269724,-0.0960438427295668,-0.5388582212233499,-0.7206564772057675,-0.162282606956232,-0.6836681148190566,-1.0860060306409838,-0.24234645841718816,-0.8336268623187886,-1.3255974318633728,-0.3046824212377743,-0.15290806031601653,-1.0325384915272269,-0.028449088806528234,-0.15227059069042337,-1.2281373779982738,-0.1784305912377045,-0.16435294257069055,-0.9431279589488984,-0.2672602284910468,-0.16400102502596683,-0.7059265044903082,-0.30016567580367365,0.07191036607913003,-0.9964271013414471,-0.04429368987391937,0.06192304096767667,-1.172379101717194,-0.23070084320764206,-0.013678960471563395,-0.8391800037934362,-0.31411805521433045,-0.052318107338431105,-0.5906740729254691,-0.335587057038309,0.28451461259778194,-0.9354884814209417,-0.08247270497430996,0.3322178371367701,-1.2430609166499746,-0.26496655679641073,0.2070390283354458,-0.9676080115291755,-0.27420030093713477,0.1145235401267937,-0.738404272663633,-0.22936125970573715,0.46588171879801715,-0.8449224222797905,-0.1261818403236585,0.6271599539429978,-1.2111067358692007,-0.22329169785716932,0.7122343838166453,-1.4475783959582644,-0.23646006468452585,0.7778384506995301,-1.7055777484175723,-0.22328604042710862
Y,0.0,0.0,0.0,-0.3098143361007276,-0.28921966660568876,-0.09639445297011465,-0.5310326754578963,-0.7313721899834905,-0.16024963418382354,-0.6778336873918357,-1.1002824250857057,-0.23771161499920007,-0.8268770259174465,-1.342227282014066,-0.2966259955717086,-0.1485357234324232,-1.0335923042220967,-0.02334751260854221,-0.14383215697781318,-1.2341939236301114,-0.17045511571880773,-0.15713767378003532,-0.9472868268152856,-0.2560177258293131,-0.154186550116909,-0.7110112098372188,-0.2873747786956458,0.07836390406130803,-0.9961885962874837,-0.03830638546042712,0.07586492836967748,-1.1721923658193432,-0.22139263085301564,-0.005872240522714496,-0.8373093912808878,-0.3021473895004023,-0.04628981361876084,-0.5910369622392216,-0.32206880975658686,0.29230627553327543,-0.9309224346463228,-0.07591101608156278,0.3436254112844509,-1.231188014818101,-0.2578435943597576,0.21335837542431899,-0.95086627475856,-0.2644590147496479,0.11952846470603971,-0.7217911540083106,-0.21780933260493124,0.4750283865179184,-0.835222781813638,-0.1191021725864679,0.6419932884567082,-1.1956531397008168,-0.21544906734083066,0.7303992421111919,-1.4271710870481973,-0.2267228024479876,0.8009472831478806,-1.6800195525501098,-0.21240060626717397
Y,0.0,0.0,0.0,-0.30453223773410915,-0.28993737604601405,-0.09742502607892836,-0.5176515125259559,-0.7292139811372143,-0.16164634400679168,-0.6594510760815052,-1.0973130757007314,-0.2392575955067601,-0.8081748496938237,-1.3388446800894975,-0.2990176675933305,-0.13886729074155674,-1.0325339241866842,-0.019392643059044843,-0.1367302428682465,-1.2331122852228287,-0.16648936875174794,-0.14970190813955467,-0.9484179435057924,-0.25574687791273376,-0.14708151243175832,-0.7122602474420239,-0.29040185226152915,0.08401123662580832,-0.9959141016397186,-0.033124224907981066,0.0800448685956217,-1.1723564717389492,-0.21883075248938952,-0.0009835175193603466,-0.8354332003541162,-0.30363495712428645,-0.042818786560667205,-0.5841818186654093,-0.3250763679931922,0.29431845876110313,-0.928514105835198,-0.06965539630340119,0.3479758999638614,-1.2285905718384946,-0.25189705726931966,0.21717636866846013,-0.9563854447236345,-0.2625111682451463,0.1204574576767683,-0.7289672606648547,-0.218352282991516,0.4736620373239429,-0.8293986418915414,-0.11178329545041853,0.6364538122701998,-1.1784580933117381,-0.20841934481074006,0.7237132360602901,-1.4023566976866404,-0.22190969782055808,0.7945675427691821,-1.6487602463848217,-0.20898607295031676
Y,0.0,0.0,0.0,-0.3074544227655369,-0.2896738571162882,-0.09634877288723297,-0.521464554435904,-0.7283857436257555,-0.160947559228287,-0.6624005492542936,-1.0952147040364593,-0.23911938567054844,-0.8134938112645963,-1.33211071897363,-0.29996562592043613,-0.1417772733389958,-1.0337766020543449,-0.022000614742439407,-0.14443103869374557,-1.2301923932726104,-0.1687209271594117,-0.15272109991861724,-0.9426451513459918,-0.25881633132242154,-0.14768288642288782,-0.7022331506430963,-0.2940104447331318,0.08278351780794714,-0.9959060080932837,-0.036305815278568396,0.07398251949440961,-1.1671435671850632,-0.22105915852700486,-0.0015656877820598332,-0.8343028444790576,-0.3080804395519829,-0.041378248006961695,-0.5835311383106876,-0.3314320265501649,0.294844477402734,-0.9281691259242316,-0.07267920833526151,0.34754530746888346,-1.2275782598824287,-0.2511938210007451,0.22094167220069447,-0.9625284629335226,-0.26275112674781215,0.1246319450309222,-0.7396506791910259,-0.22048614168133962,0.4760485748569425,-0.8291011491294844,-0.11466425043041813,0.6381084067901701,-1.1804583310086525,-0.20814907421662351,0.7239393074191464,-1.406397458832424,-0.22038393737498518,0.791409124190597,-1.6544258899533404,-0.2070072204590561
Y,0.0,0.0,0.0,-0.311767473938095,-0.2942783156988379,-0.09353047877448277,-0.5337167858089691,-0.7278188193937277,-0.1567791486273111,-0.6763562692885293,-1.0970258848287486,-0.2364310097993581,-0.8195251530808012,-1.3452940855533946,-0.2978506489415672,-0.15562794005210343,-1.032580813643948,-0.011380261970121434,-0.1505663343024518,-1.2396337503939878,-0.1651958060299536,-0.15990628902171466,-0.9523007604449479,-0.2575892300970114,-0.1548933086565424,-0.7147159904379726,-0.2910930902280801,0.07232124202950235,-0.9969831513058449,-0.02818215682975014,0.06834149401246843,-1.1738972529181093,-0.2128629508315785,-0.004405962067845742,-0.8404959345064166,-0.2950366545669921,-0.04163383037105178,-0.6030383210212956,-0.3149299728076482,0.2887838755408632,-0.9346794233436555,-0.06911624109428198,0.33518413503183997,-1.2335586592246366,-0.25355931575021534,0.21859210574808963,-0.9450795484174819,-0.2598284518811037,0.13342371753568122,-0.7160953076822174,-0.21080126591928086,0.47483372808639623,-0.8423667562238257,-0.11585050047530468,0.6421625793191957,-1.2005349462292776,-0.21228094435907366,0.729883001208104,-1.4322974542373752,-0.22254707853335615,0.7967241852356044,-1.688795444213101,-0.20609236542324696
Y,0.0,0.0,0.0,-0.30110506068058207,-0.2817503121933373,-0.08860905375805334,-0.5074132742308998,-0.6869857957873866,-0.14995179367100084,-0.6386869863677375,-1.0352276400894516,-0.2278820713889766,-0.7801006950621394,-1.274476707070919,-0.2885966466173017,-0.15083740430087805,-1.026039209213924,-0.004969354868582358,-0.1553550937108263,-1.2135031727470527,-0.1544991213461451,-0.16122263076215682,-0.9235580223931937,-0.24764284650787938,-0.15991112737250368,-0.6915602433552617,-0.28350845106651246,0.0638384131769334,-0.9976992327218976,-0.02282319060053039,0.057690551483017584,-1.1486720333918758,-0.20976230026356943,-0.010269110535138347,-0.8061031886380183,-0.293804478399828,-0.05060812989102387,-0.5649841353236327,-0.3117327719800535,0.2666433269146023,-0.9324738191399007,-0.06416769385753777,0.30785061610625425,-1.1934556281183955,-0.2423028407898374,0.1962679770375065,-0.9083829056615275,-0.2486174024933895,0.10925338825184147,-0.6863904850317264,-0.20061075135898496,0.4402706480624427,-0.8314062787296728,-0.11166179526689468,0.5909126483234352,-1.1593943426536668,-0.20721343653598248,0.6704904019813496,-1.364236700953557,-0.21773200134155124,0.7302959530668091,-1.5951308371076787,-0.20032402246814124
Y,0.0,0.0,0.0,-0.3088381072913429,-0.2975816927197675,-0.0956349086897206,-0.5244518067938807,-0.7221104426857641,-0.16035938304526048,-0.6627596140777979,-1.0834728740122004,-0.2398477508332764,-0.8095041030798854,-1.3202444907021196,-0.3011526400405545,-0.15647042713164624,-1.0243087568419893,-0.017782925575023416,-0.15596257202095226,-1.2382588853015075,-0.17010298909295904,-0.16476309023633604,-0.9545379809035907,-0.2627146628910716,-0.16933066508615952,-0.7053710656065472,-0.2982708186672509,0.061873829612234615,-0.9975603090649162,-0.0323273721082461,0.050070545599688,-1.1798749432673252,-0.2253923144495544,-0.019228491350901808,-0.8386289694488998,-0.3129412658118684,-0.057253195273234136,-0.5774401784202423,-0.33502981411325483,0.27065199551117813,-0.942351576167722,-0.07064388928736244,0.3144559479122285,-1.2588664774929506,-0.2521799576948667,0.19896015394993058,-0.9965132759097914,-0.2645687632027376,0.11125371009650124,-0.7613630947861922,-0.2223486811414262,0.44764775033214005,-0.851800318819995,-0.11559902220484355,0.5983768286201947,-1.20542041203768,-0.21521688943413425,0.6785867246456191,-1.4322165103537814,-0.23477134551450202,0.7409434401971703,-1.6700581229189315,-0.22571212048831232
Y,0.0,0.0,0.0,-0.30790011259061484,-0.3033844016791095,-0.09333412799321282,-0.5204204207049662,-0.7324195816654153,-0.15760190187030268,-0.6580771097372696,-1.0991164049373856,-0.23845935848410008,-0.8057202081635805,-1.339911527198429,-0.301209981425104,-0.15424676453710712,-1.0244563519486147,-0.008166650840421678,-0.1487661907424725,-1.2424497151540455,-0.1638560324303631,-0.1564200065229971,-0.9576484065192111,-0.25959319976442197,-0.15639195165898426,-0.7126568376991285,-0.2965230236236644,0.06634414241754351,-0.9974820490781017,-0.025060258055981728,0.06193279560016591,-1.1834999371346357,-0.21645846760402962,-0.0052864341356658314,-0.8459479654521233,-0.3023692084061142,-0.0417364356556968,-0.5935179299876785,-0.32344738883623464,0.2775979417508997,-0.9423114856801326,-0.06687765478893255,0.3239104623854574,-1.263502085109274,-0.2492923233996947,0.21626888682428988,-0.9977529468450096,-0.25970247345975195,0.1346016265607621,-0.7666339471819917,-0.21544076338453216,0.45793954528144565,-0.8532978909456609,-0.11534941803223786,0.6135006240878259,-1.2080121451393828,-0.21356693693481915,0.6954648170320654,-1.4343471171714766,-0.23064262810825298,0.7575206051560637,-1.675037875338392,-0.21988726294651784
