Z,0.0,0.0,0.0,-0.27649842421530124,0.015095164270332374,-0.18107113791407864,-0.5403357408120405,0.06743601169966797,-0.35141981413649837,-0.5617284145415362,0.2636088826180062,-0.5126507403303135,-0.3517538095838,0.3624657916504082,-0.6659014559707018,-0.5309880484108017,-0.7019986640034137,-0.31812342192155263,-0.7131388896222906,-0.6776670776912622,-0.5396542885835117,-0.865087335141904,-0.7180399771180931,-0.6900216566630981,-0.9971878426027048,-0.7931619222447152,-0.7932064635087939,-0.2651996418421441,-0.9055898862863941,-0.3310228206975983,-0.35706307548509053,-0.017821498549683165,-0.4996225668098071,-0.3082235260111147,0.15172309848653892,-0.48895180248352615,-0.24498056872574625,-0.0020138110950716696,-0.4624796649096626,0.027104224776380584,-0.807437081495566,-0.3712587369108308,-0.09621757049433777,0.07820720699663575,-0.49021513499428965,-0.12822540844933245,0.11935198315381704,-0.3530537555209281,-0.10896623511703332,-0.04158312244069604,-0.23910233117836058,0.279406186709948,-0.6186615145851071,-0.44576248609039937,0.14432256721728934,0.03818972726767394,-0.583756604234084,0.11201459395485606,0.057248810395014026,-0.5364621061411428,0.1344072977620117,-0.08215849743958574,-0.4577301885404086
Z,0.0,0.0,0.0,-0.6943726462894709,-0.37368879305258057,-0.165194836811906,-1.159121666231133,-0.7960089394659671,-0.4239736107599004,-1.315135547124996,-1.1875393613305094,-0.6618049758761868,-1.2209425091385198,-1.5591637344063978,-0.9120079832827577,-0.804323615133359,-0.38346635990930267,-0.820147580617083,-0.98555644375711,-0.9681992789104458,-1.1657860078657745,-1.1318849568187885,-1.476173716074192,-1.3394558622630985,-1.2242929658120199,-1.8355286341119916,-1.4319576069312765,-0.2820776071441409,-0.33267140277268076,-0.8998677465745134,-0.39327521855617087,-0.6989848326442192,-1.2256780751189327,-0.5001215947919925,-1.3816088086887472,-1.2477108480735877,-0.5643720216914369,-1.8361983342993147,-1.2409106112319717,0.22358822232338,-0.3600779819029613,-0.9591852462702121,0.06760758895654734,-0.7444260997560237,-1.2304766152596402,-0.09941569364005687,-1.3665448850342186,-1.144834268473823,-0.21372069156998785,-1.7462886394800692,-1.0421810619653247,0.6852605887553204,-0.48405102542410305,-1.0290790916443087,0.6089767921988002,-0.8775480804211311,-1.2093791036220751,0.40490458885118175,-1.2986601402220914,-1.144789775459709,0.23377481757986898,-1.5488656621475134,-1.062422030695386
Z,0.0,0.0,0.0,-0.27827163366637325,0.047321778248608136,-0.21916787256754625,-0.5352370071506796,0.10839884647616126,-0.39552084332635196,-0.4896573660879122,0.28936189164101583,-0.5563294453858744,-0.22488563273825804,0.3766081551653916,-0.7035357071895565,-0.486241130958853,-0.7173860968727734,-0.3266492632074718,-0.5312828324292378,-0.7722498380927917,-0.5386793591283872,-0.539758083178777,-0.7621682514970654,-0.6798683051438609,-0.5350754312710511,-0.7806908613618263,-0.7710933400608911,-0.19447001269414746,-0.925691910340089,-0.3244624805638625,-0.1556374810474305,-0.07073891782551371,-0.5377420873823857,-0.19644273501180803,0.15314538789199303,-0.585893293098847,-0.2155826866808103,0.08858127383684711,-0.5949516581721228,0.10886971683549047,-0.8579573892952158,-0.34881824297152625,0.11376327653806606,0.0011457198737298228,-0.5049557293085535,0.012339907445046046,0.10796289646131438,-0.4526792461113268,-0.05045878919460423,0.0036383673203495676,-0.3909127435826399,0.3717065582406733,-0.6959075907058194,-0.40607257277423087,0.3375830073328396,-0.06741344787754948,-0.5463325614114369,0.216616994026906,0.030510126690685774,-0.5335282965284532,0.12278769127642854,-0.047842534814340684,-0.4850342270725657
Z,0.0,0.0,0.0,-0.2618672257258111,0.059172264930127706,-0.20738070554019006,-0.5360138865463078,0.08297418974053859,-0.3808066876237084,-0.42505701636699356,0.24120885054802332,-0.5378273098175095,-0.12421511834050737,0.2756942642717658,-0.667499113816345,-0.4413678534976238,-0.6892174685467772,-0.3540954209861645,-0.47351627787489575,-0.7893523097257537,-0.5738513581439133,-0.4346169184589845,-0.7983798056982574,-0.6918249847684782,-0.37243188370288427,-0.7751060888228789,-0.7639665864386866,-0.14749214287636533,-0.9255421767437012,-0.34873736085809504,-0.12743550747042326,-0.10330052669326986,-0.5662252924730273,-0.17756055768288098,0.13764549206434476,-0.5757757168455674,-0.20063250726901055,0.05943586002680092,-0.5576412138313414,0.1360941992994639,-0.8917452652705357,-0.37151626444751285,0.1460978367665495,-0.04670034943907797,-0.5226907557659536,0.02653456123731272,0.06356814570737007,-0.4181108323601025,-0.04357155706090182,-0.06076299518534096,-0.3283091861279087,0.3863156613478333,-0.7492586304413249,-0.43044617963866255,0.3553043088692414,-0.10896705796547944,-0.5920401831206294,0.23700761286822788,0.009232952575364415,-0.5763362380791303,0.16217484774482196,-0.07422517333686574,-0.5222383695865279
Z,0.0,0.0,0.0,-0.2656312855762754,0.05399117230314985,-0.22171653369814862,-0.5192378705556517,0.07277250402237459,-0.40524201422697415,-0.40105467809119116,0.2241867411121818,-0.5656224582746394,-0.09269050523909729,0.2584875479355498,-0.6978017900069472,-0.4508654018330629,-0.6649908949036607,-0.3982058061746929,-0.4532514268061245,-0.7873667351926499,-0.6652864145313585,-0.37074843827153303,-0.8105396759164255,-0.8225959141455313,-0.279564856457864,-0.8348255164392008,-0.9210818869049817,-0.1475841714915772,-0.9097092475975013,-0.38813399382266534,-0.10266572960992569,-0.13384226738518082,-0.6560746502384855,-0.16330411696294903,0.13339579950333555,-0.6916179583121889,-0.20936199518530993,0.0686068958019578,-0.6921103306382239,0.13949140662932918,-0.8903256244173873,-0.4080250497594767,0.17706664662783064,-0.0892686747801546,-0.6076114420233832,0.06909335714476839,0.06089897367730034,-0.5277875123110646,-0.010320325178654732,-0.049886183102183596,-0.4544318960818799,0.3949173167858249,-0.7685495602772769,-0.46194802566574467,0.39476438581559287,-0.12028473564914646,-0.6595227028251366,0.284157313126445,0.029997107973580454,-0.666240535259702,0.19990542815102516,-0.04265617025950137,-0.6306689928086819
Z,0.0,0.0,0.0,-0.33024056847196803,0.15603576942203057,-0.3571562994720072,-0.5675935853541411,0.23922913120659434,-0.6591217332509897,-0.3174375490655338,0.49353120609252693,-0.9248948827274641,0.035537074064622004,0.5247164781928974,-1.1657900911056092,-0.436060751740113,-0.563093832691012,-0.6457534085219012,-0.2851880265597925,-0.7582868059882236,-1.0435875538499406,-0.06320634132108033,-0.8289413460429201,-1.277470722776402,0.14593751258204993,-0.9293143948618466,-1.4129882789946513,-0.08383676083220329,-0.7833224886405035,-0.6159360975971551,0.08770896630828684,0.059358690687877705,-1.0696301404707365,-0.014543615863816466,0.42312034954186395,-1.161514595646766,-0.15177006481826025,0.3980750314449093,-1.1667854947046745,0.2277489651077706,-0.7674759120000181,-0.6252032584813352,0.3919263744592066,0.009704136070701927,-1.012978465800083,0.2913186559393295,0.23075056153436707,-0.9842022102788093,0.16918908386551296,0.10931225491076808,-0.8999615378222545,0.5083676151461387,-0.6607944443062648,-0.6698731022884836,0.6003941931311214,-0.06064238057519711,-0.9769488184790618,0.4796092318206327,0.18689623379062165,-0.9948614209503007,0.3414239007106489,0.1779004583139151,-0.9436255655336728
Z,0.0,0.0,0.0,-0.29048879415081347,0.14255095729469502,-0.3315391476988219,-0.48696257528290077,0.1744462088380063,-0.6056497140917726,-0.21460098809206962,0.3806828603711212,-0.8380843336552851,0.13672151868128354,0.4092310192043669,-1.0371551599513569,-0.29014071068030384,-0.592781721734973,-0.5863458801926196,-0.10081607394040489,-0.7849618829250576,-0.9236653343737162,0.11833184674650646,-0.8586058939236887,-1.1263340565250597,0.30259643038965894,-0.921498878986266,-1.2577685592869043,0.051001166480171736,-0.8376767478823904,-0.5437798700529873,0.10625432459925722,0.0070791734146558715,-0.9053178812144123,-0.03465570993963426,0.3329254539337731,-0.9493048262421946,-0.14740523076553377,0.2286173263129716,-0.9469839007268904,0.3366752488098905,-0.8089129190108011,-0.5365615296782709,0.4028816696566319,0.00043872098149047567,-0.8189494855715969,0.24766124164948683,0.1884306615501593,-0.7147441001456531,0.12759606321904324,0.05772015174044108,-0.6149264411979504,0.5738461580809658,-0.665036646449679,-0.5724184818745938,0.6124701376788864,-0.04396893562006296,-0.8366046836694271,0.4705601381572841,0.14283231738578547,-0.837014914358378,0.3515882193462613,0.08536045928291741,-0.7871417715592491
Z,0.0,0.0,0.0,-0.26608292842805564,0.12815026165601381,-0.35302481661563223,-0.4200957283664335,0.16393278101052375,-0.6320570093521258,-0.13066116797748184,0.3654342468480247,-0.8567193438653783,0.20083303244733325,0.39839442738968583,-1.040647948388201,-0.22638152603661804,-0.5897373310665832,-0.6299638376189335,0.029105441568661815,-0.7597905006565541,-0.9519153024335525,0.2473827569581835,-0.8278284865834125,-1.123837357216441,0.4144153506508571,-0.869447825510772,-1.2351881143828318,0.11386558179040625,-0.8180301180125605,-0.5637919432803988,0.19246934309819178,-0.039267196420230126,-0.9084528375244679,0.003037990575286782,0.27226194642340107,-0.9239169990180799,-0.1315467043532533,0.1443020852467403,-0.9093422922027871,0.37899621757706364,-0.7911264722310513,-0.5309972384602182,0.4618256504990271,-0.03667589233537674,-0.8005152846828819,0.2727890306772198,0.13521133309153274,-0.686716604280419,0.13850531943326674,-0.011161647612804863,-0.5912605139597751,0.5905610453354916,-0.650751106626334,-0.5417572237813085,0.6542044372716729,-0.05403165066445133,-0.8002292485969026,0.49967413115237064,0.10706689150326404,-0.8087270309665641,0.37961792158129254,0.03426483016771578,-0.7740306795904975
Z,0.0,0.0,0.0,-0.28343805502697444,0.12493150005795256,-0.3545899165355164,-0.46992297581594555,0.15634049138746772,-0.598800719173345,-0.24110490620475553,0.31851908823413055,-0.7829047612625468,0.07334566122166189,0.3381716638718086,-0.9070976421943652,-0.39477511333493326,-0.660209068167807,-0.604362586025327,-0.2835441926771691,-0.5578586873753213,-0.9432896451883824,-0.09658686577259616,-0.42867098733979,-1.0828922692425413,0.07151324949764654,-0.39652170595136055,-1.1493417903686218,-0.047619980138589486,-0.8421838071966177,-0.5370835804485281,0.03677709681631183,0.003177980473208435,-0.874313807373349,-0.11662709781526724,0.2073272005661105,-0.871555164190645,-0.2599214807538727,0.039733444765562176,-0.8333701394137852,0.24865217538610274,-0.7896408580638615,-0.508475039039876,0.3054058751248178,0.12065444683927766,-0.7622795022348923,0.12582364448792618,0.24348698797612656,-0.6218843213444563,-0.006853230541787249,0.05983864267472519,-0.4987984667981378,0.4945086797190936,-0.6335965896396574,-0.5263594001909518,0.4968410345309276,0.08281837966422279,-0.7664633174044352,0.3458092970979059,0.21845400878638999,-0.7589435183579936,0.23779833074478735,0.09974185421074984,-0.7038790648226912
Z,0.0,0.0,0.0,-0.277573129986973,0.06514053533818541,-0.2847297450218571,-0.47661569536983295,0.03240596064998125,-0.4893610448852118,-0.27149426667567716,0.238786249164278,-0.6531475619461354,0.049216901765475676,0.3708213344993508,-0.7689741445526296,-0.33367181531574686,-0.7876166168189954,-0.47083158141272685,-0.31164871800487387,-0.6464210428715877,-0.783257624259715,-0.16522013923730608,-0.4343714176042035,-0.9501681153907652,-0.016461478452489995,-0.34457316409733824,-1.0344009029715795,-0.010428531755296306,-0.8987807395602879,-0.4382743751588618,0.006383402151854385,-0.009972840385071777,-0.7299633271619689,-0.16708435376985314,0.1853551950158817,-0.7569725344179852,-0.29184724022280245,0.06074023451971555,-0.7439565394085546,0.2668368328182353,-0.7788676403481815,-0.4434585470394295,0.26202402706658834,0.13558481190203964,-0.6478960043318989,0.052010369288284536,0.21922428236927996,-0.5326693160837014,-0.0741538425874794,0.07974276321640965,-0.42742713352253675,0.4827921004613566,-0.5890840981495404,-0.49357488702073987,0.4533394467908425,0.08075640349745375,-0.6836880670739993,0.2888916994621087,0.1859476434367564,-0.6660392098006193,0.1928468008540392,0.09264607637285452,-0.6065386618121831
Z,0.0,0.0,0.0,-0.25789603119533056,0.06252503248273411,-0.24811419670307275,-0.4734766244558901,0.06178686180118034,-0.4349950721192156,-0.32001115399936886,0.2180907544463011,-0.5891787771739045,-0.03384611362680526,0.30300252080414797,-0.7011479149246863,-0.38942228821573327,-0.8034950972080873,-0.38943603341753497,-0.39559188116139943,-0.6609181799007543,-0.650297393362124,-0.2899603945636934,-0.44293549687961453,-0.7922227875622617,-0.18801857115982268,-0.359488407788327,-0.8704250204235122,-0.0895321768476755,-0.9255929555329139,-0.3677793767692283,-0.05380028826464032,-0.13961971176817065,-0.6020644497928012,-0.18296611301213522,0.10907810810632168,-0.6268902295711292,-0.28419833086885604,0.01714265128413251,-0.6266797402369905,0.18253120884083604,-0.831604617718232,-0.37977700101699574,0.20844645094318887,0.000668662187837648,-0.5395498911926818,0.04269940094971655,0.14175614577879467,-0.4450004865297503,-0.0662599238060423,0.032259320410669354,-0.3691286627949352,0.40748711725553793,-0.6571014018588216,-0.4318378511285294,0.3904592025945944,-0.02931520722477543,-0.5801771296841831,0.25307447455074117,0.10961584676147484,-0.5646237710654468,0.1653269044749485,0.040279219937347246,-0.5207555205223413
Z,0.0,0.0,0.0,-0.2536523636845795,0.05246141365191638,-0.21235289217462916,-0.48602887042733595,0.09315397915029733,-0.3963399935370039,-0.40052928811335936,0.20091105062106931,-0.560479667487021,-0.11823940948478004,0.2969791118021633,-0.7053671817526631,-0.48488009227516493,-0.778971501223771,-0.32869085613099297,-0.5266124175560636,-0.5457263491844837,-0.5829484235057784,-0.47985077374023877,-0.3339881636929226,-0.744919839972635,-0.4326616938755164,-0.262777458013011,-0.83446214792058,-0.19538262871501094,-0.9231045243315557,-0.33121543677042664,-0.13313337308702772,-0.31882293810879675,-0.5366627721004955,-0.17904014480505734,-0.027427341007634366,-0.5841264405247568,-0.233441011594189,-0.018340764946853362,-0.5995102280972936,0.08374034798055645,-0.8666152671036266,-0.36160637912719323,0.11864863689806103,-0.22044541497699607,-0.5357026167377889,0.011005252677869665,0.024572787208661236,-0.5016270810946862,-0.08268331333860761,0.024483611582949122,-0.4565187463762426,0.32417744420031186,-0.7165007071957857,-0.4197625435682043,0.29711147457645326,-0.1933175826808503,-0.5470486393623425,0.18174249308579932,0.02382903447693664,-0.5301449559649231,0.09553627564347043,0.0610839029485202,-0.48883157520573545
Z,0.0,0.0,0.0,-0.2369240968856817,0.019379678145900726,-0.2234649615116356,-0.4647182474353671,0.04315255323126404,-0.4096247065652604,-0.4258899987580643,0.1592828331608734,-0.5725657424488264,-0.17355628954575297,0.2712716120940895,-0.7084717748990671,-0.4511589527100907,-0.8230082181811522,-0.33972968675049176,-0.50959833975917,-0.6163349269264413,-0.5992102704347907,-0.5061564488954093,-0.3572938732511269,-0.7360315143528179,-0.49051060162311666,-0.22412784785592524,-0.797835544120529,-0.1713067144231444,-0.9290090437659734,-0.3280186064761861,-0.16675276858417865,-0.31383755689435194,-0.535708600415113,-0.22512758323232607,-0.016565321882746398,-0.5563899581220543,-0.26690842767900375,-0.026461724428396366,-0.5440919852072358,0.0897381299895411,-0.8432434806394014,-0.34754698303831744,0.08267381838054087,-0.19028577084213627,-0.5207523591006606,-0.03666029852629485,0.021224084189422128,-0.4578257301848811,-0.12661351827386988,-0.02201100348387819,-0.3855151853139468,0.3124092335751456,-0.6769399904504395,-0.39566197643891476,0.25382183021266236,-0.1876246603473909,-0.5197277269710836,0.14005276290163898,-0.007451746014592015,-0.489624028183081,0.06938440900704698,-0.00907446863942094,-0.4319233300744165
Z,0.0,0.0,0.0,-0.2607039669136596,0.030017544665542323,-0.21300083079701868,-0.5175260578474676,0.0637955574472406,-0.38820859228869625,-0.4854517858008694,0.2329782704919639,-0.5431310723292784,-0.27059516572431763,0.356456419187165,-0.6662806014497583,-0.4594933432824042,-0.8023826169126519,-0.3482022583868492,-0.5668666289317517,-0.6548652226428975,-0.6070801606464037,-0.6423989312866725,-0.42297034023038993,-0.7286552960414954,-0.6864923375577155,-0.23693489658507666,-0.7763448301061568,-0.16018656134187317,-0.9261692930361176,-0.34139523459246546,-0.1980545778697582,-0.09828711624474316,-0.5532460329168885,-0.239877021958013,0.13238806905824332,-0.5353030743571973,-0.2520527405700411,0.027104977343928232,-0.485459680513488,0.11791683798113028,-0.8125715947692755,-0.36891781101685156,0.043408319040189616,0.007946474458786075,-0.5219527285568791,-0.06400392949499173,0.09989448796127598,-0.39379155244325,-0.11373816008097674,-0.04202373197494524,-0.2731295409807418,0.3395760847865798,-0.6144952758535035,-0.43162811773883963,0.254161133470557,-0.012003500213828166,-0.5846934788503221,0.14405739229513884,0.06231692203687994,-0.5511086315982361,0.09734296857234205,-0.04738399908374152,-0.47363844477108813
Z,0.0,0.0,0.0,-0.30041335014011533,0.022745505464429647,-0.1880714795992321,-0.5940987329893999,0.07732993028069979,-0.34594954936766303,-0.6260407639934462,0.3147824621904548,-0.4870692380246723,-0.4657056816246211,0.4985549047243943,-0.6045356849967113,-0.5528633222288891,-0.8375626198102752,-0.31196664221843917,-0.7040335743284984,-0.5099034439023972,-0.5151511455765647,-0.831719399466604,-0.24971846552374252,-0.6121877122524951,-0.9361049838926605,-0.09412434265713204,-0.6586200591091441,-0.23871789416413355,-0.9184533028721632,-0.31536851055401194,-0.3800903628049311,0.09605190480984584,-0.4756838683983386,-0.383011904961165,0.2823550718525423,-0.4696304458375551,-0.3465997525809487,0.1440099776442533,-0.4461951261404923,0.06001043745899758,-0.7738703617990298,-0.3422630357388966,-0.11282373600650741,0.18152330261629868,-0.4452274001592357,-0.15936926082441663,0.22050277189899678,-0.3241387143020546,-0.15565397659612312,0.03194692812737012,-0.22235605294597974,0.2970023677139122,-0.5515776913251983,-0.4022528304627725,0.1321311888352498,0.12393231614164602,-0.513000458242412,0.06339380555090283,0.1343623726340368,-0.463545225982968,0.06025610981240627,-0.04243302947557728,-0.3840043465449926
Z,0.0,0.0,0.0,-0.3920131569814002,0.004468150469787247,-0.1771452280910927,-0.7298954675164635,0.08779277612833405,-0.34328431923269837,-0.7915869684212666,0.45438852025582976,-0.49477031240894326,-0.6030570019095306,0.7287766295031405,-0.6294948720329294,-0.7221068109242317,-0.7951772458618053,-0.33248089974572304,-1.0216454423407548,-0.32541622545639154,-0.560508851188084,-1.232525811323324,-0.0732424087516708,-0.6937846322504696,-1.4021128045995759,0.0988714041289496,-0.7578064935616271,-0.40869778564557896,-0.8463404637774382,-0.3415756715303231,-0.6118024608862249,0.2875961014586585,-0.483290340159599,-0.5172158549110275,0.2993715546792093,-0.4563161609994378,-0.410454395894097,0.10932896756810158,-0.4146266621924334,-0.07539597028297952,-0.6541134923576207,-0.3755273569246404,-0.33131244993520276,0.3933294624144279,-0.47957263069894107,-0.2877647625443435,0.24237620637795884,-0.33417406404356276,-0.2315430083431907,-0.06114749328684216,-0.19762516327819488,0.20210178272175197,-0.39760461044628354,-0.4408453232270943,-0.024608963089643138,0.32814648979477357,-0.5497486051942205,-0.022102523966593766,0.19693018157520498,-0.4683922443234011,0.019928221874790906,-0.08054798312239315,-0.3523125483857131
Z,0.0,0.0,0.0,-0.39842294788762356,-0.014948698562269795,-0.1662289965629794,-0.7192655613194912,0.061917431780636974,-0.31959814878187504,-0.751601142052437,0.4350725281944461,-0.45706344348609285,-0.5402179566117763,0.6958029854088417,-0.5846443166987181,-0.6734008901601812,-0.7875884806813762,-0.33031592480842903,-0.9185659441070011,-0.3548654367775857,-0.547822401300124,-1.1244712831777244,-0.13587841502027057,-0.6886507271447594,-1.3051816159623606,0.04287766925256929,-0.7703612370765024,-0.3905268927162693,-0.8490055644995205,-0.355918947956169,-0.5126591484286253,0.27999315535054203,-0.511806322695394,-0.4615117693984292,0.2817308238746654,-0.5231489749392041,-0.4089753730206542,0.08631882361979404,-0.5194100542490746,-0.06956931938123817,-0.6696304008939704,-0.403452667891815,-0.24776834400181083,0.39875106552131856,-0.5115780441756553,-0.24395692733386626,0.25123502064423,-0.4117579621595157,-0.24060129944359165,-0.053003080504712044,-0.3223247797779272,0.1967923571966228,-0.4200830419144075,-0.48056956587281924,0.010942283079238694,0.34079786466629425,-0.5931017268042621,-0.01683471145718249,0.21688477808464174,-0.541255404134389,-0.017077761556215824,-0.07333659591625487,-0.4635711098877104
Z,0.0,0.0,0.0,-0.40698592962753455,0.01147706244804648,-0.16856282003857093,-0.7271961734972341,0.127304197506876,-0.3359784790145675,-0.7645748784974491,0.5101756835205414,-0.4888730386333797,-0.5495677769001313,0.7637906303207861,-0.6324516456135287,-0.7231210201298267,-0.7584824493446141,-0.35737152242443543,-0.9805898261084699,-0.326877865140355,-0.5948314175150299,-1.1858366589530835,-0.07957289825390321,-0.7429134404294091,-1.370729465638956,0.1125766876866352,-0.8258930741766315,-0.42989758101305,-0.816999428680233,-0.3843175814028042,-0.5506874938213553,0.31716021387623017,-0.5474953738719311,-0.4697717127431938,0.30374117613777984,-0.5505965880450965,-0.4054642261248449,0.09024454775899898,-0.5403480538932535,-0.09614735788325582,-0.6370220309811924,-0.43346332054700826,-0.2769408228973921,0.4554726814567787,-0.5403340160380626,-0.25031425110536715,0.30039973466834835,-0.4190595812586696,-0.23814393457789496,-0.017044403827742156,-0.3151115312238526,0.1781834317946493,-0.38317700733381943,-0.5135029594887575,-0.014125393816054193,0.401621741208601,-0.6257009490357437,-0.02819118073929795,0.2646646825384811,-0.5624604833899024,-0.022142088965052212,-0.047762398501395624,-0.47427885244295165
Z,0.0,0.0,0.0,-0.31301778474515607,0.06978742115426555,-0.21778260540945696,-0.5905302638732249,0.14982520797146728,-0.4006380105412432,-0.5728586378427628,0.411456165318056,-0.565792924706868,-0.36295938409689626,0.5939874974972033,-0.7105175789813515,-0.6078575602565276,-0.8041157577861806,-0.32382363428901134,-0.7524556528898677,-0.43050196724593137,-0.5699834984960465,-0.8490953209726068,-0.16439636415125772,-0.711082375249817,-0.9241064414962776,-0.00591891732366993,-0.7816776046874183,-0.2744892101705103,-0.9027700275822995,-0.3311524585429248,-0.35012640944151613,0.08567850764816676,-0.5245463662993327,-0.3504909616235087,0.3085436855520666,-0.5346056426719703,-0.31882848417971876,0.17139937330848407,-0.5137574390077145,0.05529305595134161,-0.7596384786406106,-0.3704028614681781,-0.04697558202995937,0.16040678596167107,-0.5046202692318446,-0.12331209841769598,0.2507621647062544,-0.3850382378599387,-0.13778979369325745,0.06511683544029709,-0.27336434487747946,0.3223871037553607,-0.5280035525565597,-0.44653397565667174,0.19668546689737806,0.10532606662607771,-0.5694036036458305,0.08583017665941552,0.16149743645517337,-0.5117607028107497,0.0622698304687844,0.004529574525131774,-0.42278213025949546
Z,0.0,0.0,0.0,-0.22337083409133393,0.0027429602029796114,-0.21078401932506027,-0.4562932793101374,0.01625516872990195,-0.3904330458347181,-0.4598867850007249,0.16368664618268514,-0.5517509583554683,-0.2841152641861483,0.3303685745303995,-0.684978179181533,-0.464548739465564,-0.8601981500065389,-0.28913775111637546,-0.5726275447769836,-0.5894302276672553,-0.522868116559295,-0.632314794845366,-0.36356949025332735,-0.6419133120383073,-0.6653387177356912,-0.25544854962397323,-0.6972402916188059,-0.1790966588261104,-0.9406802818530966,-0.2881752836905041,-0.21102053145373306,-0.17081094453251572,-0.4796966250141448,-0.25210712092265664,0.05012926964866695,-0.4855720827598167,-0.2748202620443554,-0.08031995986706565,-0.459039264829606,0.10139129342599137,-0.8223785175142104,-0.3197647378536191,0.044316555555936735,-0.07218882339682368,-0.46253701678532344,-0.04495985407277378,0.05123752649945553,-0.36287559863604374,-0.08831709622736479,-0.06436610765495104,-0.2642335428404859,0.3325221302278536,-0.6231005112341511,-0.3839510354890125,0.23983863919313786,-0.08820269393971707,-0.49949740725640057,0.14338697687662946,-0.0031870958507425867,-0.4557188731656593,0.11809745704145957,-0.10676942580932748,-0.3820345215765372
Z,0.0,0.0,0.0,-0.24271251861212886,0.09459728909893865,-0.23913506093282305,-0.48202947971417726,0.1559461515409112,-0.43773326614490676,-0.400777376529316,0.27950116941504527,-0.6095872385965265,-0.1267132822620391,0.3812590834956437,-0.7527826197594709,-0.5042349368344367,-0.7319964947739261,-0.380982580434911,-0.6193738922431663,-0.5228949408941962,-0.6733348655880875,-0.5412959891857895,-0.3025462408143977,-0.853144102410436,-0.44058908692964294,-0.20671691984922172,-0.9510362301653944,-0.21619544795190074,-0.9020173903065372,-0.37366315829830116,-0.15579003109221864,-0.24036847091836208,-0.6188619635297401,-0.1902323932379899,0.07735282690651114,-0.6668391219909913,-0.22995969401773186,0.0769342647466193,-0.6754924153295885,0.06816935898198315,-0.8491209437358846,-0.3979155487177462,0.12345093757500569,-0.10795940673631924,-0.601499290519104,0.017024349789486158,0.1387684202579727,-0.5518846725670801,-0.07203626578931246,0.0919200848495887,-0.4911287939346153,0.32479203527546757,-0.701358790452752,-0.4523761877264954,0.31611153913141643,-0.11358248184449167,-0.6099131742701128,0.20676920899471685,0.09233441407865477,-0.5935772982296457,0.12574020616396808,0.07319484385592569,-0.545285657907631
Z,0.0,0.0,0.0,-0.26640976976169245,0.13603285621871658,-0.2981451715221429,-0.4858079720268587,0.2586915467870822,-0.5482773454079071,-0.34230242967934066,0.4847490406591703,-0.7606962272951266,-0.0416584631475296,0.6431415077537371,-0.9519029604622299,-0.4951991117373815,-0.633881301927152,-0.511754921436905,-0.5108831000842434,-0.367464942495152,-0.8613417660667485,-0.4139032086749182,-0.16387736484971507,-1.0910941310564102,-0.3334287223416656,-0.10195824407300341,-1.2218110572618872,-0.15941128742560046,-0.8545183622101443,-0.4943545388554708,-0.0693557069725238,-0.08379854524232226,-0.792495254379188,-0.11407550173903369,0.20767603831018644,-0.866250067669983,-0.16902303783772502,0.20085229145297975,-0.8892594773396421,0.16308001474249728,-0.8199647096838102,-0.5086695590093575,0.23064361789876262,0.0011388669335935114,-0.7459667383669483,0.12682909235085296,0.22483009615044916,-0.6787618424813393,0.03503899606985803,0.1819860653623636,-0.5965194622075235,0.4257030161365657,-0.6766984010191979,-0.5611398088335038,0.4293992481643116,-0.005920675517662871,-0.7495459321198834,0.3173353149135194,0.19615442953848092,-0.7216455545449727,0.23409545911031848,0.18048276101002017,-0.6542746992452043
Z,0.0,0.0,0.0,-0.2949383996218565,0.09055981364443794,-0.30435770413631813,-0.49856568058659484,0.11200581115854419,-0.5257279815852366,-0.2836112614888679,0.35126048085794304,-0.6920297330627201,0.024541363305416022,0.49472552634216554,-0.8186095581553479,-0.30684768374226334,-0.7922830398607742,-0.5393372053001998,-0.08760563997694229,-0.2812150682337531,-0.7776910624615816,-0.035469905211944715,-0.0012864774665987465,-0.8988161877977997,0.0241234889235892,0.03488015657170569,-0.9862482564956109,0.051815337253265516,-0.8658506529274965,-0.4976121156587309,0.15781505268340862,0.04194410713545263,-0.7174454014425237,-0.023701270168721946,0.2283087503007084,-0.7488808774781371,-0.12452140684140671,0.11341474564022018,-0.7804640621971254,0.34094775382989595,-0.7600021759838236,-0.4778850983116473,0.37339994891862865,0.15675339652165238,-0.6284511233517036,0.18790798168787023,0.24926084690478023,-0.557762709577115,0.08928826996016569,0.10251905805480978,-0.5204348382012681,0.5600249829429955,-0.5739820959053373,-0.49927074976898883,0.5274630924349918,0.10040959342036367,-0.6483157690790916,0.38638473688985814,0.19461976651202692,-0.648618789098662,0.30251118487796436,0.08591459277095306,-0.6359136701419105
Z,0.0,0.0,0.0,-0.31934359568936077,0.07789286768826738,-0.37139694588804845,-0.46121358986760325,0.0696807709271924,-0.6223813849860961,-0.15525329218700243,0.300644126915846,-0.7978829746841317,0.16770574732237079,0.363851902310636,-0.9218778143511321,-0.1835801759296032,-0.7493463677817712,-0.6363169129245398,0.062994318440428,-0.14062762673600043,-0.874703894059139,0.0666769172573184,0.11503411125918189,-0.9563852895772292,0.09531985586617812,0.08249538336715255,-1.0237659352393311,0.15983262340267976,-0.8135481437255881,-0.5591001255024605,0.21552516837304497,0.06510650298508922,-0.8061006676949465,0.01911119286151647,0.23825740130431375,-0.8245260534752511,-0.07363652002900305,0.07528021852401572,-0.8494542814532371,0.4160198758972403,-0.7282037362646968,-0.5042512151803744,0.4261288348320345,0.14579269875777986,-0.6945989225959489,0.25348612928680303,0.25629704558469435,-0.6233080972942036,0.1690800263656231,0.08330337523435075,-0.588002423637953,0.6086220058716967,-0.5449372168086069,-0.49193773358021187,0.574696740484604,0.08278852025828647,-0.6831970967272127,0.43024447678355454,0.21703002657689333,-0.70511074488999,0.3453698878127261,0.12043102791303996,-0.7093147942629953
Z,0.0,0.0,0.0,-0.3168246417539272,0.09893939571358847,-0.38348640544718826,-0.4468521784834401,0.11534578375472977,-0.6431055250774098,-0.12582904639309572,0.33340404886753333,-0.8241667436111848,0.19368559219389322,0.36451097329958165,-0.9506132617399579,-0.18361662293087883,-0.7283621460384182,-0.6490519974727617,0.05851457410832338,-0.12332900016252595,-0.8810101889335874,0.03530753120971891,0.12194669946890403,-0.953624494672011,0.03982613328571171,0.05882410364163202,-1.0201673257035544,0.15360416318199105,-0.8083085979440632,-0.5683686933169904,0.22571502045726397,0.04051794502041436,-0.8181508254872061,0.039407077917540015,0.22185119239403944,-0.8363819165827174,-0.054884083693285374,0.03555991682918595,-0.8623032953887977,0.40795780845953444,-0.7385906420609071,-0.5093169730324348,0.4415354134997617,0.1056149159819448,-0.7109512241167837,0.27363468965110493,0.2461704251713016,-0.6408335915306823,0.1810589036761541,0.07494847588575879,-0.6066216493635398,0.6017111267735362,-0.5628276035110541,-0.49229314632501087,0.5966067995806671,0.05263827496827935,-0.7004889936133734,0.4503660000743849,0.21101342584573024,-0.7331190282211834,0.3551467789739469,0.12051942439864752,-0.7446943084075106
Z,0.0,0.0,0.0,-0.27986085990407217,0.05311660105636117,-0.2089502722987748,-0.560732096245408,0.13285637618544513,-0.3785450494271362,-0.5392309658067787,0.3633826466040419,-0.5258283733113701,-0.2832772323123791,0.42322520262635904,-0.6580917627385271,-0.540595502787408,-0.7043752791333017,-0.35448360652433286,-0.7683988899607265,-0.5583409321980672,-0.5842737943642249,-0.961030627105454,-0.5264245669890492,-0.7433732604558603,-1.12577125416077,-0.5463366180195185,-0.8493855958786651,-0.2538092952735185,-0.9006418693711363,-0.3527393722969199,-0.3214874921012371,0.06729024529296129,-0.539240946402158,-0.2982165907317766,0.1753427440643562,-0.5478047379314146,-0.24039066043999996,0.024352213093996947,-0.5341891287024646,0.05507905802207519,-0.7904092067887247,-0.37946801424449234,-0.050360442712689475,0.16632364472074546,-0.5060613849433736,-0.11434871486972739,0.15691195080539225,-0.3780305751345341,-0.11255985589795732,-0.04180100403060638,-0.2670140937494144,0.3115212132126603,-0.5898654766748403,-0.4439370664326777,0.18970082004786556,0.11088397749282536,-0.5924719789742151,0.12545408549865555,0.08494926262639735,-0.5552438504809613,0.12711113380934783,-0.11040058575337372,-0.47928450700045566
Z,0.0,0.0,0.0,-0.2460297470304543,0.0365307996817412,-0.17967062429136116,-0.5096151695279827,0.0788229507357598,-0.33529141946457414,-0.4891872749874401,0.26437819838083193,-0.47919213834005353,-0.2714194012825948,0.3449452308162397,-0.6056438360425827,-0.5427274782013822,-0.6954072023278196,-0.2835024292729047,-0.7434710546382791,-0.6487812266074882,-0.5101681741239635,-0.9004257857966367,-0.6444049926597248,-0.6651052458518883,-1.0301049118593064,-0.685800868988805,-0.7694703854131005,-0.268668604020898,-0.9164870389649822,-0.2964265315768162,-0.2807305104867508,-0.06202912771759836,-0.48348522611473504,-0.2539443791811362,0.14479992817123252,-0.4838116892292335,-0.2318699695319015,0.023777470466527315,-0.461004962166382,0.025852748459406976,-0.8364324520137669,-0.34070554484497634,-0.010391914790643544,0.019699616106111543,-0.4718555850853325,-0.07322580911100317,0.10221621330724237,-0.3368839132266568,-0.0985201686979798,-0.04609686944699783,-0.22237937396022275,0.2814625754641685,-0.6545655496738845,-0.4204099712335018,0.2153066207635271,-0.018959473170322327,-0.5708247431179535,0.1432805146887921,0.05666410117792296,-0.5300286551979577,0.11895803446838725,-0.046295031863298836,-0.4534052757286141
Z,0.0,0.0,0.0,-0.22438035067767775,0.0006624007906084173,-0.16491155966358687,-0.47450909097180627,0.018694217053517315,-0.31405911377425716,-0.46085162702153876,0.2195241083874862,-0.45386437561889736,-0.26691532224210285,0.3880209239988407,-0.5862657252003037,-0.5105686329748136,-0.7278697401432997,-0.25602323797167714,-0.7109820826962007,-0.6561512634680197,-0.4489252342656182,-0.8689125500785612,-0.6518872233189139,-0.5990295418688192,-0.9968276847436931,-0.6869887912701648,-0.7075657587428905,-0.23636070027562794,-0.9307473999771595,-0.2790033992641889,-0.25682004389806334,-0.1570019187043701,-0.4486733042438116,-0.25362956805819864,0.0711782637595926,-0.48608816180867875,-0.24392011838183625,0.007955407104737347,-0.49916790538813327,0.05923103420117282,-0.8533498261650277,-0.32529004000761363,0.01811389062381695,-0.05630723405808491,-0.44394000855454624,-0.03250461377595918,0.08002276579005098,-0.36871499717611367,-0.048207998893235376,-0.004250712961884374,-0.304444471860455,0.3150565532468825,-0.6759198365448704,-0.40250568451893837,0.22628956921140547,-0.0776771808390838,-0.5134211671809894,0.14272467457213292,0.05319078348585591,-0.4774076765476878,0.11606132736961068,0.007692821930771062,-0.4219913187720317
Z,0.0,0.0,0.0,-0.3729265984241372,-0.01873226749123343,-0.20829856813589892,-0.7012389135565108,-0.19074764986354495,-0.34002381989089053,-0.7886197962847796,-0.4832936496600589,-0.44081026320169764,-0.7704742497616158,-0.7874359144737637,-0.4989549288299938,-0.7340751040103146,-0.7435769561293282,-0.31483231481449564,-0.6510368612349169,0.010640668470145173,-0.5957206065802214,-0.4313133386511365,0.3362927294860252,-0.7432188997931719,-0.2590063357739363,0.41737436571161773,-0.8050796823833022,-0.3360505243888861,-0.8848373371045029,-0.32269634631301153,-0.17118993626539508,0.053974849104112786,-0.5623505470249113,-0.17426795937487063,0.18177422941120616,-0.6030729754610832,-0.23976425439289148,0.02075899520062694,-0.6093485147478938,0.06474044807694894,-0.8717029305221471,-0.36006220272815437,0.15588159973788465,0.006125770581808728,-0.5715063172917628,0.09584675126368625,0.17053709608977313,-0.4955524866087253,0.0129485768095507,0.0397191999600013,-0.4133404294313811,0.43482078861387297,-0.7891228242559212,-0.4266223862453273,0.4465534679961193,-0.05260444152863345,-0.576863539084733,0.332982593158458,0.1282500349059369,-0.5286570688458172,0.23937136710169893,0.04659942549956503,-0.45413084755268746
Z,0.0,0.0,0.0,-0.300762274416504,0.14265278369130463,-0.23376583069420437,-0.5712586913685502,0.18643672223855076,-0.4011828186816894,-0.39598760270210004,0.29692141724428683,-0.541603055278348,-0.039645453360841576,0.29606681506586835,-0.6438300893374671,-0.5244879586463203,-0.7155492379096632,-0.36339349655063063,-0.6111335663236612,-0.5993686328642974,-0.6068825638316802,-0.5510949325885397,-0.41274427557332416,-0.7206756071916772,-0.47169861594516516,-0.34443945508909596,-0.7815856251196042,-0.2116261888450842,-0.910744419319337,-0.3546250962264068,-0.16430090827395624,-0.07028927683607,-0.602379052982948,-0.16192473679112324,0.19830113462656962,-0.6130438546317184,-0.15183045623386016,0.11783562169309801,-0.5878002677137283,0.10389401378939633,-0.8600593659884171,-0.3784258005941861,0.1421230381769222,-0.04077234203774673,-0.5540368092990317,0.07629305933240438,0.10043300976209768,-0.45177698628409224,0.040086773160864,-0.04287407029735261,-0.3554626131010218,0.3843065119170227,-0.7064021638993633,-0.43905123195284085,0.3751536417089828,-0.06770579018755754,-0.5990363318281355,0.2827266637741704,0.0357355809969288,-0.5770329542421366,0.23743328749917497,-0.11050221839425256,-0.5171042123723077
Z,0.0,0.0,0.0,-0.2885904122160233,0.11995834160070788,-0.25731974329192736,-0.528671511718808,0.13941721898962706,-0.44252109756293495,-0.30175256150631147,0.2936537579020113,-0.5910625107452259,0.05676706941902041,0.3036378857721675,-0.6932558270744409,-0.4691114463955196,-0.7051904918285106,-0.43015904690375484,-0.4843607981951169,-0.6254407810932879,-0.7132521792713162,-0.42142499564625274,-0.45522828479630084,-0.8416396529552218,-0.3525616212197111,-0.4237403517889488,-0.9130161643679972,-0.14987768585947722,-0.8993103410607125,-0.41082549792177314,-0.03421419982728276,-0.12869347791568608,-0.704702141371566,-0.10316524560439617,0.14060273336516257,-0.7107070435428857,-0.15895492254834814,0.010270555635673955,-0.6772332373765145,0.15373782680839007,-0.8491807993523379,-0.4276650636361735,0.26326327769105967,-0.06492232608882226,-0.6456282358001498,0.15039486878213787,0.07501597810909921,-0.5309160294483246,0.07628135926393895,-0.11186500119629499,-0.4227612238754653,0.41096791075728517,-0.6998273205296621,-0.48246372262438586,0.4712813773602643,-0.07851294634169703,-0.6957644113941018,0.3601838256719416,0.01518743553420831,-0.6967733473447097,0.2917434590080993,-0.16041775935625602,-0.649623851098648
Z,0.0,0.0,0.0,-0.22525956004373063,0.1328279930829419,-0.35544572128010293,-0.3433588463374907,0.2162362276442062,-0.6201298888953016,-0.058238113145765755,0.39162033675194213,-0.8240383556211351,0.23522780167441384,0.4173239750876184,-0.9788998432083641,-0.20503309070052614,-0.6363648781930377,-0.6278582813823074,0.07995833408146094,-0.647960490106274,-0.9079033601667976,0.21913417278244313,-0.5769985491723089,-1.0210953324460001,0.31659751310216205,-0.5035124601882563,-1.0850539059625595,0.09816016897219532,-0.8220051796031417,-0.560956385054094,0.25627729509959823,-0.061151623185174864,-0.8709181617315354,0.038470688657130755,0.20505703670232944,-0.8763846747532047,-0.12214424491837574,0.1530628435267776,-0.85191413578039,0.33830839509715394,-0.7569501186640087,-0.5228348889682599,0.45793280224576705,0.014699492666981805,-0.7491937500897762,0.2513985366921912,0.14973219413595476,-0.6355588965072213,0.10817199232616055,0.054243920044973123,-0.539780456739388,0.5280462166058318,-0.5764267186492457,-0.529397649952485,0.6040175413870411,0.021389047730755364,-0.7566894473042582,0.4374953686266753,0.1307145189637815,-0.7654059116906733,0.31019818358024465,0.053484352867772034,-0.7283459418647802
Z,0.0,0.0,0.0,-0.27711367917927754,0.17018899662844655,-0.4234873985299513,-0.45430192310307704,0.2032740467025251,-0.7421631852881914,-0.19112072757117715,0.3283519995814511,-0.9895593509262054,0.12593374692681825,0.3300166233697293,-1.1895794886287987,-0.39393817683961335,-0.5658713756662794,-0.7473473925548362,-0.2776143708798584,-0.524515650127525,-1.1828110187222753,-0.11043813457793987,-0.37075581191605395,-1.4121880884496116,0.008704573483469957,-0.2858101643653436,-1.5370797495754294,-0.06409453866919886,-0.7310050559609038,-0.6793552077318451,0.06883036725556849,-0.1597856197773466,-1.1164173162878244,0.0008054378737327426,0.24797493549982413,-1.171746749699434,-0.06973938751863452,0.2718990755691633,-1.160244538509097,0.22760573259589104,-0.6845353087039446,-0.648181735429682,0.35978703698514225,-0.004596762053587127,-0.9898573785942557,0.22300662232692858,0.34157114758037216,-0.8456886956268455,0.09649651898188047,0.31856959524071193,-0.6995003517520504,0.4645341411445986,-0.5456318464336275,-0.6644638694728809,0.532102734005165,0.029626128826240834,-0.9244134640509145,0.40045473541892956,0.26397176137492234,-0.8774483085779688,0.2882791823760767,0.20553955271406427,-0.7917008107047936
Z,0.0,0.0,0.0,-0.2572743231953836,0.15024390560278383,-0.2740670235566524,-0.4861172658520975,0.2637853960327894,-0.506732838725436,-0.3592159847648221,0.398563539120748,-0.7086701721310473,-0.04137621261014058,0.4770568720022418,-0.8885637178713708,-0.504835776426161,-0.6695527885743204,-0.45271664411666906,-0.5426167797373478,-0.4102434699441205,-0.7985779713405087,-0.4624022686044335,-0.17778301111273484,-1.0234416081820001,-0.395935637068837,-0.08675194664162307,-1.148498135996122,-0.1938835056366259,-0.8719595486330024,-0.44955058868806214,-0.10167575347139134,-0.18963227140178465,-0.7564534644449199,-0.13335329140147342,0.16511169175603313,-0.8403933505663467,-0.18683681429476484,0.2015291872889592,-0.8697730901820601,0.11179318904560986,-0.8412201669191953,-0.4796660432857293,0.1815348755161625,-0.12625362122978218,-0.7308499240061447,0.07156071079046325,0.19520544151013952,-0.6977821353956627,-0.030863083479152204,0.22951113497935666,-0.6426039236658659,0.37434765111832596,-0.7008082702763296,-0.5427328724862254,0.39329810250241143,-0.08138004538917802,-0.7298580918701734,0.2702176343435101,0.1881546943726934,-0.724249560294061,0.17004353918749646,0.23597100339750074,-0.6824545234179544
Z,0.0,0.0,0.0,-0.31374822056321183,-0.0783363993982347,-0.17278846367522357,-0.5804761847882708,-0.07458714715865326,-0.3524206010846484,-0.6178550567639478,0.2096271094807229,-0.514062728152871,-0.4492298201788852,0.4391733331091703,-0.6716289186048651,-0.512278541793731,-0.8263190062944386,-0.4043668095214104,-0.8851110471414142,-0.6924480197223523,-0.6687435549533206,-1.1563417731613144,-0.6908859928391864,-0.8548990053570711,-1.3702272596848348,-0.6914118380666872,-0.974441315292236,-0.21967996167559334,-0.8831592405124258,-0.4144520121023967,-0.4634973097559247,0.039783947497771456,-0.601365879142447,-0.4036292247924896,0.1234880877413376,-0.5846510889138696,-0.31409038344857176,-0.015780445649804936,-0.5521299848428443,0.06305271997717471,-0.6529761868112264,-0.4477366519251278,-0.23178251979526338,0.23401324248731786,-0.5672370093464627,-0.23514477902640302,0.14665290280018886,-0.40949358845517686,-0.18184782080681028,-0.09135603644116584,-0.27532954009875465,0.26656354671959387,-0.364736185119099,-0.5117208388718231,-0.006170805860970849,0.2661940011104056,-0.6539266540435386,-0.04002942271226835,0.17031666501269174,-0.5876770616406479,-0.0003811772086906399,-0.07234903355441503,-0.4879976767462367
Z,0.0,0.0,0.0,-0.2927727630293761,-0.0665631786975231,-0.17443130653939912,-0.5469030022373995,-0.07341619766856405,-0.3484032104665711,-0.5736708227675235,0.17399349957518995,-0.5041395892395923,-0.3941158957899951,0.3641946959180076,-0.6545508189211003,-0.4732351219548975,-0.8307692341961369,-0.38052106396246765,-0.8205833165046466,-0.7171295572282724,-0.6333038413793441,-1.0802376573036192,-0.7157659209188569,-0.8155155959126216,-1.2837890521866093,-0.714554905704899,-0.9329663567179537,-0.18649989778868975,-0.9032886644342476,-0.3863772467801406,-0.40156565376470454,-0.011660346488679928,-0.569854701803427,-0.34984854993426223,0.06123968853096041,-0.5624408477044347,-0.2614867419015798,-0.07522632177897699,-0.5359021365594564,0.09017347257340673,-0.6914778377060027,-0.41555104171455093,-0.1738022492273105,0.17011137820144362,-0.5326457261286949,-0.1900207290071173,0.08438880127056968,-0.384856456955313,-0.14494501272187169,-0.1432550421757399,-0.25706351365287344,0.29031968700595584,-0.41734499241115247,-0.47600333336716005,0.04532277760824975,0.19529362196268588,-0.6155271570923411,0.007023888240955565,0.10171485044419881,-0.5550803161931411,0.041102946512411476,-0.13418356656715305,-0.4597711674565106
Z,0.0,0.0,0.0,-0.2903989288575983,-0.04680564389555443,-0.19574037832087332,-0.5607972502487317,-0.05528065212024611,-0.3695852933096665,-0.5849727120401569,0.19235593487348063,-0.520234369723586,-0.3819294100117042,0.3773804959972851,-0.658521453843786,-0.44474753038768366,-0.8340025518398524,-0.3653708997353288,-0.8059061451357481,-0.7045070351440108,-0.6121162291372754,-1.0748347098709545,-0.7028918721322339,-0.7903468437971274,-1.2708669367202692,-0.7134687745935965,-0.9042277285527912,-0.15467705315514604,-0.9211043918590407,-0.35726979794719144,-0.3755968773928119,-0.029349770258787468,-0.5388570496745386,-0.3498983269346717,0.047784500847583164,-0.5384752047375279,-0.26175485757374545,-0.10060550515074504,-0.5171258491085795,0.11402457467898268,-0.7217586533095753,-0.37539091179208817,-0.1407759112903131,0.13995594694973593,-0.4934528422900566,-0.18439708243135922,0.08872533998897343,-0.3556037856216804,-0.1381159312763833,-0.11279095009840738,-0.23406160426339584,0.30999163839327676,-0.45748444058712767,-0.42830895583441975,0.08292625008028616,0.14476048680896714,-0.5707651013197874,0.02290456610445998,0.06941939728831449,-0.5253974600783343,0.05353504023610468,-0.13753234421580504,-0.4405886513183887
Z,0.0,0.0,0.0,-0.2433423715897028,-0.02961877520867035,-0.15320283272164975,-0.4715933448194752,-0.1556655046994699,-0.2722092800492284,-0.41044299689208164,-0.08667514695680235,-0.38074499768049513,-0.19796179917184822,-0.008602380738061821,-0.4783449033393881,-0.3621609825785473,-0.8443007539891934,-0.2119724890661021,-0.558255416228474,-0.8153601343106772,-0.3996421561193715,-0.7140947813898412,-0.8148040910998415,-0.5424096024956744,-0.8390474864444948,-0.8556201892369583,-0.6438131905511293,-0.11180568497701363,-0.9677520980506997,-0.22573295179324113,-0.1911735952866763,-0.31150209961765846,-0.40815037629178813,-0.21101452017168404,-0.09420267334151505,-0.45420566913825533,-0.1924354964594536,-0.14947899763271918,-0.471599582818623,0.12190599160668096,-0.8495932481773028,-0.26508640308563347,0.0254343782920549,-0.2003845430462426,-0.38994059829285127,-0.03783886238806676,-0.07488610008537824,-0.3309858620016276,-0.05003369448031196,-0.16338140762033657,-0.2801208175433773,0.313927946164413,-0.6490112421972799,-0.3329416536858144,0.210120728912497,-0.16208360409596284,-0.43430679076594847,0.11487644413577765,-0.04060688937225864,-0.41124196767925625,0.08642050620381304,-0.10419349996075879,-0.3726613726800832
Z,0.0,0.0,0.0,-0.2978587159372289,0.028138359642883075,-0.2318117327712139,-0.513761006249808,0.0086957735750717,-0.4099731169908508,-0.3662790176218706,0.2740313153608516,-0.5561718320766196,-0.11867301029550895,0.4308210629253584,-0.6859984235781991,-0.316082405320049,-0.8082652192843088,-0.4029213669654911,-0.46349053850592636,-0.7214816921717335,-0.6276958241465354,-0.5956695104044188,-0.7400481610108325,-0.783237217416527,-0.6684247318905858,-0.7851979377900498,-0.8949188375971002,0.018427778466986098,-0.918855850821245,-0.3941628374064933,-0.03102379592122961,-0.02234662715217304,-0.6302160001613348,-0.18321110912499353,0.18971123369927967,-0.6930359733444222,-0.24489872616016,0.09127151372722511,-0.7280841861304246,0.3023839121639089,-0.7572467537713189,-0.4085363537990574,0.19276411323176237,0.14430141247235084,-0.5789067993179835,0.009115509274413043,0.24297961223059933,-0.5233865697677075,-0.07132377898700293,0.10397549543455642,-0.47639759515749447,0.5119211036913117,-0.514626693511512,-0.45828437181038917,0.3925070019562001,0.1498447989918589,-0.6370466419333898,0.22424823715636633,0.23139981183218222,-0.6478649137946876,0.135804653943441,0.12798274246907992,-0.6249387892187932
Z,0.0,0.0,0.0,-0.23944240646640447,-0.0357197728987331,-0.154993083810373,-0.46264119405422155,-0.10729312271322833,-0.2970860915543799,-0.40153499975175894,0.02372012481776484,-0.42951233428372126,-0.18227906492676546,0.13938956778574682,-0.5535294252170936,-0.35281263860914164,-0.8370807623646421,-0.2419291170615343,-0.5428801828622316,-0.8222301683758649,-0.4406515481996279,-0.705177375940821,-0.835763016983531,-0.5932211951398549,-0.8336058696825391,-0.8688133171474627,-0.7034458529528066,-0.08378278937895345,-0.9603311350417052,-0.2659784864860164,-0.16782988298907534,-0.35521544725356763,-0.4456714407044629,-0.20793946598441154,-0.09210176505498037,-0.4849767246856207,-0.1944542865327242,-0.12391856681148582,-0.5038536219584241,0.16410036149855198,-0.8376072469536929,-0.31490122917353636,0.07260059652724189,-0.2059326417148968,-0.4350169713678857,-0.025946180007596964,-0.04157741542200385,-0.3643709872252067,-0.058574065373500586,-0.11533363500284563,-0.3146011140789038,0.3722729815726014,-0.6228815338481107,-0.39319407159188813,0.26918489198007894,-0.1370330123817753,-0.4968628340404988,0.15188573024383867,0.00352728155649536,-0.4662442802945172,0.10320372269365864,-0.04807717563546151,-0.42718392020079154
Z,0.0,0.0,0.0,-0.2766010237335819,-0.05786410344086577,-0.18941650316495884,-0.5486049489843311,-0.10339730635026105,-0.3420734336063792,-0.5560651049724658,0.1574163849182862,-0.4771032666601462,-0.3549189404725656,0.36368829998762964,-0.596130144767666,-0.41616621015624594,-0.860885975778946,-0.3124319602991027,-0.7542741696082145,-0.7542493162290203,-0.5467872553839719,-1.006792010013221,-0.7296115918771737,-0.7118217835263644,-1.1997896316991798,-0.7433891661892417,-0.8179053906668767,-0.11797458991577667,-0.9418745952238429,-0.3145699334108813,-0.3430146896172627,-0.08695472489834517,-0.5018555495567162,-0.3156671702651453,0.07292628679003547,-0.5092007263049066,-0.22912796280020367,-0.037574684890543004,-0.4910557207393568,0.14954226483294764,-0.7442284855157801,-0.34629601625924467,-0.09678786082079556,0.1158136403727117,-0.4680958583724874,-0.15254512259621714,0.13788136998225495,-0.345156870685005,-0.1234094543889482,-0.04973394177195334,-0.23755688380193632,0.3570716055558992,-0.48338113862957405,-0.4137694457651295,0.13507526813760642,0.13531344635488446,-0.5385146074799134,0.05234561770228032,0.15896247221566057,-0.48958280204921967,0.061753398395396134,0.017426878823754027,-0.4109799128399438
Z,0.0,0.0,0.0,-0.2877408808364579,-0.07252442175974842,-0.1866786430872016,-0.5574008805509033,-0.10847185980218839,-0.34569583210707383,-0.5987080703319166,0.1366306651572414,-0.48561935681712454,-0.4168071177015874,0.33772883412741334,-0.6097861576343189,-0.43748180300554795,-0.8706913089241816,-0.32753958284088697,-0.7982363018585635,-0.7577080006801188,-0.5709344493235923,-1.0667576725848011,-0.7332476811630557,-0.7401218093849,-1.2687313787188947,-0.7371566911281344,-0.8468399348070976,-0.14349258634415799,-0.9332000010034771,-0.3294656822665673,-0.4098375277372788,-0.06404265548425675,-0.512441327631706,-0.3567707540895118,0.06622541827486715,-0.5121936261091296,-0.24374032492169626,-0.05406112647426955,-0.48910146007984406,0.12122668317949362,-0.7207786233878638,-0.36037412652519957,-0.16110770500208768,0.13159809983278972,-0.48302976438440975,-0.17401199797624298,0.10203580029714461,-0.3504630255625417,-0.11578396314775338,-0.1165655118024694,-0.2327630965210978,0.32058543138361045,-0.4504638708377252,-0.42509629866394966,0.06871877382096599,0.1551002939002139,-0.5538935219220366,0.02898772827182148,0.11300889541233715,-0.4991129780110637,0.07080830811726992,-0.08631134537021831,-0.4118609558666015
Z,0.0,0.0,0.0,-0.31989480374918033,-0.11811901366442917,-0.15449203822993243,-0.590164906213683,-0.14212781148438933,-0.3173669183374369,-0.6565900638234531,0.11794194693606189,-0.46207235746202197,-0.5297802750025784,0.3575995129329513,-0.6050980073007031,-0.5342383300400235,-0.8426990748143108,-0.3749563399116233,-0.9346802383161376,-0.7035153728304014,-0.6101854870395866,-1.2054183921678427,-0.6944231964041402,-0.780852428619373,-1.423409292987653,-0.6906631544159508,-0.8957674223349384,-0.2609763500734617,-0.8829323619036715,-0.39028424129797756,-0.5195627995024632,-0.05519880190875992,-0.5618828464792474,-0.4457361025903907,0.019722432484526473,-0.5552604758100359,-0.35247032997802924,-0.10003119719206179,-0.5343167705835609,0.007645631289430114,-0.6623069682637751,-0.4242233438965166,-0.2840575483234864,0.16344434471271965,-0.5324251202068827,-0.2683126147767473,0.08756950094759075,-0.4027054535358745,-0.2135097120643227,-0.1326184778506187,-0.2946364772717839,0.2083830300518917,-0.38456117355211006,-0.48424168081802377,-0.0649477258331744,0.1857319939103299,-0.6036982297884549,-0.08555949346752305,0.1061677597823842,-0.5393360371160006,-0.04531007529909498,-0.11100383227735362,-0.45150875152114356
Z,0.0,0.0,0.0,-0.3149060495325773,-0.1122992300949792,-0.16278759986130845,-0.5833747649904741,-0.13196679221890553,-0.33057048432280245,-0.644685703825228,0.13310552843910017,-0.4777509569359367,-0.520510369631213,0.37505968444120436,-0.6230180212219777,-0.5415194173548762,-0.8278911397957542,-0.4038286515395509,-0.934898573700039,-0.6822165205952739,-0.6519162255037588,-1.2012063321876585,-0.6713292402987381,-0.8278319053559937,-1.421224550555199,-0.6694990128019117,-0.9458316704031292,-0.2660408321379086,-0.8683779602733113,-0.41849969384329616,-0.5197414921439509,-0.03219341131511522,-0.6067201861860666,-0.44580077481097785,0.0437871367454094,-0.6008291764787597,-0.35562440556464536,-0.08005597258944182,-0.578153521378331,0.00502025906836957,-0.6463329958032049,-0.45254433036295305,-0.2782160133794775,0.18949452981609227,-0.5763342600433976,-0.26225476474439213,0.11147527256730062,-0.44371650773144744,-0.20813550964827388,-0.11777632949856803,-0.33056680816625883,0.20766670622735328,-0.37073029357208614,-0.5128200884381144,-0.05743203291157617,0.20573117865326015,-0.6463210529366075,-0.07782311248948039,0.1234032167043755,-0.5849307963513443,-0.037463399797499894,-0.10215752419168304,-0.4969928637475267
Z,0.0,0.0,0.0,-0.2837779136459267,-0.04343191917147998,-0.2026735863310531,-0.573311636599214,-0.04616301830717384,-0.37871437697859833,-0.6130193176369122,0.19664205136616547,-0.5326708533290011,-0.4043700714284158,0.3570270466573184,-0.669839453205792,-0.4663917938914813,-0.833585039896742,-0.3713366878552511,-0.8375983862359947,-0.7226303961867764,-0.638793032856912,-1.1270632423698386,-0.7104799053855267,-0.8248441620098373,-1.3404364875197665,-0.7139355629234795,-0.9416678479706716,-0.16400791973863818,-0.9172281625050042,-0.36303429613563787,-0.4119329725652083,-0.00691820175784968,-0.5548666292355936,-0.3706409573717392,0.13136663655678407,-0.5377578598706139,-0.2652540635775773,-0.007452979098065558,-0.5013609180686069,0.11073413745155573,-0.7145972141349005,-0.38606653902608457,-0.1517814105636184,0.17384501515135609,-0.5118736367109216,-0.18681237238015685,0.14288567159821464,-0.349635329359595,-0.13452206124920196,-0.07546611485270269,-0.21027312262924652,0.31876808511556404,-0.45122361203670047,-0.44641353963285985,0.09942064337892534,0.17347578305018674,-0.5949339407505965,0.04879187670323258,0.12336907984035107,-0.538235987630028,0.08950541061337747,-0.08091215590875948,-0.44313928656785434
Z,0.0,0.0,0.0,-0.2660041129349958,-0.024795567633006728,-0.193827743638144,-0.5491939249819757,-0.02943969334633003,-0.3504380289017147,-0.5438270152052596,0.19935559124760793,-0.48635179133761913,-0.3054455820926616,0.31864485724154007,-0.6027606358490512,-0.44847428322287114,-0.8163410791123922,-0.32757204602945333,-0.7746078394755386,-0.7303014674080263,-0.5521679009798175,-1.0206062842898735,-0.7187829562250099,-0.7084262688472226,-1.207284978548621,-0.7277424890576719,-0.8104683250063526,-0.14526610406729368,-0.9350386516371522,-0.32341997302839315,-0.3097481579429394,-0.06059004619262295,-0.5018474006644752,-0.27675777465707924,0.061640887444378685,-0.5000390184839062,-0.19729094745891163,-0.06181682133975068,-0.4766633564395634,0.13657496963591714,-0.762633487538047,-0.3478395315654639,-0.057369794501693744,0.13936636592173657,-0.46053871729619034,-0.12025650557510509,0.1232188090735716,-0.3266491536952153,-0.10735988963871618,-0.0734641743378741,-0.21289922592357638,0.3606959684201823,-0.5183115736935954,-0.40917187328731985,0.18406891995664668,0.13107842435734787,-0.5445526089326969,0.10404571834950567,0.12529747466144794,-0.5006441384871989,0.1007691148996077,-0.03667758734570903,-0.42117311136333346
Z,0.0,0.0,0.0,-0.2522881458883911,-0.0012310211903583542,-0.2187202218564991,-0.5330492955874173,-0.005720036431755628,-0.37845315296796656,-0.5014837926274934,0.2357046871374819,-0.5114395161542671,-0.23537967580333874,0.3561075272585647,-0.6209036595920177,-0.42008068211194904,-0.7889040060702583,-0.35323019456161137,-0.7091342405579477,-0.7011258091054399,-0.5845580986324461,-0.9244519395646418,-0.7065679825863916,-0.737042356444114,-1.08740612771232,-0.7430359662934811,-0.8381186394366331,-0.10310767176806573,-0.9352918556292774,-0.33852319391160135,-0.24424166963088317,-0.05642696778162695,-0.5378231468303064,-0.23511499265998134,0.10174865698374297,-0.5354329140190273,-0.18135469396024986,-0.025584044368096602,-0.5091924608903764,0.18470508253771745,-0.7831281252997349,-0.35478894457218435,0.015297816090515053,0.14481483274657106,-0.4859545241534741,-0.07764047930104068,0.16628079872202076,-0.35127414808739515,-0.091030620169411,-0.03087009827424466,-0.23663548656244082,0.41375029830855,-0.5469481498483596,-0.410730773152909,0.26156564333625737,0.1289447140894126,-0.5720262078025856,0.16375652591026826,0.15990503290122876,-0.5417512729465602,0.13941681841428002,0.014776874010621683,-0.4700433374880611
Z,0.0,0.0,0.0,-0.24521231608626975,0.013021861748567235,-0.20879871450415535,-0.5119618994595957,-0.00929555096539108,-0.3648595179183458,-0.4585442651111745,0.19432056672946155,-0.4955468136794222,-0.19655304349149552,0.2794297046503782,-0.6046085832768636,-0.39363432686632444,-0.7967681720125145,-0.33213629171941444,-0.6324927918646026,-0.733338802689797,-0.5448959042570999,-0.810288197330819,-0.7363627199135333,-0.6873095147082723,-0.9440043354761553,-0.7766108690353001,-0.7850374392405235,-0.08394942678968001,-0.9424584917598863,-0.3236116268791415,-0.18930635930382714,-0.12178621731920393,-0.5195929905714876,-0.2177866582150841,0.05628420911063758,-0.532406780705144,-0.19388636457772107,-0.050765402572181983,-0.5205911564375576,0.1923943692831743,-0.7981543091902122,-0.3435119678146499,0.06780961008578351,0.0694873167664649,-0.4793223827177342,-0.03849846942863718,0.09977245716871323,-0.3731640609176275,-0.06461600466481525,-0.09519008781776808,-0.2823024668430265,0.41053038555138294,-0.5624533317690643,-0.39932510173842867,0.29062439751358143,0.07096328887210897,-0.5566389644929753,0.18605207590521095,0.10387045339938653,-0.5365167943274943,0.15396209401197125,-0.046717839985268024,-0.4791215018371876
Z,0.0,0.0,0.0,-0.2540239626552836,0.015929840938334775,-0.21299566549323157,-0.5289213677649429,6.159223202587409e-05,-0.3708410721908774,-0.47598751874917045,0.23680508428955016,-0.5028262481772914,-0.2172162798174283,0.35394196105925785,-0.6141190463735664,-0.41916593505208616,-0.7790288618628134,-0.3482308800242988,-0.6567387225193874,-0.7165043599142441,-0.5663070107728606,-0.8366818032095863,-0.7308303281320123,-0.7133261906800188,-0.9640704870277435,-0.7766631977189089,-0.8156375559840431,-0.09066926484851755,-0.9356298614418138,-0.34113904319236427,-0.19811608872169026,-0.07498029353185538,-0.5454930295692687,-0.23468950110559,0.10825467198786923,-0.5562886492824021,-0.20672965238438015,0.002733430261469707,-0.5432515466387066,0.19967981650531147,-0.789071970232211,-0.3631269200949582,0.06454288489136363,0.10350107150901516,-0.5031318033908573,-0.06246359712984729,0.13623871765737497,-0.3885563660739935,-0.09603713785570109,-0.0455518550282786,-0.29284784614820275,0.4246561676273568,-0.5416830582684469,-0.42288296807422615,0.2913287827944906,0.11070158838429,-0.5914652034621927,0.16955214118904807,0.13578529984214877,-0.5746147786273283,0.12952983877702093,-0.011432783104481335,-0.5190503363803436
Z,0.0,0.0,0.0,-0.2719639744270707,0.13638398030227838,-0.2439018150611476,-0.49025444321700273,0.15017694445876997,-0.44224999376980084,-0.28983398797229953,0.2515043003453178,-0.6126974072747448,0.02351522542439109,0.25979138714856237,-0.757817128668942,-0.38187208698721864,-0.6491977794786201,-0.4217359777805546,-0.43185971842638826,-0.7610558542083832,-0.6717567115976102,-0.47027133360069906,-0.8029864594745719,-0.813561468455734,-0.48073353909007394,-0.7945929245552554,-0.9084119324668181,-0.09739050645556376,-0.9058102912476318,-0.41233821739223875,0.01737152480655073,-0.17415402200736457,-0.6666265759006875,-0.06343615372414402,0.16639282928433424,-0.6844217295919308,-0.11977865114962183,0.1634910363315777,-0.6735930858384901,0.1754106290361157,-0.8622740214447054,-0.4330913449863877,0.2646323243729592,-0.06020895840030592,-0.6381781005225148,0.12558569878248685,0.14572141287955484,-0.54632264368507,0.033346242626597106,0.07442627263468843,-0.4655059502393962,0.4191499864537719,-0.6980906396427414,-0.48874171329943866,0.45490212958996135,-0.05706340214651753,-0.6951214240015121,0.3421770363971792,0.11081393121723665,-0.6933820502458062,0.25571404928254576,0.06016482137656879,-0.6541785649397411
Z,0.0,0.0,0.0,-0.27655440699288886,0.18309112175265266,-0.3302466574132195,-0.47802739582450976,0.22978535277931145,-0.5827446113936222,-0.25157015406659433,0.3757760360328939,-0.7816392798894273,0.051862201632081974,0.3821904514350344,-0.9408648466080075,-0.3422023245757801,-0.5607502079896649,-0.5846135942302813,-0.2897530955016131,-0.6853873878382839,-0.8465931059578946,-0.229763149150673,-0.7386173938263536,-0.9729823193937003,-0.16971024182537459,-0.7595069022246327,-1.0640962021885867,-0.01912340744363316,-0.8427572786894233,-0.53795396132359,0.07356062167918241,0.046246508542332816,-0.8318682221395735,-0.02731532977403527,0.3738783861825475,-0.8485621572030749,-0.1109892480590867,0.31048185571173575,-0.8459888935155621,0.246445069921966,-0.8230152112368777,-0.5205139995458014,0.32574913159539276,0.056088495055797764,-0.7655160237058284,0.1991540783557368,0.21404632582691152,-0.6743266333656065,0.08752335834050641,0.06986082799756466,-0.6054580870526907,0.4627242291438755,-0.6741268023663295,-0.5433758289016973,0.5120971910940798,0.023144697501563814,-0.7963787633539765,0.3989243834460147,0.22045952459186635,-0.8110475297821087,0.28769637033924056,0.17190657610480256,-0.7877093109281995
Z,0.0,0.0,0.0,-0.24773519246867234,0.011055386418475864,-0.29458588542916525,-0.31801425076504286,-0.026018772644344993,-0.5088777118025563,0.04269117718564241,0.12050530057919481,-0.6883951820949163,0.37467969056248807,0.11998523727577191,-0.8431639727127123,-0.1049075820496866,-0.757543271179483,-0.4506327469438912,0.24911394550298804,-0.9370240569422005,-0.7186781393814748,0.4600676190313444,-0.9790130371862705,-0.887512886516125,0.6285430459012904,-1.0079557027117567,-0.9963896440940523,0.16700247158667164,-0.9050334748646066,-0.39118356798111875,0.35375731532778454,-0.3275760577392297,-0.6775977370415627,0.18299427881448638,0.002478801190055319,-0.7384705056859917,0.05221480159146435,0.022754581106462387,-0.7555905102622823,0.36127593683713044,-0.860682610127044,-0.359984089701363,0.5431294765836051,-0.32169204034273235,-0.5904180845845606,0.3988969148717175,-0.0889715157975871,-0.5486505353665192,0.2823854552025174,-0.10168658976798328,-0.4875864358229476,0.5102266934384319,-0.72660159491241,-0.36221662029308654,0.6381154436608631,-0.2962972879215191,-0.5466315275498946,0.5265891781547527,-0.14163363871916598,-0.5574164308837125,0.4146281330380636,-0.16567221320122819,-0.5251657474781876
Z,0.0,0.0,0.0,-0.2201733147270706,-0.046231581491384455,-0.2702067661776854,-0.2670934932238162,-0.08912843676350705,-0.4599788463732829,0.050443787178818235,0.056064117964843986,-0.6238475982956865,0.37235502764643447,0.07787712678415615,-0.7720496591370303,-0.07506442605607198,-0.8353697076726789,-0.3770579873816881,0.22417508760358767,-0.9934048754378733,-0.6336104764380625,0.4616117523645486,-1.021810516043049,-0.8075539210249217,0.6659204614165571,-1.0423192217349384,-0.9156479317891801,0.1449658957729781,-0.9300521762100976,-0.33762085034784173,0.3618143720875649,-0.4710328039559385,-0.6334941679416672,0.28484033165580064,-0.08011912358769394,-0.7323370579476887,0.17796378879277353,0.054339329515848446,-0.7604230561837523,0.2964825903031438,-0.8649275313010005,-0.32520895904792146,0.48058188996842827,-0.4416224100620121,-0.5810499380082279,0.39920397251784107,-0.15224129329353908,-0.587334970266568,0.28323140801956287,-0.08830166399676086,-0.5377680921055306,0.4093909488342663,-0.731402715337459,-0.33913010362408963,0.5299230599247444,-0.38947107471268305,-0.5277224924110179,0.44903699747798664,-0.1899554166129398,-0.5420379766658361,0.32935954784003885,-0.14231571002296337,-0.5042268133965819
Z,0.0,0.0,0.0,-0.21415692939346886,-0.07577764591823712,-0.2606525748250978,-0.24481823668716376,-0.14031460644562427,-0.43846519496322495,0.05725479288439426,-0.027838693393355,-0.5899442836065744,0.3480966624642429,-0.010876815143678858,-0.726944527421225,-0.08713525558353805,-0.8642745889364642,-0.35502234128905336,0.2122537546451759,-1.0225781497941004,-0.5977314164715085,0.45560055530009463,-1.0474949270010747,-0.7643807153199308,0.6612522558009168,-1.0609321694337484,-0.8667775058728023,0.11749817974915348,-0.9425340776007861,-0.3127677897688168,0.32404550590417114,-0.5327427146452235,-0.5903282167256854,0.26390356454025937,-0.16882055404877866,-0.6899546044722563,0.16406690360765952,-0.02848737307483023,-0.7208999472615752,0.2591672979525718,-0.871905267120514,-0.2966203033787901,0.43460467051437207,-0.49885872668728326,-0.5440278709879659,0.36560315540978316,-0.22502588608285673,-0.5632538770796193,0.2543024384764861,-0.14993502144265725,-0.5220892693560465,0.36257145899830695,-0.7385440829800425,-0.3042243699789908,0.47046113049935323,-0.4345591867334757,-0.4891831826873787,0.40055732196117044,-0.24326369154741695,-0.5118728025077901,0.29076661892663785,-0.1884316839344357,-0.48038891746455936
Z,0.0,0.0,0.0,-0.12439368668056938,0.10755850363777827,-0.42625596756450235,-0.004289204860370039,0.15832039050000613,-0.6715582270619936,0.35251187398803396,0.2979993613357241,-0.8277155318320579,0.6777529208734623,0.3100601866281763,-0.9389609815702449,0.11768087600390319,-0.6477781354224817,-0.6415866795613355,0.5261814981620555,-0.7343625460178957,-0.9755017906166107,0.8323790798848344,-0.7976198180887575,-1.162291859326081,1.1088339292630696,-0.8987913298010584,-1.2808784170180714,0.44370145942944283,-0.7456337161754791,-0.49715126088799927,0.6149059240913645,-0.13755892286214427,-0.8432177586588054,0.3517547332709857,0.049015552321694696,-0.8517618326146688,0.2082220618932569,-0.12711329512216912,-0.8163048599814189,0.6485838453943655,-0.660755030826972,-0.3897211622176926,0.7374936439796304,-0.02620527161735137,-0.6964137455960042,0.4676898143927429,0.1105096255274277,-0.6077422061886274,0.3306602964083065,-0.06715185173569267,-0.5008334175202227,0.7644765633327383,-0.5025722532156667,-0.3194043489564771,0.8017218964034137,0.044641081436168836,-0.5677863714116338,0.5930138721326074,0.12021295315599884,-0.5794168191404039,0.466606180351522,-0.032125324123423254,-0.5385687266777015
Z,0.0,0.0,0.0,-0.16653908567132095,0.14971477995924307,-0.4185203937997964,-0.08478080998562108,0.1710359923363211,-0.6597504526854697,0.27669868295289085,0.3084264951148995,-0.8126843735771476,0.624088625157169,0.3409552079148779,-0.9183936083838757,0.032982802460060454,-0.6240014967036408,-0.6506660342779812,0.4749616075016947,-0.6940993175305085,-0.9575040670007061,0.7452780602821322,-0.7852727166089535,-1.1051689869022256,0.9884555607217278,-0.9147648973624796,-1.197980727283945,0.36737300911430193,-0.7768364402397228,-0.511431537246168,0.5644456511416157,-0.13274857122838954,-0.8307097464401426,0.30123712057165025,0.03746097792658223,-0.8157899211430526,0.17019166937460603,-0.14891501454542352,-0.7704392063240539,0.5918374746619158,-0.7347011768746708,-0.40848969511160244,0.7012577572156646,-0.070229790634329,-0.6912804520393051,0.43824476900557197,0.05114496983315511,-0.6025803516266102,0.3203003721139703,-0.1431256551854148,-0.5061163113476433,0.7488489078466025,-0.5967192223138356,-0.3430867711366817,0.771558783165419,-0.035916505470228115,-0.570096231850282,0.5563075130148326,0.04064925495243339,-0.5845172680363756,0.4246884898158972,-0.11293976122542229,-0.5551795993711145
Z,0.0,0.0,0.0,-0.2419596535127893,0.19531879066564847,-0.4199101130640147,-0.36784113123248763,0.24588880421551854,-0.7294186048700183,-0.1527197047182754,0.361006678555271,-0.9579367331213879,0.10591543459281166,0.3341664657043532,-1.1508303725392184,-0.26897660722203204,-0.42688732995897455,-0.8346084232021869,-0.002128550016070567,-0.4993008681772953,-1.2034391472100388,0.17591843176267824,-0.5912129231428566,-1.384963923823788,0.3021914060866918,-0.6893120429225567,-1.492889040985418,0.04755378753749337,-0.6819789994612212,-0.7298241442873143,0.17276206131368435,0.0823549987292045,-1.0874603349572822,0.035248879047949884,0.3245793379896939,-1.0856067545671046,-0.06591043918881447,0.21520454861933133,-1.0589378924038728,0.308611383011079,-0.6973875114661335,-0.6530570503517313,0.41516455989845635,0.06476318392225583,-0.9335641545737202,0.25432357018617163,0.2182829034406537,-0.7952740785029733,0.14193056895109163,0.09692661581909502,-0.6804032300097479,0.5242170738032377,-0.6071588918991278,-0.6204080066342859,0.5820158735665549,4.312136511298497e-05,-0.8761952209188731,0.4455594484392801,0.16192583247670614,-0.8649277784307651,0.35001158153103445,0.09114920397352964,-0.8143195372233359
Z,0.0,0.0,0.0,-0.26042377359061525,0.013138920946072634,-0.23129794383274144,-0.4868339745674893,-0.032614000261483304,-0.40187439827941196,-0.34382098635010466,0.08761370979121036,-0.5420264023186048,-0.06681354180237437,0.12645694830241716,-0.6415553983611304,-0.3716641868473934,-0.8257606624084962,-0.36029688794525316,-0.3656408599291523,-0.7121586359928609,-0.6244396496402256,-0.2530090434977947,-0.5408560257450554,-0.7485342639739904,-0.1424219241853581,-0.5085526945052836,-0.8072512496848111,-0.08336741928795637,-0.9373547530047633,-0.3382542541057614,-0.04785047771145496,-0.2575174684965531,-0.5848689939107422,-0.16746381754874545,0.022083930234005813,-0.5747382525097803,-0.24750638152158672,-0.1029760886854023,-0.5309730844473282,0.17095205641742883,-0.8518937416667813,-0.3529147144281804,0.1889151170525375,-0.1347284809717445,-0.5245921157357247,0.04290452116703785,0.02011563895337113,-0.4009412198983603,-0.03552607183390669,-0.11273585331179156,-0.2906992783765782,0.3854297317753868,-0.6995958823430483,-0.4057411824255172,0.36175737702279265,-0.13856943610019007,-0.5603412181337487,0.23831725798302794,-3.652102962115135e-05,-0.5352598003665937,0.17080380986955876,-0.07634168621458737,-0.47508614816099054
Z,0.0,0.0,0.0,-0.26568545038325786,0.013917551255605636,-0.188796453178283,-0.5325699482043307,0.012656922858548055,-0.35077056643484966,-0.48154808773763097,0.1164646074674427,-0.4982605263557545,-0.2164026158482278,0.18436474010209464,-0.6098262349203907,-0.4864091665161919,-0.8027078037275394,-0.28466016223653307,-0.5536189307937148,-0.6696730833551313,-0.4970365093657673,-0.4980983522342454,-0.476198178286735,-0.5855262484465277,-0.4303946679489129,-0.3930908567872146,-0.6237630620341064,-0.2143930917360833,-0.9333591882971939,-0.2878823159505403,-0.22463563384548274,-0.2109679689616798,-0.47626190557515735,-0.24981206750476473,0.04013831655427486,-0.4577530739378378,-0.26955487214459367,-0.06472845876688334,-0.41636465754926844,0.05224304651382918,-0.8655356501614346,-0.3218280881410596,0.03945176519875178,-0.1543053435217109,-0.449664306792941,-0.03451358298775068,-0.009012958658736877,-0.329126099786591,-0.0821240618858283,-0.11437874332317927,-0.2275820561717568,0.288387449134791,-0.7093365649096263,-0.3901850204429033,0.23905448464533613,-0.1548646614903691,-0.49653104292809974,0.1656787359735657,-0.005255502277842196,-0.4497930669804483,0.13262502886670305,-0.060962350515681836,-0.3800454101434776
Z,0.0,0.0,0.0,-0.2803161078737687,0.02936100005638172,-0.21774799793410618,-0.5738189670332248,0.10008222956309165,-0.39590485273641063,-0.5802044427595211,0.34405338952599246,-0.5527658336857212,-0.3310958144641014,0.46924895637682495,-0.6823250191797017,-0.4866810908268051,-0.797611373253922,-0.35525916526899676,-0.7039805759695985,-0.58371944069068,-0.5888966127680844,-0.8144495947844085,-0.5016813433582239,-0.7133549935661447,-0.8783640776812918,-0.4897702586657376,-0.7810119789081281,-0.16802750886829915,-0.9211508835326658,-0.3510666689255802,-0.3647664825273925,0.08248550767917812,-0.5431693452680861,-0.34652903984803746,0.24003990627777733,-0.5335572035672607,-0.2670632480619861,0.07729408871042068,-0.4986489762967877,0.13381490286465125,-0.7624066834379776,-0.37771448388684403,-0.07799499106065222,0.21148983747482913,-0.5161024630408285,-0.1310812013304004,0.2163773091971722,-0.3832876605970979,-0.10651253750823406,0.010516270778690785,-0.26162477760782504,0.3764249870581085,-0.5099006847957613,-0.44182132739730184,0.18924029114280444,0.1785832927890238,-0.5952197033220542,0.12437703691623865,0.1663561029602665,-0.5610453566780487,0.1398862491117783,0.0003291748678667626,-0.48218312813656466
Z,0.0,0.0,0.0,-0.30348770777107054,0.007150838578608761,-0.21736533691219742,-0.5964584906426745,0.07720364417507587,-0.3978505007183747,-0.6111677119706305,0.3780684433691623,-0.5539953745890018,-0.3648024616409839,0.5477107231157627,-0.6943291724293092,-0.4914319963724881,-0.7793400903492742,-0.3910994363094921,-0.715943433266972,-0.5651085171469041,-0.6205437954642419,-0.8898765818078441,-0.527547418136119,-0.7682420688227536,-1.026259296045203,-0.5095356416720522,-0.8610078062015961,-0.1780812626106647,-0.9051333596777192,-0.3860319482964021,-0.3789781428994348,0.151883409197833,-0.5595222067795784,-0.3422758575299405,0.2285989144857889,-0.561708395593788,-0.2530198753142011,0.08047131048311236,-0.5482755492850485,0.1330669043936389,-0.7311190070086214,-0.40675690246685964,-0.1050080595619026,0.2972817622567308,-0.5211331456021101,-0.14224388500090196,0.21213412998795678,-0.3890567639845668,-0.1120525557737168,-0.02791563304837403,-0.27746865621253075,0.37914984468650853,-0.468541116331637,-0.46626585477799926,0.14960817007790495,0.2738245862597546,-0.615516071573979,0.09634648902178274,0.18699741494865518,-0.5789393250443682,0.11371411716664136,-0.04683726139567448,-0.5020571837052926
Z,0.0,0.0,0.0,-0.30266194480630865,-0.007880721203293431,-0.1978809824096136,-0.60072978048225,0.054930322868382515,-0.37486571642618294,-0.6297835038961213,0.36418654140254303,-0.5343163757908704,-0.4141562804035873,0.573414540531365,-0.6848367499922391,-0.5174682346008592,-0.7985605667271161,-0.3520363846967538,-0.7894626042280487,-0.6014416803741923,-0.5748767623433033,-0.9959514318517751,-0.5562741233500436,-0.7360558346875026,-1.1562274922717768,-0.5588070392387116,-0.8442858949985093,-0.2091901401683911,-0.9101731737167807,-0.35752521463898423,-0.43426832310705,0.13252271657901052,-0.52580242561541,-0.3938072406078273,0.2550115971571022,-0.5370584624359191,-0.2949129727853147,0.11770471946636137,-0.5332560220271222,0.09615418770236672,-0.7200006494237163,-0.38829088238457976,-0.15587639491040747,0.28492199312760363,-0.49988611211140677,-0.18614115075054194,0.2400227804149889,-0.38136462343270944,-0.14652386876140286,0.027023120212200224,-0.2821259905061175,0.3369641316226346,-0.44836306263962744,-0.4549794790425476,0.1090462237799758,0.26628205824153556,-0.5965690380551513,0.06181641346323569,0.1991045131096028,-0.561483700783352,0.08981235752266799,-0.014017204381615038,-0.4894562335254204
Z,0.0,0.0,0.0,-0.3265105792680767,-0.027991375733920482,-0.17249636558375064,-0.6199121311406736,0.027877801978013456,-0.3380275525760911,-0.6594142374030858,0.35513815023896306,-0.4885333530084191,-0.4701589086778017,0.6038743932159679,-0.6350624397408514,-0.5559070943876082,-0.7932776107624464,-0.3491887173565387,-0.8448132208709813,-0.5977462691672946,-0.5690104941597344,-1.057388369517363,-0.559846038740202,-0.7269467588785079,-1.240326841334893,-0.5559997146965698,-0.8349203264979442,-0.2660920741838348,-0.8898912215694548,-0.370524792463565,-0.48370546396458414,0.14319646377124995,-0.5368737142943504,-0.423854068477017,0.23433788452091966,-0.544137689779523,-0.3248057582368947,0.09116024848460616,-0.5368560632928474,0.04110307107829955,-0.6870105343764848,-0.4140894000890915,-0.2149711297536182,0.3114095211564598,-0.52780117544013,-0.22075686233227773,0.2248362555140346,-0.40741625866497927,-0.17606012326626755,-0.026669182864350424,-0.30531149720869527,0.28377465769375554,-0.4130665355412862,-0.4890426887894219,0.04498219182149843,0.2916355407028714,-0.6255093381360352,0.015493100140697026,0.20056851987351515,-0.5795410057380966,0.049974578311101504,-0.05072799138170401,-0.5019456468063502
Z,0.0,0.0,0.0,-0.3308587340109727,-0.06707364957013688,-0.143597847843805,-0.6090976453015944,-0.05954814191723027,-0.2931184015169473,-0.6592101547249484,0.2243065638501648,-0.4265201070276658,-0.5341096020297501,0.471235757120728,-0.5592440749960317,-0.5891202368983923,-0.8004353446193325,-0.34607575509775623,-0.9082682040862303,-0.6003618430296251,-0.5742968055719966,-1.1416094388796023,-0.550553965585219,-0.7380039041235311,-1.3504867360500938,-0.5367179104332811,-0.8470858919257267,-0.3301224028402368,-0.8673078273060743,-0.3725537972382046,-0.5446869183366198,0.04658316955914846,-0.5345323494470318,-0.46506105901771405,0.13165947131220046,-0.5287891790087907,-0.38013130994642613,0.0007407222623243117,-0.5111972311110066,-0.04717020361587751,-0.6674276709678701,-0.41912115200655403,-0.29807498143332106,0.23144098990847634,-0.5361641545531812,-0.2763132804074804,0.150625693655553,-0.42154757316319535,-0.23860533027823408,-0.09389196700328598,-0.32253696558391426,0.17418691890297963,-0.402280250361722,-0.48989498234800904,-0.07232265067766366,0.222918978908219,-0.6140204725727533,-0.08850080430558357,0.14089448580913008,-0.5565813239178846,-0.059836856189169944,-0.09679036189487807,-0.474868907070202
Z,0.0,0.0,0.0,-0.31608539379082984,-0.05914549480935252,-0.14987619817761216,-0.5837583256411897,-0.03130173455390901,-0.3194688620434928,-0.6547912919031449,0.21417937879381058,-0.4757900018873339,-0.5399212972950178,0.40135456412755127,-0.6324371073058878,-0.5777813770359523,-0.810662688278094,-0.35459083095684013,-0.9034486521597568,-0.6193915674496642,-0.5881598884735281,-1.1312084689897939,-0.5802578936418162,-0.7549343539614798,-1.3415785702502068,-0.5692035518492883,-0.868842818604367,-0.3142002718705162,-0.8687855003368665,-0.3827400469782513,-0.5393060715128288,-0.019760909685171035,-0.5472626792743376,-0.44446693539145204,0.06419933082065546,-0.5415759153587735,-0.36200230164019004,-0.08754668358961996,-0.526409716433716,-0.031082598033093704,-0.6766637189266969,-0.43069684191575097,-0.27842472828383724,0.17547302120155245,-0.5443367273603139,-0.24228856816009162,0.11411013872220006,-0.42315399166888135,-0.2008932684971042,-0.11178866120481294,-0.32533768047174044,0.19265798108453958,-0.4132128630308204,-0.5037629499698143,-0.036888072310793135,0.18529718535035353,-0.6262371872907208,-0.03484763738135164,0.10866925283100709,-0.5669756528455803,0.0015802482357293592,-0.12865532529131585,-0.4873151790388824
Z,0.0,0.0,0.0,-0.31699424881541544,-0.08917293148604713,-0.14204178500084,-0.5900557021509081,-0.08246829850292857,-0.30515671204243827,-0.671012900987045,0.1725353086877525,-0.4542735314235482,-0.5763697887072122,0.4019210586133286,-0.6046434353315114,-0.5732835898583295,-0.8318209822516859,-0.3562343764875899,-0.9489839923530493,-0.6196567087367949,-0.5904399189702765,-1.204221170424353,-0.5719024037375516,-0.7679230192457384,-1.4277465886647989,-0.5450633591399173,-0.8886533185695384,-0.31634686910296367,-0.8676098394097587,-0.38363762194045187,-0.573345674858214,-0.030058165516754227,-0.5409952677985178,-0.48117324472136075,0.03410189557530885,-0.5397414995161592,-0.39271046170315516,-0.10164900793860225,-0.5304536382338828,-0.041178218051127834,-0.6613372135821423,-0.4286677424431124,-0.32082122837877863,0.1711076271926118,-0.5277256930820208,-0.28181461781259665,0.09592296583471997,-0.41034736837202723,-0.23298312439024765,-0.11952182984367005,-0.31908713645484216,0.17731640068326102,-0.39047799997823446,-0.49856211908067233,-0.07757260908472581,0.1925239436285307,-0.6054252413763122,-0.07244772482113458,0.11150001025507303,-0.5402546580229136,-0.02662407186675681,-0.11406628141769852,-0.45968945621798557
Z,0.0,0.0,0.0,0.3796031627720777,0.007497671169617411,-0.0639289717987962,0.6864053594504912,0.079057551181604,-0.21792587169984276,0.8263533621700908,0.32110059830179244,-0.39156453862030566,0.8519074650164429,0.5622982558321313,-0.5768084637406795,0.8195138477762769,-0.577552046323612,-0.30535264608323365,1.1786394245449852,-0.4279409915055197,-0.5457811445265845,1.4696811319289054,-0.3612418090838964,-0.7265443125727767,1.7273439093887417,-0.3128132058700731,-0.8552504893583015,0.563609888563387,-0.7258559820586444,-0.3943057022454117,0.7312033177933724,0.14299705566191076,-0.6326885150231526,0.6366656250218783,0.338789418408806,-0.6939869502063981,0.580013990656164,0.27177946295029715,-0.7349105266757665,0.26721165097619176,-0.6441153177828964,-0.4862531460550857,0.43002479242256053,0.2627561786905141,-0.6620925508152905,0.36660385596829953,0.2864989712331247,-0.600699663364245,0.32801851643648827,0.0846243839563701,-0.5547172067142885,-0.0078007542873546765,-0.469553150082974,-0.5939450306323345,0.16207925568416984,0.18800983022447898,-0.7065300441980941,0.156195297330613,0.23521790953173874,-0.6471555933513286,0.12464506361443185,0.08105408823352687,-0.591246788458127
Z,0.0,0.0,0.0,0.41464015201192483,0.005677305083884961,-0.07616475422436994,0.7378562168402092,0.08854075593636791,-0.25097364610909095,0.8933387660219447,0.3345204319098406,-0.4448629023300902,0.8770750626487492,0.6060897136174226,-0.649158369094728,0.8627482547978303,-0.5273106819917635,-0.33811815158932845,1.2214951827835596,-0.3822420352919469,-0.5898057776561112,1.5077498475925302,-0.3173171664586231,-0.767686841964342,1.7479494410940324,-0.27938690953251766,-0.8931866248752353,0.6011005915222299,-0.6723585440923971,-0.4319861885032637,0.7729402929443532,0.1580601667969326,-0.6816638865486725,0.6568808913481409,0.35434926684681095,-0.7259057879793933,0.6010174531254986,0.25478383579741837,-0.7521736753773874,0.3051152974721944,-0.6017431138560245,-0.5300488275684311,0.47137245194371513,0.2682728770088328,-0.7219959921173579,0.4034824227324776,0.30902934844902324,-0.6514310913691561,0.36843975216843805,0.09699926951248525,-0.5972413452700832,0.0403044473225286,-0.44113429695614176,-0.6443929678427084,0.2039915124588712,0.19513923710610853,-0.7582611898931766,0.19459621899517365,0.2521250436846252,-0.6893186744036323,0.15426836854128168,0.09178315340889397,-0.6292163235555156
Z,0.0,0.0,0.0,0.40380865686545625,-0.005923912229574924,-0.08194120802215106,0.7285310608948069,0.0656522642602411,-0.2508106152042372,0.8810194368948497,0.3184767266028668,-0.43745777863369045,0.8735618494336074,0.5940010487303237,-0.6328630249671231,0.844477508281834,-0.5523625326949069,-0.33046810124368486,1.201049334600973,-0.3908127421905102,-0.5869281687170501,1.4853649617640163,-0.33702896468067567,-0.7707289140655879,1.73143618749332,-0.30280921099470437,-0.9001079336617401,0.5799486910991877,-0.697612108237095,-0.42070995012399526,0.7483272022325459,0.15449178509503816,-0.672967490850265,0.6476296924243518,0.3288065391801729,-0.722910873261985,0.607405543551733,0.22359815125415297,-0.7529143531119197,0.28025282082900244,-0.621158964485171,-0.5169657754953665,0.4444790445766675,0.270727171296897,-0.7068920987024585,0.38182081297207604,0.2797372633358713,-0.6349685790987343,0.3613833074484735,0.05322256301828133,-0.5799657264047539,0.008024967313896327,-0.4531233807341218,-0.6318593208430522,0.16673519245292534,0.1925094012190976,-0.7507305655468809,0.1571808823232703,0.22278632316542157,-0.686166820783692,0.1257278760891249,0.05361831254839976,-0.6272728337360512
Z,0.0,0.0,0.0,0.3584612030313264,-0.01860972972927903,-0.04973415097833095,0.6779801795562685,0.01509639140871708,-0.18479055296626223,0.7921837463744429,0.23187122112687697,-0.33928374442686554,0.7577098520230432,0.4810237489099295,-0.5100994115298271,0.7593987169584145,-0.5948446097919851,-0.2938364657596083,1.102748348530671,-0.48338256006754154,-0.5050526351227845,1.3605533363476412,-0.4419029038110596,-0.6617983352217232,1.5919651079505044,-0.44138003541001586,-0.7795020843168203,0.4864973377327272,-0.7838475373895436,-0.38588000532201316,0.6131063790337308,0.031350851992133076,-0.6017600975722901,0.5754716608644083,0.2814371215391141,-0.655329230263422,0.5538628591870778,0.22986408113577342,-0.6943925176713706,0.16874599373776536,-0.733953579222458,-0.4779284573173794,0.3301298317216081,0.09584042857351668,-0.646714214353708,0.34527463062422825,0.22410645670415064,-0.586223611203759,0.3467474328429103,0.08640855728759136,-0.540689700832474,-0.1183755506568254,-0.5831947644822773,-0.5818074815552658,0.04434295108748813,-0.0014915242807839331,-0.6904816306987892,0.11133538063761005,0.1399546669023547,-0.6279322753865368,0.1319853091343167,0.07656277662871075,-0.5711106060732668
Z,0.0,0.0,0.0,0.3268757474683496,-0.0357801466247047,-0.0795564715069899,0.6157212976741705,-0.024759957865735926,-0.2015224061101077,0.7068649281863731,0.18339741590838177,-0.3382209944457046,0.6499422706496629,0.4324806195684995,-0.48138134226552187,0.7262946042881664,-0.6364498293515354,-0.2513703260328576,0.9478594698642859,-0.48887819691990164,-0.4530234228435572,1.137162841385607,-0.440232047434294,-0.5976236603495914,1.339580740048247,-0.39868576146995144,-0.7000718553233364,0.4607635031176288,-0.8297355717183943,-0.31501726178087475,0.533992019872444,0.08790871267784701,-0.5209341353258123,0.4871898043188362,0.3010840890822623,-0.5627198865699781,0.46290484574833823,0.26884806278384754,-0.5806583315270056,0.1455564321110666,-0.7885034450576313,-0.3892515198916066,0.22970395029747354,0.10511876270984516,-0.5499864784205831,0.2485458169079665,0.14731387822608533,-0.49980145257482744,0.2764287370346932,-0.0037095752805146164,-0.44955826965451084,-0.1471514144513017,-0.6517304831817895,-0.48110316257750463,-0.041869675193054436,-0.022560671816139945,-0.6073790502474816,0.015288174509991675,0.027570299144002587,-0.5854640886103936,0.048434373981181646,-0.08424135575858602,-0.5446081241299093
Z,0.0,0.0,0.0,0.30462055851811004,-0.020970507774454167,-0.1171207711138051,0.5876461641908244,0.00688623675428472,-0.26165579118807686,0.700578916875159,0.19837904163614892,-0.4124352194693771,0.6308013879337606,0.3858142286285053,-0.5651035388371723,0.6888096658743229,-0.655274772441588,-0.29070432390166034,0.8883468125535575,-0.4777242806070547,-0.5282067915913873,1.086791477875354,-0.41369647458949066,-0.6960207940918366,1.305332971902841,-0.3616191497512609,-0.8085005563347,0.42297542572668617,-0.8397631839330922,-0.34042559266583355,0.5091228340557297,0.06911109151202431,-0.5720951390090221,0.45040255612684643,0.2722165686007314,-0.6167070470642629,0.4330784131445389,0.20957587048782628,-0.632413761706339,0.11485369057068602,-0.7994211081860367,-0.40628231890172634,0.20440452004734158,0.08855797371452687,-0.5932177628268264,0.20952945788113772,0.13488013532337637,-0.5381387494036404,0.23871023677211262,-0.02771410651770704,-0.4792204528533634,-0.1695944699975098,-0.6663578649054462,-0.49314750754373343,-0.05980017857974653,-0.037445623072503036,-0.6356719946996946,-0.015913233740885283,0.023404024448959324,-0.6127408943117458,0.01121740000702284,-0.0888580405672935,-0.568095579380262
Z,0.0,0.0,0.0,0.3203718738001411,0.02483903402179277,-0.1151603175477019,0.6206629783412411,0.07789179928752592,-0.2519675480055646,0.7321008872677923,0.2804106832720693,-0.39487117654259274,0.6075952463866374,0.4523751265334904,-0.5362547633356332,0.7053969702430928,-0.6331475055304028,-0.2813909788694116,0.8010406649366001,-0.4406775827160483,-0.524882999415475,0.9507049017448471,-0.375457622265879,-0.6942102421868123,1.136836589474543,-0.33120284394846206,-0.8054690300615069,0.43448875096983064,-0.8380954373630113,-0.32987204057327957,0.48142489896177293,0.08988969355917055,-0.5515713929015651,0.4343938944300397,0.29075879418076717,-0.5826448858659306,0.4313998240827495,0.19594959689428168,-0.5881594299848095,0.12508867411578334,-0.8148133885341348,-0.3954108553641431,0.17753044662430953,0.11910979608512476,-0.5700069672469169,0.17218640413391567,0.14981055259204765,-0.49674392695805186,0.19995158230090596,-0.07144601438288715,-0.4255760497890364,-0.15989227614758927,-0.7048147946625312,-0.4840186133896286,-0.09846923601666613,-0.01075515352881352,-0.6181187016682578,-0.057259215401888774,0.05985310436159784,-0.5864176632231956,-0.030718595711512885,-0.08762068395997524,-0.5351506194900012
Z,0.0,0.0,0.0,0.2856652013874178,0.003763551036923094,-0.1114104967501439,0.5761424430966462,0.04747329264752845,-0.24951988051323115,0.6826312522012171,0.22604661591448547,-0.39705973515928844,0.5532329939278724,0.3625627568160393,-0.5447018738137461,0.6749233128346394,-0.6320428536799092,-0.2773839837313284,0.8037401892212962,-0.4388202082850564,-0.5252177398783776,0.9729129760994848,-0.385520584965341,-0.6984014361844466,1.1630360302591412,-0.36683211843558433,-0.8117906727409575,0.4055896875049192,-0.8528209986149147,-0.32892757517593696,0.4397465823501288,0.030493271426687125,-0.555370022904379,0.3848237608216695,0.21942737043385452,-0.5907636262923399,0.3740379173490974,0.09786083498761051,-0.598577707473955,0.1009746062688237,-0.8436088066020632,-0.39740956523572585,0.14216296887357552,0.04446228499391919,-0.583593235787851,0.12569759991110777,0.09239250877132939,-0.5134550163533028,0.1482061708377838,-0.1327330714483488,-0.4420236184280422,-0.18158458115667248,-0.7447528660322166,-0.4873723231220807,-0.12849740829110246,-0.07968952307728923,-0.6268026303041527,-0.10539744603349148,0.007611848701805272,-0.5933663737387191,-0.08826494761195212,-0.132746917846224,-0.5397988726673397
Z,0.0,0.0,0.0,0.285526079833495,0.03630552947318189,-0.1340717784596835,0.5656638054634229,0.10566490255002498,-0.2889234135512194,0.6731306019214843,0.27365521420687905,-0.447512367715434,0.5127223422145137,0.3867480715338101,-0.5996169599446971,0.6565883713393689,-0.6339076563197273,-0.2979962631240646,0.7174369037195943,-0.45013651561448687,-0.5509940026771388,0.8211244501875484,-0.40315454183361904,-0.711146765570289,0.9501170740096945,-0.39497124174375586,-0.811655300817987,0.3811405157839662,-0.8599555919510254,-0.33942346280140034,0.38878969084740644,-0.02420452745722849,-0.5664593615032261,0.37424567666335434,0.2041994462827477,-0.5883135285587503,0.3997361416645125,0.11179850836526244,-0.5842737349041793,0.07764983462870038,-0.8503103874581339,-0.40143474751276864,0.10746999279680221,0.039479157386085206,-0.5848363325796486,0.1182162518717214,0.11147079953015321,-0.5089281661079738,0.15301294123089165,-0.10340525928863524,-0.4346057621655333,-0.19729770979958994,-0.7411162222532032,-0.4871465895875366,-0.15688236161916033,-0.06631965493434375,-0.6238165246654597,-0.1184939968854613,0.027998245085846703,-0.5950935518272256,-0.09175611863361788,-0.12062444077038087,-0.5463294930270965
Z,0.0,0.0,0.0,0.2947216883259095,0.02530798314137665,-0.12819933234872172,0.5619931836167446,0.07265663917835458,-0.280840651283732,0.6487618120096063,0.2329761777584841,-0.43728807834171235,0.4678109171211394,0.35884429488490993,-0.5840568797218654,0.6377530778802846,-0.6426795196685446,-0.30076444871881763,0.6705516151937614,-0.5034564037570401,-0.5592577758916758,0.7513590859412889,-0.44231981207202214,-0.7102426407423119,0.854040740371,-0.40803796296531797,-0.7968730149345578,0.3648037486932647,-0.8662328298500767,-0.34140724864781297,0.35655523047060494,-0.0625921552760091,-0.5724803622029252,0.35372783470589725,0.18376287498526556,-0.5830669504368219,0.38835207391037074,0.10819170095097,-0.5647226707329801,0.06670692158131077,-0.8602156889897044,-0.4034532024692763,0.08844090382061627,0.00659563408243287,-0.5899337380042654,0.11565913162120661,0.10171160324276073,-0.5094167714617291,0.16521060546729308,-0.0894003263102188,-0.4265352442996808,-0.199133756322282,-0.7523456075523737,-0.488317143956881,-0.16352007464333043,-0.10055688858127886,-0.625588595743553,-0.11970103861186446,0.008740359164052592,-0.5971356135109951,-0.08377417546907646,-0.11869983154871899,-0.544768711326604
Z,0.0,0.0,0.0,0.28028368028939604,0.03675474215873554,-0.1648909828180201,0.5339993106870936,0.07082592219251431,-0.3320043722240019,0.6086218470044646,0.22617908591434618,-0.49343617496262826,0.4214606075381887,0.3450630984568384,-0.6412621022931376,0.6117941012652244,-0.6424983350385487,-0.3491455772448392,0.6089426763548459,-0.48498938388447416,-0.628307315854382,0.6589840462936513,-0.4399749277411591,-0.7897141113626898,0.7121497783435587,-0.42950576789579087,-0.8797548765559242,0.32713597765401675,-0.8680993514943197,-0.37334376660055835,0.26888358675235724,-0.08653070309425487,-0.6247207704729227,0.3094642549536329,0.18162272859384215,-0.6405952161222377,0.3712002791760328,0.15095349292988294,-0.6220018498461704,0.025348642081187842,-0.8594235043832845,-0.4220886447923223,0.014222126442527102,-0.007687570979306445,-0.6196037585697992,0.07731755091289812,0.10707419285554057,-0.5391262868259863,0.1511690076033418,-0.04733474269829442,-0.4541363815030709,-0.2399309402786309,-0.7467758826331519,-0.4980322596292178,-0.22383012813933778,-0.09171731078007468,-0.6479449792633244,-0.1637436601150916,0.02570895442451423,-0.6309483516725359,-0.10304268295318295,-0.09731620740642445,-0.5848614076995575
Z,0.0,0.0,0.0,0.2568556644319974,0.03358127556531383,-0.17314118094738215,0.5146198352749154,0.0614841568730676,-0.3460186939307966,0.588883740670655,0.19250434933475818,-0.5100646452770906,0.3990178186321929,0.29275908605065315,-0.655201409287983,0.5994981086256232,-0.6196788382334232,-0.3684293972925123,0.6116912853165556,-0.5143240282766742,-0.6527709330891076,0.6332734311370974,-0.46771563253055176,-0.8061542721314174,0.6322151877126043,-0.44921761081099076,-0.8869623725881953,0.3335637973850018,-0.8594334661653427,-0.3874394279227687,0.26832888111481373,-0.13799671495120175,-0.6466302640003602,0.2989902849154636,0.11764623246372932,-0.6600998723355626,0.35050745722795756,0.06518388345127661,-0.6377394378284035,0.04764448420432163,-0.8633729247581388,-0.4315799514148403,0.02078235153733232,-0.055876047336164025,-0.6312888665990657,0.07652432312920054,0.05984193909564172,-0.5501758297700049,0.13999463453229785,-0.10199199165907809,-0.46598103712946365,-0.20496101733171682,-0.7626566007789758,-0.5029641313727691,-0.20141912578924293,-0.12886260433040747,-0.6561778321300598,-0.15648190206959942,-0.024651449013036352,-0.6438189515705361,-0.11390036243848063,-0.16866071623065845,-0.6013649175902606
Z,0.0,0.0,0.0,0.26621607236652717,0.030915937960744395,-0.18115126554468894,0.514538204264577,0.06673852415876654,-0.3593357924104718,0.5864009755762517,0.21075829368567825,-0.528585595699406,0.39614274176424735,0.3160586626571565,-0.6798773843155248,0.5978696822911005,-0.6519840909550584,-0.3666867813249175,0.5942505071015611,-0.49618019610165,-0.650197475763326,0.6125377226744347,-0.4357535761271858,-0.8067023093961239,0.6201721122937469,-0.40772523873772865,-0.888976505464909,0.32234277191998445,-0.8667156763436448,-0.38065610959384216,0.25025595204239254,-0.10023309372943731,-0.6329085739169967,0.28895968916141507,0.1470121001338094,-0.6463044207812483,0.3507519458025703,0.10182339321445386,-0.6257136818958032,0.0328215024943066,-0.8570461149326251,-0.4206521186075427,0.005610427934055535,-0.02402924708540145,-0.6102553673984513,0.07277601107967327,0.08095570327442904,-0.5278703371607486,0.14587604030471008,-0.07216989751581074,-0.4437925040673989,-0.22278205423295203,-0.7460620684274047,-0.4901753176684354,-0.21524863235324956,-0.10217443846578138,-0.6347705649203471,-0.16407572490940492,-0.006172929576930735,-0.6214603294854983,-0.11582205203587355,-0.1448998396648636,-0.5780967968157724
Z,0.0,0.0,0.0,0.2589314104033694,0.04361424735951797,-0.1911007477193281,0.5120342336319114,0.07922725952371246,-0.37722918418253354,0.5842732558620822,0.21502888929934139,-0.5554909373349994,0.37934096009666357,0.2994276974791936,-0.7101390538828619,0.5933812427153344,-0.6440472969884156,-0.3801914217639444,0.6008658413584925,-0.517542990919916,-0.68302226625742,0.5984082733863894,-0.4139408219139442,-0.841125551720841,0.5699060644018211,-0.34308219035354537,-0.9151538224646634,0.31700888965627455,-0.8628371601379994,-0.39372248978676405,0.23328221206317265,-0.11035076255209403,-0.6592291636212331,0.2711512597350376,0.12869189371192627,-0.6681985778495463,0.3272701239326991,0.07052599628249243,-0.6385533733769292,0.02811377878836953,-0.8576604283473734,-0.4370742266290708,-0.010274497002903874,-0.030987369525553688,-0.6340254099565829,0.05691584734747574,0.07228810956265751,-0.5409264437627171,0.12634545824101176,-0.089191530683106,-0.44512405371020214,-0.2269439245896833,-0.7513994637951296,-0.5118218097279809,-0.22330650751888317,-0.10478026498565124,-0.6608792297294177,-0.1777751101800109,-0.013970376781805348,-0.6423590517621148,-0.13703033753911456,-0.15831914777025677,-0.5904581538089873
Z,0.0,0.0,0.0,0.23940263073000154,0.11918137181882861,-0.32546869430523745,0.4608474844867591,0.20622377853935558,-0.5894272868103181,0.5022755475043347,0.3146891577889524,-0.8185557337764985,0.32341389832847367,0.31860765704606825,-1.0237012834445631,0.5680342952511672,-0.6141957348955407,-0.5658210860336452,0.5051452234377581,-0.451962961075612,-0.9578487434575985,0.5062585098320299,-0.33928151370281245,-1.181772064797652,0.5025694502242275,-0.25269477840299254,-1.29181686565449,0.27742835732337073,-0.8024885451556966,-0.5282477084159947,0.16260771364632004,-0.09992692476356264,-0.8775072881994098,0.21303020808281964,0.10821776162540435,-0.9263215665054356,0.27696229848844717,0.0639304100886219,-0.9142186250041523,-0.020597020342759773,-0.7924627046075021,-0.5303514653070363,-0.09156727128253607,-0.02206210401557274,-0.7940589267978219,-0.006585696991361585,0.07496260776709392,-0.7194562123821143,0.09236588012848188,-0.06825844842683582,-0.623647439087154,-0.2827955953515176,-0.7006943299306111,-0.573808052840629,-0.30234050811461943,-0.08594622900849425,-0.7678044318532165,-0.24668359707146303,0.012906820432383054,-0.7675143480356091,-0.17504435082931113,-0.11698855812648891,-0.7211544018504349
Z,0.0,0.0,0.0,0.23450112255010877,0.11407330836258392,-0.3503746096626586,0.4592838926958955,0.20636234514601073,-0.642685659675174,0.47627095031916816,0.2747090003054051,-0.8927382103021938,0.27645786968434155,0.2840876737669329,-1.113614283795401,0.5485506705485536,-0.6010800219798715,-0.6388563009546272,0.47039581242577533,-0.39684892361166807,-1.0308191497506622,0.4589130382247406,-0.2730477193156721,-1.2150344278264813,0.42183494316129316,-0.21139397645346766,-1.291881327614279,0.2615835373231608,-0.7641499500759041,-0.58961759369993,0.16081687760991425,-0.12389918452798615,-0.9339051773846268,0.2002561124630248,0.09846716405222378,-0.9391037144119457,0.25568153616269995,0.021924667495991552,-0.8942561969699614,-0.011627553071969724,-0.7524372828630136,-0.5787013870092024,-0.07356187568941887,-0.0478260882173636,-0.8376183209190134,-0.004211736119417633,0.05948474612488578,-0.7238585351602366,0.0678445241436466,-0.0884515483899516,-0.6035013430879774,-0.25211112519812734,-0.6697914520289264,-0.610724946295377,-0.2632999587031914,-0.0932431069211901,-0.8019007796397533,-0.2193498157668951,0.0006903859636482024,-0.787438020807178,-0.17443711955586672,-0.131957033563464,-0.7314951257524029
Z,0.0,0.0,0.0,0.24332552933728605,0.10672742707281284,-0.2712383019073352,0.49983794222115935,0.1690435296274417,-0.4897096312772598,0.5058440580358343,0.24818281144916682,-0.6847828003985206,0.2944540463262655,0.28744954937986655,-0.8547671580546569,0.5893644449607977,-0.6496884724873387,-0.4379729262903126,0.5372572947005462,-0.49536270821109735,-0.7597867111937606,0.4821670649131812,-0.36092757296554956,-0.9286385252109776,0.41409380789743583,-0.24974727230054064,-1.005211199893332,0.303338432011803,-0.8575366247429181,-0.4154716992637938,0.1767146897539251,-0.15240230730023016,-0.6960969413188955,0.2105194922112774,0.07566642461943186,-0.7251390516107346,0.26695611114588075,0.036476987652213584,-0.7075261116054055,0.009988037513056245,-0.8554604099981186,-0.42933861613723073,-0.0860901445012155,-0.08823282578022132,-0.6354700108121916,-0.01446403992235762,0.036353275374673706,-0.5559733080842697,0.06662835908601876,-0.09092314519713193,-0.4678110213542233,-0.2592788806654063,-0.7641601344542999,-0.48080903236777145,-0.2917497420431982,-0.1779446664163976,-0.6307482359061751,-0.2423120107405463,-0.0506983670947756,-0.6135866151940947,-0.18867828171142242,-0.161778007459426,-0.5622997311218795
Z,0.0,0.0,0.0,0.23657100251014965,0.12168646302288438,-0.2853128997905879,0.5123661426473448,0.16176579965048224,-0.49387578414768096,0.4757101136196086,0.1747525324044868,-0.6687360567043925,0.2651698262698329,0.1802018128633922,-0.8157589258778736,0.548972235204115,-0.6263569965935646,-0.47585248552543236,0.5194082192408196,-0.606234371686726,-0.7928815215697566,0.45149269809355774,-0.4425189812940326,-0.954628927460963,0.3575821412466861,-0.31674023924958816,-1.0278205026996519,0.2854871738652312,-0.8514095906594601,-0.43999861646547694,0.12291832780073801,-0.2564178687688875,-0.72536394090932,0.15815463932034463,0.01712791405926208,-0.7621133422733003,0.21674563257249327,-0.005333451484830426,-0.750891671704594,0.012900673599159291,-0.8702814399355349,-0.4373986696724009,-0.12175538421727977,-0.16199967371420765,-0.6422520720383271,-0.03522833350353513,0.003110096598536435,-0.5675166398840257,0.06777479780822306,-0.0946974256171821,-0.48790032398065303,-0.23395266195779765,-0.8002740534261202,-0.47114966666284563,-0.29757601045859705,-0.25935052838035244,-0.62025623850611,-0.24449213828187216,-0.09312590419213664,-0.5991072196705183,-0.17600589350342194,-0.16921933503579237,-0.547712212238557
Z,0.0,0.0,0.0,0.23220653191062554,0.11935827835378834,-0.26004971240017327,0.5181252949902724,0.16396180985469744,-0.44517733640308965,0.46201117471493514,0.1688700536645701,-0.5998097797806675,0.2420288314537552,0.1770079385919908,-0.7231938954997327,0.5434561905015168,-0.6351439761345302,-0.42851362066234683,0.5231120742776713,-0.6095306807562798,-0.7193984859942754,0.4210365187609719,-0.43056039839186966,-0.8633590831048004,0.3026428706652995,-0.3088761584949524,-0.9283275941442679,0.29068476379028085,-0.8708487643396315,-0.3963897043924392,0.10213449438076311,-0.23385272195330706,-0.6476306952017308,0.1415921638195879,0.03571859088309214,-0.6762608258874582,0.21070181929403983,-0.008526538675785619,-0.6682475247536085,0.024299428134209197,-0.8921060976531936,-0.3951808615844256,-0.13981438587053893,-0.1648189940420422,-0.5688783137143562,-0.053645617585616694,-0.0064282853103797616,-0.4876868617133737,0.049645673084135256,-0.12042424471193806,-0.4121904985342912,-0.2203268114894566,-0.8194952054107354,-0.4296184822000684,-0.3145497133955951,-0.2751620850847349,-0.5647191001585936,-0.2606274333545185,-0.11614547691168714,-0.5409289231829735,-0.19233554530497168,-0.20382549430020178,-0.49052363916369507
Z,0.0,0.0,0.0,0.24588226644154798,0.11045215830943657,-0.20768516027473508,0.5349172981487142,0.13380605049648045,-0.3523698530546903,0.4517128372152814,0.14237313702792914,-0.47650887962646793,0.2142484513862678,0.16752703511844,-0.5754361656733679,0.5540420256625488,-0.6644095619430853,-0.32364279724300127,0.5311093068482164,-0.5671746792285732,-0.5815402744200031,0.388489305908514,-0.38235525169038415,-0.7168976791188343,0.24924718394988304,-0.3079753189537857,-0.7814032788581695,0.30527799178259973,-0.8999165419152292,-0.311376886297809,0.11338577163878333,-0.29788950537549524,-0.5138189630912471,0.15384992520626256,-0.004670897623364975,-0.5466281379026874,0.23221700063376766,-0.03978591098549503,-0.5518071774011765,0.042507373312810924,-0.9274614592694994,-0.32612950048222017,-0.13215286679280383,-0.256636564251659,-0.4687181778628095,-0.05028529983178946,-0.04772935700114231,-0.401875713978562,0.054248828805124556,-0.13692753068928293,-0.342636308468185,-0.2001157531565269,-0.8630548583650304,-0.37116495690841717,-0.3105439252922788,-0.35725498728016203,-0.47765287857790373,-0.2554567722677528,-0.16259497126855807,-0.4453256619768355,-0.17739965481758285,-0.21862369334704132,-0.39501145955066824
Z,0.0,0.0,0.0,0.2475482141449355,0.10900267851961974,-0.20998087712211175,0.49666160750019334,0.1189291584053094,-0.3571737981048314,0.3646653340304294,0.09875834284756414,-0.4804281328053319,0.13457089086502066,0.0879196921214018,-0.5781441446048234,0.5223115273098035,-0.6607159384398066,-0.3190698586984804,0.43189212233296487,-0.5990115325676986,-0.5717325331108536,0.2976378569381971,-0.4919722938213273,-0.7054651444737166,0.1762512506545086,-0.4786698265216128,-0.7736025838144676,0.29449837970400916,-0.9046609909190317,-0.30799220097448715,0.06214645121434909,-0.3670797208448541,-0.5178697640994498,0.10654226340826226,-0.04596041243194703,-0.5471285629261189,0.19762473639846262,-0.05426432247922053,-0.5442771244054411,0.04843841382656656,-0.9427910926356675,-0.3241556960234072,-0.1608214944239107,-0.3096582624766475,-0.4822216803976847,-0.08184677941618251,-0.07150959106336474,-0.4076487107702968,0.03097639249192919,-0.13531624531488007,-0.33844860397984095,-0.1769750383866228,-0.8884800181441537,-0.3700016166853108,-0.3195734524027122,-0.39808064728750686,-0.4880625699583026,-0.26280739066504516,-0.17866028197526504,-0.45217258439726427,-0.16791368784296823,-0.2207289874272392,-0.3963056666235795
Z,0.0,0.0,0.0,0.24370669177101367,0.11270946056890878,-0.2660165717119208,0.4594899767815794,0.10286963826172604,-0.44110139670364357,0.2848471486035639,0.09116563399797034,-0.5717198203066042,0.04968525523677622,0.08176054474862904,-0.6713575423305334,0.4577548311698129,-0.6276939496094348,-0.4547654135276773,0.3321290655085146,-0.6008427387524471,-0.747112144296652,0.17013252731761636,-0.5295950151251667,-0.9000404567433302,0.024657811454099746,-0.5221251797694927,-0.9821683764126979,0.2265358282803924,-0.8820293913172216,-0.413165428560871,-0.04447188106423997,-0.29175496222717423,-0.6719277198586571,0.02257145687449928,0.05482806720947188,-0.6958167747144935,0.13644260864470525,0.08041134305755936,-0.6879269158617292,-0.020015197366548606,-0.9276648568925584,-0.4002311734351887,-0.25361918804665967,-0.24724455959047228,-0.590186217437436,-0.13368616803524602,0.009436692959073833,-0.49642667619434516,0.010865632120551616,-0.019592115445935757,-0.4142385347094272,-0.23592737308270548,-0.8751346852229933,-0.4212674109308032,-0.39114790113989173,-0.3540100468630051,-0.5735606999887201,-0.3160420490585821,-0.11420546658905857,-0.5427508696191065,-0.2066814166075982,-0.1273689214299094,-0.4879414078193965
Z,0.0,0.0,0.0,0.22325008828428547,0.10363156525913732,-0.27701568667708865,0.40606329741065955,0.07277203418648039,-0.44784252830886817,0.2209426850670475,0.040564607141893076,-0.5689564393667449,-0.013687572715168194,-0.014055986360595627,-0.6572665898380802,0.39882233047733495,-0.6628550637616321,-0.45931110864152586,0.25143281780717586,-0.6204382601824182,-0.7310550321173578,0.06900237062398923,-0.5703534168071392,-0.8580480175128334,-0.09459677976663342,-0.5969056451600604,-0.9219819926226671,0.1725453140440203,-0.8971200026293098,-0.4066986789797056,-0.13474648196496475,-0.3483434715919978,-0.642671698293967,-0.052616473912414384,-0.005192395754111265,-0.6503891131146771,0.07665395207850614,0.017846469021797463,-0.6309714351533601,-0.06121666071933293,-0.9308504592802517,-0.3818811879598929,-0.31967402530195244,-0.3093003466910147,-0.5619690293619743,-0.18797620493703582,-0.06419540953519723,-0.463857057313712,-0.04124678429863242,-0.10581771129334418,-0.3776315949377656,-0.2690667350847042,-0.8683283144691322,-0.390217548958488,-0.42831479934698496,-0.39412523233511754,-0.5344168864252008,-0.33698848194994063,-0.16847869698573023,-0.496275805243692,-0.22432100584161233,-0.19211962758921797,-0.4352161317822044
Z,0.0,0.0,0.0,0.2316446626424787,0.16145637967636933,-0.3306951872571125,0.39957664571662455,0.1660795764668656,-0.5345919443678324,0.17859041674484985,0.12613119420160768,-0.6761227889950661,-0.09518918331975262,0.007153747561464204,-0.7819137129596667,0.364166022476205,-0.6480405289826005,-0.5259179114118614,0.1861166150406734,-0.5866666720467083,-0.837923381500196,-0.0022943660323442613,-0.5468138642311694,-0.9947273128120642,-0.18168912865744255,-0.5842849857216663,-1.0771108231574267,0.12653796485200247,-0.8795777427740314,-0.45861872821293836,-0.21269210445343653,-0.35685979022450737,-0.7283035423461726,-0.11446082984206107,0.02046726840731542,-0.7411730764301475,0.03583455384883203,0.03349536919196047,-0.719494257062872,-0.10606171823880435,-0.9063351132608052,-0.4245950929716222,-0.38742131342964037,-0.3006484016711622,-0.6378597028598525,-0.244424052643196,-0.013406633529441053,-0.5271574106578757,-0.08814252258490535,-0.058907601703825994,-0.4267118860206818,-0.30821927378174074,-0.8337496493240175,-0.4274374553847982,-0.48908305914195116,-0.3485068729386148,-0.5875674137493293,-0.374150945895935,-0.10487138191048638,-0.5376507611881561,-0.2486617658198258,-0.14017890059302726,-0.46533323153256917
Z,0.0,0.0,0.0,0.29261452981968034,0.2095985520921095,-0.21349517908844637,0.5567188184827239,0.31323394008844907,-0.36851014452788694,0.3818903094428866,0.32435341551962193,-0.4991525733497283,0.12101320904726198,0.23141938996676387,-0.6095417239317865,0.5812298833439714,-0.5323355013783581,-0.3688971902966786,0.6345745635127462,-0.5527482822797577,-0.5786140243524114,0.5909487449897508,-0.544730350868735,-0.6809790138988238,0.5307079512674086,-0.5955170015396721,-0.7482483613761365,0.344692330871919,-0.8709712617449435,-0.3501374847863401,0.10691055246377802,-0.1805829022988419,-0.5289609226502328,0.14083854443712385,0.15765707464363635,-0.5488938606472211,0.23403453784101613,0.10797476651952342,-0.5623451573886185,0.08509133267344136,-0.9456884086239405,-0.3506487994307305,-0.14621665218804947,-0.18944434106467692,-0.4664278293271255,-0.06240902670804829,0.030730010127861248,-0.382031059347053,0.05556995062667944,-0.08023093099996101,-0.3354902416996833,-0.1587886819112136,-0.9163080426254654,-0.3827772793822642,-0.3083386686979225,-0.3224728779256014,-0.49347572678164897,-0.25395550201405354,-0.11178664955513999,-0.4674977066779828,-0.17011591936877798,-0.1780650012920829,-0.4328994637281414
Z,0.0,0.0,0.0,0.21906171504632826,0.16972925055395507,-0.2726754498278488,0.4690062185188444,0.2912117570742255,-0.47778110571097554,0.5158115353153042,0.3216692117124735,-0.6506063714419276,0.3785141506946197,0.21839375664406055,-0.7959571566981348,0.6004225075863935,-0.6566605558270018,-0.4372146076312116,0.5190728117628475,-0.2604611447439028,-0.7107536964356798,0.4749822899216862,0.04602559305285654,-0.8435130625321355,0.4767657619001413,0.07489627612928573,-0.913382531947066,0.319030957086661,-0.8548326866265595,-0.409243602631962,0.15218340878714187,-0.17091636637385524,-0.6379853649182512,0.11625332059063949,0.10650990124992127,-0.6678939513227975,0.14681077146579674,-0.016444813242227505,-0.6758579726058236,0.03186629050936914,-0.8801627622035362,-0.40883324770420115,-0.1254868002738354,-0.1805525469518634,-0.5879790163206823,-0.09427529993800522,0.011278587906206118,-0.5198215812433533,-0.026884584978409887,-0.13491953171798382,-0.4602714765731665,-0.2338192666812504,-0.8286420673021567,-0.4398794456187703,-0.3214300437581869,-0.3217154651158834,-0.5650393446144136,-0.277209650261188,-0.13995769602961775,-0.535858837806425,-0.21200551968200773,-0.2157010184718827,-0.491429851336219
Z,0.0,0.0,0.0,0.23250290258829187,0.20591448782504376,-0.26486720730382085,0.4824729321861773,0.3761886164623043,-0.4859360505139878,0.4593801956030528,0.4462032030874021,-0.684797406576447,0.22865469981876196,0.3791031482648844,-0.8619532006351892,0.645171742112891,-0.6132264671760238,-0.40663772970686696,0.5698689346501045,-0.19802395616410923,-0.6972821097898363,0.5796338481768287,0.06833239489991298,-0.8627210812061226,0.6508670470121358,0.1311007796303351,-0.9575135881105831,0.35790714533130136,-0.8473730178624012,-0.39225176088778185,0.16689144136397605,-0.06421315475260692,-0.611348521177394,0.15319472587652466,0.15513017915146268,-0.64660401608865,0.24052824894492544,-0.023913240644937817,-0.6649887542205686,0.05264989062450798,-0.8814920477686927,-0.40942105477884183,-0.11601253360561921,-0.0798842191386902,-0.5684311603929151,-0.06695388823664553,0.032434726201539615,-0.49207003116914627,0.02732003968494651,-0.18095458530631706,-0.4343051900305993,-0.2345802984899679,-0.8333660173768853,-0.46331353738156034,-0.3362653387107657,-0.2327744679609598,-0.5824548807166704,-0.2880762129293915,-0.11556734591270698,-0.5521348180562511,-0.21914427982987167,-0.26097713910665143,-0.5090072273056983
Z,0.0,0.0,0.0,0.2338569246483282,0.18097826269682024,-0.24212407229842206,0.4862580629682764,0.33677514909167183,-0.4502007919718212,0.5235960579656489,0.4533428524586569,-0.6406870029376066,0.3137895224895439,0.39511978832520667,-0.8090964146531792,0.68378087850798,-0.6167246346504253,-0.37822784249959374,0.5992945622918967,-0.10438416701745691,-0.6845836358855811,0.6115460166958709,0.22190700144932904,-0.8730895720814777,0.7093456976842623,0.3031141769527214,-0.9819619459645924,0.3910071807790183,-0.8403891271726773,-0.375312535774106,0.20221299394259862,-0.005008109767998774,-0.5994363664769194,0.17802257949014608,0.1799386351547483,-0.6460429921892051,0.2642068470673808,-0.03614060504536682,-0.6734951221842118,0.07343554962240148,-0.8767072817776984,-0.4046077228948811,-0.08885187840599591,-0.02929603386817308,-0.5654272920261068,-0.057010432728281484,0.058030540514548055,-0.49459036560235986,0.038987013272052964,-0.1881611763079736,-0.43980028281411215,-0.220247465680653,-0.8364431060356224,-0.46969871060744756,-0.3263535603803191,-0.1776541998063855,-0.5888629425874186,-0.28532347933397145,-0.07032602578321565,-0.5614847915756012,-0.21217038681726494,-0.23230078119350703,-0.5197231653430777
Z,0.0,0.0,0.0,0.25006439903737315,0.19217756272905054,-0.22793866783129135,0.5203596413960961,0.35604145753848626,-0.42977619280740526,0.5338589172385649,0.5075114632537518,-0.62260710033822,0.2826994306687422,0.5156785541635083,-0.800355695735963,0.716699959912827,-0.6022649980980768,-0.3551099676671897,0.6885490196036257,-0.08424664935215445,-0.6950147542573757,0.7619532162854036,0.29578954675430214,-0.9295694705185629,0.8996537321860176,0.5155594577766003,-1.0598756175857977,0.41398110073534355,-0.8337505480362734,-0.3653486990303472,0.2373289504939574,0.08225159761297562,-0.5992500236751528,0.1937924797741677,0.23626831851998437,-0.6597817922427237,0.2598711251102842,0.02345093997114517,-0.6939287955753377,0.07077864567417258,-0.8572718971921315,-0.4098069027540015,-0.07278933349559481,0.04887502244048137,-0.565418644493692,-0.0501202912658558,0.11744008574100717,-0.4823736327434063,0.04466900994623551,-0.1109721781878594,-0.4130998897632369,-0.24039062647814866,-0.8134232666028832,-0.49316604058768043,-0.32420339795535685,-0.12319304045576704,-0.5945836830470759,-0.2886360859425535,-0.0236132930646188,-0.5390160897040869,-0.22045040830220947,-0.1726365796111111,-0.4717745692693876
Z,0.0,0.0,0.0,0.2881645029048026,0.19160934304066765,-0.2106589157108778,0.5680497672393456,0.35306309284239495,-0.39409945105971983,0.5890042437133309,0.5602794362526627,-0.5720699581040513,0.33003887719864533,0.6134538892025123,-0.7387083918409342,0.7730758160090719,-0.5959183771554143,-0.33387114059526496,0.7500282033955457,-0.08199895593233729,-0.661560501606033,0.8356453268709413,0.28003184775965007,-0.8967519158430401,0.9740448865977593,0.5175834430683484,-1.0298705257891754,0.466200408708028,-0.8125228251613827,-0.34994833549001614,0.28952490984627666,0.1319288411456833,-0.5726312974512239,0.25824795340526757,0.2567348553959737,-0.6395229991334686,0.31594544465700924,0.07065847287069195,-0.6845565751114367,0.11043830156898292,-0.8319812110619359,-0.39811485028844484,-0.0289866843874459,0.10438769484275434,-0.546017526221432,-0.00313237503805625,0.14393139267739533,-0.4769559200289332,0.09218490659379672,-0.07999508534013704,-0.4198365406508909,-0.2109723557511672,-0.7789390590496189,-0.48409664701566124,-0.2960311467188796,-0.06131810185188515,-0.5853225091897368,-0.25523923464121184,0.0036705993066543487,-0.5413412330693158,-0.18426682893508237,-0.16519914424067983,-0.48469834378660537
Z,0.0,0.0,0.0,0.3459044349209168,0.20833212948342028,-0.2068731905355117,0.6389632757997611,0.4360969909382681,-0.4019576544324837,0.6822508149095577,0.7366460113162697,-0.5951291178575189,0.4593095247153513,0.8429784695230857,-0.7804663160194368,0.8508671354000981,-0.4973599576074274,-0.38806987244777164,0.9396635845608959,0.13178983870869354,-0.760527249519048,1.0939422207098535,0.5205223294537635,-1.04445732126895,1.2301368788813116,0.8648643205557696,-1.2031688675618906,0.5433151081943549,-0.7355045264201886,-0.40477374522462606,0.37428164108772166,0.36537829967555696,-0.6437301598055638,0.3480700257951307,0.3643020252894471,-0.7089155386494927,0.36420250401884485,0.17074880449046118,-0.7550237332871297,0.16322471552611878,-0.7648831653724287,-0.45341579455105674,0.022761678343528234,0.29910235029525517,-0.6012964770809444,0.03508827055759822,0.20039330167566086,-0.5023979166869874,0.09685787272730327,-0.04908204470197891,-0.4213079954326591,-0.19434738448657407,-0.7123297144150272,-0.5452119271705314,-0.2869854349517081,0.0844895457868517,-0.674260968145134,-0.22944348030536885,0.03915319277762042,-0.6328166793425704,-0.15466969856106194,-0.18024305344682676,-0.5666463709884221
Z,0.0,0.0,0.0,0.368387133670994,0.210625057802485,-0.19623383702444663,0.6889785244702863,0.44592154023719643,-0.3831133240319732,0.7322764223774295,0.7668052009040437,-0.5713370375259386,0.483198023926224,0.8655961002116072,-0.7569650394922195,0.8772017518711596,-0.48895254745295896,-0.3776199604149023,0.9928503596109154,0.14300879235102318,-0.7439287391112317,1.1720199752531772,0.5527654158814689,-1.0302650985462731,1.3394427164007237,0.9179664395887169,-1.1927876119844338,0.5633063701663565,-0.7229452770471062,-0.4000450721172384,0.41003333841905526,0.4139081655426911,-0.6406401995098854,0.39090317036538985,0.44855115036208937,-0.7094372618334704,0.406265349440282,0.27691260057875966,-0.7552820828721648,0.17788387382995047,-0.7448786160433724,-0.45128176565215355,0.06835574096370017,0.3496231216348748,-0.6011514294074107,0.08615841436683201,0.2578352375851987,-0.49741895889379073,0.13474439110312061,0.011295370763744683,-0.40787639000397397,-0.18067118278744224,-0.6865439655945389,-0.544338096833603,-0.2440584383380946,0.14398670931683408,-0.6710212224336028,-0.17457885014558158,0.10501411891041951,-0.6183382996144599,-0.10541772967990028,-0.10872500474280072,-0.5398205011391992
Z,0.0,0.0,0.0,0.379555497172531,0.2213412336171869,-0.19083376827767604,0.7166822688983504,0.4693073574893684,-0.3749205782982221,0.7524831914681409,0.7906643146704758,-0.5601780149262745,0.4799305119597012,0.8789632444286292,-0.7425355803527043,0.8832195592777268,-0.4855412219569496,-0.40206783588089895,1.0074084046396048,0.09802302639848372,-0.7529831343493184,1.16364013573502,0.49166970960617906,-1.0156290636827445,1.3199824339332016,0.8395503248731437,-1.1652747916596013,0.5470961891955902,-0.7170407303497219,-0.431900857590258,0.40220847688967243,0.45414784016105403,-0.6753296591807237,0.38341932992325195,0.5274278989242436,-0.732509809773915,0.41155087846604244,0.3670234524964571,-0.7709462952717582,0.14580626977505734,-0.7392153465790955,-0.4867107907438141,0.05064595635627666,0.3711947157280418,-0.6463036165532609,0.06842215930241524,0.3041557861465439,-0.5428562676656637,0.11635040531469992,0.06770523639967223,-0.4544030521989123,-0.21826796602339704,-0.6799445338781005,-0.5807668333749714,-0.24623169320382662,0.1676952370353693,-0.7145184884683596,-0.18392370798574234,0.14481220306500395,-0.6600280434182719,-0.13571209487706098,-0.05786123772294557,-0.5814476612010138
Z,0.0,0.0,0.0,0.40566068999174204,0.16190322760120215,-0.18497498228180814,0.7387080847487589,0.41795848074866604,-0.38368373103625075,0.82678233623981,0.7748017886109808,-0.5913406085502809,0.6119427828724967,0.8831579085060678,-0.7966040486822826,0.9294470694163451,-0.48771473682956407,-0.37288563370631816,1.072124848150608,0.19677935962223939,-0.7460598471275343,1.21832045351765,0.6357922733409528,-1.0223602524272228,1.3392838522321397,1.01334964033678,-1.1756324819845902,0.5923677154475366,-0.6914818452514785,-0.413465049772138,0.5189759726422181,0.5107595163141139,-0.6711236055121126,0.4261772482571418,0.5313954155296073,-0.7240148107341521,0.3936034721007639,0.31770115709004165,-0.754033576989801,0.19541618341764827,-0.6998147010273854,-0.48484472622014435,0.1365575630031386,0.4337963695128582,-0.6648953946254457,0.1025611502744292,0.30761180423177015,-0.5569922135563524,0.12163553198799279,0.022215906160395642,-0.4590952879058088,-0.1758142222574558,-0.6347266090823699,-0.5957919419458523,-0.17586695919138803,0.23096507903410793,-0.7396461114892253,-0.1372122573702018,0.15545125243310964,-0.6851471126309985,-0.10785522407638398,-0.09340530417895028,-0.6043430992132157
Z,0.0,0.0,0.0,0.48542414354900165,0.17920465821895362,-0.1705372551294535,0.6975629445644662,0.40106626930185285,-0.459865364819197,0.6883194778130564,0.7820330432068734,-0.7597854151674531,0.5826113548932144,1.020863549285122,-1.0616555856459329,0.9723449073849272,-0.2924642084670587,-0.4881762696542622,1.1263888207849295,0.28018962098314903,-0.8355634334799489,1.2364559941111335,0.679285413994755,-1.0931057643767517,1.3326195561213092,0.992614863495693,-1.2690124591568144,0.679918048046259,-0.44988069505768924,-0.5790671879457301,0.702295309244645,0.5257953651574713,-0.9114625266920608,0.586176515058671,0.6651423080308017,-1.004412028044659,0.6002748374705732,0.5885500433173775,-1.0653225266115056,0.3743561551900043,-0.4495284449842441,-0.6832189054217105,0.3928662770142416,0.5855840622969519,-0.9172225234332376,0.32925132983074573,0.5846328100885628,-0.843870693880378,0.3658817972672976,0.3723240793894263,-0.7842430759202115,0.0944354125292488,-0.37979089589602755,-0.817651782760394,0.11237573888292332,0.42044320952290465,-0.9427495021225196,0.09772974726135311,0.414707374658625,-0.8720072437795923,0.1440525790303484,0.18952116011871742,-0.8159106230380607
Z,0.0,0.0,0.0,0.4351790566223792,0.1587372812451303,-0.21444229934127243,0.7733998970482132,0.4657394537886398,-0.44938501703953493,0.794612893482243,0.9107122147795123,-0.6834505607753222,0.5675931105034289,1.1226080597427341,-0.9148494945792877,0.9652852678323859,-0.3943803888864434,-0.4708664743409004,1.1445690219788505,0.3384831931229654,-0.8441016810562936,1.3383612277636965,0.8085601535896747,-1.1059353194574264,1.4918716527490081,1.2292765834239163,-1.2612701598667877,0.6133508523174259,-0.6026945114315438,-0.5104508378402172,0.5576808261907025,0.6709196778075764,-0.8013799984554986,0.4604559137093249,0.6410127734109088,-0.8345022436477209,0.4725345623878507,0.35536802159248243,-0.8493266912913394,0.20903515810344164,-0.6072300857087721,-0.5780826158414673,0.18705877613098734,0.584815870096072,-0.7986495106370513,0.1502868313731252,0.41426533338093807,-0.6647106402936179,0.18911807105996067,0.09826150968618551,-0.5442490538683844,-0.151506076440754,-0.5404830422273391,-0.6851074765986579,-0.09098904079865112,0.3454924405958282,-0.8761264645210497,-0.0593464387567236,0.23177644587001575,-0.8137092178495171,-0.04680498080867223,-0.04293679878167961,-0.7228820299875689
Z,0.0,0.0,0.0,0.4374948538442307,0.2561551721914424,-0.1852120234555371,0.813347443819716,0.600275599560226,-0.39073833183651296,0.8469469494913331,1.0264671506228977,-0.6087518664220213,0.5466995820254159,1.1490201322269038,-0.825236849673452,1.0060915496086278,-0.3676458060745336,-0.3853036162519149,1.1676454657120534,0.3768086677477595,-0.7768337994374257,1.3032341864830101,0.8709645616121091,-1.068526265114143,1.4194355269947447,1.302789815611676,-1.2301996029564857,0.6504165411039035,-0.6200240604799466,-0.43878068267004855,0.5407643919873252,0.6532988516394588,-0.7104562524623327,0.48019903535164443,0.672213471969569,-0.7731000517888438,0.4883889265901167,0.43440560819330215,-0.810359223745461,0.22209252602351387,-0.6740083173580101,-0.521597986939396,0.13055541121301875,0.5407003406420906,-0.7040961650388214,0.12054392787051295,0.40232268821983974,-0.5842097019382116,0.1706876848579369,0.0764158356882693,-0.4758838614465821,-0.17361340015125196,-0.6494046236973222,-0.6452631274783767,-0.19314319493998863,0.28282634004336465,-0.7759825969447114,-0.13633715956692116,0.22360676551854639,-0.692817438734967,-0.09188059894757719,-0.03753784223244998,-0.5897082049201932
Z,0.0,0.0,0.0,0.40058820077516316,0.21784613057872496,-0.16563181679955769,0.75212301286335,0.518895113687741,-0.34818536781664233,0.7816483019751372,0.8892078761166059,-0.5407627007024823,0.48728913141123675,0.9722767578411989,-0.7321371055782835,0.9537940232987447,-0.42450024404430065,-0.3555939097330433,1.0787113263243957,0.25627524162555887,-0.6811291941148555,1.202075528055326,0.6913775075735504,-0.9122247973642694,1.3410606384532462,1.032989097719816,-1.0457953270963933,0.6150302946442877,-0.6743313589996885,-0.408674632121195,0.46057199257523673,0.4988701875252973,-0.6530956393774263,0.4213532392713652,0.618161807679105,-0.704675435990259,0.4802759561070912,0.42258537793549655,-0.7331628331965023,0.20962089041195325,-0.731230331172794,-0.4839230771599141,0.09053262659513343,0.39979375826124386,-0.6623072777850112,0.10407022377547094,0.39036430819765244,-0.5663163772767833,0.19041855372423513,0.11504732029641736,-0.4749948721018435,-0.1490091377343571,-0.7127288319898022,-0.591941839510815,-0.20584941585740915,0.16543518039650282,-0.7147578300865072,-0.15360822021400306,0.2044420678170962,-0.6435703478213222,-0.09504770457934986,0.0005489748324693632,-0.5544590336501575
Z,0.0,0.0,0.0,0.41063347648476234,0.26388335417810216,-0.18325636918956678,0.7558863819179641,0.5465642652414361,-0.36582356521422865,0.7884747442073411,0.9334921714951457,-0.5582510238664211,0.509548612370792,1.0357530286190024,-0.749098814546378,0.9427812914557385,-0.4321599825232469,-0.3659824221334666,1.031100505885862,0.2873284286375438,-0.715147001462883,1.1789224147253254,0.7525761518070989,-0.9747264308519942,1.3267673017944244,1.1292148163430087,-1.12106601637274,0.6021283545869067,-0.6894449446803579,-0.40262527597899617,0.3990949925993501,0.5295840360624304,-0.6321822264290989,0.3793403128222689,0.5674881046432415,-0.6854239789076153,0.4155590078868401,0.3506232134584232,-0.7230397389586674,0.19534543787028127,-0.7557985641294559,-0.4659384604466258,0.03733120539049085,0.402152234677,-0.6214499143923363,0.05407846717200328,0.3334432329366451,-0.5174187098040332,0.11791176159236155,0.062254621792228154,-0.428166033233368,-0.1744013503255297,-0.7478840428169626,-0.5689741787374132,-0.28655581410445113,0.14511912301698376,-0.6936249318152687,-0.23979784688277833,0.1343252702760981,-0.6308676328113597,-0.18471607285243036,-0.0911416690524873,-0.5458862337430253
Z,0.0,0.0,0.0,0.3738290986491868,0.2499467732486697,-0.16652212889897178,0.7063217279602118,0.5255973491087469,-0.3317959040705764,0.753074798052802,0.8485755546968184,-0.5076683773107739,0.4796065596701641,0.916858698911596,-0.6817349496235805,0.9375088710771687,-0.4414297382671182,-0.3182242442545408,1.0077238430481108,0.24563972628117464,-0.6365768630997068,1.129904637612193,0.7018740515011169,-0.872780974080973,1.2686285350917654,1.062113481588211,-1.00782485150055,0.6176307501685967,-0.6990328627052351,-0.3603960506225068,0.3934092825117013,0.4348074654035163,-0.5748902419295417,0.3727515843030002,0.5529826847848478,-0.62903657424679,0.41702579081889135,0.4038070486681279,-0.666780325625246,0.2209254908262531,-0.7632633402102583,-0.42807385906122997,0.040735891096513654,0.33810125168012994,-0.5733189653966797,0.0576503504829405,0.3204928911172624,-0.4828896866722024,0.12746687222768346,0.0728176927145547,-0.40418273081602885,-0.14135564724668032,-0.7465679961937705,-0.5315668434480252,-0.2574491630986898,0.10319925367498296,-0.6430866753759897,-0.1973208091582649,0.13007668895481717,-0.586158072429065,-0.1273464555376287,-0.07553179889646797,-0.5099522088555449
Z,0.0,0.0,0.0,0.3483952592383347,0.2059925120822892,-0.16193005065564556,0.6480536186203516,0.46409739491410157,-0.33758080606359936,0.6795262880307149,0.8138165367056163,-0.525030783146952,0.4402216831004687,0.9066407745273697,-0.7115251644424698,0.9187910156532351,-0.40069996639473526,-0.3474040079986967,1.018458728240653,0.20148483409292933,-0.6898646260571859,1.140648307028575,0.6486279840415764,-0.9425609011724639,1.255951228993847,1.0334034653399808,-1.0803340250914901,0.5896598007958216,-0.7082743018352907,-0.3881350701562066,0.3331403163418896,0.40244839906939606,-0.6267480461456855,0.31659608060117606,0.5723741996379919,-0.6861034358462937,0.34728860886978363,0.48749017270267686,-0.7180934086740088,0.18824887267715357,-0.810482705653075,-0.45377372454391407,-0.026289280355834065,0.2901323094844635,-0.6075336831619589,0.014470836055578404,0.3184637045657803,-0.5189640896946299,0.09562754645990658,0.11338594707839934,-0.43706185539703457,-0.1748407338249807,-0.8172301223736095,-0.554737945344816,-0.33143837047347297,0.03631610992444386,-0.6661744208352951,-0.2719135572941835,0.10061595530815125,-0.611691553442247,-0.1876833199206195,-0.07312176337246337,-0.5339649524522074
Z,0.0,0.0,0.0,0.30810828530284246,0.19542250990421625,-0.16321522715069542,0.5984385351195617,0.44864542144038655,-0.3368230534384855,0.6639465380581026,0.7413678278731036,-0.5230187288520405,0.43313687846201676,0.7907163833396952,-0.699916170590716,0.9249303292509053,-0.4262612867381177,-0.2991982130447037,1.0241315194571936,0.14310730026415916,-0.6455471115321886,1.089818975442981,0.5929793627869894,-0.8953547362767773,1.1554595547409374,0.9664399460828909,-1.0235001129136152,0.6213098156658515,-0.7065431984352031,-0.33877842567409555,0.3870145542464381,0.3810731921954304,-0.5761343527741769,0.3306782747145725,0.527323089091345,-0.6298496678921748,0.3540007691943875,0.40062758569353685,-0.65026787277881,0.24114978960957362,-0.7894922203200444,-0.4096751826608463,0.038897945153590796,0.27211070614300936,-0.5684181815004316,0.04744973985159679,0.276921452044795,-0.4751424524422303,0.11138623796902725,0.06180495110514374,-0.3824911177683562,-0.10584756112185208,-0.7888576297398509,-0.5154061715788196,-0.24305459387631773,0.026526010155227115,-0.6209099531144768,-0.20575768379211842,0.07067352483016463,-0.5587940567551429,-0.14263543580736054,-0.1028614954565095,-0.4709186460381846
Z,0.0,0.0,0.0,0.31183557029840786,0.20867130899181852,-0.17564953758003662,0.5625002803827837,0.4667168195921551,-0.3592407539066315,0.5709160176553806,0.7753045135795126,-0.549540709492396,0.3241247513406399,0.8715971274345925,-0.7336679837210974,0.885420590491813,-0.45579454822169774,-0.3296774677656875,0.9353075697887756,0.1447815543565619,-0.6812825191236709,1.0060534073136886,0.6147844154182837,-0.9392346956561836,1.0769770646274428,0.997800564907608,-1.0766973879244326,0.5667692345940257,-0.7374348685252948,-0.36737235797047024,0.3139802816364802,0.31006526129751166,-0.6066429825773962,0.29094409045451897,0.5275490972825905,-0.6672209502520761,0.3281167416361691,0.45838658080316164,-0.6978563788488801,0.17618700233873708,-0.8210609140165015,-0.43525652820113386,-0.034576993976193064,0.23003228424941008,-0.5956637832889287,-0.00019871468009577506,0.3110336755432145,-0.5134628013632692,0.08331560710685114,0.14018425185417444,-0.43253488866026735,-0.17259137533751912,-0.8104085705269468,-0.5384586348464753,-0.3186524219636676,0.001858792468964557,-0.6411484968363124,-0.2737304312912225,0.09481163513410865,-0.5812263728912191,-0.19739830194672858,-0.052938699486030034,-0.5007730993697926
Z,0.0,0.0,0.0,0.30482304660108667,0.2071655282823835,-0.14564966804198426,0.5518318997752247,0.46404979116066924,-0.3160745897688075,0.5680292253431433,0.7473011395657299,-0.5012940482926233,0.3312610325052246,0.8206402418621648,-0.6836595340826044,0.9291570934892384,-0.4062188544959177,-0.28903635362176777,1.0561605467171649,0.1680475369887839,-0.6196664657864485,1.1130123140304031,0.6001570182073308,-0.8558274061940508,1.1495915343771403,0.9607757679002326,-0.9746030566649637,0.6287701780793755,-0.7026496115315748,-0.3330639376644634,0.3922095187075576,0.2901929707741801,-0.556058181899801,0.3333791554406176,0.5146511631074183,-0.6171834539556029,0.3319204266853655,0.4938019046165937,-0.6427685682649881,0.241731425959976,-0.8050289296173496,-0.40417120253542704,0.017989472132752843,0.18576146917102646,-0.5532100744668633,0.03280331016221274,0.26317393250628796,-0.48331909730129835,0.09578103544493544,0.13100653400930834,-0.4074846066139751,-0.11592707794803621,-0.817399908580695,-0.505409319102617,-0.26629809665633475,-0.06637556902352394,-0.6003877126662085,-0.23019905583325484,0.026948344597168623,-0.5455242048420706,-0.15748358746831984,-0.0859887218098839,-0.46591584519828827
Z,0.0,0.0,0.0,0.30367394903358774,0.18554265978012902,-0.1638959878501377,0.5458611909750203,0.41342251448886475,-0.3392116286019382,0.536938097873883,0.6738569198540473,-0.5248982052065081,0.3008929070177104,0.7725029160188419,-0.7059758686320433,0.9085427879299869,-0.4313704949084616,-0.3011743144077355,1.023758042836149,0.16444505828272027,-0.6373746156996514,1.0647583137121064,0.6153106457231637,-0.8721535784871106,1.1025145688725781,0.9644108142055109,-0.9919511730818817,0.611696051059352,-0.716823879007305,-0.33465126266505457,0.3966296684489391,0.2332771481018393,-0.5656105424392642,0.33833837983295884,0.49460550268397646,-0.6231344246497055,0.3501059113485809,0.47162160834220157,-0.6460759213999827,0.24206884866706185,-0.8173723670962362,-0.39698277176609587,0.03482322177884806,0.12268623049850569,-0.55346688229058,0.037243484289717306,0.23304996100777656,-0.479092307326342,0.0968570977876896,0.09054005664318232,-0.4011781834351293,-0.09160329624316879,-0.8259574793972273,-0.49061675265108967,-0.23294596691542388,-0.10230898807927831,-0.5882517062507133,-0.20700684045308093,0.009991832388700174,-0.5313537884807795,-0.14344865103671622,-0.10788107154299001,-0.4525667141797218
Z,0.0,0.0,0.0,0.31660802842014646,0.18077901543442088,-0.19188881202615865,0.5696091230870767,0.4252788000650501,-0.39655980916138545,0.5270909081575247,0.7310664207278469,-0.6060338704544063,0.2555039121697155,0.8455021816462586,-0.8157719247841374,0.9112016878794366,-0.42997948522882645,-0.3620348367934992,1.0152804023267494,0.26824587886869844,-0.7139056068581061,1.0860485540348577,0.7640097522026503,-0.9719538921955235,1.1738293241710367,1.131966730571435,-1.1193982863478935,0.5877817590485843,-0.7067697920417846,-0.39368650572119507,0.3959791401118205,0.314022932783817,-0.637341012716578,0.3760903280939317,0.5991739477592981,-0.7040148378602696,0.43814158022594596,0.5808748742609263,-0.7453904282289188,0.20068147104154296,-0.7952658611921174,-0.45377282062977714,0.023788587248811017,0.20244586833315317,-0.603584742037497,0.048694386571708735,0.28764018888903303,-0.5138445025285328,0.13516808002943265,0.09842881041123044,-0.44013126231245514,-0.13829048312266648,-0.7920238944314041,-0.5511596149320082,-0.2750484058211523,-0.021280249820610758,-0.649380282495279,-0.21503327712051637,0.06899031912633707,-0.5868848325916622,-0.11649219350933575,-0.09163576106656454,-0.5143799873685548
Z,0.0,0.0,0.0,0.30995423480942447,0.21564983848675043,-0.20493687740843966,0.5760177822966652,0.4258922848169536,-0.3967092799088422,0.5731976620464029,0.686168121185817,-0.5859779371868769,0.34733354287050033,0.7827352315037405,-0.759172680093239,0.8839654362892159,-0.4975713794635345,-0.33151271379653857,0.8225273794660511,0.18601069533359768,-0.6930410951154586,0.8067128918513037,0.6772055024720114,-0.9453741476665517,0.8557213406705958,0.965350426073931,-1.0783790621494413,0.5779659467746114,-0.7369723617948033,-0.3504669775021844,0.33154989744868324,0.24438945172158957,-0.5739774135326631,0.27920681524011154,0.3661552464224256,-0.6297522514003051,0.32834619018965766,0.15346421592765758,-0.6665030221223414,0.21438837237060493,-0.8039861151915657,-0.4060377156262127,0.0057043759215853465,0.1514327162529194,-0.549641085034201,0.019618596371248687,0.1882468564475162,-0.4653263933005005,0.11416687069629931,-0.05753682579687277,-0.39710897736772044,-0.11080262063168916,-0.79967290599878,-0.50013512713259,-0.25739770828553993,-0.054979170565918466,-0.6026610104005409,-0.21803816803598766,0.020749646989473368,-0.5548679686609321,-0.13789033826835367,-0.1536521286263062,-0.4915570656289807
Z,0.0,0.0,0.0,0.2971151503720322,0.19290118824263522,-0.22192588959290802,0.5532950485276296,0.3827619805056907,-0.42563249421232163,0.5648809104817425,0.6373794584301206,-0.6215224844339746,0.35699043194964386,0.749856747257555,-0.7968441267987031,0.8244119524214515,-0.4945593728668285,-0.3816604960698841,0.7557583906411492,0.1382490346836747,-0.7576366323754662,0.7239206503402511,0.6216558168209949,-1.00586745371599,0.7489913886095059,0.9234821012099255,-1.1325020179175156,0.5217901536529189,-0.7560312568085574,-0.39516044118729327,0.2607588410429488,0.21483149933427992,-0.6520126644142673,0.2189489570693772,0.3580414500796387,-0.7007001865029054,0.2779788073184685,0.1685886746164386,-0.7205174125237326,0.17364251906919229,-0.8394987090064315,-0.4453800732648949,-0.04545421584500682,0.13311409985145264,-0.6144746255770923,-0.018362334395037327,0.18615510003148728,-0.5146753045990315,0.09006477606323343,-0.05031628450982077,-0.42622232314035235,-0.1334917324215315,-0.8399818971799546,-0.5355670274728627,-0.2934952837245728,-0.08955376856244748,-0.6604881381452083,-0.24333032846305427,0.005225692921164725,-0.6114895229766999,-0.14633084520382683,-0.15328252021644925,-0.5395363127627513
Z,0.0,0.0,0.0,0.31503234592536566,0.21812852814265338,-0.21510583814930057,0.6137689895698154,0.36636196965667867,-0.3849020055191182,0.6550007368295248,0.6275982458839268,-0.5357691776841021,0.46184521728245714,0.7485470909353863,-0.6616050019662079,0.7917947171277372,-0.5530690889816525,-0.3721537161326614,0.5778138958798837,0.14701753306690993,-0.6526363153512713,0.5019233106075434,0.5662545947275232,-0.812210778133231,0.5329209996495722,0.7178252672018391,-0.9004356846021232,0.48993075695730665,-0.787041390553598,-0.37487825082645065,0.22110137565951257,0.14095822354789309,-0.55069751796173,0.22326899996635408,0.2645416017498865,-0.5754903775617912,0.31717623569931946,0.06625903400837431,-0.6054234171675257,0.16114386013282048,-0.865150960105586,-0.4047850268097275,-0.06551956712717663,0.04702433510176693,-0.522472683815179,-0.020568890927458127,0.09488093521741539,-0.4468509115823269,0.09787596090434995,-0.15255118104606982,-0.4010921183104866,-0.1358237826300901,-0.8713962549806735,-0.47113425690670885,-0.28893914519562147,-0.16457252740833425,-0.5705804419796635,-0.22973763290500782,-0.06689208458228045,-0.5435082890409778,-0.1257794061301595,-0.23208365529921007,-0.5105689401179195
Z,0.0,0.0,0.0,0.32266869458727077,0.25684448078350536,-0.2441805688381842,0.6333141954313208,0.40027287412730717,-0.42418864388168087,0.6642396800003558,0.6404611166114546,-0.5764919313731283,0.44112502852733093,0.759433187625641,-0.7022844397459207,0.7776991034091949,-0.5325697796153254,-0.40272804242297605,0.5484828646061296,0.20708034289288219,-0.6992333044685312,0.4339501927364477,0.6434075720985336,-0.8789309270709743,0.4220183559011343,0.7648396425858995,-0.9821026451762294,0.4745380367661584,-0.787648026845956,-0.3929684942432312,0.20932620021227033,0.13599022321794643,-0.5745209256057348,0.21875665367595057,0.2767392043439367,-0.6109274342350722,0.3116556974218713,0.06791019653431578,-0.6553053698987604,0.14868531968983592,-0.870713709739477,-0.41241316790797805,-0.07323446931887133,0.045090099850168625,-0.5231623851840006,-0.02306957131727866,0.11008195071522296,-0.45273152858006904,0.09512089059592299,-0.14275180564549675,-0.41869912831391265,-0.13837741045469545,-0.8664125171992425,-0.47177197720838626,-0.27891996010608744,-0.16559454634955256,-0.5588984063359136,-0.21660020119378795,-0.061520288364576396,-0.5305287191087664,-0.11793200775493395,-0.22654131634782193,-0.5043626756725139
Z,0.0,0.0,0.0,0.3208162952820974,0.25933729932275934,-0.2408944239980269,0.6241529239939119,0.40357812418386935,-0.4191688809767423,0.6524648120683255,0.6402331591556168,-0.5674189455355612,0.42871800014893047,0.76035397165012,-0.6892429992871756,0.7498724346254424,-0.5432565498023094,-0.4124953728377967,0.5081769180757526,0.16465793588560373,-0.683642793770938,0.40065487826931473,0.5826870614307679,-0.8406301631078362,0.4056021940870473,0.6608587747624588,-0.9348956293889871,0.44870156946255274,-0.7983261182054002,-0.4016743837400377,0.19035622291029336,0.09750662333362363,-0.5707024550813233,0.2087346764908665,0.2709754338277855,-0.5982236498223498,0.3109665932721196,0.08026142716821084,-0.6401735756124706,0.13330775482531174,-0.8850688869758403,-0.41615091329763215,-0.07692195009113272,0.007209357135558854,-0.5233822234170691,-0.030334596473788975,0.1029822026267832,-0.4596587884390675,0.08407859757947482,-0.13476709240120605,-0.4337752396469463,-0.14105889322405246,-0.8842245601176559,-0.46800393149684877,-0.27189386539294247,-0.201972865105292,-0.5530112205451363,-0.2156984766905908,-0.07843428906505863,-0.5291648218177255,-0.12365323411047058,-0.23311318007943313,-0.5103223385661289
Z,0.0,0.0,0.0,0.30995109968769524,0.2692954848851215,-0.25231115179995584,0.6087322688428555,0.44652570872236824,-0.44559094478538974,0.629233020060107,0.683736940018573,-0.6064158452693358,0.3903855376001308,0.7612499025806407,-0.7386138654675941,0.7694341644316229,-0.5079604721044779,-0.44696567115428787,0.5002730782731215,0.2163195019651494,-0.7341414714782931,0.41120880697375917,0.6266615050303538,-0.8919208250601323,0.43890774453622106,0.7059586931117646,-0.9837008039624685,0.46283323906282886,-0.7715014418146052,-0.4365442911052621,0.17447631053565207,0.1553800551022139,-0.6212980800230538,0.2024536454603984,0.3047115856938549,-0.6400370539931214,0.3148509320514128,0.09203810978997169,-0.6714157627516718,0.13651283992294355,-0.8645342573316106,-0.4531519882987187,-0.10171287873105284,0.05072204063890634,-0.5719792260894547,-0.03796085245569642,0.11475828240324072,-0.48698541319365013,0.09165401645942181,-0.15059755496014876,-0.44189754947596055,-0.15041651425120237,-0.8698584250688415,-0.5093621708788347,-0.2982164229907769,-0.17940620322061945,-0.609202291596025,-0.22840675713969444,-0.0783364214267559,-0.5803011836055166,-0.12010048633322151,-0.25545183423058404,-0.5521710258862874
Z,0.0,0.0,0.0,0.310863495581872,0.29039597745984824,-0.2557262467479417,0.5871836872073622,0.4916052886368414,-0.4480115886248166,0.5587806486269912,0.7595370211808967,-0.6060025340605317,0.3303123242266026,0.8623649225717244,-0.73602871891862,0.7997233221500443,-0.463725659051243,-0.45734886317607676,0.5101692121770408,0.29221806893196617,-0.7441747559456966,0.41992320425607566,0.727211297566781,-0.9022859681652468,0.4465639865741376,0.8411967758883347,-0.9943090420599189,0.4865609419042723,-0.7519361604425265,-0.4448038448936546,0.1733304767436846,0.20438395669409143,-0.6281431519943688,0.1901043136914313,0.32930516445751196,-0.6502312401800597,0.2871417173197319,0.1082226121010978,-0.688921611206969,0.14891254265180887,-0.8641776710044369,-0.45913507340111664,-0.11321179514356078,0.07788158860236788,-0.5787096274707829,-0.05927413047430088,0.1297660706652815,-0.5022226365907195,0.06706930655349531,-0.13719001001916717,-0.46601383646629585,-0.14422780354230996,-0.8816660516786213,-0.5130079828557745,-0.311617101164547,-0.16964295799965368,-0.6199413549129686,-0.24682530955716284,-0.07414437284022332,-0.598421502432389,-0.13807710179249535,-0.2624718193460201,-0.5767977334869336
Z,0.0,0.0,0.0,0.31066683520738675,0.2890888905025873,-0.2538528720309865,0.5762533978565856,0.48371868484108244,-0.44758334110426,0.5360549115678154,0.7387106868784487,-0.606210767684121,0.2960900578272131,0.8317833049409683,-0.7354759155419653,0.7708079675517457,-0.478757179988598,-0.452279263888035,0.48064092229091765,0.24044414218242266,-0.7284585798037395,0.37596964116955567,0.633929597316686,-0.8768147163494245,0.37847686876247816,0.6967415883353874,-0.9639050213799691,0.46317962176904237,-0.7702421219229191,-0.4383967513492385,0.14939418777653748,0.1697919848300549,-0.6191636208645068,0.1865013320016058,0.32503923602410995,-0.6363354530510552,0.2937168668715058,0.1290628228755757,-0.6681903540618662,0.13276573152015722,-0.8847111686028142,-0.4506320395876818,-0.1245909620651629,0.048166436821764205,-0.5681506640000765,-0.056766567441798456,0.12253645005303854,-0.48787595589154104,0.07289238630862188,-0.1296849404453906,-0.44640700353231566,-0.15356348920979623,-0.9003080703020846,-0.5016034763567648,-0.314329786866093,-0.19421009944529088,-0.6039703433391829,-0.24545459190024588,-0.08381588376994674,-0.5793026196801534,-0.13377188554834882,-0.2586692170700035,-0.5533975971797755
Z,0.0,0.0,0.0,0.2505068331425461,0.26164043459704894,-0.3010666284117156,0.47503366205878816,0.4282110074832859,-0.522712924100408,0.44904857283524524,0.6135083068676584,-0.6926589934870984,0.24822385771552516,0.7083608320298166,-0.8296418036893617,0.6351148368020734,-0.528141373221532,-0.5357574486839546,0.28854270665589893,0.1090630207792542,-0.7995704483513102,0.25663472564846046,0.36719744394671877,-0.9250981251903277,0.31977212303179503,0.3242687672568034,-1.001295584648772,0.3383762445965046,-0.7991830260470937,-0.49679775358889955,-0.0068098471356159655,0.06443068168108682,-0.7052285887451961,0.06466675738623208,0.21071023225192725,-0.723755164102013,0.17667606323233295,0.012556929848308388,-0.7451519379003246,0.0363867335754953,-0.8914167776312345,-0.4794508505081924,-0.24137879226569925,-0.04161863073459791,-0.6226208311008492,-0.14582359581842189,0.04212223379447697,-0.5386171475478172,-0.024310995132568743,-0.19117593285896683,-0.48703432347373293,-0.2373655994448455,-0.8818008595193029,-0.5011056879163766,-0.40264307636656127,-0.27970347478889673,-0.6184612091928391,-0.3195464998209741,-0.1688550549791064,-0.5980614715198079,-0.20392505676958136,-0.33110978354216136,-0.5713440956105601
Z,0.0,0.0,0.0,0.277458828602419,0.22126073728836726,-0.2543141845392645,0.5324781905934903,0.34736115573178467,-0.43182976164672593,0.51068963980751,0.48641211798219597,-0.5697599142461776,0.2868015932480448,0.5417094281855134,-0.6770801264254603,0.6607493835243099,-0.5865872442757853,-0.43501503201612757,0.4238834234134775,-0.05447584549464446,-0.6775030075949013,0.3572531771522484,0.34121878929046073,-0.783873238289636,0.38297831640955077,0.39658387219413105,-0.8406612686176111,0.37505393756416766,-0.8318067482713234,-0.40918464957510414,0.1024848906733361,-0.06639229705504501,-0.5960798799717557,0.1035699986339313,0.1969679479866001,-0.6099785899231097,0.17699529595485536,0.04632822635331875,-0.6200766757285063,0.07553286073203548,-0.9053391972105251,-0.40464127200913913,-0.15292425743913296,-0.13083594278620714,-0.5363536517286873,-0.10246124470370749,0.042693822202526294,-0.4621161525887677,-0.0006454232576189573,-0.1519154868608034,-0.41258608506843353,-0.19683649873811346,-0.9005550776073176,-0.43211355982945365,-0.3488592303115632,-0.34041333681318986,-0.5321855841098002,-0.3004652399186418,-0.15852332514521036,-0.49860667808571046,-0.21207902590044825,-0.26358627816864627,-0.4595091378900281
Z,0.0,0.0,0.0,0.26119620088562523,0.23286897789027436,-0.30443619703497526,0.5065215649351764,0.360934005035049,-0.5154614418287334,0.465170069884334,0.37542554650368715,-0.6723703296256592,0.28307856953036503,0.32076344402529283,-0.7951856650875769,0.6607440964116712,-0.5865144003939504,-0.49484302853348444,0.4936790331554136,-0.11819346619115091,-0.7556322655129974,0.40094683395330666,0.2311514693261128,-0.8734870987839222,0.39668848720634736,0.2143967787426264,-0.9406168360114076,0.40585961358228956,-0.7983659758293735,-0.4448479995468638,0.1902535274899412,-0.10967039290002431,-0.6646997567364555,0.15806484828973055,0.17765619817918699,-0.6977037488364423,0.22316589394976266,0.010698919917864992,-0.7180318393863759,0.13767593980457035,-0.8510956713113359,-0.41796324030577836,-0.059474568190750976,-0.17021903352862705,-0.5848403933508495,-0.0310581119791878,0.047350519099192405,-0.5269252658539612,0.06153776102994758,-0.10903006272761842,-0.4866296272410476,-0.10633568968832746,-0.8356706647775229,-0.42272021857136516,-0.24042979308408993,-0.3403188655831041,-0.5484904914217018,-0.2151652924720936,-0.14853578171253787,-0.5330055063996634,-0.14035755324944524,-0.24124800207601968,-0.5072359105271314
Z,0.0,0.0,0.0,0.26476046941527337,0.15890977334434536,-0.24039164113740497,0.5085958343994037,0.25120492049751136,-0.4087879203317784,0.38744784959168865,0.2237910303699738,-0.5353620605234721,0.15745794788891224,0.13988617553170807,-0.6303230193469674,0.6038189395533318,-0.6531637003217414,-0.40606709576097294,0.5310808583976689,-0.30951279993442576,-0.6153558080130372,0.4217486948650068,0.010458809567624018,-0.6928120401941734,0.38097234425897897,0.02987743783459472,-0.7366163137203362,0.3444882071958793,-0.8601662583307566,-0.3760876003436368,0.15444217851372521,-0.24153037677076442,-0.5688461634301749,0.1380737680804694,0.08047288691390227,-0.5922307509722171,0.20221583201469645,-0.005029796893276797,-0.6035516976041427,0.08380867281036672,-0.9057819734635263,-0.3646146136692834,-0.09570578600858115,-0.25981317175094765,-0.5128337344908891,-0.05125471852744219,-0.019759893370143805,-0.4614516854461781,0.047565513982856716,-0.1424822049274027,-0.42520381812608893,-0.15196156755150939,-0.8738482524082084,-0.37806633428914604,-0.2758298537641878,-0.3871515767509386,-0.49183727828758494,-0.24132569819591318,-0.18091412866427342,-0.4771279072267715,-0.1607042321828464,-0.2611214083044796,-0.4512651233340925
Z,0.0,0.0,0.0,0.24012075738202543,0.09290104762302652,-0.23015028313342495,0.4327698414867465,0.10315520308055567,-0.3824729783862246,0.2951688913994253,0.03224294897564086,-0.49154757585426084,0.09033340943099358,-0.08625652386222299,-0.5694905242806968,0.5342817005402974,-0.7152890415178076,-0.3414111597317563,0.4399257390019368,-0.32157460624092293,-0.5327629108552397,0.3238469538818494,-0.054757012274073744,-0.6233450938905243,0.2502024631577084,-0.07319981789423947,-0.6799731365765384,0.29325193462177174,-0.9057621469214575,-0.3059382879680479,0.08783504292824373,-0.33037106857793114,-0.4773791530714587,0.09598401993683753,-0.04773034780007359,-0.5097699905031067,0.15516108014013244,-0.11490484884914741,-0.5289228135683917,0.049637855280091785,-0.9376404641765791,-0.28967441395446447,-0.13135162930409267,-0.3686127929892029,-0.4190714629906861,-0.07138138394046092,-0.1252204247413067,-0.37501181992131993,0.011373271906157886,-0.19936308799519675,-0.34527387280081256,-0.16426026740212205,-0.887083664701444,-0.2985358054726513,-0.2744267103678907,-0.4592913102242779,-0.3970157601077001,-0.2260240728331097,-0.2590016352197738,-0.3828994126820872,-0.1527374047767801,-0.3132613087256546,-0.35850375799200385
Z,0.0,0.0,0.0,0.23052383052275166,0.07340253644830942,-0.20788396533218073,0.4336809690372358,0.06345226370089649,-0.33887710251363706,0.35007731031547584,-0.029160500172232057,-0.4339447360212402,0.20144098080753672,-0.16651080385832556,-0.49651541233047913,0.5330957201957022,-0.7324255447835573,-0.2758182712369135,0.4319259861017798,-0.4296419061693083,-0.45213036291215614,0.32980021517536307,-0.17175730379724607,-0.5340078134245534,0.27985940635167506,-0.1522333079477071,-0.5829851852170507,0.3097001740914985,-0.9183956357772408,-0.2462422757225351,0.081046563086691,-0.40314589056206246,-0.40533911307310955,0.08042742460228328,-0.12401604054324854,-0.4360748229817726,0.13975299331487748,-0.17392325590680857,-0.4515673970987821,0.0784312984479169,-0.9470165754156962,-0.2378337053002472,-0.1314481805622164,-0.43209780838964745,-0.36377636175941086,-0.07965160842268852,-0.19265298670930547,-0.32363300297517655,-0.0035756383318997875,-0.25288454625949036,-0.294518211937217,-0.12673311814827115,-0.8865049785790348,-0.25288312798370377,-0.266445014545738,-0.504506033489415,-0.35028779586886744,-0.22475904131886493,-0.3069738720527523,-0.33807777779585846,-0.1546754423565184,-0.35092155251836404,-0.31321631119272864
Z,0.0,0.0,0.0,0.24688486892398284,0.08363026347337058,-0.25779013339404205,0.43115065707199723,0.050945101387314715,-0.41851102547036706,0.24296296850622867,-0.0635598143228778,-0.5321274285902996,-0.0010256484665434548,-0.17248207255552597,-0.6138333893464246,0.39999162580067615,-0.7947588181977298,-0.35698036832015334,0.24060817808709747,-0.45963284004275723,-0.5582701883358865,0.2566469906160013,-0.22106867064463237,-0.6457002741380959,0.31030703169292756,-0.2767146894856962,-0.6937177703731043,0.16191906909516945,-0.9359043288564325,-0.3128343048502583,-0.055352288851851984,-0.44164957898976354,-0.4977381581433772,0.009093734701117571,-0.1749822153148243,-0.5259043338504626,0.08288411229291005,-0.26021492989507033,-0.5319967902524011,-0.057846312236375055,-0.9284375915183114,-0.29129994998808245,-0.25195061112556866,-0.4381316948212156,-0.44598419917341064,-0.1671217752804889,-0.20749465976677428,-0.40480610122653066,-0.08782719197091113,-0.29269698374420394,-0.3657052216092574,-0.24448043593645016,-0.8467644278607008,-0.29538803612304754,-0.3732135168122727,-0.49674622924145406,-0.40054096576520304,-0.31400904716089245,-0.3093653355477389,-0.3838363102551363,-0.24693258629582576,-0.35849305138382503,-0.35364592788082294
Z,0.0,0.0,0.0,0.2559770295943233,0.10110230661842032,-0.2832554487641822,0.44578355720781093,0.07420815575132646,-0.4543534075161044,0.2529998741470343,-0.04267103530508293,-0.5714532596349544,-0.011746091493871904,-0.15493985995723955,-0.6535957101555028,0.39083388876272074,-0.7873224166847967,-0.40221160079843954,0.23600723812767643,-0.45679434305507155,-0.6149648325362628,0.2313608001256654,-0.21224569742051833,-0.7034697579537156,0.24531981477355114,-0.2820595001433984,-0.751088359733634,0.15644453116296084,-0.9252614551447256,-0.3455667059956242,-0.06942069167577194,-0.4176691458096285,-0.5431369513420115,0.0049186398281716726,-0.14640878835048965,-0.5691327806880094,0.07403667692506014,-0.24598790238510898,-0.5722225905098358,-0.056968984234982124,-0.9192422153741827,-0.31194520214660937,-0.26449866709089026,-0.4143859367290519,-0.4762230622892975,-0.1632837060979325,-0.1766345674813049,-0.42663453506103305,-0.08409031679949598,-0.26562833241683975,-0.3797030625341814,-0.2404124126354503,-0.8405306593796483,-0.306086203512262,-0.3801533661403202,-0.4783387985007822,-0.420481518220727,-0.3162722313533631,-0.286180680187283,-0.4027211121167754,-0.24978561731294183,-0.33926600197592743,-0.36903426318105226
Z,0.0,0.0,0.0,0.2522542033476067,0.0886210038206413,-0.21757858282147277,0.49160416848191185,0.06979630492125995,-0.36056238800695845,0.3522769972898653,-0.025894541607013325,-0.47350280571244213,0.09297610077985252,-0.10586159212217357,-0.5649973000924012,0.44901568028854655,-0.7712874584436826,-0.2885082745647078,0.398542996673898,-0.5346951296262534,-0.493200618824476,0.40586819448776384,-0.38868214253817474,-0.5967355041242619,0.4364842491686065,-0.47001402206941256,-0.6552505953895289,0.21142834709165442,-0.9415428481227465,-0.26228823685975244,0.06145948618319839,-0.43679754914878,-0.43709592069769704,0.0849265210308666,-0.15874509494055963,-0.47206256314719314,0.13280553243884324,-0.2603390755014308,-0.48416452049558073,-0.014077834943203416,-0.9440425729418913,-0.2581913886999283,-0.16265246833336247,-0.4366995541413821,-0.4065375268472943,-0.10621139169205901,-0.19269724052542553,-0.3630476266076184,-0.044558258852937446,-0.27681033198401483,-0.3218502769594908,-0.22046036229524146,-0.8676566008492489,-0.2774688529378378,-0.32271488601467424,-0.499869408258048,-0.37330891106704933,-0.2614303706272935,-0.3003528513917294,-0.34547666021049295,-0.19523602132577966,-0.3447819414631765,-0.3068683315567296
Z,0.0,0.0,0.0,0.21983442261604427,0.12108164576271233,-0.17666543837497511,0.4919166795622158,0.1732147802454716,-0.3187898059637885,0.48310801566414246,0.128846161876688,-0.45018537338391196,0.2792133960792957,0.0961911469287806,-0.5664343401436256,0.5673485760163279,-0.6553262027454306,-0.24388371588642782,0.6024579465136312,-0.5410535570128352,-0.48594360376157375,0.6863262853225673,-0.3974619872097732,-0.6330064238352217,0.8035768613899271,-0.3456854333819857,-0.7155062639142662,0.3468190028101747,-0.9045296318721834,-0.24807806101090119,0.25689384850737357,-0.38069084726831365,-0.4449173563238576,0.2047302221919118,-0.08310383114858685,-0.4817064239317042,0.21828502674395378,-0.12312538849763255,-0.484208373598207,0.09409653180976604,-0.9430280194850381,-0.27871980530799456,-0.008379566397451571,-0.3234943306804633,-0.44621294323617305,-0.009592446188421153,-0.11026810436725666,-0.39456542673667455,0.04406433199684049,-0.21256441135366883,-0.3366092606431671,-0.14979452490962022,-0.8886748267995037,-0.33277791446746624,-0.22363523746185004,-0.39278836340145457,-0.4400554888955129,-0.1912670511267478,-0.19661007335558725,-0.407474807664116,-0.1310819399621258,-0.268148020583696,-0.35738028128123633
Z,0.0,0.0,0.0,0.20986541942332046,0.1124766207131843,-0.18023874549608895,0.46942293672815244,0.16945589964067062,-0.32447016436033804,0.4780663391215472,0.14194196245327068,-0.4568647909306941,0.28994557765313694,0.0792892565656291,-0.5755958928311335,0.5582890715855899,-0.6590310942617336,-0.26399540834575813,0.6032076620822141,-0.5093580118462319,-0.5063974561381215,0.6871413385503905,-0.3630200105043193,-0.6538371163856008,0.817233262792737,-0.31742483462140075,-0.7387423206592985,0.33751110376401067,-0.902937878228836,-0.2660628551594659,0.2447570915622173,-0.36535723249489493,-0.4649275806275567,0.21297347350682413,-0.06614866464444542,-0.5040181281870438,0.2568608091538594,-0.0969180468466775,-0.511290096498004,0.08214539739068574,-0.9519651113536686,-0.2929236682893738,-0.024080996884350392,-0.3188470447191214,-0.45992825042685953,-0.020268982519354748,-0.09995786438789947,-0.4105336237305537,0.04587550765426873,-0.18818899801069197,-0.35652616663686276,-0.16380719839230687,-0.9111357361402738,-0.344036671746474,-0.2435105303521583,-0.3953288091004264,-0.4551113526289096,-0.21329338247269772,-0.19844792061217714,-0.42959329416410674,-0.14826997854961999,-0.2638774523792585,-0.3858393408876609
Z,0.0,0.0,0.0,0.20617915127668252,0.0838361481928023,-0.15482960730462839,0.4679204463111506,0.14591869112347183,-0.28764775007010523,0.4776999957625955,0.13628604477537484,-0.41421373307929205,0.2865319201683412,0.10899144817333793,-0.5320407975490739,0.5726859280675205,-0.6517406223943217,-0.23949063256592723,0.6358783158723842,-0.49847693753543737,-0.4591153123454997,0.7359600101116821,-0.3973377023840164,-0.6010640681749813,0.8738133979973917,-0.3674191903514119,-0.6897994348644355,0.35116379695403255,-0.9018962669660745,-0.2515295436752635,0.25988595726877883,-0.3223585198672379,-0.43779942990174914,0.22447504492276216,-0.06805875489323952,-0.48297084272536994,0.255328409561397,-0.10303654523235249,-0.49952674175668565,0.09045001648309112,-0.9463820781634112,-0.28436147921861854,-0.009024370641047727,-0.28786098967368534,-0.43441952850087584,-0.0052189345364107185,-0.11729841508770654,-0.3919908046883591,0.054632134111206286,-0.2299981173126975,-0.34857399607384615,-0.16434841188238158,-0.8942130732289985,-0.34007609548312073,-0.23489443003367882,-0.37168438473993326,-0.4467844514972572,-0.20326175250338255,-0.20335263870908019,-0.4278835914997532,-0.1417776379288785,-0.28252017399109036,-0.3918176285299894
Z,0.0,0.0,0.0,0.2597803797932434,0.006577978901890424,-0.1231321562043101,0.4975221853563699,0.0350614839485449,-0.27286596676457914,0.6082910884473711,0.17711605808307687,-0.43276536046567493,0.5642351801029344,0.30767174328785246,-0.5944595651917391,0.688930972240687,-0.643385027292854,-0.25021198141935785,0.8785542300306389,-0.471899638947118,-0.48422349164562334,1.0739043328022608,-0.3789304626568434,-0.6524593121953334,1.2749462768447195,-0.3132271380548086,-0.762929664218691,0.4541699195680586,-0.842160735940228,-0.29068020056439514,0.46274769785247505,-0.1485861646235216,-0.5141280878797968,0.37368500365959817,0.07231222911252574,-0.5643044205516234,0.35300494723586207,0.029895887786696662,-0.579165874693446,0.17063901221145414,-0.8590413604501835,-0.3504140755821257,0.1732838314305057,-0.14510890278615113,-0.5329815793054478,0.1563248733734905,-0.014527219679639903,-0.49036201255167233,0.18958502558151719,-0.1290128031932762,-0.4385153571735638,-0.10524732258839403,-0.7942272320558775,-0.4308416006977024,-0.08585900504697273,-0.2579151577844076,-0.5568188090214925,-0.07423675352466697,-0.10725052038944762,-0.5304690435275804,-0.04323586995374335,-0.18006860409979644,-0.48560375933058036
Z,0.0,0.0,0.0,0.26000796252508696,0.023229856388633483,-0.12043517876384116,0.4982083636019813,0.06518679400689419,-0.2701128551057246,0.6143949538659901,0.1862146476499069,-0.425548689207109,0.5853862081622973,0.25009497209424514,-0.5836876383409115,0.6881526562530943,-0.6363826127538809,-0.26353656402640857,0.9256635317275286,-0.48648761544309616,-0.4886975161880406,1.1418099668554003,-0.36437408966359813,-0.6597491719357925,1.3533803668487954,-0.2664675591122257,-0.7756282653235936,0.45965445359428775,-0.8332981347374897,-0.30713515255333,0.4918464469821364,-0.12747303565164453,-0.5317507672933902,0.42863512856379543,0.13672617755342284,-0.5993966036019254,0.40957939494421064,0.13969490239274054,-0.6302105632845133,0.17825712198098514,-0.8468788722735962,-0.365402079762614,0.2068698907339293,-0.13259241560419352,-0.5424802588050103,0.2130693465748374,-0.0015530436466623747,-0.512042265246538,0.25134259625983757,-0.11163904511999286,-0.4747560750227082,-0.09448722294625632,-0.7728900278805517,-0.4421582688540708,-0.05371346784849828,-0.2530696323482422,-0.5629144500880473,-0.019720669646944848,-0.0970765899959274,-0.5345883618641142,0.022820651942313728,-0.149515300354585,-0.49195334551456066
Z,0.0,0.0,0.0,0.3132245403007578,0.01547633134042001,-0.1039404585482136,0.6030767005781701,0.04038285110808698,-0.24033065399686201,0.7208631222054225,0.18653627755219834,-0.3902783198260616,0.6377407356311402,0.31872318288677626,-0.5440461075014502,0.792922309606731,-0.58835441160449,-0.22153161857517725,1.0449821080327761,-0.4045975652750482,-0.43428803707078417,1.2554032383381182,-0.2666487064501853,-0.5709107217262716,1.4686567726366033,-0.1761841558605369,-0.6591446786808082,0.5500500946725468,-0.7878169078797058,-0.27710902729716563,0.5883706312801132,-0.037938856581198194,-0.48993657942336494,0.4818479116244963,0.2321470407031882,-0.5215655076753366,0.45704060795771617,0.1730280485538917,-0.5177053974267466,0.24676269393713254,-0.7889723009432504,-0.3502739781428579,0.2804597602433726,-0.01974555702414511,-0.5433235985998183,0.259243389229733,0.1250426558717635,-0.49121439652791693,0.2966362984314426,-0.016163424407778886,-0.42204257021215585,-0.042555424892897535,-0.7169022429082796,-0.43891133482236977,0.0105050007618975,-0.1920568339552822,-0.5660923564928555,0.0515714939425299,-0.01769566610495288,-0.5187780097522036,0.10188544537503683,-0.051584435173080354,-0.45192719313566676
Z,0.0,0.0,0.0,0.33278761955904995,-0.003211118838278027,-0.08230371990187614,0.62462396614802,0.051200662003944596,-0.21735690891174353,0.7472431401733175,0.22773828855832154,-0.36839269073466296,0.6515239930149824,0.37267384154908206,-0.5282906672229166,0.7774018247887337,-0.5775819721278161,-0.25608766629633717,1.0711860109501072,-0.34438729303401616,-0.4707291196453596,1.3050273986144094,-0.1890565052208145,-0.6236770868580508,1.5286837990137268,-0.06571456036873354,-0.7302522374833029,0.5294465831735731,-0.7840319779252654,-0.32400643999220907,0.5841071808777338,0.04937445028474514,-0.5351334448624131,0.5015279678840552,0.26510566587750106,-0.5847282335110193,0.46641447308354184,0.21665939038992074,-0.6093062985521018,0.22717984090784335,-0.78206458461245,-0.4020405071168276,0.27921575259396797,0.08407067902839616,-0.5786283186150597,0.27436803950085137,0.18047456588537414,-0.5328009885978716,0.30108042221670556,0.05580135215626182,-0.4810727343870346,-0.06450456056067849,-0.6907866480172015,-0.49555909606234444,0.014830704837883858,-0.09647707883943704,-0.6176255181367792,0.06262058458081281,0.003568109144879886,-0.583104510640351,0.10209958647235938,-0.07142102351094717,-0.5336184336127501
Z,0.0,0.0,0.0,0.3229149139419306,0.05642189858168059,-0.1166653681097345,0.5963248775689679,0.18876435639255768,-0.2935736026840305,0.6842337406988721,0.459032376211717,-0.4833585117354135,0.6166256113389997,0.6820997864857369,-0.6812451248859246,0.8347284520238004,-0.5209019334561634,-0.3223443689808118,1.1020333554003807,-0.1159751408859196,-0.5859376966497587,1.330195284457723,0.14086806717385086,-0.7792638684638601,1.5179345733403007,0.3592930326736414,-0.908517922712617,0.5564326342559356,-0.7381088706335822,-0.38154687605459187,0.5681757621091587,0.2652926538467442,-0.6158995248481567,0.4449059958424721,0.5068246275559908,-0.6594155251064178,0.3587614580246514,0.47440053694636464,-0.6839167880566839,0.2127068083634987,-0.7508487991025995,-0.45560739021977964,0.22097762308304966,0.22335753853517468,-0.6298506112138756,0.16490317174240018,0.2291314442683325,-0.5612956390477245,0.15008366357197966,0.013555938740749741,-0.5031786101553523,-0.122162057350789,-0.6809783367184992,-0.5519260960401162,-0.07092183380950302,0.03391791744818365,-0.6718749439102184,-0.05119880468938905,0.06726225250185151,-0.625885737634126,-0.030514897464841567,-0.11264396592529921,-0.5719659499325602
Z,0.0,0.0,0.0,0.36758137617799647,0.08660672857317281,-0.15154505705554422,0.6817255941780279,0.23529663999100525,-0.32714847426795407,0.7830713161903737,0.5109268932514913,-0.5118523044171394,0.6484783923638527,0.6575153680582008,-0.7008224450309982,0.8554625145941718,-0.5521743221185346,-0.31719069814400286,1.0752117167289423,-0.06888521185259106,-0.608732274064219,1.304958009613722,0.20580268778228028,-0.8347101502796886,1.516792997913041,0.4534744544832323,-0.9795797577044795,0.5652371554345526,-0.7425173813616641,-0.35940909350219924,0.570030745880818,0.3107451991623631,-0.5929787337711242,0.46783846222513087,0.3835083897639896,-0.6424806375773194,0.40901998987632704,0.22845709245668344,-0.6706610422291203,0.21757931416964796,-0.737365568815022,-0.4252935217267607,0.22051753365925522,0.27298439888344245,-0.5907533163912775,0.18815341418166306,0.19946285508881811,-0.5024234297536467,0.1991365636491993,-0.04024660221891579,-0.42584971392383575,-0.11039427257121855,-0.6529403030714965,-0.5231755653134037,-0.061277532360414284,0.0944983913794643,-0.6585872112384178,-0.03309074157646196,0.06637306711747075,-0.6168698528500031,-0.01359827058360045,-0.1349469550276732,-0.5551652479019531
Z,0.0,0.0,0.0,0.3274997800855968,0.14815152306493987,-0.16203048036746664,0.6398087961451135,0.28660467377076637,-0.3325316112531803,0.7772187453097631,0.5802812270594814,-0.5052819671753848,0.6439359609217532,0.7797979063410789,-0.6719353151029165,0.7650468632806035,-0.6578215080307073,-0.2861064749739309,0.7611069127161337,-0.2657643088521504,-0.5358992034145376,0.7775711982509588,-0.10666223349432863,-0.7137425624452689,0.796020884166764,-0.03935639988929854,-0.8272143431275135,0.4741909900350669,-0.8189913918312997,-0.32310370637891733,0.4235854671059383,0.19867484923500064,-0.5091782837276501,0.37072872497087495,0.25493884777101183,-0.5507165427042098,0.38832960785023934,0.023565747433929154,-0.5880913984872145,0.14494648336946225,-0.8225588156959324,-0.385672291421656,0.09131890890257516,0.1664013166052228,-0.5229399017898348,0.08141493899443093,0.12175685478165323,-0.46662339452727264,0.13052380473981295,-0.15725507826010485,-0.43135628340159843,-0.17715620257703318,-0.7788939532940554,-0.4791496312221308,-0.22292352706817714,-0.011269196798471296,-0.5880997977704354,-0.2116889839162023,-0.005196356552688932,-0.5693534428321849,-0.17207775294352123,-0.2294103093474142,-0.5449308628583585
Z,0.0,0.0,0.0,0.3765440417825044,0.2541111549760316,-0.15597055730349954,0.7212184304174171,0.4596296922729994,-0.30498429381777115,0.8301935265406621,0.7305766499631434,-0.4554584417533429,0.5898166374118373,0.7661090045794312,-0.6057023738565162,0.856632463859757,-0.5485937365158385,-0.27725252707180514,0.6764873860998255,0.07254587250355675,-0.5253601827433793,0.6932924933696182,0.14139186314107233,-0.7185914093369129,0.7843615533644736,0.05448052269584515,-0.8484074692039782,0.5444602274575049,-0.7801110989865834,-0.30820404597420076,0.3180923500190592,0.24384158336514802,-0.45959632815496865,0.3425587807929551,0.2457459979035812,-0.5165376743588187,0.4300477143876367,-0.011585584744820167,-0.5824348487731746,0.19741429150123577,-0.8511306297130826,-0.35797419601947317,0.0017079204617662538,0.15128530747648783,-0.4750650487300702,0.029343980109333683,0.09603523702163905,-0.42902072036294026,0.11797296844586509,-0.20694717244844393,-0.40699673906347755,-0.14279066750863206,-0.8525668306430884,-0.43911276638475594,-0.27834974773363824,-0.07444034344735113,-0.5400094214211822,-0.23642636382835536,-0.07527041743459104,-0.5259169159606022,-0.1694483639097808,-0.3010425438551114,-0.5075148349670513
Z,0.0,0.0,0.0,0.2832627569569895,0.1899437059276964,-0.16281016230447065,0.5605770932905355,0.39001584876398465,-0.3285999957263791,0.622336688098768,0.6447377261395573,-0.4975210400218456,0.4739465265612422,0.7668296947282249,-0.6576891597937635,0.8571849500767639,-0.5221839728137869,-0.28239285574438683,0.8075598583940986,0.17037544751008918,-0.5810532019651287,0.7728510177684416,0.5628558145462422,-0.7956367791527152,0.8152277345902897,0.7545491784764922,-0.9200171025307347,0.5709011169686985,-0.7604732288634716,-0.3094388191967172,0.33966548218073706,0.21053593086203617,-0.4848571612041962,0.2879430921138204,0.31406652755504244,-0.5423268132974176,0.3382386777381785,0.1302307943972129,-0.5960895337171931,0.21792011251067045,-0.8432358016514053,-0.3637249789689233,0.021533915866428454,0.0933380056576541,-0.48831388136864595,0.02022937919142926,0.12035439155803652,-0.4372086102597133,0.09569577396240475,-0.11941207574808979,-0.40371940103009224,-0.11496065417992635,-0.8629188293022753,-0.4482170314119109,-0.2573444897458288,-0.12617658685415298,-0.5459866708388901,-0.24384254557421817,-0.049968149626737346,-0.5170542532062469,-0.18703323315749623,-0.23357476090328008,-0.4777651620273574
Z,0.0,0.0,0.0,0.3036020210516025,0.25517032873622114,-0.2245480535272276,0.6170051575776621,0.43128193153905536,-0.39772493033749545,0.6710793518713795,0.688501420530819,-0.5470279634330156,0.4639851671168555,0.7716608706823357,-0.6734884432903924,0.7871603743239163,-0.5440362234418317,-0.3859748090676885,0.5262307635087744,0.2066470952442237,-0.6744905387418504,0.4494315221973347,0.6417433092452576,-0.8550167498410581,0.49953719616037673,0.7709309449764513,-0.9623327547098314,0.48195668314491225,-0.7869276153584285,-0.3853085565598717,0.20866040020301724,0.16086288592957607,-0.5564800406137012,0.2219743332142729,0.2894868523588053,-0.5925959392681073,0.3250635193995339,0.09557299456563999,-0.6413754680237378,0.15022317715992553,-0.8742138298877249,-0.4119160912269639,-0.0769344498326999,0.06055498910386624,-0.5210188015883447,-0.03172893298904565,0.11196066796020944,-0.45349781939192607,0.08467448667085153,-0.13581225234617927,-0.423480776513724,-0.1496930596021256,-0.878548114307024,-0.4760723843332089,-0.29800979661228316,-0.15811985557381852,-0.5671355737880621,-0.23521315038038404,-0.06923036844575745,-0.5443220403047595,-0.12986317756519342,-0.24796641872348102,-0.5232157898271317
Z,0.0,0.0,0.0,0.29176659529937715,0.2559730223045264,-0.2400696092873212,0.5934957705017363,0.42029347792930316,-0.42481574935365546,0.6448455506404602,0.6717286935597698,-0.5829185037419313,0.4560768114932222,0.7893229551035371,-0.7149983723067729,0.7527324452672994,-0.540951261289767,-0.40907484605939054,0.507618049670689,0.18839548291025385,-0.6955889030859901,0.43181863363183365,0.6251446923309448,-0.8630021015449809,0.476944192141718,0.7493818329908937,-0.961006979338622,0.45297542310175926,-0.7945456444691646,-0.40436429728755985,0.1935109480463129,0.11070370411712331,-0.5823771179810158,0.2082630700668279,0.25712795283490486,-0.6114860330495153,0.31002137548579406,0.06390332246106115,-0.6521651186772832,0.13183885554432517,-0.8811698777741801,-0.4269236231495227,-0.0852438420973283,0.012776105047495444,-0.5407461033710119,-0.04006940479450552,0.07871842664164697,-0.46477223061269657,0.07461676176623713,-0.172265094846962,-0.42749524421120844,-0.1566947843359564,-0.8847612132758873,-0.48833514145397816,-0.2974640658256612,-0.19736367883199496,-0.5780205782139697,-0.23518485234814412,-0.09627499355660388,-0.5472761072509316,-0.13241554802227426,-0.27014400832046154,-0.5202607211151542
Z,0.0,0.0,0.0,0.30225666145687585,0.2543581547873795,-0.23297480747320923,0.60147942578618,0.42391670125885283,-0.4115487664872502,0.6420579814306681,0.6836510639081833,-0.5643810801001757,0.4708321520527273,0.8200781484280935,-0.6942382875521864,0.7735459654785561,-0.5194237944548578,-0.3993508170644434,0.5007324665990747,0.2277091290589872,-0.6853282300916397,0.43709063769607975,0.6516723105010845,-0.857805054234864,0.5061752960570095,0.7658051751277548,-0.9601962499042446,0.47539902372393283,-0.7849542359547814,-0.3972941173727304,0.2053944772518626,0.12356524314642735,-0.5742549235270408,0.2124399046945828,0.28391374130799657,-0.602125554988186,0.31353217290970886,0.1093128696242122,-0.6407007663179773,0.14929589792087977,-0.8858479950539673,-0.4225701862716798,-0.08022218176975554,0.014370510654628327,-0.5382977085184979,-0.04236542818909514,0.10630676377287207,-0.4645511846118566,0.0743556079745748,-0.11567988005899242,-0.4266014222478496,-0.1404741528084977,-0.9042620879834398,-0.48604812411188025,-0.2909753399811373,-0.20174723537289319,-0.572202581352507,-0.2358478091451048,-0.07685653233427593,-0.5419909948289938,-0.13521530740923923,-0.22653163108345903,-0.515566381235329
Z,0.0,0.0,0.0,0.3403652928987526,0.23764319038539955,-0.16790643158289736,0.6601301459284383,0.4229453636383025,-0.33697671098083365,0.8202423626905233,0.7558103923957384,-0.5137802688651855,0.9183205918909875,1.0716146676946638,-0.6855826914196003,0.870317451874797,-0.5387999361488466,-0.29785497467872785,0.7914565512083064,0.03753254915855086,-0.5741302115281283,0.7880738597115662,0.36427083275250405,-0.7664878299998686,0.8829369439220918,0.5299606855158308,-0.8781350347437114,0.5590836150648506,-0.7635729542172327,-0.32308180845412177,0.3594374570928634,0.1587577759170231,-0.5029870017675062,0.32108508113385487,0.2713562760466543,-0.5498243506314077,0.3661670286192413,0.12094981952337308,-0.5895195500250192,0.21297409889378038,-0.8519064142593705,-0.37248199536886895,0.03959309407967,0.04503377253559349,-0.5103649100628888,0.039976362043066496,0.08664286036599896,-0.4615547330559202,0.09848526489351507,-0.10879140011502532,-0.42204914259080767,-0.11057760361851861,-0.8865162787426548,-0.45150615262683147,-0.2375755109758454,-0.18151511060679495,-0.5398999379379577,-0.22351695217610923,-0.09815454173155197,-0.5045988375323687,-0.16771202825540735,-0.24770365467931557,-0.46001499984312616
Z,0.0,0.0,0.0,0.43467554578452305,0.121936260605679,-0.12740292010157114,0.7456981882107755,0.33371452030270543,-0.3088271869428597,0.8031397755860589,0.698185296964002,-0.5053255087644367,0.6340160900606857,0.8924502696799614,-0.7098627138596968,0.9747234631394652,-0.4871206954034431,-0.2994567891469532,1.0752354406320386,0.1438656707816161,-0.5828402370548466,1.2087586763422336,0.5694505910373518,-0.8095608178342992,1.339009801958741,0.9217983181906916,-0.9586884192456603,0.6569011291906063,-0.6617176985109449,-0.3614008770679516,0.5904414036816542,0.37188359938845833,-0.5707138124174609,0.450836911691589,0.49424523015231125,-0.6309215000974419,0.40505146361157945,0.35850396323159905,-0.6832717306918085,0.2879809972908323,-0.6848347388452991,-0.44148337786531194,0.25827238110696255,0.34037380644107085,-0.6036182088448576,0.19072846017532108,0.31083675068232397,-0.548502552971679,0.19318306199626806,0.055741768344767996,-0.5047363150162922,-0.056445456868153374,-0.6337336176900233,-0.5475209095585593,-0.01765846947157656,0.15727646197935724,-0.6655316869381895,-0.047830257263223604,0.1429933296369235,-0.6193505179139119,-0.0686382936676856,-0.09581836673358207,-0.567031753910836
Z,0.0,0.0,0.0,0.44117772731152,0.1330532501023391,-0.1524150750425001,0.7710682115768861,0.4007376766553202,-0.3492430877818852,0.8123314682015714,0.8436408730934144,-0.5584125540707907,0.5806233487185555,1.0740447787653875,-0.7752543022841546,1.0303718865796834,-0.4323768695328629,-0.3276593833874814,1.1857020278442778,0.3240232457462614,-0.6561659071999666,1.2976695304288786,0.7949977197462265,-0.919659268525621,1.3747638495193741,1.1850148737834818,-1.088195120443375,0.6778395611023817,-0.618108177278509,-0.39809020408190127,0.6472067386703995,0.4950496864082837,-0.6490604699213122,0.5366503149932528,0.633225566616022,-0.7410528176299127,0.5022535429934719,0.5385256250722146,-0.8145654323600382,0.2630752085451799,-0.6342399806709899,-0.4901267916422421,0.2359811146175915,0.5129313195729722,-0.6692583753235419,0.17285762579794967,0.44734188992646035,-0.6146082544709738,0.18060614964871877,0.1764823060142959,-0.5680707457035614,-0.12588708357265938,-0.5658102376340504,-0.6131756301811787,-0.10008755112482486,0.3005630247314847,-0.7312636875268617,-0.09367702424460914,0.24872494972771272,-0.6803744711613878,-0.0811453106054293,-0.022657698613338603,-0.6264876888415736
Z,0.0,0.0,0.0,0.43557860737898674,0.08918525312592776,-0.1250118575845901,0.7811761055536958,0.3174480490219144,-0.30553702456078163,0.8732832843035409,0.7042817277569057,-0.5043021074364067,0.8059011671061236,0.9680860623261723,-0.7135842929411548,1.0256979156223964,-0.44692266957511073,-0.30116697075147786,1.217798086149866,0.1964656912558987,-0.5924268927148651,1.426439086480319,0.5618442435965029,-0.8309676575699876,1.6313402404738866,0.895792707001556,-0.9919950333195073,0.689031788309939,-0.6216262957075305,-0.3725801164626762,0.6832541309659583,0.5242251338814692,-0.6012246196144676,0.5621015915131364,0.5242552816000562,-0.666073782296258,0.5400826153964817,0.29387865001532004,-0.7187029058645036,0.2957087039182401,-0.6155355827060488,-0.463267130128433,0.3169198085614559,0.4573692909889504,-0.633580112433601,0.26094619977018546,0.3333040013048246,-0.545968384525443,0.2746216855370344,0.04554883355031987,-0.47460840693751366,-0.06778627139586568,-0.5387886665762602,-0.5833005993750106,0.02510300034340932,0.26541090212353124,-0.7242528168561155,0.03652330568291628,0.19129688675033715,-0.6657327635374591,0.04000798872045693,-0.06057812665110648,-0.5931649110504913
Z,0.0,0.0,0.0,0.3991333460102609,0.07254606571075642,-0.1723005926787696,0.7062464325319443,0.2862002240411341,-0.37603155572730534,0.7767394744601439,0.6544597483133731,-0.5854202036257963,0.7302565068675732,0.9173515561889983,-0.8011947492343261,0.9675275522824893,-0.46451452254791525,-0.36627845327184144,1.1781390362438215,0.1949402559092427,-0.6723082270027605,1.4061320265742112,0.5325225520690049,-0.918688810981622,1.6245203835934292,0.8424286907904561,-1.0848726145463923,0.643587819032267,-0.643680511202206,-0.4140895056527714,0.631448162654855,0.5169231065578217,-0.6712341834289901,0.5127383784298528,0.49142974193998235,-0.7484234801641348,0.5024825287340625,0.2525283921500685,-0.806936705817271,0.2629198310897929,-0.628800400042387,-0.48353027588897696,0.2635607004414877,0.4526499247957178,-0.6712070224675661,0.2181214897950677,0.30557978558034293,-0.6005447634384313,0.25911492529538815,0.021429136310791214,-0.5412952278330411,-0.09228755783909935,-0.5460400883307199,-0.5852312086025543,-0.02564080983699822,0.24914060112038947,-0.7341787953855666,-0.009350268751804442,0.1512296464505929,-0.6933116799121863,0.014565388908398062,-0.10219979981655747,-0.6369595829793384
Z,0.0,0.0,0.0,0.4006735006374105,0.048447032200569104,-0.07746247643638551,0.739218336672614,0.20817360922251854,-0.22935394195498449,0.859143090295841,0.5130191796936379,-0.4025206679663554,0.7683777825167002,0.721285071211929,-0.5884943241420769,0.934707431519851,-0.46212295190166414,-0.26580417794845,1.2211176582770142,0.05464754221779652,-0.5142265785006722,1.4749319012392554,0.3332935432763996,-0.6990217291502431,1.7146547158423604,0.5585968581383632,-0.8249564161639933,0.6626510120220928,-0.6610040076585586,-0.352089957433353,0.7244138711679639,0.3300503680173415,-0.5907630120437103,0.5814406366088447,0.4575989687620846,-0.6498648368959107,0.519088500260731,0.32165072396865246,-0.6801744877103995,0.3242447949438865,-0.6625724156600153,-0.4484876623463712,0.3658562898037763,0.2947852361252011,-0.6426237071345106,0.31401416848013364,0.31170144119900284,-0.5907047001905024,0.3316801672070876,0.09276599577202364,-0.532239320133458,0.0061770484166072635,-0.5804736276366177,-0.5604653364212048,0.08361597153016696,0.11330388992822187,-0.6852310491840562,0.08909073603487787,0.15708010847199702,-0.6350657968864039,0.0975547039719338,-0.010897522461380505,-0.5744110095864884
Z,0.0,0.0,0.0,0.4258298831771987,0.04555050169507146,-0.07013621631776536,0.7845130434327053,0.21113016284161526,-0.2188491331727683,0.9002406072322667,0.5382179586181455,-0.391840730466996,0.7996571699725445,0.7666401575117349,-0.5766073607257886,0.9576823965231763,-0.4560448328440546,-0.255902688693948,1.245626568240572,0.06924861860675643,-0.5061655697200997,1.489303645569461,0.3537411557116812,-0.6924755555292976,1.7214479846043613,0.5851166056881709,-0.819862694438377,0.6801130480488519,-0.6445465508578359,-0.3492935522607984,0.7359993309519044,0.3626937333907496,-0.5938330153584065,0.6012013265631954,0.5023893220486662,-0.6616221889110931,0.5509972533182307,0.3660055337754993,-0.6971796725710487,0.33981330808133803,-0.644003747053647,-0.45148022778418634,0.38256154778839924,0.3198582466869051,-0.6505028280830284,0.3306203031759739,0.3434065696680396,-0.6012334231500657,0.3529274479905395,0.11466844900070942,-0.5424494643058996,0.025893036221173563,-0.5615895964710907,-0.5688475570575394,0.09876897859830727,0.13746023295494153,-0.694274078666186,0.10708772078932843,0.1829210973245506,-0.6418532245640228,0.12113050339032001,0.005299358681335355,-0.5780127245934961
Z,0.0,0.0,0.0,0.3663964921409209,0.07090820594621772,-0.18791544900795185,0.6611600163681028,0.18748638780509816,-0.38794767039740014,0.7659282079494005,0.44186068663586026,-0.5804760052347399,0.7922866878375417,0.6257727255191325,-0.7766197983941683,0.8504525253558846,-0.532297976748197,-0.3937730893047548,1.0520576113461124,0.08124912724945783,-0.6833953457897818,1.2787012887541858,0.4102974425577352,-0.9162477642025062,1.5066832030367958,0.6716445338784468,-1.082157326096432,0.5713034931378304,-0.7023334366066508,-0.4246646471662135,0.5975301437302833,0.2822463226296129,-0.6871957091584137,0.45810181653765497,0.34993677690164593,-0.7762821478682977,0.3909368844957866,0.18354626743351066,-0.8475832489922857,0.24942940388780094,-0.7004642926441828,-0.47276922696660967,0.2870687619181827,0.2681116693103605,-0.6745553538693354,0.20697698021014635,0.2215872959654301,-0.626996489515728,0.1904396831312,-0.02897492244507873,-0.5919068616377332,-0.05896140039353324,-0.6278863819120302,-0.5495546561462865,0.03707973170102998,0.08358296449324792,-0.7014974426478067,-0.008892195124903845,0.07946574213289904,-0.6729983322181416,-0.04478486484720894,-0.13865171103920854,-0.6383075826932132
Z,0.0,0.0,0.0,0.27863071133998135,0.16835522476411663,-0.1958857393255017,0.5528054951890482,0.3586571495537883,-0.3913393613862846,0.5870958199809119,0.6187907738279401,-0.5853779867010348,0.3644178592345478,0.6804758472326077,-0.7763672792643778,0.7767184875311149,-0.5180948419621342,-0.3628547597400049,0.8137077953422525,-0.09043286188582199,-0.7044219238758586,0.969911006710597,0.1759568229455137,-0.950484278216868,1.1586498287960705,0.3722143130001626,-1.0964346591546597,0.48341906403229146,-0.7824374279607309,-0.39255277333925337,0.30712058483349275,0.14288246999397647,-0.6577633892608845,0.23772239340214218,0.2898210181426787,-0.7180575567406431,0.28165796823110584,0.11602200282176961,-0.7427167742394226,0.1259434165484685,-0.8349551645561873,-0.45157460076597733,-0.031201225077444245,0.11847706152489994,-0.6552889666573455,-0.025473363060205343,0.15286572654397027,-0.5750824745842406,0.075677569774367,-0.08912949903946242,-0.49249513519595917,-0.21036819746035137,-0.8023794066947556,-0.5444707332708097,-0.3213231440390398,-0.05754180700726376,-0.6970623744495706,-0.29285283720929217,0.004110013207173089,-0.6546821466264738,-0.2190562016981882,-0.1831206550433249,-0.5864068079646361
Z,0.0,0.0,0.0,0.2708250111945511,0.1807136337308946,-0.21240918684300045,0.5372674199849682,0.31427366978286764,-0.39653341745846615,0.581824257403644,0.48425023133828415,-0.5739050511058895,0.35537518358917114,0.5338001376082395,-0.7384153184204948,0.717627795613208,-0.5998239061549264,-0.33588380846609067,0.7271612086651321,-0.25823224250561083,-0.6725078630937982,0.824656079099752,0.056311733316042625,-0.9095455685484046,0.9618181709045338,0.27168110686514385,-1.0397355109117516,0.4422916727531057,-0.8268616169260529,-0.34738730930719564,0.3041842690991994,0.04385108049999204,-0.6021588657386394,0.25297873834168094,0.23272476759838986,-0.6697517950083761,0.285383572957695,0.10127858551265195,-0.6974038749901772,0.1094832469694211,-0.8464204607634215,-0.3928225464410971,-0.009788723179850353,0.06731000009079692,-0.570677893124571,0.0032233615481895525,0.1382824192211539,-0.5069446075954466,0.08147221423527169,-0.05716365291019342,-0.4395189586604571,-0.19871612980702374,-0.7846179462128855,-0.4742112866029446,-0.2624924099413342,-0.08022356737913891,-0.5933379957296171,-0.23148921843655218,0.014182335240058548,-0.5566814881970059,-0.17462928017667992,-0.13256461128554553,-0.49741589262951963
Z,0.0,0.0,0.0,0.23734742226571304,0.128429580895743,-0.18231494746643123,0.490007445103756,0.2381728789731235,-0.3549345307306617,0.5629868351891332,0.3379060835288919,-0.5260357940766771,0.3658884847265917,0.3629258577302062,-0.685635083429889,0.6637156247175902,-0.6580617658146676,-0.279294420873281,0.6363114130591326,-0.3737245996699502,-0.5710100639724074,0.7010866053083653,-0.12801641225149615,-0.7617247299302535,0.8267886743569426,-0.001196533575879388,-0.8664352429427066,0.4166103073524992,-0.8590038527054645,-0.2975705510376067,0.30357610165090876,-0.15805725978933113,-0.5072883108730308,0.23545945642328928,0.05457771107311141,-0.5495328674688873,0.26967918954965325,-0.07139082181124824,-0.5679518058703842,0.12652241838570505,-0.8818526423042081,-0.34721694200110464,0.023823945090301495,-0.13886975021839978,-0.5016216395153473,0.0011764563271819714,-0.03494462747407072,-0.4451445150457304,0.051872213753026156,-0.21711519129764945,-0.39488785937703386,-0.1513235443040558,-0.8272323111066688,-0.42710651602083444,-0.22302653210930556,-0.2512997011806846,-0.5197178889788983,-0.21000626021281407,-0.13126223412424523,-0.48429594252866814,-0.16687011527019727,-0.25360083566735525,-0.43945014941297966
Z,0.0,0.0,0.0,0.20544242024700207,0.15123905775629964,-0.21041894673195405,0.4519753380215854,0.25795552079116313,-0.3912762906059182,0.4755653543607602,0.28779173501324645,-0.563315858471697,0.2721987594698397,0.25176813766564204,-0.7151112278858982,0.6308984844180868,-0.6601940620865272,-0.2805447048092235,0.5969341100626168,-0.48676877084905806,-0.563801963324609,0.6179661260076684,-0.20794178250463077,-0.726268943718118,0.6872681021621152,-0.04473383330953057,-0.8058401443022688,0.395287626049164,-0.8732262353499112,-0.28499760453210443,0.24436118727357262,-0.2661449017394686,-0.5056427785369187,0.19721630215294111,0.03731328310869584,-0.5406944752652619,0.2520471986766698,-0.029665245197605595,-0.5390703136879466,0.1154062109731952,-0.9071104238199341,-0.3244000478743075,-0.03580838478941626,-0.22802145859432704,-0.49989774243805524,-0.026250986713949286,-0.02999764571833609,-0.4354196361147408,0.05063579707187392,-0.14844491522816128,-0.3659931201530782,-0.15467080170836844,-0.8611224055488162,-0.3934653741096716,-0.25569318377201494,-0.3405328531303422,-0.5021030750639698,-0.22275356383805303,-0.16647331626591072,-0.4625990747082598,-0.15130078675842257,-0.25081685753564503,-0.4047963108827556
Z,0.0,0.0,0.0,0.20181891000923835,0.10857532814327883,-0.2122118879035264,0.43780436828375274,0.17015010808234163,-0.37151917598955864,0.40878922226436265,0.13561402300421854,-0.5113392448046373,0.1955943422038141,0.10777127223941292,-0.6270752368145727,0.5724818162418875,-0.6747093976421265,-0.2634117960883853,0.5685003344955206,-0.5844726431807649,-0.5003926846725979,0.5519906846378259,-0.34752458501657457,-0.6243596321996197,0.5657967843326609,-0.22037550162934633,-0.6836947188889893,0.36224466763866947,-0.8972867926333106,-0.2522998464787014,0.2083174571496574,-0.4100554187190109,-0.46837242761099407,0.17213845403126818,-0.056057832420758034,-0.5182007826316011,0.22022709615622413,-0.04664130956567388,-0.5218904029418547,0.1086304912319972,-0.9479965995266872,-0.27101885387883473,-0.05849099563500835,-0.3505319712368324,-0.456831287616763,-0.03074468048694916,-0.06475619732199214,-0.43315338996559805,0.06465968187443714,-0.09842404252616312,-0.38609923537343066,-0.13794117090469463,-0.9158094561597785,-0.31282373365381555,-0.25461198168292526,-0.4609424500074017,-0.42760534834735725,-0.21708575383919437,-0.22412866726321765,-0.4116822553555933,-0.12876813201573348,-0.24178069599147647,-0.3710370378212308
Z,0.0,0.0,0.0,0.19359402331069792,0.08087940202707475,-0.1982453823524806,0.42660200043774443,0.11446431899548831,-0.34981237234788976,0.4057086620510094,0.05255434857748583,-0.48062726284572815,0.20609851355712297,0.012260763252511943,-0.5900839185198943,0.5319750615447046,-0.7550113961009456,-0.25682005505626704,0.5194853335018664,-0.5718707452291214,-0.47668601809882377,0.49829539533082057,-0.33915620455704565,-0.5945591633863426,0.5183221321131167,-0.2958618247662231,-0.65582758048724,0.31404230697441776,-0.9173986482506485,-0.24445275539062467,0.20766571729301425,-0.4454918215917592,-0.42754460060977395,0.16972700470960017,-0.13500246068775665,-0.4662182223845067,0.1989370372007463,-0.18018926459757215,-0.4749303326564221,0.07718742010042855,-0.9375354990209239,-0.25797195884023094,-0.04021728883398687,-0.3978659401260468,-0.41016214354496816,-0.033693901195914255,-0.16320399365835375,-0.3763350435886289,0.018606929130177398,-0.2458092177925129,-0.3366046062035464,-0.14680363737758073,-0.8896363661541248,-0.2937249238257292,-0.2314464221935482,-0.4659514825894486,-0.3831508508972416,-0.19743844758458767,-0.26742409653823673,-0.36087374421765467,-0.13324651163457665,-0.31750216078139765,-0.3256416741301487
